frame,timestamp_ms,pose_present,left_hand_present,right_hand_present,pose_score,left_hand_score,right_hand_score,pose_lm0_x,pose_lm0_y,pose_lm0_z,pose_lm0_vis,pose_lm1_x,pose_lm1_y,pose_lm1_z,pose_lm1_vis,pose_lm2_x,pose_lm2_y,pose_lm2_z,pose_lm2_vis,pose_lm3_x,pose_lm3_y,pose_lm3_z,pose_lm3_vis,pose_lm4_x,pose_lm4_y,pose_lm4_z,pose_lm4_vis,pose_lm5_x,pose_lm5_y,pose_lm5_z,pose_lm5_vis,pose_lm6_x,pose_lm6_y,pose_lm6_z,pose_lm6_vis,pose_lm7_x,pose_lm7_y,pose_lm7_z,pose_lm7_vis,pose_lm8_x,pose_lm8_y,pose_lm8_z,pose_lm8_vis,pose_lm9_x,pose_lm9_y,pose_lm9_z,pose_lm9_vis,pose_lm10_x,pose_lm10_y,pose_lm10_z,pose_lm10_vis,pose_lm11_x,pose_lm11_y,pose_lm11_z,pose_lm11_vis,pose_lm12_x,pose_lm12_y,pose_lm12_z,pose_lm12_vis,pose_lm13_x,pose_lm13_y,pose_lm13_z,pose_lm13_vis,pose_lm14_x,pose_lm14_y,pose_lm14_z,pose_lm14_vis,pose_lm15_x,pose_lm15_y,pose_lm15_z,pose_lm15_vis,pose_lm16_x,pose_lm16_y,pose_lm16_z,pose_lm16_vis,pose_lm17_x,pose_lm17_y,pose_lm17_z,pose_lm17_vis,pose_lm18_x,pose_lm18_y,pose_lm18_z,pose_lm18_vis,pose_lm19_x,pose_lm19_y,pose_lm19_z,pose_lm19_vis,pose_lm20_x,pose_lm20_y,pose_lm20_z,pose_lm20_vis,pose_lm21_x,pose_lm21_y,pose_lm21_z,pose_lm21_vis,pose_lm22_x,pose_lm22_y,pose_lm22_z,pose_lm22_vis,pose_lm23_x,pose_lm23_y,pose_lm23_z,pose_lm23_vis,pose_lm24_x,pose_lm24_y,pose_lm24_z,pose_lm24_vis,pose_lm25_x,pose_lm25_y,pose_lm25_z,pose_lm25_vis,pose_lm26_x,pose_lm26_y,pose_lm26_z,pose_lm26_vis,pose_lm27_x,pose_lm27_y,pose_lm27_z,pose_lm27_vis,pose_lm28_x,pose_lm28_y,pose_lm28_z,pose_lm28_vis,pose_lm29_x,pose_lm29_y,pose_lm29_z,pose_lm29_vis,pose_lm30_x,pose_lm30_y,pose_lm30_z,pose_lm30_vis,pose_lm31_x,pose_lm31_y,pose_lm31_z,pose_lm31_vis,pose_lm32_x,pose_lm32_y,pose_lm32_z,pose_lm32_vis,left_lm0_x,left_lm0_y,left_lm0_z,left_lm1_x,left_lm1_y,left_lm1_z,left_lm2_x,left_lm2_y,left_lm2_z,left_lm3_x,left_lm3_y,left_lm3_z,left_lm4_x,left_lm4_y,left_lm4_z,left_lm5_x,left_lm5_y,left_lm5_z,left_lm6_x,left_lm6_y,left_lm6_z,left_lm7_x,left_lm7_y,left_lm7_z,left_lm8_x,left_lm8_y,left_lm8_z,left_lm9_x,left_lm9_y,left_lm9_z,left_lm10_x,left_lm10_y,left_lm10_z,left_lm11_x,left_lm11_y,left_lm11_z,left_lm12_x,left_lm12_y,left_lm12_z,left_lm13_x,left_lm13_y,left_lm13_z,left_lm14_x,left_lm14_y,left_lm14_z,left_lm15_x,left_lm15_y,left_lm15_z,left_lm16_x,left_lm16_y,left_lm16_z,left_lm17_x,left_lm17_y,left_lm17_z,left_lm18_x,left_lm18_y,left_lm18_z,left_lm19_x,left_lm19_y,left_lm19_z,left_lm20_x,left_lm20_y,left_lm20_z,right_lm0_x,right_lm0_y,right_lm0_z,right_lm1_x,right_lm1_y,right_lm1_z,right_lm2_x,right_lm2_y,right_lm2_z,right_lm3_x,right_lm3_y,right_lm3_z,right_lm4_x,right_lm4_y,right_lm4_z,right_lm5_x,right_lm5_y,right_lm5_z,right_lm6_x,right_lm6_y,right_lm6_z,right_lm7_x,right_lm7_y,right_lm7_z,right_lm8_x,right_lm8_y,right_lm8_z,right_lm9_x,right_lm9_y,right_lm9_z,right_lm10_x,right_lm10_y,right_lm10_z,right_lm11_x,right_lm11_y,right_lm11_z,right_lm12_x,right_lm12_y,right_lm12_z,right_lm13_x,right_lm13_y,right_lm13_z,right_lm14_x,right_lm14_y,right_lm14_z,right_lm15_x,right_lm15_y,right_lm15_z,right_lm16_x,right_lm16_y,right_lm16_z,right_lm17_x,right_lm17_y,right_lm17_z,right_lm18_x,right_lm18_y,right_lm18_z,right_lm19_x,right_lm19_y,right_lm19_z,right_lm20_x,right_lm20_y,right_lm20_z
0,0,1,0,0,1.0,0.0,0.0,0.5027381181716919,0.23796619474887848,-0.9404237866401672,0.99945467710495,0.5262300968170166,0.2045353502035141,-0.8974567651748657,0.9989662170410156,0.5392325520515442,0.20637893676757812,-0.8977128267288208,0.998908519744873,0.549639105796814,0.20821809768676758,-0.8978025317192078,0.9988833069801331,0.4848605990409851,0.2051868438720703,-0.8966777920722961,0.9990599751472473,0.472026526927948,0.20682144165039062,-0.8967522382736206,0.9990399479866028,0.46046409010887146,0.20936168730258942,-0.8972576260566711,0.9991781115531921,0.575098991394043,0.24122637510299683,-0.5886444449424744,0.9986042380332947,0.45059043169021606,0.24267496168613434,-0.5768951177597046,0.9989664554595947,0.5334926843643188,0.2876809239387512,-0.8213921785354614,0.9996961355209351,0.4776495397090912,0.28678470849990845,-0.8183566331863403,0.9997228980064392,0.6798222064971924,0.5319114923477173,-0.37140145897865295,0.9954166412353516,0.36410146951675415,0.5169816017150879,-0.34312960505485535,0.9973428845405579,0.6924316883087158,0.8704303503036499,-0.26840564608573914,0.8146607875823975,0.32029300928115845,0.8191200494766235,-0.20926328003406525,0.8094922304153442,0.6230663657188416,1.0575826168060303,-0.5265926122665405,0.40377965569496155,0.34386593103408813,1.041837215423584,-0.4973607063293457,0.3517593741416931,0.6170746684074402,1.1666381359100342,-0.6093219518661499,0.33131349086761475,0.34777453541755676,1.1347306966781616,-0.5872359871864319,0.2829674780368805,0.5971786975860596,1.1428014039993286,-0.670444667339325,0.3962041735649109,0.3604392409324646,1.1063839197158813,-0.6590204834938049,0.3504519462585449,0.5918796062469482,1.1077648401260376,-0.5573276877403259,0.39145344495773315,0.36739304661750793,1.0749651193618774,-0.5338049530982971,0.34072548151016235,0.5882323980331421,1.1045070886611938,-0.030571814626455307,0.19555842876434326,0.3934983015060425,1.0879597663879395,0.0322386808693409,0.19908417761325836,0.5553402304649353,1.508269190788269,0.05112289637327194,0.05816663056612015,0.3701327443122864,1.4753990173339844,0.056767046451568604,0.050356049090623856,0.543745756149292,1.8737335205078125,0.5938349366188049,0.004423228558152914,0.3608987629413605,1.8552310466766357,0.4843808114528656,0.005168667528778315,0.5457697510719299,1.930605411529541,0.6237456798553467,0.0021754091139882803,0.3611047565937042,1.9159249067306519,0.5125669240951538,0.00733174430206418,0.511000394821167,1.9994969367980957,0.22490844130516052,0.0035090413875877857,0.3722108006477356,1.9811915159225464,0.08874674141407013,0.010542836040258408,nan,nan,nan,nan,nan,nan,nan,nan,nan,nan,nan,nan,nan,nan,nan,nan,nan,nan,nan,nan,nan,nan,nan,nan,nan,nan,nan,nan,nan,nan,nan,nan,nan,nan,nan,nan,nan,nan,nan,nan,nan,nan,nan,nan,nan,nan,nan,nan,nan,nan,nan,nan,nan,nan,nan,nan,nan,nan,nan,nan,nan,nan,nan,nan,nan,nan,nan,nan,nan,nan,nan,nan,nan,nan,nan,nan,nan,nan,nan,nan,nan,nan,nan,nan,nan,nan,nan,nan,nan,nan,nan,nan,nan,nan,nan,nan,nan,nan,nan,nan,nan,nan,nan,nan,nan,nan,nan,nan,nan,nan,nan,nan,nan,nan,nan,nan,nan,nan,nan,nan,nan,nan,nan,nan,nan,nan
1,1,1,0,0,1.0,0.0,0.0,0.5037240982055664,0.23819628357887268,-0.8661470413208008,0.9994229674339294,0.5275734663009644,0.205064594745636,-0.8238388299942017,0.9988752007484436,0.5417168736457825,0.20700599253177643,-0.8241801261901855,0.9988426566123962,0.5529146194458008,0.2089398205280304,-0.8242192268371582,0.9988052845001221,0.48505061864852905,0.2053328901529312,-0.818596363067627,0.9989786744117737,0.47224360704421997,0.20690074563026428,-0.8184793591499329,0.9989814758300781,0.46143755316734314,0.20936225354671478,-0.8190284967422485,0.9991012811660767,0.5773018598556519,0.24266929924488068,-0.5288459658622742,0.9985363483428955,0.45066696405410767,0.2429807335138321,-0.4869077801704407,0.9989069104194641,0.534298300743103,0.28881973028182983,-0.7553537487983704,0.9996803998947144,0.4779171049594879,0.28793108463287354,-0.7442405819892883,0.9996991157531738,0.6806199550628662,0.5316815376281738,-0.3545181453227997,0.9955891966819763,0.3643980622291565,0.517960786819458,-0.2783983051776886,0.997412919998169,0.6937873363494873,0.8714513778686523,-0.2683984041213989,0.8146793246269226,0.3211755156517029,0.8333657383918762,-0.11082334816455841,0.8096866011619568,0.6219768524169922,1.0605676174163818,-0.5253893733024597,0.3933073878288269,0.3445280194282532,1.0608066320419312,-0.35562795400619507,0.34136518836021423,0.6159361600875854,1.1591628789901733,-0.6090620160102844,0.31974920630455017,0.34798529744148254,1.15684175491333,-0.43189287185668945,0.2744474411010742,0.5963732004165649,1.1522247791290283,-0.6667302846908569,0.38209640979766846,0.36100706458091736,1.1322280168533325,-0.5050088167190552,0.3394174873828888,0.5918713808059692,1.1143471002578735,-0.5550671815872192,0.3812103867530823,0.3677622973918915,1.095367670059204,-0.39227017760276794,0.33410096168518066,0.5990927219390869,1.1073797941207886,-0.04028809070587158,0.19367434084415436,0.400775671005249,1.0694903135299683,0.042273443192243576,0.19896413385868073,0.5737543106079102,1.5319486856460571,0.058715105056762695,0.05250496789813042,0.3764040172100067,1.5108764171600342,0.13619577884674072,0.045455172657966614,0.5503957867622375,1.9064639806747437,0.627643883228302,0.004001257475465536,0.3617393672466278,1.8925834894180298,0.5854754447937012,0.004675806034356356,0.5525641441345215,1.9604061841964722,0.6611003279685974,0.0019724126905202866,0.36115869879722595,1.951688528060913,0.6185060739517212,0.006644746754318476,0.5131865739822388,2.0404348373413086,0.24001583456993103,0.0031770041678100824,0.3743237555027008,2.020662307739258,0.17039290070533752,0.009553960524499416,nan,nan,nan,nan,nan,nan,nan,nan,nan,nan,nan,nan,nan,nan,nan,nan,nan,nan,nan,nan,nan,nan,nan,nan,nan,nan,nan,nan,nan,nan,nan,nan,nan,nan,nan,nan,nan,nan,nan,nan,nan,nan,nan,nan,nan,nan,nan,nan,nan,nan,nan,nan,nan,nan,nan,nan,nan,nan,nan,nan,nan,nan,nan,nan,nan,nan,nan,nan,nan,nan,nan,nan,nan,nan,nan,nan,nan,nan,nan,nan,nan,nan,nan,nan,nan,nan,nan,nan,nan,nan,nan,nan,nan,nan,nan,nan,nan,nan,nan,nan,nan,nan,nan,nan,nan,nan,nan,nan,nan,nan,nan,nan,nan,nan,nan,nan,nan,nan,nan,nan,nan,nan,nan,nan,nan,nan
2,2,1,0,0,1.0,0.0,0.0,0.5042943954467773,0.23819689452648163,-0.8648732304573059,0.9993917942047119,0.5282025337219238,0.20520146191120148,-0.8227313160896301,0.998780369758606,0.5428892970085144,0.2071860283613205,-0.8230664134025574,0.9987724423408508,0.5546557307243347,0.20918937027454376,-0.8231018781661987,0.9987196326255798,0.4850955009460449,0.2053362876176834,-0.8178941607475281,0.9989026784896851,0.47233811020851135,0.20689110457897186,-0.8177759051322937,0.9989297389984131,0.4619010090827942,0.20925401151180267,-0.8183333277702332,0.9990345239639282,0.5783815979957581,0.24318991601467133,-0.5279325842857361,0.9984515905380249,0.45065465569496155,0.24303512275218964,-0.4876411557197571,0.9988548159599304,0.5346858501434326,0.2893487811088562,-0.7542210817337036,0.9996609687805176,0.478045791387558,0.2883639633655548,-0.7435153722763062,0.9996747374534607,0.6811103224754333,0.5316562056541443,-0.35336676239967346,0.9956426620483398,0.36442744731903076,0.519005537033081,-0.2847456932067871,0.9974688291549683,0.6943072080612183,0.8725177049636841,-0.2674344480037689,0.8121953010559082,0.3217231333255768,0.8403843641281128,-0.12773235142230988,0.8111273050308228,0.6217085123062134,1.0623481273651123,-0.5149134993553162,0.3800763785839081,0.3448339104652405,1.0717812776565552,-0.37661468982696533,0.33372241258621216,0.6159834265708923,1.1562440395355225,-0.5979928970336914,0.3068320155143738,0.34800681471824646,1.168478012084961,-0.45485156774520874,0.2680213451385498,0.5963674783706665,1.1595933437347412,-0.6538044810295105,0.36645665764808655,0.36114490032196045,1.1445128917694092,-0.5273170471191406,0.33066922426223755,0.5921158790588379,1.12030029296875,-0.5443242192268372,0.3693963885307312,0.3678777813911438,1.1064682006835938,-0.41316747665405273,0.3296116590499878,0.6042345762252808,1.109331727027893,-0.041914552450180054,0.19209738075733185,0.40453189611434937,1.0612205266952515,0.04392464458942413,0.19987401366233826,0.5797353386878967,1.5419347286224365,0.0684807300567627,0.04741381108760834,0.3790275752544403,1.5223575830459595,0.14592735469341278,0.04105636477470398,0.5532158017158508,1.9182993173599243,0.6430241465568542,0.003623300464823842,0.361819326877594,1.9048411846160889,0.5951982736587524,0.004235354717820883,0.5554654598236084,1.9715876579284668,0.6767301559448242,0.001790949609130621,0.36097627878189087,1.963578701019287,0.6284408569335938,0.00603035744279623,0.5139710903167725,2.054002523422241,0.2512865960597992,0.0028793688397854567,0.3747836947441101,2.0341343879699707,0.17943885922431946,0.008668799884617329,nan,nan,nan,nan,nan,nan,nan,nan,nan,nan,nan,nan,nan,nan,nan,nan,nan,nan,nan,nan,nan,nan,nan,nan,nan,nan,nan,nan,nan,nan,nan,nan,nan,nan,nan,nan,nan,nan,nan,nan,nan,nan,nan,nan,nan,nan,nan,nan,nan,nan,nan,nan,nan,nan,nan,nan,nan,nan,nan,nan,nan,nan,nan,nan,nan,nan,nan,nan,nan,nan,nan,nan,nan,nan,nan,nan,nan,nan,nan,nan,nan,nan,nan,nan,nan,nan,nan,nan,nan,nan,nan,nan,nan,nan,nan,nan,nan,nan,nan,nan,nan,nan,nan,nan,nan,nan,nan,nan,nan,nan,nan,nan,nan,nan,nan,nan,nan,nan,nan,nan,nan,nan,nan,nan,nan,nan
3,3,1,0,0,1.0,0.0,0.0,0.5043472647666931,0.23788677155971527,-0.8441325426101685,0.9993435740470886,0.5282754302024841,0.2051992565393448,-0.8013642430305481,0.9986491203308105,0.5431508421897888,0.2071884423494339,-0.8017250895500183,0.9986672401428223,0.5553228855133057,0.2092089205980301,-0.801733672618866,0.9986022114753723,0.485027551651001,0.2052619457244873,-0.7950602769851685,0.9987854957580566,0.47234025597572327,0.2067483514547348,-0.7949256896972656,0.9988343119621277,0.46197304129600525,0.20891918241977692,-0.79549640417099,0.9989238977432251,0.5786094069480896,0.24333523213863373,-0.5086901783943176,0.9983195066452026,0.4504902958869934,0.24303656816482544,-0.4616266191005707,0.9987373948097229,0.5346997976303101,0.28936392068862915,-0.735105574131012,0.9996302723884583,0.4780162274837494,0.28836318850517273,-0.7224671840667725,0.9996354579925537,0.6811362504959106,0.5315148234367371,-0.34663867950439453,0.9957002401351929,0.36438027024269104,0.519399881362915,-0.2591969966888428,0.9974800944328308,0.6942821741104126,0.8728296160697937,-0.26743942499160767,0.8081885576248169,0.3219487965106964,0.8434633016586304,-0.10758879035711288,0.8101337552070618,0.6207977533340454,1.0651763677597046,-0.5189777612686157,0.3694050908088684,0.3450932204723358,1.0753575563430786,-0.37127023935317993,0.32658207416534424,0.6160084009170532,1.1719294786453247,-0.6060596704483032,0.2972145974636078,0.34803053736686707,1.1719292402267456,-0.45127978920936584,0.2626489996910095,0.5963440537452698,1.1628990173339844,-0.662074863910675,0.3547743558883667,0.3611617684364319,1.1480388641357422,-0.5266134738922119,0.3234381377696991,0.5921441316604614,1.1229969263076782,-0.5491498708724976,0.3609188199043274,0.36790457367897034,1.109907627105713,-0.40970396995544434,0.32616958022117615,0.6032664775848389,1.0850027799606323,-0.046180710196495056,0.19008749723434448,0.40613651275634766,1.057632565498352,0.04826695844531059,0.19965381920337677,0.5822592377662659,1.5434587001800537,0.06815601140260696,0.042827967554330826,0.3813961148262024,1.5247071981430054,0.14484816789627075,0.03708936646580696,0.5553702712059021,1.9200977087020874,0.6350653171539307,0.0032819160260260105,0.36254674196243286,1.907623529434204,0.5899730324745178,0.003836443880572915,0.5577479600906372,1.973190426826477,0.6678246259689331,0.0016266590682789683,0.3610602915287018,1.966525673866272,0.6223980188369751,0.0054735420271754265,0.5151758790016174,2.0549566745758057,0.24940776824951172,0.0026107230223715305,0.3760177791118622,2.03519606590271,0.17385292053222656,0.007867008447647095,nan,nan,nan,nan,nan,nan,nan,nan,nan,nan,nan,nan,nan,nan,nan,nan,nan,nan,nan,nan,nan,nan,nan,nan,nan,nan,nan,nan,nan,nan,nan,nan,nan,nan,nan,nan,nan,nan,nan,nan,nan,nan,nan,nan,nan,nan,nan,nan,nan,nan,nan,nan,nan,nan,nan,nan,nan,nan,nan,nan,nan,nan,nan,nan,nan,nan,nan,nan,nan,nan,nan,nan,nan,nan,nan,nan,nan,nan,nan,nan,nan,nan,nan,nan,nan,nan,nan,nan,nan,nan,nan,nan,nan,nan,nan,nan,nan,nan,nan,nan,nan,nan,nan,nan,nan,nan,nan,nan,nan,nan,nan,nan,nan,nan,nan,nan,nan,nan,nan,nan,nan,nan,nan,nan,nan,nan
4,4,1,0,0,1.0,0.0,0.0,0.5043524503707886,0.237747460603714,-0.8392741084098816,0.9992870092391968,0.5282950401306152,0.20520062744617462,-0.795015811920166,0.9984963536262512,0.5432807803153992,0.20719142258167267,-0.7954016327857971,0.9985454678535461,0.5557082295417786,0.20923879742622375,-0.7953930497169495,0.9984679818153381,0.4848913550376892,0.2051970660686493,-0.7889536023139954,0.9986422657966614,0.47232967615127563,0.20663338899612427,-0.7888525128364563,0.9987127184867859,0.46198588609695435,0.2086743861436844,-0.789438009262085,0.9987857341766357,0.5786775946617126,0.2435968667268753,-0.49953263998031616,0.9981821775436401,0.4502219557762146,0.24304167926311493,-0.4542396068572998,0.9985899925231934,0.5346905589103699,0.2893921136856079,-0.7293740510940552,0.999599039554596,0.47795480489730835,0.28836318850517273,-0.7172322273254395,0.9995929598808289,0.6811312437057495,0.53150874376297,-0.33931058645248413,0.9957519769668579,0.364257276058197,0.5196808576583862,-0.24420198798179626,0.9974489808082581,0.6942641735076904,0.8729493618011475,-0.27355217933654785,0.8072090148925781,0.32236915826797485,0.8461286425590515,-0.08618108183145523,0.8075099587440491,0.614406943321228,1.0653764009475708,-0.5519589185714722,0.36494848132133484,0.346161425113678,1.076885461807251,-0.36000576615333557,0.321294903755188,0.6089501976966858,1.1771191358566284,-0.6455618143081665,0.2922047972679138,0.34884941577911377,1.1736887693405151,-0.4422953724861145,0.2587774991989136,0.5879974961280823,1.1624559164047241,-0.6991865038871765,0.348477840423584,0.3617611825466156,1.1495426893234253,-0.5190510749816895,0.31835272908210754,0.5860131978988647,1.1228159666061401,-0.5815694332122803,0.35701462626457214,0.368512362241745,1.1113941669464111,-0.39936941862106323,0.32412993907928467,0.6048612594604492,1.0992565155029297,-0.04764499515295029,0.18655332922935486,0.4062643051147461,1.0572329759597778,0.049775294959545135,0.1977875977754593,0.5840767025947571,1.548921823501587,0.05306786298751831,0.038754552602767944,0.3834867775440216,1.529729962348938,0.12973272800445557,0.033564575016498566,0.5572607517242432,1.927512526512146,0.6138212084770203,0.002977560041472316,0.36323922872543335,1.915479063987732,0.5748011469841003,0.0034830740187317133,0.5594615936279297,1.9812281131744385,0.6452016234397888,0.001481122919358313,0.36120492219924927,1.9760152101516724,0.6064287424087524,0.004982218611985445,0.5171473026275635,2.0623950958251953,0.21381063759326935,0.0023727817460894585,0.37701672315597534,2.041337728500366,0.1589864045381546,0.0071646589785814285,nan,nan,nan,nan,nan,nan,nan,nan,nan,nan,nan,nan,nan,nan,nan,nan,nan,nan,nan,nan,nan,nan,nan,nan,nan,nan,nan,nan,nan,nan,nan,nan,nan,nan,nan,nan,nan,nan,nan,nan,nan,nan,nan,nan,nan,nan,nan,nan,nan,nan,nan,nan,nan,nan,nan,nan,nan,nan,nan,nan,nan,nan,nan,nan,nan,nan,nan,nan,nan,nan,nan,nan,nan,nan,nan,nan,nan,nan,nan,nan,nan,nan,nan,nan,nan,nan,nan,nan,nan,nan,nan,nan,nan,nan,nan,nan,nan,nan,nan,nan,nan,nan,nan,nan,nan,nan,nan,nan,nan,nan,nan,nan,nan,nan,nan,nan,nan,nan,nan,nan,nan,nan,nan,nan,nan,nan
5,5,1,0,0,1.0,0.0,0.0,0.5041629076004028,0.23736566305160522,-0.8469792604446411,0.9992550611495972,0.5281939506530762,0.20519408583641052,-0.8027492761611938,0.9983940124511719,0.5432695150375366,0.20719105005264282,-0.8030983805656433,0.9984726309776306,0.5557752847671509,0.20926298201084137,-0.80308997631073,0.9983832836151123,0.48456010222435,0.20505720376968384,-0.7968235611915588,0.9985512495040894,0.4722672402858734,0.20641615986824036,-0.7967245578765869,0.9986433982849121,0.4619724750518799,0.2083154022693634,-0.7972956895828247,0.9986978769302368,0.5786771774291992,0.24400411546230316,-0.5073333978652954,0.9980908036231995,0.4499885141849518,0.24304212629795074,-0.4634714126586914,0.9984995722770691,0.5344986915588379,0.2893768846988678,-0.7371266484260559,0.9995800256729126,0.4777495265007019,0.28820136189460754,-0.7253891825675964,0.999565601348877,0.6811237931251526,0.5318707227706909,-0.34176868200302124,0.9958682656288147,0.3641066551208496,0.5199383497238159,-0.25414979457855225,0.997492790222168,0.6942599415779114,0.8745705485343933,-0.28680068254470825,0.8088561296463013,0.32237139344215393,0.8486916422843933,-0.09240753948688507,0.8084505200386047,0.6093664765357971,1.0655007362365723,-0.5667105913162231,0.3605796992778778,0.34805458784103394,1.0767877101898193,-0.3558978736400604,0.31837958097457886,0.6035293340682983,1.1801435947418213,-0.6590413451194763,0.28634342551231384,0.35093918442726135,1.1732699871063232,-0.4367103576660156,0.25593191385269165,0.5814777612686157,1.1625765562057495,-0.7110358476638794,0.3411725163459778,0.36386436223983765,1.1492488384246826,-0.5101528167724609,0.3143051266670227,0.581195056438446,1.1228834390640259,-0.595177173614502,0.352123498916626,0.37015193700790405,1.1111146211624146,-0.39349043369293213,0.3229387402534485,0.607338011264801,1.1051769256591797,-0.047373317182064056,0.18547336757183075,0.40662795305252075,1.0576826333999634,0.049479253590106964,0.19874344766139984,0.5869602560997009,1.5502793788909912,0.0553363561630249,0.035036806017160416,0.38531696796417236,1.5322868824005127,0.1328294426202774,0.030350657179951668,0.560176432132721,1.9292538166046143,0.6244052052497864,0.0026990885380655527,0.36510366201400757,1.917995810508728,0.5761458277702332,0.003158129518851638,0.5624228715896606,1.9835381507873535,0.6573513150215149,0.0013478694017976522,0.36250126361846924,1.9784553050994873,0.6078953146934509,0.004527506418526173,0.5202850103378296,2.0644118785858154,0.2245999127626419,0.0021545584313571453,0.3796705901622772,2.0447609424591064,0.15931817889213562,0.006512316409498453,nan,nan,nan,nan,nan,nan,nan,nan,nan,nan,nan,nan,nan,nan,nan,nan,nan,nan,nan,nan,nan,nan,nan,nan,nan,nan,nan,nan,nan,nan,nan,nan,nan,nan,nan,nan,nan,nan,nan,nan,nan,nan,nan,nan,nan,nan,nan,nan,nan,nan,nan,nan,nan,nan,nan,nan,nan,nan,nan,nan,nan,nan,nan,nan,nan,nan,nan,nan,nan,nan,nan,nan,nan,nan,nan,nan,nan,nan,nan,nan,nan,nan,nan,nan,nan,nan,nan,nan,nan,nan,nan,nan,nan,nan,nan,nan,nan,nan,nan,nan,nan,nan,nan,nan,nan,nan,nan,nan,nan,nan,nan,nan,nan,nan,nan,nan,nan,nan,nan,nan,nan,nan,nan,nan,nan,nan
6,6,1,0,0,1.0,0.0,0.0,0.5037879347801208,0.23712296783924103,-0.8492247462272644,0.9991753697395325,0.527938723564148,0.20519676804542542,-0.8069145083427429,0.9981805086135864,0.5431589484214783,0.20719768106937408,-0.8071886301040649,0.9983042478561401,0.5557523965835571,0.20932309329509735,-0.8072099685668945,0.9982026219367981,0.4841291904449463,0.20493176579475403,-0.8023709058761597,0.9983655214309692,0.47214436531066895,0.20621944963932037,-0.8022286295890808,0.9984880685806274,0.4618712365627289,0.20800243318080902,-0.8027286529541016,0.9985292553901672,0.578497052192688,0.24451754987239838,-0.507830798625946,0.9978950619697571,0.4494682252407074,0.24304264783859253,-0.4729680120944977,0.9982876777648926,0.5339136123657227,0.2893795073032379,-0.7388623952865601,0.9995375275611877,0.4772818088531494,0.28805336356163025,-0.7269257307052612,0.9995139837265015,0.680838942527771,0.5318689346313477,-0.35378631949424744,0.9958359003067017,0.36341312527656555,0.5201027393341064,-0.2624495327472687,0.9974486827850342,0.6943965554237366,0.8754661679267883,-0.30756649374961853,0.8098082542419434,0.32255321741104126,0.8504983186721802,-0.10784691572189331,0.8049540519714355,0.6037362813949585,1.0653537511825562,-0.5813425779342651,0.35527461767196655,0.35009056329727173,1.077033519744873,-0.3734165132045746,0.3095206022262573,0.5915354490280151,1.1811087131500244,-0.6715821027755737,0.27908745408058167,0.35364171862602234,1.1729251146316528,-0.4559134840965271,0.24783991277217865,0.5689664483070374,1.1621490716934204,-0.7220754027366638,0.33244845271110535,0.3654825985431671,1.1486233472824097,-0.5287754535675049,0.30448493361473083,0.5704014897346497,1.1226533651351929,-0.6082841157913208,0.3446193039417267,0.3714428246021271,1.1107858419418335,-0.4107235372066498,0.31456008553504944,0.6087647676467896,1.111328363418579,-0.046837471425533295,0.18583394587039948,0.406511127948761,1.0902913808822632,0.04894348606467247,0.20209287106990814,0.5887622833251953,1.5539295673370361,0.05616520717740059,0.03202187269926071,0.3877602517604828,1.5345158576965332,0.1139923557639122,0.027732601389288902,0.5643736124038696,1.9336895942687988,0.6240907907485962,0.002484578639268875,0.3670263886451721,1.9234191179275513,0.5436561703681946,0.002924914937466383,0.5664166212081909,1.9894733428955078,0.6570291519165039,0.0012544915080070496,0.36407139897346497,1.9860504865646362,0.5737831592559814,0.004212227649986744,0.5264951586723328,2.0689568519592285,0.22455549240112305,0.001993737416341901,0.3813987374305725,2.0497610569000244,0.12724968791007996,0.00607603183016181,nan,nan,nan,nan,nan,nan,nan,nan,nan,nan,nan,nan,nan,nan,nan,nan,nan,nan,nan,nan,nan,nan,nan,nan,nan,nan,nan,nan,nan,nan,nan,nan,nan,nan,nan,nan,nan,nan,nan,nan,nan,nan,nan,nan,nan,nan,nan,nan,nan,nan,nan,nan,nan,nan,nan,nan,nan,nan,nan,nan,nan,nan,nan,nan,nan,nan,nan,nan,nan,nan,nan,nan,nan,nan,nan,nan,nan,nan,nan,nan,nan,nan,nan,nan,nan,nan,nan,nan,nan,nan,nan,nan,nan,nan,nan,nan,nan,nan,nan,nan,nan,nan,nan,nan,nan,nan,nan,nan,nan,nan,nan,nan,nan,nan,nan,nan,nan,nan,nan,nan,nan,nan,nan,nan,nan,nan
7,7,1,0,0,1.0,0.0,0.0,0.5034458041191101,0.23709984123706818,-0.8178044557571411,0.9991510510444641,0.5276839733123779,0.20523189008235931,-0.7747567892074585,0.9980975985527039,0.5430018901824951,0.20724107325077057,-0.7751055955886841,0.9982454776763916,0.5557316541671753,0.20946066081523895,-0.7751144170761108,0.9981287121772766,0.48382455110549927,0.20485562086105347,-0.7686814069747925,0.9982914924621582,0.4720606803894043,0.20609690248966217,-0.7685503959655762,0.9984352588653564,0.4618264138698578,0.20779278874397278,-0.7691193222999573,0.9984592199325562,0.5781570672988892,0.24499623477458954,-0.48464399576187134,0.9978148937225342,0.4491824209690094,0.24304360151290894,-0.43997320532798767,0.9982212781906128,0.5334134101867676,0.28956249356269836,-0.7101166248321533,0.9995203614234924,0.47696390748023987,0.28804510831832886,-0.697584867477417,0.9994909167289734,0.6806033849716187,0.5318644642829895,-0.3315235376358032,0.9959376454353333,0.3629034757614136,0.5202001333236694,-0.24169178307056427,0.9974952340126038,0.6943861246109009,0.8754292726516724,-0.2897048890590668,0.8075170516967773,0.3225559890270233,0.85020911693573,-0.08185658603906631,0.8044223189353943,0.6046127676963806,1.065316915512085,-0.5744787454605103,0.3491208553314209,0.35001900792121887,1.0763808488845825,-0.34113699197769165,0.3043147027492523,0.5936288237571716,1.1661456823349,-0.6673675179481506,0.27276143431663513,0.35337966680526733,1.1724319458007812,-0.420082151889801,0.2435053139925003,0.571510910987854,1.1618314981460571,-0.711976945400238,0.32522422075271606,0.3654633164405823,1.1488003730773926,-0.49246057868003845,0.2994166612625122,0.5719963908195496,1.1225848197937012,-0.6002299785614014,0.3389124274253845,0.371396541595459,1.1107169389724731,-0.37820738554000854,0.3113419711589813,0.6089033484458923,1.1135787963867188,-0.047308363020420074,0.17969255149364471,0.4066450595855713,1.0771079063415527,0.04944620653986931,0.19662560522556305,0.5883066058158875,1.5541764497756958,0.04788992553949356,0.028978070244193077,0.3876318335533142,1.5346628427505493,0.11835621297359467,0.02509138733148575,0.5638121366500854,1.9345519542694092,0.6023329496383667,0.0022545449901372194,0.367084801197052,1.9226490259170532,0.5432122945785522,0.0026539540849626064,0.5658854246139526,1.990396499633789,0.6343445181846619,0.0011434298940002918,0.3640632927417755,1.9847692251205444,0.5733316540718079,0.003834604751318693,0.5259875655174255,2.0694491863250732,0.21028713881969452,0.001813148963265121,0.38166603446006775,2.048923969268799,0.12794937193393707,0.005532064940780401,nan,nan,nan,nan,nan,nan,nan,nan,nan,nan,nan,nan,nan,nan,nan,nan,nan,nan,nan,nan,nan,nan,nan,nan,nan,nan,nan,nan,nan,nan,nan,nan,nan,nan,nan,nan,nan,nan,nan,nan,nan,nan,nan,nan,nan,nan,nan,nan,nan,nan,nan,nan,nan,nan,nan,nan,nan,nan,nan,nan,nan,nan,nan,nan,nan,nan,nan,nan,nan,nan,nan,nan,nan,nan,nan,nan,nan,nan,nan,nan,nan,nan,nan,nan,nan,nan,nan,nan,nan,nan,nan,nan,nan,nan,nan,nan,nan,nan,nan,nan,nan,nan,nan,nan,nan,nan,nan,nan,nan,nan,nan,nan,nan,nan,nan,nan,nan,nan,nan,nan,nan,nan,nan,nan,nan,nan
8,8,1,0,0,1.0,0.0,0.0,0.5030218362808228,0.23713363707065582,-0.8059179186820984,0.9991188049316406,0.5274035334587097,0.205317884683609,-0.762931227684021,0.9980131387710571,0.5427771806716919,0.2073385864496231,-0.763292133808136,0.9981770515441895,0.5557029843330383,0.2096838504076004,-0.7633190155029297,0.9980524778366089,0.4834519028663635,0.20481161773204803,-0.7559911012649536,0.9982172250747681,0.471920907497406,0.206019788980484,-0.7558444142341614,0.9983769059181213,0.4616868495941162,0.20763467252254486,-0.7564153075218201,0.9983918070793152,0.5776864886283875,0.2456693947315216,-0.4747026860713959,0.9977251887321472,0.4487963318824768,0.24304348230361938,-0.4254228174686432,0.9981504678726196,0.5327141880989075,0.28999558091163635,-0.6987985968589783,0.9995012283325195,0.4765097498893738,0.2880818545818329,-0.6854107975959778,0.9994670152664185,0.6802160143852234,0.5315110087394714,-0.322173535823822,0.9960185289382935,0.3624891936779022,0.520300030708313,-0.22763359546661377,0.9975408911705017,0.6944199800491333,0.875073254108429,-0.27135780453681946,0.8034924864768982,0.32254907488822937,0.850053071975708,-0.06743840128183365,0.8040971159934998,0.6052004098892212,1.0646823644638062,-0.5397874712944031,0.33962294459342957,0.3499913811683655,1.0763643980026245,-0.32846778631210327,0.29822787642478943,0.5952876806259155,1.1708226203918457,-0.6294561624526978,0.2641333043575287,0.35319679975509644,1.1723835468292236,-0.40668541193008423,0.23850321769714355,0.5719338655471802,1.161618709564209,-0.6776019334793091,0.315260112285614,0.3654288649559021,1.1490683555603027,-0.47999897599220276,0.29345202445983887,0.5723940134048462,1.1224411725997925,-0.5669144988059998,0.33031386137008667,0.37135636806488037,1.1109167337417603,-0.3659667372703552,0.30705589056015015,0.6088491082191467,1.11524498462677,-0.048806674778461456,0.17521268129348755,0.40724629163742065,1.071524977684021,0.050987403839826584,0.19271253049373627,0.588135838508606,1.5545780658721924,0.04242534190416336,0.026229118928313255,0.3876180052757263,1.5350184440612793,0.12259563058614731,0.0227127056568861,0.5635108947753906,1.935099482536316,0.5919097065925598,0.0020465829875320196,0.3672383725643158,1.9222941398620605,0.5438264608383179,0.002409541979432106,0.5656554102897644,1.9905540943145752,0.6233885288238525,0.0010424286592751741,0.36407172679901123,1.9837948083877563,0.573912501335144,0.0034942482598125935,0.5256038904190063,2.070021629333496,0.20149016380310059,0.0016489628469571471,0.38216251134872437,2.0487663745880127,0.12914520502090454,0.005038969684392214,nan,nan,nan,nan,nan,nan,nan,nan,nan,nan,nan,nan,nan,nan,nan,nan,nan,nan,nan,nan,nan,nan,nan,nan,nan,nan,nan,nan,nan,nan,nan,nan,nan,nan,nan,nan,nan,nan,nan,nan,nan,nan,nan,nan,nan,nan,nan,nan,nan,nan,nan,nan,nan,nan,nan,nan,nan,nan,nan,nan,nan,nan,nan,nan,nan,nan,nan,nan,nan,nan,nan,nan,nan,nan,nan,nan,nan,nan,nan,nan,nan,nan,nan,nan,nan,nan,nan,nan,nan,nan,nan,nan,nan,nan,nan,nan,nan,nan,nan,nan,nan,nan,nan,nan,nan,nan,nan,nan,nan,nan,nan,nan,nan,nan,nan,nan,nan,nan,nan,nan,nan,nan,nan,nan,nan,nan
9,9,1,0,0,1.0,0.0,0.0,0.5026060938835144,0.23713061213493347,-0.8173235654830933,0.9990923404693604,0.5270593762397766,0.20535816252231598,-0.7746332883834839,0.99794602394104,0.542475700378418,0.20738504827022552,-0.774973452091217,0.9981253147125244,0.5556269884109497,0.20980586111545563,-0.775000810623169,0.9979948997497559,0.48304519057273865,0.20475178956985474,-0.7682379484176636,0.9981616139411926,0.4717605710029602,0.20593342185020447,-0.7681167125701904,0.9983348250389099,0.4615325331687927,0.20748402178287506,-0.7686771750450134,0.9983412027359009,0.5772369503974915,0.24616865813732147,-0.4850529730319977,0.997658371925354,0.44849199056625366,0.2430373877286911,-0.43880748748779297,0.9980989098548889,0.5322047472000122,0.2901018261909485,-0.709343433380127,0.9994856715202332,0.4760929048061371,0.28807565569877625,-0.6968027949333191,0.9994469285011292,0.6798599362373352,0.5311329960823059,-0.32642802596092224,0.996094822883606,0.362061083316803,0.5204699635505676,-0.23795592784881592,0.9975879192352295,0.6944832801818848,0.8750442862510681,-0.26797616481781006,0.8024489283561707,0.3226245641708374,0.850619912147522,-0.07573278993368149,0.8054994344711304,0.6056354641914368,1.0648232698440552,-0.5238889455795288,0.3321135342121124,0.35000133514404297,1.0765938758850098,-0.32825180888175964,0.2945095896720886,0.5962615013122559,1.1622811555862427,-0.6090648770332336,0.2571926414966583,0.3531453013420105,1.1724402904510498,-0.4053274095058441,0.23510999977588654,0.573217511177063,1.1619044542312622,-0.6608513593673706,0.30707836151123047,0.365429162979126,1.1494200229644775,-0.47720223665237427,0.28914687037467957,0.5731385946273804,1.1224608421325684,-0.5516870617866516,0.3234155774116516,0.3713790774345398,1.1112377643585205,-0.3648376166820526,0.3043385446071625,0.6091030836105347,1.1160333156585693,-0.0485641248524189,0.17510531842708588,0.4076046943664551,1.068651556968689,0.05071858689188957,0.19405342638492584,0.5883924961090088,1.554630994796753,0.042510297149419785,0.023798439651727676,0.38785868883132935,1.5353655815124512,0.12318406254053116,0.020616518333554268,0.5637223124504089,1.9351531267166138,0.5933587551116943,0.001865769736468792,0.3679542541503906,1.9222131967544556,0.5439628958702087,0.0021973177790641785,0.5660152435302734,1.990174412727356,0.624755322933197,0.0009557550074532628,0.364696741104126,1.9829399585723877,0.5740729570388794,0.0032011058647185564,0.5254449248313904,2.0702521800994873,0.20409175753593445,0.0015054502291604877,0.3831169903278351,2.049431085586548,0.12988388538360596,0.004606528673321009,nan,nan,nan,nan,nan,nan,nan,nan,nan,nan,nan,nan,nan,nan,nan,nan,nan,nan,nan,nan,nan,nan,nan,nan,nan,nan,nan,nan,nan,nan,nan,nan,nan,nan,nan,nan,nan,nan,nan,nan,nan,nan,nan,nan,nan,nan,nan,nan,nan,nan,nan,nan,nan,nan,nan,nan,nan,nan,nan,nan,nan,nan,nan,nan,nan,nan,nan,nan,nan,nan,nan,nan,nan,nan,nan,nan,nan,nan,nan,nan,nan,nan,nan,nan,nan,nan,nan,nan,nan,nan,nan,nan,nan,nan,nan,nan,nan,nan,nan,nan,nan,nan,nan,nan,nan,nan,nan,nan,nan,nan,nan,nan,nan,nan,nan,nan,nan,nan,nan,nan,nan,nan,nan,nan,nan,nan
10,10,1,0,0,1.0,0.0,0.0,0.501888632774353,0.23698164522647858,-0.8027011156082153,0.9990633726119995,0.5264837741851807,0.205355703830719,-0.7595402002334595,0.9978803396224976,0.541938841342926,0.20738767087459564,-0.759879469871521,0.998068630695343,0.5553836226463318,0.2098150998353958,-0.7599111795425415,0.9979345798492432,0.48250842094421387,0.20460623502731323,-0.7531060576438904,0.9981076717376709,0.471520334482193,0.20575246214866638,-0.7529869675636292,0.9982928037643433,0.46127334237098694,0.2072279304265976,-0.753551185131073,0.9982975721359253,0.5767383575439453,0.2464226633310318,-0.47189101576805115,0.9975704550743103,0.44823160767555237,0.24301669001579285,-0.4254612326622009,0.9980405569076538,0.5315115451812744,0.2901071012020111,-0.6957473158836365,0.9994682669639587,0.4755350649356842,0.2879634201526642,-0.6832376718521118,0.9994255900382996,0.6795825362205505,0.5308317542076111,-0.3149144947528839,0.996152400970459,0.36179786920547485,0.5206791162490845,-0.23203763365745544,0.9976257085800171,0.6946216225624084,0.8752461671829224,-0.25035086274147034,0.8017046451568604,0.3226335346698761,0.8512834906578064,-0.07809479534626007,0.8078200817108154,0.6059122085571289,1.0648053884506226,-0.5029033422470093,0.32723549008369446,0.34997668862342834,1.0772382020950317,-0.33485251665115356,0.2936449646949768,0.5968590378761292,1.1584904193878174,-0.5868081450462341,0.25224342942237854,0.35306060314178467,1.1726943254470825,-0.4137582778930664,0.23385408520698547,0.5734764337539673,1.1621419191360474,-0.6401506662368774,0.30108460783958435,0.3654184341430664,1.1497972011566162,-0.48569345474243164,0.2873169481754303,0.5732825398445129,1.1225014925003052,-0.531114399433136,0.3187240660190582,0.37137371301651,1.1116818189620972,-0.3715411126613617,0.3038674592971802,0.6091607809066772,1.117591381072998,-0.04835516959428787,0.1796640008687973,0.4078519344329834,1.0672107934951782,0.05049549415707588,0.20017841458320618,0.58821040391922,1.5553977489471436,0.04316837713122368,0.02167198248207569,0.38789159059524536,1.535617709159851,0.1223224550485611,0.01878463290631771,0.5636891722679138,1.935662865638733,0.5912376642227173,0.0017076496733352542,0.3683054447174072,1.9219061136245728,0.5402728319168091,0.0020137124229222536,0.566125750541687,1.9905763864517212,0.6223059892654419,0.0008808393613435328,0.36491650342941284,1.9823071956634521,0.569770097732544,0.002949968446046114,0.5252377986907959,2.0703375339508057,0.20414622128009796,0.0013807108625769615,0.38378190994262695,2.049614667892456,0.1290730983018875,0.004233045503497124,nan,nan,nan,nan,nan,nan,nan,nan,nan,nan,nan,nan,nan,nan,nan,nan,nan,nan,nan,nan,nan,nan,nan,nan,nan,nan,nan,nan,nan,nan,nan,nan,nan,nan,nan,nan,nan,nan,nan,nan,nan,nan,nan,nan,nan,nan,nan,nan,nan,nan,nan,nan,nan,nan,nan,nan,nan,nan,nan,nan,nan,nan,nan,nan,nan,nan,nan,nan,nan,nan,nan,nan,nan,nan,nan,nan,nan,nan,nan,nan,nan,nan,nan,nan,nan,nan,nan,nan,nan,nan,nan,nan,nan,nan,nan,nan,nan,nan,nan,nan,nan,nan,nan,nan,nan,nan,nan,nan,nan,nan,nan,nan,nan,nan,nan,nan,nan,nan,nan,nan,nan,nan,nan,nan,nan,nan
11,11,1,0,0,1.0,0.0,0.0,0.500986635684967,0.23694099485874176,-0.7799860835075378,0.9990473389625549,0.5257371664047241,0.20536227524280548,-0.7371746301651001,0.9978291988372803,0.5412425994873047,0.20739340782165527,-0.7375237345695496,0.99803227186203,0.5549820065498352,0.20984461903572083,-0.7375549077987671,0.9978892207145691,0.48183855414390564,0.20453470945358276,-0.7290340662002563,0.99805748462677,0.47117552161216736,0.20566606521606445,-0.72884601354599,0.9982561469078064,0.46087589859962463,0.20708805322647095,-0.729408860206604,0.9982488751411438,0.5760906338691711,0.24658028781414032,-0.4529585838317871,0.9975122809410095,0.44799360632896423,0.24300627410411835,-0.3979266881942749,0.9979845285415649,0.5307623147964478,0.29013073444366455,-0.674768328666687,0.9994542598724365,0.4749790132045746,0.2879219353199005,-0.6597583889961243,0.9994053840637207,0.6794770956039429,0.5303029417991638,-0.30565887689590454,0.9962376952171326,0.36165350675582886,0.5209257006645203,-0.21036484837532043,0.9976543188095093,0.6946290135383606,0.874956488609314,-0.2465178668498993,0.7970885038375854,0.3226446807384491,0.8514239192008972,-0.060534585267305374,0.8050596714019775,0.6062986850738525,1.064766764640808,-0.5012577772140503,0.31856489181518555,0.3495302200317383,1.0774556398391724,-0.32003718614578247,0.2874291241168976,0.5977542996406555,1.1564456224441528,-0.5865005850791931,0.24534232914447784,0.35180073976516724,1.1728205680847168,-0.39832431077957153,0.22948937118053436,0.5781785249710083,1.162524700164795,-0.6396251916885376,0.2933516800403595,0.3646899163722992,1.1504077911376953,-0.471437931060791,0.2822401523590088,0.5774415731430054,1.122630000114441,-0.5298827886581421,0.311862051486969,0.3707731366157532,1.1122432947158813,-0.3577457070350647,0.3001803457736969,0.6090315580368042,1.1184431314468384,-0.05028839036822319,0.17467889189720154,0.40779024362564087,1.065019130706787,0.05249552056193352,0.19489562511444092,0.5879042148590088,1.555666446685791,0.04115800932049751,0.0196376983076334,0.3878081440925598,1.536246657371521,0.1280251443386078,0.017021670937538147,0.5635194182395935,1.9361045360565186,0.5889034271240234,0.0015540928579866886,0.36831775307655334,1.9222997426986694,0.5460847616195679,0.0018305813428014517,0.5659726858139038,1.9910788536071777,0.6200340986251831,0.0008053399506025016,0.3649004101753235,1.9826734066009521,0.5759204626083374,0.002692574867978692,0.5251312255859375,2.070596933364868,0.2003159075975418,0.001258919364772737,0.3837788999080658,2.0496127605438232,0.13348838686943054,0.003860056633129716,nan,nan,nan,nan,nan,nan,nan,nan,nan,nan,nan,nan,nan,nan,nan,nan,nan,nan,nan,nan,nan,nan,nan,nan,nan,nan,nan,nan,nan,nan,nan,nan,nan,nan,nan,nan,nan,nan,nan,nan,nan,nan,nan,nan,nan,nan,nan,nan,nan,nan,nan,nan,nan,nan,nan,nan,nan,nan,nan,nan,nan,nan,nan,nan,nan,nan,nan,nan,nan,nan,nan,nan,nan,nan,nan,nan,nan,nan,nan,nan,nan,nan,nan,nan,nan,nan,nan,nan,nan,nan,nan,nan,nan,nan,nan,nan,nan,nan,nan,nan,nan,nan,nan,nan,nan,nan,nan,nan,nan,nan,nan,nan,nan,nan,nan,nan,nan,nan,nan,nan,nan,nan,nan,nan,nan,nan
12,12,1,0,0,1.0,0.0,0.0,0.5002723336219788,0.23661786317825317,-0.7962143421173096,0.9989853501319885,0.5252026319503784,0.20529764890670776,-0.7537387013435364,0.9977216720581055,0.5407742261886597,0.20734189450740814,-0.7541146278381348,0.997920572757721,0.554709255695343,0.20984068512916565,-0.7541399002075195,0.9977895617485046,0.4813455045223236,0.20425239205360413,-0.7384662628173828,0.9979637861251831,0.47090286016464233,0.20533110201358795,-0.7382708787918091,0.9981575608253479,0.46057504415512085,0.20667316019535065,-0.7388273477554321,0.9981686472892761,0.5756670236587524,0.24658936262130737,-0.47330841422080994,0.9973872303962708,0.44780200719833374,0.24279990792274475,-0.41076135635375977,0.9978610277175903,0.5301672220230103,0.29011067748069763,-0.6932758092880249,0.9994255304336548,0.4746001660823822,0.2876608669757843,-0.6698852777481079,0.9993706345558167,0.6793773770332336,0.5300843119621277,-0.3265552520751953,0.9961175322532654,0.36150020360946655,0.5215997099876404,-0.2214256227016449,0.9975823163986206,0.6946338415145874,0.8755646347999573,-0.26236385107040405,0.7954089641571045,0.32212206721305847,0.854286789894104,-0.06984570622444153,0.8042049407958984,0.6065397262573242,1.06679368019104,-0.5051472187042236,0.3148646950721741,0.34883713722229004,1.0782946348190308,-0.3285745680332184,0.28610458970069885,0.5982602834701538,1.1568729877471924,-0.5910190939903259,0.24200361967086792,0.35125190019607544,1.1730588674545288,-0.4064628481864929,0.22840744256973267,0.578268826007843,1.1661603450775146,-0.6445342302322388,0.2890923321247101,0.3637723922729492,1.1501249074935913,-0.47873654961586,0.2805464267730713,0.5775772929191589,1.1262996196746826,-0.5340611338615417,0.3085360527038574,0.3700842559337616,1.1121820211410522,-0.36527058482170105,0.2992631494998932,0.6089624762535095,1.1213932037353516,-0.05195539444684982,0.17753347754478455,0.40774670243263245,1.064406394958496,0.05414729192852974,0.19920536875724792,0.5876551866531372,1.5602929592132568,0.032021425664424896,0.018014829605817795,0.38772812485694885,1.5384174585342407,0.1087079644203186,0.015651246532797813,0.5634048581123352,1.9418144226074219,0.5752779245376587,0.0014304585056379437,0.3682902455329895,1.9274344444274902,0.5213425755500793,0.0016951790312305093,0.5659164786338806,1.9966198205947876,0.604956865310669,0.0007455117884092033,0.3648321032524109,1.9882488250732422,0.5502437949180603,0.002505857963114977,0.52498859167099,2.076103448867798,0.17750494182109833,0.0011630493681877851,0.3837132751941681,2.055384397506714,0.10184061527252197,0.0035960276145488024,nan,nan,nan,nan,nan,nan,nan,nan,nan,nan,nan,nan,nan,nan,nan,nan,nan,nan,nan,nan,nan,nan,nan,nan,nan,nan,nan,nan,nan,nan,nan,nan,nan,nan,nan,nan,nan,nan,nan,nan,nan,nan,nan,nan,nan,nan,nan,nan,nan,nan,nan,nan,nan,nan,nan,nan,nan,nan,nan,nan,nan,nan,nan,nan,nan,nan,nan,nan,nan,nan,nan,nan,nan,nan,nan,nan,nan,nan,nan,nan,nan,nan,nan,nan,nan,nan,nan,nan,nan,nan,nan,nan,nan,nan,nan,nan,nan,nan,nan,nan,nan,nan,nan,nan,nan,nan,nan,nan,nan,nan,nan,nan,nan,nan,nan,nan,nan,nan,nan,nan,nan,nan,nan,nan,nan,nan
13,13,1,0,0,1.0,0.0,0.0,0.4997163414955139,0.23618604242801666,-0.8033829927444458,0.9989088773727417,0.5246056318283081,0.2050277590751648,-0.761215329170227,0.997615396976471,0.5401827096939087,0.20706787705421448,-0.761596143245697,0.9977985620498657,0.5542528629302979,0.2096164971590042,-0.7616286277770996,0.9976866841316223,0.48070693016052246,0.20384062826633453,-0.7491072416305542,0.9978618025779724,0.47045665979385376,0.20487920939922333,-0.7489556670188904,0.9980391263961792,0.4599088132381439,0.2061731368303299,-0.7495114803314209,0.9980810284614563,0.5750253200531006,0.24612487852573395,-0.4774610996246338,0.9972770810127258,0.44724780321121216,0.24247173964977264,-0.4139310419559479,0.9977501630783081,0.5297930836677551,0.29000845551490784,-0.6977518796920776,0.999396026134491,0.4743744730949402,0.2873680889606476,-0.6779941320419312,0.999335765838623,0.6793734431266785,0.5290733575820923,-0.32255062460899353,0.9960206747055054,0.3614931106567383,0.5215192437171936,-0.19837746024131775,0.9974808692932129,0.6946521997451782,0.8731129765510559,-0.2582550048828125,0.7906428575515747,0.32001715898513794,0.8529418706893921,-0.014179335907101631,0.8017646670341492,0.6066306829452515,1.0660818815231323,-0.5005258321762085,0.3120034635066986,0.35132408142089844,1.0534920692443848,-0.24293990433216095,0.2834452688694,0.5988906621932983,1.164599061012268,-0.5858790874481201,0.2394244372844696,0.35190901160240173,1.148660659790039,-0.31827428936958313,0.22651566565036774,0.5787574052810669,1.1632716655731201,-0.6395648121833801,0.28571298718452454,0.3640977144241333,1.1193366050720215,-0.3874329924583435,0.2782450318336487,0.577931821346283,1.1237441301345825,-0.5290282964706421,0.30515456199645996,0.37011873722076416,1.084356427192688,-0.2784560024738312,0.29673558473587036,0.6080116033554077,1.1218740940093994,-0.05344603210687637,0.1830998659133911,0.40751275420188904,1.0615079402923584,0.055668581277132034,0.20570316910743713,0.5867390036582947,1.5600570440292358,0.020611463114619255,0.016736675053834915,0.3876625895500183,1.5377928018569946,0.09126773476600647,0.014621978625655174,0.5629323124885559,1.9407575130462646,0.5698286294937134,0.001327132573351264,0.36828359961509705,1.926550030708313,0.5091647505760193,0.0015952520770952106,0.5655809044837952,1.9955476522445679,0.6003637313842773,0.0006972060655243695,0.364828884601593,1.987389326095581,0.5387840867042542,0.002381859580054879,0.5239402055740356,2.07490873336792,0.17478503286838531,0.001085978583432734,0.3834203779697418,2.054316759109497,0.0915461927652359,0.003424349706619978,nan,nan,nan,nan,nan,nan,nan,nan,nan,nan,nan,nan,nan,nan,nan,nan,nan,nan,nan,nan,nan,nan,nan,nan,nan,nan,nan,nan,nan,nan,nan,nan,nan,nan,nan,nan,nan,nan,nan,nan,nan,nan,nan,nan,nan,nan,nan,nan,nan,nan,nan,nan,nan,nan,nan,nan,nan,nan,nan,nan,nan,nan,nan,nan,nan,nan,nan,nan,nan,nan,nan,nan,nan,nan,nan,nan,nan,nan,nan,nan,nan,nan,nan,nan,nan,nan,nan,nan,nan,nan,nan,nan,nan,nan,nan,nan,nan,nan,nan,nan,nan,nan,nan,nan,nan,nan,nan,nan,nan,nan,nan,nan,nan,nan,nan,nan,nan,nan,nan,nan,nan,nan,nan,nan,nan,nan
14,14,1,0,0,1.0,0.0,0.0,0.4993412494659424,0.23559950292110443,-0.7675425410270691,0.9988316297531128,0.524061381816864,0.20448970794677734,-0.7258538007736206,0.9975026845932007,0.5395529866218567,0.2064935564994812,-0.7262536287307739,0.9976673126220703,0.5536887645721436,0.2090524286031723,-0.7262754440307617,0.997570812702179,0.4803323745727539,0.20341373980045319,-0.7177814841270447,0.9977734088897705,0.47022145986557007,0.2044801115989685,-0.7177025079727173,0.9979445338249207,0.4595735967159271,0.20584872364997864,-0.7182764410972595,0.9980201125144958,0.5741687417030334,0.24484004080295563,-0.4442954659461975,0.9971561431884766,0.44683948159217834,0.24242974817752838,-0.3918311595916748,0.9976855516433716,0.5296328067779541,0.2896634638309479,-0.660896897315979,0.9993661046028137,0.47428178787231445,0.2869778275489807,-0.6465521454811096,0.9993094205856323,0.6794945001602173,0.526520311832428,-0.27864381670951843,0.995906412601471,0.36166292428970337,0.5215645432472229,-0.18977729976177216,0.9974291920661926,0.6952299475669861,0.8703753352165222,-0.20185308158397675,0.7872946262359619,0.31628578901290894,0.8524354696273804,-0.0333937369287014,0.8052142262458801,0.6032148599624634,1.0656094551086426,-0.4362768232822418,0.3136347234249115,0.3530086874961853,1.0357728004455566,-0.2817841172218323,0.2912934422492981,0.5985432267189026,1.170226812362671,-0.5203923583030701,0.241270050406456,0.3547312617301941,1.1291371583938599,-0.3597294092178345,0.23312605917453766,0.5774154663085938,1.1616177558898926,-0.5717752575874329,0.28729939460754395,0.36648836731910706,1.0950244665145874,-0.43083032965660095,0.28545644879341125,0.5767339468002319,1.122273564338684,-0.4633346199989319,0.3069799244403839,0.37179502844810486,1.0618785619735718,-0.3181763291358948,0.3031179904937744,0.6079803109169006,1.1218154430389404,-0.05139743536710739,0.194120854139328,0.40751785039901733,1.0895072221755981,0.053523074835538864,0.21870385110378265,0.5869331955909729,1.559849500656128,0.002118684584274888,0.015886763110756874,0.38997882604599,1.5377120971679688,0.05975525453686714,0.013895913027226925,0.5661201477050781,1.940581202507019,0.5429134368896484,0.0012539697345346212,0.37502115964889526,1.925845980644226,0.4634353518486023,0.0015432334039360285,0.5699177384376526,1.9943054914474487,0.5731757283210754,0.0006687573622912169,0.372681200504303,1.9867019653320312,0.4922522008419037,0.0023249350488185883,0.5261632204055786,2.0746164321899414,0.16251343488693237,0.001034660846926272,0.38807833194732666,2.0537898540496826,0.061113692820072174,0.0033433958888053894,nan,nan,nan,nan,nan,nan,nan,nan,nan,nan,nan,nan,nan,nan,nan,nan,nan,nan,nan,nan,nan,nan,nan,nan,nan,nan,nan,nan,nan,nan,nan,nan,nan,nan,nan,nan,nan,nan,nan,nan,nan,nan,nan,nan,nan,nan,nan,nan,nan,nan,nan,nan,nan,nan,nan,nan,nan,nan,nan,nan,nan,nan,nan,nan,nan,nan,nan,nan,nan,nan,nan,nan,nan,nan,nan,nan,nan,nan,nan,nan,nan,nan,nan,nan,nan,nan,nan,nan,nan,nan,nan,nan,nan,nan,nan,nan,nan,nan,nan,nan,nan,nan,nan,nan,nan,nan,nan,nan,nan,nan,nan,nan,nan,nan,nan,nan,nan,nan,nan,nan,nan,nan,nan,nan,nan,nan
15,15,1,0,0,1.0,0.0,0.0,0.49912595748901367,0.23509086668491364,-0.7828344106674194,0.9988111853599548,0.5236402153968811,0.20383602380752563,-0.7406898140907288,0.9975011944770813,0.5390825867652893,0.20578083395957947,-0.741071343421936,0.997633159160614,0.5533458590507507,0.20835505425930023,-0.7410999536514282,0.99753737449646,0.4800046384334564,0.20317187905311584,-0.7327654361724854,0.9977936744689941,0.4700258672237396,0.20432643592357635,-0.7326458692550659,0.9979607462882996,0.45929089188575745,0.20582938194274902,-0.7331910133361816,0.9980629086494446,0.573951005935669,0.24385790526866913,-0.45535263419151306,0.9971528649330139,0.4466121196746826,0.24268855154514313,-0.4020354747772217,0.9977561235427856,0.5296422839164734,0.28915974497795105,-0.6751664876937866,0.99936842918396,0.47426480054855347,0.2868143916130066,-0.6614824533462524,0.9993264079093933,0.6799877882003784,0.5232021808624268,-0.2752235531806946,0.9956647753715515,0.36294811964035034,0.5204604268074036,-0.2097175121307373,0.9974613189697266,0.696005642414093,0.8708926439285278,-0.19110848009586334,0.7776102423667908,0.31119832396507263,0.8428947925567627,-0.14494897425174713,0.8063830137252808,0.5976738929748535,1.0664185285568237,-0.4381941258907318,0.3121408224105835,0.3497928977012634,1.009595274925232,-0.4809187054634094,0.3040144443511963,0.5906823873519897,1.1845253705978394,-0.5275252461433411,0.24234609305858612,0.3544643521308899,1.0921554565429688,-0.5773656368255615,0.2466752976179123,0.5694401860237122,1.1639671325683594,-0.5793201327323914,0.2882111668586731,0.37151598930358887,1.0524917840957642,-0.647915244102478,0.30022650957107544,0.568764865398407,1.1249276399612427,-0.46650630235671997,0.30837681889533997,0.37523356080055237,1.0209773778915405,-0.5192388892173767,0.31632643938064575,0.6012659668922424,1.0896050930023193,-0.041101060807704926,0.2018415778875351,0.40826982259750366,1.0623536109924316,0.043115679174661636,0.22845612466335297,0.5839815139770508,1.5596734285354614,-0.004442252684384584,0.015369254164397717,0.3883599638938904,1.5373663902282715,0.04094914346933365,0.013148432597517967,0.5650845766067505,1.939931869506836,0.5504063963890076,0.0012055805418640375,0.3748810291290283,1.9254090785980225,0.4629949927330017,0.001500408281572163,0.5695272088050842,1.9936999082565308,0.5814787745475769,0.0006588527467101812,0.3723936975002289,1.9861559867858887,0.4930988848209381,0.0022595967166125774,0.5224605202674866,2.073868989944458,0.1693710833787918,0.001021313713863492,0.38582080602645874,2.0531046390533447,0.06003602221608162,0.0033414496574550867,nan,nan,nan,nan,nan,nan,nan,nan,nan,nan,nan,nan,nan,nan,nan,nan,nan,nan,nan,nan,nan,nan,nan,nan,nan,nan,nan,nan,nan,nan,nan,nan,nan,nan,nan,nan,nan,nan,nan,nan,nan,nan,nan,nan,nan,nan,nan,nan,nan,nan,nan,nan,nan,nan,nan,nan,nan,nan,nan,nan,nan,nan,nan,nan,nan,nan,nan,nan,nan,nan,nan,nan,nan,nan,nan,nan,nan,nan,nan,nan,nan,nan,nan,nan,nan,nan,nan,nan,nan,nan,nan,nan,nan,nan,nan,nan,nan,nan,nan,nan,nan,nan,nan,nan,nan,nan,nan,nan,nan,nan,nan,nan,nan,nan,nan,nan,nan,nan,nan,nan,nan,nan,nan,nan,nan,nan
16,16,1,0,1,1.0,0.0,1.0,0.4990999102592468,0.2346188873052597,-0.9291475415229797,0.9988994598388672,0.5235112905502319,0.20324866473674774,-0.8815059661865234,0.9976910948753357,0.5389054417610168,0.20515581965446472,-0.8817116022109985,0.997808039188385,0.5532040596008301,0.20772527158260345,-0.8815224766731262,0.9977152943611145,0.4799191951751709,0.202823206782341,-0.8798832893371582,0.9979665875434875,0.46996626257896423,0.20401611924171448,-0.880081295967102,0.9981216192245483,0.45920485258102417,0.20565910637378693,-0.8807122111320496,0.9982188940048218,0.573711633682251,0.24271084368228912,-0.5619722604751587,0.9973742961883545,0.4465962052345276,0.2426043599843979,-0.5439020395278931,0.9979352951049805,0.5296547412872314,0.2883172035217285,-0.8085795640945435,0.9994149804115295,0.47427821159362793,0.28643786907196045,-0.8041632771492004,0.9993793964385986,0.6799915432929993,0.5215269327163696,-0.34435051679611206,0.9958112239837646,0.36374911665916443,0.518700361251831,-0.35541394352912903,0.9975811839103699,0.6960283517837524,0.8751472234725952,-0.3486383855342865,0.7858262658119202,0.3015083074569702,0.8409746885299683,-0.38765794038772583,0.8044115900993347,0.5549331903457642,1.0781605243682861,-0.6601170301437378,0.3340476155281067,0.34915632009506226,0.9809747934341431,-0.8203480839729309,0.3178950846195221,0.5165991187095642,1.1840792894363403,-0.7635156512260437,0.2611083984375,0.3614990711212158,1.042275071144104,-0.9366565942764282,0.26261240243911743,0.4920770227909088,1.1508170366287231,-0.7946687340736389,0.309597909450531,0.3858487010002136,0.9933401346206665,-0.9870122671127319,0.3181506097316742,0.480212539434433,1.0303584337234497,-0.6798204183578491,0.3244534432888031,0.3812168836593628,0.9745987057685852,-0.851527988910675,0.3285594880580902,0.5967200398445129,1.0703670978546143,-0.02532886527478695,0.1949748992919922,0.4064618945121765,1.04690420627594,0.027302732691168785,0.2227454036474228,0.5733324885368347,1.5498393774032593,-0.027237877249717712,0.017968622967600822,0.3834405243396759,1.5202077627182007,-0.041809871792793274,0.013911638408899307,0.559733510017395,1.938185453414917,0.44754570722579956,0.0014972423668950796,0.3658849000930786,1.9247697591781616,0.29841816425323486,0.001815855037420988,0.5639430284500122,1.9923256635665894,0.46896806359291077,0.0008160952129401267,0.3643771708011627,1.985777735710144,0.316904753446579,0.0025559277273714542,0.5158447027206421,2.072614908218384,0.0442407988011837,0.0014293279964476824,0.3683222234249115,2.050698757171631,-0.12694567441940308,0.004373303148895502,nan,nan,nan,nan,nan,nan,nan,nan,nan,nan,nan,nan,nan,nan,nan,nan,nan,nan,nan,nan,nan,nan,nan,nan,nan,nan,nan,nan,nan,nan,nan,nan,nan,nan,nan,nan,nan,nan,nan,nan,nan,nan,nan,nan,nan,nan,nan,nan,nan,nan,nan,nan,nan,nan,nan,nan,nan,nan,nan,nan,nan,nan,nan,0.35546237230300903,0.9836888313293457,4.929544061837987e-08,0.3804537057876587,0.9713554382324219,-0.015210785903036594,0.41400840878486633,0.9680805802345276,-0.025955216959118843,0.4416936933994293,0.9648908972740173,-0.035170186311006546,0.4640568792819977,0.95697021484375,-0.0435885451734066,0.4122158885002136,1.0089865922927856,-0.01621796190738678,0.42997288703918457,1.0319019556045532,-0.025402173399925232,0.4370231628417969,1.0382359027862549,-0.031910426914691925,0.4405880868434906,1.0411862134933472,-0.03596650809049606,0.39856526255607605,1.0263794660568237,-0.013899821788072586,0.41291162371635437,1.0512540340423584,-0.019474102184176445,0.4162364900112152,1.0558165311813354,-0.021845165640115738,0.4173668622970581,1.0597503185272217,-0.024072377011179924,0.3835788667201996,1.0396997928619385,-0.013289295136928558,0.39500564336776733,1.0636699199676514,-0.01850479282438755,0.39899587631225586,1.0686869621276855,-0.017294742166996002,0.401105135679245,1.0734494924545288,-0.01676751859486103,0.369134783744812,1.0490314960479736,-0.014045416377484798,0.3788169324398041,1.068672776222229,-0.017676930874586105,0.38066616654396057,1.0754308700561523,-0.015855135396122932,0.38107359409332275,1.0799248218536377,-0.014515710063278675
17,17,1,0,1,1.0,0.0,1.0,0.4996909499168396,0.23466233909130096,-0.8981213569641113,0.9989604353904724,0.5235980153083801,0.20316286385059357,-0.8527034521102905,0.9978248476982117,0.5389219522476196,0.20504075288772583,-0.8529820442199707,0.9979208111763,0.5531980395317078,0.20760640501976013,-0.8528351783752441,0.9978219866752625,0.4801568388938904,0.20278117060661316,-0.8473960757255554,0.9980960488319397,0.47009745240211487,0.20399965345859528,-0.8475285768508911,0.9982427954673767,0.4594607353210449,0.20565009117126465,-0.848157525062561,0.9983418583869934,0.5735574960708618,0.24241262674331665,-0.5456994771957397,0.9975218772888184,0.4466480612754822,0.24278682470321655,-0.5103060007095337,0.9980801343917847,0.5302582383155823,0.2882819175720215,-0.7820131182670593,0.9994385838508606,0.4749937951564789,0.28653037548065186,-0.7725857496261597,0.999416708946228,0.6803038120269775,0.521467924118042,-0.3427806496620178,0.9955759644508362,0.36380162835121155,0.5171948075294495,-0.31246691942214966,0.9976338148117065,0.6961368322372437,0.8775279521942139,-0.32376497983932495,0.779087483882904,0.29032012820243835,0.8398863673210144,-0.3162356913089752,0.8086510300636292,0.565649151802063,1.0749865770339966,-0.6166383624076843,0.3374570906162262,0.3491237461566925,0.9613610506057739,-0.7655712366104126,0.3464205861091614,0.54067462682724,1.1784942150115967,-0.7168387174606323,0.26572731137275696,0.38074350357055664,0.995810329914093,-0.8793724775314331,0.2925148606300354,0.5180571675300598,1.1423134803771973,-0.7552139163017273,0.3150739073753357,0.39651238918304443,0.9594930410385132,-0.9196141958236694,0.3492835760116577,0.5069566965103149,1.016593098640442,-0.6400383114814758,0.3287166357040405,0.3868233561515808,0.9455931782722473,-0.7928791046142578,0.35417795181274414,0.600253701210022,1.0832668542861938,-0.04080374911427498,0.1832723766565323,0.4067921042442322,1.0384455919265747,0.04303368180990219,0.2099098116159439,0.5737738013267517,1.5309698581695557,-0.09995494782924652,0.0176721028983593,0.3838915228843689,1.4997483491897583,0.003953720908612013,0.01348209846764803,0.5658684968948364,1.930468201637268,0.3993346095085144,0.0014567699981853366,0.3713839650154114,1.9100886583328247,0.3638715445995331,0.001793315983377397,0.5725427865982056,1.9886364936828613,0.4236010015010834,0.0008017714717425406,0.3718271851539612,1.9740628004074097,0.38527071475982666,0.002521149581298232,0.5215043425559998,2.0590360164642334,0.00887035671621561,0.0014560119016095996,0.36895132064819336,2.035741090774536,-0.042564891278743744,0.004535309039056301,nan,nan,nan,nan,nan,nan,nan,nan,nan,nan,nan,nan,nan,nan,nan,nan,nan,nan,nan,nan,nan,nan,nan,nan,nan,nan,nan,nan,nan,nan,nan,nan,nan,nan,nan,nan,nan,nan,nan,nan,nan,nan,nan,nan,nan,nan,nan,nan,nan,nan,nan,nan,nan,nan,nan,nan,nan,nan,nan,nan,nan,nan,nan,0.3443376421928406,0.9662715196609497,8.829225350837078e-08,0.3665032386779785,0.9288588762283325,-0.01781344786286354,0.39714759588241577,0.907706618309021,-0.028433868661522865,0.4218643307685852,0.8982014656066895,-0.03618231043219566,0.44131338596343994,0.8929994106292725,-0.043392278254032135,0.4142034947872162,0.9578664898872375,-0.02656802535057068,0.45137399435043335,0.9733880162239075,-0.03463197499513626,0.4761403203010559,0.9825231432914734,-0.039073146879673004,0.4936242699623108,0.988973081111908,-0.04178750887513161,0.40589970350265503,0.9903034567832947,-0.021540459245443344,0.43811628222465515,1.008523941040039,-0.02553636208176613,0.4530563950538635,1.0098963975906372,-0.025957081466913223,0.4610082805156708,1.010977864265442,-0.02711096592247486,0.3951401114463806,1.0142674446105957,-0.017285386100411415,0.422170490026474,1.035097599029541,-0.01961352303624153,0.43173569440841675,1.032715082168579,-0.01671689748764038,0.4356144964694977,1.0305793285369873,-0.015680957585573196,0.3847011923789978,1.0319929122924805,-0.014716843143105507,0.40571129322052,1.0510648488998413,-0.016300471499562263,0.4109349846839905,1.0496580600738525,-0.013145814649760723,0.41179463267326355,1.0465807914733887,-0.010866702534258366
18,18,1,0,1,1.0,0.0,1.0,0.5002254843711853,0.23455671966075897,-0.9254755973815918,0.9990131855010986,0.5235995650291443,0.20285488665103912,-0.8780183792114258,0.9979223608970642,0.5388906598091125,0.2046649158000946,-0.8782244920730591,0.9979977011680603,0.5531392097473145,0.20718435943126678,-0.8779870271682739,0.9978736042976379,0.48031383752822876,0.20259781181812286,-0.8742338418960571,0.9982075095176697,0.4702222943305969,0.20390081405639648,-0.874424934387207,0.9983576536178589,0.45973342657089233,0.20563536882400513,-0.8751630783081055,0.9984572529792786,0.5732781291007996,0.24185501039028168,-0.5640670657157898,0.997604489326477,0.44686779379844666,0.2431444376707077,-0.5334202647209167,0.9982231855392456,0.5314024686813354,0.2880980670452118,-0.8085349798202515,0.9994634389877319,0.47607022523880005,0.28653234243392944,-0.800416111946106,0.9994575381278992,0.6806133985519409,0.521484911441803,-0.34278807044029236,0.9953467845916748,0.3637964129447937,0.5162387490272522,-0.36236605048179626,0.9977896213531494,0.6962043642997742,0.8838151693344116,-0.3108452558517456,0.7771560549736023,0.2717333137989044,0.8397460579872131,-0.4334091246128082,0.8220343589782715,0.5716394782066345,1.0793075561523438,-0.5907688140869141,0.3414546549320221,0.35227739810943604,0.9398616552352905,-0.8663694262504578,0.39219221472740173,0.5466967821121216,1.174231767654419,-0.6844756007194519,0.26827874779701233,0.4028700888156891,0.9734744429588318,-0.97660893201828,0.3363020718097687,0.5246790051460266,1.1378898620605469,-0.7249253392219543,0.31741565465927124,0.4106941223144531,0.9238300919532776,-1.0086687803268433,0.3913764953613281,0.5151509046554565,1.0116682052612305,-0.6131887435913086,0.3306083083152771,0.39757177233695984,0.9071012735366821,-0.8872863054275513,0.3928302228450775,0.5973610877990723,1.0661227703094482,-0.029009560123085976,0.1757291555404663,0.40622225403785706,1.0328367948532104,0.03107857145369053,0.204936683177948,0.5740220546722412,1.5324615240097046,0.040602363646030426,0.01676906645298004,0.3825627863407135,1.5002261400222778,0.08263925462961197,0.012679451145231724,0.5657275915145874,1.9281672239303589,0.5822514295578003,0.0014550623018294573,0.37139230966567993,1.9092463254928589,0.4978184103965759,0.0017670384841039777,0.5724600553512573,1.9846789836883545,0.6107840538024902,0.0008124348241835833,0.37163692712783813,1.9713096618652344,0.5270166993141174,0.0025020642206072807,0.521693766117096,2.057805299758911,0.18972548842430115,0.0014627574710175395,0.37115412950515747,2.0352418422698975,0.08657973259687424,0.004539427347481251,nan,nan,nan,nan,nan,nan,nan,nan,nan,nan,nan,nan,nan,nan,nan,nan,nan,nan,nan,nan,nan,nan,nan,nan,nan,nan,nan,nan,nan,nan,nan,nan,nan,nan,nan,nan,nan,nan,nan,nan,nan,nan,nan,nan,nan,nan,nan,nan,nan,nan,nan,nan,nan,nan,nan,nan,nan,nan,nan,nan,nan,nan,nan,0.34135380387306213,0.9330421090126038,1.8995915240793693e-07,0.36706000566482544,0.8961446285247803,-0.010274454019963741,0.39443275332450867,0.8714593052864075,-0.02062460221350193,0.4192163050174713,0.8579128980636597,-0.029503706842660904,0.4379642605781555,0.8436992168426514,-0.038686055690050125,0.4126032888889313,0.9093654155731201,-0.026839980855584145,0.45649921894073486,0.9160048365592957,-0.03906342387199402,0.4840467572212219,0.9211524128913879,-0.046063076704740524,0.5054215788841248,0.9265970587730408,-0.049880120903253555,0.40990525484085083,0.9435510635375977,-0.028460662811994553,0.4571390151977539,0.9462417960166931,-0.03910384699702263,0.488328218460083,0.9489997029304504,-0.04526713490486145,0.5142799615859985,0.9530401825904846,-0.049453385174274445,0.40439489483833313,0.9719179272651672,-0.029900897294282913,0.4489881694316864,0.9776697754859924,-0.03998641297221184,0.4783775806427002,0.9820046424865723,-0.04555634781718254,0.5008162260055542,0.9849197864532471,-0.04886918514966965,0.3977673351764679,0.9931966662406921,-0.031500156968832016,0.4314403831958771,0.9962129592895508,-0.03986174613237381,0.45165568590164185,0.9993701577186584,-0.041937630623579025,0.4679403603076935,1.0020601749420166,-0.042358484119176865
19,19,1,0,1,1.0,0.0,1.0,0.5003713369369507,0.23348340392112732,-0.9131770133972168,0.9990651607513428,0.5235627889633179,0.20221646130084991,-0.8670448064804077,0.9980117082595825,0.5387192964553833,0.20398764312267303,-0.8672733306884766,0.998085081577301,0.5528737902641296,0.20647457242012024,-0.867082417011261,0.9979334473609924,0.4803786277770996,0.20206956565380096,-0.8621300458908081,0.9983082413673401,0.47031912207603455,0.2034415602684021,-0.8621799349784851,0.9984660744667053,0.4599335193634033,0.20529834926128387,-0.8629125356674194,0.9985590577125549,0.5728877782821655,0.24106411635875702,-0.5528273582458496,0.9977082014083862,0.44707566499710083,0.2431480437517166,-0.5161601305007935,0.9983647465705872,0.5317248106002808,0.28701430559158325,-0.7964088916778564,0.9994935989379883,0.47646695375442505,0.2860121428966522,-0.7863542437553406,0.9994978308677673,0.6806127429008484,0.5194624066352844,-0.32913023233413696,0.9954789876937866,0.36382049322128296,0.5153209567070007,-0.3480849266052246,0.9979680180549622,0.6967344284057617,0.8849727511405945,-0.27127668261528015,0.7787027359008789,0.26154980063438416,0.8394044637680054,-0.4609226584434509,0.8360989689826965,0.6099690794944763,1.0925184488296509,-0.5563780069351196,0.34316712617874146,0.3523969352245331,0.9197406768798828,-0.9632982015609741,0.44006842374801636,0.5845035910606384,1.1788272857666016,-0.6472700238227844,0.268250048160553,0.40751880407333374,0.9453256726264954,-1.0823339223861694,0.382181853055954,0.5620037317276001,1.1415464878082275,-0.6816426515579224,0.31613555550575256,0.4129055440425873,0.8944243788719177,-1.111720085144043,0.4335600733757019,0.5622130632400513,1.0847201347351074,-0.5777788758277893,0.3320259749889374,0.3987526297569275,0.8793133497238159,-0.9847342371940613,0.4351732134819031,0.5974720120429993,1.0536431074142456,-0.01963309571146965,0.17001283168792725,0.40747231245040894,1.0299886465072632,0.021710462868213654,0.20256131887435913,0.583299994468689,1.5327143669128418,0.10221806913614273,0.015200264751911163,0.3834306001663208,1.5017318725585938,0.12488824129104614,0.011501239612698555,0.5676954388618469,1.9234944581985474,0.6905714869499207,0.0013344492763280869,0.37440162897109985,1.9087491035461426,0.5995367765426636,0.001615874469280243,0.5728879570960999,1.977383017539978,0.7227672338485718,0.0007523722015321255,0.37367552518844604,1.9690649509429932,0.6354324817657471,0.00229573342949152,0.5255436301231384,2.0562760829925537,0.2809593379497528,0.0013391945976763964,0.38113677501678467,2.0352795124053955,0.16681072115898132,0.0041592177003622055,nan,nan,nan,nan,nan,nan,nan,nan,nan,nan,nan,nan,nan,nan,nan,nan,nan,nan,nan,nan,nan,nan,nan,nan,nan,nan,nan,nan,nan,nan,nan,nan,nan,nan,nan,nan,nan,nan,nan,nan,nan,nan,nan,nan,nan,nan,nan,nan,nan,nan,nan,nan,nan,nan,nan,nan,nan,nan,nan,nan,nan,nan,nan,0.3459884524345398,0.9059851765632629,2.3248355773830554e-07,0.36964601278305054,0.8650820255279541,-0.010412713512778282,0.3970383107662201,0.8373978734016418,-0.019719231873750687,0.42124900221824646,0.8234884142875671,-0.027798151597380638,0.4398665428161621,0.8085753917694092,-0.03597626835107803,0.41855108737945557,0.8803601861000061,-0.02365288697183132,0.4618595838546753,0.8832333087921143,-0.03663972392678261,0.48884904384613037,0.8860231637954712,-0.04451555013656616,0.5105195045471191,0.8889225125312805,-0.04885066673159599,0.41805994510650635,0.914027214050293,-0.025782717391848564,0.46416670083999634,0.9130696058273315,-0.03661835938692093,0.49498921632766724,0.9136905670166016,-0.04297369718551636,0.5203707814216614,0.9154989123344421,-0.04709772393107414,0.413552850484848,0.9433046579360962,-0.028256703168153763,0.45585745573043823,0.9438266754150391,-0.038337934762239456,0.482056200504303,0.9440800547599792,-0.04287906736135483,0.5023889541625977,0.9443836212158203,-0.044926583766937256,0.406482070684433,0.9681350588798523,-0.03123367950320244,0.44030240178108215,0.9739394783973694,-0.03912239521741867,0.46079832315444946,0.9769952297210693,-0.040736954659223557,0.4780113697052002,0.9795234203338623,-0.04058512672781944
20,20,1,0,1,1.0,0.0,1.0,0.5004590749740601,0.23180276155471802,-0.9652382731437683,0.9991171956062317,0.5235412120819092,0.20120449364185333,-0.9204290509223938,0.9981014132499695,0.5386013984680176,0.20298261940479279,-0.9205911755561829,0.9981720447540283,0.5526634454727173,0.205488920211792,-0.9204055666923523,0.997995913028717,0.48043355345726013,0.20106424391269684,-0.9156352281570435,0.9984117746353149,0.47038668394088745,0.20245008170604706,-0.9156917333602905,0.9985736608505249,0.46007242798805237,0.20438352227210999,-0.9164242744445801,0.9986607432365417,0.5725823640823364,0.24028894305229187,-0.6003246903419495,0.9978067874908447,0.44715046882629395,0.24293427169322968,-0.5641155242919922,0.9984967708587646,0.5317902565002441,0.2850990891456604,-0.8460553884506226,0.9995213747024536,0.4767378270626068,0.28439661860466003,-0.8363180160522461,0.9995359182357788,0.6804050207138062,0.5180473327636719,-0.3573383688926697,0.9955391883850098,0.3634774386882782,0.5136548280715942,-0.38784727454185486,0.9981367588043213,0.6968783140182495,0.8851073384284973,-0.29250985383987427,0.7798157930374146,0.25151538848876953,0.838720977306366,-0.504080057144165,0.8494299054145813,0.6139079332351685,1.0879768133163452,-0.5656026601791382,0.33825019001960754,0.35283252596855164,0.9070796370506287,-0.9911929965019226,0.48141324520111084,0.586380124092102,1.1588499546051025,-0.6514371037483215,0.261809378862381,0.4115528166294098,0.9351629614830017,-1.1063557863235474,0.41910380125045776,0.5661446452140808,1.1214739084243774,-0.6827157735824585,0.30765989422798157,0.417119562625885,0.8819008469581604,-1.1245194673538208,0.46697744727134705,0.5691094994544983,1.0842297077178955,-0.5846846699714661,0.32465097308158875,0.40175527334213257,0.8660705089569092,-1.006951928138733,0.46821483969688416,0.5972984433174133,1.0471386909484863,-0.01796027086675167,0.16308864951133728,0.4080420434474945,1.029186487197876,0.01996876858174801,0.19928273558616638,0.5871593952178955,1.5316184759140015,0.12516917288303375,0.013847666792571545,0.3837124705314636,1.503484845161438,0.15457123517990112,0.010493151843547821,0.570193886756897,1.9182980060577393,0.7196828126907349,0.0012486102059483528,0.3767940402030945,1.9079952239990234,0.6495213508605957,0.0015043457970023155,0.5740718841552734,1.9711112976074219,0.7529491186141968,0.0007142183603718877,0.3756147623062134,1.9667941331863403,0.6870834231376648,0.0021437432151287794,0.5309816598892212,2.0539181232452393,0.3096519410610199,0.0012488706270232797,0.3876633644104004,2.0353782176971436,0.2178453505039215,0.00388326239772141,nan,nan,nan,nan,nan,nan,nan,nan,nan,nan,nan,nan,nan,nan,nan,nan,nan,nan,nan,nan,nan,nan,nan,nan,nan,nan,nan,nan,nan,nan,nan,nan,nan,nan,nan,nan,nan,nan,nan,nan,nan,nan,nan,nan,nan,nan,nan,nan,nan,nan,nan,nan,nan,nan,nan,nan,nan,nan,nan,nan,nan,nan,nan,0.3535532057285309,0.8968598246574402,2.170400392742522e-07,0.37577101588249207,0.8524191975593567,-0.009083136916160583,0.40276214480400085,0.824512779712677,-0.017824556678533554,0.4288610517978668,0.8111867308616638,-0.025448044762015343,0.44795793294906616,0.7976252436637878,-0.03317790478467941,0.4257015883922577,0.8667211532592773,-0.022343117743730545,0.4705485701560974,0.8672149777412415,-0.03445339947938919,0.4974591135978699,0.8686398863792419,-0.04144079610705376,0.5184966325759888,0.8710240125656128,-0.04519176855683327,0.4258168041706085,0.9003840088844299,-0.024854617193341255,0.4739343822002411,0.896530032157898,-0.0352402962744236,0.50505530834198,0.894985020160675,-0.04125574603676796,0.5296245813369751,0.8950657248497009,-0.04511452093720436,0.42232540249824524,0.929743766784668,-0.02757079526782036,0.46653327345848083,0.9273297190666199,-0.037675488740205765,0.49380624294281006,0.9253227710723877,-0.04249492287635803,0.5140249729156494,0.9242854118347168,-0.04469747841358185,0.4162425100803375,0.9545943140983582,-0.03060312010347843,0.4512929618358612,0.9585933685302734,-0.03894703835248947,0.47234565019607544,0.9610247611999512,-0.0410832017660141,0.4895220398902893,0.9640348553657532,-0.04121444374322891
21,21,1,0,1,1.0,0.0,1.0,0.500194787979126,0.23040871322155,-0.9799696207046509,0.9991719722747803,0.5230535268783569,0.19998866319656372,-0.9361224174499512,0.9982010722160339,0.5379297733306885,0.20171184837818146,-0.9362858533859253,0.9982628226280212,0.5518035292625427,0.2041732221841812,-0.9360839128494263,0.9980712532997131,0.4802970886230469,0.2000415325164795,-0.9290832281112671,0.9985191226005554,0.4703279137611389,0.20145320892333984,-0.9291303753852844,0.998678982257843,0.459987074136734,0.20347101986408234,-0.9298493266105652,0.9987614154815674,0.5718063116073608,0.2390594333410263,-0.6188283562660217,0.9979095458984375,0.44715213775634766,0.24266624450683594,-0.5735805034637451,0.9986212849617004,0.5315883755683899,0.2834632992744446,-0.8618683815002441,0.9995509386062622,0.47673478722572327,0.2828361690044403,-0.8498223423957825,0.9995729327201843,0.6802372932434082,0.5164942741394043,-0.38199344277381897,0.995592474937439,0.36337509751319885,0.512419581413269,-0.38419294357299805,0.9982936382293701,0.6971752047538757,0.8851186633110046,-0.33278995752334595,0.782256543636322,0.23899903893470764,0.8356495499610901,-0.5145431160926819,0.8620989918708801,0.6129102110862732,1.064050316810608,-0.5889407992362976,0.34067222476005554,0.3577600121498108,0.8955137729644775,-1.0161218643188477,0.5207750201225281,0.5778257846832275,1.1237338781356812,-0.6698276996612549,0.2593885660171509,0.42127642035484314,0.9281094074249268,-1.1300410032272339,0.45366302132606506,0.5619710683822632,1.085132122039795,-0.6882998943328857,0.303274542093277,0.4290318489074707,0.8771814107894897,-1.1356092691421509,0.49783796072006226,0.567961573600769,1.0622007846832275,-0.6014374494552612,0.32080405950546265,0.41182810068130493,0.859204888343811,-1.026677131652832,0.4985155463218689,0.5973893404006958,1.04075026512146,-0.01908382587134838,0.1545458734035492,0.40942326188087463,1.028557538986206,0.02113162726163864,0.19321665167808533,0.591560959815979,1.5304875373840332,0.11391162872314453,0.012604577466845512,0.38480687141418457,1.5044093132019043,0.18810483813285828,0.009580493904650211,0.5743089914321899,1.915417194366455,0.7060298919677734,0.001158214407041669,0.38133785128593445,1.9079196453094482,0.7006772756576538,0.0013970036525279284,0.5771008133888245,1.9677226543426514,0.7391059994697571,0.0006669713766314089,0.38006600737571716,1.9660509824752808,0.740841805934906,0.0019933024886995554,0.537973940372467,2.05312180519104,0.29195982217788696,0.0011584691237658262,0.3956969976425171,2.035762071609497,0.270841509103775,0.0036387513391673565,nan,nan,nan,nan,nan,nan,nan,nan,nan,nan,nan,nan,nan,nan,nan,nan,nan,nan,nan,nan,nan,nan,nan,nan,nan,nan,nan,nan,nan,nan,nan,nan,nan,nan,nan,nan,nan,nan,nan,nan,nan,nan,nan,nan,nan,nan,nan,nan,nan,nan,nan,nan,nan,nan,nan,nan,nan,nan,nan,nan,nan,nan,nan,0.3658982515335083,0.892551600933075,2.2993631887402444e-07,0.38785994052886963,0.8487858176231384,-0.010493816807866096,0.4148052930831909,0.8209173679351807,-0.019443588331341743,0.4422513246536255,0.8093547224998474,-0.026864727959036827,0.4625518321990967,0.7966645956039429,-0.03416008502244949,0.4403148889541626,0.8619403839111328,-0.022705862298607826,0.48536309599876404,0.8610769510269165,-0.034760553389787674,0.5120626091957092,0.8609175682067871,-0.04194822907447815,0.5330792665481567,0.8620895147323608,-0.04579329118132591,0.4401572346687317,0.8941167593002319,-0.024299364537000656,0.4874822497367859,0.8891665935516357,-0.03441543132066727,0.5181456208229065,0.8866495490074158,-0.03997698053717613,0.5422433614730835,0.8858968615531921,-0.043414756655693054,0.43591970205307007,0.9228180646896362,-0.026331961154937744,0.48010554909706116,0.9200381636619568,-0.036182764917612076,0.5074715614318848,0.9177803993225098,-0.04055612161755562,0.527826189994812,0.9167535901069641,-0.04242309182882309,0.4288932979106903,0.9486511945724487,-0.028832366690039635,0.46398812532424927,0.9527958035469055,-0.03701745346188545,0.4853607416152954,0.9543270468711853,-0.038890693336725235,0.5031144022941589,0.9559172987937927,-0.03877229616045952
22,22,1,0,1,1.0,0.0,1.0,0.4995778501033783,0.22676017880439758,-0.9661132097244263,0.9992180466651917,0.52225261926651,0.19741365313529968,-0.9213420152664185,0.9982823133468628,0.5369898080825806,0.1991472989320755,-0.921502411365509,0.998333752155304,0.5506129860877991,0.20159600675106049,-0.9212745428085327,0.9981236457824707,0.4799007773399353,0.19771750271320343,-0.9143010973930359,0.9986149072647095,0.470048725605011,0.1991214007139206,-0.9143478274345398,0.9987735152244568,0.4595645070075989,0.2010323703289032,-0.9150876998901367,0.9988532066345215,0.5706628561019897,0.23669081926345825,-0.6043286919593811,0.997970700263977,0.4470371603965759,0.24100174009799957,-0.558809757232666,0.998735249042511,0.5310978889465332,0.27978888154029846,-0.8486402630805969,0.9995746612548828,0.47655874490737915,0.27883559465408325,-0.8363415002822876,0.999606728553772,0.6795225143432617,0.5150399804115295,-0.37366268038749695,0.9955453872680664,0.3630671501159668,0.5095894932746887,-0.3845667839050293,0.9984402656555176,0.6971884369850159,0.8850487470626831,-0.3204278349876404,0.7791614532470703,0.22548797726631165,0.824040412902832,-0.5377195477485657,0.8745108842849731,0.615193247795105,1.0654181241989136,-0.5807603597640991,0.3345595598220825,0.3687179684638977,0.888920783996582,-1.02871835231781,0.5588074326515198,0.5838711261749268,1.1304775476455688,-0.6641255617141724,0.2527230978012085,0.43547192215919495,0.9255321621894836,-1.1427431106567383,0.4878990352153778,0.5672289133071899,1.09736967086792,-0.6878584623336792,0.2947872579097748,0.447744756937027,0.8779553174972534,-1.1434171199798584,0.5285540223121643,0.5721942782402039,1.0686237812042236,-0.5965984463691711,0.31336987018585205,0.43164414167404175,0.8597925305366516,-1.0359675884246826,0.5288406014442444,0.5984447002410889,1.0403655767440796,-0.020500993356108665,0.1478450447320938,0.41175323724746704,1.029785394668579,0.022535864263772964,0.1904825121164322,0.5963080525398254,1.5305551290512085,0.11076287180185318,0.011503873392939568,0.3866361081600189,1.507125973701477,0.18965713679790497,0.008781848475337029,0.5787487030029297,1.915114164352417,0.7042369842529297,0.0010922147193923593,0.3849480152130127,1.9090496301651,0.6958063840866089,0.0013169157318770885,0.5817368030548096,1.9673491716384888,0.7369881272315979,0.0006348720053210855,0.3833017647266388,1.966218113899231,0.7353564500808716,0.001883970107883215,0.5423187017440796,2.0532126426696777,0.2883266508579254,0.001088750665076077,0.40145111083984375,2.040532112121582,0.2651306688785553,0.0034522898495197296,nan,nan,nan,nan,nan,nan,nan,nan,nan,nan,nan,nan,nan,nan,nan,nan,nan,nan,nan,nan,nan,nan,nan,nan,nan,nan,nan,nan,nan,nan,nan,nan,nan,nan,nan,nan,nan,nan,nan,nan,nan,nan,nan,nan,nan,nan,nan,nan,nan,nan,nan,nan,nan,nan,nan,nan,nan,nan,nan,nan,nan,nan,nan,0.3854080140590668,0.8914258480072021,2.414448090348742e-07,0.40717217326164246,0.845233142375946,-0.009988471865653992,0.43412524461746216,0.818352460861206,-0.01816227100789547,0.46263784170150757,0.8089849948883057,-0.024891015142202377,0.48571574687957764,0.7987187504768372,-0.031305987387895584,0.4612855613231659,0.8621730804443359,-0.018976479768753052,0.5056138634681702,0.8596711754798889,-0.029493508860468864,0.5319859385490417,0.8594403266906738,-0.03620806708931923,0.552337110042572,0.8612164855003357,-0.03984732925891876,0.46178874373435974,0.892992377281189,-0.02025686763226986,0.508175253868103,0.8866646885871887,-0.028772098943591118,0.5378366708755493,0.8842054605484009,-0.0342058390378952,0.5609326362609863,0.8848544955253601,-0.03772579878568649,0.4582359194755554,0.9201815724372864,-0.022070391103625298,0.5029855966567993,0.9167659878730774,-0.030850159004330635,0.5302433967590332,0.9154987335205078,-0.03545637056231499,0.5504611134529114,0.9163111448287964,-0.03778432682156563,0.4514847695827484,0.9446197748184204,-0.024318592622876167,0.48492395877838135,0.9490307569503784,-0.03197365626692772,0.5055296421051025,0.9505648016929626,-0.033984776586294174,0.5225039720535278,0.9522721171379089,-0.034070905297994614
23,23,1,0,1,1.0,0.0,1.0,0.4994593560695648,0.22226589918136597,-0.9838892817497253,0.9992414116859436,0.5219517350196838,0.1942845731973648,-0.936957061290741,0.9983108043670654,0.5365595817565918,0.1961042284965515,-0.9371337890625,0.9983485341072083,0.549927294254303,0.19857265055179596,-0.9368958473205566,0.9981034994125366,0.47975295782089233,0.1945517212152481,-0.9312361478805542,0.998679518699646,0.46991366147994995,0.19594751298427582,-0.9313503503799438,0.998843252658844,0.4594370424747467,0.19771595299243927,-0.9321311712265015,0.9989241361618042,0.5698598623275757,0.23371082544326782,-0.6118375658988953,0.9979356527328491,0.4469219148159027,0.23873135447502136,-0.5714606046676636,0.9988272786140442,0.5309866666793823,0.2749099135398865,-0.8634614944458008,0.9995821118354797,0.47649282217025757,0.2737054228782654,-0.8527575731277466,0.9996326565742493,0.6792581677436829,0.5128317475318909,-0.37602782249450684,0.9952610731124878,0.36279067397117615,0.5076823234558105,-0.39983367919921875,0.998563289642334,0.697176992893219,0.8842224478721619,-0.3332134485244751,0.7739025950431824,0.21460330486297607,0.8187997341156006,-0.5620627999305725,0.885912299156189,0.6175965070724487,1.0541402101516724,-0.6198596954345703,0.32787060737609863,0.3880675137042999,0.8869146704673767,-1.0417364835739136,0.5938388109207153,0.5889207124710083,1.1197772026062012,-0.7052850723266602,0.2458225041627884,0.4520561695098877,0.9250871539115906,-1.1556366682052612,0.5191277265548706,0.5731220245361328,1.0853239297866821,-0.7293185591697693,0.2859354019165039,0.4662770628929138,0.8764705657958984,-1.1513375043869019,0.5564893484115601,0.5770846009254456,1.0592633485794067,-0.6364925503730774,0.30472561717033386,0.44800859689712524,0.8601140379905701,-1.0458910465240479,0.5558164119720459,0.6006864905357361,1.0406973361968994,-0.021391456946730614,0.14234089851379395,0.41387906670570374,1.0303771495819092,0.023456189781427383,0.18939298391342163,0.6032060384750366,1.529660701751709,0.1130136251449585,0.01063314825296402,0.39296025037765503,1.5097601413726807,0.20828130841255188,0.008178199641406536,0.5911138653755188,1.914233684539795,0.7115998268127441,0.001081616384908557,0.3965180814266205,1.9105430841445923,0.73134845495224,0.001313578337430954,0.5946857929229736,1.9666310548782349,0.7446178793907166,0.0006306209252215922,0.3949372470378876,1.96690833568573,0.7724776864051819,0.0018745720153674483,0.556534469127655,2.0530543327331543,0.29098254442214966,0.0010678778635337949,0.41582566499710083,2.043922185897827,0.30152860283851624,0.003467033850029111,nan,nan,nan,nan,nan,nan,nan,nan,nan,nan,nan,nan,nan,nan,nan,nan,nan,nan,nan,nan,nan,nan,nan,nan,nan,nan,nan,nan,nan,nan,nan,nan,nan,nan,nan,nan,nan,nan,nan,nan,nan,nan,nan,nan,nan,nan,nan,nan,nan,nan,nan,nan,nan,nan,nan,nan,nan,nan,nan,nan,nan,nan,nan,0.4044005274772644,0.885152280330658,2.304425805732535e-07,0.42630714178085327,0.8390041589736938,-0.008500367403030396,0.45607274770736694,0.8145837783813477,-0.014859644696116447,0.4853632152080536,0.8068292737007141,-0.02002290077507496,0.5082173347473145,0.7969967126846313,-0.024867108091711998,0.48359304666519165,0.8575577139854431,-0.014905012212693691,0.5274084806442261,0.8560103178024292,-0.023836255073547363,0.5533124208450317,0.8565354943275452,-0.02964066155254841,0.5729469060897827,0.858708918094635,-0.03266507014632225,0.4843176007270813,0.8874414563179016,-0.016185805201530457,0.5300981998443604,0.8820760846138,-0.023091023787856102,0.559598982334137,0.879916787147522,-0.02775801345705986,0.5818887948989868,0.8801289796829224,-0.030741514638066292,0.48075398802757263,0.9135019779205322,-0.018032627180218697,0.5244184732437134,0.9108858108520508,-0.025301601737737656,0.5508503317832947,0.9097066521644592,-0.029369492083787918,0.5702083706855774,0.9098838567733765,-0.031406570225954056,0.47372445464134216,0.9368098378181458,-0.020305566489696503,0.5062443614006042,0.9408588409423828,-0.026531191542744637,0.5262917280197144,0.9419879913330078,-0.02799864672124386,0.5423809289932251,0.9428114891052246,-0.027833949774503708
24,24,1,0,1,1.0,0.0,1.0,0.4994264245033264,0.2196551412343979,-0.9642173051834106,0.9992626905441284,0.5216313600540161,0.19222266972064972,-0.9189565777778625,0.9983356595039368,0.5361008644104004,0.1941031813621521,-0.9191696047782898,0.9983651638031006,0.5492681264877319,0.19654330611228943,-0.9189778566360474,0.9980902075767517,0.479665607213974,0.19197788834571838,-0.9128546714782715,0.9987342357635498,0.4698287844657898,0.19345422089099884,-0.9129326939582825,0.9989036321640015,0.45939499139785767,0.19512520730495453,-0.9136686325073242,0.9989859461784363,0.5690937638282776,0.23257802426815033,-0.6079166531562805,0.9979127645492554,0.4468144476413727,0.23712702095508575,-0.5624822378158569,0.9989082217216492,0.5309675335884094,0.272306352853775,-0.846319317817688,0.9995880722999573,0.47646111249923706,0.27071136236190796,-0.8352279663085938,0.999655544757843,0.6791539788246155,0.5127050876617432,-0.3688260614871979,0.9950821399688721,0.3621237576007843,0.5058552026748657,-0.38273292779922485,0.9986730813980103,0.6971962451934814,0.8818525075912476,-0.32610952854156494,0.7687991857528687,0.21179313957691193,0.8160765767097473,-0.5387309789657593,0.8962841629981995,0.6227596998214722,1.0554049015045166,-0.6044610142707825,0.3183898329734802,0.39485427737236023,0.8816382884979248,-1.0054404735565186,0.6247984170913696,0.6003589630126953,1.1250269412994385,-0.690532386302948,0.2372005134820938,0.45741644501686096,0.9166240692138672,-1.1191716194152832,0.5459828972816467,0.5837690234184265,1.0928668975830078,-0.7190060019493103,0.27525389194488525,0.47358909249305725,0.8706777095794678,-1.111570119857788,0.5803254246711731,0.5853338837623596,1.060058832168579,-0.6230449676513672,0.2946571111679077,0.4551737904548645,0.8559134006500244,-1.0082385540008545,0.5788098573684692,0.6019431352615356,1.0417914390563965,-0.022184323519468307,0.13913628458976746,0.4140545725822449,1.0310181379318237,0.02423713356256485,0.19007380306720734,0.6022648215293884,1.5299429893493652,0.11808810383081436,0.009886248037219048,0.39293697476387024,1.511742115020752,0.19290146231651306,0.007707800716161728,0.589282751083374,1.9143013954162598,0.7123852968215942,0.001069665770046413,0.3949918746948242,1.9118293523788452,0.6908562183380127,0.0013046720996499062,0.5927767157554626,1.966712474822998,0.7451779842376709,0.0006273164763115346,0.39328300952911377,1.9675649404525757,0.7292237877845764,0.0018701301887631416,0.5537803769111633,2.0536949634552,0.29544955492019653,0.001039373455569148,0.4135304093360901,2.0475239753723145,0.2604587972164154,0.003421840723603964,nan,nan,nan,nan,nan,nan,nan,nan,nan,nan,nan,nan,nan,nan,nan,nan,nan,nan,nan,nan,nan,nan,nan,nan,nan,nan,nan,nan,nan,nan,nan,nan,nan,nan,nan,nan,nan,nan,nan,nan,nan,nan,nan,nan,nan,nan,nan,nan,nan,nan,nan,nan,nan,nan,nan,nan,nan,nan,nan,nan,nan,nan,nan,0.41513991355895996,0.8849753141403198,1.851718138823344e-07,0.4342406988143921,0.8359649181365967,-0.00944782979786396,0.46200957894325256,0.8096770644187927,-0.016241097822785378,0.4911741614341736,0.8023118376731873,-0.02162121795117855,0.513282060623169,0.7926227450370789,-0.026612553745508194,0.4928872287273407,0.8518625497817993,-0.017289578914642334,0.536430299282074,0.8497167229652405,-0.02699236385524273,0.5621359348297119,0.8492345809936523,-0.033097729086875916,0.5819829106330872,0.8503373861312866,-0.0363592691719532,0.4944644272327423,0.883028507232666,-0.018250087276101112,0.5402116179466248,0.8763697743415833,-0.025488439947366714,0.569043755531311,0.8731378316879272,-0.02973264828324318,0.5908432602882385,0.8726611733436584,-0.03251578286290169,0.4911412298679352,0.9090119004249573,-0.01979747600853443,0.533678412437439,0.9036401510238647,-0.027259526774287224,0.5585454106330872,0.8998280763626099,-0.030599765479564667,0.5766798853874207,0.897938072681427,-0.03218473866581917,0.48439130187034607,0.9311805367469788,-0.021962272003293037,0.5163191556930542,0.9329648017883301,-0.02842818945646286,0.5356865525245667,0.9330670237541199,-0.029859498143196106,0.5513303279876709,0.933743417263031,-0.0296696275472641
25,25,1,0,1,1.0,0.0,1.0,0.4994831681251526,0.21950101852416992,-0.9750622510910034,0.9992811679840088,0.5215018391609192,0.19154956936836243,-0.9275414347648621,0.998354971408844,0.5358601212501526,0.19335682690143585,-0.9277220964431763,0.9983768463134766,0.5489533543586731,0.19573038816452026,-0.9275040626525879,0.9980717301368713,0.4796066880226135,0.19129157066345215,-0.9231374859809875,0.9987818598747253,0.4697384238243103,0.19301240146160126,-0.9232697486877441,0.9989575147628784,0.4593474864959717,0.19484026730060577,-0.9240100979804993,0.9990405440330505,0.5685272812843323,0.23236876726150513,-0.6052735447883606,0.9978832602500916,0.4466315805912018,0.23703211545944214,-0.5696425437927246,0.9989787936210632,0.5310705900192261,0.27223828434944153,-0.8546687960624695,0.9995909929275513,0.47648873925209045,0.27082934975624084,-0.8457018733024597,0.9996750354766846,0.678814709186554,0.5127667188644409,-0.36881858110427856,0.9948533177375793,0.3614623546600342,0.5055449604988098,-0.3956061899662018,0.9987634420394897,0.6973267793655396,0.8804709911346436,-0.3276902139186859,0.7639161348342896,0.21455919742584229,0.8158571124076843,-0.5434079766273499,0.9054100513458252,0.6267898678779602,1.0548274517059326,-0.6187732219696045,0.31097036600112915,0.39522868394851685,0.8836730122566223,-0.9989286661148071,0.6523147821426392,0.6061850190162659,1.1251269578933716,-0.7046729326248169,0.23048610985279083,0.45661792159080505,0.9177553653717041,-1.1109312772750854,0.5698991417884827,0.5888206362724304,1.0937838554382324,-0.7352933883666992,0.2668289244174957,0.4721742570400238,0.8714315891265869,-1.10495924949646,0.6017076969146729,0.589725911617279,1.0612950325012207,-0.638702929019928,0.2864941954612732,0.454474538564682,0.8570416569709778,-1.0019915103912354,0.5990607142448425,0.6161736249923706,1.074639916419983,-0.022728154435753822,0.13501277565956116,0.41448846459388733,1.0313560962677002,0.024777768179774284,0.1884637326002121,0.6017404198646545,1.5310866832733154,0.12098133563995361,0.009271413087844849,0.39283424615859985,1.5175501108169556,0.18375389277935028,0.007317132316529751,0.5880640149116516,1.9173496961593628,0.7144925594329834,0.00107100501190871,0.3939826786518097,1.9169870615005493,0.6722124218940735,0.001315168454311788,0.591475784778595,1.9702376127243042,0.7472711801528931,0.0006270843441598117,0.392313152551651,1.972360610961914,0.7095733880996704,0.0018737170612439513,0.5519906282424927,2.0581095218658447,0.29957038164138794,0.001023420481942594,0.4114062786102295,2.0547783374786377,0.24099907279014587,0.003418954787775874,nan,nan,nan,nan,nan,nan,nan,nan,nan,nan,nan,nan,nan,nan,nan,nan,nan,nan,nan,nan,nan,nan,nan,nan,nan,nan,nan,nan,nan,nan,nan,nan,nan,nan,nan,nan,nan,nan,nan,nan,nan,nan,nan,nan,nan,nan,nan,nan,nan,nan,nan,nan,nan,nan,nan,nan,nan,nan,nan,nan,nan,nan,nan,0.40976136922836304,0.8862808346748352,1.37843017000705e-07,0.42840710282325745,0.8374552726745605,-0.00865321047604084,0.45680853724479675,0.809955894947052,-0.014753961935639381,0.48537805676460266,0.801693856716156,-0.01984567940235138,0.5071938633918762,0.7922641038894653,-0.02464652992784977,0.4884547293186188,0.8526562452316284,-0.014754816889762878,0.5307419896125793,0.8486985564231873,-0.024187304079532623,0.5560773611068726,0.8480234742164612,-0.03069421462714672,0.5754379630088806,0.8490197062492371,-0.034373145550489426,0.48960214853286743,0.8822240829467773,-0.016386965289711952,0.533812403678894,0.8744257688522339,-0.024043260142207146,0.562500536441803,0.8698380589485168,-0.029587015509605408,0.5849289298057556,0.8685135841369629,-0.03326088562607765,0.48621225357055664,0.908011794090271,-0.0186095479875803,0.5280999541282654,0.9015631675720215,-0.02652539312839508,0.5533486008644104,0.897462785243988,-0.03075585886836052,0.5717565417289734,0.8955551981925964,-0.03288041055202484,0.4793204069137573,0.9309840798377991,-0.021396946161985397,0.5107195973396301,0.9319989085197449,-0.02801574394106865,0.5300326347351074,0.9314467310905457,-0.029701123014092445,0.5454202890396118,0.9316890239715576,-0.029736967757344246
26,26,1,0,1,1.0,0.0,1.0,0.4994766116142273,0.21939322352409363,-0.968487560749054,0.9993070363998413,0.5212606191635132,0.19084995985031128,-0.9211166501045227,0.998397171497345,0.5355515480041504,0.19259971380233765,-0.9212983250617981,0.9984131455421448,0.548622190952301,0.19489030539989471,-0.9210813641548157,0.9980893731117249,0.47932004928588867,0.19060800969600677,-0.9173515439033508,0.9988409280776978,0.46945229172706604,0.19253768026828766,-0.9174897074699402,0.9990175366401672,0.45909443497657776,0.1945074051618576,-0.9182246923446655,0.9990991950035095,0.5681341886520386,0.23202328383922577,-0.5995268821716309,0.9979022741317749,0.44635462760925293,0.23693574965000153,-0.567958414554596,0.9990511536598206,0.5310701131820679,0.27220475673675537,-0.8488731384277344,0.9995997548103333,0.4763941764831543,0.27101120352745056,-0.8407099843025208,0.9996955990791321,0.6784915328025818,0.5128120183944702,-0.3666927218437195,0.9946297407150269,0.359641969203949,0.5055879950523376,-0.3988580107688904,0.9988470077514648,0.6978031992912292,0.8797571659088135,-0.323512464761734,0.7562252879142761,0.21591536700725555,0.8171443939208984,-0.5378820300102234,0.9132822155952454,0.6266231536865234,1.0531421899795532,-0.6103523373603821,0.3015978932380676,0.39437633752822876,0.8876706957817078,-0.9835346937179565,0.6760436296463013,0.6053224802017212,1.1218112707138062,-0.695623517036438,0.22294488549232483,0.4539198875427246,0.9204590916633606,-1.092008113861084,0.5900629758834839,0.5879639387130737,1.090208888053894,-0.7270190119743347,0.25772324204444885,0.4684301018714905,0.8739897608757019,-1.0874722003936768,0.619833767414093,0.588945746421814,1.0602960586547852,-0.6300841569900513,0.27738237380981445,0.45090121030807495,0.8592047095298767,-0.9868519902229309,0.6160352230072021,0.6157176494598389,1.0608576536178589,-0.02162073738873005,0.13014619052410126,0.4145291745662689,1.0317518711090088,0.023594610393047333,0.18519122898578644,0.6024102568626404,1.532193660736084,0.11623089015483856,0.008675049990415573,0.39345017075538635,1.5231420993804932,0.1761290729045868,0.006871805060654879,0.5893452763557434,1.9210573434829712,0.7006783485412598,0.0010528978891670704,0.3943668603897095,1.923207402229309,0.6582669019699097,0.0012880690628662705,0.5925636291503906,1.9744147062301636,0.7329584360122681,0.0006212980370037258,0.39257514476776123,1.979232668876648,0.6949365139007568,0.0018251364817842841,0.5535143613815308,2.063657522201538,0.2896995544433594,0.000997558468952775,0.41237884759902954,2.0604560375213623,0.229160875082016,0.0033413483761250973,nan,nan,nan,nan,nan,nan,nan,nan,nan,nan,nan,nan,nan,nan,nan,nan,nan,nan,nan,nan,nan,nan,nan,nan,nan,nan,nan,nan,nan,nan,nan,nan,nan,nan,nan,nan,nan,nan,nan,nan,nan,nan,nan,nan,nan,nan,nan,nan,nan,nan,nan,nan,nan,nan,nan,nan,nan,nan,nan,nan,nan,nan,nan,0.4043009877204895,0.8881992101669312,1.4820844285168278e-07,0.4224247336387634,0.8390727639198303,-0.008444566279649734,0.44998249411582947,0.810661256313324,-0.014874779619276524,0.478095144033432,0.8015872836112976,-0.02023405022919178,0.49974244832992554,0.7918422818183899,-0.02535194903612137,0.4810524880886078,0.8525795340538025,-0.016832180321216583,0.5247207880020142,0.8468434810638428,-0.026836955919861794,0.5503699779510498,0.8451587557792664,-0.03327427804470062,0.5699374079704285,0.8454746007919312,-0.036679401993751526,0.48287320137023926,0.8822938203811646,-0.018558332696557045,0.5289248824119568,0.8722610473632812,-0.026669492945075035,0.558346688747406,0.8665845990180969,-0.03195049241185188,0.5810936689376831,0.8647056818008423,-0.03527626767754555,0.4801301062107086,0.9084224104881287,-0.02069954387843609,0.5233092904090881,0.9001693725585938,-0.028611037880182266,0.5489661693572998,0.8953421115875244,-0.03254188969731331,0.5672934651374817,0.8933453559875488,-0.034378498792648315,0.47383907437324524,0.9315304160118103,-0.02334865741431713,0.5060740113258362,0.9314886331558228,-0.029803592711687088,0.5258221626281738,0.9302184581756592,-0.031241871416568756,0.5413428544998169,0.9301061034202576,-0.03102296218276024
27,27,1,0,1,1.0,0.0,1.0,0.4993678033351898,0.21935352683067322,-0.9613610506057739,0.9993382692337036,0.5209580659866333,0.19047397375106812,-0.9139527082443237,0.9984517693519592,0.5352145433425903,0.19218596816062927,-0.9140917658805847,0.9984630346298218,0.5483413338661194,0.19449077546596527,-0.9137975573539734,0.9981287717819214,0.4789084494113922,0.19028590619564056,-0.9112367630004883,0.9989038109779358,0.46904367208480835,0.19233889877796173,-0.9114143252372742,0.999078631401062,0.45872873067855835,0.19439028203487396,-0.9121557474136353,0.9991577863693237,0.5679483413696289,0.23199714720249176,-0.5980373620986938,0.9979403018951416,0.44612637162208557,0.23689834773540497,-0.5634965300559998,0.9991201162338257,0.5309972763061523,0.272247314453125,-0.845248818397522,0.9996107220649719,0.47609084844589233,0.27116280794143677,-0.8387504816055298,0.9997153878211975,0.6779753565788269,0.5126294493675232,-0.3657850921154022,0.9943889379501343,0.3585062623023987,0.5061206221580505,-0.3917950987815857,0.9989228248596191,0.6981343030929565,0.877045750617981,-0.3234797716140747,0.7461026906967163,0.21738958358764648,0.8192545771598816,-0.5231664180755615,0.9201685786247253,0.6261773705482483,1.0508477687835693,-0.6065570712089539,0.2922818064689636,0.3927173614501953,0.8903126120567322,-0.9619595408439636,0.6979900002479553,0.6046496629714966,1.1186684370040894,-0.690950334072113,0.21599489450454712,0.4521988034248352,0.9214392900466919,-1.0685932636260986,0.6098899245262146,0.5872262716293335,1.087023138999939,-0.7228895425796509,0.2493951916694641,0.46520185470581055,0.874605119228363,-1.0667439699172974,0.6378402709960938,0.5882092118263245,1.05861234664917,-0.6258618235588074,0.2694385051727295,0.4480257034301758,0.8600727319717407,-0.966049313545227,0.6332011222839355,0.61527419090271,1.0536912679672241,-0.0219239704310894,0.12389367818832397,0.41465863585472107,1.0319949388504028,0.023894134908914566,0.17909887433052063,0.6023863554000854,1.532592535018921,0.11122746765613556,0.008065718226134777,0.39341458678245544,1.5262748003005981,0.17208044230937958,0.00640960643067956,0.589019238948822,1.9231679439544678,0.6877279877662659,0.0010147583670914173,0.39376893639564514,1.925900936126709,0.6572924852371216,0.0012365021975710988,0.5922032594680786,1.976839542388916,0.7189885973930359,0.0006025236216373742,0.39200395345687866,1.9823113679885864,0.6942021250724792,0.0017397190677002072,0.5531176328659058,2.066988229751587,0.28851231932640076,0.000956105359364301,0.4113331437110901,2.0628514289855957,0.22422954440116882,0.003211313160136342,nan,nan,nan,nan,nan,nan,nan,nan,nan,nan,nan,nan,nan,nan,nan,nan,nan,nan,nan,nan,nan,nan,nan,nan,nan,nan,nan,nan,nan,nan,nan,nan,nan,nan,nan,nan,nan,nan,nan,nan,nan,nan,nan,nan,nan,nan,nan,nan,nan,nan,nan,nan,nan,nan,nan,nan,nan,nan,nan,nan,nan,nan,nan,0.40271198749542236,0.8903825283050537,1.5081677418038453e-07,0.41944438219070435,0.8410633206367493,-0.009218994528055191,0.4443117678165436,0.811414897441864,-0.016558019444346428,0.4712204039096832,0.8009979724884033,-0.022693593055009842,0.49305015802383423,0.7911116480827332,-0.028529580682516098,0.47663578391075134,0.8527381420135498,-0.019132869318127632,0.520810067653656,0.8444013595581055,-0.02962242066860199,0.5461047291755676,0.8408952355384827,-0.036006130278110504,0.565707266330719,0.8398052453994751,-0.03934255614876747,0.47951582074165344,0.8826019167900085,-0.020707663148641586,0.5262561440467834,0.8699223399162292,-0.02947336435317993,0.5558005571365356,0.8626375198364258,-0.03472023829817772,0.5789246559143066,0.8593417406082153,-0.03800002112984657,0.47756192088127136,0.908742368221283,-0.022693496197462082,0.5214346051216125,0.8986781239509583,-0.031207753345370293,0.5467857122421265,0.8929793834686279,-0.03514811024069786,0.5650897026062012,0.8900936841964722,-0.03689156472682953,0.4719688296318054,0.9316670894622803,-0.02519935555756092,0.5050984025001526,0.9306638836860657,-0.03221803531050682,0.525307297706604,0.9289079904556274,-0.03391443192958832,0.54142826795578,0.9282033443450928,-0.033806465566158295
28,28,1,0,1,1.0,0.0,1.0,0.49919837713241577,0.21928057074546814,-0.957986056804657,0.9993647336959839,0.5205783247947693,0.19014009833335876,-0.910650372505188,0.9984990954399109,0.5347734689712524,0.19181522727012634,-0.9108064770698547,0.9985071420669556,0.5479615926742554,0.1941525787115097,-0.9105399250984192,0.9981624484062195,0.4784812033176422,0.18998606503009796,-0.9075562357902527,0.9989567995071411,0.46860021352767944,0.19213619828224182,-0.9077166318893433,0.9991311430931091,0.45833486318588257,0.19424943625926971,-0.9084501266479492,0.9992081522941589,0.5676975846290588,0.23198683559894562,-0.5948306918144226,0.9979729652404785,0.44584569334983826,0.23682032525539398,-0.5610774755477905,0.9991801977157593,0.5308421850204468,0.2722143828868866,-0.8411820530891418,0.9996199011802673,0.47575607895851135,0.2712603509426117,-0.833972156047821,0.9997326731681824,0.677548348903656,0.5125362873077393,-0.36335045099258423,0.9942622780799866,0.3579210638999939,0.5064898133277893,-0.39245104789733887,0.9989885091781616,0.698366641998291,0.8761969804763794,-0.32173624634742737,0.740748405456543,0.2172946035861969,0.821269154548645,-0.5202335119247437,0.9265708923339844,0.6258405447006226,1.051334261894226,-0.6041911840438843,0.28670594096183777,0.39243021607398987,0.8903979659080505,-0.9553574323654175,0.7180963158607483,0.6046561598777771,1.1202455759048462,-0.6885244846343994,0.21169593930244446,0.4517531991004944,0.9202984571456909,-1.0619910955429077,0.6278965473175049,0.5870450139045715,1.0891371965408325,-0.7201752066612244,0.24409736692905426,0.4642616808414459,0.872694730758667,-1.0598275661468506,0.6542741656303406,0.5878183841705322,1.0591661930084229,-0.6237806081771851,0.2641891539096832,0.44674596190452576,0.8585003018379211,-0.9592782855033875,0.6485497951507568,0.6150321960449219,1.0505393743515015,-0.02159278094768524,0.12068970501422882,0.41043391823768616,1.0767805576324463,0.023527994751930237,0.17721731960773468,0.6020907163619995,1.5338350534439087,0.11102385818958282,0.007660615723580122,0.39314571022987366,1.5290225744247437,0.17153391242027283,0.0061167823150753975,0.58847576379776,1.9254037141799927,0.6856620907783508,0.0010195404756814241,0.39359885454177856,1.9285515546798706,0.647311806678772,0.001235649106092751,0.5916787385940552,1.9792494773864746,0.7171485424041748,0.0006087986403144896,0.3918156325817108,1.9853365421295166,0.6832617521286011,0.0017255396815016866,0.5523670315742493,2.0691168308258057,0.28490063548088074,0.0009456470143049955,0.4108130931854248,2.064629554748535,0.2158202826976776,0.0031749694608151913,nan,nan,nan,nan,nan,nan,nan,nan,nan,nan,nan,nan,nan,nan,nan,nan,nan,nan,nan,nan,nan,nan,nan,nan,nan,nan,nan,nan,nan,nan,nan,nan,nan,nan,nan,nan,nan,nan,nan,nan,nan,nan,nan,nan,nan,nan,nan,nan,nan,nan,nan,nan,nan,nan,nan,nan,nan,nan,nan,nan,nan,nan,nan,0.4059021472930908,0.8905655741691589,1.6922015788622957e-07,0.4223724603652954,0.8407098054885864,-0.009660812094807625,0.44752222299575806,0.8109399080276489,-0.017164256423711777,0.4755103886127472,0.8006121516227722,-0.02340015210211277,0.497798353433609,0.7913006544113159,-0.029250342398881912,0.48026132583618164,0.8501235246658325,-0.0185814518481493,0.5230523943901062,0.8432518243789673,-0.029333442449569702,0.5483686923980713,0.8402239680290222,-0.0362359844148159,0.5680503249168396,0.839280903339386,-0.040011242032051086,0.4836426079273224,0.8799619674682617,-0.020033707842230797,0.5287765860557556,0.8681265711784363,-0.02861017733812332,0.5583156943321228,0.8613339066505432,-0.033986132591962814,0.5820393562316895,0.8576427102088928,-0.037507086992263794,0.4819015562534332,0.9060706496238708,-0.022014949470758438,0.5249381065368652,0.8969229459762573,-0.030514419078826904,0.5503171682357788,0.891568660736084,-0.03452005609869957,0.5691708326339722,0.8879555463790894,-0.03644339740276337,0.47627466917037964,0.9289916157722473,-0.024594629183411598,0.5086771249771118,0.92881178855896,-0.03180468827486038,0.5285348892211914,0.9269499182701111,-0.03363211452960968,0.5446380972862244,0.9252538681030273,-0.033658791333436966
29,29,1,0,1,1.0,0.0,1.0,0.49905890226364136,0.21925142407417297,-0.9568890333175659,0.99937903881073,0.520266592502594,0.189878910779953,-0.909092903137207,0.9985141754150391,0.5343982577323914,0.19153158366680145,-0.9092494249343872,0.9985220432281494,0.5476468801498413,0.19393154978752136,-0.908983588218689,0.9981597661972046,0.4781875014305115,0.18972571194171906,-0.9063809514045715,0.9989879727363586,0.4682582914829254,0.19195057451725006,-0.9065348505973816,0.9991670250892639,0.4581284523010254,0.19411489367485046,-0.9072662591934204,0.9992435574531555,0.5674790740013123,0.2319919317960739,-0.5928553342819214,0.9979596138000488,0.4457332491874695,0.23666153848171234,-0.5603722333908081,0.9992257356643677,0.5306512117385864,0.272116094827652,-0.8407130241394043,0.9996219873428345,0.47550758719444275,0.27130988240242004,-0.8335663676261902,0.9997451901435852,0.6772286891937256,0.512336790561676,-0.3626745641231537,0.994163990020752,0.3577761650085449,0.5065522789955139,-0.3890487551689148,0.9990480542182922,0.6982480883598328,0.8739672899246216,-0.3188902735710144,0.7369145750999451,0.21864911913871765,0.8220678567886353,-0.5236455202102661,0.9326828122138977,0.6263493299484253,1.0517079830169678,-0.5978057980537415,0.2824823260307312,0.3958064615726471,0.8877285718917847,-0.9637031555175781,0.7373671531677246,0.607486367225647,1.1214104890823364,-0.6807149052619934,0.2080424278974533,0.45614194869995117,0.9174969792366028,-1.0726525783538818,0.6456694602966309,0.5899292230606079,1.090130090713501,-0.7157000303268433,0.23923465609550476,0.46920138597488403,0.869373619556427,-1.0670068264007568,0.6700569987297058,0.5898619890213013,1.0608479976654053,-0.619005560874939,0.26002705097198486,0.4503169059753418,0.8556910157203674,-0.9665549993515015,0.6640836000442505,0.6205116510391235,1.0771931409835815,-0.0217222161591053,0.11863774806261063,0.41206303238868713,1.0653711557388306,0.023666007444262505,0.17649540305137634,0.6018189191818237,1.5339486598968506,0.11099819093942642,0.00720464950427413,0.39306899905204773,1.5291696786880493,0.17091935873031616,0.0058235060423612595,0.5880602598190308,1.9254928827285767,0.6855040788650513,0.0010136733762919903,0.39304524660110474,1.928274393081665,0.6448668837547302,0.0012273747706785798,0.5912544131278992,1.979370355606079,0.7168851494789124,0.0006070048548281193,0.39125847816467285,1.9850770235061646,0.6808784008026123,0.0017135102534666657,0.5519181489944458,2.0689074993133545,0.28148072957992554,0.0009242062224075198,0.41065627336502075,2.064380168914795,0.21461085975170135,0.003125459188595414,nan,nan,nan,nan,nan,nan,nan,nan,nan,nan,nan,nan,nan,nan,nan,nan,nan,nan,nan,nan,nan,nan,nan,nan,nan,nan,nan,nan,nan,nan,nan,nan,nan,nan,nan,nan,nan,nan,nan,nan,nan,nan,nan,nan,nan,nan,nan,nan,nan,nan,nan,nan,nan,nan,nan,nan,nan,nan,nan,nan,nan,nan,nan,0.4152735471725464,0.8866963982582092,1.9579526622237609e-07,0.4308040142059326,0.8367612361907959,-0.0093300836160779,0.4577924311161041,0.8081813454627991,-0.015525530092418194,0.48659616708755493,0.7986506819725037,-0.020310748368501663,0.5081359148025513,0.7876901030540466,-0.024571692571043968,0.4925060272216797,0.8464858531951904,-0.015152686275541782,0.533967912197113,0.8390637040138245,-0.024200230836868286,0.5588741302490234,0.8360350728034973,-0.030295580625534058,0.5779373645782471,0.8356313705444336,-0.03362703323364258,0.49577710032463074,0.8755702972412109,-0.016023259609937668,0.5391924381256104,0.8636159896850586,-0.02263660728931427,0.567078709602356,0.8568743467330933,-0.027123991400003433,0.5884183645248413,0.854036271572113,-0.03009670227766037,0.49371346831321716,0.9008012413978577,-0.01756669022142887,0.5347762703895569,0.8916647434234619,-0.024586357176303864,0.5594495534896851,0.8857095837593079,-0.02822900377213955,0.5780220031738281,0.8827504515647888,-0.030134376138448715,0.4875657856464386,0.9233817458152771,-0.019761737436056137,0.5182517170906067,0.9238185286521912,-0.025913231074810028,0.5371601581573486,0.9223311543464661,-0.027452031150460243,0.5527235865592957,0.9213489294052124,-0.027418356388807297
30,30,1,0,1,1.0,0.0,1.0,0.49871206283569336,0.21928198635578156,-0.9771453738212585,0.9993764758110046,0.5198469161987305,0.18972818553447723,-0.9294129610061646,0.998490035533905,0.5339801907539368,0.19137665629386902,-0.9295861124992371,0.998492419719696,0.5473385453224182,0.19383129477500916,-0.9293453097343445,0.9980993866920471,0.4777282178401947,0.1895192563533783,-0.9256522059440613,0.9989981055259705,0.4678083062171936,0.19178399443626404,-0.9258329272270203,0.9991861581802368,0.4577818810939789,0.1939719319343567,-0.9265838861465454,0.999265193939209,0.5673457384109497,0.2320028394460678,-0.6064281463623047,0.9978657960891724,0.44558340311050415,0.2363964170217514,-0.5738232731819153,0.9992562532424927,0.5301833152770996,0.27214527130126953,-0.8579242825508118,0.9996112585067749,0.47498947381973267,0.2713738977909088,-0.849575400352478,0.9997518658638,0.6770005226135254,0.5121902823448181,-0.37132683396339417,0.9939180016517639,0.35767248272895813,0.5065770745277405,-0.3972156345844269,0.9990967512130737,0.6983836889266968,0.8705148696899414,-0.3255373537540436,0.7324218153953552,0.21988053619861603,0.8221989870071411,-0.5300978422164917,0.9382171630859375,0.6274956464767456,1.0450692176818848,-0.6203197240829468,0.27643895149230957,0.39800265431404114,0.887839674949646,-0.9765744209289551,0.7537378668785095,0.6091591715812683,1.1141352653503418,-0.705273449420929,0.20280396938323975,0.4585043787956238,0.916812002658844,-1.0870527029037476,0.659209668636322,0.5920552015304565,1.083343505859375,-0.7401636242866516,0.23277002573013306,0.4718972146511078,0.8685665130615234,-1.0812408924102783,0.6819276809692383,0.591873288154602,1.055022954940796,-0.641937255859375,0.2536127269268036,0.45316895842552185,0.8557491898536682,-0.9791785478591919,0.6752552390098572,0.6252812147140503,1.085922122001648,-0.023711737245321274,0.11630522459745407,0.4135916829109192,1.0573084354400635,0.025630872696638107,0.1757253259420395,0.6024655103683472,1.534019112586975,0.11048509180545807,0.00683287950232625,0.3930659592151642,1.5291889905929565,0.1830565184354782,0.00560341402888298,0.5883339047431946,1.9254848957061768,0.6891356110572815,0.001014892477542162,0.3926610052585602,1.9281654357910156,0.6714651584625244,0.0012462723534554243,0.5916092395782471,1.9793623685836792,0.7207130193710327,0.000608324131462723,0.3908970057964325,1.984907627105713,0.7089170217514038,0.0017384638777002692,0.5520383715629578,2.0687592029571533,0.2799204885959625,0.0009125291835516691,0.41041868925094604,2.0645058155059814,0.23891234397888184,0.0031351803336292505,nan,nan,nan,nan,nan,nan,nan,nan,nan,nan,nan,nan,nan,nan,nan,nan,nan,nan,nan,nan,nan,nan,nan,nan,nan,nan,nan,nan,nan,nan,nan,nan,nan,nan,nan,nan,nan,nan,nan,nan,nan,nan,nan,nan,nan,nan,nan,nan,nan,nan,nan,nan,nan,nan,nan,nan,nan,nan,nan,nan,nan,nan,nan,0.4145086407661438,0.8868675827980042,1.6044714357121848e-07,0.42986711859703064,0.8370106816291809,-0.010824887081980705,0.45496273040771484,0.8069314360618591,-0.01824336312711239,0.4837725758552551,0.7963762879371643,-0.02406579628586769,0.5076473951339722,0.7871711850166321,-0.029278172180056572,0.4894121289253235,0.847903847694397,-0.017953770235180855,0.5329525470733643,0.840520977973938,-0.02792682871222496,0.5586773157119751,0.836398720741272,-0.03434983268380165,0.5782805681228638,0.8343488574028015,-0.037824105471372604,0.4932827353477478,0.8774706721305847,-0.018151147291064262,0.5381108522415161,0.8642444610595703,-0.025788839906454086,0.5664762854576111,0.8564674258232117,-0.030623244121670723,0.5884517431259155,0.8523635268211365,-0.03380730748176575,0.49224475026130676,0.9028286933898926,-0.0190181452780962,0.534553050994873,0.8913529515266418,-0.02678062953054905,0.5592799186706543,0.8850298523902893,-0.030324120074510574,0.5774132013320923,0.8810835480690002,-0.032007116824388504,0.48751530051231384,0.925011396408081,-0.02061592973768711,0.5190956592559814,0.923475980758667,-0.027318479493260384,0.5385193824768066,0.9211950302124023,-0.029044875875115395,0.5542656183242798,0.9192503094673157,-0.029026241973042488
31,31,1,0,1,1.0,0.0,1.0,0.49819666147232056,0.2193269580602646,-1.005690097808838,0.9993936419487,0.519401490688324,0.1896367073059082,-0.9571037292480469,0.9985254406929016,0.5335886478424072,0.19127480685710907,-0.9572399258613586,0.9985215067863464,0.5470660924911499,0.1937514841556549,-0.9570162892341614,0.998120903968811,0.477097749710083,0.18940891325473785,-0.9535881876945496,0.999037504196167,0.46724995970726013,0.19168823957443237,-0.9538006782531738,0.9992244243621826,0.4572311043739319,0.19387851655483246,-0.9545504450798035,0.999302864074707,0.567226231098175,0.2320089042186737,-0.6279250383377075,0.9978850483894348,0.44543200731277466,0.23609565198421478,-0.5983216166496277,0.999299943447113,0.5296524167060852,0.27219703793525696,-0.883808434009552,0.9996162056922913,0.47428983449935913,0.2714732885360718,-0.8757624626159668,0.9997639656066895,0.6766793727874756,0.5122009515762329,-0.3822959363460541,0.993678629398346,0.3573436141014099,0.5066293478012085,-0.42070135474205017,0.9991422295570374,0.6981168985366821,0.8703992962837219,-0.3295421004295349,0.7279226183891296,0.21949294209480286,0.8236396312713623,-0.5480037927627563,0.9429880976676941,0.6273897290229797,1.0457274913787842,-0.6236894726753235,0.2699192464351654,0.39794808626174927,0.8889847993850708,-0.9866938591003418,0.7678389549255371,0.6089270710945129,1.1148695945739746,-0.7076732516288757,0.19792962074279785,0.4586087763309479,0.9181643724441528,-1.095628023147583,0.671258270740509,0.5915949940681458,1.0838111639022827,-0.7427176237106323,0.22704210877418518,0.4714122414588928,0.8697177171707153,-1.0903170108795166,0.6929236650466919,0.5914196372032166,1.0566295385360718,-0.6453046202659607,0.2474922388792038,0.45252856612205505,0.8567224740982056,-0.9889863133430481,0.684775710105896,0.6245507597923279,1.0929137468338013,-0.023801974952220917,0.1154966875910759,0.4136943221092224,1.0530009269714355,0.025720492005348206,0.17700842022895813,0.601568877696991,1.5354911088943481,0.11240017414093018,0.006641644053161144,0.3914830684661865,1.5302140712738037,0.18203040957450867,0.005493065342307091,0.5875173211097717,1.9263728857040405,0.6969909071922302,0.0010630800388753414,0.39004993438720703,1.928651213645935,0.6710056066513062,0.0012962538748979568,0.5906871557235718,1.9803574085235596,0.7292555570602417,0.0006344440625980496,0.38827621936798096,1.985388159751892,0.708297848701477,0.0017934525385499,0.5513120889663696,2.069176435470581,0.28606194257736206,0.0009365431033074856,0.4075227677822113,2.06498384475708,0.2385493516921997,0.003206041408702731,nan,nan,nan,nan,nan,nan,nan,nan,nan,nan,nan,nan,nan,nan,nan,nan,nan,nan,nan,nan,nan,nan,nan,nan,nan,nan,nan,nan,nan,nan,nan,nan,nan,nan,nan,nan,nan,nan,nan,nan,nan,nan,nan,nan,nan,nan,nan,nan,nan,nan,nan,nan,nan,nan,nan,nan,nan,nan,nan,nan,nan,nan,nan,0.41040894389152527,0.890333354473114,1.4778997581288422e-07,0.4257087707519531,0.839680552482605,-0.009427722543478012,0.4522162973880768,0.808915913105011,-0.01609743945300579,0.4806206226348877,0.7974659204483032,-0.021450307220220566,0.5027758479118347,0.7870640158653259,-0.026436051353812218,0.4859578013420105,0.8522536158561707,-0.01778279058635235,0.5297356843948364,0.8456787467002869,-0.027630524709820747,0.5554346442222595,0.8427827954292297,-0.03395063802599907,0.5749722123146057,0.8418264389038086,-0.037271544337272644,0.4890870153903961,0.8812211751937866,-0.018738670274615288,0.5343387722969055,0.8699912428855896,-0.026324469596147537,0.5627989768981934,0.8630873560905457,-0.031197387725114822,0.5849205851554871,0.8601647019386292,-0.03433787450194359,0.4875408113002777,0.906531035900116,-0.020146621391177177,0.5294796824455261,0.8971324563026428,-0.027545394375920296,0.5547981262207031,0.8914088010787964,-0.031136250123381615,0.5731784105300903,0.8885647654533386,-0.03293754160404205,0.4823894500732422,0.9287673830986023,-0.02218547835946083,0.5140106678009033,0.9269099235534668,-0.02827630564570427,0.5331595540046692,0.9244160652160645,-0.02946854941546917,0.5483103394508362,0.9228948950767517,-0.029173942282795906
32,32,1,0,1,1.0,0.0,1.0,0.49768248200416565,0.2193530946969986,-1.0232328176498413,0.999419629573822,0.5189107060432434,0.18933320045471191,-0.9734355807304382,0.9985857605934143,0.5331705808639526,0.19090870022773743,-0.9735602140426636,0.9985776543617249,0.546723484992981,0.19330216944217682,-0.9733027219772339,0.9981822967529297,0.4765518307685852,0.18914523720741272,-0.9697430729866028,0.9990851879119873,0.46678414940834045,0.19145528972148895,-0.969954788684845,0.9992668032646179,0.4567711353302002,0.19363997876644135,-0.9707045555114746,0.999342679977417,0.5670895576477051,0.2316942811012268,-0.6394562125205994,0.9979534149169922,0.4453620910644531,0.2355501800775528,-0.6098372936248779,0.9993430376052856,0.5291274785995483,0.27222880721092224,-0.899682343006134,0.9996275305747986,0.4737118184566498,0.2715054452419281,-0.8915780186653137,0.9997767210006714,0.6766780614852905,0.5126597285270691,-0.3959663212299347,0.9936035871505737,0.35717636346817017,0.5068637728691101,-0.4296132028102875,0.9991772770881653,0.6974280476570129,0.8723432421684265,-0.3572985529899597,0.7278827428817749,0.2200600802898407,0.8237622380256653,-0.5587056875228882,0.9470483064651489,0.623162567615509,1.0464829206466675,-0.6627821326255798,0.27083465456962585,0.3972577452659607,0.8895494341850281,-1.0007333755493164,0.7796153426170349,0.6022033095359802,1.115206241607666,-0.7505180835723877,0.1986568421125412,0.458325058221817,0.9192922115325928,-1.1101953983306885,0.6812971234321594,0.5839649438858032,1.084923267364502,-0.7817877531051636,0.22791723906993866,0.471541166305542,0.8711958527565002,-1.1064813137054443,0.7024306058883667,0.5849384665489197,1.057115077972412,-0.6827319860458374,0.24751491844654083,0.4522266387939453,0.857481062412262,-1.003875494003296,0.6926116347312927,0.6246410608291626,1.0982710123062134,-0.024386081844568253,0.11355803906917572,0.41099104285240173,1.0854601860046387,0.026303932070732117,0.1759336143732071,0.6014404296875,1.5382190942764282,0.11609941720962524,0.006562195718288422,0.39117348194122314,1.533134937286377,0.18120433390140533,0.00546323461458087,0.5878239274024963,1.9276561737060547,0.7119966745376587,0.0011378525523468852,0.38988715410232544,1.9304921627044678,0.6678918600082397,0.0013815901475027204,0.5911036729812622,1.981781244277954,0.745161235332489,0.0006743439589627087,0.38817131519317627,1.9875538349151611,0.7046868801116943,0.0018867995822802186,0.5518431067466736,2.069910764694214,0.2994396388530731,0.0009942533215507865,0.40741151571273804,2.0661542415618896,0.23590779304504395,0.0033798792865127325,nan,nan,nan,nan,nan,nan,nan,nan,nan,nan,nan,nan,nan,nan,nan,nan,nan,nan,nan,nan,nan,nan,nan,nan,nan,nan,nan,nan,nan,nan,nan,nan,nan,nan,nan,nan,nan,nan,nan,nan,nan,nan,nan,nan,nan,nan,nan,nan,nan,nan,nan,nan,nan,nan,nan,nan,nan,nan,nan,nan,nan,nan,nan,0.4079735279083252,0.8957878947257996,1.7100805393965857e-07,0.42434072494506836,0.8459839820861816,-0.010900359600782394,0.44947701692581177,0.8160478472709656,-0.018863607197999954,0.4773215651512146,0.8054094314575195,-0.02530977688729763,0.499589741230011,0.7955774068832397,-0.0313413068652153,0.4823260009288788,0.8596169948577881,-0.020043477416038513,0.5260388851165771,0.8542363047599792,-0.031095143407583237,0.5522091388702393,0.8516773581504822,-0.038213953375816345,0.572598934173584,0.8508995175361633,-0.04199768230319023,0.4853707551956177,0.8895050883293152,-0.02089613303542137,0.5316281318664551,0.8801469802856445,-0.029573436826467514,0.561404824256897,0.8747357130050659,-0.035011712461709976,0.5849352478981018,0.8724205493927002,-0.038465797901153564,0.48377764225006104,0.9153710007667542,-0.022277889773249626,0.526472806930542,0.9075448513031006,-0.030578117817640305,0.552501380443573,0.9027736783027649,-0.03430497646331787,0.5719537138938904,0.9000808000564575,-0.0360223762691021,0.4785546362400055,0.937776505947113,-0.02440992183983326,0.5112434029579163,0.9369286298751831,-0.03105570375919342,0.5310639142990112,0.9352671504020691,-0.032180413603782654,0.5470120310783386,0.9342325925827026,-0.03170346841216087
33,33,1,0,1,1.0,0.0,1.0,0.4971974790096283,0.21935120224952698,-1.0102148056030273,0.9994348287582397,0.518425703048706,0.18909955024719238,-0.9609807729721069,0.9986158013343811,0.5327021479606628,0.19063998758792877,-0.9611254930496216,0.998604953289032,0.5462888479232788,0.19300685822963715,-0.9608725309371948,0.9982026815414429,0.4760868549346924,0.1889328956604004,-0.9572361707687378,0.9991154074668884,0.4663582742214203,0.1912480890750885,-0.9574333429336548,0.9992966055870056,0.45628485083580017,0.19340161979198456,-0.9581862688064575,0.9993712306022644,0.5669392943382263,0.2315613329410553,-0.6302404999732971,0.9979740381240845,0.4452907145023346,0.23509487509727478,-0.600035548210144,0.9993764162063599,0.5285025835037231,0.2722420394420624,-0.8879190683364868,0.9996312856674194,0.47318586707115173,0.2715570628643036,-0.8797004818916321,0.9997860193252563,0.6766384243965149,0.512902557849884,-0.3911154568195343,0.9934660196304321,0.3571091890335083,0.5072263479232788,-0.4256259799003601,0.9992095232009888,0.6966515779495239,0.8735954165458679,-0.3526434004306793,0.7257012724876404,0.22043056786060333,0.8249801993370056,-0.5644174814224243,0.9508932828903198,0.6209004521369934,1.0468100309371948,-0.6567547917366028,0.27192437648773193,0.3996596038341522,0.8898055553436279,-1.0091664791107178,0.7922884821891785,0.6003170609474182,1.1154320240020752,-0.7450850009918213,0.1998021900653839,0.4628681540489197,0.9198650121688843,-1.1195957660675049,0.6934341788291931,0.5817485451698303,1.0854072570800781,-0.7776293158531189,0.229122593998909,0.4766295850276947,0.8721731901168823,-1.1159294843673706,0.7137072086334229,0.5826351642608643,1.0577400922775269,-0.6774187088012695,0.24830234050750732,0.45644766092300415,0.8581737279891968,-1.0123602151870728,0.7028566002845764,0.6245706081390381,1.1009372472763062,-0.024436451494693756,0.11107344925403595,0.4088623523712158,1.0950350761413574,0.02635187841951847,0.17396000027656555,0.6014231443405151,1.54136323928833,0.11533910036087036,0.0063738445751369,0.3911568522453308,1.5361449718475342,0.17968139052391052,0.005332739558070898,0.5885002613067627,1.9308933019638062,0.7084288001060486,0.001169527997262776,0.3898249566555023,1.9340938329696655,0.6658900380134583,0.001412945450283587,0.5920026302337646,1.98519766330719,0.7410491704940796,0.0006908985669724643,0.3880956768989563,1.9915204048156738,0.7019899487495422,0.0019140189979225397,0.5525175929069519,2.07269549369812,0.29553887248039246,0.0010154217015951872,0.4073912501335144,2.0693912506103516,0.2276749312877655,0.0034522658679634333,nan,nan,nan,nan,nan,nan,nan,nan,nan,nan,nan,nan,nan,nan,nan,nan,nan,nan,nan,nan,nan,nan,nan,nan,nan,nan,nan,nan,nan,nan,nan,nan,nan,nan,nan,nan,nan,nan,nan,nan,nan,nan,nan,nan,nan,nan,nan,nan,nan,nan,nan,nan,nan,nan,nan,nan,nan,nan,nan,nan,nan,nan,nan,0.4129974842071533,0.8934072256088257,2.0085997221030993e-07,0.42998865246772766,0.8436471819877625,-0.01014220155775547,0.456422358751297,0.8147478699684143,-0.017833007499575615,0.4848739206790924,0.8047466278076172,-0.024054860696196556,0.5074654817581177,0.7950228452682495,-0.02987431176006794,0.48973730206489563,0.8578224182128906,-0.019177475944161415,0.5324578881263733,0.8558055758476257,-0.030004901811480522,0.5584192872047424,0.8548763990402222,-0.03698132187128067,0.5784676671028137,0.8553923964500427,-0.04072919487953186,0.4913354516029358,0.8877387642860413,-0.020243261009454727,0.5363296270370483,0.880540132522583,-0.02875494584441185,0.5660358667373657,0.8761864900588989,-0.03399016335606575,0.5898092985153198,0.8743240237236023,-0.03738695755600929,0.4881502687931061,0.9134057760238647,-0.021826336160302162,0.5310894250869751,0.9077371954917908,-0.03043273091316223,0.5567792654037476,0.9038259983062744,-0.03434237092733383,0.5761069655418396,0.9014427661895752,-0.036156922578811646,0.48132529854774475,0.9356864094734192,-0.023991305381059647,0.5135300159454346,0.938012957572937,-0.03142973780632019,0.5334764122962952,0.9379546046257019,-0.033173270523548126,0.5499643087387085,0.9377223253250122,-0.03303422033786774
34,34,1,0,1,1.0,0.0,1.0,0.4968428611755371,0.21924445033073425,-1.0077440738677979,0.9994374513626099,0.5179959535598755,0.18880514800548553,-0.9588982462882996,0.9986135959625244,0.5323004126548767,0.1903209686279297,-0.9590781927108765,0.9986007809638977,0.5459242463111877,0.1926572620868683,-0.9588390588760376,0.9981814026832581,0.47573256492614746,0.18869860470294952,-0.9552567601203918,0.9991281628608704,0.4660343527793884,0.19105376303195953,-0.955450177192688,0.9993134140968323,0.45594778656959534,0.1932232826948166,-0.9561715126037598,0.999388575553894,0.566845715045929,0.231448233127594,-0.6294313669204712,0.9979441165924072,0.44519948959350586,0.23487097024917603,-0.5996252298355103,0.9994009733200073,0.5281897783279419,0.27214136719703674,-0.885881245136261,0.9996286034584045,0.47285112738609314,0.2715877890586853,-0.8780628442764282,0.9997919797897339,0.6766954660415649,0.5129152536392212,-0.38835370540618896,0.9932793378829956,0.3570561707019806,0.5072606801986694,-0.42139488458633423,0.9992427229881287,0.696700930595398,0.8727172017097473,-0.3487960696220398,0.7227261066436768,0.220767542719841,0.8254413604736328,-0.5532891750335693,0.9544329643249512,0.6208885908126831,1.0428242683410645,-0.6478127241134644,0.26827821135520935,0.40050411224365234,0.8894144892692566,-0.9999591708183289,0.8029649257659912,0.6003394722938538,1.1103177070617676,-0.7351943850517273,0.19685031473636627,0.4638223648071289,0.919963538646698,-1.1106417179107666,0.7025899291038513,0.5820198059082031,1.079783320426941,-0.7673991918563843,0.2255042940378189,0.4773436486721039,0.8722209930419922,-1.1150944232940674,0.7218722105026245,0.5828615427017212,1.052125334739685,-0.6683971881866455,0.24454444646835327,0.45673805475234985,0.8582210540771484,-1.0065256357192993,0.7103990316390991,0.6246013045310974,1.1006532907485962,-0.0244818814098835,0.10904178768396378,0.40702304244041443,1.0947703123092651,0.02639552392065525,0.17265468835830688,0.6005123257637024,1.5416595935821533,0.11483939737081528,0.006188385654240847,0.38835492730140686,1.5363165140151978,0.17870405316352844,0.005214441101998091,0.5875876545906067,1.9316210746765137,0.7056877613067627,0.0011931214248761535,0.38677120208740234,1.93446946144104,0.6635981798171997,0.0014282442862167954,0.5911164283752441,1.9862689971923828,0.7381084561347961,0.000701773155014962,0.3851180672645569,1.9917552471160889,0.6997901201248169,0.0019230804173275828,0.551716685295105,2.0729432106018066,0.29319989681243896,0.00102174689527601,0.4049779772758484,2.070199966430664,0.22689147293567657,0.0034640436060726643,nan,nan,nan,nan,nan,nan,nan,nan,nan,nan,nan,nan,nan,nan,nan,nan,nan,nan,nan,nan,nan,nan,nan,nan,nan,nan,nan,nan,nan,nan,nan,nan,nan,nan,nan,nan,nan,nan,nan,nan,nan,nan,nan,nan,nan,nan,nan,nan,nan,nan,nan,nan,nan,nan,nan,nan,nan,nan,nan,nan,nan,nan,nan,0.41962772607803345,0.8884593844413757,1.8076313779147313e-07,0.43640008568763733,0.8380475640296936,-0.00968171376734972,0.4628165364265442,0.8096158504486084,-0.016387788578867912,0.49186843633651733,0.8003033399581909,-0.021662432700395584,0.5139085054397583,0.7894070744514465,-0.02651142328977585,0.4965537190437317,0.8530834913253784,-0.016356157138943672,0.5383381843566895,0.849103569984436,-0.02578461542725563,0.563408374786377,0.8471788167953491,-0.03206319734454155,0.5828589200973511,0.8469585180282593,-0.035606749355793,0.49892687797546387,0.8829231262207031,-0.01717301830649376,0.5428288578987122,0.8744887709617615,-0.02429007738828659,0.5707822442054749,0.8689754605293274,-0.028932327404618263,0.5923909544944763,0.8663116097450256,-0.03209676221013069,0.49629607796669006,0.9081934094429016,-0.018646029755473137,0.5378978252410889,0.901620090007782,-0.026011990383267403,0.5625651478767395,0.8962453603744507,-0.029827633872628212,0.5808193683624268,0.8930424451828003,-0.03182533383369446,0.49005499482154846,0.930677056312561,-0.020796118304133415,0.521200954914093,0.933576226234436,-0.0273398756980896,0.5407085418701172,0.9327536821365356,-0.029436076059937477,0.5567864179611206,0.9320572018623352,-0.029788324609398842
35,35,1,0,1,1.0,0.0,1.0,0.4968196451663971,0.21921099722385406,-1.0066064596176147,0.9994555115699768,0.5179596543312073,0.1886248141527176,-0.9572795629501343,0.9986510872840881,0.5322645902633667,0.19013036787509918,-0.9574396014213562,0.9986363649368286,0.5459092259407043,0.19248682260513306,-0.9571921229362488,0.9982177019119263,0.4756622910499573,0.18849454820156097,-0.9536780118942261,0.9991597533226013,0.4659236967563629,0.19087673723697662,-0.9538525342941284,0.9993425607681274,0.45587271451950073,0.19304141402244568,-0.9545904397964478,0.9994160532951355,0.5668332576751709,0.23139628767967224,-0.6269684433937073,0.9979822635650635,0.4451618194580078,0.2346477210521698,-0.5969991087913513,0.9994320869445801,0.5281835794448853,0.27215442061424255,-0.8845449686050415,0.9996365904808044,0.47276759147644043,0.2716151773929596,-0.8764888048171997,0.9998012185096741,0.6767072081565857,0.5129592418670654,-0.3877306580543518,0.993234395980835,0.3569401502609253,0.5073089003562927,-0.42247921228408813,0.9992746710777283,0.6970866322517395,0.8724983930587769,-0.3465196490287781,0.7206873893737793,0.2207508385181427,0.8264344930648804,-0.5535599589347839,0.9576770067214966,0.6224335432052612,1.0461289882659912,-0.6483301520347595,0.26578405499458313,0.40125203132629395,0.8892582654953003,-0.9957430958747864,0.8132182955741882,0.6030949354171753,1.1152557134628296,-0.7363569140434265,0.1948963850736618,0.4644899368286133,0.9201405644416809,-1.1063162088394165,0.7120742797851562,0.5843753218650818,1.085060477256775,-0.7702234983444214,0.22320017218589783,0.47795239090919495,0.8722230792045593,-1.1064908504486084,0.7305704355239868,0.5847617387771606,1.057007908821106,-0.6698223948478699,0.24232405424118042,0.45694977045059204,0.8581621646881104,-1.0006647109985352,0.7184439301490784,0.6251192092895508,1.1023412942886353,-0.024946583434939384,0.10716617852449417,0.4062376618385315,1.098127007484436,0.02686844766139984,0.17110852897167206,0.6004608869552612,1.543081283569336,0.11762386560440063,0.005979419220238924,0.38788431882858276,1.5380771160125732,0.18234369158744812,0.0050857216119766235,0.5875169038772583,1.9333192110061646,0.7194454669952393,0.0012058296706527472,0.38630741834640503,1.936163306236267,0.6764150857925415,0.0014379435451701283,0.5910536050796509,1.9882258176803589,0.7527838349342346,0.0007069317507557571,0.3847716152667999,1.9934577941894531,0.713832437992096,0.001926429569721222,0.5516015291213989,2.074489116668701,0.3033875823020935,0.0010262936120852828,0.40460753440856934,2.0721802711486816,0.23835918307304382,0.0034842558670789003,nan,nan,nan,nan,nan,nan,nan,nan,nan,nan,nan,nan,nan,nan,nan,nan,nan,nan,nan,nan,nan,nan,nan,nan,nan,nan,nan,nan,nan,nan,nan,nan,nan,nan,nan,nan,nan,nan,nan,nan,nan,nan,nan,nan,nan,nan,nan,nan,nan,nan,nan,nan,nan,nan,nan,nan,nan,nan,nan,nan,nan,nan,nan,0.4193783104419708,0.8875837326049805,1.6438418981579161e-07,0.4360974133014679,0.8379990458488464,-0.010129646398127079,0.4614962637424469,0.808699905872345,-0.017582906410098076,0.49004560708999634,0.7981349229812622,-0.02367810159921646,0.5136043429374695,0.7878885269165039,-0.029297415167093277,0.4949568212032318,0.8524404168128967,-0.017472855746746063,0.5373045206069946,0.8500102162361145,-0.0273705143481493,0.5623823404312134,0.8487243056297302,-0.03381051868200302,0.581742525100708,0.8485366702079773,-0.037394508719444275,0.4974771738052368,0.8823932409286499,-0.018154991790652275,0.5422457456588745,0.8747594356536865,-0.025642696768045425,0.5701608657836914,0.8699291348457336,-0.030332840979099274,0.5916491150856018,0.867756187915802,-0.03351842239499092,0.49522319436073303,0.9081494212150574,-0.01949559710919857,0.5373446345329285,0.9010793566703796,-0.027041016146540642,0.5618260502815247,0.8962828516960144,-0.030541060492396355,0.5797597765922546,0.8932228088378906,-0.03230911120772362,0.4895070791244507,0.9310305714607239,-0.021521929651498795,0.521169126033783,0.9325225949287415,-0.02797100879251957,0.5404478311538696,0.9314176440238953,-0.02970106527209282,0.5562243461608887,0.930147647857666,-0.029794106259942055
36,36,1,0,1,1.0,0.0,1.0,0.4967835545539856,0.21916061639785767,-1.0024420022964478,0.9994666576385498,0.5178889036178589,0.1884569525718689,-0.9533017873764038,0.9986714720726013,0.5321974754333496,0.18994897603988647,-0.9534578323364258,0.9986563324928284,0.5458692312240601,0.1923212707042694,-0.9532167315483093,0.9982320666313171,0.47558578848838806,0.18835434317588806,-0.9499844312667847,0.9991817474365234,0.46582239866256714,0.19077283143997192,-0.9501550793647766,0.9993650317192078,0.4558021128177643,0.19295290112495422,-0.9508979916572571,0.9994374513626099,0.5668247938156128,0.23134472966194153,-0.6239131689071655,0.9979941844940186,0.4450991749763489,0.2344689667224884,-0.595077395439148,0.9994582533836365,0.5281595587730408,0.27211371064186096,-0.8806427121162415,0.9996395111083984,0.472663551568985,0.2716456949710846,-0.8728167414665222,0.9998083710670471,0.6765921711921692,0.5130212903022766,-0.3862362504005432,0.9930874109268188,0.35686081647872925,0.5073519349098206,-0.4249802529811859,0.9993011951446533,0.6969183683395386,0.8725268244743347,-0.3313971161842346,0.7147749662399292,0.22059960663318634,0.8273493647575378,-0.5511504411697388,0.960527777671814,0.6262523531913757,1.0513018369674683,-0.6336528658866882,0.2597771883010864,0.40228909254074097,0.8894568085670471,-0.9935555458068848,0.8218861222267151,0.6096804141998291,1.122450590133667,-0.7200544476509094,0.19080419838428497,0.46601277589797974,0.9202544689178467,-1.1020357608795166,0.7196082472801208,0.5906754732131958,1.0935312509536743,-0.7591679692268372,0.21853184700012207,0.47898584604263306,0.872458815574646,-1.1002025604248047,0.7374329566955566,0.5899022817611694,1.0641757249832153,-0.6576282382011414,0.23767317831516266,0.45804253220558167,0.8584136366844177,-0.9964627027511597,0.7246083617210388,0.6249452233314514,1.1027910709381104,-0.02443666197359562,0.10584283620119095,0.4051639139652252,1.099031686782837,0.026342768222093582,0.17043189704418182,0.6003671884536743,1.543738842010498,0.11884717643260956,0.005800796207040548,0.3875492513179779,1.5389714241027832,0.1797657161951065,0.004969301633536816,0.5874516367912292,1.9340989589691162,0.7188698053359985,0.0012313146144151688,0.3859100341796875,1.9371615648269653,0.6750099658966064,0.0014572155196219683,0.5909897089004517,1.9890385866165161,0.7520450353622437,0.0007216007797978818,0.3843809962272644,1.9945319890975952,0.7125886678695679,0.0019395702984184027,0.5515217781066895,2.0753157138824463,0.30465298891067505,0.0010369331575930119,0.40427741408348083,2.072983980178833,0.23406127095222473,0.003510557347908616,nan,nan,nan,nan,nan,nan,nan,nan,nan,nan,nan,nan,nan,nan,nan,nan,nan,nan,nan,nan,nan,nan,nan,nan,nan,nan,nan,nan,nan,nan,nan,nan,nan,nan,nan,nan,nan,nan,nan,nan,nan,nan,nan,nan,nan,nan,nan,nan,nan,nan,nan,nan,nan,nan,nan,nan,nan,nan,nan,nan,nan,nan,nan,0.41735678911209106,0.8910691738128662,1.5334214253925893e-07,0.43350547552108765,0.8412504196166992,-0.009914682246744633,0.45934200286865234,0.8111021518707275,-0.01717880368232727,0.48741576075553894,0.7999370694160461,-0.023059668019413948,0.510698676109314,0.7899045348167419,-0.028509221971035004,0.4938347041606903,0.8554011583328247,-0.017612453550100327,0.5364190936088562,0.8513901233673096,-0.027309535071253777,0.561689019203186,0.8502491116523743,-0.03359358757734299,0.5807656049728394,0.8507585525512695,-0.0369182787835598,0.49577271938323975,0.8852190375328064,-0.018132390454411507,0.5398241281509399,0.8764532208442688,-0.025280587375164032,0.5670877695083618,0.8715032935142517,-0.0297265462577343,0.5878585577011108,0.8700680136680603,-0.03264397755265236,0.4931817650794983,0.911031186580658,-0.019218437373638153,0.5344408750534058,0.9030842185020447,-0.026450948789715767,0.5590810775756836,0.8981226086616516,-0.029645182192325592,0.5766103863716125,0.8957217931747437,-0.031139841303229332,0.487250953912735,0.9338203072547913,-0.02096700109541416,0.5187674164772034,0.9346582293510437,-0.02699488028883934,0.5379412770271301,0.9339649081230164,-0.028167353942990303,0.5531666874885559,0.9337369203567505,-0.02779323235154152
37,37,1,0,1,1.0,0.0,1.0,0.4965323805809021,0.2190987467765808,-1.0241438150405884,0.9994749426841736,0.5175629258155823,0.1882329136133194,-0.9751564860343933,0.9986896514892578,0.5318917036056519,0.18970809876918793,-0.9752825498580933,0.9986693859100342,0.5455939769744873,0.19206756353378296,-0.9750382304191589,0.9982438683509827,0.47531676292419434,0.18816299736499786,-0.9722592234611511,0.9992035627365112,0.4655897617340088,0.19060079753398895,-0.972490668296814,0.999385416507721,0.4555390775203705,0.19278161227703094,-0.9732587933540344,0.9994578957557678,0.5666959881782532,0.2312135100364685,-0.6443961262702942,0.997996985912323,0.4449883997440338,0.2341989129781723,-0.6175758242607117,0.9994799494743347,0.5279063582420349,0.2720590829849243,-0.9015313982963562,0.9996400475502014,0.47236108779907227,0.2716697156429291,-0.8942152857780457,0.9998143315315247,0.6765680313110352,0.5132554173469543,-0.397344172000885,0.9928111433982849,0.3565943241119385,0.5076919198036194,-0.44412916898727417,0.9993219375610352,0.696483850479126,0.8740662336349487,-0.33627673983573914,0.7077522277832031,0.2206689864397049,0.8288495540618896,-0.5565170049667358,0.9628830552101135,0.6270133256912231,1.053282380104065,-0.6336548924446106,0.25271162390708923,0.40233659744262695,0.8907449245452881,-0.9897184371948242,0.8274562954902649,0.6099779605865479,1.1243702173233032,-0.7194769382476807,0.1859392523765564,0.46633514761924744,0.9203175902366638,-1.100124716758728,0.7225612998008728,0.5909620523452759,1.0952684879302979,-0.7573806047439575,0.21313346922397614,0.4790426790714264,0.8727690577507019,-1.098170518875122,0.7401509881019592,0.5903016924858093,1.0656437873840332,-0.6568540334701538,0.23187246918678284,0.4584062099456787,0.8586305379867554,-0.9933594465255737,0.7261908650398254,0.6254273056983948,1.1030141115188599,-0.024407310411334038,0.10554220527410507,0.405202716588974,1.1008028984069824,0.02630252204835415,0.17215168476104736,0.6014417409896851,1.543984293937683,0.12059030681848526,0.005710280034691095,0.38864749670028687,1.540151834487915,0.19369357824325562,0.004924920853227377,0.5894232988357544,1.934072732925415,0.722644567489624,0.0012777750380337238,0.3875092566013336,1.9383825063705444,0.7028070688247681,0.0015233411686494946,0.5927868485450745,1.988979458808899,0.7565923929214478,0.0007531526498496532,0.3858310878276825,1.9960873126983643,0.7419887781143188,0.0020112083293497562,0.5549174547195435,2.075409173965454,0.31291618943214417,0.0010764261242002249,0.40633589029312134,2.0735630989074707,0.27479681372642517,0.0036394165363162756,nan,nan,nan,nan,nan,nan,nan,nan,nan,nan,nan,nan,nan,nan,nan,nan,nan,nan,nan,nan,nan,nan,nan,nan,nan,nan,nan,nan,nan,nan,nan,nan,nan,nan,nan,nan,nan,nan,nan,nan,nan,nan,nan,nan,nan,nan,nan,nan,nan,nan,nan,nan,nan,nan,nan,nan,nan,nan,nan,nan,nan,nan,nan,0.4152657985687256,0.897795557975769,1.451975748523182e-07,0.43264657258987427,0.8474211096763611,-0.010463972575962543,0.4592588543891907,0.8178268671035767,-0.017807504162192345,0.4880235493183136,0.8068897724151611,-0.023687386885285378,0.5107653737068176,0.7956396341323853,-0.029078355059027672,0.4923861622810364,0.8631261587142944,-0.01721925660967827,0.5347344279289246,0.8585789203643799,-0.027178309857845306,0.5596749782562256,0.8565779328346252,-0.033908672630786896,0.5788215398788452,0.8558584451675415,-0.037600692361593246,0.4943767189979553,0.8929082155227661,-0.017649544402956963,0.5381292104721069,0.8840808868408203,-0.025026189163327217,0.5651468634605408,0.8785514235496521,-0.029866814613342285,0.5861647129058838,0.8760111331939697,-0.03305972367525101,0.49200600385665894,0.9184558987617493,-0.01871146261692047,0.5326570272445679,0.9100008606910706,-0.025753868743777275,0.5569829940795898,0.9049788117408752,-0.02870754525065422,0.5747835040092468,0.9026062488555908,-0.030124979093670845,0.48633086681365967,0.9408007264137268,-0.02058091200888157,0.5175960659980774,0.9398931264877319,-0.026427920907735825,0.5364151000976562,0.9382085204124451,-0.027244025841355324,0.5514852404594421,0.9374687671661377,-0.02661752887070179
38,38,1,0,1,1.0,0.0,1.0,0.49620723724365234,0.21912173926830292,-1.0027663707733154,0.9994876980781555,0.5171205997467041,0.18817521631717682,-0.954145610332489,0.9987205266952515,0.531425952911377,0.1896359920501709,-0.9542566537857056,0.9986997842788696,0.5451579093933105,0.19200944900512695,-0.9540691375732422,0.9982810616493225,0.4750765264034271,0.18813467025756836,-0.9509372711181641,0.9992282390594482,0.4653897285461426,0.1905864179134369,-0.9511755108833313,0.9994076490402222,0.45535773038864136,0.19277258217334747,-0.9518888592720032,0.9994786381721497,0.5664796829223633,0.23113878071308136,-0.6329008340835571,0.9980365633964539,0.44493770599365234,0.2341417521238327,-0.6063240766525269,0.9995021820068359,0.5274852514266968,0.27206331491470337,-0.8845022916793823,0.9996497631072998,0.4721197485923767,0.2716836929321289,-0.8769294619560242,0.9998222589492798,0.6763721704483032,0.5134626626968384,-0.38765451312065125,0.9929289817810059,0.3563772737979889,0.5083156824111938,-0.43968480825424194,0.9993475079536438,0.6964188814163208,0.8745565414428711,-0.30816346406936646,0.7110913395881653,0.2217380553483963,0.8294548392295837,-0.5323657989501953,0.9650821089744568,0.6366554498672485,1.0666524171829224,-0.5912593007087708,0.2530510723590851,0.3982485830783844,0.8937034606933594,-0.9468989372253418,0.8322970271110535,0.6225329637527466,1.1420549154281616,-0.6753369569778442,0.18625123798847198,0.4624168276786804,0.9215192198753357,-1.0538913011550903,0.7251297831535339,0.6017528772354126,1.114892601966858,-0.7190907597541809,0.21324992179870605,0.4771518111228943,0.8761572241783142,-1.0560882091522217,0.742302656173706,0.5997868776321411,1.0830761194229126,-0.6161377429962158,0.23193758726119995,0.45703816413879395,0.8621426820755005,-0.9517115354537964,0.727610170841217,0.6251803636550903,1.102919101715088,-0.022983739152550697,0.11232423037290573,0.40723609924316406,1.064475178718567,0.024798642843961716,0.18237300217151642,0.6003673672676086,1.5441030263900757,0.12042802572250366,0.005843787454068661,0.3885045647621155,1.5400978326797485,0.17664174735546112,0.0050875358283519745,0.5889359712600708,1.934120535850525,0.7150392532348633,0.0013894812436774373,0.3870989978313446,1.9382632970809937,0.6531447172164917,0.0016497642500326037,0.5922335386276245,1.988980770111084,0.7480385899543762,0.0008169430657289922,0.38525813817977905,1.9959485530853271,0.68892902135849,0.002173231914639473,0.5547614693641663,2.075371503829956,0.3106869161128998,0.0011312237475067377,0.4062298834323883,2.0735113620758057,0.23167917132377625,0.0038021053187549114,nan,nan,nan,nan,nan,nan,nan,nan,nan,nan,nan,nan,nan,nan,nan,nan,nan,nan,nan,nan,nan,nan,nan,nan,nan,nan,nan,nan,nan,nan,nan,nan,nan,nan,nan,nan,nan,nan,nan,nan,nan,nan,nan,nan,nan,nan,nan,nan,nan,nan,nan,nan,nan,nan,nan,nan,nan,nan,nan,nan,nan,nan,nan,0.4115447998046875,0.9105080366134644,1.1494961427160888e-07,0.4310768246650696,0.8611694574356079,-0.010160752572119236,0.45903998613357544,0.8322511911392212,-0.01692165620625019,0.48808759450912476,0.8206943869590759,-0.02249099127948284,0.5103995203971863,0.809415340423584,-0.027425585314631462,0.4901778995990753,0.8798763751983643,-0.014112095348536968,0.5317962169647217,0.8764241337776184,-0.023323632776737213,0.5569825172424316,0.8744806051254272,-0.029874954372644424,0.5762066841125488,0.8735299110412598,-0.03356711193919182,0.4914763569831848,0.9099403023719788,-0.014473507180809975,0.5331235527992249,0.8999848961830139,-0.021527275443077087,0.5599111914634705,0.8933238983154297,-0.026262342929840088,0.5811061859130859,0.8896900415420532,-0.029361579567193985,0.4890873432159424,0.9348993301391602,-0.015651050955057144,0.5298813581466675,0.9259384274482727,-0.022802455350756645,0.5535319447517395,0.9192982316017151,-0.025360215455293655,0.5709762573242188,0.914795458316803,-0.026218460872769356,0.4838336110115051,0.9555583596229553,-0.01767316833138466,0.5156297087669373,0.954098641872406,-0.023666419088840485,0.5352379083633423,0.9516051411628723,-0.02443436160683632,0.5508012175559998,0.9496119022369385,-0.023616699501872063
39,39,1,0,1,1.0,0.0,1.0,0.49563807249069214,0.2192247211933136,-0.9573904275894165,0.9995042085647583,0.5167123079299927,0.18816934525966644,-0.9066082835197449,0.9987649917602539,0.5310498476028442,0.18963202834129333,-0.9067450761795044,0.9987392425537109,0.5448607802391052,0.19202619791030884,-0.9064998626708984,0.998336911201477,0.47469621896743774,0.18813052773475647,-0.9026039242744446,0.9992561340332031,0.46511274576187134,0.19058434665203094,-0.9028340578079224,0.9994292855262756,0.45503896474838257,0.19278191030025482,-0.9035297632217407,0.9994994401931763,0.5664275288581848,0.23119865357875824,-0.5897847414016724,0.9980955719947815,0.44487762451171875,0.23412826657295227,-0.560976505279541,0.9995197057723999,0.5269367098808289,0.2721244990825653,-0.8420316576957703,0.9996615052223206,0.4716459810733795,0.2717132270336151,-0.8340250253677368,0.9998294115066528,0.6762006878852844,0.5164015889167786,-0.3722873628139496,0.9930942058563232,0.3556285798549652,0.5098356008529663,-0.3970744013786316,0.9993570446968079,0.6961191296577454,0.8782538771629333,-0.31050631403923035,0.7206375002861023,0.22520151734352112,0.8311159610748291,-0.4899005889892578,0.9665031433105469,0.6201766133308411,1.0716850757598877,-0.594527006149292,0.2705875337123871,0.3970401883125305,0.9126914143562317,-0.9089125394821167,0.8361111283302307,0.6000062227249146,1.1494781970977783,-0.6812030673027039,0.20000100135803223,0.4597700238227844,0.9413033723831177,-1.0175843238830566,0.7292264699935913,0.5761412382125854,1.1206709146499634,-0.7206916809082031,0.2283485382795334,0.4756600856781006,0.8956571221351624,-1.0257289409637451,0.7469026446342468,0.5767265558242798,1.088151216506958,-0.6171437501907349,0.24599511921405792,0.4563058912754059,0.8792843222618103,-0.917160153388977,0.7307431101799011,0.6202490329742432,1.1055976152420044,-0.02374924346804619,0.1165209412574768,0.40446335077285767,1.0845521688461304,0.025560026988387108,0.1875147819519043,0.5932141542434692,1.5441443920135498,0.09295887500047684,0.006136150564998388,0.38515645265579224,1.5386649370193481,0.15715567767620087,0.005314733367413282,0.5835940837860107,1.93428635597229,0.6580392718315125,0.0014561522984877229,0.38350749015808105,1.9376055002212524,0.5988665223121643,0.0017523356946185231,0.5872200727462769,1.989107370376587,0.6890321373939514,0.0008540452108718455,0.38189807534217834,1.9955689907073975,0.6311243772506714,0.002309758448973298,0.5488802194595337,2.075314521789551,0.26591819524765015,0.001198265003040433,0.39997678995132446,2.071916103363037,0.1864294856786728,0.004051267169415951,nan,nan,nan,nan,nan,nan,nan,nan,nan,nan,nan,nan,nan,nan,nan,nan,nan,nan,nan,nan,nan,nan,nan,nan,nan,nan,nan,nan,nan,nan,nan,nan,nan,nan,nan,nan,nan,nan,nan,nan,nan,nan,nan,nan,nan,nan,nan,nan,nan,nan,nan,nan,nan,nan,nan,nan,nan,nan,nan,nan,nan,nan,nan,0.4048931896686554,0.9385356903076172,9.784597665429828e-08,0.42764246463775635,0.8923691511154175,-0.009694424457848072,0.45721742510795593,0.86346834897995,-0.016103938221931458,0.4859667718410492,0.850692093372345,-0.021254820749163628,0.5087165236473083,0.8421663641929626,-0.025624509900808334,0.48650333285331726,0.9109139442443848,-0.013616571202874184,0.5273492932319641,0.9113494753837585,-0.022263241931796074,0.552778422832489,0.9108495712280273,-0.028379127383232117,0.5722436308860779,0.9092543721199036,-0.031818173825740814,0.4861794710159302,0.9418520927429199,-0.013975021429359913,0.526045560836792,0.9393872618675232,-0.020524363964796066,0.5503908395767212,0.933933675289154,-0.024168312549591064,0.5685778856277466,0.9287450313568115,-0.026392750442028046,0.4819648861885071,0.9663198590278625,-0.015159185975790024,0.5208016633987427,0.9631693363189697,-0.021844763308763504,0.5448851585388184,0.9553865194320679,-0.023688899353146553,0.5623234510421753,0.9484812617301941,-0.023986373096704483,0.47584056854248047,0.9853574633598328,-0.017096394672989845,0.50839763879776,0.9873989820480347,-0.022539759054780006,0.5284717679023743,0.98499596118927,-0.02266131527721882,0.5442729592323303,0.9818173050880432,-0.021407969295978546
40,40,1,0,1,1.0,0.0,1.0,0.4956297278404236,0.22028501331806183,-0.9045979380607605,0.9995166659355164,0.5166968703269958,0.1884811669588089,-0.8540997505187988,0.998803436756134,0.5310320854187012,0.1899692565202713,-0.8543025255203247,0.9987752437591553,0.5448483228683472,0.1925376057624817,-0.8541294932365417,0.9983921051025391,0.47468632459640503,0.1886315792798996,-0.852275013923645,0.999276340007782,0.4650760591030121,0.19118207693099976,-0.8525170087814331,0.9994438886642456,0.455020010471344,0.19363348186016083,-0.853160560131073,0.9995142221450806,0.5664181709289551,0.23155124485492706,-0.543025553226471,0.9981562495231628,0.4448360800743103,0.23440459370613098,-0.5219455361366272,0.9995302557945251,0.5269255638122559,0.27281951904296875,-0.7905958890914917,0.9996692538261414,0.4716212749481201,0.272458016872406,-0.7848922610282898,0.9998332262039185,0.6758701205253601,0.5195979475975037,-0.32457607984542847,0.9932519197463989,0.35550883412361145,0.5114309191703796,-0.3541259467601776,0.9993446469306946,0.6954247951507568,0.8780571818351746,-0.23745913803577423,0.7295557260513306,0.23053646087646484,0.8367952108383179,-0.37623581290245056,0.9665234684944153,0.6212251782417297,1.0686448812484741,-0.49379950761795044,0.28247520327568054,0.38818150758743286,0.9513218998908997,-0.7327133417129517,0.8311150074005127,0.6023406386375427,1.1483794450759888,-0.5770817399024963,0.21035915613174438,0.441457599401474,0.9768833518028259,-0.8330348134040833,0.723717451095581,0.5785115361213684,1.1203899383544922,-0.6233153343200684,0.2396678626537323,0.4562833905220032,0.9373589158058167,-0.8536750674247742,0.7431191205978394,0.5783230066299438,1.087857961654663,-0.5192526578903198,0.2567363977432251,0.4413134455680847,0.9233782291412354,-0.7457568049430847,0.7253959774971008,0.6091934442520142,1.108605146408081,-0.02284110337495804,0.12571030855178833,0.3999161124229431,1.0923420190811157,0.024629106745123863,0.19679848849773407,0.581142246723175,1.545707106590271,0.06391973048448563,0.0074242777191102505,0.3806656301021576,1.538445234298706,0.11402289569377899,0.006266608834266663,0.5747908353805542,1.9382585287094116,0.5841720104217529,0.001668372075073421,0.3781737685203552,1.9376662969589233,0.504797101020813,0.002024388639256358,0.5782663822174072,1.9935969114303589,0.6115976572036743,0.000970218563452363,0.37705230712890625,1.9957125186920166,0.5310624241828918,0.002685606013983488,0.5401300191879272,2.075789213180542,0.19971178472042084,0.001375582185573876,0.3921390473842621,2.0716333389282227,0.09620930254459381,0.004615434445440769,nan,nan,nan,nan,nan,nan,nan,nan,nan,nan,nan,nan,nan,nan,nan,nan,nan,nan,nan,nan,nan,nan,nan,nan,nan,nan,nan,nan,nan,nan,nan,nan,nan,nan,nan,nan,nan,nan,nan,nan,nan,nan,nan,nan,nan,nan,nan,nan,nan,nan,nan,nan,nan,nan,nan,nan,nan,nan,nan,nan,nan,nan,nan,0.39862164855003357,0.9766124486923218,6.328043156145213e-08,0.42079201340675354,0.9330520033836365,-0.013683095574378967,0.45219796895980835,0.9053581953048706,-0.019312547519803047,0.4822864830493927,0.8958003520965576,-0.02275616116821766,0.5064256191253662,0.8923443555831909,-0.024503011256456375,0.4781641960144043,0.9616016149520874,-0.011309029534459114,0.5199344158172607,0.9631012082099915,-0.018798278644680977,0.5447778701782227,0.9608917832374573,-0.02421027049422264,0.5636203289031982,0.9557919502258301,-0.0270076896995306,0.4782240092754364,0.9869589805603027,-0.008719290606677532,0.5189328193664551,0.9868059754371643,-0.015351039357483387,0.544268012046814,0.9807629585266113,-0.019695404917001724,0.5634523630142212,0.9722124934196472,-0.022040484473109245,0.47704648971557617,1.002109169960022,-0.007529462222009897,0.5159246325492859,1.0006911754608154,-0.014868409372866154,0.5401249527931213,0.9958444833755493,-0.017593378201127052,0.5577830672264099,0.9896393418312073,-0.01775725930929184,0.47621938586235046,1.008675456047058,-0.007402278948575258,0.5106331706047058,1.0064414739608765,-0.013614436611533165,0.5321337580680847,1.002356767654419,-0.01449808944016695,0.5482510924339294,0.9966407418251038,-0.013467667624354362
41,41,1,0,1,1.0,0.0,1.0,0.49543946981430054,0.22091837227344513,-0.9003618359565735,0.9995373487472534,0.516636312007904,0.18878701329231262,-0.8508621454238892,0.9988660216331482,0.5310190916061401,0.1903340220451355,-0.851054847240448,0.9988343119621277,0.5448532700538635,0.19312791526317596,-0.8508842587471008,0.998481273651123,0.4744497239589691,0.18893630802631378,-0.8463865518569946,0.9993079900741577,0.46486958861351013,0.19149233400821686,-0.84660404920578,0.9994634985923767,0.45481377840042114,0.19404533505439758,-0.8472031354904175,0.9995336532592773,0.566592812538147,0.23196786642074585,-0.5447434186935425,0.9982554316520691,0.44462957978248596,0.23446086049079895,-0.5139581561088562,0.9995389580726624,0.5268530249595642,0.27310463786125183,-0.7878946661949158,0.999683141708374,0.4712791442871094,0.27263253927230835,-0.7794393301010132,0.9998373985290527,0.6758597493171692,0.5230249166488647,-0.33461302518844604,0.9934043288230896,0.3556092381477356,0.5134686231613159,-0.3220905661582947,0.9992923140525818,0.6947470903396606,0.8801747560501099,-0.2561626434326172,0.7353969812393188,0.24761971831321716,0.8367354273796082,-0.2758295238018036,0.9619142413139343,0.6049617528915405,1.0709435939788818,-0.5082260966300964,0.291401743888855,0.3630679249763489,0.9764492511749268,-0.6058801412582397,0.8078128099441528,0.5847615599632263,1.1642162799835205,-0.5955957770347595,0.2185981571674347,0.39900198578834534,1.0235661268234253,-0.7018447518348694,0.7007910013198853,0.5613480806350708,1.136616587638855,-0.6407924890518188,0.24986432492733002,0.42174333333969116,0.9860678911209106,-0.740573525428772,0.7240819931030273,0.5401382446289062,1.054657220840454,-0.5332353711128235,0.26498448848724365,0.41244497895240784,0.9679239988327026,-0.6275978684425354,0.7041730284690857,0.6037086248397827,1.1183000802993774,-0.03133811429142952,0.13179442286491394,0.3989841043949127,1.1017343997955322,0.03308842331171036,0.19995203614234924,0.5680986642837524,1.549480676651001,-0.001949314959347248,0.010499500669538975,0.3732461631298065,1.5380513668060303,0.091446653008461,0.00862530805170536,0.5614333748817444,1.9473098516464233,0.509687066078186,0.002018182771280408,0.3670332431793213,1.9396741390228271,0.4485630989074707,0.002471789252012968,0.5650326609611511,2.0042333602905273,0.5363339781761169,0.0011336940806359053,0.3675096035003662,1.9993318319320679,0.470440149307251,0.00323585350997746,0.5247908234596252,2.081174373626709,0.12517264485359192,0.0017416828777641058,0.3734704852104187,2.0726215839385986,0.04340453818440437,0.005580915603786707,nan,nan,nan,nan,nan,nan,nan,nan,nan,nan,nan,nan,nan,nan,nan,nan,nan,nan,nan,nan,nan,nan,nan,nan,nan,nan,nan,nan,nan,nan,nan,nan,nan,nan,nan,nan,nan,nan,nan,nan,nan,nan,nan,nan,nan,nan,nan,nan,nan,nan,nan,nan,nan,nan,nan,nan,nan,nan,nan,nan,nan,nan,nan,0.38580501079559326,1.0169416666030884,7.00922555552097e-08,0.40959087014198303,0.9872353672981262,-0.01663043536245823,0.4479553699493408,0.9667384028434753,-0.024718772619962692,0.4795280694961548,0.9614282250404358,-0.030545730143785477,0.5048611760139465,0.9571014642715454,-0.03466419130563736,0.46199968457221985,1.012779951095581,-0.013009299524128437,0.4976504445075989,1.0196034908294678,-0.02188901975750923,0.5151849389076233,1.018811583518982,-0.028233835473656654,0.5269019603729248,1.0169085264205933,-0.03187231719493866,0.4568527340888977,1.0406677722930908,-0.00936098676174879,0.4897497892379761,1.0495444536209106,-0.014890103600919247,0.5054819583892822,1.0476799011230469,-0.018242042511701584,0.5165201425552368,1.0467355251312256,-0.020691338926553726,0.44900819659233093,1.0636217594146729,-0.007647294085472822,0.4794051945209503,1.0753703117370605,-0.013917026109993458,0.4933261275291443,1.0746982097625732,-0.01285691000521183,0.5035252571105957,1.0757397413253784,-0.011498091742396355,0.43979641795158386,1.08230721950531,-0.007417276501655579,0.46566933393478394,1.09567391872406,-0.012553180567920208,0.47827813029289246,1.0989423990249634,-0.010821996256709099,0.4872261583805084,1.1020314693450928,-0.008576818741858006
42,42,1,0,0,1.0,0.0,0.0,0.4953755736351013,0.22211520373821259,-0.8544861078262329,0.9995219111442566,0.5166206955909729,0.18997077643871307,-0.808030903339386,0.9988741278648376,0.531012773513794,0.19162803888320923,-0.8082400560379028,0.9988334774971008,0.5449188947677612,0.19463388621807098,-0.8082076907157898,0.99851393699646,0.47432655096054077,0.19011786580085754,-0.8046121597290039,0.9992998838424683,0.4647442400455475,0.1925516426563263,-0.8047698736190796,0.9994450807571411,0.4546434283256531,0.19512848556041718,-0.8052767515182495,0.9995241165161133,0.5668447613716125,0.23335479199886322,-0.5035191774368286,0.9982627034187317,0.4442187249660492,0.23491914570331573,-0.4769226014614105,0.9995193481445312,0.5267833471298218,0.27378541231155396,-0.7412649989128113,0.9996819496154785,0.4709834158420563,0.27320629358291626,-0.7339642643928528,0.9998313784599304,0.6758844256401062,0.5234720706939697,-0.3064820170402527,0.9935879111289978,0.35580378770828247,0.5138359665870667,-0.27994346618652344,0.9992424249649048,0.6943545341491699,0.8796465396881104,-0.19818566739559174,0.7404394149780273,0.2685079574584961,0.8365783095359802,-0.15898194909095764,0.9593375325202942,0.6069744825363159,1.0748764276504517,-0.4432421624660492,0.2893635630607605,0.3475610613822937,1.0137401819229126,-0.43356794118881226,0.781099259853363,0.5927950739860535,1.1811707019805908,-0.5242505073547363,0.22008885443210602,0.3600965440273285,1.1052887439727783,-0.5209841132164001,0.6729886531829834,0.5715494751930237,1.1597177982330322,-0.5902637839317322,0.2522149980068207,0.3879164755344391,1.0637701749801636,-0.5773676633834839,0.6998039484024048,0.5577739477157593,1.11005699634552,-0.4763862192630768,0.2672884464263916,0.3885858952999115,1.0198506116867065,-0.4622024893760681,0.6816092729568481,0.600508451461792,1.1195943355560303,-0.031130928546190262,0.1659371554851532,0.39912885427474976,1.1045066118240356,0.03294597938656807,0.23448306322097778,0.5686260461807251,1.5579558610916138,0.0240132175385952,0.011800139211118221,0.3728497624397278,1.5390992164611816,0.06137968227267265,0.009963102638721466,0.5535940527915955,1.951932668685913,0.5720291137695312,0.0021091632079333067,0.3647805154323578,1.9401544332504272,0.46313366293907166,0.002604680135846138,0.5561721324920654,2.006563663482666,0.602200984954834,0.0011874225456267595,0.36496371030807495,1.9992082118988037,0.4902113080024719,0.003446678165346384,0.5153316259384155,2.0856332778930664,0.17773476243019104,0.001772502320818603,0.3737639784812927,2.0736243724823,0.05015687271952629,0.005552266724407673,nan,nan,nan,nan,nan,nan,nan,nan,nan,nan,nan,nan,nan,nan,nan,nan,nan,nan,nan,nan,nan,nan,nan,nan,nan,nan,nan,nan,nan,nan,nan,nan,nan,nan,nan,nan,nan,nan,nan,nan,nan,nan,nan,nan,nan,nan,nan,nan,nan,nan,nan,nan,nan,nan,nan,nan,nan,nan,nan,nan,nan,nan,nan,nan,nan,nan,nan,nan,nan,nan,nan,nan,nan,nan,nan,nan,nan,nan,nan,nan,nan,nan,nan,nan,nan,nan,nan,nan,nan,nan,nan,nan,nan,nan,nan,nan,nan,nan,nan,nan,nan,nan,nan,nan,nan,nan,nan,nan,nan,nan,nan,nan,nan,nan,nan,nan,nan,nan,nan,nan,nan,nan,nan,nan,nan,nan
43,43,1,0,0,1.0,0.0,0.0,0.49518388509750366,0.22474481165409088,-0.8739059567451477,0.9994858503341675,0.5166111588478088,0.1922210305929184,-0.8108488321304321,0.9988266229629517,0.5310018658638,0.1938094198703766,-0.8112474679946899,0.9987846612930298,0.5449482798576355,0.19681356847286224,-0.8119924664497375,0.9984948635101318,0.4741060137748718,0.1929321587085724,-0.8070807456970215,0.9992431998252869,0.464564710855484,0.1951420158147812,-0.8076777458190918,0.999383807182312,0.45438098907470703,0.19776321947574615,-0.8087553977966309,0.999471127986908,0.5669973492622375,0.23538467288017273,-0.5370122194290161,0.9982181191444397,0.4437175393104553,0.23634666204452515,-0.4976380467414856,0.9994511008262634,0.5265410542488098,0.27641353011131287,-0.7545419931411743,0.9996659755706787,0.4705374240875244,0.2757202088832855,-0.7505892515182495,0.9998080134391785,0.6758676767349243,0.5234941244125366,-0.35882601141929626,0.9937139749526978,0.3558858633041382,0.5142951607704163,-0.3118289113044739,0.9991441369056702,0.694288969039917,0.8755751848220825,-0.2303852140903473,0.7463330030441284,0.28328490257263184,0.8388820290565491,-0.15508541464805603,0.9528401494026184,0.608200192451477,1.0760002136230469,-0.46734553575515747,0.28687652945518494,0.3465457856655121,1.0278204679489136,-0.3766545355319977,0.7396557331085205,0.6010727882385254,1.1811578273773193,-0.5441219806671143,0.21830956637859344,0.35384321212768555,1.127177357673645,-0.45129504799842834,0.6334517598152161,0.5811330080032349,1.1615314483642578,-0.6071302890777588,0.250490665435791,0.3696945607662201,1.0934542417526245,-0.5132191181182861,0.6620102524757385,0.5723973512649536,1.1196941137313843,-0.4984361529350281,0.2668532133102417,0.38180652260780334,1.0402907133102417,-0.40670067071914673,0.6476417779922485,0.6010569334030151,1.1186233758926392,-0.03650496155023575,0.17461098730564117,0.39864224195480347,1.1041483879089355,0.03818942978978157,0.24228599667549133,0.5706640481948853,1.5598326921463013,0.03245636075735092,0.01100762840360403,0.3733940124511719,1.5395617485046387,0.07623164355754852,0.009373336099088192,0.5556527376174927,1.9533783197402954,0.595948338508606,0.001953589264303446,0.3642006814479828,1.9406729936599731,0.4956287443637848,0.0024247397668659687,0.5582283735275269,2.007267951965332,0.6308645009994507,0.0011074362555518746,0.36364656686782837,1.9994757175445557,0.5247683525085449,0.003237618599087,0.5173962712287903,2.088610887527466,0.21042051911354065,0.0016403143526986241,0.37465283274650574,2.074069023132324,0.08610496670007706,0.005152831319719553,nan,nan,nan,nan,nan,nan,nan,nan,nan,nan,nan,nan,nan,nan,nan,nan,nan,nan,nan,nan,nan,nan,nan,nan,nan,nan,nan,nan,nan,nan,nan,nan,nan,nan,nan,nan,nan,nan,nan,nan,nan,nan,nan,nan,nan,nan,nan,nan,nan,nan,nan,nan,nan,nan,nan,nan,nan,nan,nan,nan,nan,nan,nan,nan,nan,nan,nan,nan,nan,nan,nan,nan,nan,nan,nan,nan,nan,nan,nan,nan,nan,nan,nan,nan,nan,nan,nan,nan,nan,nan,nan,nan,nan,nan,nan,nan,nan,nan,nan,nan,nan,nan,nan,nan,nan,nan,nan,nan,nan,nan,nan,nan,nan,nan,nan,nan,nan,nan,nan,nan,nan,nan,nan,nan,nan,nan
44,44,1,0,0,1.0,0.0,0.0,0.4951034486293793,0.22741475701332092,-0.8293190002441406,0.9993872046470642,0.5165985226631165,0.1952475905418396,-0.7826534509658813,0.998631477355957,0.5309922695159912,0.19675855338573456,-0.7830164432525635,0.9986009001731873,0.5449535846710205,0.19965018332004547,-0.7831887006759644,0.9983424544334412,0.47409066557884216,0.19649416208267212,-0.7763245105743408,0.9990484714508057,0.46451839804649353,0.19833369553089142,-0.7763840556144714,0.999197781085968,0.45436009764671326,0.20073361694812775,-0.7770141959190369,0.99929279088974,0.5670205950737,0.23742294311523438,-0.4938383996486664,0.9979873895645142,0.4433913230895996,0.23805899918079376,-0.4467175602912903,0.9992037415504456,0.5262110829353333,0.27915599942207336,-0.71979820728302,0.9996116757392883,0.4702692925930023,0.2782403230667114,-0.7080144286155701,0.9997360110282898,0.6757194399833679,0.5233980417251587,-0.3400871455669403,0.9938898086547852,0.35585707426071167,0.5146147012710571,-0.24343594908714294,0.9989697933197021,0.6945639848709106,0.8706883788108826,-0.2434648722410202,0.7504776120185852,0.30195242166519165,0.8450256586074829,-0.07952366024255753,0.93943190574646,0.6133862733840942,1.07656729221344,-0.4894947111606598,0.28454554080963135,0.34721839427948,1.0672498941421509,-0.33521729707717896,0.6932849884033203,0.6099807024002075,1.1772514581680298,-0.5706254243850708,0.2169790416955948,0.34385114908218384,1.1776416301727295,-0.4102707505226135,0.5920943021774292,0.5941240787506104,1.1708438396453857,-0.6276187300682068,0.24989546835422516,0.3573811948299408,1.1562894582748413,-0.4860042631626129,0.6225063800811768,0.5873782634735107,1.1310774087905884,-0.5191751718521118,0.2671715021133423,0.3664896488189697,1.1167588233947754,-0.3729957640171051,0.6121673583984375,0.6017665863037109,1.1180040836334229,-0.049184784293174744,0.17360259592533112,0.39901018142700195,1.105515718460083,0.05104978010058403,0.23740918934345245,0.5754230618476868,1.5615019798278809,0.012724200263619423,0.010187145322561264,0.37955614924430847,1.5413310527801514,0.09280937165021896,0.008686638437211514,0.5562419891357422,1.957529067993164,0.546239972114563,0.0017965418519452214,0.3661249577999115,1.9438836574554443,0.5013285875320435,0.002230999292805791,0.5588623881340027,2.0122106075286865,0.5753992795944214,0.0010209851898252964,0.3644261956214905,2.003974199295044,0.5286902785301208,0.003002940909937024,0.5182129144668579,2.09251070022583,0.15212558209896088,0.0015061978483572602,0.37732142210006714,2.075178384780884,0.08154886960983276,0.004740132950246334,nan,nan,nan,nan,nan,nan,nan,nan,nan,nan,nan,nan,nan,nan,nan,nan,nan,nan,nan,nan,nan,nan,nan,nan,nan,nan,nan,nan,nan,nan,nan,nan,nan,nan,nan,nan,nan,nan,nan,nan,nan,nan,nan,nan,nan,nan,nan,nan,nan,nan,nan,nan,nan,nan,nan,nan,nan,nan,nan,nan,nan,nan,nan,nan,nan,nan,nan,nan,nan,nan,nan,nan,nan,nan,nan,nan,nan,nan,nan,nan,nan,nan,nan,nan,nan,nan,nan,nan,nan,nan,nan,nan,nan,nan,nan,nan,nan,nan,nan,nan,nan,nan,nan,nan,nan,nan,nan,nan,nan,nan,nan,nan,nan,nan,nan,nan,nan,nan,nan,nan,nan,nan,nan,nan,nan,nan
45,45,1,0,0,1.0,0.0,0.0,0.4949618875980377,0.2298540472984314,-0.8191044926643372,0.9992504119873047,0.5165219306945801,0.1983792781829834,-0.773136556148529,0.998349666595459,0.530889630317688,0.19972850382328033,-0.7735529541969299,0.9983415603637695,0.544866144657135,0.20232614874839783,-0.7736148834228516,0.998108983039856,0.47406893968582153,0.20010384917259216,-0.7680089473724365,0.9987569451332092,0.4644533693790436,0.2016342729330063,-0.7680661678314209,0.9989193677902222,0.45433568954467773,0.20381395518779755,-0.7686944603919983,0.9990187287330627,0.5669523477554321,0.23903025686740875,-0.4778822064399719,0.9976439476013184,0.4432954788208008,0.23980312049388885,-0.438689649105072,0.9987924695014954,0.5258750915527344,0.2813933789730072,-0.7095829248428345,0.9995232820510864,0.4700070917606354,0.2804165482521057,-0.6990834474563599,0.9996259212493896,0.6755040884017944,0.5220649242401123,-0.32015320658683777,0.9939845204353333,0.3560197055339813,0.5150743722915649,-0.23529186844825745,0.9985547065734863,0.6948655843734741,0.8649186491966248,-0.24930834770202637,0.7524784207344055,0.31395262479782104,0.8484201431274414,-0.10218878090381622,0.9176003932952881,0.6134804487228394,1.0760462284088135,-0.520422101020813,0.28605201840400696,0.3478831648826599,1.0873196125030518,-0.38632163405418396,0.6454982161521912,0.6099605560302734,1.176444411277771,-0.6150132417678833,0.21998237073421478,0.34794700145721436,1.1862943172454834,-0.4708334803581238,0.5511159896850586,0.5943900346755981,1.1674538850784302,-0.6799284815788269,0.254521906375885,0.36180800199508667,1.166370153427124,-0.5501272082328796,0.583084225654602,0.5881603360176086,1.1281774044036865,-0.5554105043411255,0.2713196873664856,0.36977702379226685,1.1288338899612427,-0.42639225721359253,0.5758222341537476,0.6021659970283508,1.11747407913208,-0.05081889033317566,0.17094337940216064,0.40059971809387207,1.1059211492538452,0.0527505949139595,0.22983121871948242,0.579447329044342,1.562075138092041,-0.00335128977894783,0.009943091310560703,0.38495439291000366,1.5413650274276733,0.07885362952947617,0.008358441293239594,0.5576175451278687,1.9583386182785034,0.49228110909461975,0.0017152908258140087,0.3672998547554016,1.944060206413269,0.4417310655117035,0.0021281468216329813,0.5598488450050354,2.0136027336120605,0.5164830684661865,0.0009765108698047698,0.3647499680519104,2.0048513412475586,0.46412771940231323,0.002908765571191907,0.5192708969116211,2.0924761295318604,0.09490509331226349,0.0014281212352216244,0.3783324062824249,2.0746591091156006,0.026047129184007645,0.00448921462520957,nan,nan,nan,nan,nan,nan,nan,nan,nan,nan,nan,nan,nan,nan,nan,nan,nan,nan,nan,nan,nan,nan,nan,nan,nan,nan,nan,nan,nan,nan,nan,nan,nan,nan,nan,nan,nan,nan,nan,nan,nan,nan,nan,nan,nan,nan,nan,nan,nan,nan,nan,nan,nan,nan,nan,nan,nan,nan,nan,nan,nan,nan,nan,nan,nan,nan,nan,nan,nan,nan,nan,nan,nan,nan,nan,nan,nan,nan,nan,nan,nan,nan,nan,nan,nan,nan,nan,nan,nan,nan,nan,nan,nan,nan,nan,nan,nan,nan,nan,nan,nan,nan,nan,nan,nan,nan,nan,nan,nan,nan,nan,nan,nan,nan,nan,nan,nan,nan,nan,nan,nan,nan,nan,nan,nan,nan
46,46,1,0,0,1.0,0.0,0.0,0.49486932158470154,0.23295347392559052,-0.8241207003593445,0.9991150498390198,0.5164508819580078,0.20206451416015625,-0.7781955003738403,0.9980652928352356,0.5308030247688293,0.2034206986427307,-0.7786206007003784,0.9980913996696472,0.5447961091995239,0.20566944777965546,-0.7786411643028259,0.9978732466697693,0.4740530848503113,0.20364339649677277,-0.7736379504203796,0.9984692335128784,0.4644012451171875,0.20489512383937836,-0.7736947536468506,0.998650312423706,0.454317569732666,0.20678018033504486,-0.7743247747421265,0.9987496137619019,0.5668731927871704,0.24070803821086884,-0.48043757677078247,0.9973142147064209,0.44325152039527893,0.241597980260849,-0.4444819986820221,0.9984311461448669,0.5255671739578247,0.28444704413414,-0.7137418985366821,0.9994383454322815,0.4697738587856293,0.283233106136322,-0.7040444612503052,0.9995232224464417,0.6754163503646851,0.5214845538139343,-0.3156585991382599,0.9941112995147705,0.3564836382865906,0.515865683555603,-0.2355206459760666,0.9982619881629944,0.6944506168365479,0.8576638102531433,-0.253007709980011,0.7554717063903809,0.3220752477645874,0.8507024645805359,-0.08856163918972015,0.9016540050506592,0.6112301349639893,1.069699764251709,-0.5444875955581665,0.29073914885520935,0.35030949115753174,1.090675950050354,-0.37121114134788513,0.6080304980278015,0.6080088019371033,1.168270468711853,-0.6409724354743958,0.22531673312187195,0.3533989489078522,1.1888693571090698,-0.4571268558502197,0.5183963775634766,0.593891978263855,1.163626790046692,-0.7058908343315125,0.26136884093284607,0.3674960732460022,1.1682407855987549,-0.5364809632301331,0.5523407459259033,0.5879631638526917,1.1234906911849976,-0.5795935392379761,0.2777048349380493,0.37468406558036804,1.129984736442566,-0.4112118184566498,0.5477855205535889,0.6022466421127319,1.1170847415924072,-0.04978489875793457,0.16944876313209534,0.4015173017978668,1.1058928966522217,0.05172698572278023,0.22452741861343384,0.5826747417449951,1.5620208978652954,-0.006016151513904333,0.009629247710108757,0.38804858922958374,1.5409905910491943,0.05097587779164314,0.00804394856095314,0.5590444207191467,1.9580906629562378,0.4837951064109802,0.0016227246960625052,0.3691257834434509,1.9440195560455322,0.4048658013343811,0.0020195755641907454,0.5608335733413696,2.0135908126831055,0.5073596239089966,0.0009289435110986233,0.3661903440952301,2.0047426223754883,0.426491916179657,0.0027971307281404734,0.5209611654281616,2.0921199321746826,0.08307190239429474,0.0013504255330190063,0.3817778527736664,2.073411703109741,-0.015249811112880707,0.004253800958395004,nan,nan,nan,nan,nan,nan,nan,nan,nan,nan,nan,nan,nan,nan,nan,nan,nan,nan,nan,nan,nan,nan,nan,nan,nan,nan,nan,nan,nan,nan,nan,nan,nan,nan,nan,nan,nan,nan,nan,nan,nan,nan,nan,nan,nan,nan,nan,nan,nan,nan,nan,nan,nan,nan,nan,nan,nan,nan,nan,nan,nan,nan,nan,nan,nan,nan,nan,nan,nan,nan,nan,nan,nan,nan,nan,nan,nan,nan,nan,nan,nan,nan,nan,nan,nan,nan,nan,nan,nan,nan,nan,nan,nan,nan,nan,nan,nan,nan,nan,nan,nan,nan,nan,nan,nan,nan,nan,nan,nan,nan,nan,nan,nan,nan,nan,nan,nan,nan,nan,nan,nan,nan,nan,nan,nan,nan
47,47,1,0,0,1.0,0.0,0.0,0.4945871829986572,0.23523052036762238,-0.8258998990058899,0.9989696145057678,0.5162972807884216,0.2047116607427597,-0.7798897624015808,0.9977200031280518,0.5306360125541687,0.20602938532829285,-0.7802934646606445,0.9977995753288269,0.5446659326553345,0.2079988569021225,-0.7802895307540894,0.9975664019584656,0.47395795583724976,0.20629961788654327,-0.7769090533256531,0.9981456398963928,0.4642412066459656,0.20747116208076477,-0.777016818523407,0.9983794093132019,0.4541769027709961,0.2091948539018631,-0.7776750922203064,0.9984674453735352,0.566705048084259,0.24186120927333832,-0.479694664478302,0.9968748688697815,0.44316035509109497,0.2429715096950531,-0.45108285546302795,0.9980697631835938,0.5251113772392273,0.28668227791786194,-0.7145323753356934,0.9993322491645813,0.46933889389038086,0.2853841781616211,-0.706932544708252,0.9994137287139893,0.6752385497093201,0.5202742218971252,-0.30978095531463623,0.9941665530204773,0.35674479603767395,0.5166643261909485,-0.24812579154968262,0.9979969263076782,0.6936358213424683,0.8543775081634521,-0.25578203797340393,0.759925901889801,0.3253788352012634,0.8527781367301941,-0.11858751624822617,0.8895160555839539,0.6102482080459595,1.0639058351516724,-0.5537041425704956,0.2952801585197449,0.35198912024497986,1.0862864255905151,-0.4018345773220062,0.5750422477722168,0.605731189250946,1.1614528894424438,-0.6480242013931274,0.2300567328929901,0.3576875329017639,1.1832035779953003,-0.4890625476837158,0.4895797371864319,0.5908576846122742,1.1632144451141357,-0.71088045835495,0.26712048053741455,0.3722227215766907,1.1608973741531372,-0.5631710290908813,0.5251111388206482,0.5858708620071411,1.1212334632873535,-0.5875838398933411,0.28329572081565857,0.3783397376537323,1.1232922077178955,-0.4391316771507263,0.5232962369918823,0.6036391258239746,1.116786241531372,-0.04888761416077614,0.16843879222869873,0.4025196135044098,1.105814814567566,0.05080098658800125,0.22018857300281525,0.5851882100105286,1.561915636062622,0.006996776908636093,0.009389586746692657,0.38920506834983826,1.5406970977783203,0.056002743542194366,0.00775282084941864,0.5600340962409973,1.9578213691711426,0.5027436017990112,0.0015607391251251101,0.3696057200431824,1.9434617757797241,0.4124991297721863,0.0019387180218473077,0.5615596175193787,2.0134975910186768,0.5271441340446472,0.000903164385817945,0.36632826924324036,2.004450559616089,0.43434590101242065,0.002731569577008486,0.5216449499130249,2.09183931350708,0.10623927414417267,0.0012927259085699916,0.38345789909362793,2.0724430084228516,-0.004550051409751177,0.004048421047627926,nan,nan,nan,nan,nan,nan,nan,nan,nan,nan,nan,nan,nan,nan,nan,nan,nan,nan,nan,nan,nan,nan,nan,nan,nan,nan,nan,nan,nan,nan,nan,nan,nan,nan,nan,nan,nan,nan,nan,nan,nan,nan,nan,nan,nan,nan,nan,nan,nan,nan,nan,nan,nan,nan,nan,nan,nan,nan,nan,nan,nan,nan,nan,nan,nan,nan,nan,nan,nan,nan,nan,nan,nan,nan,nan,nan,nan,nan,nan,nan,nan,nan,nan,nan,nan,nan,nan,nan,nan,nan,nan,nan,nan,nan,nan,nan,nan,nan,nan,nan,nan,nan,nan,nan,nan,nan,nan,nan,nan,nan,nan,nan,nan,nan,nan,nan,nan,nan,nan,nan,nan,nan,nan,nan,nan,nan
48,48,1,0,0,1.0,0.0,0.0,0.49432510137557983,0.2376938760280609,-0.839842677116394,0.9988511204719543,0.5160890817642212,0.20722374320030212,-0.7932512760162354,0.9974269866943359,0.5304109454154968,0.20854391157627106,-0.7936331033706665,0.997572660446167,0.5444942712783813,0.2102719247341156,-0.7936025261878967,0.9973093867301941,0.4738467335700989,0.20873233675956726,-0.7908911108970642,0.9978657960891724,0.46407556533813477,0.20990891754627228,-0.7910124659538269,0.9981589913368225,0.4540224075317383,0.21155548095703125,-0.7916730642318726,0.998212993144989,0.5665298104286194,0.24304305016994476,-0.4894813597202301,0.9965388178825378,0.44303974509239197,0.244761660695076,-0.4619147777557373,0.997775673866272,0.524617612361908,0.28927546739578247,-0.7271868586540222,0.999228835105896,0.46901822090148926,0.2879418432712555,-0.7204332947731018,0.9993124604225159,0.6752249002456665,0.5199997425079346,-0.31308990716934204,0.9941312074661255,0.35708725452423096,0.5181758999824524,-0.26049095392227173,0.9976338148117065,0.6927080750465393,0.8534415364265442,-0.265514075756073,0.7632158994674683,0.32864686846733093,0.8571605682373047,-0.16070452332496643,0.8750504851341248,0.6088602542877197,1.0586575269699097,-0.573232114315033,0.30132851004600525,0.35629788041114807,1.0810564756393433,-0.44545412063598633,0.5443921089172363,0.6047585606575012,1.161814570426941,-0.6664003133773804,0.23657841980457306,0.3623649477958679,1.1764752864837646,-0.5340155959129333,0.46364590525627136,0.5865827798843384,1.1596951484680176,-0.7275862693786621,0.2747797667980194,0.3772691488265991,1.1532186269760132,-0.6038299798965454,0.5005345940589905,0.5647619962692261,1.065126657485962,-0.6059533357620239,0.2909775674343109,0.38106176257133484,1.1166918277740479,-0.480890691280365,0.5012977123260498,0.6071892380714417,1.1166586875915527,-0.043732497841119766,0.16668550670146942,0.4042600989341736,1.1058146953582764,0.04569034278392792,0.21465358138084412,0.5906038880348206,1.5617986917495728,0.012728002853691578,0.009215762838721275,0.3928391635417938,1.5400803089141846,0.051407892256975174,0.00746068125590682,0.5662422180175781,1.9576655626296997,0.511432945728302,0.0015205034287646413,0.37288275361061096,1.942004680633545,0.4021037220954895,0.0018807316664606333,0.567876935005188,2.0131683349609375,0.5355731248855591,0.0008944754372350872,0.36915042996406555,2.0034477710723877,0.4231034815311432,0.0026808888651430607,0.5283829569816589,2.0913166999816895,0.11703132092952728,0.0012549676466733217,0.38830339908599854,2.069971799850464,-0.011878354474902153,0.0038852530997246504,nan,nan,nan,nan,nan,nan,nan,nan,nan,nan,nan,nan,nan,nan,nan,nan,nan,nan,nan,nan,nan,nan,nan,nan,nan,nan,nan,nan,nan,nan,nan,nan,nan,nan,nan,nan,nan,nan,nan,nan,nan,nan,nan,nan,nan,nan,nan,nan,nan,nan,nan,nan,nan,nan,nan,nan,nan,nan,nan,nan,nan,nan,nan,nan,nan,nan,nan,nan,nan,nan,nan,nan,nan,nan,nan,nan,nan,nan,nan,nan,nan,nan,nan,nan,nan,nan,nan,nan,nan,nan,nan,nan,nan,nan,nan,nan,nan,nan,nan,nan,nan,nan,nan,nan,nan,nan,nan,nan,nan,nan,nan,nan,nan,nan,nan,nan,nan,nan,nan,nan,nan,nan,nan,nan,nan,nan
49,49,1,0,0,1.0,0.0,0.0,0.49375295639038086,0.2389238476753235,-0.8506556749343872,0.9987660646438599,0.5157911777496338,0.20835845172405243,-0.8020410537719727,0.9972211122512817,0.5301147103309631,0.20965178310871124,-0.8025144338607788,0.9974104762077332,0.5442792177200317,0.21129950881004333,-0.8024516105651855,0.9971286654472351,0.4736032485961914,0.20989423990249634,-0.8020132184028625,0.997650682926178,0.46380892395973206,0.21102187037467957,-0.802187442779541,0.9979778528213501,0.45373931527137756,0.21258410811424255,-0.8028985857963562,0.9980013370513916,0.5663737058639526,0.2436518371105194,-0.49093493819236755,0.9963133335113525,0.4429164528846741,0.24545547366142273,-0.4728642404079437,0.9975253343582153,0.5238263607025146,0.29083725810050964,-0.7344567775726318,0.9991558790206909,0.4684417247772217,0.2894156873226166,-0.7306305170059204,0.9992328882217407,0.6752233505249023,0.5199843049049377,-0.31872040033340454,0.994144856929779,0.3573116660118103,0.5194251537322998,-0.2611720860004425,0.9972594976425171,0.6919490694999695,0.8535996079444885,-0.2975025475025177,0.7684128284454346,0.3299369215965271,0.859466552734375,-0.17546162009239197,0.8611530065536499,0.6060065031051636,1.0551581382751465,-0.6205868124961853,0.31125062704086304,0.3616428077220917,1.0797277688980103,-0.4632795453071594,0.5162533521652222,0.601022481918335,1.1618313789367676,-0.7178970575332642,0.24646058678627014,0.3633269965648651,1.1756967306137085,-0.5528379678726196,0.4400692880153656,0.5805766582489014,1.155411958694458,-0.7760052680969238,0.28610295057296753,0.3797018527984619,1.1516673564910889,-0.6232293248176575,0.4781869947910309,0.5536807775497437,1.0485014915466309,-0.6520606279373169,0.301824688911438,0.38156014680862427,1.1156094074249268,-0.4992002546787262,0.4814567565917969,0.6102805733680725,1.1168596744537354,-0.04350972920656204,0.16376817226409912,0.405958890914917,1.107277750968933,0.04549583047628403,0.20814035832881927,0.5934171676635742,1.5631790161132812,0.01583980768918991,0.009172091260552406,0.39435237646102905,1.5406081676483154,0.056819360703229904,0.00725591741502285,0.5691666603088379,1.9583759307861328,0.5246761441230774,0.0015020264545455575,0.37428972125053406,1.9421870708465576,0.42212504148483276,0.0018398952670395374,0.5706286430358887,2.0142064094543457,0.5501569509506226,0.0008927403832785785,0.3705623745918274,2.0036699771881104,0.4447486400604248,0.0026563669089227915,0.5320361256599426,2.0916171073913574,0.12915655970573425,0.0012298012152314186,0.3899082839488983,2.0700440406799316,0.004582006484270096,0.003757213242352009,nan,nan,nan,nan,nan,nan,nan,nan,nan,nan,nan,nan,nan,nan,nan,nan,nan,nan,nan,nan,nan,nan,nan,nan,nan,nan,nan,nan,nan,nan,nan,nan,nan,nan,nan,nan,nan,nan,nan,nan,nan,nan,nan,nan,nan,nan,nan,nan,nan,nan,nan,nan,nan,nan,nan,nan,nan,nan,nan,nan,nan,nan,nan,nan,nan,nan,nan,nan,nan,nan,nan,nan,nan,nan,nan,nan,nan,nan,nan,nan,nan,nan,nan,nan,nan,nan,nan,nan,nan,nan,nan,nan,nan,nan,nan,nan,nan,nan,nan,nan,nan,nan,nan,nan,nan,nan,nan,nan,nan,nan,nan,nan,nan,nan,nan,nan,nan,nan,nan,nan,nan,nan,nan,nan,nan,nan
50,50,1,0,0,1.0,0.0,0.0,0.49310168623924255,0.23972153663635254,-0.8326702117919922,0.9986833333969116,0.5154291391372681,0.20908764004707336,-0.7827504873275757,0.9969908595085144,0.5298241972923279,0.21043413877487183,-0.7832077741622925,0.997244656085968,0.5440987348556519,0.21209461987018585,-0.7831234335899353,0.9969327449798584,0.4733258783817291,0.21062161028385162,-0.7823765277862549,0.997408390045166,0.46353182196617126,0.21176758408546448,-0.782451868057251,0.9977851510047913,0.453496515750885,0.2132858783006668,-0.7831820249557495,0.9977688193321228,0.5663357973098755,0.2443571388721466,-0.47038716077804565,0.9960981011390686,0.442898690700531,0.24606342613697052,-0.4522504210472107,0.9973155856132507,0.5231643915176392,0.2917962670326233,-0.71705561876297,0.9990860819816589,0.4679303765296936,0.2904733121395111,-0.7127191424369812,0.9991564154624939,0.6752631664276123,0.5202974677085876,-0.2963709831237793,0.9941703081130981,0.35786014795303345,0.5206232666969299,-0.260560542345047,0.9969725012779236,0.6909379959106445,0.855021059513092,-0.2972587049007416,0.7679761052131653,0.3300614058971405,0.8621950149536133,-0.16505731642246246,0.8454321026802063,0.6059470772743225,1.0554016828536987,-0.6122462153434753,0.3146438002586365,0.36566632986068726,1.0774937868118286,-0.44856223464012146,0.4871809184551239,0.6007773876190186,1.1645654439926147,-0.7106758952140808,0.2503296434879303,0.3658355176448822,1.1741979122161865,-0.5405405163764954,0.4158412516117096,0.5795141458511353,1.1543415784835815,-0.7657641172409058,0.2911878228187561,0.38083648681640625,1.1493449211120605,-0.6132290363311768,0.454914927482605,0.5550244450569153,1.0801903009414673,-0.6434446573257446,0.3071902394294739,0.3841492533683777,1.113121509552002,-0.48605307936668396,0.4605897068977356,0.6113839745521545,1.1189792156219482,-0.04052669554948807,0.15610568225383759,0.4058969020843506,1.1104696989059448,0.04275567829608917,0.1971551477909088,0.5956115126609802,1.5667736530303955,0.019360996782779694,0.008570339530706406,0.3954543471336365,1.54362154006958,0.04051986709237099,0.006728612817823887,0.5708150863647461,1.9610995054244995,0.5299369692802429,0.0013930817367509007,0.37461134791374207,1.9454034566879272,0.41335543990135193,0.0017031434690579772,0.5723271369934082,2.0174574851989746,0.5553439855575562,0.0008353771409019828,0.37061062455177307,2.0084359645843506,0.4365280270576477,0.002478481037542224,0.5330592393875122,2.094569206237793,0.12869255244731903,0.0011465867282822728,0.39042189717292786,2.071535587310791,-0.014109611511230469,0.0035023544915020466,nan,nan,nan,nan,nan,nan,nan,nan,nan,nan,nan,nan,nan,nan,nan,nan,nan,nan,nan,nan,nan,nan,nan,nan,nan,nan,nan,nan,nan,nan,nan,nan,nan,nan,nan,nan,nan,nan,nan,nan,nan,nan,nan,nan,nan,nan,nan,nan,nan,nan,nan,nan,nan,nan,nan,nan,nan,nan,nan,nan,nan,nan,nan,nan,nan,nan,nan,nan,nan,nan,nan,nan,nan,nan,nan,nan,nan,nan,nan,nan,nan,nan,nan,nan,nan,nan,nan,nan,nan,nan,nan,nan,nan,nan,nan,nan,nan,nan,nan,nan,nan,nan,nan,nan,nan,nan,nan,nan,nan,nan,nan,nan,nan,nan,nan,nan,nan,nan,nan,nan,nan,nan,nan,nan,nan,nan
51,51,1,0,0,1.0,0.0,0.0,0.49282106757164,0.2403125762939453,-0.8370612859725952,0.9986355304718018,0.5153104662895203,0.20960326492786407,-0.7832374572753906,0.9968668818473816,0.5297442078590393,0.21100936830043793,-0.7838121652603149,0.9971632361412048,0.544061541557312,0.2126806378364563,-0.7836796045303345,0.9968381524085999,0.473219633102417,0.21106697618961334,-0.786282479763031,0.9972701668739319,0.4634020924568176,0.21220222115516663,-0.7863074541091919,0.9976755380630493,0.4533894658088684,0.21368883550167084,-0.7870935201644897,0.9976304173469543,0.5663274526596069,0.24495042860507965,-0.48084917664527893,0.9960024356842041,0.44287657737731934,0.24651150405406952,-0.45670264959335327,0.9972020983695984,0.522733211517334,0.29259711503982544,-0.7200475335121155,0.999053418636322,0.46764975786209106,0.29131728410720825,-0.7141765356063843,0.9991139769554138,0.6753726601600647,0.5206764936447144,-0.3021850883960724,0.9943066835403442,0.35807472467422485,0.5217530727386475,-0.26578763127326965,0.996816098690033,0.6900700330734253,0.8566806316375732,-0.293950617313385,0.7747700810432434,0.3293824791908264,0.8643311858177185,-0.17094048857688904,0.8373563885688782,0.6053290963172913,1.0556657314300537,-0.6177360415458679,0.3242141902446747,0.3657183051109314,1.0847184658050537,-0.45940691232681274,0.4662296772003174,0.5999708771705627,1.1620699167251587,-0.7182186841964722,0.2583787739276886,0.36781030893325806,1.18404221534729,-0.5518122911453247,0.39769259095191956,0.5768790245056152,1.1546465158462524,-0.775466799736023,0.3000970482826233,0.3824172019958496,1.1603294610977173,-0.62397301197052,0.4375269114971161,0.5573665499687195,1.1014275550842285,-0.6497516632080078,0.31670549511909485,0.3857157528400421,1.1232904195785522,-0.49705642461776733,0.4463639259338379,0.6124355792999268,1.119604229927063,-0.036833830177783966,0.15767747163772583,0.40596336126327515,1.1117651462554932,0.039061374962329865,0.19681496918201447,0.5970984697341919,1.5678757429122925,0.034931786358356476,0.008169922977685928,0.39623701572418213,1.5448282957077026,0.04650871455669403,0.0063687884248793125,0.5723838806152344,1.9614369869232178,0.555173933506012,0.0013253289507701993,0.3755078613758087,1.9463350772857666,0.4270261228084564,0.0016133436001837254,0.5740770697593689,2.017591714859009,0.5805721879005432,0.000804913230240345,0.371467649936676,2.009222984313965,0.450989305973053,0.002374052768573165,0.5343249440193176,2.0950827598571777,0.14133447408676147,0.0010893320431932807,0.3914603292942047,2.0722780227661133,0.000755556276999414,0.003313823603093624,nan,nan,nan,nan,nan,nan,nan,nan,nan,nan,nan,nan,nan,nan,nan,nan,nan,nan,nan,nan,nan,nan,nan,nan,nan,nan,nan,nan,nan,nan,nan,nan,nan,nan,nan,nan,nan,nan,nan,nan,nan,nan,nan,nan,nan,nan,nan,nan,nan,nan,nan,nan,nan,nan,nan,nan,nan,nan,nan,nan,nan,nan,nan,nan,nan,nan,nan,nan,nan,nan,nan,nan,nan,nan,nan,nan,nan,nan,nan,nan,nan,nan,nan,nan,nan,nan,nan,nan,nan,nan,nan,nan,nan,nan,nan,nan,nan,nan,nan,nan,nan,nan,nan,nan,nan,nan,nan,nan,nan,nan,nan,nan,nan,nan,nan,nan,nan,nan,nan,nan,nan,nan,nan,nan,nan,nan
52,52,1,0,0,1.0,0.0,0.0,0.49280300736427307,0.24120892584323883,-0.8429247140884399,0.9986008405685425,0.5153005123138428,0.21011389791965485,-0.7915072441101074,0.9967824220657349,0.5297500491142273,0.2115669995546341,-0.7919985055923462,0.9971021413803101,0.5440835356712341,0.21323280036449432,-0.7918931841850281,0.9967752695083618,0.473205029964447,0.21150408685207367,-0.7921525239944458,0.9971662759780884,0.4633769392967224,0.21266920864582062,-0.7921975255012512,0.9975792765617371,0.4533613324165344,0.21413956582546234,-0.7929365634918213,0.9975207448005676,0.5663293600082397,0.2458115518093109,-0.48297062516212463,0.9959360361099243,0.4428482949733734,0.2470518946647644,-0.457747220993042,0.9970954656600952,0.522644579410553,0.2939310669898987,-0.7263811826705933,0.9990317821502686,0.4675852656364441,0.29252681136131287,-0.7200567126274109,0.9990782737731934,0.6753745079040527,0.52146315574646,-0.3020212948322296,0.9944180250167847,0.3582659959793091,0.5225671529769897,-0.2554631531238556,0.9967038035392761,0.688698947429657,0.857596218585968,-0.2922383248806,0.7761927843093872,0.32887396216392517,0.8664268851280212,-0.13239148259162903,0.8257580399513245,0.6054074168205261,1.0567047595977783,-0.6175764799118042,0.32549238204956055,0.3635750114917755,1.0931763648986816,-0.42910513281822205,0.4427433907985687,0.5999693870544434,1.1595778465270996,-0.718647837638855,0.26016902923583984,0.36456620693206787,1.1932700872421265,-0.5215955972671509,0.37773123383522034,0.5770701766014099,1.1556541919708252,-0.7774852514266968,0.30276158452033997,0.3783664405345917,1.171173095703125,-0.6039860248565674,0.4182784855365753,0.5609877705574036,1.1117159128189087,-0.6506685018539429,0.3194066882133484,0.3836778402328491,1.1332978010177612,-0.47117775678634644,0.42948272824287415,0.6124683618545532,1.121269941329956,-0.03698766231536865,0.15413805842399597,0.40595823526382446,1.1138304471969604,0.0392259880900383,0.19177715480327606,0.5971628427505493,1.5707818269729614,0.02682848647236824,0.007758227176964283,0.3969443142414093,1.5471309423446655,0.03072449192404747,0.006022929679602385,0.572425365447998,1.9644361734390259,0.5435779690742493,0.0012464087922126055,0.3755362927913666,1.9507460594177246,0.4155755937099457,0.0015162297058850527,0.5741255283355713,2.020373582839966,0.5677670240402222,0.0007623534183949232,0.37161022424697876,2.014697313308716,0.4393066465854645,0.0022607618011534214,0.5344377756118774,2.098146438598633,0.12246426194906235,0.0010263457661494613,0.3914920687675476,2.0749025344848633,-0.02541934885084629,0.003130480879917741,nan,nan,nan,nan,nan,nan,nan,nan,nan,nan,nan,nan,nan,nan,nan,nan,nan,nan,nan,nan,nan,nan,nan,nan,nan,nan,nan,nan,nan,nan,nan,nan,nan,nan,nan,nan,nan,nan,nan,nan,nan,nan,nan,nan,nan,nan,nan,nan,nan,nan,nan,nan,nan,nan,nan,nan,nan,nan,nan,nan,nan,nan,nan,nan,nan,nan,nan,nan,nan,nan,nan,nan,nan,nan,nan,nan,nan,nan,nan,nan,nan,nan,nan,nan,nan,nan,nan,nan,nan,nan,nan,nan,nan,nan,nan,nan,nan,nan,nan,nan,nan,nan,nan,nan,nan,nan,nan,nan,nan,nan,nan,nan,nan,nan,nan,nan,nan,nan,nan,nan,nan,nan,nan,nan,nan,nan
53,53,1,0,0,1.0,0.0,0.0,0.49279212951660156,0.24260343611240387,-0.828536868095398,0.9984687566757202,0.5153287053108215,0.21110516786575317,-0.7790979146957397,0.9965083003044128,0.5297970771789551,0.21255747973918915,-0.7795812487602234,0.9968733787536621,0.5441499948501587,0.21414600312709808,-0.779529333114624,0.9965280890464783,0.4732211232185364,0.21246309578418732,-0.7779773473739624,0.9968889951705933,0.46335774660110474,0.21377922594547272,-0.7780241966247559,0.997336745262146,0.4533414840698242,0.2152964323759079,-0.7787432670593262,0.9972683191299438,0.5663751363754272,0.24703362584114075,-0.46914514899253845,0.9956192374229431,0.44282931089401245,0.24830688536167145,-0.4442802965641022,0.9968113899230957,0.5226136445999146,0.29558420181274414,-0.7128171920776367,0.9989473223686218,0.46756991744041443,0.2940084636211395,-0.7063426971435547,0.998985767364502,0.6753746271133423,0.5222281813621521,-0.28841838240623474,0.9943723082542419,0.35866910219192505,0.5232173204421997,-0.2455490380525589,0.9965306520462036,0.6873219609260559,0.8592172861099243,-0.28488579392433167,0.7753309011459351,0.32824644446372986,0.8673638701438904,-0.1291823834180832,0.8151105046272278,0.6054835915565491,1.0573222637176514,-0.6121581196784973,0.3229112923145294,0.3624771237373352,1.0955770015716553,-0.42067933082580566,0.4196183979511261,0.6016220450401306,1.169662356376648,-0.7114008665084839,0.2580343782901764,0.3633619248867035,1.1951539516448975,-0.5122279524803162,0.35750970244407654,0.5788807272911072,1.1573486328125,-0.7688880562782288,0.3009285628795624,0.3769841492176056,1.1742119789123535,-0.5938169956207275,0.39841845631599426,0.5674277544021606,1.1179338693618774,-0.6446981430053711,0.3172996938228607,0.3830221891403198,1.1363071203231812,-0.46196866035461426,0.41098853945732117,0.611707866191864,1.1216994524002075,-0.036651309579610825,0.15553104877471924,0.4057376980781555,1.113677740097046,0.03888045251369476,0.19242845475673676,0.5963036417961121,1.570816159248352,0.025762304663658142,0.007806940004229546,0.39683103561401367,1.547059178352356,0.025772366672754288,0.005981392227113247,0.5718224048614502,1.9642627239227295,0.5330978631973267,0.0012268525315448642,0.37536635994911194,1.9505692720413208,0.40294432640075684,0.0014941842528060079,0.57370924949646,2.0202138423919678,0.5568175315856934,0.0007574882474727929,0.3713339865207672,2.0144436359405518,0.4258298873901367,0.0022871450055390596,0.5333749651908875,2.0979318618774414,0.1191144809126854,0.0010057829786092043,0.39081650972366333,2.074815273284912,-0.03148619085550308,0.003076747292652726,nan,nan,nan,nan,nan,nan,nan,nan,nan,nan,nan,nan,nan,nan,nan,nan,nan,nan,nan,nan,nan,nan,nan,nan,nan,nan,nan,nan,nan,nan,nan,nan,nan,nan,nan,nan,nan,nan,nan,nan,nan,nan,nan,nan,nan,nan,nan,nan,nan,nan,nan,nan,nan,nan,nan,nan,nan,nan,nan,nan,nan,nan,nan,nan,nan,nan,nan,nan,nan,nan,nan,nan,nan,nan,nan,nan,nan,nan,nan,nan,nan,nan,nan,nan,nan,nan,nan,nan,nan,nan,nan,nan,nan,nan,nan,nan,nan,nan,nan,nan,nan,nan,nan,nan,nan,nan,nan,nan,nan,nan,nan,nan,nan,nan,nan,nan,nan,nan,nan,nan,nan,nan,nan,nan,nan,nan
54,54,1,0,0,1.0,0.0,0.0,0.4929169714450836,0.24376893043518066,-0.8242347836494446,0.9983994364738464,0.5155750513076782,0.21193820238113403,-0.7757076621055603,0.9963781237602234,0.5301270484924316,0.2134028524160385,-0.7761821150779724,0.9967618584632874,0.5445021390914917,0.21498766541481018,-0.7761518359184265,0.9964181780815125,0.47333580255508423,0.21315869688987732,-0.7741185426712036,0.9967469573020935,0.46332794427871704,0.21457356214523315,-0.774156928062439,0.9972004294395447,0.4533255696296692,0.21611139178276062,-0.7748466730117798,0.99713134765625,0.5666505098342896,0.24823492765426636,-0.46595120429992676,0.9954724311828613,0.442816823720932,0.24900822341442108,-0.44186311960220337,0.996635913848877,0.5226325988769531,0.29685768485069275,-0.7087422609329224,0.9989027976989746,0.46755367517471313,0.2950928509235382,-0.7025101780891418,0.9989304542541504,0.6753676533699036,0.5228302478790283,-0.2841756045818329,0.9944409728050232,0.3589009642601013,0.5233473777770996,-0.23811717331409454,0.9964073896408081,0.6861453056335449,0.8593791723251343,-0.26186615228652954,0.775428831577301,0.3283824324607849,0.8672246336936951,-0.11060003191232681,0.805976390838623,0.605522871017456,1.0591686964035034,-0.5884082317352295,0.32450219988822937,0.35933202505111694,1.0960487127304077,-0.40220171213150024,0.39997372031211853,0.6017235517501831,1.1658152341842651,-0.6859334707260132,0.2592245638370514,0.35902151465415955,1.1952247619628906,-0.49368777871131897,0.34028756618499756,0.5802103281021118,1.1576597690582275,-0.747426450252533,0.3026946783065796,0.37257736921310425,1.174613356590271,-0.5762916207313538,0.38181906938552856,0.5715107917785645,1.1192222833633423,-0.6224108934402466,0.3185785114765167,0.37982529401779175,1.1363972425460815,-0.44411078095436096,0.39529839158058167,0.6103202700614929,1.121599793434143,-0.03650468587875366,0.15853193402290344,0.4054845869541168,1.1135928630828857,0.03872811794281006,0.19455088675022125,0.5957430601119995,1.5705212354660034,0.018813401460647583,0.007860830053687096,0.3970170021057129,1.5453979969024658,0.015035368502140045,0.0059643276035785675,0.5716156959533691,1.963828206062317,0.5112959146499634,0.001191331073641777,0.37539684772491455,1.9497392177581787,0.3811963200569153,0.0014611108927056193,0.5735729932785034,2.019833564758301,0.534112274646759,0.0007421215996146202,0.37141814827919006,2.0142617225646973,0.4030495285987854,0.002288972493261099,0.5329715013504028,2.0971972942352295,0.10135868936777115,0.0009770117467269301,0.39081352949142456,2.072807788848877,-0.05053608864545822,0.0030146935023367405,nan,nan,nan,nan,nan,nan,nan,nan,nan,nan,nan,nan,nan,nan,nan,nan,nan,nan,nan,nan,nan,nan,nan,nan,nan,nan,nan,nan,nan,nan,nan,nan,nan,nan,nan,nan,nan,nan,nan,nan,nan,nan,nan,nan,nan,nan,nan,nan,nan,nan,nan,nan,nan,nan,nan,nan,nan,nan,nan,nan,nan,nan,nan,nan,nan,nan,nan,nan,nan,nan,nan,nan,nan,nan,nan,nan,nan,nan,nan,nan,nan,nan,nan,nan,nan,nan,nan,nan,nan,nan,nan,nan,nan,nan,nan,nan,nan,nan,nan,nan,nan,nan,nan,nan,nan,nan,nan,nan,nan,nan,nan,nan,nan,nan,nan,nan,nan,nan,nan,nan,nan,nan,nan,nan,nan,nan
55,55,1,0,0,1.0,0.0,0.0,0.49320918321609497,0.2444118857383728,-0.8275826573371887,0.9983456134796143,0.5160048604011536,0.21241186559200287,-0.7791281342506409,0.9962563514709473,0.5306887030601501,0.2138557732105255,-0.7795943021774292,0.9966624975204468,0.5449979305267334,0.21544940769672394,-0.7795613408088684,0.9963099956512451,0.4735274314880371,0.21357734501361847,-0.7777645587921143,0.9966246485710144,0.46330276131629944,0.21506169438362122,-0.7778137922286987,0.99709552526474,0.45332083106040955,0.21660247445106506,-0.7785066962242126,0.9970211982727051,0.567059338092804,0.24891671538352966,-0.46751564741134644,0.9953251481056213,0.4428023397922516,0.24929852783679962,-0.4453623294830322,0.9965240359306335,0.5227779746055603,0.29746711254119873,-0.7115329504013062,0.9988635182380676,0.4675593972206116,0.29568183422088623,-0.7058395147323608,0.9988881349563599,0.6753610372543335,0.5229285359382629,-0.28311043977737427,0.9944708943367004,0.35906052589416504,0.5233723521232605,-0.24261434376239777,0.9963248372077942,0.6850710511207581,0.8596771359443665,-0.25562912225723267,0.7767547965049744,0.32807010412216187,0.8670833706855774,-0.1203204020857811,0.8000320792198181,0.6056246161460876,1.0599664449691772,-0.5820891857147217,0.32756945490837097,0.3581036925315857,1.0950909852981567,-0.4115026593208313,0.38440772891044617,0.6014446020126343,1.1622893810272217,-0.6792588829994202,0.26153630018234253,0.35835713148117065,1.194334864616394,-0.5026296973228455,0.32656776905059814,0.5799833536148071,1.1575969457626343,-0.7394278049468994,0.3054276704788208,0.372158020734787,1.1729778051376343,-0.583172082901001,0.3686729967594147,0.5716426968574524,1.1197313070297241,-0.6155269742012024,0.3211999237537384,0.37929147481918335,1.1348997354507446,-0.4522245526313782,0.38353657722473145,0.6100525856018066,1.1215218305587769,-0.035904936492443085,0.1594277173280716,0.40515294671058655,1.1135308742523193,0.038102876394987106,0.1948176920413971,0.5956798791885376,1.57040274143219,0.019885294139385223,0.007725687697529793,0.3970465064048767,1.5450730323791504,0.02117624320089817,0.005822659935802221,0.571628212928772,1.9637855291366577,0.5171878933906555,0.001154611469246447,0.375438392162323,1.949629306793213,0.3936825692653656,0.0014225142076611519,0.5736182928085327,2.0197670459747314,0.5408085584640503,0.0007247739704325795,0.37149322032928467,2.014051914215088,0.4165133535861969,0.002272490644827485,0.5329445004463196,2.0971086025238037,0.10886789858341217,0.0009463228634558618,0.3908189833164215,2.072392225265503,-0.03691260144114494,0.0029453583993017673,nan,nan,nan,nan,nan,nan,nan,nan,nan,nan,nan,nan,nan,nan,nan,nan,nan,nan,nan,nan,nan,nan,nan,nan,nan,nan,nan,nan,nan,nan,nan,nan,nan,nan,nan,nan,nan,nan,nan,nan,nan,nan,nan,nan,nan,nan,nan,nan,nan,nan,nan,nan,nan,nan,nan,nan,nan,nan,nan,nan,nan,nan,nan,nan,nan,nan,nan,nan,nan,nan,nan,nan,nan,nan,nan,nan,nan,nan,nan,nan,nan,nan,nan,nan,nan,nan,nan,nan,nan,nan,nan,nan,nan,nan,nan,nan,nan,nan,nan,nan,nan,nan,nan,nan,nan,nan,nan,nan,nan,nan,nan,nan,nan,nan,nan,nan,nan,nan,nan,nan,nan,nan,nan,nan,nan,nan
56,56,1,0,0,1.0,0.0,0.0,0.49348488450050354,0.2453003227710724,-0.8267596960067749,0.9982750415802002,0.5163406729698181,0.2129409909248352,-0.7786980271339417,0.9961182475090027,0.5310726761817932,0.21434593200683594,-0.7791664600372314,0.9965417981147766,0.5453445911407471,0.21591328084468842,-0.7791357040405273,0.9961836338043213,0.4737485945224762,0.2140888124704361,-0.7775827050209045,0.9964845776557922,0.46329379081726074,0.21567626297473907,-0.7776376008987427,0.9969682097434998,0.453399121761322,0.21726863086223602,-0.7783271074295044,0.9968927502632141,0.5673586130142212,0.24945351481437683,-0.46805715560913086,0.9951532483100891,0.44280505180358887,0.24965599179267883,-0.44710439443588257,0.9963681101799011,0.5228913426399231,0.2981404662132263,-0.710874080657959,0.9988155961036682,0.46761631965637207,0.2964700162410736,-0.7056889533996582,0.9988362193107605,0.6753586530685425,0.5231476426124573,-0.2839021682739258,0.994489312171936,0.35938760638237,0.5233830213546753,-0.24456234276294708,0.996221661567688,0.6844251751899719,0.8598081469535828,-0.2512674033641815,0.7772542834281921,0.328205406665802,0.8667595982551575,-0.12243428081274033,0.795000433921814,0.6056214570999146,1.0612746477127075,-0.5692886114120483,0.33175966143608093,0.35808560252189636,1.0933138132095337,-0.4090508818626404,0.37092527747154236,0.6011095643043518,1.1609188318252563,-0.6642061471939087,0.2647225260734558,0.3590276837348938,1.1920362710952759,-0.49895310401916504,0.31423062086105347,0.5799833536148071,1.1577744483947754,-0.7234869003295898,0.3090820908546448,0.37275201082229614,1.1704453229904175,-0.5793029069900513,0.35693296790122986,0.5718245506286621,1.1200945377349854,-0.6018708348274231,0.32442545890808105,0.3797079622745514,1.1324747800827026,-0.44945573806762695,0.37249556183815,0.6096196174621582,1.1214865446090698,-0.03566493093967438,0.1632436066865921,0.4051304757595062,1.1133990287780762,0.03783043846487999,0.19821274280548096,0.595639169216156,1.569503664970398,0.01749170944094658,0.0078107439912855625,0.39778074622154236,1.5435307025909424,0.01721285656094551,0.005838913377374411,0.5716400742530823,1.9626948833465576,0.5094597339630127,0.0011334572918713093,0.37599292397499084,1.948524832725525,0.38520538806915283,0.0014130804920569062,0.5736382007598877,2.018583297729492,0.5327256917953491,0.0007177432999014854,0.3718959391117096,2.013455629348755,0.40778201818466187,0.0023074415512382984,0.5329881310462952,2.0961272716522217,0.10406641662120819,0.000929699803236872,0.3910469710826874,2.0703728199005127,-0.04194265976548195,0.0029336640145629644,nan,nan,nan,nan,nan,nan,nan,nan,nan,nan,nan,nan,nan,nan,nan,nan,nan,nan,nan,nan,nan,nan,nan,nan,nan,nan,nan,nan,nan,nan,nan,nan,nan,nan,nan,nan,nan,nan,nan,nan,nan,nan,nan,nan,nan,nan,nan,nan,nan,nan,nan,nan,nan,nan,nan,nan,nan,nan,nan,nan,nan,nan,nan,nan,nan,nan,nan,nan,nan,nan,nan,nan,nan,nan,nan,nan,nan,nan,nan,nan,nan,nan,nan,nan,nan,nan,nan,nan,nan,nan,nan,nan,nan,nan,nan,nan,nan,nan,nan,nan,nan,nan,nan,nan,nan,nan,nan,nan,nan,nan,nan,nan,nan,nan,nan,nan,nan,nan,nan,nan,nan,nan,nan,nan,nan,nan
57,57,1,0,0,1.0,0.0,0.0,0.4936440587043762,0.24601224064826965,-0.8285765647888184,0.9981955289840698,0.516592800617218,0.21334309875965118,-0.7801098823547363,0.9959754943847656,0.5313721895217896,0.21471180021762848,-0.7806072235107422,0.9964143633842468,0.545621395111084,0.21625736355781555,-0.7805871963500977,0.9960507154464722,0.4738853871822357,0.2144930511713028,-0.7798112630844116,0.9963372349739075,0.4632817208766937,0.21615277230739594,-0.7798745036125183,0.9968282580375671,0.45344287157058716,0.21777944266796112,-0.7805643081665039,0.9967526197433472,0.5675843358039856,0.24985861778259277,-0.4692932665348053,0.994990885257721,0.44281619787216187,0.2499263882637024,-0.4496123194694519,0.99619460105896,0.5229635834693909,0.29872050881385803,-0.7111817598342896,0.9987618327140808,0.46764546632766724,0.29707348346710205,-0.7069513201713562,0.9987777471542358,0.6753610372543335,0.5233717560768127,-0.2861315608024597,0.994467556476593,0.35967355966567993,0.5233877301216125,-0.24692294001579285,0.996056854724884,0.6840463876724243,0.860289454460144,-0.2522486448287964,0.7792047262191772,0.32829388976097107,0.8664795756340027,-0.12744149565696716,0.7892035245895386,0.604828417301178,1.0618895292282104,-0.5704599022865295,0.3377082943916321,0.35823166370391846,1.0917328596115112,-0.41423144936561584,0.3580680787563324,0.5994782447814941,1.159300684928894,-0.6658660173416138,0.269403338432312,0.35951006412506104,1.189719557762146,-0.5045570135116577,0.3027479946613312,0.5780541896820068,1.1576199531555176,-0.7247374057769775,0.31445544958114624,0.3733711838722229,1.1676793098449707,-0.58397376537323,0.3460423946380615,0.5715458989143372,1.1198605298995972,-0.6027993559837341,0.32899773120880127,0.38003304600715637,1.1299803256988525,-0.45422014594078064,0.3619134724140167,0.6092157959938049,1.121419906616211,-0.03538995608687401,0.16560256481170654,0.4050576686859131,1.1132689714431763,0.03753187507390976,0.19997675716876984,0.5954238772392273,1.5693882703781128,0.010037695057690144,0.008074767887592316,0.39795467257499695,1.5422770977020264,0.002977574709802866,0.005960205104202032,0.5715712308883667,1.962613821029663,0.49445900321006775,0.001129122101701796,0.37602439522743225,1.9479457139968872,0.36294320225715637,0.0014251342508941889,0.5735770463943481,2.0185024738311768,0.5168004035949707,0.0007201433181762695,0.37195372581481934,2.013303518295288,0.3844769597053528,0.002374798757955432,0.5328422784805298,2.0959482192993164,0.08686476945877075,0.0009281577076762915,0.3909238576889038,2.069223642349243,-0.0658324584364891,0.0029661578591912985,nan,nan,nan,nan,nan,nan,nan,nan,nan,nan,nan,nan,nan,nan,nan,nan,nan,nan,nan,nan,nan,nan,nan,nan,nan,nan,nan,nan,nan,nan,nan,nan,nan,nan,nan,nan,nan,nan,nan,nan,nan,nan,nan,nan,nan,nan,nan,nan,nan,nan,nan,nan,nan,nan,nan,nan,nan,nan,nan,nan,nan,nan,nan,nan,nan,nan,nan,nan,nan,nan,nan,nan,nan,nan,nan,nan,nan,nan,nan,nan,nan,nan,nan,nan,nan,nan,nan,nan,nan,nan,nan,nan,nan,nan,nan,nan,nan,nan,nan,nan,nan,nan,nan,nan,nan,nan,nan,nan,nan,nan,nan,nan,nan,nan,nan,nan,nan,nan,nan,nan,nan,nan,nan,nan,nan,nan
