frame,timestamp_ms,pose_present,left_hand_present,right_hand_present,pose_score,left_hand_score,right_hand_score,pose_lm0_x,pose_lm0_y,pose_lm0_z,pose_lm0_vis,pose_lm1_x,pose_lm1_y,pose_lm1_z,pose_lm1_vis,pose_lm2_x,pose_lm2_y,pose_lm2_z,pose_lm2_vis,pose_lm3_x,pose_lm3_y,pose_lm3_z,pose_lm3_vis,pose_lm4_x,pose_lm4_y,pose_lm4_z,pose_lm4_vis,pose_lm5_x,pose_lm5_y,pose_lm5_z,pose_lm5_vis,pose_lm6_x,pose_lm6_y,pose_lm6_z,pose_lm6_vis,pose_lm7_x,pose_lm7_y,pose_lm7_z,pose_lm7_vis,pose_lm8_x,pose_lm8_y,pose_lm8_z,pose_lm8_vis,pose_lm9_x,pose_lm9_y,pose_lm9_z,pose_lm9_vis,pose_lm10_x,pose_lm10_y,pose_lm10_z,pose_lm10_vis,pose_lm11_x,pose_lm11_y,pose_lm11_z,pose_lm11_vis,pose_lm12_x,pose_lm12_y,pose_lm12_z,pose_lm12_vis,pose_lm13_x,pose_lm13_y,pose_lm13_z,pose_lm13_vis,pose_lm14_x,pose_lm14_y,pose_lm14_z,pose_lm14_vis,pose_lm15_x,pose_lm15_y,pose_lm15_z,pose_lm15_vis,pose_lm16_x,pose_lm16_y,pose_lm16_z,pose_lm16_vis,pose_lm17_x,pose_lm17_y,pose_lm17_z,pose_lm17_vis,pose_lm18_x,pose_lm18_y,pose_lm18_z,pose_lm18_vis,pose_lm19_x,pose_lm19_y,pose_lm19_z,pose_lm19_vis,pose_lm20_x,pose_lm20_y,pose_lm20_z,pose_lm20_vis,pose_lm21_x,pose_lm21_y,pose_lm21_z,pose_lm21_vis,pose_lm22_x,pose_lm22_y,pose_lm22_z,pose_lm22_vis,pose_lm23_x,pose_lm23_y,pose_lm23_z,pose_lm23_vis,pose_lm24_x,pose_lm24_y,pose_lm24_z,pose_lm24_vis,pose_lm25_x,pose_lm25_y,pose_lm25_z,pose_lm25_vis,pose_lm26_x,pose_lm26_y,pose_lm26_z,pose_lm26_vis,pose_lm27_x,pose_lm27_y,pose_lm27_z,pose_lm27_vis,pose_lm28_x,pose_lm28_y,pose_lm28_z,pose_lm28_vis,pose_lm29_x,pose_lm29_y,pose_lm29_z,pose_lm29_vis,pose_lm30_x,pose_lm30_y,pose_lm30_z,pose_lm30_vis,pose_lm31_x,pose_lm31_y,pose_lm31_z,pose_lm31_vis,pose_lm32_x,pose_lm32_y,pose_lm32_z,pose_lm32_vis,left_lm0_x,left_lm0_y,left_lm0_z,left_lm1_x,left_lm1_y,left_lm1_z,left_lm2_x,left_lm2_y,left_lm2_z,left_lm3_x,left_lm3_y,left_lm3_z,left_lm4_x,left_lm4_y,left_lm4_z,left_lm5_x,left_lm5_y,left_lm5_z,left_lm6_x,left_lm6_y,left_lm6_z,left_lm7_x,left_lm7_y,left_lm7_z,left_lm8_x,left_lm8_y,left_lm8_z,left_lm9_x,left_lm9_y,left_lm9_z,left_lm10_x,left_lm10_y,left_lm10_z,left_lm11_x,left_lm11_y,left_lm11_z,left_lm12_x,left_lm12_y,left_lm12_z,left_lm13_x,left_lm13_y,left_lm13_z,left_lm14_x,left_lm14_y,left_lm14_z,left_lm15_x,left_lm15_y,left_lm15_z,left_lm16_x,left_lm16_y,left_lm16_z,left_lm17_x,left_lm17_y,left_lm17_z,left_lm18_x,left_lm18_y,left_lm18_z,left_lm19_x,left_lm19_y,left_lm19_z,left_lm20_x,left_lm20_y,left_lm20_z,right_lm0_x,right_lm0_y,right_lm0_z,right_lm1_x,right_lm1_y,right_lm1_z,right_lm2_x,right_lm2_y,right_lm2_z,right_lm3_x,right_lm3_y,right_lm3_z,right_lm4_x,right_lm4_y,right_lm4_z,right_lm5_x,right_lm5_y,right_lm5_z,right_lm6_x,right_lm6_y,right_lm6_z,right_lm7_x,right_lm7_y,right_lm7_z,right_lm8_x,right_lm8_y,right_lm8_z,right_lm9_x,right_lm9_y,right_lm9_z,right_lm10_x,right_lm10_y,right_lm10_z,right_lm11_x,right_lm11_y,right_lm11_z,right_lm12_x,right_lm12_y,right_lm12_z,right_lm13_x,right_lm13_y,right_lm13_z,right_lm14_x,right_lm14_y,right_lm14_z,right_lm15_x,right_lm15_y,right_lm15_z,right_lm16_x,right_lm16_y,right_lm16_z,right_lm17_x,right_lm17_y,right_lm17_z,right_lm18_x,right_lm18_y,right_lm18_z,right_lm19_x,right_lm19_y,right_lm19_z,right_lm20_x,right_lm20_y,right_lm20_z
0,0,1,0,1,1.0,0.0,1.0,0.546265721321106,0.2051423043012619,-0.8909668922424316,0.9983711242675781,0.5733674168586731,0.1655687838792801,-0.8589543104171753,0.9963629841804504,0.5898569822311401,0.16547217965126038,-0.8590341806411743,0.99675452709198,0.6057186126708984,0.16578994691371918,-0.8589448928833008,0.9964233040809631,0.5307600498199463,0.16342313587665558,-0.8489675521850586,0.9966953992843628,0.5163514018058777,0.1626853197813034,-0.8487949371337891,0.997138261795044,0.5027850866317749,0.1622215360403061,-0.8493577241897583,0.9970716834068298,0.6364175081253052,0.19022256135940552,-0.5625045299530029,0.995463490486145,0.49088820815086365,0.18799524009227753,-0.5087831020355225,0.9965713024139404,0.5730037093162537,0.26070860028266907,-0.774380624294281,0.9988821744918823,0.523686408996582,0.25989848375320435,-0.7609468102455139,0.998898983001709,0.7244749069213867,0.4578334093093872,-0.3241170346736908,0.994938313961029,0.3939155340194702,0.42876407504081726,-0.3262563943862915,0.9964460730552673,0.7866077423095703,0.8499330282211304,-0.15631362795829773,0.7833510637283325,0.19093160331249237,0.723020613193512,-0.517673671245575,0.8097207546234131,0.810546875,1.2074116468429565,-0.308327853679657,0.3392714262008667,0.4011596739292145,0.8413006067276001,-1.009774088859558,0.4102831184864044,0.8308680653572083,1.3218408823013306,-0.36358916759490967,0.263027548789978,0.4612054228782654,0.887738823890686,-1.1076322793960571,0.3408660292625427,0.7999933958053589,1.320098876953125,-0.41887980699539185,0.30815672874450684,0.48378700017929077,0.8340975046157837,-1.0947715044021606,0.38178279995918274,0.7813928127288818,1.2747387886047363,-0.3338528871536255,0.32632896304130554,0.46901735663414,0.8145465850830078,-1.008300542831421,0.3947663903236389,0.6364480257034302,1.0248920917510986,-0.019954850897192955,0.16485460102558136,0.4397142827510834,1.003305435180664,0.021507689729332924,0.20280206203460693,0.6685234308242798,1.5285813808441162,0.07146824896335602,0.0073832920752465725,0.45341429114341736,1.5343871116638184,0.22771060466766357,0.005506826564669609,0.6704683303833008,1.9301742315292358,0.6739784479141235,0.001034590764902532,0.4683651328086853,1.940963864326477,0.7595564723014832,0.0013123725075274706,0.6770147085189819,1.9884999990463257,0.7091450095176697,0.0006643491215072572,0.4642859101295471,2.003298282623291,0.805254340171814,0.0021927757188677788,0.6326358318328857,2.093308210372925,0.26779991388320923,0.0008556980756111443,0.49883216619491577,2.089205741882324,0.332298219203949,0.002778115216642618,nan,nan,nan,nan,nan,nan,nan,nan,nan,nan,nan,nan,nan,nan,nan,nan,nan,nan,nan,nan,nan,nan,nan,nan,nan,nan,nan,nan,nan,nan,nan,nan,nan,nan,nan,nan,nan,nan,nan,nan,nan,nan,nan,nan,nan,nan,nan,nan,nan,nan,nan,nan,nan,nan,nan,nan,nan,nan,nan,nan,nan,nan,nan,0.418158620595932,0.8714703321456909,2.871333322218561e-07,0.4468631148338318,0.8268373608589172,-0.0109791224822402,0.47748854756355286,0.7987710237503052,-0.021185657009482384,0.5057677030563354,0.7831628322601318,-0.029974522069096565,0.5278022289276123,0.7677584886550903,-0.03900373727083206,0.5091496706008911,0.8562626838684082,-0.02427702397108078,0.5563730597496033,0.8732103705406189,-0.03752891346812248,0.5844801068305969,0.88468337059021,-0.046051815152168274,0.606142520904541,0.896012544631958,-0.05090417340397835,0.5063374638557434,0.8921895027160645,-0.026639699935913086,0.5583475232124329,0.9087293148040771,-0.03697431460022926,0.5909835696220398,0.9189324378967285,-0.04328688234090805,0.6159175634384155,0.9292827248573303,-0.0478617288172245,0.4993875026702881,0.9214227795600891,-0.02950570546090603,0.5477044582366943,0.9365291595458984,-0.040433868765830994,0.5789902210235596,0.9465465545654297,-0.046194445341825485,0.6021562814712524,0.956692099571228,-0.049612995237112045,0.4891994297504425,0.945289671421051,-0.03284495696425438,0.5242958664894104,0.9638563394546509,-0.04283059015870094,0.545888364315033,0.9777876734733582,-0.04580981656908989,0.563077986240387,0.9909139275550842,-0.04679039120674133
1,1,1,0,1,1.0,0.0,1.0,0.5686770677566528,0.2139178216457367,-0.7766227126121521,0.9985334277153015,0.5977533459663391,0.17395521700382233,-0.8232848048210144,0.9967241287231445,0.6134821176528931,0.17404475808143616,-0.8273308873176575,0.9970763325691223,0.625357985496521,0.17401258647441864,-0.8285528421401978,0.9967779517173767,0.5514936447143555,0.17014442384243011,-0.761132001876831,0.9970242381095886,0.5383607149124146,0.1687745451927185,-0.7608309984207153,0.997422993183136,0.5270518064498901,0.16728650033473969,-0.7620432376861572,0.9973633885383606,0.6509095430374146,0.19859181344509125,-0.42095527052879333,0.9959139227867126,0.5159407258033752,0.19856499135494232,-0.30452585220336914,0.9969134330749512,0.5986337065696716,0.2689392864704132,-0.7520716786384583,0.9989933371543884,0.5451161861419678,0.2660004794597626,-0.6610749959945679,0.9990088939666748,0.7440650463104248,0.4801647365093231,-0.2801574766635895,0.9954273104667664,0.4202263355255127,0.4483986794948578,-0.18694640696048737,0.9967994689941406,0.7977301478385925,0.8688479661941528,-0.10659603029489517,0.7962984442710876,0.19746915996074677,0.7383607029914856,-0.31932875514030457,0.8281081318855286,0.8284779787063599,1.2160489559173584,-0.21284165978431702,0.3468612730503082,0.4011712074279785,0.8569822907447815,-0.673923134803772,0.4606345593929291,0.8543741106987,1.3240158557891846,-0.25890159606933594,0.26456040143966675,0.46413081884384155,0.8966540694236755,-0.7408804297447205,0.38644418120384216,0.8146132230758667,1.3266196250915527,-0.3115578591823578,0.31257206201553345,0.4832156300544739,0.8454872369766235,-0.7270365953445435,0.42481380701065063,0.7962835431098938,1.2869831323623657,-0.2365715056657791,0.33704039454460144,0.46856245398521423,0.8322550058364868,-0.6709631681442261,0.4358619451522827,0.6540320515632629,1.0345444679260254,-0.019895484670996666,0.16899585723876953,0.4575301706790924,1.0125293731689453,0.021509040147066116,0.21651315689086914,0.6685530543327332,1.4984091520309448,0.06807006895542145,0.006809927988797426,0.464148610830307,1.4933940172195435,0.16913361847400665,0.0051687476225197315,0.6671761274337769,1.857936143875122,0.6037513017654419,0.0009453840320929885,0.4786320626735687,1.857628345489502,0.5450128316879272,0.0012003311421722174,0.6749438047409058,1.9158636331558228,0.6376339793205261,0.0006203428492881358,0.4758121371269226,1.9170289039611816,0.5744108557701111,0.0020065424032509327,0.6270586252212524,2.0025899410247803,0.284586101770401,0.0007902607321739197,0.5009905099868774,2.0043835639953613,0.20203797519207,0.002556504448875785,nan,nan,nan,nan,nan,nan,nan,nan,nan,nan,nan,nan,nan,nan,nan,nan,nan,nan,nan,nan,nan,nan,nan,nan,nan,nan,nan,nan,nan,nan,nan,nan,nan,nan,nan,nan,nan,nan,nan,nan,nan,nan,nan,nan,nan,nan,nan,nan,nan,nan,nan,nan,nan,nan,nan,nan,nan,nan,nan,nan,nan,nan,nan,0.42030829191207886,0.8723206520080566,2.8537115781546163e-07,0.4451221227645874,0.826816737651825,-0.013519516214728355,0.4761345684528351,0.7983866930007935,-0.025604726746678352,0.5061716437339783,0.7821911573410034,-0.0357692614197731,0.5294256210327148,0.766467273235321,-0.04606499522924423,0.5093390345573425,0.8544376492500305,-0.02741147018969059,0.5554291009902954,0.8705547451972961,-0.04134004935622215,0.582767128944397,0.8833362460136414,-0.049913905560970306,0.6036828756332397,0.8961694240570068,-0.054870378226041794,0.5066444277763367,0.8896254301071167,-0.028809156268835068,0.5588632822036743,0.9065097570419312,-0.039679065346717834,0.590548574924469,0.9177985787391663,-0.04604215919971466,0.6150963306427002,0.9280976057052612,-0.050511911511421204,0.49824845790863037,0.9189786314964294,-0.03081231191754341,0.5481283068656921,0.9364845156669617,-0.04175007343292236,0.5782433748245239,0.9466156363487244,-0.047631148248910904,0.6014307737350464,0.9550252556800842,-0.05126592889428139,0.4858867824077606,0.9435988068580627,-0.033404357731342316,0.5218793749809265,0.9629399180412292,-0.04327372834086418,0.5436263084411621,0.9760473370552063,-0.04654967412352562,0.5622833371162415,0.9878119230270386,-0.04784054681658745
2,2,1,0,1,1.0,0.0,1.0,0.5779011845588684,0.21653661131858826,-0.7666647434234619,0.9986783266067505,0.6028636693954468,0.17688202857971191,-0.7400129437446594,0.9970467686653137,0.6174600720405579,0.17751429975032806,-0.7403649091720581,0.9973621964454651,0.6322258710861206,0.17732906341552734,-0.7404229640960693,0.9970935583114624,0.5599870681762695,0.17264513671398163,-0.7225667834281921,0.9973188638687134,0.5446633100509644,0.17071428894996643,-0.7223426103591919,0.9976775050163269,0.5298765897750854,0.1692190319299698,-0.7228274345397949,0.9976246953010559,0.6587615013122559,0.20260997116565704,-0.46927809715270996,0.9963154792785645,0.5144217014312744,0.20026861131191254,-0.3867509961128235,0.9972202181816101,0.6008245944976807,0.2711010277271271,-0.6752132773399353,0.9990928173065186,0.552613377571106,0.26728278398513794,-0.6494957804679871,0.9991075992584229,0.7482033371925354,0.4871055483818054,-0.3340708613395691,0.9958423376083374,0.4169037342071533,0.45362359285354614,-0.22700126469135284,0.9971147775650024,0.8047690391540527,0.8916698098182678,-0.21771013736724854,0.8012218475341797,0.20349688827991486,0.7348632216453552,-0.4183223247528076,0.844559371471405,0.8575494885444641,1.265088677406311,-0.3103404641151428,0.3317486047744751,0.3971518874168396,0.8616854548454285,-0.8563892245292664,0.48785051703453064,0.8842942118644714,1.3766076564788818,-0.36849239468574524,0.2493431568145752,0.46273842453956604,0.9034104943275452,-0.935100257396698,0.39637428522109985,0.8461766242980957,1.381065845489502,-0.42237263917922974,0.29633769392967224,0.48399287462234497,0.8550713062286377,-0.9225867390632629,0.43477895855903625,0.8263623118400574,1.3380671739578247,-0.3359607756137848,0.32424652576446533,0.46760615706443787,0.8338245153427124,-0.8561768531799316,0.44566598534584045,0.6592872142791748,1.060326337814331,-0.057440727949142456,0.1651068478822708,0.4602676331996918,1.0426483154296875,0.060216665267944336,0.2161436229944229,0.6761677265167236,1.5522626638412476,0.06482397019863129,0.006221255287528038,0.47194212675094604,1.5541596412658691,0.3050101399421692,0.004760958719998598,0.6706649661064148,1.944359540939331,0.6386430859565735,0.0008610738441348076,0.4737430214881897,1.9456827640533447,0.7916017770767212,0.0010955826146528125,0.6806151866912842,2.0068225860595703,0.6749578714370728,0.0005702124908566475,0.46876946091651917,2.012610912322998,0.833880603313446,0.001841481658630073,0.6187105774879456,2.0988144874572754,0.2831692695617676,0.0007236175588332117,0.4836849272251129,2.0940351486206055,0.4133304953575134,0.002349322894588113,nan,nan,nan,nan,nan,nan,nan,nan,nan,nan,nan,nan,nan,nan,nan,nan,nan,nan,nan,nan,nan,nan,nan,nan,nan,nan,nan,nan,nan,nan,nan,nan,nan,nan,nan,nan,nan,nan,nan,nan,nan,nan,nan,nan,nan,nan,nan,nan,nan,nan,nan,nan,nan,nan,nan,nan,nan,nan,nan,nan,nan,nan,nan,0.42056238651275635,0.8728431463241577,2.87802720322361e-07,0.4453616440296173,0.8277407884597778,-0.01306873094290495,0.4759872853755951,0.7986520528793335,-0.024984469637274742,0.5056626200675964,0.7821946144104004,-0.03506737947463989,0.5291785001754761,0.7675086259841919,-0.04523705318570137,0.507088840007782,0.8538143634796143,-0.027491338551044464,0.5529659986495972,0.8698263764381409,-0.04171697422862053,0.5806981325149536,0.8828028440475464,-0.050430066883563995,0.602053165435791,0.8958490490913391,-0.05551234632730484,0.5051849484443665,0.8888213634490967,-0.029250696301460266,0.5569158792495728,0.9060640931129456,-0.04066401347517967,0.5890764594078064,0.9176701903343201,-0.0471225343644619,0.6141543388366699,0.9283017516136169,-0.05164506658911705,0.49754855036735535,0.9183409214019775,-0.03158574178814888,0.5475842356681824,0.9360836148262024,-0.04300903156399727,0.5777264833450317,0.9459158182144165,-0.048782315105199814,0.6008001565933228,0.9542290568351746,-0.05227741599082947,0.48562508821487427,0.9433035850524902,-0.034482989460229874,0.5210108160972595,0.9628607034683228,-0.04495896026492119,0.5432319641113281,0.9758492112159729,-0.0485156811773777,0.5623774528503418,0.9875313639640808,-0.04994732886552811
3,3,1,0,1,1.0,0.0,1.0,0.5739786028862,0.2110467553138733,-1.0294544696807861,0.9988083839416504,0.6013386845588684,0.17451341450214386,-0.9897691607475281,0.9973369240760803,0.6157856583595276,0.1751418560743332,-0.9898058176040649,0.9976188540458679,0.6297507286071777,0.17524327337741852,-0.9896606206893921,0.9973763227462769,0.5543371438980103,0.16944928467273712,-0.9751841425895691,0.9975839853286743,0.5404981374740601,0.16760404407978058,-0.9750612378120422,0.9979066848754883,0.5272935032844543,0.1662990003824234,-0.9754950404167175,0.9978598952293396,0.6559101343154907,0.2030153125524521,-0.6670681238174438,0.9966742992401123,0.5167782306671143,0.19755080342292786,-0.59378981590271,0.9974960088729858,0.603192925453186,0.26633498072624207,-0.9075515866279602,0.9991822242736816,0.5460770726203918,0.26388341188430786,-0.8881219625473022,0.9991963505744934,0.7440819144248962,0.4832056760787964,-0.44799837470054626,0.9961978793144226,0.4187546670436859,0.45531994104385376,-0.36596623063087463,0.9973971247673035,0.8048188090324402,0.8917644023895264,-0.28586751222610474,0.8059573769569397,0.20584635436534882,0.7315189242362976,-0.5540943741798401,0.859514594078064,0.8341162800788879,1.2303268909454346,-0.4187444746494293,0.3310490846633911,0.4013718068599701,0.8625714778900146,-1.0722384452819824,0.5155563354492188,0.8495407104492188,1.3371772766113281,-0.483440101146698,0.24237100780010223,0.47078022360801697,0.9029116034507751,-1.1742788553237915,0.40657004714012146,0.8174249529838562,1.3320592641830444,-0.5415862202644348,0.28908655047416687,0.4887850284576416,0.851283848285675,-1.1657755374908447,0.444489985704422,0.8018290400505066,1.2895150184631348,-0.4450400769710541,0.31935667991638184,0.47634339332580566,0.8325068354606628,-1.075054407119751,0.45371878147125244,0.6629952788352966,1.0694149732589722,-0.062308378517627716,0.17099155485630035,0.4631997048854828,1.0981477499008179,0.0647856742143631,0.22606278955936432,0.6835360527038574,1.5592913627624512,0.1054658517241478,0.005765259265899658,0.473496675491333,1.5671993494033813,0.37549278140068054,0.004527364857494831,0.6842882633209229,1.9560143947601318,0.798245370388031,0.0008078124956227839,0.48271122574806213,1.9705475568771362,0.9839585423469543,0.0010459684999659657,0.6929424405097961,2.016700506210327,0.8418663144111633,0.0005399009096436203,0.4802381992340088,2.036463975906372,1.0368866920471191,0.001781221479177475,0.6382338404655457,2.1151132583618164,0.3959816098213196,0.0006910042720846832,0.4969116151332855,2.1166884899139404,0.5679327249526978,0.0023403288796544075,nan,nan,nan,nan,nan,nan,nan,nan,nan,nan,nan,nan,nan,nan,nan,nan,nan,nan,nan,nan,nan,nan,nan,nan,nan,nan,nan,nan,nan,nan,nan,nan,nan,nan,nan,nan,nan,nan,nan,nan,nan,nan,nan,nan,nan,nan,nan,nan,nan,nan,nan,nan,nan,nan,nan,nan,nan,nan,nan,nan,nan,nan,nan,0.4211499094963074,0.8740252256393433,2.950926898392936e-07,0.44546717405319214,0.8284871578216553,-0.013551232405006886,0.47586360573768616,0.7995626926422119,-0.02554672211408615,0.5056994557380676,0.784134030342102,-0.03557639941573143,0.5291969180107117,0.770009458065033,-0.04563289135694504,0.5063907504081726,0.8550329804420471,-0.028147604316473007,0.5526060461997986,0.8714404702186584,-0.04246386140584946,0.5803399682044983,0.8846075534820557,-0.051194045692682266,0.6018358469009399,0.8975647687911987,-0.0563211552798748,0.5044046640396118,0.8897914886474609,-0.029689988121390343,0.556100606918335,0.9070647954940796,-0.04137575253844261,0.5882449746131897,0.9183163642883301,-0.04794609919190407,0.613254725933075,0.9287047982215881,-0.05247238650918007,0.49679356813430786,0.9190606474876404,-0.03181653469800949,0.5466718673706055,0.937164306640625,-0.04346073046326637,0.5767136812210083,0.9473265409469604,-0.04930504038929939,0.5998490452766418,0.9563084840774536,-0.05282340198755264,0.48493441939353943,0.9435703754425049,-0.03452862426638603,0.5194267630577087,0.963144838809967,-0.045395463705062866,0.5413609147071838,0.9762874841690063,-0.049250055104494095,0.5605552792549133,0.9884371161460876,-0.05082598701119423
4,4,1,0,1,1.0,0.0,1.0,0.5650531053543091,0.21635664999485016,-1.210328221321106,0.998925507068634,0.5955917835235596,0.18068410456180573,-1.1781373023986816,0.9975985884666443,0.6114544868469238,0.18168343603610992,-1.1780914068222046,0.9978503584861755,0.6247786283493042,0.1820582002401352,-1.177937626838684,0.9976311922073364,0.5467237830162048,0.17522840201854706,-1.1592354774475098,0.9978229999542236,0.5326025485992432,0.1735149472951889,-1.1591875553131104,0.9981134533882141,0.522145688533783,0.17183685302734375,-1.1596362590789795,0.9980719685554504,0.6522441506385803,0.21010637283325195,-0.8481906056404114,0.9969984889030457,0.5154221057891846,0.2028629034757614,-0.7551477551460266,0.997744619846344,0.5990840196609497,0.2716262936592102,-1.0815637111663818,0.9992627501487732,0.5349875688552856,0.26864129304885864,-1.0567445755004883,0.9992762804031372,0.747707724571228,0.4897114932537079,-0.6020371317863464,0.9965081214904785,0.4189499318599701,0.45670706033706665,-0.46874895691871643,0.9976527690887451,0.8091135025024414,0.9086577892303467,-0.41705864667892456,0.8131813406944275,0.20518331229686737,0.7344639301300049,-0.6488577127456665,0.8731374144554138,0.8185026049613953,1.2621601819992065,-0.5290230512619019,0.328646183013916,0.4014686942100525,0.8689987659454346,-1.2014509439468384,0.5464466214179993,0.8302280306816101,1.3741220235824585,-0.5920125246047974,0.23424571752548218,0.4659266471862793,0.9110463261604309,-1.3041374683380127,0.4233274757862091,0.7986951470375061,1.3700110912322998,-0.6484817862510681,0.2800770699977875,0.485446035861969,0.8585283160209656,-1.2963073253631592,0.46021610498428345,0.7841488122940063,1.3255228996276855,-0.5527340173721313,0.3117372989654541,0.4746139943599701,0.8402554392814636,-1.2038273811340332,0.46678316593170166,0.6843587756156921,1.1226882934570312,-0.08915280550718307,0.17165791988372803,0.467846155166626,1.058182716369629,0.09118634462356567,0.23137953877449036,0.682390570640564,1.5961346626281738,0.1008395329117775,0.00538875674828887,0.4707271456718445,1.6015101671218872,0.4017607271671295,0.004358630161732435,0.6802909970283508,2.0063037872314453,0.8222346305847168,0.0007717703119851649,0.4796760678291321,2.0173325538635254,1.019559621810913,0.0010233462089672685,0.6904773116111755,2.066420078277588,0.8663412928581238,0.0005138203268870711,0.4796258807182312,2.0821115970611572,1.0723644495010376,0.0017698734300211072,0.6302344799041748,2.165510892868042,0.39839836955070496,0.0006703255930915475,0.48601460456848145,2.165289878845215,0.5793290734291077,0.0023994226939976215,nan,nan,nan,nan,nan,nan,nan,nan,nan,nan,nan,nan,nan,nan,nan,nan,nan,nan,nan,nan,nan,nan,nan,nan,nan,nan,nan,nan,nan,nan,nan,nan,nan,nan,nan,nan,nan,nan,nan,nan,nan,nan,nan,nan,nan,nan,nan,nan,nan,nan,nan,nan,nan,nan,nan,nan,nan,nan,nan,nan,nan,nan,nan,0.4215433597564697,0.8745089769363403,2.914195533776365e-07,0.4458337724208832,0.8291448354721069,-0.013042948208749294,0.4762106239795685,0.8006193041801453,-0.024642478674650192,0.5059291124343872,0.7860714793205261,-0.03430434688925743,0.529538631439209,0.7726487517356873,-0.04397263005375862,0.5073175430297852,0.8564096689224243,-0.027384644374251366,0.5535978078842163,0.8724923133850098,-0.04129786416888237,0.5809756517410278,0.8853429555892944,-0.049722474068403244,0.6019998788833618,0.8978992700576782,-0.054609376937150955,0.5050633549690247,0.8910180926322937,-0.029024923220276833,0.5567718744277954,0.9076564311981201,-0.040444906800985336,0.5886538028717041,0.918591320514679,-0.0469476543366909,0.6132257580757141,0.9285599589347839,-0.05137552693486214,0.4972214996814728,0.9201709032058716,-0.031209701672196388,0.5467257499694824,0.937934398651123,-0.04264745116233826,0.5764148235321045,0.9482856392860413,-0.048601459711790085,0.5992257595062256,0.9573051333427429,-0.05218252167105675,0.48517924547195435,0.9445698261260986,-0.0339103527367115,0.5195326209068298,0.9639578461647034,-0.04467714577913284,0.5412318706512451,0.9768916368484497,-0.04857959598302841,0.5603307485580444,0.9886847734451294,-0.05015953257679939
5,5,1,0,1,1.0,0.0,1.0,0.562126636505127,0.223362535238266,-1.108264684677124,0.9990311861038208,0.5930372476577759,0.1853484958410263,-1.0769507884979248,0.9978344440460205,0.6097975373268127,0.18629002571105957,-1.0769014358520508,0.9980595111846924,0.6234058141708374,0.18688292801380157,-1.076722264289856,0.9978609681129456,0.5447860360145569,0.18078924715518951,-1.0591070652008057,0.9980383515357971,0.5311115980148315,0.1796255111694336,-1.0589630603790283,0.9982998371124268,0.5211816430091858,0.17798040807247162,-1.0594282150268555,0.9982630014419556,0.6502178311347961,0.212380513548851,-0.764733612537384,0.9972913861274719,0.5143769979476929,0.20778699219226837,-0.677506685256958,0.9979687333106995,0.5975314378738403,0.2775074243545532,-0.9863671064376831,0.9993353486061096,0.5318190455436707,0.2765383720397949,-0.9629145860671997,0.9993482828140259,0.7467526197433472,0.49407729506492615,-0.5150050520896912,0.9967837929725647,0.4214213490486145,0.45549944043159485,-0.436962366104126,0.9978833198547363,0.8102133870124817,0.9122440218925476,-0.3351806402206421,0.8162027597427368,0.20725110173225403,0.7360603213310242,-0.6210961937904358,0.8851354122161865,0.8227292895317078,1.2671546936035156,-0.44993776082992554,0.32639721035957336,0.40473660826683044,0.8713026642799377,-1.1472898721694946,0.5734120011329651,0.8345941305160522,1.3793102502822876,-0.5078647136688232,0.22919972240924835,0.4687138497829437,0.9163781404495239,-1.250802993774414,0.4411220848560333,0.8031309247016907,1.3717010021209717,-0.5630520582199097,0.27491629123687744,0.4880131185054779,0.8614624738693237,-1.2409024238586426,0.47719165682792664,0.7876898050308228,1.3261237144470215,-0.47384732961654663,0.3072081506252289,0.47765064239501953,0.8431527018547058,-1.1490144729614258,0.480680376291275,0.6828478574752808,1.1316325664520264,-0.0763811394572258,0.17220954596996307,0.46943941712379456,1.0510618686676025,0.07833143323659897,0.2347029149532318,0.6796820163726807,1.6085524559020996,0.09195166826248169,0.005164890084415674,0.46723851561546326,1.6133075952529907,0.3277044892311096,0.004261692054569721,0.6801214814186096,2.0247814655303955,0.7496234774589539,0.0007655925001017749,0.47861427068710327,2.0399696826934814,0.8812918663024902,0.0010195053182542324,0.688871443271637,2.0838587284088135,0.7882993221282959,0.0005076974048279226,0.47929996252059937,2.103987216949463,0.9271590113639832,0.001751988078467548,0.6341043710708618,2.1881091594696045,0.3359472155570984,0.0006816003588028252,0.48764100670814514,2.1912004947662354,0.44540056586265564,0.002477148547768593,nan,nan,nan,nan,nan,nan,nan,nan,nan,nan,nan,nan,nan,nan,nan,nan,nan,nan,nan,nan,nan,nan,nan,nan,nan,nan,nan,nan,nan,nan,nan,nan,nan,nan,nan,nan,nan,nan,nan,nan,nan,nan,nan,nan,nan,nan,nan,nan,nan,nan,nan,nan,nan,nan,nan,nan,nan,nan,nan,nan,nan,nan,nan,0.4221478998661041,0.8748644590377808,2.8701924748020247e-07,0.4461439549922943,0.8293067216873169,-0.013115178793668747,0.4769243001937866,0.8009240031242371,-0.024517027661204338,0.5069063901901245,0.7868494391441345,-0.03399309888482094,0.5304895043373108,0.773318886756897,-0.043543171137571335,0.5083657503128052,0.8567143678665161,-0.027033185586333275,0.5539230108261108,0.871708869934082,-0.040951523929834366,0.5812504887580872,0.884572446346283,-0.0496213473379612,0.6023808121681213,0.8975750803947449,-0.05474996939301491,0.5064799785614014,0.8912538290023804,-0.028745504096150398,0.5575404763221741,0.9072736501693726,-0.0400674007833004,0.5892614722251892,0.9185084700584412,-0.0468037873506546,0.6140041947364807,0.9289675354957581,-0.05147350952029228,0.49866029620170593,0.9204227924346924,-0.031036246567964554,0.5473814010620117,0.9375867247581482,-0.04262423515319824,0.5770336389541626,0.9475336670875549,-0.048900339752435684,0.599907636642456,0.9560799598693848,-0.05269983783364296,0.486369788646698,0.9449272155761719,-0.033846765756607056,0.5206398367881775,0.9647133350372314,-0.04464377090334892,0.5421453714370728,0.9779433608055115,-0.048557836562395096,0.5609111785888672,0.9899477958679199,-0.05018851161003113
6,6,1,0,1,1.0,0.0,1.0,0.5602964162826538,0.22132644057273865,-1.068664312362671,0.9991258382797241,0.5899026989936829,0.18396714329719543,-1.0395742654800415,0.9980454444885254,0.6070333123207092,0.18482917547225952,-1.0394964218139648,0.9982461929321289,0.6212076544761658,0.18538117408752441,-1.039352297782898,0.9980663061141968,0.543552041053772,0.17992500960826874,-1.0216879844665527,0.9982314705848694,0.5302623510360718,0.17885151505470276,-1.021484613418579,0.998466968536377,0.5202494859695435,0.17722412943840027,-1.021938443183899,0.9984344840049744,0.6477190852165222,0.209906667470932,-0.7354675531387329,0.9975528120994568,0.5150222778320312,0.2065911591053009,-0.6471049189567566,0.998170018196106,0.5957493782043457,0.2761196792125702,-0.9498535990715027,0.9994005560874939,0.5316184163093567,0.27462658286094666,-0.9258531332015991,0.999413013458252,0.7475594282150269,0.4900793433189392,-0.48536601662635803,0.9970487952232361,0.423288494348526,0.45343562960624695,-0.4201454520225525,0.9980916380882263,0.8121980428695679,0.901593029499054,-0.3023987412452698,0.8212131261825562,0.2083130180835724,0.7346643805503845,-0.5918012857437134,0.8960757851600647,0.8273813128471375,1.2510625123977661,-0.41873836517333984,0.32410210371017456,0.40927672386169434,0.871815025806427,-1.0947374105453491,0.5989002585411072,0.8395363092422485,1.361264944076538,-0.4755409359931946,0.2235555648803711,0.4731140732765198,0.9184622168540955,-1.1961803436279297,0.4572296142578125,0.8097095489501953,1.3536350727081299,-0.5305423140525818,0.26865503191947937,0.4913121163845062,0.8639791011810303,-1.1868457794189453,0.4915080666542053,0.7944696545600891,1.3090591430664062,-0.442669540643692,0.30160802602767944,0.4807354807853699,0.8456063866615295,-1.0958912372589111,0.4927460551261902,0.6821815371513367,1.1267746686935425,-0.07079929113388062,0.17638792097568512,0.4683958888053894,1.0481860637664795,0.07262765616178513,0.24180176854133606,0.6761974096298218,1.6025093793869019,0.08793379366397858,0.0048935613594949245,0.46100956201553345,1.6044960021972656,0.30698248744010925,0.0041566635482013226,0.6727650165557861,2.0212063789367676,0.7216487526893616,0.0007514941971749067,0.47098779678344727,2.033055067062378,0.8542717695236206,0.0010089968563988805,0.6804607510566711,2.0787808895111084,0.7581976056098938,0.0005020236130803823,0.4703293442726135,2.095651388168335,0.8999088406562805,0.0017409505089744925,0.6266399621963501,2.186856508255005,0.30695509910583496,0.0006713665788993239,0.48574304580688477,2.18727445602417,0.41335469484329224,0.0024867181200534105,nan,nan,nan,nan,nan,nan,nan,nan,nan,nan,nan,nan,nan,nan,nan,nan,nan,nan,nan,nan,nan,nan,nan,nan,nan,nan,nan,nan,nan,nan,nan,nan,nan,nan,nan,nan,nan,nan,nan,nan,nan,nan,nan,nan,nan,nan,nan,nan,nan,nan,nan,nan,nan,nan,nan,nan,nan,nan,nan,nan,nan,nan,nan,0.4226441979408264,0.8739942908287048,2.8668944196397206e-07,0.4466259479522705,0.8278839588165283,-0.01316764298826456,0.4778311848640442,0.8005632162094116,-0.0241518784314394,0.507927417755127,0.787490725517273,-0.0331626795232296,0.5312766432762146,0.7742096781730652,-0.042228586971759796,0.5108999013900757,0.8572130799293518,-0.02582445554435253,0.556368350982666,0.8717193007469177,-0.03900173678994179,0.5833609700202942,0.8840132355690002,-0.04737650230526924,0.6042278409004211,0.8964295983314514,-0.05233938992023468,0.5080896019935608,0.8913611769676208,-0.02721838839352131,0.5592862963676453,0.9066653251647949,-0.037734076380729675,0.5908792018890381,0.9172426462173462,-0.044263679534196854,0.6153488159179688,0.9270754456520081,-0.048851754516363144,0.4995778203010559,0.9199788570404053,-0.029253697022795677,0.5484074950218201,0.9363932609558105,-0.040320295840501785,0.5780356526374817,0.9460332989692688,-0.04663430526852608,0.6008123755455017,0.9545240998268127,-0.05048302933573723,0.4868716895580292,0.9439549446105957,-0.031839512288570404,0.521388828754425,0.9636089205741882,-0.0423455536365509,0.5428121089935303,0.9768850207328796,-0.046298831701278687,0.5613970756530762,0.9890509843826294,-0.04796607419848442
7,7,1,0,1,1.0,0.0,1.0,0.5636259317398071,0.22015266120433807,-1.0294435024261475,0.9992113709449768,0.5941640138626099,0.1815045177936554,-0.9976136088371277,0.9982360601425171,0.6117691993713379,0.18223132193088531,-0.9975123405456543,0.9984154105186462,0.6256495714187622,0.18276949226856232,-0.9973958730697632,0.9982524514198303,0.5444034337997437,0.1788361668586731,-0.9824277758598328,0.9984055161476135,0.5306150913238525,0.17835910618305206,-0.9821789860725403,0.9986176490783691,0.520175576210022,0.17714233696460724,-0.9826130867004395,0.9985889196395874,0.6514910459518433,0.20806629955768585,-0.6891879439353943,0.9977894425392151,0.5124411582946777,0.20767168700695038,-0.613116443157196,0.9983513355255127,0.6006720662117004,0.2742043137550354,-0.9096242189407349,0.999459445476532,0.5334845185279846,0.2741661071777344,-0.8891359567642212,0.9994713664054871,0.7479684352874756,0.4883228838443756,-0.44603222608566284,0.9973055124282837,0.4221329092979431,0.4540257155895233,-0.4026786684989929,0.9982793927192688,0.8104690313339233,0.8963962197303772,-0.29020774364471436,0.826288104057312,0.2083146870136261,0.7328887581825256,-0.5924456119537354,0.9058366417884827,0.8318204879760742,1.2580088376998901,-0.4134531021118164,0.3210282623767853,0.41079267859458923,0.8701614141464233,-1.1098883152008057,0.6204180121421814,0.8458526730537415,1.371249794960022,-0.46627169847488403,0.2178959846496582,0.4744432866573334,0.9169185757637024,-1.2146481275558472,0.46934637427330017,0.815395712852478,1.3658061027526855,-0.5127217173576355,0.262675940990448,0.49284762144088745,0.8629750609397888,-1.2023799419403076,0.5017588138580322,0.800207793712616,1.3201072216033936,-0.43161773681640625,0.2956181764602661,0.4820696711540222,0.8443107604980469,-1.1103215217590332,0.5012298822402954,0.6867003440856934,1.1255401372909546,-0.06429995596408844,0.17841780185699463,0.47002673149108887,1.0461273193359375,0.06638415902853012,0.24522840976715088,0.6833940148353577,1.605098843574524,0.10143613815307617,0.0045713335275650024,0.46432822942733765,1.6070994138717651,0.2873918414115906,0.003951041493564844,0.6793971061706543,2.0271003246307373,0.7480630874633789,0.0007236878154799342,0.47343865036964417,2.0399858951568604,0.8300865888595581,0.0009704583790153265,0.6858165860176086,2.084648847579956,0.7855167388916016,0.000487003504531458,0.47116175293922424,2.10351824760437,0.8755852580070496,0.0016757096163928509,0.6355262398719788,2.195693254470825,0.31869012117385864,0.0006460704025812447,0.4941008687019348,2.194777727127075,0.3829321265220642,0.00240550865419209,nan,nan,nan,nan,nan,nan,nan,nan,nan,nan,nan,nan,nan,nan,nan,nan,nan,nan,nan,nan,nan,nan,nan,nan,nan,nan,nan,nan,nan,nan,nan,nan,nan,nan,nan,nan,nan,nan,nan,nan,nan,nan,nan,nan,nan,nan,nan,nan,nan,nan,nan,nan,nan,nan,nan,nan,nan,nan,nan,nan,nan,nan,nan,0.42298784852027893,0.8735348582267761,2.752996692834131e-07,0.4468874931335449,0.8276589512825012,-0.013292849995195866,0.4780890643596649,0.8004983067512512,-0.024159390479326248,0.5082234740257263,0.7876175045967102,-0.0330490805208683,0.5318795442581177,0.7746652364730835,-0.041894976049661636,0.5115893483161926,0.8572417497634888,-0.025135736912488937,0.557041347026825,0.8711084127426147,-0.037822261452674866,0.583729088306427,0.882826030254364,-0.04576490446925163,0.60406494140625,0.8948612213134766,-0.050400152802467346,0.5091861486434937,0.891316294670105,-0.026242678984999657,0.5604443550109863,0.9055095314979553,-0.036156028509140015,0.5914610028266907,0.9153660535812378,-0.04226871207356453,0.6150851845741272,0.9248895645141602,-0.046565450727939606,0.5009862184524536,0.919743001461029,-0.028036370873451233,0.5500271916389465,0.9355196952819824,-0.03852444514632225,0.5791440606117249,0.9446013569831848,-0.04439402371644974,0.601151704788208,0.95278400182724,-0.0479997955262661,0.48860523104667664,0.94344162940979,-0.030448513105511665,0.5226361155509949,0.9626919031143188,-0.04037827253341675,0.5435658097267151,0.9760106205940247,-0.04400109872221947,0.5612943768501282,0.988517701625824,-0.04545627534389496
8,8,1,0,1,1.0,0.0,1.0,0.5662201046943665,0.22125829756259918,-1.0063235759735107,0.9992882013320923,0.5971153974533081,0.18139643967151642,-0.9741355180740356,0.9984073638916016,0.6141068935394287,0.1820109635591507,-0.9741232991218567,0.9985671043395996,0.6274515390396118,0.18248017132282257,-0.9740095138549805,0.998419463634491,0.5468565225601196,0.17945247888565063,-0.9597548246383667,0.9985622763633728,0.5327903032302856,0.17950424551963806,-0.9595451354980469,0.9987533092498779,0.5228003263473511,0.17889608442783356,-0.9600122570991516,0.9987280964851379,0.65160071849823,0.20798145234584808,-0.6672876477241516,0.9980016350746155,0.514083981513977,0.2081921100616455,-0.5945876836776733,0.998514711856842,0.6021758317947388,0.2745669484138489,-0.8875470161437988,0.9995124340057373,0.5355244874954224,0.2750844657421112,-0.8681306838989258,0.9995238780975342,0.7479685544967651,0.48852014541625977,-0.43129563331604004,0.9975169897079468,0.4216880202293396,0.4538912773132324,-0.38444003462791443,0.9984481334686279,0.8096480369567871,0.8917198181152344,-0.2793427109718323,0.831011950969696,0.20780906081199646,0.7313640713691711,-0.5737680196762085,0.9147447943687439,0.8300054669380188,1.2564971446990967,-0.40206393599510193,0.3216460347175598,0.4098396897315979,0.8716978430747986,-1.09145188331604,0.644522488117218,0.841854453086853,1.3693751096725464,-0.4579482972621918,0.2152346521615982,0.472480446100235,0.9171656966209412,-1.1956400871276855,0.4880879819393158,0.8128482699394226,1.3600343465805054,-0.5108071565628052,0.2593654990196228,0.4912458062171936,0.8622777462005615,-1.1845786571502686,0.5182039141654968,0.797569751739502,1.315373182296753,-0.4234561026096344,0.29324570298194885,0.48034197092056274,0.8436853885650635,-1.0922422409057617,0.5165208578109741,0.6891207695007324,1.1276733875274658,-0.06301479041576385,0.18030381202697754,0.4722553789615631,1.0524767637252808,0.06500958651304245,0.24865226447582245,0.6849278211593628,1.6088062524795532,0.07124526798725128,0.0043311105109751225,0.4652414321899414,1.6117268800735474,0.28541991114616394,0.0038304904010146856,0.6828923225402832,2.035475254058838,0.7101280689239502,0.0007083718664944172,0.4772823750972748,2.044642925262451,0.8232294321060181,0.0009598987526260316,0.6902462840080261,2.093616008758545,0.7478041648864746,0.00047591887414455414,0.4749884605407715,2.1066038608551025,0.8680240511894226,0.0016510648420080543,0.6399439573287964,2.200366497039795,0.2345695048570633,0.0006286393036134541,0.49890977144241333,2.1996731758117676,0.3758533000946045,0.002403834369033575,nan,nan,nan,nan,nan,nan,nan,nan,nan,nan,nan,nan,nan,nan,nan,nan,nan,nan,nan,nan,nan,nan,nan,nan,nan,nan,nan,nan,nan,nan,nan,nan,nan,nan,nan,nan,nan,nan,nan,nan,nan,nan,nan,nan,nan,nan,nan,nan,nan,nan,nan,nan,nan,nan,nan,nan,nan,nan,nan,nan,nan,nan,nan,0.42247676849365234,0.8728934526443481,2.7059783747063193e-07,0.44707533717155457,0.827201783657074,-0.013104502111673355,0.47855445742607117,0.7997969388961792,-0.023718178272247314,0.5090742707252502,0.787170946598053,-0.03239273279905319,0.5327792167663574,0.7744885683059692,-0.04096490889787674,0.5108603239059448,0.8561962842941284,-0.024559110403060913,0.5564758777618408,0.8703952431678772,-0.037140022963285446,0.5833874940872192,0.8824248313903809,-0.04505879804491997,0.6039600372314453,0.894763708114624,-0.049682579934597015,0.5087583661079407,0.8904949426651001,-0.025560133159160614,0.55986487865448,0.9044870138168335,-0.03529539331793785,0.590979814529419,0.9144904613494873,-0.04122694209218025,0.614755392074585,0.9242669343948364,-0.04546255245804787,0.5011736154556274,0.9190332293510437,-0.02728140354156494,0.5499871969223022,0.9344962239265442,-0.03762027621269226,0.5789505839347839,0.9436632990837097,-0.04330475628376007,0.6005898714065552,0.9518580436706543,-0.046787846833467484,0.4896298050880432,0.942829966545105,-0.02964797243475914,0.523473858833313,0.9623163342475891,-0.039329685270786285,0.5441318154335022,0.9758982062339783,-0.04284370690584183,0.5614674091339111,0.9883762001991272,-0.04426942393183708
9,9,1,0,1,1.0,0.0,1.0,0.5666701197624207,0.22116799652576447,-1.1170575618743896,0.9993569254875183,0.5976950526237488,0.1812237799167633,-1.083689570426941,0.998560905456543,0.6144747138023376,0.1820111721754074,-1.0836834907531738,0.9987025260925293,0.6278979778289795,0.18256844580173492,-1.0835552215576172,0.9985682368278503,0.5476003289222717,0.1788841038942337,-1.069025993347168,0.9987030625343323,0.533421516418457,0.1788209229707718,-1.0689247846603394,0.998875081539154,0.523609459400177,0.17821282148361206,-1.069417953491211,0.9988531470298767,0.6521238684654236,0.2083587795495987,-0.7524750232696533,0.9981915950775146,0.5150678157806396,0.20792728662490845,-0.6802951097488403,0.9986616373062134,0.6018300652503967,0.2740306556224823,-0.9880364537239075,0.9995598793029785,0.53593510389328,0.27393925189971924,-0.9688466787338257,0.9995710849761963,0.7477313876152039,0.4892083704471588,-0.4914218485355377,0.9976778626441956,0.4212186336517334,0.45357704162597656,-0.42722830176353455,0.9985986351966858,0.8091686964035034,0.8989338278770447,-0.3142106831073761,0.8356532454490662,0.2077122926712036,0.7293123006820679,-0.6244930028915405,0.9227728843688965,0.8081744313240051,1.2630044221878052,-0.4593903124332428,0.3263430595397949,0.40954381227493286,0.8710132241249084,-1.1704769134521484,0.6679455041885376,0.816362202167511,1.3759381771087646,-0.5252820253372192,0.2165793627500534,0.47315311431884766,0.9150951504707336,-1.280754566192627,0.5095388293266296,0.7881807088851929,1.364633321762085,-0.5851999521255493,0.25994667410850525,0.49053192138671875,0.860327422618866,-1.2696349620819092,0.5376882553100586,0.7737072706222534,1.3199695348739624,-0.48550042510032654,0.2947063446044922,0.4795580804347992,0.8428370952606201,-1.171363353729248,0.5346383452415466,0.6874607801437378,1.1342421770095825,-0.061412204056978226,0.18678660690784454,0.47274380922317505,1.0591987371444702,0.06337029486894608,0.2579025626182556,0.6803096532821655,1.6202572584152222,0.06890100985765457,0.004297048319131136,0.46329420804977417,1.6201754808425903,0.29459622502326965,0.00390691589564085,0.6789661049842834,2.048283100128174,0.6937192678451538,0.0007305257022380829,0.47808757424354553,2.052816390991211,0.8508424758911133,0.0010016638552770019,0.6867963671684265,2.1074390411376953,0.7282566428184509,0.0004837937012780458,0.47745776176452637,2.1137146949768066,0.8964717984199524,0.0017166691832244396,0.6358146667480469,2.2085821628570557,0.23696355521678925,0.0006406860775314271,0.4943382143974304,2.2074835300445557,0.3896413743495941,0.0025165618862956762,nan,nan,nan,nan,nan,nan,nan,nan,nan,nan,nan,nan,nan,nan,nan,nan,nan,nan,nan,nan,nan,nan,nan,nan,nan,nan,nan,nan,nan,nan,nan,nan,nan,nan,nan,nan,nan,nan,nan,nan,nan,nan,nan,nan,nan,nan,nan,nan,nan,nan,nan,nan,nan,nan,nan,nan,nan,nan,nan,nan,nan,nan,nan,0.4224061071872711,0.8713687062263489,2.7188329454475024e-07,0.44675201177597046,0.8265244364738464,-0.01350208930671215,0.4780140519142151,0.7989476919174194,-0.024338267743587494,0.5083324313163757,0.7865573763847351,-0.033209726214408875,0.5325119495391846,0.7745388746261597,-0.041884128004312515,0.5106984972953796,0.8551210761070251,-0.02471313439309597,0.556165337562561,0.8691185116767883,-0.037506621330976486,0.5829466581344604,0.8812989592552185,-0.04563972353935242,0.603515088558197,0.8938246369361877,-0.050391510128974915,0.508622407913208,0.8889060616493225,-0.02564234659075737,0.559161901473999,0.9027072787284851,-0.0356438010931015,0.5903393030166626,0.9128720164299011,-0.041840389370918274,0.6143490076065063,0.9227257966995239,-0.04625403508543968,0.5010762810707092,0.9170629978179932,-0.027360346168279648,0.5491512417793274,0.9325042963027954,-0.03791111335158348,0.5782451629638672,0.9419099688529968,-0.04381663352251053,0.6000776886940002,0.9503280520439148,-0.04742797464132309,0.4895292818546295,0.9407151341438293,-0.02976895309984684,0.5233032703399658,0.9602948427200317,-0.03959964960813522,0.5441738963127136,0.9739699363708496,-0.04326422140002251,0.5616400241851807,0.9864004850387573,-0.04479271546006203
10,10,1,0,1,1.0,0.0,1.0,0.5678052306175232,0.2198367714881897,-1.10757577419281,0.9994189739227295,0.5994900465011597,0.18027706444263458,-1.074692964553833,0.9987000226974487,0.6157618165016174,0.18109305202960968,-1.0746692419052124,0.9988254904747009,0.629060685634613,0.18166574835777283,-1.0745457410812378,0.9987037777900696,0.5500436425209045,0.1779516637325287,-1.0588990449905396,0.998830258846283,0.535415530204773,0.17787908017635345,-1.0588189363479614,0.9989850521087646,0.5251961946487427,0.1772949993610382,-1.0592963695526123,0.9989660382270813,0.6542177796363831,0.2075657844543457,-0.7478429675102234,0.9983640909194946,0.5169967412948608,0.20652025938034058,-0.6712932586669922,0.9987940192222595,0.601942777633667,0.27296191453933716,-0.9804094433784485,0.999602735042572,0.5365774035453796,0.27243760228157043,-0.9599431157112122,0.9996135830879211,0.7491846084594727,0.49108627438545227,-0.49853944778442383,0.9978435635566711,0.4209500253200531,0.45131438970565796,-0.41723114252090454,0.9987351298332214,0.810293972492218,0.9027851819992065,-0.320360004901886,0.8429482579231262,0.2087288647890091,0.7268603444099426,-0.6127954721450806,0.9301033020019531,0.8023613095283508,1.2666547298431396,-0.4591383934020996,0.33468225598335266,0.4086739420890808,0.8697119951248169,-1.1658709049224854,0.6893560290336609,0.8088515996932983,1.3811839818954468,-0.5253198146820068,0.21979530155658722,0.47299104928970337,0.9132686257362366,-1.2745583057403564,0.528908908367157,0.7805556058883667,1.3690210580825806,-0.584352433681488,0.2623620331287384,0.48940783739089966,0.8583659529685974,-1.2664148807525635,0.5551823973655701,0.7665078043937683,1.3238757848739624,-0.4847590923309326,0.2981078624725342,0.47813016176223755,0.8409906029701233,-1.1678367853164673,0.55120450258255,0.6752753853797913,1.0999969244003296,-0.06432382017374039,0.20227846503257751,0.46440061926841736,1.1119425296783447,0.06621989607810974,0.2770252823829651,0.6765803098678589,1.6241034269332886,0.04920215159654617,0.004366574343293905,0.46165934205055237,1.6213914155960083,0.3075743019580841,0.00409285444766283,0.6742196679115295,2.056800365447998,0.6922255158424377,0.0007696773391216993,0.4755995273590088,2.0568699836730957,0.8606923222541809,0.0010660600382834673,0.6827115416526794,2.1165785789489746,0.7254611849784851,0.0005036742077209055,0.4749937653541565,2.1173956394195557,0.9057378768920898,0.0018562653567641973,0.6295009851455688,2.215451240539551,0.20521223545074463,0.000658791686873883,0.4889766275882721,2.212216377258301,0.400587260723114,0.0026544800493866205,nan,nan,nan,nan,nan,nan,nan,nan,nan,nan,nan,nan,nan,nan,nan,nan,nan,nan,nan,nan,nan,nan,nan,nan,nan,nan,nan,nan,nan,nan,nan,nan,nan,nan,nan,nan,nan,nan,nan,nan,nan,nan,nan,nan,nan,nan,nan,nan,nan,nan,nan,nan,nan,nan,nan,nan,nan,nan,nan,nan,nan,nan,nan,0.4221649169921875,0.8711395859718323,2.764156477041979e-07,0.4460366666316986,0.8250667452812195,-0.013781317509710789,0.477677583694458,0.797834575176239,-0.02455398067831993,0.5084749460220337,0.7857660055160522,-0.03321181610226631,0.532717227935791,0.7737220525741577,-0.04170387238264084,0.5104982256889343,0.85434889793396,-0.025025496259331703,0.556197464466095,0.8684883117675781,-0.037622660398483276,0.5828722715377808,0.8807696104049683,-0.04553641378879547,0.6032057404518127,0.8932862877845764,-0.050108134746551514,0.5082415342330933,0.8885080814361572,-0.025602800771594048,0.5590031743049622,0.9023468494415283,-0.03547704964876175,0.5902137160301208,0.9119524955749512,-0.04162215441465378,0.6142091751098633,0.9212535619735718,-0.04598677530884743,0.500626802444458,0.9165555238723755,-0.026943594217300415,0.5490052700042725,0.9323025941848755,-0.03745361417531967,0.5782456994056702,0.9411323070526123,-0.04348650574684143,0.6002376675605774,0.9490892291069031,-0.04717892408370972,0.4891989827156067,0.9395320415496826,-0.028953207656741142,0.522760808467865,0.9592440724372864,-0.03883994743227959,0.5436094403266907,0.9728789329528809,-0.042691927403211594,0.5610979199409485,0.9853159189224243,-0.04432959109544754
11,11,1,0,1,1.0,0.0,1.0,0.565798282623291,0.21870571374893188,-1.1267244815826416,0.9994746446609497,0.598805844783783,0.17949682474136353,-1.0944175720214844,0.9988247752189636,0.6153936386108398,0.18031004071235657,-1.094354510307312,0.9989356398582458,0.6289288401603699,0.18088577687740326,-1.0942370891571045,0.9988251328468323,0.5493603944778442,0.17719216644763947,-1.078119158744812,0.9989444613456726,0.5350455045700073,0.17712345719337463,-1.0780359506607056,0.9990837574005127,0.5250387787818909,0.17655311524868011,-1.078513503074646,0.9990673661231995,0.6546961069107056,0.20697002112865448,-0.7672892808914185,0.9985183477401733,0.5179613828659058,0.2055416703224182,-0.6896149516105652,0.9989129304885864,0.6000034213066101,0.2716935873031616,-0.9994039535522461,0.9996412396430969,0.5346335172653198,0.27114248275756836,-0.9785512685775757,0.9996518492698669,0.7501929998397827,0.4909391403198242,-0.5156771540641785,0.9979941248893738,0.4213941693305969,0.4503675699234009,-0.4299911856651306,0.9988580346107483,0.8090027570724487,0.8987594246864319,-0.3305639326572418,0.8495664000511169,0.20872659981250763,0.7245123982429504,-0.6253989338874817,0.9366970062255859,0.8072690963745117,1.2676531076431274,-0.4648527503013611,0.3426136374473572,0.40681543946266174,0.8671776056289673,-1.1722131967544556,0.7086628675460815,0.8160440325737,1.3816250562667847,-0.5306104421615601,0.22304724156856537,0.47111254930496216,0.9114795923233032,-1.2805699110031128,0.5460557341575623,0.7882930636405945,1.3709080219268799,-0.5925769805908203,0.26500892639160156,0.4880293011665344,0.8571100234985352,-1.2724840641021729,0.5704482197761536,0.7730910181999207,1.3259437084197998,-0.49160441756248474,0.30157196521759033,0.4767199158668518,0.8399965167045593,-1.1738946437835693,0.5654881596565247,0.6716879606246948,1.086242914199829,-0.06502147018909454,0.2168062925338745,0.46098536252975464,1.1181036233901978,0.06689117848873138,0.29488158226013184,0.6755944490432739,1.6248027086257935,0.04737008363008499,0.004424246959388256,0.46031269431114197,1.6220039129257202,0.3080425262451172,0.004279882647097111,0.6731911301612854,2.060316801071167,0.6781455278396606,0.0008099164697341621,0.4732436239719391,2.0607430934906006,0.8575320243835449,0.0011356892064213753,0.6820011138916016,2.1207127571105957,0.7113498449325562,0.0005268072709441185,0.47252482175827026,2.121567726135254,0.9020026326179504,0.001989905722439289,0.6278558373451233,2.2190163135528564,0.20535214245319366,0.0006785959121771157,0.4855547845363617,2.21647047996521,0.39715057611465454,0.0027899565175175667,nan,nan,nan,nan,nan,nan,nan,nan,nan,nan,nan,nan,nan,nan,nan,nan,nan,nan,nan,nan,nan,nan,nan,nan,nan,nan,nan,nan,nan,nan,nan,nan,nan,nan,nan,nan,nan,nan,nan,nan,nan,nan,nan,nan,nan,nan,nan,nan,nan,nan,nan,nan,nan,nan,nan,nan,nan,nan,nan,nan,nan,nan,nan,0.42120692133903503,0.8693922758102417,2.765100646229257e-07,0.445545494556427,0.8240182399749756,-0.013172413222491741,0.4770304560661316,0.7971557378768921,-0.023810002952814102,0.5074008107185364,0.7851499915122986,-0.03239593282341957,0.5317147970199585,0.7731108665466309,-0.04082342982292175,0.5096461176872253,0.8532270193099976,-0.02494414523243904,0.5555537939071655,0.8681637644767761,-0.03738951310515404,0.5822064876556396,0.8804869651794434,-0.045005831867456436,0.6024426817893982,0.8928914070129395,-0.049339793622493744,0.507196307182312,0.8876698613166809,-0.025793228298425674,0.5584429502487183,0.9023827314376831,-0.03561647608876228,0.5895088911056519,0.9125617146492004,-0.04144693911075592,0.6131556630134583,0.9220411777496338,-0.045500632375478745,0.4995976984500885,0.9159021377563477,-0.027326658368110657,0.5485490560531616,0.9319708347320557,-0.0376771055161953,0.5776716470718384,0.9412685036659241,-0.04336653649806976,0.5995074510574341,0.9494539499282837,-0.04678880050778389,0.4883425831794739,0.9389368891716003,-0.02947576902806759,0.5220755934715271,0.9585105180740356,-0.039199572056531906,0.5429325699806213,0.9721514582633972,-0.042826924473047256,0.5605159997940063,0.9847111105918884,-0.04426464065909386
12,12,1,0,1,1.0,0.0,1.0,0.5664962530136108,0.21804876625537872,-1.190486192703247,0.9995249509811401,0.5991517305374146,0.17894591391086578,-1.1544076204299927,0.9989376068115234,0.6152762174606323,0.17974863946437836,-1.1543490886688232,0.9990355372428894,0.628488302230835,0.180318683385849,-1.1541950702667236,0.9989351034164429,0.5497585535049438,0.17691124975681305,-1.1402320861816406,0.9990473985671997,0.5351706743240356,0.17699497938156128,-1.1402028799057007,0.9991728067398071,0.5248419046401978,0.17670147120952606,-1.1406785249710083,0.9991586208343506,0.6536992192268372,0.20636650919914246,-0.8058701753616333,0.9986584186553955,0.5179033279418945,0.2056071162223816,-0.7385532259941101,0.9990200400352478,0.601209282875061,0.2705947756767273,-1.0548814535140991,0.9996759295463562,0.5358473658561707,0.2700549066066742,-1.037156581878662,0.9996862411499023,0.7516241669654846,0.49163874983787537,-0.5329978466033936,0.9981329441070557,0.4201788008213043,0.45236119627952576,-0.46304410696029663,0.9989675879478455,0.8111230134963989,0.8986919522285461,-0.34583571553230286,0.8552713394165039,0.2092919796705246,0.7235223054885864,-0.6665511131286621,0.9425523281097412,0.8097326159477234,1.2642778158187866,-0.5028887391090393,0.3526857793331146,0.4057307839393616,0.8655501008033752,-1.246915578842163,0.7251741290092468,0.817484974861145,1.3781168460845947,-0.5730568766593933,0.22821414470672607,0.4699530005455017,0.910507082939148,-1.3652088642120361,0.5603365898132324,0.7897132635116577,1.366601586341858,-0.6392965912818909,0.2700302004814148,0.4867188334465027,0.8562608361244202,-1.3603253364562988,0.5834642648696899,0.7748185396194458,1.321891188621521,-0.5318436026573181,0.30660414695739746,0.4756176471710205,0.8392437696456909,-1.2511794567108154,0.5770000219345093,0.6834779977798462,1.131282925605774,-0.06425774842500687,0.23184624314308167,0.460942804813385,1.1286052465438843,0.06612139195203781,0.31275299191474915,0.6787570714950562,1.6333129405975342,0.08103136718273163,0.004652100149542093,0.46109461784362793,1.6320456266403198,0.3104957044124603,0.004597241524606943,0.6778044700622559,2.068592071533203,0.7461889982223511,0.000867630064021796,0.47410494089126587,2.073777437210083,0.8805627822875977,0.0012359821703284979,0.6865922808647156,2.128779649734497,0.7823549509048462,0.0005580026772804558,0.47411489486694336,2.1355371475219727,0.926389217376709,0.0021455807145684958,0.6322764158248901,2.2288055419921875,0.28042474389076233,0.0007212792406789958,0.48611658811569214,2.229865789413452,0.40724676847457886,0.0030119980219751596,nan,nan,nan,nan,nan,nan,nan,nan,nan,nan,nan,nan,nan,nan,nan,nan,nan,nan,nan,nan,nan,nan,nan,nan,nan,nan,nan,nan,nan,nan,nan,nan,nan,nan,nan,nan,nan,nan,nan,nan,nan,nan,nan,nan,nan,nan,nan,nan,nan,nan,nan,nan,nan,nan,nan,nan,nan,nan,nan,nan,nan,nan,nan,0.42002496123313904,0.8678919076919556,2.8682339348051755e-07,0.44499069452285767,0.8232264518737793,-0.013519800268113613,0.4761306047439575,0.7968287467956543,-0.024769645184278488,0.5064390897750854,0.7846546769142151,-0.033945996314287186,0.5306894183158875,0.7726573944091797,-0.043068479746580124,0.5064986348152161,0.8517091870307922,-0.026905780658125877,0.5528396964073181,0.8675655126571655,-0.040180206298828125,0.580220639705658,0.8803732395172119,-0.04802222549915314,0.6010759472846985,0.893135666847229,-0.05239424109458923,0.504350483417511,0.8863776326179504,-0.02781548909842968,0.5567342042922974,0.902672529220581,-0.0384775847196579,0.5885580778121948,0.9134781956672668,-0.04443581402301788,0.6127554178237915,0.9233227968215942,-0.04851306229829788,0.49699416756629944,0.9148539304733276,-0.029332516714930534,0.5469584465026855,0.9323557019233704,-0.040249910205602646,0.576769232749939,0.9418119788169861,-0.04602692648768425,0.5989555716514587,0.9497827887535095,-0.04944765940308571,0.4859285056591034,0.9380357265472412,-0.0314478799700737,0.5205836296081543,0.9586994647979736,-0.041421763598918915,0.5417964458465576,0.9726933836936951,-0.04507797956466675,0.5595272779464722,0.9851142168045044,-0.046551164239645004
13,13,1,0,1,1.0,0.0,1.0,0.5653662085533142,0.21742835640907288,-1.1739399433135986,0.9995696544647217,0.598188579082489,0.17855952680110931,-1.1363085508346558,0.9990378022193909,0.6144076585769653,0.1793430745601654,-1.136234998703003,0.9991236329078674,0.6277792453765869,0.1798987090587616,-1.1360756158828735,0.9990319013595581,0.5492235422134399,0.176519975066185,-1.122504472732544,0.9991393089294434,0.5347901582717896,0.17658790946006775,-1.122481346130371,0.9992523193359375,0.5243871808052063,0.1763048619031906,-1.122955083847046,0.9992402791976929,0.6536887884140015,0.20604531466960907,-0.7889755368232727,0.9987819790840149,0.5177610516548157,0.20524217188358307,-0.7241718769073486,0.9991160035133362,0.6004670262336731,0.2697734236717224,-1.0395317077636719,0.9997068047523499,0.5347913503646851,0.2691851854324341,-1.0224353075027466,0.999717116355896,0.7525400519371033,0.4940280318260193,-0.5225073099136353,0.9982416033744812,0.41938942670822144,0.45364031195640564,-0.46079760789871216,0.999065637588501,0.8115822672843933,0.9023723006248474,-0.33894670009613037,0.8574724793434143,0.20954832434654236,0.7226412892341614,-0.6731685996055603,0.9477103352546692,0.8108929395675659,1.2702001333236694,-0.49566230177879333,0.3512939512729645,0.4051056504249573,0.8653582334518433,-1.25898277759552,0.7385966181755066,0.8191086649894714,1.3862186670303345,-0.565238893032074,0.22643986344337463,0.4693933427333832,0.9111785292625427,-1.37920343875885,0.5713246464729309,0.7901647090911865,1.3765740394592285,-0.6306928396224976,0.2678179442882538,0.4862232804298401,0.8565224409103394,-1.3746281862258911,0.5937187075614929,0.7750476598739624,1.330811619758606,-0.524821400642395,0.3041640818119049,0.4753425121307373,0.8394578099250793,-1.2637768983840942,0.5858227014541626,0.686834990978241,1.1444916725158691,-0.06376348435878754,0.2419658601284027,0.4609600007534027,1.1346935033798218,0.06562217324972153,0.3248531222343445,0.680514931678772,1.6393378973007202,0.10114264488220215,0.004834683146327734,0.4626171588897705,1.6387897729873657,0.3099591135978699,0.004808219149708748,0.681149423122406,2.076559543609619,0.7785530686378479,0.0009133910061791539,0.47621193528175354,2.0804028511047363,0.8846772909164429,0.0012946281349286437,0.6905893087387085,2.1376473903656006,0.8161529302597046,0.0005808457499369979,0.47655120491981506,2.1421992778778076,0.9308403134346008,0.0022385339252650738,0.6347838044166565,2.236433744430542,0.32191723585128784,0.0007486614631488919,0.4875355362892151,2.2369425296783447,0.41000884771347046,0.0031141838990151882,nan,nan,nan,nan,nan,nan,nan,nan,nan,nan,nan,nan,nan,nan,nan,nan,nan,nan,nan,nan,nan,nan,nan,nan,nan,nan,nan,nan,nan,nan,nan,nan,nan,nan,nan,nan,nan,nan,nan,nan,nan,nan,nan,nan,nan,nan,nan,nan,nan,nan,nan,nan,nan,nan,nan,nan,nan,nan,nan,nan,nan,nan,nan,0.41902971267700195,0.8684421181678772,2.7853226924889896e-07,0.4436517655849457,0.8239126205444336,-0.013205350376665592,0.47499820590019226,0.7975752353668213,-0.024052435532212257,0.5053080916404724,0.7860666513442993,-0.03290286660194397,0.5295434594154358,0.7749147415161133,-0.04165147244930267,0.5068128705024719,0.8524794578552246,-0.02548147179186344,0.5523667335510254,0.8686439990997314,-0.03815179318189621,0.579117476940155,0.8815081119537354,-0.04581690952181816,0.5994498133659363,0.8941066265106201,-0.05020562931895256,0.504539966583252,0.8869198560714722,-0.026500346139073372,0.5557731986045837,0.9036197662353516,-0.03659910336136818,0.5870287418365479,0.9147155284881592,-0.04256371408700943,0.6108369827270508,0.9247704148292542,-0.046737514436244965,0.4967712163925171,0.9152436256408691,-0.02816709876060486,0.546044111251831,0.9327036738395691,-0.03872848302125931,0.5754227638244629,0.9423140287399292,-0.04456588625907898,0.5973740816116333,0.9504902362823486,-0.04813368245959282,0.485055536031723,0.93852698802948,-0.03041922301054001,0.5190975069999695,0.9593139290809631,-0.04019622504711151,0.5400189161300659,0.9732997417449951,-0.04386325180530548,0.5575758218765259,0.9857656359672546,-0.04540508985519409
14,14,1,0,1,1.0,0.0,1.0,0.5630748867988586,0.2169700264930725,-1.1878864765167236,0.999610185623169,0.5966172814369202,0.17826153337955475,-1.1507065296173096,0.9991287589073181,0.6133620142936707,0.17902250587940216,-1.1506249904632568,0.9992037415504456,0.6271785497665405,0.17957168817520142,-1.150497317314148,0.9991200566291809,0.5476210713386536,0.17621861398220062,-1.1347410678863525,0.9992225170135498,0.5334805250167847,0.1762768179178238,-1.1347270011901855,0.9993243217468262,0.523247241973877,0.17602506279945374,-1.1352120637893677,0.9993141889572144,0.65413498878479,0.20610374212265015,-0.8003517985343933,0.9988940358161926,0.5175207853317261,0.2049848437309265,-0.7264726758003235,0.9992026090621948,0.5987639427185059,0.2692093551158905,-1.0522741079330444,0.9997347593307495,0.5330432057380676,0.2685515582561493,-1.032405138015747,0.9997449517250061,0.7518960237503052,0.4950634837150574,-0.5309993028640747,0.998332679271698,0.41953045129776,0.4532530903816223,-0.4524849057197571,0.9991546273231506,0.8109639286994934,0.9057818055152893,-0.34389859437942505,0.8607878088951111,0.20981261134147644,0.7225277423858643,-0.6627259850502014,0.9524182677268982,0.8093555569648743,1.2714217901229858,-0.4973066747188568,0.3507130742073059,0.40392524003982544,0.8659201264381409,-1.2645316123962402,0.7524758577346802,0.817905068397522,1.3868730068206787,-0.5671632885932922,0.22482995688915253,0.46728652715682983,0.9108498096466064,-1.3843746185302734,0.5843284130096436,0.7891057133674622,1.3778432607650757,-0.6311885714530945,0.265534907579422,0.4842252731323242,0.8562174439430237,-1.3816683292388916,0.6058635711669922,0.773870587348938,1.3319464921951294,-0.5258839726448059,0.301486611366272,0.4734409749507904,0.8394873142242432,-1.270073652267456,0.5965316891670227,0.6846659183502197,1.1476415395736694,-0.07096157968044281,0.2524295747280121,0.4594101011753082,1.133288860321045,0.07279869168996811,0.33793243765830994,0.6764785051345825,1.6441344022750854,0.08747494220733643,0.005095727276057005,0.4602952003479004,1.6408977508544922,0.31465503573417664,0.005117550492286682,0.6766091585159302,2.086402654647827,0.7408879995346069,0.0009774952195584774,0.47291213274002075,2.086468458175659,0.8862662315368652,0.001380742760375142,0.6860698461532593,2.149489641189575,0.7762387990951538,0.0006096999277360737,0.47307053208351135,2.1494343280792236,0.9315592050552368,0.0023931514006108046,0.6303802728652954,2.2430357933044434,0.2970915734767914,0.0007835609721951187,0.4843088686466217,2.24094557762146,0.4087929129600525,0.00327384565025568,nan,nan,nan,nan,nan,nan,nan,nan,nan,nan,nan,nan,nan,nan,nan,nan,nan,nan,nan,nan,nan,nan,nan,nan,nan,nan,nan,nan,nan,nan,nan,nan,nan,nan,nan,nan,nan,nan,nan,nan,nan,nan,nan,nan,nan,nan,nan,nan,nan,nan,nan,nan,nan,nan,nan,nan,nan,nan,nan,nan,nan,nan,nan,0.41885656118392944,0.8684645891189575,2.833166945492849e-07,0.4438134729862213,0.8238897919654846,-0.013610106892883778,0.47497761249542236,0.7979680299758911,-0.02476998046040535,0.5055579543113708,0.7873690128326416,-0.03371097147464752,0.529959499835968,0.7764278054237366,-0.042571935802698135,0.5056348443031311,0.853681206703186,-0.02738429419696331,0.5517801642417908,0.8694676756858826,-0.04038351774215698,0.5786535143852234,0.8823091983795166,-0.047934602946043015,0.5990771651268005,0.8951602578163147,-0.05210473760962486,0.5029884576797485,0.8880143761634827,-0.02808384783565998,0.5548820495605469,0.904145359992981,-0.03855156525969505,0.5861613750457764,0.9151325225830078,-0.04421425238251686,0.6098760366439819,0.9253228902816772,-0.04808253422379494,0.4951098561286926,0.9158037304878235,-0.029346492141485214,0.544753909111023,0.9332600235939026,-0.040216557681560516,0.5742266774177551,0.9428805708885193,-0.045831214636564255,0.5961661338806152,0.9512596726417542,-0.04913446307182312,0.4835117757320404,0.9383281469345093,-0.03118850663304329,0.517890214920044,0.959079384803772,-0.04112629219889641,0.5386956930160522,0.9732875823974609,-0.04470062255859375,0.556064248085022,0.9859654903411865,-0.04611525684595108
15,15,1,0,1,1.0,0.0,1.0,0.5616964101791382,0.21662840247154236,-1.2450757026672363,0.9996458888053894,0.5964688062667847,0.17808257043361664,-1.2070659399032593,0.9992091059684753,0.6134344339370728,0.17876766622066498,-1.2069841623306274,0.9992737174034119,0.6274809241294861,0.1793336123228073,-1.20687735080719,0.9991968274116516,0.5475171208381653,0.17612864077091217,-1.1902570724487305,0.9992964863777161,0.5336145162582397,0.17618846893310547,-1.1902658939361572,0.9993882775306702,0.523429274559021,0.17594924569129944,-1.1908044815063477,0.9993801116943359,0.6554853916168213,0.2065994143486023,-0.8457951545715332,0.9989917874336243,0.5188759565353394,0.20480099320411682,-0.7685741782188416,0.9992800951004028,0.5969452261924744,0.26889702677726746,-1.1054776906967163,0.9997595548629761,0.5316430330276489,0.26812732219696045,-1.0846834182739258,0.999769926071167,0.7510727643966675,0.49569171667099,-0.5601710081100464,0.9984007477760315,0.4200115203857422,0.45246076583862305,-0.47649818658828735,0.9992347359657288,0.8088701367378235,0.9078117609024048,-0.36380690336227417,0.8648362755775452,0.20988218486309052,0.7224406003952026,-0.6841245293617249,0.9567051529884338,0.8052204251289368,1.271073818206787,-0.5335557460784912,0.3518058955669403,0.4034441113471985,0.8650656342506409,-1.3024662733078003,0.7657833695411682,0.8136116862297058,1.3862148523330688,-0.6082829236984253,0.22387658059597015,0.46639570593833923,0.9104728102684021,-1.4265573024749756,0.5973095297813416,0.7853599786758423,1.376001238822937,-0.6758739352226257,0.26384925842285156,0.4839448928833008,0.8562228083610535,-1.4289220571517944,0.6178421974182129,0.7702956199645996,1.329822063446045,-0.5639153122901917,0.2992766201496124,0.47294172644615173,0.8394250273704529,-1.3099735975265503,0.6072231531143188,0.6796258091926575,1.1425215005874634,-0.0740649625658989,0.2627050578594208,0.46490973234176636,1.123487949371338,0.0759083554148674,0.35091328620910645,0.6732262372970581,1.6458555459976196,0.07655414193868637,0.005309055559337139,0.45854702591896057,1.6382323503494263,0.3117324113845825,0.005430908873677254,0.6728790998458862,2.090273141860962,0.7271295785903931,0.0010431879200041294,0.47108301520347595,2.086643934249878,0.8829800486564636,0.0014773312723264098,0.6821023225784302,2.154223680496216,0.7615314722061157,0.0006442908197641373,0.4711593687534332,2.1497998237609863,0.9275854229927063,0.00257797259837389,0.6271616220474243,2.244809627532959,0.26732900738716125,0.0008230968960560858,0.4837407171726227,2.240710735321045,0.40501460433006287,0.0034679702948778868,nan,nan,nan,nan,nan,nan,nan,nan,nan,nan,nan,nan,nan,nan,nan,nan,nan,nan,nan,nan,nan,nan,nan,nan,nan,nan,nan,nan,nan,nan,nan,nan,nan,nan,nan,nan,nan,nan,nan,nan,nan,nan,nan,nan,nan,nan,nan,nan,nan,nan,nan,nan,nan,nan,nan,nan,nan,nan,nan,nan,nan,nan,nan,0.4188835322856903,0.8682265281677246,2.7699059046426555e-07,0.44345739483833313,0.8227775692939758,-0.013995664194226265,0.4747447967529297,0.7974288463592529,-0.024788135662674904,0.5052803754806519,0.7865431904792786,-0.033312082290649414,0.5302825570106506,0.7761604189872742,-0.04161035269498825,0.5072488188743591,0.853884756565094,-0.02534811943769455,0.5533907413482666,0.868970513343811,-0.037699054926633835,0.5798377394676208,0.8810204267501831,-0.045235272496938705,0.5998715162277222,0.8930532932281494,-0.04944166541099548,0.5045734643936157,0.8879297971725464,-0.025485696271061897,0.5560527443885803,0.9019076824188232,-0.03511115536093712,0.5870485901832581,0.9120892286300659,-0.04089238494634628,0.610536515712738,0.9218002557754517,-0.04495149850845337,0.49668365716934204,0.9152775406837463,-0.02638709545135498,0.5453783273696899,0.9306815266609192,-0.036726705729961395,0.5742952823638916,0.9401946067810059,-0.04263579100370407,0.5958375930786133,0.9485532641410828,-0.04622192308306694,0.485262393951416,0.9370245337486267,-0.02795025333762169,0.5186201333999634,0.9569903612136841,-0.03766841068863869,0.5390124320983887,0.971176028251648,-0.04151643440127373,0.5561403036117554,0.9837414026260376,-0.043154988437891006
16,16,1,0,1,1.0,0.0,1.0,0.5618242621421814,0.21637402474880219,-1.2148759365081787,0.9996781945228577,0.5970758199691772,0.1776137799024582,-1.1762573719024658,0.9992818832397461,0.6138731241226196,0.17851896584033966,-1.1762086153030396,0.9993372559547424,0.6278616189956665,0.17927822470664978,-1.1760942935943604,0.999266505241394,0.5483852624893188,0.1755058914422989,-1.1600143909454346,0.9993633031845093,0.53440260887146,0.1755644530057907,-1.1600178480148315,0.9994460344314575,0.5239553451538086,0.1754203736782074,-1.1605503559112549,0.9994395971298218,0.6558443307876587,0.20644515752792358,-0.8188103437423706,0.9990807175636292,0.5196242332458496,0.20438212156295776,-0.7440745234489441,0.9993500113487244,0.5963960886001587,0.2686047852039337,-1.0766475200653076,0.9997819662094116,0.5310690402984619,0.2677898406982422,-1.0566108226776123,0.9997923970222473,0.750818133354187,0.4960111379623413,-0.5415638089179993,0.9984607100486755,0.42025160789489746,0.4519038498401642,-0.4618116021156311,0.999306321144104,0.8075506091117859,0.9088148474693298,-0.3518756628036499,0.866798460483551,0.21025653183460236,0.7229532599449158,-0.6689302921295166,0.9605003595352173,0.8038372993469238,1.2709158658981323,-0.5195609927177429,0.3523777425289154,0.40554842352867126,0.8658717274665833,-1.281589150428772,0.7770530581474304,0.8123037219047546,1.3856281042099,-0.5935032963752747,0.22342292964458466,0.4698074758052826,0.9122205972671509,-1.4049551486968994,0.6079491972923279,0.7845278978347778,1.374555230140686,-0.6607056856155396,0.2628399133682251,0.48724040389060974,0.8582277297973633,-1.404710054397583,0.6277008056640625,0.7693592309951782,1.328444004058838,-0.5498116612434387,0.2978081703186035,0.4762319028377533,0.8411954641342163,-1.2881605625152588,0.6157267689704895,0.6764148473739624,1.1345723867416382,-0.0745590329170227,0.272067666053772,0.4676133096218109,1.1171953678131104,0.07642048597335815,0.3619067370891571,0.6714287400245667,1.6499861478805542,0.07055503129959106,0.005523478612303734,0.45755988359451294,1.6417969465255737,0.30945804715156555,0.005727171432226896,0.6711863279342651,2.0957376956939697,0.7200499773025513,0.0010880749905481935,0.46961212158203125,2.092268943786621,0.8770508766174316,0.0015501752495765686,0.6803863644599915,2.1599955558776855,0.7541593313217163,0.0006695183110423386,0.4695304334163666,2.156031608581543,0.9214231371879578,0.002709022257477045,0.6256471872329712,2.2510530948638916,0.256231427192688,0.0008533297805115581,0.4833748936653137,2.2464096546173096,0.4044722020626068,0.003624456701800227,nan,nan,nan,nan,nan,nan,nan,nan,nan,nan,nan,nan,nan,nan,nan,nan,nan,nan,nan,nan,nan,nan,nan,nan,nan,nan,nan,nan,nan,nan,nan,nan,nan,nan,nan,nan,nan,nan,nan,nan,nan,nan,nan,nan,nan,nan,nan,nan,nan,nan,nan,nan,nan,nan,nan,nan,nan,nan,nan,nan,nan,nan,nan,0.41962897777557373,0.8676671385765076,2.755597563464107e-07,0.44391584396362305,0.8219969272613525,-0.014701862819492817,0.475221186876297,0.7964256405830383,-0.025649435818195343,0.506209671497345,0.785589873790741,-0.034237340092659,0.5312075614929199,0.7747147679328918,-0.04256768152117729,0.5075224041938782,0.8530453443527222,-0.025894995778799057,0.5537469983100891,0.8673770427703857,-0.0383065789937973,0.5801587104797363,0.8792328834533691,-0.045799002051353455,0.6003978252410889,0.8912515640258789,-0.05000679939985275,0.5050325393676758,0.8868960738182068,-0.025725286453962326,0.5565308332443237,0.9004489779472351,-0.0355575755238533,0.5873474478721619,0.9105072617530823,-0.041268110275268555,0.6109148859977722,0.9203218221664429,-0.04524385556578636,0.49723148345947266,0.9139915704727173,-0.026398180052638054,0.5460432767868042,0.9292309284210205,-0.037058040499687195,0.5748485922813416,0.938709020614624,-0.0429580919444561,0.5964760184288025,0.9471331834793091,-0.04646248370409012,0.485872358083725,0.9356188774108887,-0.027804603800177574,0.5194486379623413,0.9557143449783325,-0.037744469940662384,0.5398418307304382,0.9699671268463135,-0.04169232398271561,0.5570986270904541,0.9826415181159973,-0.04340389370918274
17,17,1,0,1,1.0,0.0,1.0,0.5630273818969727,0.21542328596115112,-1.255021333694458,0.9997076392173767,0.5986894965171814,0.17628739774227142,-1.2150965929031372,0.9993482232093811,0.6149173378944397,0.1774577796459198,-1.2150322198867798,0.9993957281112671,0.6286842823028564,0.17852522432804108,-1.2149080038070679,0.9993306994438171,0.5506998300552368,0.1740349978208542,-1.2001466751098633,0.9994239807128906,0.5368386507034302,0.1740257292985916,-1.200179934501648,0.9994985461235046,0.5258233547210693,0.1739622801542282,-1.2007241249084473,0.9994935393333435,0.656272292137146,0.20636244118213654,-0.847747802734375,0.9991623759269714,0.5220292806625366,0.2027987539768219,-0.7794572114944458,0.999413251876831,0.5969895720481873,0.26841649413108826,-1.1132322549819946,0.99980229139328,0.5320602655410767,0.26754045486450195,-1.0950301885604858,0.999812662601471,0.7510008215904236,0.49616920948028564,-0.5548567771911621,0.9985126256942749,0.4202880859375,0.45141899585723877,-0.48833099007606506,0.9993709325790405,0.8065984845161438,0.9092757701873779,-0.36268991231918335,0.8683093190193176,0.2108009308576584,0.7234792709350586,-0.6931024789810181,0.9638988971710205,0.8024929761886597,1.2687299251556396,-0.5551967620849609,0.3531206250190735,0.4071778655052185,0.8669154644012451,-1.3070557117462158,0.7872607111930847,0.8107436299324036,1.382684588432312,-0.6343728303909302,0.22361931204795837,0.4718841016292572,0.9139795303344727,-1.4331668615341187,0.6182729601860046,0.7833216190338135,1.3709012269973755,-0.7056136131286621,0.26276248693466187,0.4893847107887268,0.8599796295166016,-1.4366133213043213,0.6375593543052673,0.768241822719574,1.324887990951538,-0.5881479978561401,0.29686152935028076,0.4783547818660736,0.8425426483154297,-1.3151156902313232,0.6240688562393188,0.6747738122940063,1.1297862529754639,-0.07375264912843704,0.2781279683113098,0.46830064058303833,1.10674250125885,0.07561306655406952,0.36991336941719055,0.6699540019035339,1.648343563079834,0.061256952583789825,0.005756066180765629,0.4565296173095703,1.6391010284423828,0.3015511929988861,0.0059893447905778885,0.6695284247398376,2.0948641300201416,0.7155863046646118,0.0011326544918119907,0.4686245322227478,2.0914530754089355,0.8709627389907837,0.0016098578926175833,0.6786283254623413,2.1591248512268066,0.7480756640434265,0.0006952512194402516,0.46840962767601013,2.1556520462036133,0.9158580899238586,0.0028050008695572615,0.6242592334747314,2.2494425773620605,0.22821912169456482,0.0008913125493563712,0.4811178147792816,2.2444369792938232,0.3714278042316437,0.003771598218008876,nan,nan,nan,nan,nan,nan,nan,nan,nan,nan,nan,nan,nan,nan,nan,nan,nan,nan,nan,nan,nan,nan,nan,nan,nan,nan,nan,nan,nan,nan,nan,nan,nan,nan,nan,nan,nan,nan,nan,nan,nan,nan,nan,nan,nan,nan,nan,nan,nan,nan,nan,nan,nan,nan,nan,nan,nan,nan,nan,nan,nan,nan,nan,0.41870081424713135,0.8667435646057129,2.756664798653219e-07,0.4434523582458496,0.8220733404159546,-0.014313857071101665,0.4751140773296356,0.7963008284568787,-0.02522921934723854,0.5059822201728821,0.7853690981864929,-0.03392723202705383,0.5310885310173035,0.7748233079910278,-0.04241355508565903,0.5075165629386902,0.8521580696105957,-0.025506440550088882,0.5531675815582275,0.866920530796051,-0.03818777948617935,0.5797796249389648,0.8791742920875549,-0.046036455780267715,0.6001586318016052,0.8915726542472839,-0.05049527436494827,0.5049493908882141,0.8857852816581726,-0.02574126049876213,0.5557765960693359,0.9000278115272522,-0.035735178738832474,0.5867122411727905,0.910493016242981,-0.04165041819214821,0.6102978587150574,0.9206894636154175,-0.04578567296266556,0.49702611565589905,0.912932276725769,-0.026822540909051895,0.5455453991889954,0.9287019968032837,-0.03756040707230568,0.5746126770973206,0.9383440613746643,-0.04355969652533531,0.5961518883705139,0.946876049041748,-0.04714557155966759,0.48540809750556946,0.9349377751350403,-0.02861703373491764,0.5193594098091125,0.9553711414337158,-0.038594800978899,0.5399425029754639,0.9697957038879395,-0.04252247512340546,0.5570871233940125,0.9825612902641296,-0.044223152101039886
18,18,1,0,1,1.0,0.0,1.0,0.5636720657348633,0.2141355723142624,-1.2840780019760132,0.9997342824935913,0.599000096321106,0.17451785504817963,-1.2434484958648682,0.9994078874588013,0.6149313449859619,0.1758158951997757,-1.24338960647583,0.9994485378265381,0.6285423040390015,0.1770496964454651,-1.2432059049606323,0.9993883371353149,0.5517438054084778,0.17252923548221588,-1.2269419431686401,0.9994785189628601,0.5379619598388672,0.17261818051338196,-1.2270277738571167,0.9995458126068115,0.5267345309257507,0.17276400327682495,-1.2275817394256592,0.9995419979095459,0.6556837558746338,0.20540329813957214,-0.8729182481765747,0.9992362856864929,0.5233744978904724,0.20134469866752625,-0.7972432374954224,0.9994701147079468,0.5975238680839539,0.26759880781173706,-1.141216516494751,0.9998204112052917,0.5329086184501648,0.26681944727897644,-1.1209022998809814,0.9998308420181274,0.75203937292099,0.4962654709815979,-0.5750159025192261,0.9985526204109192,0.4207993447780609,0.4517127573490143,-0.49885815382003784,0.9994283318519592,0.8066035509109497,0.9100266098976135,-0.39685308933258057,0.8689541220664978,0.21147680282592773,0.7240902185440063,-0.7060130834579468,0.9668789505958557,0.8026823997497559,1.2708356380462646,-0.6093465089797974,0.3533838093280792,0.40759849548339844,0.866302490234375,-1.3258397579193115,0.79659503698349,0.810573399066925,1.384074091911316,-0.6932351589202881,0.22394898533821106,0.47186654806137085,0.9130783081054688,-1.4550602436065674,0.6282005310058594,0.7832632064819336,1.3721812963485718,-0.765670895576477,0.26304784417152405,0.48958030343055725,0.8596020340919495,-1.4580652713775635,0.6471739411354065,0.7683461904525757,1.326112985610962,-0.6436713933944702,0.2961724102497101,0.47851356863975525,0.8421657681465149,-1.3344863653182983,0.6321575045585632,0.6790377497673035,1.1411954164505005,-0.07375101745128632,0.2802538573741913,0.46814125776290894,1.1047024726867676,0.07565043121576309,0.37465715408325195,0.6700321435928345,1.649981141090393,0.05974910408258438,0.0059706368483603,0.4555618166923523,1.6413973569869995,0.2864137589931488,0.006271034479141235,0.6697215437889099,2.096644163131714,0.7155443429946899,0.0011695635039359331,0.4674921929836273,2.096484422683716,0.8522095680236816,0.0016761519946157932,0.6785725355148315,2.161130428314209,0.7483251094818115,0.0007109979633241892,0.46729913353919983,2.1622283458709717,0.8938242197036743,0.0028846105560660362,0.6247857213020325,2.250493049621582,0.2291792929172516,0.0009351960616186261,0.47993189096450806,2.247330665588379,0.33570459485054016,0.003961360082030296,nan,nan,nan,nan,nan,nan,nan,nan,nan,nan,nan,nan,nan,nan,nan,nan,nan,nan,nan,nan,nan,nan,nan,nan,nan,nan,nan,nan,nan,nan,nan,nan,nan,nan,nan,nan,nan,nan,nan,nan,nan,nan,nan,nan,nan,nan,nan,nan,nan,nan,nan,nan,nan,nan,nan,nan,nan,nan,nan,nan,nan,nan,nan,0.41819271445274353,0.8676114082336426,2.7895825382984185e-07,0.4431686997413635,0.8228016495704651,-0.013446871191263199,0.4751361012458801,0.7970311641693115,-0.023876341059803963,0.5057176351547241,0.786492109298706,-0.03224514052271843,0.5303412675857544,0.7762928009033203,-0.040424197912216187,0.5068764686584473,0.8527308702468872,-0.02465924620628357,0.5524327754974365,0.8681267499923706,-0.03709493577480316,0.5790413618087769,0.8807706236839294,-0.04476200416684151,0.5992712378501892,0.8932318687438965,-0.049013976007699966,0.5046840906143188,0.8862964510917664,-0.025250371545553207,0.5557116270065308,0.9023223519325256,-0.03489525243639946,0.5868091583251953,0.913419246673584,-0.04056217148900032,0.6102765798568726,0.9237463474273682,-0.04443749040365219,0.49711787700653076,0.9134731888771057,-0.02659773640334606,0.5458305478096008,0.9299818277359009,-0.03662869334220886,0.5750847458839417,0.9398537278175354,-0.04219094663858414,0.5965311527252197,0.9486648440361023,-0.045492544770240784,0.48561331629753113,0.9353131055831909,-0.028630472719669342,0.5195956826210022,0.9554010033607483,-0.03773018345236778,0.5402387976646423,0.9696515202522278,-0.041001614183187485,0.5570759773254395,0.982457160949707,-0.04223695024847984
19,19,1,0,1,1.0,0.0,1.0,0.5647187829017639,0.21194972097873688,-1.2579134702682495,0.9997574687004089,0.5996387004852295,0.17256797850131989,-1.2180445194244385,0.999459981918335,0.6153079867362976,0.1739911139011383,-1.2180205583572388,0.9994939565658569,0.6288039684295654,0.1753709763288498,-1.2178694009780884,0.9994376301765442,0.5530868768692017,0.17056164145469666,-1.202219843864441,0.9995267391204834,0.5395248532295227,0.17059265077114105,-1.202308177947998,0.9995875954627991,0.5280418992042542,0.1707909107208252,-1.2028621435165405,0.9995850920677185,0.6552910804748535,0.20396782457828522,-0.855690598487854,0.9992997050285339,0.5244358777999878,0.1993299424648285,-0.7822542786598206,0.9995208382606506,0.5984961986541748,0.2660423517227173,-1.1183652877807617,0.9998363256454468,0.5341286659240723,0.2647968828678131,-1.098686933517456,0.9998471140861511,0.7522831559181213,0.4960201680660248,-0.5652889013290405,0.9985624551773071,0.4210425913333893,0.4524678885936737,-0.49026814103126526,0.9994791746139526,0.8059712648391724,0.9098300933837891,-0.38788682222366333,0.8694667220115662,0.2117631882429123,0.7245299220085144,-0.690919041633606,0.9695562124252319,0.8026162385940552,1.272024393081665,-0.5996401906013489,0.3534594178199768,0.40710845589637756,0.8659725189208984,-1.2997580766677856,0.8051489591598511,0.810431182384491,1.3849643468856812,-0.6820738315582275,0.22416973114013672,0.4710800051689148,0.9125726819038391,-1.425239086151123,0.6372969150543213,0.7832673788070679,1.372723937034607,-0.7528907060623169,0.2629363536834717,0.4886128008365631,0.8594390153884888,-1.4272018671035767,0.6557688117027283,0.7683089375495911,1.3265290260314941,-0.6330877542495728,0.2953912615776062,0.47760409116744995,0.8420703411102295,-1.3074872493743896,0.6395860314369202,0.6804495453834534,1.1455662250518799,-0.07334550470113754,0.2836734354496002,0.46760448813438416,1.100542426109314,0.07524878531694412,0.37994518876075745,0.6698481440544128,1.6514219045639038,0.05359469726681709,0.006277158390730619,0.45487913489341736,1.6422755718231201,0.2787708640098572,0.006626461632549763,0.6701231598854065,2.0990610122680664,0.7050848007202148,0.0012375871883705258,0.4667101502418518,2.0974504947662354,0.8380987048149109,0.0017817870248109102,0.678813636302948,2.1635818481445312,0.7367858290672302,0.0007424426730722189,0.46648740768432617,2.1629133224487305,0.8790220022201538,0.003031310858204961,0.6257060766220093,2.25274920463562,0.21718521416187286,0.0009876047261059284,0.47879165410995483,2.2482876777648926,0.329801470041275,0.004190315958112478,nan,nan,nan,nan,nan,nan,nan,nan,nan,nan,nan,nan,nan,nan,nan,nan,nan,nan,nan,nan,nan,nan,nan,nan,nan,nan,nan,nan,nan,nan,nan,nan,nan,nan,nan,nan,nan,nan,nan,nan,nan,nan,nan,nan,nan,nan,nan,nan,nan,nan,nan,nan,nan,nan,nan,nan,nan,nan,nan,nan,nan,nan,nan,0.4186680316925049,0.8691521286964417,2.7768561494667665e-07,0.44353634119033813,0.8240271210670471,-0.012728978879749775,0.47579947113990784,0.7989268898963928,-0.022628627717494965,0.5060880780220032,0.7888244986534119,-0.030650241300463676,0.5301977396011353,0.7786023616790771,-0.03850141540169716,0.5085750818252563,0.8546969890594482,-0.022946806624531746,0.5531812310218811,0.8705454468727112,-0.03514489904046059,0.5797465443611145,0.8837994933128357,-0.04299909994006157,0.5998643636703491,0.896656334400177,-0.047491494566202164,0.5064556002616882,0.8884629607200623,-0.023872148245573044,0.5559439659118652,0.9056013226509094,-0.03315738961100578,0.5868321657180786,0.9172136783599854,-0.03890961781144142,0.6103555560112,0.9280277490615845,-0.04296679422259331,0.49877411127090454,0.9157911539077759,-0.025585904717445374,0.5464067459106445,0.9322531223297119,-0.035280026495456696,0.5751440525054932,0.9421781301498413,-0.040678970515728,0.5963411331176758,0.9513892531394958,-0.04397204890847206,0.48696041107177734,0.9376742839813232,-0.02800442837178707,0.5200358629226685,0.9577694535255432,-0.03691033273935318,0.540410578250885,0.9720551371574402,-0.0401025116443634,0.5571606755256653,0.9850502014160156,-0.041347257792949677
20,20,1,0,1,1.0,0.0,1.0,0.5652313828468323,0.20998448133468628,-1.2505204677581787,0.9997791051864624,0.5997673869132996,0.17110374569892883,-1.2092704772949219,0.9995081424713135,0.6153208017349243,0.17261084914207458,-1.2092487812042236,0.9995366930961609,0.6287338733673096,0.17410363256931305,-1.2090904712677002,0.999484121799469,0.5535784959793091,0.16903609037399292,-1.1942803859710693,0.9995708465576172,0.5400792360305786,0.16903536021709442,-1.1943668127059937,0.9996259212493896,0.5285226106643677,0.16929051280021667,-1.1949211359024048,0.9996243715286255,0.6547940969467163,0.20276547968387604,-0.8440262079238892,0.9993591904640198,0.5248483419418335,0.19779051840305328,-0.773730456829071,0.9995670318603516,0.5989540219306946,0.2643963098526001,-1.1098113059997559,0.9998509883880615,0.5348783135414124,0.26274245977401733,-1.091133713722229,0.9998618960380554,0.7518723607063293,0.49561721086502075,-0.5564591884613037,0.9985824227333069,0.42111140489578247,0.4531475305557251,-0.48580288887023926,0.9995253682136536,0.8056160807609558,0.9085903167724609,-0.3784911632537842,0.8698194026947021,0.21212343871593475,0.7251030206680298,-0.6811279058456421,0.9719250798225403,0.8020714521408081,1.2694913148880005,-0.6011172533035278,0.35536354780197144,0.4067157208919525,0.8658254146575928,-1.2819898128509521,0.8138587474822998,0.8098008036613464,1.38219153881073,-0.6871449947357178,0.22683197259902954,0.47079476714134216,0.9120318293571472,-1.4083201885223389,0.6486123204231262,0.7826117873191833,1.369942545890808,-0.760980486869812,0.2658466100692749,0.48802104592323303,0.8590801358222961,-1.4119181632995605,0.6667277216911316,0.7677030563354492,1.323945164680481,-0.6365717649459839,0.2975331246852875,0.4770016670227051,0.8418169021606445,-1.2901815176010132,0.6497001051902771,0.678449273109436,1.1176921129226685,-0.07083650678396225,0.2808600068092346,0.467557817697525,1.0927053689956665,0.07280217111110687,0.3787585198879242,0.6699486374855042,1.6502158641815186,0.048315294086933136,0.00634774100035429,0.45438408851623535,1.640689492225647,0.243705153465271,0.006740376818925142,0.6699490547180176,2.097905158996582,0.6903625130653381,0.0012569931568577886,0.46628817915916443,2.09737229347229,0.7774065732955933,0.001814111485145986,0.678350567817688,2.1623826026916504,0.7206535339355469,0.000749740342143923,0.4660666584968567,2.163388252258301,0.8153184652328491,0.0030430250335484743,0.6260899901390076,2.2510361671447754,0.19798848032951355,0.0010107491398230195,0.47841063141822815,2.2474563121795654,0.2636904716491699,0.004268715623766184,nan,nan,nan,nan,nan,nan,nan,nan,nan,nan,nan,nan,nan,nan,nan,nan,nan,nan,nan,nan,nan,nan,nan,nan,nan,nan,nan,nan,nan,nan,nan,nan,nan,nan,nan,nan,nan,nan,nan,nan,nan,nan,nan,nan,nan,nan,nan,nan,nan,nan,nan,nan,nan,nan,nan,nan,nan,nan,nan,nan,nan,nan,nan,0.41892528533935547,0.871217668056488,2.861287669020385e-07,0.4438823461532593,0.8261928558349609,-0.012996920384466648,0.47607648372650146,0.8010328412055969,-0.02314535528421402,0.5064939856529236,0.7915271520614624,-0.03133603557944298,0.5310425162315369,0.7819899320602417,-0.039315834641456604,0.5084023475646973,0.8558828234672546,-0.023977192118763924,0.5535014271736145,0.87276691198349,-0.03635421767830849,0.5800737738609314,0.886846125125885,-0.04406708851456642,0.6001591682434082,0.900536835193634,-0.04840657487511635,0.50594162940979,0.8899754881858826,-0.024835549294948578,0.5559812188148499,0.9076553583145142,-0.03430142626166344,0.5868431925773621,0.9201110005378723,-0.03994571790099144,0.6103488206863403,0.9318249821662903,-0.04391012340784073,0.49795836210250854,0.9176165461540222,-0.026462867856025696,0.5462791919708252,0.9345033168792725,-0.03649984300136566,0.5751029849052429,0.944783091545105,-0.04197486490011215,0.5962882041931152,0.9543657898902893,-0.045279014855623245,0.4860006272792816,0.939696192741394,-0.02877279743552208,0.519070029258728,0.960029661655426,-0.03816671669483185,0.5395826697349548,0.9745956063270569,-0.04168374091386795,0.5565963983535767,0.9878928661346436,-0.04312080517411232
21,21,1,0,1,1.0,0.0,1.0,0.5663473010063171,0.20776979625225067,-1.2366050481796265,0.999798059463501,0.6006969213485718,0.16922669112682343,-1.1950585842132568,0.9995502829551697,0.6160845160484314,0.17083729803562164,-1.195033073425293,0.9995734095573425,0.6294158697128296,0.1724749356508255,-1.1948834657669067,0.9995239973068237,0.5543341636657715,0.16715027391910553,-1.1809260845184326,0.9996098875999451,0.5408013463020325,0.16718962788581848,-1.1809885501861572,0.9996597766876221,0.5290448069572449,0.16756011545658112,-1.181541085243225,0.9996592998504639,0.6552436947822571,0.201629638671875,-0.843641459941864,0.9994094967842102,0.525068461894989,0.19628207385540009,-0.7642794847488403,0.9996082782745361,0.6002615690231323,0.2625266909599304,-1.096266746520996,0.9998639225959778,0.5359749794006348,0.2604243755340576,-1.0785000324249268,0.9998751282691956,0.7513501644134521,0.49544209241867065,-0.526430070400238,0.9985891580581665,0.42149701714515686,0.4532402455806732,-0.483476459980011,0.9995667934417725,0.8056995272636414,0.9075601100921631,-0.35131239891052246,0.8684826493263245,0.2123241126537323,0.7257205247879028,-0.6770216226577759,0.9740480780601501,0.8016541600227356,1.269265055656433,-0.5858323574066162,0.35394492745399475,0.4067937731742859,0.866642951965332,-1.2736420631408691,0.8197871446609497,0.8093435168266296,1.3814367055892944,-0.6720424890518188,0.22697393596172333,0.4703674912452698,0.912591278553009,-1.3951513767242432,0.65541011095047,0.7821434736251831,1.3671475648880005,-0.7474772930145264,0.2659742534160614,0.4880051612854004,0.8600529432296753,-1.39814031124115,0.6734347343444824,0.7672901153564453,1.3211883306503296,-0.6221591234207153,0.29693207144737244,0.47718730568885803,0.8427760004997253,-1.2799843549728394,0.6556897759437561,0.6765339374542236,1.1008917093276978,-0.05722219496965408,0.27642977237701416,0.46729111671447754,1.081907033920288,0.059312134981155396,0.3752650022506714,0.6701449155807495,1.6479454040527344,0.06024665758013725,0.006210308521986008,0.4541715681552887,1.6375033855438232,0.22123412787914276,0.0066308691166341305,0.6695312857627869,2.093924045562744,0.7074680328369141,0.001236246433109045,0.4642166197299957,2.093046188354492,0.7628546357154846,0.0017845131224021316,0.6782041788101196,2.15775465965271,0.7385207414627075,0.0007382400799542665,0.46315521001815796,2.158548593521118,0.8013322949409485,0.0029686237685382366,0.6258097887039185,2.2477405071258545,0.20206084847450256,0.0010033975122496486,0.47792595624923706,2.244205951690674,0.24113957583904266,0.00422041118144989,nan,nan,nan,nan,nan,nan,nan,nan,nan,nan,nan,nan,nan,nan,nan,nan,nan,nan,nan,nan,nan,nan,nan,nan,nan,nan,nan,nan,nan,nan,nan,nan,nan,nan,nan,nan,nan,nan,nan,nan,nan,nan,nan,nan,nan,nan,nan,nan,nan,nan,nan,nan,nan,nan,nan,nan,nan,nan,nan,nan,nan,nan,nan,0.4196646809577942,0.8730977773666382,2.809418617744086e-07,0.445135235786438,0.8280529379844666,-0.012775808572769165,0.47718024253845215,0.8034158945083618,-0.022454554215073586,0.5072436332702637,0.794529914855957,-0.03015712834894657,0.5324415564537048,0.7862759828567505,-0.037567202001810074,0.5099213123321533,0.8598750829696655,-0.023005111142992973,0.5548845529556274,0.8759985566139221,-0.034807272255420685,0.5811066627502441,0.8896121382713318,-0.04209572449326515,0.6008938550949097,0.9030779004096985,-0.046145085245370865,0.5069786310195923,0.893962562084198,-0.02369457110762596,0.5567662715911865,0.9102127552032471,-0.03272498771548271,0.5871583223342896,0.9222409129142761,-0.03813432529568672,0.6101869344711304,0.9339582920074463,-0.041908808052539825,0.4985535442829132,0.9212203025817871,-0.025169307366013527,0.5466851592063904,0.9369499683380127,-0.03512211889028549,0.5749439597129822,0.9469149112701416,-0.04051298275589943,0.5956925749778748,0.956255316734314,-0.04365891218185425,0.4861859977245331,0.942776620388031,-0.027282288298010826,0.5192753672599792,0.9627830386161804,-0.03668931499123573,0.5394054055213928,0.9772571921348572,-0.04015885666012764,0.5560281276702881,0.9903638958930969,-0.0414729043841362
22,22,1,0,1,1.0,0.0,1.0,0.5672329664230347,0.20718726515769958,-1.2324347496032715,0.9998156428337097,0.6016649603843689,0.1684965044260025,-1.192639708518982,0.999589741230011,0.616915762424469,0.17002084851264954,-1.1926939487457275,0.9996082186698914,0.6301772594451904,0.17161451280117035,-1.1925629377365112,0.9995623826980591,0.5546509623527527,0.1668645441532135,-1.179402470588684,0.9996457695960999,0.5408992171287537,0.16701610386371613,-1.1794148683547974,0.9996907711029053,0.5290628671646118,0.1674976497888565,-1.1799803972244263,0.9996911883354187,0.6559264063835144,0.20073793828487396,-0.8171972036361694,0.9994580745697021,0.5249038338661194,0.19600877165794373,-0.7456024289131165,0.9996457099914551,0.6017104983329773,0.2619163990020752,-1.0924572944641113,0.999876081943512,0.5369347929954529,0.259735643863678,-1.0754740238189697,0.9998871684074402,0.7512674927711487,0.49517253041267395,-0.5113562941551208,0.9986246824264526,0.42192357778549194,0.4533158540725708,-0.4661218225955963,0.9996044039726257,0.8061552047729492,0.9070507287979126,-0.34339576959609985,0.8690154552459717,0.21255609393119812,0.7265795469284058,-0.6568008065223694,0.9759879112243652,0.8013163805007935,1.2674458026885986,-0.5816345810890198,0.35664698481559753,0.40736478567123413,0.8680874109268188,-1.26778244972229,0.8252517580986023,0.8090802431106567,1.3796546459197998,-0.6710383296012878,0.22960907220840454,0.4702827036380768,0.9135318994522095,-1.3893885612487793,0.6617722511291504,0.7820101380348206,1.365741491317749,-0.7460201978683472,0.2688150107860565,0.4882300794124603,0.8615850806236267,-1.3932045698165894,0.6797015070915222,0.7670959830284119,1.319886326789856,-0.6181902885437012,0.2995058596134186,0.4775477349758148,0.8443785905838013,-1.273469090461731,0.6615564823150635,0.675408124923706,1.0955277681350708,-0.05758282542228699,0.2722589671611786,0.46710005402565,1.0769898891448975,0.05967136472463608,0.3705390393733978,0.6698876619338989,1.6489441394805908,0.05888770893216133,0.006048157811164856,0.4523804783821106,1.6367958784103394,0.23089027404785156,0.006496785674244165,0.6684096455574036,2.0960659980773926,0.7066604495048523,0.0012018182314932346,0.46002668142318726,2.093400478363037,0.7748004198074341,0.0017349611734971404,0.6760433912277222,2.160027503967285,0.737949788570404,0.0007179742096923292,0.4585517346858978,2.158963441848755,0.8143428564071655,0.0028836028650403023,0.6249780058860779,2.249987840652466,0.20597651600837708,0.0009814496152102947,0.47350209951400757,2.2456541061401367,0.25830066204071045,0.004137804731726646,nan,nan,nan,nan,nan,nan,nan,nan,nan,nan,nan,nan,nan,nan,nan,nan,nan,nan,nan,nan,nan,nan,nan,nan,nan,nan,nan,nan,nan,nan,nan,nan,nan,nan,nan,nan,nan,nan,nan,nan,nan,nan,nan,nan,nan,nan,nan,nan,nan,nan,nan,nan,nan,nan,nan,nan,nan,nan,nan,nan,nan,nan,nan,0.4185009300708771,0.874742865562439,2.72913950993825e-07,0.44461753964424133,0.8298938870429993,-0.012660150416195393,0.47750601172447205,0.8056647777557373,-0.022335657849907875,0.5083073973655701,0.7972685694694519,-0.03004302643239498,0.5334677696228027,0.7881747484207153,-0.03751526400446892,0.5095273852348328,0.860493004322052,-0.02297334186732769,0.5549231171607971,0.8763263821601868,-0.034641869366168976,0.5811463594436646,0.8891133069992065,-0.0419001579284668,0.6010447144508362,0.9018511176109314,-0.045952387154102325,0.5068390965461731,0.8946093320846558,-0.02370588295161724,0.5575144290924072,0.9095805883407593,-0.03275921940803528,0.5884401798248291,0.9210235476493835,-0.03848075866699219,0.6118452548980713,0.9321762323379517,-0.042486514896154404,0.49857136607170105,0.9219603538513184,-0.025172796100378036,0.5469309091567993,0.9378948211669922,-0.03522187098860741,0.5757372975349426,0.948297381401062,-0.04140884801745415,0.5968581438064575,0.9574037194252014,-0.04513280466198921,0.48656219244003296,0.9436835646629333,-0.027191704139113426,0.5199007987976074,0.9643149375915527,-0.03650147095322609,0.5401709079742432,0.9790408611297607,-0.0403374508023262,0.5568504333496094,0.9920744895935059,-0.042006127536296844
23,23,1,0,1,1.0,0.0,1.0,0.5677937269210815,0.20715783536434174,-1.2135415077209473,0.99983149766922,0.6023176908493042,0.16824616491794586,-1.1713887453079224,0.9996254444122314,0.6175271272659302,0.16968707740306854,-1.1714603900909424,0.9996398687362671,0.6307501196861267,0.17121253907680511,-1.1713860034942627,0.9995971918106079,0.5547171235084534,0.16683213412761688,-1.1578152179718018,0.9996781349182129,0.5408076047897339,0.16699494421482086,-1.1577646732330322,0.9997187852859497,0.5289733409881592,0.1675235778093338,-1.1583112478256226,0.9997199177742004,0.6566859483718872,0.20025534927845,-0.793821394443512,0.999502420425415,0.524750828742981,0.1959722936153412,-0.7232984304428101,0.9996795654296875,0.6026382446289062,0.26188358664512634,-1.0706104040145874,0.9998871088027954,0.5376733541488647,0.25970831513404846,-1.0525165796279907,0.9998980164527893,0.7517150640487671,0.494962215423584,-0.5022580027580261,0.9986627697944641,0.4219857156276703,0.45338499546051025,-0.4438820481300354,0.9996387362480164,0.8063132166862488,0.9069768190383911,-0.33953219652175903,0.8705336451530457,0.21283046901226044,0.7280025482177734,-0.6278418302536011,0.9777938723564148,0.8010619282722473,1.2664412260055542,-0.5785110592842102,0.35967233777046204,0.4078361988067627,0.8697785139083862,-1.243976354598999,0.8316406607627869,0.8089473843574524,1.3778034448623657,-0.6688576936721802,0.2323383092880249,0.4703143239021301,0.9145975708961487,-1.3703649044036865,0.670159101486206,0.7819063663482666,1.3615797758102417,-0.7396605014801025,0.27164241671562195,0.48832979798316956,0.8629692196846008,-1.3781988620758057,0.687792956829071,0.7669478058815002,1.3163756132125854,-0.613713264465332,0.30234527587890625,0.4776748716831207,0.8458836078643799,-1.252888798713684,0.6697656512260437,0.6747973561286926,1.0936107635498047,-0.061629194766283035,0.2667198181152344,0.4669283330440521,1.076387882232666,0.06383536756038666,0.3636249601840973,0.6697543859481812,1.651330828666687,0.04520189017057419,0.005872469861060381,0.45092469453811646,1.6378239393234253,0.23132555186748505,0.006311644800007343,0.6666759252548218,2.100978374481201,0.689679741859436,0.001172222662717104,0.45681628584861755,2.094853639602661,0.7792260646820068,0.001677636755630374,0.674003005027771,2.165433168411255,0.7207046747207642,0.0006992682465352118,0.4549940228462219,2.1603875160217285,0.8192712664604187,0.0028039435856044292,0.6226867437362671,2.25455641746521,0.19449679553508759,0.0009517732542008162,0.4681675434112549,2.247525930404663,0.27585500478744507,0.004009560216218233,nan,nan,nan,nan,nan,nan,nan,nan,nan,nan,nan,nan,nan,nan,nan,nan,nan,nan,nan,nan,nan,nan,nan,nan,nan,nan,nan,nan,nan,nan,nan,nan,nan,nan,nan,nan,nan,nan,nan,nan,nan,nan,nan,nan,nan,nan,nan,nan,nan,nan,nan,nan,nan,nan,nan,nan,nan,nan,nan,nan,nan,nan,nan,0.4194946587085724,0.8765776753425598,2.803399468120915e-07,0.445396363735199,0.831000804901123,-0.014002744108438492,0.47754138708114624,0.8060156106948853,-0.02400648407638073,0.5082067251205444,0.797309398651123,-0.031800005584955215,0.5337613224983215,0.7886192202568054,-0.03917606547474861,0.5100075602531433,0.8624910116195679,-0.02305513806641102,0.5557613968849182,0.8771766424179077,-0.03459644690155983,0.5821141004562378,0.8894549012184143,-0.041803475469350815,0.6019947528839111,0.9017354249954224,-0.04576525092124939,0.507594645023346,0.896226167678833,-0.02286556363105774,0.5581961870193481,0.9104452133178711,-0.031754761934280396,0.5890960097312927,0.9213188886642456,-0.037389125674963,0.6121662855148315,0.932215690612793,-0.04131847247481346,0.4998915493488312,0.9224847555160522,-0.02359982579946518,0.547818660736084,0.9375518560409546,-0.03340441361069679,0.5767614841461182,0.9475056529045105,-0.039577238261699677,0.5979101657867432,0.9566425681114197,-0.04331265762448311,0.4885486960411072,0.9429160952568054,-0.025052420794963837,0.5210257768630981,0.963322103023529,-0.034168656915426254,0.5414026379585266,0.9776738882064819,-0.03815162554383278,0.5582501888275146,0.9904873371124268,-0.039937835186719894
24,24,1,0,1,1.0,0.0,1.0,0.5690368413925171,0.20713040232658386,-1.2298378944396973,0.999846339225769,0.6034160852432251,0.16812855005264282,-1.184197187423706,0.9996587038040161,0.6184988021850586,0.16955694556236267,-1.1842725276947021,0.9996697902679443,0.6315020322799683,0.17109984159469604,-1.1841384172439575,0.9996302127838135,0.5551131963729858,0.16680486500263214,-1.170365333557129,0.9997078776359558,0.5410354733467102,0.166978657245636,-1.1703083515167236,0.9997445940971375,0.529085099697113,0.16755983233451843,-1.1708672046661377,0.9997462034225464,0.6576423645019531,0.20022572576999664,-0.7952467203140259,0.9995441436767578,0.5247274041175842,0.19595319032669067,-0.7247017621994019,0.9997103214263916,0.6041672825813293,0.26181691884994507,-1.0819429159164429,0.9998972415924072,0.538866400718689,0.2596637010574341,-1.0638141632080078,0.9999077916145325,0.7523002624511719,0.49478068947792053,-0.5042492151260376,0.9987136721611023,0.4220157265663147,0.45363813638687134,-0.4391447901725769,0.9996703863143921,0.8067430257797241,0.9084419012069702,-0.33582818508148193,0.8726773262023926,0.2128635197877884,0.7285124063491821,-0.6190096735954285,0.9795440435409546,0.8020921945571899,1.2663509845733643,-0.577583372592926,0.3665624260902405,0.40848207473754883,0.8710051774978638,-1.2450356483459473,0.838970422744751,0.8094378709793091,1.378406286239624,-0.6704419851303101,0.23762254416942596,0.47063153982162476,0.9152469038963318,-1.3748453855514526,0.6809319257736206,0.7825726270675659,1.3624523878097534,-0.7414718270301819,0.2774204909801483,0.48870810866355896,0.8637087941169739,-1.388519525527954,0.6983733177185059,0.7676068544387817,1.3171799182891846,-0.6130233407020569,0.30829674005508423,0.47809019684791565,0.8466979265213013,-1.2563765048980713,0.6804449558258057,0.6743142604827881,1.0928856134414673,-0.07528211176395416,0.261511892080307,0.46728211641311646,1.0753047466278076,0.07764405757188797,0.3582233786582947,0.673440158367157,1.6520462036132812,0.03071598708629608,0.005650312639772892,0.45596250891685486,1.641589641571045,0.25943702459335327,0.006132552865892649,0.6689213514328003,2.1023037433624268,0.6899927258491516,0.0011365129612386227,0.4621659219264984,2.1001923084259033,0.8281644582748413,0.0016410542884841561,0.6764532923698425,2.1671838760375977,0.7211877107620239,0.0006783828139305115,0.4609679579734802,2.1673479080200195,0.8706199526786804,0.0028001233004033566,0.6245251893997192,2.254807472229004,0.19264796376228333,0.0009297399083152413,0.4700738787651062,2.249906063079834,0.3043554425239563,0.003999638836830854,nan,nan,nan,nan,nan,nan,nan,nan,nan,nan,nan,nan,nan,nan,nan,nan,nan,nan,nan,nan,nan,nan,nan,nan,nan,nan,nan,nan,nan,nan,nan,nan,nan,nan,nan,nan,nan,nan,nan,nan,nan,nan,nan,nan,nan,nan,nan,nan,nan,nan,nan,nan,nan,nan,nan,nan,nan,nan,nan,nan,nan,nan,nan,0.41998884081840515,0.8749515414237976,2.7733102569982293e-07,0.44593799114227295,0.8301699161529541,-0.0130404531955719,0.4784558415412903,0.806199312210083,-0.022907160222530365,0.5091038942337036,0.797836422920227,-0.030674785375595093,0.5337333083152771,0.7881935238838196,-0.03820134326815605,0.509626030921936,0.8619855046272278,-0.02396557666361332,0.5551310777664185,0.8774354457855225,-0.03580383583903313,0.581633985042572,0.889972984790802,-0.04297398403286934,0.6017836928367615,0.9025245904922485,-0.04692959412932396,0.507188618183136,0.8954432010650635,-0.02440151944756508,0.5580047369003296,0.9107947945594788,-0.033711038529872894,0.5889848470687866,0.9221460819244385,-0.03922470286488533,0.6123942732810974,0.9331730604171753,-0.043053917586803436,0.4995085895061493,0.9219428300857544,-0.02555275522172451,0.5478620529174805,0.9384782910346985,-0.035725828260183334,0.5769268274307251,0.9487540125846863,-0.04177573323249817,0.5982762575149536,0.9578882455825806,-0.04539753869175911,0.48811978101730347,0.9429289102554321,-0.027300748974084854,0.5211793780326843,0.9642336368560791,-0.03677380457520485,0.5416157841682434,0.9790697693824768,-0.040759310126304626,0.5585761070251465,0.9921272993087769,-0.04253021255135536
25,25,1,0,1,1.0,0.0,1.0,0.5694622993469238,0.20766884088516235,-1.224236249923706,0.999859094619751,0.6038826704025269,0.1682756096124649,-1.177252173423767,0.9996874332427979,0.6189960837364197,0.16969814896583557,-1.1773247718811035,0.9996949434280396,0.6318854689598083,0.17126621305942535,-1.177207112312317,0.9996580481529236,0.5552629232406616,0.16704855859279633,-1.1635448932647705,0.9997340440750122,0.5411282777786255,0.16727527976036072,-1.1634430885314941,0.9997671842575073,0.5291398763656616,0.16792726516723633,-1.1640040874481201,0.9997694492340088,0.65828937292099,0.20049235224723816,-0.7874394059181213,0.9995790123939514,0.5248445868492126,0.19601766765117645,-0.7178266644477844,0.9997376799583435,0.6046640872955322,0.262326180934906,-1.0740171670913696,0.9999061226844788,0.5392705202102661,0.2599593698978424,-1.0558032989501953,0.9999165534973145,0.7528254985809326,0.49479684233665466,-0.4973159432411194,0.9987534880638123,0.42205771803855896,0.45373427867889404,-0.43382009863853455,0.9996991157531738,0.8069868087768555,0.9103394150733948,-0.31764519214630127,0.8736575841903687,0.2128858119249344,0.7288796901702881,-0.613055408000946,0.9811212420463562,0.8049427270889282,1.2683295011520386,-0.5553110837936401,0.3669825494289398,0.4086209237575531,0.8720395565032959,-1.2377516031265259,0.844600260257721,0.8129526972770691,1.3808386325836182,-0.648201584815979,0.23822493851184845,0.4704589247703552,0.9157008528709412,-1.3680384159088135,0.6883883476257324,0.7862591743469238,1.365614652633667,-0.7202660441398621,0.2781657874584198,0.48859938979148865,0.8641104102134705,-1.3841420412063599,0.7057093977928162,0.7707735896110535,1.3202556371688843,-0.5914484262466431,0.30928635597229004,0.4779690206050873,0.8470668792724609,-1.2500735521316528,0.6879565715789795,0.6739339232444763,1.0943551063537598,-0.07616311311721802,0.2575046122074127,0.4676819443702698,1.0744785070419312,0.07849807292222977,0.3540892004966736,0.6743314266204834,1.6537954807281494,0.03165220469236374,0.005444361828267574,0.4564371705055237,1.643907070159912,0.2651045620441437,0.005954779218882322,0.6689187288284302,2.105008363723755,0.6901103258132935,0.0011059623211622238,0.4623046815395355,2.102811336517334,0.8331478238105774,0.0015952709363773465,0.6764469742774963,2.1695809364318848,0.7214635610580444,0.0006615300662815571,0.4610235095024109,2.169327735900879,0.8760225176811218,0.0027659733314067125,0.6243876218795776,2.2584712505340576,0.19661030173301697,0.00090194889344275,0.47005391120910645,2.2537710666656494,0.3101505637168884,0.003905755467712879,nan,nan,nan,nan,nan,nan,nan,nan,nan,nan,nan,nan,nan,nan,nan,nan,nan,nan,nan,nan,nan,nan,nan,nan,nan,nan,nan,nan,nan,nan,nan,nan,nan,nan,nan,nan,nan,nan,nan,nan,nan,nan,nan,nan,nan,nan,nan,nan,nan,nan,nan,nan,nan,nan,nan,nan,nan,nan,nan,nan,nan,nan,nan,0.42116686701774597,0.8752325773239136,2.821491307258839e-07,0.44638651609420776,0.830507218837738,-0.013173501007258892,0.47860482335090637,0.8067737817764282,-0.02328323945403099,0.5090943574905396,0.7985928058624268,-0.031232208013534546,0.5332863926887512,0.7887548208236694,-0.039009787142276764,0.5104069113731384,0.8630672097206116,-0.024860486388206482,0.555937647819519,0.8790523409843445,-0.03687311336398125,0.5823173522949219,0.8919862508773804,-0.04416149482131004,0.602331280708313,0.9049238562583923,-0.04814685881137848,0.5076406598091125,0.8966084718704224,-0.025239886716008186,0.5587104558944702,0.9127126932144165,-0.03462990000844002,0.5898410677909851,0.924696147441864,-0.04015969857573509,0.6132088899612427,0.9362419247627258,-0.043978262692689896,0.49964624643325806,0.9232259392738342,-0.026270849630236626,0.5480540990829468,0.9403478503227234,-0.03640208765864372,0.5771770477294922,0.9511709213256836,-0.042445164173841476,0.5985567569732666,0.9607077240943909,-0.046070218086242676,0.48793742060661316,0.9441977739334106,-0.027880612760782242,0.5213155150413513,0.9656985402107239,-0.03718457370996475,0.5416125059127808,0.9807682037353516,-0.040983591228723526,0.5584074854850769,0.9939212203025818,-0.04263005405664444
26,26,1,0,1,1.0,0.0,1.0,0.5696122050285339,0.20774592459201813,-1.2623487710952759,0.9998706579208374,0.604061484336853,0.16828353703022003,-1.2186963558197021,0.9997133016586304,0.6192214488983154,0.1697090119123459,-1.2186691761016846,0.9997177124023438,0.6321026086807251,0.17128467559814453,-1.2185413837432861,0.9996832013130188,0.5554176568984985,0.1670364886522293,-1.2048108577728271,0.9997576475143433,0.5413302779197693,0.1672692894935608,-1.2047628164291382,0.9997875690460205,0.5293337106704712,0.16792967915534973,-1.2053189277648926,0.9997904300689697,0.6588784456253052,0.20052282512187958,-0.8317611813545227,0.9996106028556824,0.5251764059066772,0.1959732323884964,-0.7647698521614075,0.9997623562812805,0.6047372817993164,0.26235154271125793,-1.1138912439346313,0.9999141693115234,0.539452314376831,0.25993385910987854,-1.095973253250122,0.9999244809150696,0.753113329410553,0.4947093427181244,-0.5219281911849976,0.9987930059432983,0.42207926511764526,0.45369720458984375,-0.47000041604042053,0.9997256398200989,0.8072978258132935,0.911248505115509,-0.31866610050201416,0.8756877779960632,0.21290814876556396,0.729303240776062,-0.6283746361732483,0.9825993776321411,0.8074142336845398,1.2702387571334839,-0.5579344034194946,0.36622998118400574,0.4085537791252136,0.8727125525474548,-1.241036057472229,0.8494294881820679,0.8158823251724243,1.3831411600112915,-0.6494964957237244,0.23687463998794556,0.469920814037323,0.9166103601455688,-1.3714923858642578,0.6936677694320679,0.7894967794418335,1.3689764738082886,-0.7246147990226746,0.2766180634498596,0.48842373490333557,0.8651838898658752,-1.3877865076065063,0.7107822299003601,0.7737492322921753,1.3232582807540894,-0.5952576398849487,0.30785396695137024,0.4779224991798401,0.8480072021484375,-1.253841519355774,0.6928620338439941,0.6733956336975098,1.0952574014663696,-0.07531427592039108,0.2593616545200348,0.46774357557296753,1.073388695716858,0.07766225188970566,0.35782480239868164,0.6741589307785034,1.6539424657821655,0.04048233479261398,0.00531381880864501,0.45636725425720215,1.6437674760818481,0.2647009491920471,0.0058791665360331535,0.6688235998153687,2.1044890880584717,0.7137122750282288,0.0010976697085425258,0.4614678919315338,2.1029300689697266,0.8315787315368652,0.0015856941463425756,0.6764042973518372,2.168745517730713,0.7468754649162292,0.0006634347373619676,0.45998328924179077,2.169053554534912,0.8741620182991028,0.002779404167085886,0.6243201494216919,2.2587575912475586,0.21421261131763458,0.0008976798271760345,0.46942704916000366,2.255115270614624,0.3081092834472656,0.0038943386171013117,nan,nan,nan,nan,nan,nan,nan,nan,nan,nan,nan,nan,nan,nan,nan,nan,nan,nan,nan,nan,nan,nan,nan,nan,nan,nan,nan,nan,nan,nan,nan,nan,nan,nan,nan,nan,nan,nan,nan,nan,nan,nan,nan,nan,nan,nan,nan,nan,nan,nan,nan,nan,nan,nan,nan,nan,nan,nan,nan,nan,nan,nan,nan,0.41974425315856934,0.8776044249534607,2.7640146527119214e-07,0.4452609121799469,0.8325628042221069,-0.012764694169163704,0.4785027503967285,0.8081472516059875,-0.022596200928092003,0.5092898011207581,0.8005805015563965,-0.030331367626786232,0.5334908366203308,0.791817843914032,-0.03791727498173714,0.5085650086402893,0.8630813360214233,-0.02528015896677971,0.5542708039283752,0.8800299167633057,-0.03751034289598465,0.5812200307846069,0.8937932848930359,-0.044845569878816605,0.6016424894332886,0.9073885083198547,-0.0488799512386322,0.50599604845047,0.8972174525260925,-0.026050787419080734,0.5573369860649109,0.9141136407852173,-0.03568265959620476,0.5890616178512573,0.9268104434013367,-0.04129217192530632,0.6131159067153931,0.9388828873634338,-0.04518764093518257,0.49816304445266724,0.9247749447822571,-0.02739429473876953,0.5470616221427917,0.9419389963150024,-0.037840355187654495,0.5766446590423584,0.9528542757034302,-0.044110845774412155,0.5983936190605164,0.9623748660087585,-0.04788678511977196,0.48661088943481445,0.94684898853302,-0.029262462630867958,0.5204464793205261,0.968472957611084,-0.038999173790216446,0.5406377911567688,0.983798623085022,-0.04302500560879707,0.5572008490562439,0.9971916079521179,-0.04482264444231987
27,27,1,0,1,1.0,0.0,1.0,0.5703500509262085,0.20825496315956116,-1.2364283800125122,0.9998811483383179,0.604536235332489,0.16852904856204987,-1.1898329257965088,0.999737024307251,0.6197198629379272,0.16997241973876953,-1.1898362636566162,0.9997385740280151,0.6325057744979858,0.17157959938049316,-1.1897380352020264,0.9997064471244812,0.5558685064315796,0.16717471182346344,-1.1770840883255005,0.9997791051864624,0.5417485237121582,0.16742351651191711,-1.176956057548523,0.9998060464859009,0.5296138525009155,0.1681157499551773,-1.1775206327438354,0.9998094439506531,0.6596082448959351,0.2008851021528244,-0.7954509258270264,0.999639630317688,0.5252852439880371,0.19598685204982758,-0.7316650152206421,0.9997847080230713,0.6052274703979492,0.26278042793273926,-1.0846309661865234,0.9999215602874756,0.5399258136749268,0.26014915108680725,-1.067744255065918,0.9999316334724426,0.7534195780754089,0.4947119355201721,-0.49076542258262634,0.9988351464271545,0.42222362756729126,0.45360511541366577,-0.4463791251182556,0.9997494220733643,0.8081427812576294,0.9118764996528625,-0.3008682429790497,0.8764375448226929,0.21296806633472443,0.7294520139694214,-0.614492654800415,0.9839032292366028,0.8092929124832153,1.2696303129196167,-0.5489951372146606,0.36582082509994507,0.40852513909339905,0.8736254572868347,-1.2366642951965332,0.8537033200263977,0.8176507949829102,1.382494568824768,-0.6422451734542847,0.23645354807376862,0.46952301263809204,0.9185246825218201,-1.3688898086547852,0.6989327073097229,0.7911764979362488,1.3686174154281616,-0.7171785831451416,0.2762974500656128,0.4882637560367584,0.8665469288825989,-1.3876087665557861,0.7161306142807007,0.775417149066925,1.3228355646133423,-0.5866071581840515,0.30749866366386414,0.4778596758842468,0.8492344617843628,-1.2503087520599365,0.6982069611549377,0.6812688708305359,1.1332277059555054,-0.07493527233600616,0.25552597641944885,0.4681541323661804,1.0719866752624512,0.07726017385721207,0.3535076081752777,0.674121081829071,1.6561681032180786,0.039042405784130096,0.005125223193317652,0.4559222161769867,1.6456509828567505,0.264606773853302,0.005713938269764185,0.6687017679214478,2.1077325344085693,0.7104995846748352,0.0010656574741005898,0.46038728952407837,2.105379819869995,0.8307005167007446,0.001537870499305427,0.6762856841087341,2.172027587890625,0.7433925867080688,0.000646475120447576,0.45858150720596313,2.1713743209838867,0.8730756044387817,0.0027291723527014256,0.6242883801460266,2.2626943588256836,0.20742471516132355,0.0008699488244019449,0.468905508518219,2.258338689804077,0.3050219714641571,0.0037969232071191072,nan,nan,nan,nan,nan,nan,nan,nan,nan,nan,nan,nan,nan,nan,nan,nan,nan,nan,nan,nan,nan,nan,nan,nan,nan,nan,nan,nan,nan,nan,nan,nan,nan,nan,nan,nan,nan,nan,nan,nan,nan,nan,nan,nan,nan,nan,nan,nan,nan,nan,nan,nan,nan,nan,nan,nan,nan,nan,nan,nan,nan,nan,nan,0.4205031096935272,0.8771929144859314,2.820075337695016e-07,0.4459529519081116,0.8335392475128174,-0.013653752394020557,0.4781479239463806,0.8099669814109802,-0.02366725169122219,0.508228063583374,0.8023820519447327,-0.03143462911248207,0.533378005027771,0.7944624423980713,-0.038832712918519974,0.5103288292884827,0.8668079972267151,-0.024134153500199318,0.5551766753196716,0.8829272985458374,-0.035847991704940796,0.5811512470245361,0.8958123326301575,-0.04309726506471634,0.600701093673706,0.9086230397224426,-0.047106023877859116,0.5073937177658081,0.9001940488815308,-0.02419493906199932,0.5577110052108765,0.916178286075592,-0.033245038241147995,0.5882255434989929,0.9279784560203552,-0.03863805904984474,0.6111375093460083,0.9391924142837524,-0.04238838329911232,0.49931854009628296,0.9265537261962891,-0.02505815401673317,0.5474405288696289,0.9434446096420288,-0.03505969047546387,0.5760722160339355,0.9539281129837036,-0.04091328755021095,0.5971477627754211,0.9628815650939941,-0.04441399127244949,0.48737767338752747,0.9474489092826843,-0.026578225195407867,0.5200551152229309,0.9699215888977051,-0.03598398342728615,0.5400433540344238,0.9853519201278687,-0.03983175382018089,0.5566616654396057,0.9984049201011658,-0.041485220193862915
28,28,1,0,1,1.0,0.0,1.0,0.5714569091796875,0.2084258496761322,-1.222953200340271,0.9998908638954163,0.6053940653800964,0.16852620244026184,-1.1765538454055786,0.9997590184211731,0.6204982995986938,0.1699860692024231,-1.1765284538269043,0.9997581839561462,0.6331652998924255,0.1716156303882599,-1.1764262914657593,0.9997285008430481,0.5565194487571716,0.16715103387832642,-1.1642563343048096,0.9997987747192383,0.5422594547271729,0.1674039661884308,-1.1641030311584473,0.9998229742050171,0.5299011468887329,0.1681109219789505,-1.1646417379379272,0.9998267889022827,0.6603848338127136,0.2009551078081131,-0.786186158657074,0.9996668696403503,0.5252186059951782,0.19597496092319489,-0.724409282207489,0.9998049139976501,0.6059436798095703,0.2629411816596985,-1.0723989009857178,0.9999282956123352,0.5403414964675903,0.26023218035697937,-1.056292176246643,0.9999381303787231,0.7535797953605652,0.49468639492988586,-0.4881061017513275,0.9988769292831421,0.42228633165359497,0.45344337821006775,-0.4444655478000641,0.9997708201408386,0.8086849451065063,0.9133449792861938,-0.3010961413383484,0.8756493926048279,0.21295709908008575,0.7296867966651917,-0.6160245537757874,0.9850109815597534,0.8108720779418945,1.2694302797317505,-0.5401716828346252,0.363126277923584,0.40851759910583496,0.8747603297233582,-1.2413904666900635,0.8559803366661072,0.819853663444519,1.3823063373565674,-0.6313480138778687,0.23469817638397217,0.4694053530693054,0.9194090962409973,-1.3742049932479858,0.7008707523345947,0.7929896712303162,1.368483304977417,-0.7062270045280457,0.27467525005340576,0.48815688490867615,0.867260754108429,-1.3896868228912354,0.7184241414070129,0.7769877910614014,1.322803258895874,-0.5775721669197083,0.3056352436542511,0.47781234979629517,0.8500654697418213,-1.2546231746673584,0.7000256180763245,0.6840367317199707,1.1444324254989624,-0.07470802962779999,0.25311294198036194,0.4683148264884949,1.0702258348464966,0.0770847275853157,0.350588858127594,0.6739927530288696,1.6568690538406372,0.04047318920493126,0.004986229818314314,0.45509934425354004,1.6465047597885132,0.26474273204803467,0.005564198363572359,0.668577253818512,2.1086833477020264,0.7104399800300598,0.0010362276807427406,0.4589764475822449,2.1064865589141846,0.8299134373664856,0.001488303649239242,0.6761230230331421,2.1730074882507324,0.74346923828125,0.0006322626140899956,0.45696988701820374,2.1724350452423096,0.87223881483078,0.002657292876392603,0.6238775849342346,2.2644941806793213,0.2105381041765213,0.0008490424952469766,0.46774405241012573,2.2602744102478027,0.30550920963287354,0.003699884284287691,nan,nan,nan,nan,nan,nan,nan,nan,nan,nan,nan,nan,nan,nan,nan,nan,nan,nan,nan,nan,nan,nan,nan,nan,nan,nan,nan,nan,nan,nan,nan,nan,nan,nan,nan,nan,nan,nan,nan,nan,nan,nan,nan,nan,nan,nan,nan,nan,nan,nan,nan,nan,nan,nan,nan,nan,nan,nan,nan,nan,nan,nan,nan,0.4200863838195801,0.8796006441116333,2.589326868474018e-07,0.44584259390830994,0.834808886051178,-0.01260926853865385,0.47900307178497314,0.8110663890838623,-0.02172689139842987,0.5095646977424622,0.8037208318710327,-0.028795499354600906,0.5343478918075562,0.7952607274055481,-0.03554358333349228,0.5119107365608215,0.8680863976478577,-0.02175520732998848,0.5559657216072083,0.8837407231330872,-0.03250979632139206,0.5810496807098389,0.89619380235672,-0.03930680826306343,0.6000590324401855,0.9086178541183472,-0.043114833533763885,0.5084015130996704,0.9018628597259521,-0.02206501178443432,0.5579939484596252,0.9165310859680176,-0.030292538926005363,0.5881174802780151,0.9276332259178162,-0.03554711490869522,0.6111621856689453,0.9385234713554382,-0.03927002474665642,0.4994783401489258,0.9284011125564575,-0.023160947486758232,0.5463523268699646,0.9439159631729126,-0.03246356546878815,0.5746228098869324,0.9537917375564575,-0.038393933326005936,0.5957057476043701,0.9621105194091797,-0.042017288506031036,0.48713305592536926,0.9494275450706482,-0.024847369641065598,0.5194845199584961,0.9703530669212341,-0.03337474912405014,0.5393425822257996,0.9848520159721375,-0.03691937401890755,0.5559638738632202,0.9974215626716614,-0.03848077729344368
29,29,1,0,1,1.0,0.0,1.0,0.5721515417098999,0.20840875804424286,-1.230863332748413,0.9998995661735535,0.6057160496711731,0.1684965342283249,-1.1846001148223877,0.9997785091400146,0.6208078265190125,0.16997916996479034,-1.1845765113830566,0.9997755289077759,0.633442759513855,0.1716102957725525,-1.1844555139541626,0.9997477531433105,0.5568682551383972,0.16697071492671967,-1.1725547313690186,0.9998162984848022,0.5425788760185242,0.16724571585655212,-1.1724305152893066,0.99983811378479,0.5300869345664978,0.16801504790782928,-1.1729753017425537,0.9998422861099243,0.6606762409210205,0.20094868540763855,-0.7911312580108643,0.9996908903121948,0.525160551071167,0.19595594704151154,-0.7329651713371277,0.9998230934143066,0.6065046191215515,0.26291805505752563,-1.0806653499603271,0.9999343156814575,0.5407651662826538,0.26012784242630005,-1.0651602745056152,0.9999439716339111,0.7537826299667358,0.49464190006256104,-0.4906213879585266,0.9989036917686462,0.4224326014518738,0.4534221291542053,-0.4533131718635559,0.9997897744178772,0.8090826272964478,0.9136028289794922,-0.30310899019241333,0.87505042552948,0.2129630148410797,0.7300123572349548,-0.6240332722663879,0.9860061407089233,0.8123762011528015,1.269296407699585,-0.5410698652267456,0.361543744802475,0.40857869386672974,0.8758634328842163,-1.2485730648040771,0.8591967821121216,0.8215298652648926,1.3823531866073608,-0.6314353942871094,0.2339646965265274,0.469348281621933,0.9202448725700378,-1.3828709125518799,0.7054769992828369,0.7946750521659851,1.368621587753296,-0.7074374556541443,0.2741977870464325,0.48811179399490356,0.8679534792900085,-1.3993980884552002,0.7232296466827393,0.7784913778305054,1.3229621648788452,-0.5777477622032166,0.3051431179046631,0.47771987318992615,0.8509127497673035,-1.2626254558563232,0.7046359777450562,0.686668336391449,1.146985650062561,-0.07388831675052643,0.24712291359901428,0.46829667687416077,1.0683636665344238,0.07632526010274887,0.3433152437210083,0.6744755506515503,1.6573063135147095,0.04363199695944786,0.004772994201630354,0.45487889647483826,1.6469051837921143,0.26033052802085876,0.005344878416508436,0.6686968207359314,2.109189748764038,0.7171608805656433,0.0009945259662345052,0.4589315950870514,2.1074697971343994,0.8252301216125488,0.0014287062222138047,0.6761530041694641,2.1735479831695557,0.7503377199172974,0.000610931369010359,0.4569545388221741,2.1736695766448975,0.8673099279403687,0.0025651438627392054,0.6239005327224731,2.265040397644043,0.21437308192253113,0.0008214869885705411,0.4677518904209137,2.26116681098938,0.2937926948070526,0.0035868457052856684,nan,nan,nan,nan,nan,nan,nan,nan,nan,nan,nan,nan,nan,nan,nan,nan,nan,nan,nan,nan,nan,nan,nan,nan,nan,nan,nan,nan,nan,nan,nan,nan,nan,nan,nan,nan,nan,nan,nan,nan,nan,nan,nan,nan,nan,nan,nan,nan,nan,nan,nan,nan,nan,nan,nan,nan,nan,nan,nan,nan,nan,nan,nan,0.41947340965270996,0.8792685270309448,2.5741726972228207e-07,0.44609779119491577,0.8355219960212708,-0.012743066996335983,0.4790912866592407,0.811792254447937,-0.022181961685419083,0.5094390511512756,0.8037903308868408,-0.029610101133584976,0.5342211723327637,0.794980525970459,-0.03669511154294014,0.5106102228164673,0.8686042428016663,-0.022073622792959213,0.554557204246521,0.8839307427406311,-0.03320688381791115,0.5801045894622803,0.8962321281433105,-0.04028748348355293,0.5995804667472839,0.9085052609443665,-0.044318243861198425,0.5075018405914307,0.9022953510284424,-0.022548092529177666,0.5568735599517822,0.9166934490203857,-0.030979864299297333,0.587112545967102,0.9276436567306519,-0.03626912087202072,0.6103501319885254,0.9384831786155701,-0.04005667567253113,0.4988808035850525,0.9286875128746033,-0.023829059675335884,0.5457764863967896,0.9439011812210083,-0.03325118497014046,0.5740490555763245,0.95371413230896,-0.03894728049635887,0.5951817631721497,0.9620236158370972,-0.04244689270853996,0.4866200387477875,0.9495025277137756,-0.02573874592781067,0.5189842581748962,0.9702004194259644,-0.03435976058244705,0.5389914512634277,0.9844211339950562,-0.03776058182120323,0.5557805895805359,0.9966429471969604,-0.039232101291418076
30,30,1,0,1,1.0,0.0,1.0,0.5723714232444763,0.20846553146839142,-1.198723554611206,0.9999075531959534,0.6058855652809143,0.1685219407081604,-1.152350902557373,0.999796450138092,0.621050238609314,0.17003898322582245,-1.1523362398147583,0.9997915625572205,0.6337222456932068,0.17169547080993652,-1.1522216796875,0.9997657537460327,0.5569535493850708,0.1669420301914215,-1.139748454093933,0.999832272529602,0.5426445603370667,0.16718919575214386,-1.1395912170410156,0.9998519420623779,0.530113697052002,0.16795821487903595,-1.1401232481002808,0.9998564124107361,0.6611513495445251,0.20097613334655762,-0.7642194032669067,0.9997130632400513,0.5251345038414001,0.195907324552536,-0.7028850317001343,0.9998395442962646,0.6066848039627075,0.26299020648002625,-1.0510016679763794,0.9999398589134216,0.5407543182373047,0.26012468338012695,-1.0346876382827759,0.9999492168426514,0.7538933753967285,0.49463874101638794,-0.47099775075912476,0.9989350438117981,0.42263227701187134,0.4534055292606354,-0.4321776330471039,0.9998072385787964,0.8092962503433228,0.9138668179512024,-0.28285425901412964,0.8739105463027954,0.21299538016319275,0.730373740196228,-0.6134540438652039,0.9869243502616882,0.8133658170700073,1.2692185640335083,-0.5145148634910583,0.3580379784107208,0.40855106711387634,0.8764296174049377,-1.2395598888397217,0.8616023659706116,0.8228527307510376,1.38230562210083,-0.6026056408882141,0.2316502183675766,0.46870478987693787,0.9203785061836243,-1.373490810394287,0.7083097696304321,0.7961638569831848,1.3686386346817017,-0.676930844783783,0.27183711528778076,0.4876585900783539,0.8681890368461609,-1.3893181085586548,0.7261935472488403,0.779884397983551,1.3230555057525635,-0.5514353513717651,0.3029158413410187,0.4773860573768616,0.8513110280036926,-1.2534351348876953,0.7076683044433594,0.6883028745651245,1.149838924407959,-0.07371243089437485,0.24186553061008453,0.4682891368865967,1.0679062604904175,0.07611875981092453,0.33674609661102295,0.6750479936599731,1.6586170196533203,0.04032561555504799,0.004546869546175003,0.4547003209590912,1.6485415697097778,0.26019221544265747,0.005112714599817991,0.6690760254859924,2.111264228820801,0.7071059942245483,0.0009518409497104585,0.4589124321937561,2.1095099449157715,0.8230729103088379,0.0013648386811837554,0.6765601634979248,2.1756303310394287,0.7395263910293579,0.0005864613340236247,0.45683616399765015,2.175584554672241,0.8651614189147949,0.002465303521603346,0.6241387724876404,2.2673776149749756,0.2035449743270874,0.0007880093180574477,0.4677944779396057,2.2635927200317383,0.2918790280818939,0.0034560556523501873,nan,nan,nan,nan,nan,nan,nan,nan,nan,nan,nan,nan,nan,nan,nan,nan,nan,nan,nan,nan,nan,nan,nan,nan,nan,nan,nan,nan,nan,nan,nan,nan,nan,nan,nan,nan,nan,nan,nan,nan,nan,nan,nan,nan,nan,nan,nan,nan,nan,nan,nan,nan,nan,nan,nan,nan,nan,nan,nan,nan,nan,nan,nan,0.41950640082359314,0.8793150186538696,2.6120355300918163e-07,0.4457530379295349,0.8356454968452454,-0.012303736060857773,0.4786173105239868,0.8119915723800659,-0.02181323990225792,0.5091367959976196,0.8038150668144226,-0.02933240495622158,0.5336998701095581,0.7946029305458069,-0.03662386164069176,0.510108232498169,0.868355393409729,-0.02274666167795658,0.5546689033508301,0.8848528265953064,-0.033980246633291245,0.5801905989646912,0.8974782824516296,-0.04095977917313576,0.5994640588760376,0.9099470376968384,-0.0448254719376564,0.5067399740219116,0.9023396968841553,-0.023402582854032516,0.5572229623794556,0.9175504446029663,-0.03208572417497635,0.5876594185829163,0.9288740158081055,-0.03740207105875015,0.6107476353645325,0.9396501183509827,-0.0411226823925972,0.49795734882354736,0.9290331602096558,-0.024729261174798012,0.5458880662918091,0.9456143379211426,-0.03421178087592125,0.5745351910591125,0.9560508131980896,-0.03999222815036774,0.5958495736122131,0.9645004272460938,-0.04352223128080368,0.4856409728527069,0.9497392773628235,-0.026567768305540085,0.5190879702568054,0.9710530042648315,-0.03515390306711197,0.5394871234893799,0.9852476716041565,-0.038486454635858536,0.5565513968467712,0.9969660639762878,-0.039883773773908615
31,31,1,0,1,1.0,0.0,1.0,0.5728768706321716,0.20853255689144135,-1.1781537532806396,0.9999149441719055,0.6062600612640381,0.1685481071472168,-1.1315842866897583,0.9998130202293396,0.6214486956596375,0.17009574174880981,-1.1315926313400269,0.9998067021369934,0.6341187953948975,0.17178097367286682,-1.1314663887023926,0.9997826218605042,0.5572704076766968,0.16692189872264862,-1.1186845302581787,0.9998469352722168,0.5429929494857788,0.16714820265769958,-1.1185399293899536,0.9998646378517151,0.5303105711936951,0.16790220141410828,-1.1190766096115112,0.9998692870140076,0.661590039730072,0.20099717378616333,-0.7458469271659851,0.9997338652610779,0.525091826915741,0.195835143327713,-0.6834145784378052,0.9998545050621033,0.6070510745048523,0.26305803656578064,-1.0319563150405884,0.9999449253082275,0.540962815284729,0.26011818647384644,-1.0153359174728394,0.9999539852142334,0.7539982199668884,0.4947776794433594,-0.45613226294517517,0.9989634156227112,0.4229091703891754,0.45343858003616333,-0.4179130494594574,0.9998231530189514,0.8092438578605652,0.9139374494552612,-0.2789446711540222,0.8729164004325867,0.21300442516803741,0.7305028438568115,-0.6128225326538086,0.9877557158470154,0.8135606646537781,1.269089937210083,-0.5191603899002075,0.35643142461776733,0.40812867879867554,0.8765332698822021,-1.2435280084609985,0.8644804358482361,0.822930634021759,1.3818215131759644,-0.6076875925064087,0.23091058433055878,0.4677298069000244,0.9204862713813782,-1.3792154788970947,0.7124860882759094,0.7965465784072876,1.3676097393035889,-0.6814979910850525,0.2711109519004822,0.487030565738678,0.8684001564979553,-1.393078088760376,0.7303447127342224,0.7803272604942322,1.3223668336868286,-0.5560289621353149,0.30231839418411255,0.47695961594581604,0.8515682220458984,-1.2573802471160889,0.7121696472167969,0.6817904710769653,1.1164202690124512,-0.072623111307621,0.23736439645290375,0.469196081161499,1.0652083158493042,0.07509786635637283,0.33148136734962463,0.6751119494438171,1.6587804555892944,0.037546105682849884,0.00437132129445672,0.45460253953933716,1.6485021114349365,0.2580081820487976,0.004932951647788286,0.6690748929977417,2.1118969917297363,0.6914983987808228,0.000917328055948019,0.45887118577957153,2.109466791152954,0.8156221508979797,0.0013102091616019607,0.6765274405479431,2.176421880722046,0.7224513292312622,0.000566599250305444,0.45669040083885193,2.1754109859466553,0.8571139574050903,0.002381979487836361,0.6241692900657654,2.2675867080688477,0.18561798334121704,0.0007608028827235103,0.46804308891296387,2.2636220455169678,0.2836505174636841,0.0033446697052568197,nan,nan,nan,nan,nan,nan,nan,nan,nan,nan,nan,nan,nan,nan,nan,nan,nan,nan,nan,nan,nan,nan,nan,nan,nan,nan,nan,nan,nan,nan,nan,nan,nan,nan,nan,nan,nan,nan,nan,nan,nan,nan,nan,nan,nan,nan,nan,nan,nan,nan,nan,nan,nan,nan,nan,nan,nan,nan,nan,nan,nan,nan,nan,0.4183027744293213,0.8812564611434937,2.614950176393904e-07,0.4442446529865265,0.8367151021957397,-0.012437264434993267,0.47780245542526245,0.8120821714401245,-0.0220415610820055,0.5086578130722046,0.8040730953216553,-0.029532266780734062,0.5332413911819458,0.7950297594070435,-0.03679956495761871,0.5087727904319763,0.8690321445465088,-0.02421889267861843,0.554297924041748,0.8863382339477539,-0.03569265082478523,0.5804725885391235,0.8994879722595215,-0.042559653520584106,0.6000537276268005,0.9123532772064209,-0.04624488949775696,0.5052129030227661,0.9035950303077698,-0.02482222020626068,0.556490421295166,0.9193534851074219,-0.03365839272737503,0.5874761939048767,0.9312411546707153,-0.03875270113348961,0.6106569766998291,0.9425788521766663,-0.04229234904050827,0.49667301774024963,0.9308137893676758,-0.026022978127002716,0.5455719828605652,0.9476928114891052,-0.0356074795126915,0.5746191143989563,0.95865398645401,-0.04133577644824982,0.5960067510604858,0.9676844477653503,-0.04479776695370674,0.48490193486213684,0.9520321488380432,-0.027711544185876846,0.5194447040557861,0.9728100299835205,-0.03654451668262482,0.5401215553283691,0.9870713949203491,-0.03998584300279617,0.5571292638778687,0.9990471005439758,-0.041408371180295944
32,32,1,0,1,1.0,0.0,1.0,0.5730858445167542,0.20865854620933533,-1.1803227663040161,0.9999218583106995,0.6064754724502563,0.16860362887382507,-1.1335664987564087,0.9998285174369812,0.6216851472854614,0.1702115833759308,-1.1335792541503906,0.9998211860656738,0.6343913674354553,0.17195655405521393,-1.1334359645843506,0.9997987151145935,0.5574145317077637,0.16688714921474457,-1.120770812034607,0.999860405921936,0.5431464910507202,0.16705694794654846,-1.1206307411193848,0.9998763799667358,0.5303941965103149,0.16775257885456085,-1.1211698055267334,0.9998810887336731,0.6619330644607544,0.20113860070705414,-0.7465407252311707,0.9997538924217224,0.525062084197998,0.19573329389095306,-0.6851308345794678,0.9998680949211121,0.6071795225143433,0.26338616013526917,-1.0338867902755737,0.99994957447052,0.5409765839576721,0.26016929745674133,-1.0174986124038696,0.999958336353302,0.7541908025741577,0.4950903058052063,-0.4551488757133484,0.9989890456199646,0.4229704737663269,0.4536699652671814,-0.4170870780944824,0.9998371005058289,0.8091748952865601,0.9138860702514648,-0.28286415338516235,0.8712892532348633,0.21300800144672394,0.7313316464424133,-0.6137955188751221,0.9884067177772522,0.8135061264038086,1.2657301425933838,-0.526756763458252,0.35796457529067993,0.40833696722984314,0.8781484365463257,-1.263644814491272,0.8675392270088196,0.8226996660232544,1.3767688274383545,-0.619836151599884,0.23306666314601898,0.46795034408569336,0.9215899109840393,-1.4017667770385742,0.7181820273399353,0.7963999509811401,1.3606499433517456,-0.6912084817886353,0.2738115191459656,0.4870431423187256,0.8694555759429932,-1.4145267009735107,0.73613041639328,0.7802776098251343,1.3165851831436157,-0.5640711188316345,0.30498334765434265,0.477090448141098,0.8526926636695862,-1.2778749465942383,0.7182058691978455,0.6863852739334106,1.1353466510772705,-0.07242881506681442,0.2286527007818222,0.4693605303764343,1.0645779371261597,0.07497058808803558,0.3205927014350891,0.6758604645729065,1.6596790552139282,0.03431596979498863,0.004155342932790518,0.45453065633773804,1.6493394374847412,0.2516847848892212,0.004687762353569269,0.6695355176925659,2.1131703853607178,0.6850272417068481,0.0008694928255863488,0.4589439332485199,2.1106040477752686,0.799957275390625,0.0012395123485475779,0.6768592000007629,2.1779141426086426,0.7155621647834778,0.0005384052637964487,0.45670413970947266,2.176908016204834,0.840353786945343,0.0022609641309827566,0.624975323677063,2.268310070037842,0.17847104370594025,0.000727011589333415,0.46863389015197754,2.26397442817688,0.26674121618270874,0.0032055729534476995,nan,nan,nan,nan,nan,nan,nan,nan,nan,nan,nan,nan,nan,nan,nan,nan,nan,nan,nan,nan,nan,nan,nan,nan,nan,nan,nan,nan,nan,nan,nan,nan,nan,nan,nan,nan,nan,nan,nan,nan,nan,nan,nan,nan,nan,nan,nan,nan,nan,nan,nan,nan,nan,nan,nan,nan,nan,nan,nan,nan,nan,nan,nan,0.41796645522117615,0.8826906085014343,2.5679412374302046e-07,0.4440610408782959,0.8384930491447449,-0.011761185713112354,0.47758936882019043,0.8142507076263428,-0.020845917984843254,0.5081548094749451,0.8059930205345154,-0.027967121452093124,0.5327329039573669,0.7973764538764954,-0.03482821211218834,0.5094629526138306,0.8703567981719971,-0.022544363513588905,0.554168701171875,0.8877180218696594,-0.0335364006459713,0.5801128149032593,0.9013474583625793,-0.04026952385902405,0.5994232892990112,0.9147176742553711,-0.04390155151486397,0.506126880645752,0.9047023057937622,-0.023289214819669724,0.5562438368797302,0.9212242960929871,-0.03159698098897934,0.5866141319274902,0.9335607290267944,-0.03646937385201454,0.6093063354492188,0.9451751708984375,-0.03986393287777901,0.4976717233657837,0.9321891069412231,-0.024643776938319206,0.54576176404953,0.9490029811859131,-0.03371277078986168,0.5744184255599976,0.9599021077156067,-0.03905758261680603,0.5953566431999207,0.9689069986343384,-0.042273346334695816,0.4857427477836609,0.954139769077301,-0.026479674503207207,0.5203840136528015,0.9750791788101196,-0.03473324328660965,0.540817141532898,0.9892891645431519,-0.03768860548734665,0.5573749542236328,1.0010254383087158,-0.038774751126766205
33,33,1,0,1,1.0,0.0,1.0,0.5732854008674622,0.20866268873214722,-1.115875005722046,0.9999275803565979,0.6067015528678894,0.16860821843147278,-1.0689406394958496,0.9998414516448975,0.6219286322593689,0.1702527552843094,-1.0689926147460938,0.9998327493667603,0.634678065776825,0.17205050587654114,-1.0688520669937134,0.9998116493225098,0.557582437992096,0.16675058007240295,-1.0567131042480469,0.999872088432312,0.5433357954025269,0.1668349802494049,-1.0565755367279053,0.9998864531517029,0.530511200428009,0.16745972633361816,-1.0571095943450928,0.9998914003372192,0.6622203588485718,0.2012166529893875,-0.6908966302871704,0.9997696876525879,0.5250403881072998,0.19560466706752777,-0.6312078237533569,0.9998801350593567,0.6073381900787354,0.2634507417678833,-0.9731718897819519,0.99995356798172,0.5410205125808716,0.2601241171360016,-0.9573642015457153,0.9999621510505676,0.7543829679489136,0.4955674111843109,-0.4163127839565277,0.9989963173866272,0.42297235131263733,0.4540115296840668,-0.3763381838798523,0.9998490810394287,0.8091808557510376,0.9138453006744385,-0.26180940866470337,0.8684408664703369,0.2130475789308548,0.7319501042366028,-0.5763757824897766,0.9889833927154541,0.8134714961051941,1.2568694353103638,-0.5150359869003296,0.3567334711551666,0.4083279073238373,0.8806679844856262,-1.2180602550506592,0.8692967891693115,0.8222202062606812,1.3647462129592896,-0.6066544055938721,0.23304180800914764,0.467935174703598,0.9235371351242065,-1.3519880771636963,0.721011221408844,0.796333372592926,1.345993161201477,-0.6737426519393921,0.2737983167171478,0.48699116706848145,0.8710262179374695,-1.359239101409912,0.7390866279602051,0.780161440372467,1.3033944368362427,-0.5506689548492432,0.30504703521728516,0.47704094648361206,0.8545759916305542,-1.2300801277160645,0.721478283405304,0.6886921525001526,1.145013451576233,-0.07177726924419403,0.22188621759414673,0.4693814814090729,1.0642682313919067,0.07435356080532074,0.31202107667922974,0.6759968400001526,1.6604818105697632,0.030023962259292603,0.003995546139776707,0.45417994260787964,1.6499409675598145,0.24764403700828552,0.004507366102188826,0.6695941090583801,2.1147398948669434,0.6637267470359802,0.0008283210336230695,0.4587668776512146,2.1109206676483154,0.7832323312759399,0.0011790684657171369,0.6769205927848816,2.1794698238372803,0.6935969591140747,0.0005131446523591876,0.4563642144203186,2.1770405769348145,0.8233076333999634,0.002157044131308794,0.6249784231185913,2.270099401473999,0.16766098141670227,0.000692716334015131,0.4689822196960449,2.264422655105591,0.26047420501708984,0.0030696033500134945,nan,nan,nan,nan,nan,nan,nan,nan,nan,nan,nan,nan,nan,nan,nan,nan,nan,nan,nan,nan,nan,nan,nan,nan,nan,nan,nan,nan,nan,nan,nan,nan,nan,nan,nan,nan,nan,nan,nan,nan,nan,nan,nan,nan,nan,nan,nan,nan,nan,nan,nan,nan,nan,nan,nan,nan,nan,nan,nan,nan,nan,nan,nan,0.4188869595527649,0.8833221793174744,2.564015346706583e-07,0.4450724422931671,0.8397194147109985,-0.011845910921692848,0.47825291752815247,0.8162716627120972,-0.020821215584874153,0.5084593892097473,0.8083430528640747,-0.0278712697327137,0.5330682396888733,0.8000882267951965,-0.03462008759379387,0.5106089115142822,0.8725740909576416,-0.021368153393268585,0.5546709299087524,0.8896324634552002,-0.03203996270895004,0.5799673199653625,0.9028613567352295,-0.038701608777046204,0.59859299659729,0.9158435463905334,-0.04230283573269844,0.506909191608429,0.906419038772583,-0.022015120834112167,0.5564604997634888,0.9222930669784546,-0.03010181523859501,0.586287796497345,0.9342840909957886,-0.03492879122495651,0.6085071563720703,0.9456220269203186,-0.038298528641462326,0.4980721175670624,0.9332409501075745,-0.02339283376932144,0.5459757447242737,0.9495089054107666,-0.032490264624357224,0.5741167068481445,0.9600794911384583,-0.037748679518699646,0.5946037769317627,0.9686950445175171,-0.04084188863635063,0.4858098328113556,0.9544346332550049,-0.025288021191954613,0.5201765298843384,0.9752837419509888,-0.03359490633010864,0.5404090881347656,0.9895643591880798,-0.036523208022117615,0.556766152381897,1.0012856721878052,-0.037562984973192215
34,34,1,0,1,1.0,0.0,1.0,0.5734499096870422,0.20869463682174683,-1.1209049224853516,0.9999329447746277,0.606853723526001,0.16861788928508759,-1.0741820335388184,0.9998534917831421,0.6220960021018982,0.17030589282512665,-1.0742332935333252,0.9998437762260437,0.6348510384559631,0.1721620261669159,-1.0740938186645508,0.999824047088623,0.5576925277709961,0.16666914522647858,-1.0620696544647217,0.9998827576637268,0.543448805809021,0.16670885682106018,-1.0619275569915771,0.9998956918716431,0.5305742025375366,0.16730472445487976,-1.0624628067016602,0.999900758266449,0.6623585224151611,0.201315239071846,-0.6940340995788574,0.9997848272323608,0.5249622464179993,0.19552049040794373,-0.6345816254615784,0.9998910427093506,0.6074746251106262,0.26354727149009705,-0.977198600769043,0.999957263469696,0.5410956144332886,0.2601187527179718,-0.96153324842453,0.9999656677246094,0.7544078230857849,0.4955856204032898,-0.4194757342338562,0.9990209341049194,0.4229549467563629,0.4540663957595825,-0.37501323223114014,0.9998602867126465,0.8091657757759094,0.9133782982826233,-0.26266810297966003,0.8686542510986328,0.2130504548549652,0.732650101184845,-0.5736812353134155,0.9895673990249634,0.8133684396743774,1.255358338356018,-0.5156763195991516,0.3597637116909027,0.40822547674179077,0.8824034929275513,-1.2137140035629272,0.8715388774871826,0.8220304250717163,1.363625168800354,-0.6073118448257446,0.23547260463237762,0.46785202622413635,0.9244583249092102,-1.346877098083496,0.7245727181434631,0.79628986120224,1.3447835445404053,-0.6743508577346802,0.2764758765697479,0.48668789863586426,0.872210681438446,-1.3556642532348633,0.7425994873046875,0.780065655708313,1.3021489381790161,-0.5510088801383972,0.3081257939338684,0.47686654329299927,0.855996310710907,-1.2260241508483887,0.7255322933197021,0.6903841495513916,1.1479605436325073,-0.0717242956161499,0.21592789888381958,0.4693826138973236,1.0640572309494019,0.07429429888725281,0.30424466729164124,0.6766681671142578,1.6605722904205322,0.023672819137573242,0.0038228274788707495,0.45408424735069275,1.6502041816711426,0.24826624989509583,0.0043179625645279884,0.6700725555419922,2.1152896881103516,0.6539124250411987,0.0007909766281954944,0.45881223678588867,2.1111226081848145,0.78626948595047,0.0011260665487498045,0.6774648427963257,2.1799774169921875,0.6834808588027954,0.0004905322566628456,0.4563758373260498,2.177168130874634,0.8266643285751343,0.002070936607196927,0.6253481507301331,2.270691394805908,0.1568935513496399,0.0006620454369112849,0.46981263160705566,2.2645864486694336,0.26455190777778625,0.002955961273983121,nan,nan,nan,nan,nan,nan,nan,nan,nan,nan,nan,nan,nan,nan,nan,nan,nan,nan,nan,nan,nan,nan,nan,nan,nan,nan,nan,nan,nan,nan,nan,nan,nan,nan,nan,nan,nan,nan,nan,nan,nan,nan,nan,nan,nan,nan,nan,nan,nan,nan,nan,nan,nan,nan,nan,nan,nan,nan,nan,nan,nan,nan,nan,0.4185907244682312,0.884144127368927,2.454061984735745e-07,0.44448113441467285,0.8397889137268066,-0.012269239872694016,0.4778364598751068,0.8165205121040344,-0.02109074778854847,0.5087092518806458,0.8089388608932495,-0.027882542461156845,0.5337753295898438,0.8005983233451843,-0.0342649482190609,0.5101847052574158,0.8733583092689514,-0.020668182522058487,0.554032027721405,0.8891929984092712,-0.031010925769805908,0.5791404843330383,0.9016941785812378,-0.037558428943157196,0.5977431535720825,0.9141917824745178,-0.04113141447305679,0.5069212317466736,0.9075722098350525,-0.020772883668541908,0.5561080574989319,0.9217618107795715,-0.028524987399578094,0.5858532786369324,0.9327907562255859,-0.033260419964790344,0.6082074046134949,0.9434903860092163,-0.03665970265865326,0.4985230267047882,0.9342806339263916,-0.021714553236961365,0.5455988645553589,0.9498097896575928,-0.030588418245315552,0.5733833312988281,0.9597792029380798,-0.035891756415367126,0.5936598777770996,0.9677035212516785,-0.039029546082019806,0.4869392216205597,0.955231785774231,-0.023228250443935394,0.5210350155830383,0.9765961170196533,-0.031161846593022346,0.5411977171897888,0.9906177520751953,-0.03415372967720032,0.5576199293136597,1.0017623901367188,-0.035316724330186844
35,35,1,0,1,1.0,0.0,1.0,0.5734397172927856,0.20987044274806976,-1.1359038352966309,0.999937891960144,0.6068812608718872,0.1691441386938095,-1.0897718667984009,0.9998644590377808,0.6221317052841187,0.1708926409482956,-1.0898051261901855,0.9998538494110107,0.6349313259124756,0.17276868224143982,-1.0896730422973633,0.9998353123664856,0.5576885938644409,0.16714215278625488,-1.07728910446167,0.9998924732208252,0.5434447526931763,0.16719277203083038,-1.077164888381958,0.9999040961265564,0.5305580496788025,0.1677580326795578,-1.077701210975647,0.9999092817306519,0.6624606847763062,0.2016056925058365,-0.7091749310493469,0.9997986555099487,0.5247761607170105,0.19578196108341217,-0.6481304168701172,0.9999008774757385,0.6074700355529785,0.2648572325706482,-0.9917621612548828,0.9999605417251587,0.5410497784614563,0.261456161737442,-0.9756113886833191,0.9999688267707825,0.7544151544570923,0.495849072933197,-0.4302915632724762,0.9990328550338745,0.42293882369995117,0.45406392216682434,-0.3824045658111572,0.9998703598976135,0.8091425895690918,0.9133537411689758,-0.2678159475326538,0.8670181632041931,0.2130611687898636,0.7331554293632507,-0.583131730556488,0.990035891532898,0.814005970954895,1.25495183467865,-0.5158164501190186,0.36173591017723083,0.4080786108970642,0.8833357691764832,-1.227636694908142,0.8735851645469666,0.8228541612625122,1.3631831407546997,-0.6056686639785767,0.23763757944107056,0.46769529581069946,0.9249661564826965,-1.3613526821136475,0.7279336452484131,0.7975719571113586,1.3447377681732178,-0.6746347546577454,0.27892833948135376,0.48656922578811646,0.8730915784835815,-1.3682266473770142,0.7459487318992615,0.7812882661819458,1.302024006843567,-0.5515329241752625,0.3107202351093292,0.47684288024902344,0.8570338487625122,-1.2393633127212524,0.7289096713066101,0.6798546314239502,1.116061806678772,-0.06992782652378082,0.21168754994869232,0.4690926969051361,1.0627124309539795,0.07251809537410736,0.2988841235637665,0.6763409376144409,1.6606160402297974,0.024692270904779434,0.003702806308865547,0.4524364471435547,1.650168538093567,0.2473512887954712,0.00417486485093832,0.6696861386299133,2.115281105041504,0.6558948755264282,0.0007586125284433365,0.4577224850654602,2.1110403537750244,0.7848883867263794,0.001080108224414289,0.6769649386405945,2.180004835128784,0.6857843399047852,0.00047247414477169514,0.4551955759525299,2.1770737171173096,0.8251733779907227,0.00198767869733274,0.6251314282417297,2.270754098892212,0.16050949692726135,0.0006400871789082885,0.4695628583431244,2.264578342437744,0.2644549012184143,0.0028677673544734716,nan,nan,nan,nan,nan,nan,nan,nan,nan,nan,nan,nan,nan,nan,nan,nan,nan,nan,nan,nan,nan,nan,nan,nan,nan,nan,nan,nan,nan,nan,nan,nan,nan,nan,nan,nan,nan,nan,nan,nan,nan,nan,nan,nan,nan,nan,nan,nan,nan,nan,nan,nan,nan,nan,nan,nan,nan,nan,nan,nan,nan,nan,nan,0.416639506816864,0.8842913508415222,2.4773345330686425e-07,0.4438263773918152,0.8400993347167969,-0.013319219462573528,0.47686469554901123,0.8165137767791748,-0.02282468043267727,0.5078515410423279,0.8084147572517395,-0.03012249805033207,0.5334798097610474,0.8000916242599487,-0.036971740424633026,0.5070763230323792,0.8739765286445618,-0.02227438986301422,0.5516669750213623,0.888887345790863,-0.03353358060121536,0.5774978995323181,0.9008498191833496,-0.040460582822561264,0.5971986055374146,0.9131035804748535,-0.044254500418901443,0.5041173696517944,0.908282458782196,-0.022122206166386604,0.5538485646247864,0.9217283129692078,-0.03092043846845627,0.5841625332832336,0.9321765899658203,-0.03608011454343796,0.6074160933494568,0.9426578879356384,-0.039562635123729706,0.49625301361083984,0.9344846606254578,-0.022833464667201042,0.543449342250824,0.9484422206878662,-0.03256068378686905,0.5717875361442566,0.9575168490409851,-0.03808962181210518,0.5928708910942078,0.9651649594306946,-0.04117949306964874,0.4851398169994354,0.9544730186462402,-0.02420337311923504,0.5184340476989746,0.9732486605644226,-0.032864928245544434,0.5386298298835754,0.9862269759178162,-0.036116745322942734,0.5554544925689697,0.9972177743911743,-0.03730687126517296
36,36,1,0,1,1.0,0.0,1.0,0.5734010934829712,0.2118183821439743,-1.1598678827285767,0.9999427199363708,0.6068401336669922,0.17039400339126587,-1.1119896173477173,0.9998751878738403,0.6221099495887756,0.17210444808006287,-1.1119801998138428,0.9998640418052673,0.6349213719367981,0.17391999065876007,-1.1117362976074219,0.9998467564582825,0.5576359629631042,0.16855470836162567,-1.1004016399383545,0.9999016523361206,0.5433865785598755,0.16870222985744476,-1.1002787351608276,0.9999120235443115,0.5304844975471497,0.16919830441474915,-1.1007859706878662,0.999917209148407,0.662391185760498,0.20209668576717377,-0.7202205061912537,0.9998128414154053,0.5246444344520569,0.19624951481819153,-0.6668910384178162,0.9999099373817444,0.6074633598327637,0.2667681574821472,-1.011533498764038,0.999963641166687,0.5410265922546387,0.2634567618370056,-0.997583270072937,0.9999716877937317,0.7543689608573914,0.495809942483902,-0.4354507029056549,0.9990721344947815,0.42285647988319397,0.45420804619789124,-0.3974364101886749,0.9998799562454224,0.808698296546936,0.9122715592384338,-0.2708441913127899,0.8652268648147583,0.21314355731010437,0.7337083220481873,-0.6302801966667175,0.9904574751853943,0.8150424957275391,1.2553200721740723,-0.5175547003746033,0.3647449314594269,0.408043771982193,0.8844980597496033,-1.2944201231002808,0.8748868703842163,0.8241105079650879,1.3636475801467896,-0.6087190508842468,0.24058562517166138,0.4676555097103119,0.9258023500442505,-1.435718059539795,0.729906439781189,0.7988961935043335,1.3458081483840942,-0.6817530393600464,0.2826193571090698,0.4865328371524811,0.8740754723548889,-1.4461922645568848,0.7484146356582642,0.7825761437416077,1.3033161163330078,-0.555303156375885,0.3135265111923218,0.47681862115859985,0.8580266237258911,-1.3083698749542236,0.7307062149047852,0.675063967704773,1.105962872505188,-0.06790168583393097,0.21138428151607513,0.4690837264060974,1.0619782209396362,0.07054422795772552,0.2992209196090698,0.6767184138298035,1.6606944799423218,0.03566678613424301,0.0037140713538974524,0.4534622132778168,1.6511367559432983,0.22551056742668152,0.004145396873354912,0.6707546710968018,2.11515474319458,0.6831572651863098,0.0007398001034744084,0.45947641134262085,2.112764835357666,0.7491699457168579,0.001051241299137473,0.6778796911239624,2.179891347885132,0.7143548130989075,0.00046177449985407293,0.45742267370224,2.1795594692230225,0.7868956327438354,0.0019390099914744496,0.6268385648727417,2.2705461978912354,0.18535958230495453,0.0006355146178975701,0.47107023000717163,2.2654101848602295,0.21857038140296936,0.0028456724248826504,nan,nan,nan,nan,nan,nan,nan,nan,nan,nan,nan,nan,nan,nan,nan,nan,nan,nan,nan,nan,nan,nan,nan,nan,nan,nan,nan,nan,nan,nan,nan,nan,nan,nan,nan,nan,nan,nan,nan,nan,nan,nan,nan,nan,nan,nan,nan,nan,nan,nan,nan,nan,nan,nan,nan,nan,nan,nan,nan,nan,nan,nan,nan,0.4181744456291199,0.8853395581245422,2.4442078938591294e-07,0.44442474842071533,0.840261697769165,-0.012975654564797878,0.4767777621746063,0.8167176842689514,-0.022181924432516098,0.5069794654846191,0.8088623881340027,-0.029249338433146477,0.5321232080459595,0.8003615736961365,-0.0358896479010582,0.5100256204605103,0.8746210336685181,-0.020639901980757713,0.5532121658325195,0.8892063498497009,-0.03115323930978775,0.5778388381004333,0.900860071182251,-0.03801943361759186,0.5963972806930542,0.913098931312561,-0.041808441281318665,0.5066478848457336,0.9091306328773499,-0.020376812666654587,0.5551995038986206,0.9216135740280151,-0.02825700119137764,0.5847576260566711,0.9312841892242432,-0.03341060131788254,0.6072988510131836,0.9413120150566101,-0.03705645725131035,0.4980987310409546,0.9354438185691833,-0.021021798253059387,0.5438502430915833,0.9493045806884766,-0.02977685071527958,0.5714863538742065,0.9579699039459229,-0.03526904433965683,0.5920940637588501,0.9653849601745605,-0.03853607550263405,0.48628705739974976,0.955612063407898,-0.022327706217765808,0.5193295478820801,0.9748828411102295,-0.029987910762429237,0.5391941070556641,0.987388014793396,-0.032885026186704636,0.5555870532989502,0.997689962387085,-0.03396625071763992
37,37,1,0,1,1.0,0.0,1.0,0.5729864835739136,0.2136414498090744,-1.1459033489227295,0.9999470114707947,0.6065187454223633,0.1716831624507904,-1.0985215902328491,0.999884843826294,0.6218817234039307,0.1732982099056244,-1.0985432863235474,0.9998731017112732,0.6347500681877136,0.17502136528491974,-1.0983178615570068,0.9998570084571838,0.5573626756668091,0.17029613256454468,-1.0860397815704346,0.9999099373817444,0.5431073904037476,0.17055752873420715,-1.0859124660491943,0.9999191761016846,0.5302821397781372,0.17094972729682922,-1.086424469947815,0.99992436170578,0.6621488332748413,0.20271028578281403,-0.7115199565887451,0.9998255372047424,0.5245401263237,0.19689583778381348,-0.6526431441307068,0.9999181032180786,0.607301652431488,0.26859286427497864,-0.9989413022994995,0.9999664425849915,0.5408310294151306,0.26545435190200806,-0.9836217164993286,0.999974250793457,0.7542909383773804,0.49580761790275574,-0.4243210256099701,0.9990990161895752,0.4227353632450104,0.4544427692890167,-0.38498109579086304,0.9998883008956909,0.8084553480148315,0.9112339019775391,-0.26209208369255066,0.8629588484764099,0.2131471335887909,0.7341960072517395,-0.6218544244766235,0.9908332228660583,0.8156231045722961,1.2550815343856812,-0.5088595151901245,0.3674318790435791,0.40783119201660156,0.8853853940963745,-1.2820287942886353,0.876724362373352,0.8246113657951355,1.3634732961654663,-0.599295973777771,0.2434065341949463,0.4672602713108063,0.9264252185821533,-1.4201501607894897,0.7330425381660461,0.7993594408035278,1.3459064960479736,-0.6710456013679504,0.28601428866386414,0.4855480194091797,0.8743115663528442,-1.430286169052124,0.7519463300704956,0.7831279039382935,1.3034114837646484,-0.546042799949646,0.31624650955200195,0.47590646147727966,0.8583367466926575,-1.2953135967254639,0.7337258458137512,0.672736406326294,1.1034945249557495,-0.06817923486232758,0.2095617949962616,0.469364732503891,1.0624487400054932,0.07083678245544434,0.29736998677253723,0.6769730448722839,1.6626198291778564,0.027413999661803246,0.0037418268620967865,0.4538082480430603,1.6545339822769165,0.2245354950428009,0.004140656907111406,0.6715965867042542,2.1175103187561035,0.6638723015785217,0.0007242634310387075,0.4602518081665039,2.116649866104126,0.7395855188369751,0.0010298398556187749,0.678800642490387,2.182774305343628,0.6937816143035889,0.00045132843661122024,0.45851168036460876,2.184251070022583,0.7768286466598511,0.001905012410134077,0.6279948353767395,2.2720887660980225,0.1694238781929016,0.0006301128305494785,0.4714151918888092,2.267998695373535,0.2151366025209427,0.002842772053554654,nan,nan,nan,nan,nan,nan,nan,nan,nan,nan,nan,nan,nan,nan,nan,nan,nan,nan,nan,nan,nan,nan,nan,nan,nan,nan,nan,nan,nan,nan,nan,nan,nan,nan,nan,nan,nan,nan,nan,nan,nan,nan,nan,nan,nan,nan,nan,nan,nan,nan,nan,nan,nan,nan,nan,nan,nan,nan,nan,nan,nan,nan,nan,0.417517751455307,0.8866148591041565,2.3813021243768162e-07,0.44331273436546326,0.8415347337722778,-0.012919306755065918,0.4762451648712158,0.8177242279052734,-0.022091927006840706,0.5068782567977905,0.8098841309547424,-0.029157305136322975,0.532379150390625,0.8019002079963684,-0.03576504439115524,0.5088481903076172,0.8753961324691772,-0.020800694823265076,0.5524822473526001,0.8899554014205933,-0.03155559301376343,0.5775248408317566,0.9018176794052124,-0.0384911447763443,0.5964208841323853,0.9140127897262573,-0.042322125285863876,0.5055341720581055,0.9094756841659546,-0.020725252106785774,0.5543460249900818,0.922453761100769,-0.02888631820678711,0.584114670753479,0.9325383305549622,-0.033978987485170364,0.6068199872970581,0.9428756833076477,-0.03752881661057472,0.49721577763557434,0.9357932806015015,-0.021572502329945564,0.5434434413909912,0.9501123428344727,-0.030585361644625664,0.5711299180984497,0.9594560861587524,-0.035872623324394226,0.5917032957077026,0.9674393534660339,-0.03892980143427849,0.4855917692184448,0.9563930034637451,-0.023095304146409035,0.5189399123191833,0.9755538702011108,-0.03099951706826687,0.5390791893005371,0.9881828427314758,-0.03385525941848755,0.5557247996330261,0.9986608028411865,-0.03486497327685356
38,38,1,0,1,1.0,0.0,1.0,0.5728972554206848,0.21464604139328003,-1.1447304487228394,0.9999507665634155,0.6063863635063171,0.17234638333320618,-1.0982706546783447,0.9998932480812073,0.6217712163925171,0.17394839227199554,-1.0982857942581177,0.9998809099197388,0.6346532106399536,0.17564532160758972,-1.0980764627456665,0.9998657703399658,0.5572409629821777,0.17116262018680573,-1.0859864950180054,0.9999172687530518,0.5429829359054565,0.1715145707130432,-1.085852861404419,0.9999255537986755,0.5301772356033325,0.17190425097942352,-1.0863664150238037,0.999930739402771,0.6618503332138062,0.2029338777065277,-0.7140601277351379,0.9998363852500916,0.5244547724723816,0.19728265702724457,-0.6553889513015747,0.999925434589386,0.6072908639907837,0.2693699598312378,-0.9985189437866211,0.999968945980072,0.5408002138137817,0.266360878944397,-0.983288586139679,0.9999765753746033,0.7542175650596619,0.4956192672252655,-0.42465829849243164,0.9991212487220764,0.4225338101387024,0.4546947777271271,-0.38867270946502686,0.9998961687088013,0.8083141446113586,0.9098456501960754,-0.26078176498413086,0.861899733543396,0.21314625442028046,0.7347277402877808,-0.619310736656189,0.9912200570106506,0.8155816197395325,1.2528574466705322,-0.5065211057662964,0.369005024433136,0.4070785641670227,0.885791540145874,-1.2783634662628174,0.8790128827095032,0.824244499206543,1.3609312772750854,-0.5954090356826782,0.24492865800857544,0.46542778611183167,0.9267813563346863,-1.4164631366729736,0.7369717359542847,0.7990902662277222,1.3433045148849487,-0.6648986339569092,0.28778839111328125,0.48349863290786743,0.8744322061538696,-1.4235970973968506,0.7559827566146851,0.7830249667167664,1.301106572151184,-0.5426405668258667,0.31751829385757446,0.47402819991111755,0.858540415763855,-1.290757417678833,0.737448513507843,0.6714172959327698,1.0995901823043823,-0.06764556467533112,0.20723573863506317,0.4694075584411621,1.062004566192627,0.07030238211154938,0.29503902792930603,0.6769656538963318,1.6627345085144043,0.02773807942867279,0.0037419795989990234,0.4537842869758606,1.6546434164047241,0.22200076282024384,0.004117592237889767,0.6715903282165527,2.1174724102020264,0.6635570526123047,0.0007098239148035645,0.46024268865585327,2.116600275039673,0.7342838048934937,0.0010078275809064507,0.6787880659103394,2.1827330589294434,0.6935697793960571,0.000443293247371912,0.4584980905056,2.184084892272949,0.7716155052185059,0.0018702729139477015,0.6280279159545898,2.2719833850860596,0.170341357588768,0.0006235746550373733,0.47145143151283264,2.268012762069702,0.21216174960136414,0.0028177706990391016,nan,nan,nan,nan,nan,nan,nan,nan,nan,nan,nan,nan,nan,nan,nan,nan,nan,nan,nan,nan,nan,nan,nan,nan,nan,nan,nan,nan,nan,nan,nan,nan,nan,nan,nan,nan,nan,nan,nan,nan,nan,nan,nan,nan,nan,nan,nan,nan,nan,nan,nan,nan,nan,nan,nan,nan,nan,nan,nan,nan,nan,nan,nan,0.4173622727394104,0.8891069293022156,2.3285292627406307e-07,0.4429173469543457,0.8434706330299377,-0.012797446921467781,0.47570908069610596,0.8190951943397522,-0.022010089829564095,0.5060474872589111,0.8116069436073303,-0.029126854613423347,0.5313255786895752,0.8040771484375,-0.03585391864180565,0.5081408619880676,0.8771518468856812,-0.021192552521824837,0.5515785217285156,0.8915067911148071,-0.03214254230260849,0.5768632888793945,0.9032024145126343,-0.03932676091790199,0.5960109829902649,0.9152151346206665,-0.043312326073646545,0.5048283338546753,0.9117013812065125,-0.021294688805937767,0.5532829761505127,0.9243818521499634,-0.029585037380456924,0.5832501649856567,0.9341806173324585,-0.034868497401475906,0.6062346696853638,0.9444533586502075,-0.038595519959926605,0.4965049922466278,0.9383066296577454,-0.022249506786465645,0.5427297949790955,0.9524562954902649,-0.031196728348731995,0.5707451105117798,0.9614143967628479,-0.03636432811617851,0.5916595458984375,0.9693151116371155,-0.03938017413020134,0.4849455952644348,0.9588913321495056,-0.023860348388552666,0.5191170573234558,0.9768999814987183,-0.03160298243165016,0.5397040247917175,0.9888787269592285,-0.034139685332775116,0.5564959645271301,0.9989609122276306,-0.03493528813123703
39,39,1,0,1,1.0,0.0,1.0,0.572716236114502,0.21503517031669617,-1.1540032625198364,0.9999539852142334,0.6060364246368408,0.17262476682662964,-1.107273817062378,0.9999004602432251,0.6214796900749207,0.17425955832004547,-1.1072901487350464,0.9998873472213745,0.6343756914138794,0.175965815782547,-1.1070678234100342,0.9998729228973389,0.5570380687713623,0.1713971644639969,-1.0955075025558472,0.9999236464500427,0.5428107976913452,0.17175155878067017,-1.0953540802001953,0.9999310970306396,0.5300522446632385,0.17213916778564453,-1.0958744287490845,0.9999363422393799,0.6613681316375732,0.2030879110097885,-0.7174637317657471,0.9998453855514526,0.5243546366691589,0.19739751517772675,-0.660577118396759,0.9999319314956665,0.6072073578834534,0.269867867231369,-1.0053235292434692,0.9999710917472839,0.5407477021217346,0.2667125463485718,-0.9906234741210938,0.9999786019325256,0.7541275024414062,0.49539390206336975,-0.42775759100914,0.9991297125816345,0.42220401763916016,0.4548068940639496,-0.3897511959075928,0.9999029040336609,0.8079475164413452,0.9085474610328674,-0.2630137503147125,0.8593320250511169,0.21312005817890167,0.734971284866333,-0.6116088628768921,0.9915698766708374,0.8117889165878296,1.2495543956756592,-0.50816810131073,0.3670848608016968,0.4066403806209564,0.8863811492919922,-1.2553232908248901,0.8807260394096375,0.8175816535949707,1.3574185371398926,-0.5969640016555786,0.24413014948368073,0.4645805358886719,0.9277074933052063,-1.3912765979766846,0.7401331067085266,0.7928107976913452,1.3393356800079346,-0.6671567559242249,0.28700998425483704,0.48248666524887085,0.8749868869781494,-1.4023393392562866,0.7593771815299988,0.7780201435089111,1.2972044944763184,-0.5444799661636353,0.3162621557712555,0.4730026125907898,0.8590844869613647,-1.2686370611190796,0.7406725287437439,0.6705262064933777,1.0983930826187134,-0.06859090924263,0.20210734009742737,0.4695858061313629,1.0618997812271118,0.07125233113765717,0.28924575448036194,0.6769781708717346,1.6627190113067627,0.027209823951125145,0.003688196185976267,0.453888475894928,1.6547431945800781,0.22379402816295624,0.0040542613714933395,0.6715813279151917,2.1173534393310547,0.6645494699478149,0.0006909031071700156,0.4604080319404602,2.1164753437042236,0.7422993779182434,0.0009820722043514252,0.6787739992141724,2.1825995445251465,0.694693922996521,0.0004320349544286728,0.4587326943874359,2.1839354038238525,0.7803598046302795,0.001839635195210576,0.6280115246772766,2.271902322769165,0.17102037370204926,0.0006116097792983055,0.4714534282684326,2.267900228500366,0.22123780846595764,0.0027829227037727833,nan,nan,nan,nan,nan,nan,nan,nan,nan,nan,nan,nan,nan,nan,nan,nan,nan,nan,nan,nan,nan,nan,nan,nan,nan,nan,nan,nan,nan,nan,nan,nan,nan,nan,nan,nan,nan,nan,nan,nan,nan,nan,nan,nan,nan,nan,nan,nan,nan,nan,nan,nan,nan,nan,nan,nan,nan,nan,nan,nan,nan,nan,nan,0.41705408692359924,0.8896034955978394,2.437467401250615e-07,0.44287198781967163,0.8437855839729309,-0.013432717882096767,0.47523537278175354,0.8195412755012512,-0.022770550101995468,0.5055391192436218,0.8119664192199707,-0.02989431470632553,0.5313298106193542,0.8047170639038086,-0.0364922359585762,0.5081866383552551,0.8777778744697571,-0.020871425047516823,0.551773190498352,0.891863226890564,-0.031665850430727005,0.5768430829048157,0.9034852385520935,-0.038759905844926834,0.5957823395729065,0.9155399799346924,-0.042665258049964905,0.5049030184745789,0.9123011827468872,-0.020536348223686218,0.5533386468887329,0.9245956540107727,-0.028682293370366096,0.5832443237304688,0.9344491958618164,-0.03395727649331093,0.6060528755187988,0.944817841053009,-0.037623267620801926,0.49667423963546753,0.9388687610626221,-0.02116340585052967,0.5423570871353149,0.9526470303535461,-0.030001085251569748,0.5700943470001221,0.9616953134536743,-0.035212524235248566,0.5907793045043945,0.9697281718254089,-0.038206905126571655,0.4851585328578949,0.9593907594680786,-0.022525956854224205,0.5183849334716797,0.9770588874816895,-0.03021024540066719,0.5385587811470032,0.9889333844184875,-0.0328136570751667,0.5551387071609497,0.9991045594215393,-0.03359962999820709
40,40,1,0,1,1.0,0.0,1.0,0.5726547241210938,0.21549102663993835,-1.1542448997497559,0.9999567270278931,0.6058028936386108,0.1728939265012741,-1.1076502799987793,0.999906599521637,0.6212654113769531,0.17451904714107513,-1.107667326927185,0.9998927712440491,0.634147047996521,0.17619560658931732,-1.107433795928955,0.9998788833618164,0.5568796992301941,0.17170652747154236,-1.0964183807373047,0.9999292492866516,0.5426684617996216,0.17208008468151093,-1.0962646007537842,0.9999359250068665,0.5299366116523743,0.1724722683429718,-1.0967864990234375,0.9999412894248962,0.6608341336250305,0.2031198889017105,-0.7181936502456665,0.9998529553413391,0.524185836315155,0.19756335020065308,-0.6634700894355774,0.9999377131462097,0.6071950197219849,0.27028733491897583,-1.005893349647522,0.9999728798866272,0.5407356023788452,0.26721638441085815,-0.9910706281661987,0.9999803900718689,0.7540402412414551,0.49511808156967163,-0.43029212951660156,0.9991293549537659,0.42191082239151,0.45486995577812195,-0.39243870973587036,0.9999085068702698,0.8072983622550964,0.9075895547866821,-0.26448681950569153,0.8550336956977844,0.21304385364055634,0.735124945640564,-0.6083523035049438,0.9918037056922913,0.8082016110420227,1.2472255229949951,-0.5094188451766968,0.3630051016807556,0.4061155915260315,0.8865931034088135,-1.233923316001892,0.8811227679252625,0.8125218152999878,1.3548388481140137,-0.5983433127403259,0.24210262298583984,0.4635539650917053,0.9280622005462646,-1.3676538467407227,0.7410373687744141,0.787865161895752,1.3366914987564087,-0.6685971021652222,0.28492873907089233,0.481457382440567,0.8751866817474365,-1.3785207271575928,0.7606638669967651,0.7737430334091187,1.294568419456482,-0.5457437634468079,0.313684344291687,0.472004234790802,0.8593382239341736,-1.2468147277832031,0.7416732311248779,0.669800341129303,1.0974228382110596,-0.06835878640413284,0.19690173864364624,0.4696118235588074,1.0618343353271484,0.07102148234844208,0.283184677362442,0.6769760251045227,1.6626843214035034,0.028403740376234055,0.003648731391876936,0.45389002561569214,1.6546913385391235,0.22434058785438538,0.003992531448602676,0.6715720295906067,2.1172990798950195,0.6656505465507507,0.0006734117050655186,0.46048372983932495,2.1163442134857178,0.7441876530647278,0.0009573913412168622,0.6787607669830322,2.1825640201568604,0.6959028840065002,0.00042218531598336995,0.4588574469089508,2.183767557144165,0.7824435234069824,0.0017980514094233513,0.6279903650283813,2.2718019485473633,0.1726008951663971,0.0006021424196660519,0.4714742600917816,2.267822265625,0.2223472148180008,0.00274458690546453,nan,nan,nan,nan,nan,nan,nan,nan,nan,nan,nan,nan,nan,nan,nan,nan,nan,nan,nan,nan,nan,nan,nan,nan,nan,nan,nan,nan,nan,nan,nan,nan,nan,nan,nan,nan,nan,nan,nan,nan,nan,nan,nan,nan,nan,nan,nan,nan,nan,nan,nan,nan,nan,nan,nan,nan,nan,nan,nan,nan,nan,nan,nan,0.416681706905365,0.8888822197914124,2.456411323237262e-07,0.4426417946815491,0.8433765172958374,-0.013252586126327515,0.47522881627082825,0.8197224140167236,-0.022360919043421745,0.5055564641952515,0.811966061592102,-0.02933836728334427,0.5312880873680115,0.8043457865715027,-0.03577867150306702,0.5083956718444824,0.8775031566619873,-0.01987955905497074,0.5518560409545898,0.8917061686515808,-0.03050832450389862,0.576840341091156,0.9034096002578735,-0.03756957873702049,0.5956781506538391,0.915488064289093,-0.04149278998374939,0.5053229928016663,0.9119843244552612,-0.019588107243180275,0.5534138679504395,0.924602210521698,-0.02753588557243347,0.583218514919281,0.93448406457901,-0.03288189321756363,0.6059406399726868,0.9448553919792175,-0.03664860501885414,0.4972015917301178,0.9384607076644897,-0.020313329994678497,0.5427130460739136,0.9521830677986145,-0.029065348207950592,0.5702309608459473,0.9612172245979309,-0.034381791949272156,0.5906872153282166,0.9693131446838379,-0.03749058023095131,0.4857625961303711,0.9586911201477051,-0.021786384284496307,0.5184320211410522,0.9765548706054688,-0.029478376731276512,0.5385287404060364,0.9884818196296692,-0.03226178511977196,0.5550684332847595,0.9988265037536621,-0.03321830555796623
41,41,1,0,1,1.0,0.0,1.0,0.5726386904716492,0.21586082875728607,-1.1857450008392334,0.9999592304229736,0.605769693851471,0.17315831780433655,-1.1391422748565674,0.9999121427536011,0.6212239861488342,0.17478884756565094,-1.1391608715057373,0.9998977184295654,0.6340897679328918,0.17643298208713531,-1.1389508247375488,0.9998841881752014,0.5568572282791138,0.1719369739294052,-1.1284531354904175,0.999934196472168,0.542659342288971,0.17230574786663055,-1.1283587217330933,0.9999402761459351,0.5299204587936401,0.1726856827735901,-1.128906488418579,0.9999457001686096,0.6606080532073975,0.2031855434179306,-0.7456992864608765,0.9998598098754883,0.5240439772605896,0.19766664505004883,-0.6942136883735657,0.9999428987503052,0.6071947813034058,0.2706437110900879,-1.0354031324386597,0.9999745488166809,0.5407424569129944,0.26741111278533936,-1.021852731704712,0.9999820590019226,0.7539855241775513,0.4947924017906189,-0.4405948519706726,0.9991342425346375,0.4216012954711914,0.45487546920776367,-0.4136122167110443,0.9999136924743652,0.8068868517875671,0.907161295413971,-0.2686470150947571,0.854391872882843,0.21291854977607727,0.7353025078773499,-0.6117977499961853,0.9920639991760254,0.8070793151855469,1.246319055557251,-0.5252425074577332,0.3650757968425751,0.4057021737098694,0.8868588209152222,-1.2360076904296875,0.8832749724388123,0.8112325668334961,1.3541079759597778,-0.6165049076080322,0.24419738352298737,0.462712824344635,0.9282465577125549,-1.3711694478988647,0.7450224161148071,0.7865488529205322,1.3359264135360718,-0.6882950663566589,0.2872655689716339,0.4805552363395691,0.875225305557251,-1.3844287395477295,0.764651358127594,0.772445797920227,1.2936755418777466,-0.5623749494552612,0.31559112668037415,0.4711155295372009,0.8594449162483215,-1.2496345043182373,0.7454782128334045,0.6692532896995544,1.0977078676223755,-0.06773208826780319,0.19313885271549225,0.4696389138698578,1.0617176294326782,0.07039186358451843,0.2789011597633362,0.6769686937332153,1.662655234336853,0.029602622613310814,0.003609834937378764,0.45349231362342834,1.654652714729309,0.22034373879432678,0.003937716130167246,0.6715759634971619,2.117252826690674,0.6692684292793274,0.0006621128413826227,0.4603731036186218,2.116262674331665,0.741193950176239,0.0009429028141312301,0.6787494421005249,2.182481288909912,0.6995443105697632,0.0004154389607720077,0.4587908685207367,2.183635950088501,0.7790981531143188,0.001767505775205791,0.6281676292419434,2.2716383934020996,0.17294636368751526,0.0005988171324133873,0.4714724123477936,2.2677512168884277,0.21427781879901886,0.0027349863667041063,nan,nan,nan,nan,nan,nan,nan,nan,nan,nan,nan,nan,nan,nan,nan,nan,nan,nan,nan,nan,nan,nan,nan,nan,nan,nan,nan,nan,nan,nan,nan,nan,nan,nan,nan,nan,nan,nan,nan,nan,nan,nan,nan,nan,nan,nan,nan,nan,nan,nan,nan,nan,nan,nan,nan,nan,nan,nan,nan,nan,nan,nan,nan,0.41615211963653564,0.8881963491439819,2.478406315731263e-07,0.44213369488716125,0.842641294002533,-0.013669855892658234,0.4747869372367859,0.8194509148597717,-0.023167766630649567,0.5053554177284241,0.8121213912963867,-0.03038455732166767,0.5312020182609558,0.8040043711662292,-0.037121206521987915,0.5076271891593933,0.8776223063468933,-0.021484550088644028,0.5516990423202515,0.8917711973190308,-0.03238392621278763,0.5768245458602905,0.9032092690467834,-0.03930224850773811,0.5955615639686584,0.9151119589805603,-0.04304896667599678,0.5042026042938232,0.9124574661254883,-0.021007420495152473,0.5532256364822388,0.9250088334083557,-0.02931002900004387,0.5831836462020874,0.9346075654029846,-0.03456896170973778,0.6058377027511597,0.9447894096374512,-0.03819096088409424,0.49581101536750793,0.9386468529701233,-0.021483289077878,0.5421336889266968,0.9520116448402405,-0.03061561845242977,0.5698853731155396,0.9606234431266785,-0.036012135446071625,0.5905487537384033,0.9684923887252808,-0.0391276478767395,0.48437702655792236,0.9579582810401917,-0.02267599292099476,0.517070472240448,0.975479245185852,-0.030752316117286682,0.5372627377510071,0.9874992370605469,-0.03375643119215965,0.5541147589683533,0.9982016682624817,-0.03483525291085243
42,42,1,0,1,1.0,0.0,1.0,0.5730261206626892,0.21653325855731964,-1.1883362531661987,0.9999614953994751,0.6058673858642578,0.17372958362102509,-1.1415354013442993,0.9999170899391174,0.6212759613990784,0.17536193132400513,-1.14156174659729,0.9999021291732788,0.6340841054916382,0.17695288360118866,-1.1413652896881104,0.9998888969421387,0.5569023489952087,0.1723829209804535,-1.1313457489013672,0.9999386668205261,0.5427430272102356,0.17274823784828186,-1.13126540184021,0.9999442100524902,0.5299344062805176,0.17309708893299103,-1.131814956665039,0.9999496936798096,0.6604567170143127,0.2035655677318573,-0.7475428581237793,0.9998658299446106,0.5237439274787903,0.19792567193508148,-0.6983978152275085,0.9999476075172424,0.6074391603469849,0.27120810747146606,-1.0377174615859985,0.9999759793281555,0.5411547422409058,0.2677837610244751,-1.0249077081680298,0.999983549118042,0.7538965940475464,0.49454885721206665,-0.4409697651863098,0.9991400837898254,0.42133966088294983,0.4548989534378052,-0.41753682494163513,0.9999184012413025,0.8065891265869141,0.9062873125076294,-0.2683374285697937,0.8532791137695312,0.21283698081970215,0.7354907393455505,-0.6119211912155151,0.992312490940094,0.8067059516906738,1.2443023920059204,-0.5272098779678345,0.366458922624588,0.4054664075374603,0.8871064782142639,-1.236639142036438,0.8853809237480164,0.8109313249588013,1.3520870208740234,-0.619209885597229,0.24581842124462128,0.46231716871261597,0.9284483790397644,-1.3713008165359497,0.7487468123435974,0.7862874269485474,1.3339099884033203,-0.691651463508606,0.2890532314777374,0.4800538122653961,0.8753034472465515,-1.3857671022415161,0.7683895230293274,0.772129476070404,1.2916743755340576,-0.5647401213645935,0.31685328483581543,0.4706110954284668,0.8595694303512573,-1.249981164932251,0.7489615082740784,0.6690138578414917,1.097870111465454,-0.06710932403802872,0.1906503438949585,0.46972519159317017,1.061663269996643,0.06975934654474258,0.2762354910373688,0.6769639849662781,1.662634015083313,0.02975582703948021,0.0036129336804151535,0.45334357023239136,1.6546180248260498,0.2186402976512909,0.00392043124884367,0.6715779304504395,2.1171457767486572,0.6696043014526367,0.0006579097243957222,0.46030038595199585,2.1161906719207764,0.7400490045547485,0.0009386276360601187,0.6787389516830444,2.1824183464050293,0.6999348402023315,0.00041281001176685095,0.4587487578392029,2.1835198402404785,0.7778865098953247,0.0017573593650013208,0.6283004879951477,2.2713422775268555,0.17304269969463348,0.0006002890295349061,0.47146540880203247,2.2675857543945312,0.21256306767463684,0.0027487415354698896,nan,nan,nan,nan,nan,nan,nan,nan,nan,nan,nan,nan,nan,nan,nan,nan,nan,nan,nan,nan,nan,nan,nan,nan,nan,nan,nan,nan,nan,nan,nan,nan,nan,nan,nan,nan,nan,nan,nan,nan,nan,nan,nan,nan,nan,nan,nan,nan,nan,nan,nan,nan,nan,nan,nan,nan,nan,nan,nan,nan,nan,nan,nan,0.41617661714553833,0.88763028383255,2.3477655020087695e-07,0.4423569440841675,0.8421639800071716,-0.012074911966919899,0.4754679203033447,0.8193535804748535,-0.02073616161942482,0.5059372782707214,0.8121832609176636,-0.027442827820777893,0.5310224294662476,0.8037434220314026,-0.03377212584018707,0.5086303949356079,0.8766124248504639,-0.019603468477725983,0.5520213842391968,0.8913756012916565,-0.030044855549931526,0.5769275426864624,0.9031140804290771,-0.03683865815401077,0.5955204367637634,0.9151688814163208,-0.04055096581578255,0.505100429058075,0.9114125967025757,-0.019764592871069908,0.5534353852272034,0.9247006773948669,-0.027526618912816048,0.583156943321228,0.9346030950546265,-0.03268522769212723,0.6057569980621338,0.944989800453186,-0.03628615662455559,0.496480256319046,0.937960684299469,-0.020758196711540222,0.5421704053878784,0.9519698619842529,-0.029306355863809586,0.5699179172515869,0.9607924818992615,-0.03455536067485809,0.590598464012146,0.9686616063117981,-0.03765884414315224,0.4846898019313812,0.9577624797821045,-0.022363809868693352,0.5171710252761841,0.9754462838172913,-0.029809627681970596,0.5373727679252625,0.9871551990509033,-0.03244481235742569,0.5541591644287109,0.9974344968795776,-0.03332727774977684
43,43,1,0,1,1.0,0.0,1.0,0.573329746723175,0.21722184121608734,-1.187651515007019,0.9999632239341736,0.6058661937713623,0.17431995272636414,-1.1397794485092163,0.9999209642410278,0.6212679743766785,0.17587243020534515,-1.139836072921753,0.9999052882194519,0.634062647819519,0.1773303896188736,-1.1396573781967163,0.9998921751976013,0.5568935871124268,0.17287799715995789,-1.130602478981018,0.9999423623085022,0.5427368879318237,0.1732427030801773,-1.1305227279663086,0.9999474287033081,0.5299249887466431,0.17357458174228668,-1.131096601486206,0.999953031539917,0.6601929664611816,0.2037377953529358,-0.7405524849891663,0.9998703598976135,0.523434042930603,0.19822435081005096,-0.6935375332832336,0.9999517202377319,0.6076979041099548,0.2716909945011139,-1.0345213413238525,0.9999772310256958,0.5415571928024292,0.26826855540275574,-1.0225765705108643,0.999984860420227,0.7538661956787109,0.4942549765110016,-0.42998552322387695,0.9991445541381836,0.42114323377609253,0.4549342691898346,-0.41091036796569824,0.9999224543571472,0.8060395121574402,0.9050610065460205,-0.2604166269302368,0.8535863161087036,0.21270577609539032,0.7356215715408325,-0.5994188189506531,0.9925416111946106,0.8049348592758179,1.2392414808273315,-0.5280014872550964,0.3697628974914551,0.4052824378013611,0.887377917766571,-1.2318806648254395,0.8872618675231934,0.8081400990486145,1.3461145162582397,-0.6216099262237549,0.2487708032131195,0.4619854986667633,0.9288310408592224,-1.3684449195861816,0.7525718808174133,0.7838841676712036,1.3264578580856323,-0.6930118799209595,0.2921700179576874,0.47972241044044495,0.8757659196853638,-1.3841631412506104,0.7721781134605408,0.7700256705284119,1.2847459316253662,-0.5653890371322632,0.3194456100463867,0.47028055787086487,0.8599959015846252,-1.2462749481201172,0.7527548670768738,0.6687840223312378,1.098325490951538,-0.06709795445203781,0.1876642405986786,0.4697684645652771,1.0616260766983032,0.06974539905786514,0.27252912521362305,0.6769601702690125,1.6626088619232178,0.028976360335946083,0.0036095951218158007,0.453235924243927,1.6545912027359009,0.21817633509635925,0.003907213918864727,0.6715971231460571,2.1170876026153564,0.6673079133033752,0.0006584130460396409,0.46029072999954224,2.1161575317382812,0.7388982176780701,0.0009397263056598604,0.6787314414978027,2.1823205947875977,0.6972423791885376,0.0004129112930968404,0.45874080061912537,2.1834442615509033,0.7766536474227905,0.0017673332476988435,0.628480076789856,2.2709314823150635,0.16744372248649597,0.0006021292065270245,0.4714718461036682,2.2673017978668213,0.20988067984580994,0.0027691128198057413,nan,nan,nan,nan,nan,nan,nan,nan,nan,nan,nan,nan,nan,nan,nan,nan,nan,nan,nan,nan,nan,nan,nan,nan,nan,nan,nan,nan,nan,nan,nan,nan,nan,nan,nan,nan,nan,nan,nan,nan,nan,nan,nan,nan,nan,nan,nan,nan,nan,nan,nan,nan,nan,nan,nan,nan,nan,nan,nan,nan,nan,nan,nan,0.41585972905158997,0.8888391852378845,2.3130850479446963e-07,0.44199925661087036,0.843112051486969,-0.011853951960802078,0.47521471977233887,0.8194824457168579,-0.020353006199002266,0.5056713819503784,0.8120660185813904,-0.02690117247402668,0.5305790305137634,0.8037148118019104,-0.033055663108825684,0.508341908454895,0.877005398273468,-0.01943269744515419,0.5518582463264465,0.8919302821159363,-0.029599832370877266,0.5767483115196228,0.9036482572555542,-0.036126405000686646,0.5952296853065491,0.9155513048171997,-0.03969898447394371,0.5046722292900085,0.911807656288147,-0.019683001562952995,0.5532426834106445,0.9249267578125,-0.027243271470069885,0.5828456878662109,0.9348688721656799,-0.03210708126425743,0.6051632165908813,0.9452610611915588,-0.035522401332855225,0.4958667457103729,0.9385673999786377,-0.020750438794493675,0.5420433282852173,0.9522789120674133,-0.02920488268136978,0.5696256160736084,0.9610167741775513,-0.034202370792627335,0.5900114178657532,0.9689407348632812,-0.03713960945606232,0.4839305281639099,0.9589049816131592,-0.022410914301872253,0.516848087310791,0.9760794639587402,-0.029970891773700714,0.537223756313324,0.9876535534858704,-0.03258911520242691,0.5541227459907532,0.9980549216270447,-0.03343505412340164
44,44,1,0,1,1.0,0.0,1.0,0.5735883116722107,0.21714851260185242,-1.172097086906433,0.9999645352363586,0.6058601140975952,0.17427340149879456,-1.1223870515823364,0.9999240040779114,0.6212561130523682,0.17581480741500854,-1.1224710941314697,0.9999074935913086,0.6340233087539673,0.17725801467895508,-1.1223082542419434,0.999894380569458,0.5568441152572632,0.17282916605472565,-1.1139543056488037,0.9999454021453857,0.5426557660102844,0.173221156001091,-1.1138432025909424,0.9999500513076782,0.5298193097114563,0.17357532680034637,-1.1144285202026367,0.9999558925628662,0.6598877310752869,0.20370499789714813,-0.7186566591262817,0.9998733997344971,0.5228307843208313,0.19829592108726501,-0.673191487789154,0.9999553561210632,0.6080085635185242,0.27161720395088196,-1.0178112983703613,0.999978244304657,0.5419875383377075,0.2681206464767456,-1.0063469409942627,0.9999859929084778,0.7537814378738403,0.4938146770000458,-0.4081481397151947,0.9991514086723328,0.42099136114120483,0.45508691668510437,-0.3986552357673645,0.9999260306358337,0.8055159449577332,0.9035085439682007,-0.2410259246826172,0.8537357449531555,0.21262207627296448,0.7357040643692017,-0.5801888108253479,0.9927671551704407,0.802971363067627,1.2355390787124634,-0.5271707773208618,0.3711818754673004,0.4052332937717438,0.8883706331253052,-1.2156521081924438,0.8884339928627014,0.8052568435668945,1.3423895835876465,-0.6214624643325806,0.25043347477912903,0.4620031714439392,0.9301050305366516,-1.3549549579620361,0.7552825212478638,0.7813970446586609,1.3220785856246948,-0.6927377581596375,0.2939920723438263,0.479715496301651,0.8773492574691772,-1.374041199684143,0.7749248743057251,0.7678705453872681,1.2805017232894897,-0.5649410486221313,0.32100608944892883,0.47024521231651306,0.8612841963768005,-1.231776475906372,0.7558643817901611,0.6688252091407776,1.0986493825912476,-0.06665915995836258,0.18369649350643158,0.47003597021102905,1.0617918968200684,0.06932146847248077,0.26747995615005493,0.6780117750167847,1.6625853776931763,0.029214859008789062,0.003512869356200099,0.4537896513938904,1.6545850038528442,0.21414855122566223,0.0038126076105982065,0.6727094054222107,2.1170403957366943,0.669610321521759,0.0006471482920460403,0.4611983895301819,2.116135358810425,0.7351424098014832,0.0009235484758391976,0.6796377897262573,2.1821515560150146,0.6995364427566528,0.0004060300998389721,0.4595614969730377,2.183424234390259,0.7729737162590027,0.001749219954945147,0.6300327181816101,2.2708630561828613,0.1680859625339508,0.0005913333734497428,0.4733618199825287,2.2672102451324463,0.20018848776817322,0.002730537671595812,nan,nan,nan,nan,nan,nan,nan,nan,nan,nan,nan,nan,nan,nan,nan,nan,nan,nan,nan,nan,nan,nan,nan,nan,nan,nan,nan,nan,nan,nan,nan,nan,nan,nan,nan,nan,nan,nan,nan,nan,nan,nan,nan,nan,nan,nan,nan,nan,nan,nan,nan,nan,nan,nan,nan,nan,nan,nan,nan,nan,nan,nan,nan,0.41499823331832886,0.8907120823860168,2.325862595853323e-07,0.4406183362007141,0.8449675440788269,-0.01234366837888956,0.47407397627830505,0.820266842842102,-0.020880062133073807,0.5044190287590027,0.8122583627700806,-0.027403824031352997,0.5293251276016235,0.803969144821167,-0.03342578932642937,0.5084283351898193,0.8783117532730103,-0.018976744264364243,0.551771879196167,0.8928146958351135,-0.029026934877038002,0.5767921805381775,0.9042730331420898,-0.03572965785861015,0.5954000949859619,0.9157840609550476,-0.03946929797530174,0.5047567486763,0.9126175045967102,-0.019062833860516548,0.5527495741844177,0.9253972172737122,-0.026558561250567436,0.5823121070861816,0.9352189302444458,-0.03163180872797966,0.604583203792572,0.9454403519630432,-0.03520255908370018,0.495934396982193,0.9390255808830261,-0.020077401772141457,0.5417221784591675,0.9525963068008423,-0.028486482799053192,0.5690965056419373,0.9614985585212708,-0.033602118492126465,0.5893083810806274,0.9694654941558838,-0.03660321980714798,0.48391759395599365,0.9594173431396484,-0.021758582442998886,0.5170161724090576,0.9763684868812561,-0.02935316041111946,0.5374521613121033,0.9878647327423096,-0.03201071545481682,0.5542556047439575,0.9980521202087402,-0.032859377562999725
45,45,1,0,1,1.0,0.0,1.0,0.5739709138870239,0.21483249962329865,-1.138751745223999,0.9999657869338989,0.6058515906333923,0.1727508008480072,-1.0868895053863525,0.9999268651008606,0.6212483644485474,0.17431926727294922,-1.0869709253311157,0.9999096989631653,0.633987307548523,0.17585386335849762,-1.086798071861267,0.9998966455459595,0.5568366050720215,0.17115147411823273,-1.0792235136032104,0.9999481439590454,0.5426477193832397,0.17171898484230042,-1.0790727138519287,0.9999524354934692,0.529805600643158,0.1724216490983963,-1.0796425342559814,0.9999584555625916,0.6596313714981079,0.20316822826862335,-0.6844998598098755,0.9998764395713806,0.5224910378456116,0.19806262850761414,-0.6429142951965332,0.9999585747718811,0.608413815498352,0.26959821581840515,-0.9864298701286316,0.9999791383743286,0.5431200265884399,0.2650480270385742,-0.9759394526481628,0.999987006187439,0.7535625696182251,0.4934057295322418,-0.3799442946910858,0.9991540312767029,0.4208933711051941,0.45539146661758423,-0.3830973207950592,0.9999284744262695,0.8052588701248169,0.9010424017906189,-0.21807284653186798,0.8528758883476257,0.21242670714855194,0.735956609249115,-0.5675113797187805,0.9928552508354187,0.8030145764350891,1.2302801609039307,-0.516627311706543,0.3723177909851074,0.40522369742393494,0.8892752528190613,-1.2028790712356567,0.8883829712867737,0.8054503202438354,1.3366061449050903,-0.6144139170646667,0.2526211142539978,0.4620226323604584,0.9308069348335266,-1.3428617715835571,0.7568199038505554,0.7815787196159363,1.31643545627594,-0.6851793527603149,0.2966034710407257,0.4797903001308441,0.8789016008377075,-1.3634746074676514,0.7767364978790283,0.767985463142395,1.2752394676208496,-0.5551914572715759,0.32327502965927124,0.470327228307724,0.8626832962036133,-1.2200044393539429,0.7579431533813477,0.6688593029975891,1.0982168912887573,-0.06436134874820709,0.17841750383377075,0.4701453745365143,1.0619364976882935,0.06709092855453491,0.2601433992385864,0.6793464422225952,1.6625462770462036,0.029096702113747597,0.0033988095819950104,0.4550495147705078,1.654571771621704,0.19174157083034515,0.0036831144243478775,0.6742404699325562,2.11698317527771,0.6686146855354309,0.0006281928508542478,0.46257859468460083,2.1161744594573975,0.6956477761268616,0.0008931822376325727,0.6809973120689392,2.182098388671875,0.6981690526008606,0.0003943887713830918,0.4606974124908447,2.183530330657959,0.7311961054801941,0.0016995397163555026,0.6320229768753052,2.270685911178589,0.1641407608985901,0.0005748767289333045,0.47535043954849243,2.2671561241149902,0.15443061292171478,0.0026543871499598026,nan,nan,nan,nan,nan,nan,nan,nan,nan,nan,nan,nan,nan,nan,nan,nan,nan,nan,nan,nan,nan,nan,nan,nan,nan,nan,nan,nan,nan,nan,nan,nan,nan,nan,nan,nan,nan,nan,nan,nan,nan,nan,nan,nan,nan,nan,nan,nan,nan,nan,nan,nan,nan,nan,nan,nan,nan,nan,nan,nan,nan,nan,nan,0.41417211294174194,0.892487108707428,2.25013053523071e-07,0.439708411693573,0.8471633195877075,-0.011928243562579155,0.4731504023075104,0.8220870494842529,-0.02034236490726471,0.5032387375831604,0.8134845495223999,-0.02684449404478073,0.5279632806777954,0.8046916723251343,-0.03286478668451309,0.5074645280838013,0.8803200721740723,-0.018551891669631004,0.5511443614959717,0.8938648104667664,-0.02855444885790348,0.5761800408363342,0.904907763004303,-0.03529404103755951,0.5946458578109741,0.9162652492523193,-0.03905358538031578,0.5039328336715698,0.9148948788642883,-0.0188368521630764,0.5521759390830994,0.9262356758117676,-0.02636702172458172,0.58174067735672,0.9352327585220337,-0.031488608568906784,0.603908121585846,0.9447879791259766,-0.035052113234996796,0.49516138434410095,0.941868782043457,-0.020016685128211975,0.5417699217796326,0.9543441534042358,-0.028357133269309998,0.5694350600242615,0.9626586437225342,-0.03321359306573868,0.5898838043212891,0.9701467752456665,-0.03601192682981491,0.4829944372177124,0.9628576040267944,-0.021808447316288948,0.5170430541038513,0.9785886406898499,-0.02925705909729004,0.537784218788147,0.9890714883804321,-0.03150908648967743,0.5547487735748291,0.9982423782348633,-0.03203001990914345
46,46,1,0,1,1.0,0.0,1.0,0.5742552280426025,0.2123948186635971,-1.0937728881835938,0.9999668002128601,0.6057982444763184,0.17110846936702728,-1.0414893627166748,0.9999293684959412,0.6211928129196167,0.1726977825164795,-1.041581392288208,0.9999115467071533,0.6338526010513306,0.17431411147117615,-1.041426181793213,0.9998987317085266,0.5568148493766785,0.1696116030216217,-1.0345557928085327,0.9999505281448364,0.5425999760627747,0.17039357125759125,-1.0343732833862305,0.9999544620513916,0.5297357439994812,0.1713940054178238,-1.0349279642105103,0.999960720539093,0.658965528011322,0.20240424573421478,-0.6431377530097961,0.999879002571106,0.5217493176460266,0.19791044294834137,-0.6049922704696655,0.9999614953994751,0.6086548566818237,0.267916202545166,-0.9436371922492981,0.9999799728393555,0.5439411997795105,0.2626792788505554,-0.9340432286262512,0.9999879002571106,0.7532325387001038,0.4927559792995453,-0.34796029329299927,0.9991624355316162,0.42055168747901917,0.45559588074684143,-0.3580435514450073,0.9999303817749023,0.8051093220710754,0.8982053399085999,-0.19483989477157593,0.8530287146568298,0.21234461665153503,0.7365179061889648,-0.5491029024124146,0.9929375648498535,0.8036791086196899,1.227035403251648,-0.49846309423446655,0.3771091401576996,0.40520620346069336,0.8905037045478821,-1.1859859228134155,0.8889192342758179,0.8062834739685059,1.3331047296524048,-0.5973131060600281,0.25779321789741516,0.46203526854515076,0.9315887093544006,-1.3249242305755615,0.7594002485275269,0.7826143503189087,1.3132537603378296,-0.6663458347320557,0.3023627698421478,0.4798259735107422,0.880357027053833,-1.3449735641479492,0.7794473767280579,0.7688645124435425,1.2723655700683594,-0.5368059873580933,0.3289966583251953,0.47037506103515625,0.8639498949050903,-1.2031290531158447,0.7610700130462646,0.6689642071723938,1.098352074623108,-0.06242585927248001,0.1741672158241272,0.47043317556381226,1.063247799873352,0.06520629674196243,0.25352776050567627,0.681256890296936,1.6625571250915527,0.024950217455625534,0.00326565676368773,0.45595893263816833,1.6549124717712402,0.18193860352039337,0.0035317796282470226,0.6762596964836121,2.1170709133148193,0.654646098613739,0.0006041224696673453,0.4637904763221741,2.1164801120758057,0.6766087412834167,0.0008556211250834167,0.6829973459243774,2.1821017265319824,0.6829555630683899,0.0003784054715652019,0.4616924226284027,2.1837780475616455,0.7116032838821411,0.001630182727240026,0.6343711614608765,2.2706360816955566,0.14948785305023193,0.0005523989093489945,0.47770529985427856,2.267256736755371,0.13799838721752167,0.0025540052447468042,nan,nan,nan,nan,nan,nan,nan,nan,nan,nan,nan,nan,nan,nan,nan,nan,nan,nan,nan,nan,nan,nan,nan,nan,nan,nan,nan,nan,nan,nan,nan,nan,nan,nan,nan,nan,nan,nan,nan,nan,nan,nan,nan,nan,nan,nan,nan,nan,nan,nan,nan,nan,nan,nan,nan,nan,nan,nan,nan,nan,nan,nan,nan,0.41375458240509033,0.8947725892066956,2.141416928225226e-07,0.43985286355018616,0.8494681119918823,-0.011544154956936836,0.4731958210468292,0.8244911432266235,-0.019912762567400932,0.5028546452522278,0.814967155456543,-0.02650173008441925,0.5267625451087952,0.8049174547195435,-0.0326802134513855,0.507779598236084,0.8829721212387085,-0.017410604283213615,0.5506569147109985,0.8959938287734985,-0.02727065049111843,0.5755259990692139,0.906636655330658,-0.034264255315065384,0.5941225290298462,0.9177910685539246,-0.03832048177719116,0.5040738582611084,0.9180765151977539,-0.017969703301787376,0.5512581467628479,0.9290546774864197,-0.025184720754623413,0.5804606676101685,0.9375014901161194,-0.030421944335103035,0.6027773022651672,0.9467657208442688,-0.034203991293907166,0.495177686214447,0.9453268051147461,-0.019450681284070015,0.5409731268882751,0.957315981388092,-0.027430253103375435,0.5682486891746521,0.9649180173873901,-0.03211754560470581,0.5887131094932556,0.9718218445777893,-0.03491473197937012,0.48295143246650696,0.9663708806037903,-0.02156818099319935,0.5170419812202454,0.9804790616035461,-0.02853335067629814,0.5372188687324524,0.989587664604187,-0.030292902141809464,0.5536832809448242,0.9976208209991455,-0.03055938147008419
47,47,1,0,1,1.0,0.0,1.0,0.5743724703788757,0.21082940697669983,-1.010103464126587,0.9999672174453735,0.6057901382446289,0.17036892473697662,-0.9586952924728394,0.9999303221702576,0.6211837530136108,0.1720583736896515,-0.95881187915802,0.9999115467071533,0.6338428258895874,0.17384296655654907,-0.9586557149887085,0.9998986721038818,0.5568054914474487,0.16876742243766785,-0.9519728422164917,0.9999520182609558,0.5425906181335449,0.16961313784122467,-0.9517819285392761,0.9999557137489319,0.529720664024353,0.17066815495491028,-0.9523426294326782,0.999962329864502,0.6588422060012817,0.20239850878715515,-0.5730879902839661,0.9998783469200134,0.5213947296142578,0.19780667126178741,-0.535732090473175,0.9999638199806213,0.6087920069694519,0.2671079635620117,-0.8657390475273132,0.9999804496765137,0.5442155003547668,0.2612209618091583,-0.8561742901802063,0.9999886155128479,0.752833902835846,0.49271318316459656,-0.29709967970848083,0.9991586804389954,0.42032361030578613,0.4570540487766266,-0.31821343302726746,0.999931812286377,0.8047798871994019,0.8976986408233643,-0.16067394614219666,0.8487691283226013,0.21281976997852325,0.7375209927558899,-0.5221506357192993,0.9928858876228333,0.8046575784683228,1.2233340740203857,-0.4674457013607025,0.37444794178009033,0.4051944315433502,0.8929052352905273,-1.1585005521774292,0.8877129554748535,0.8083630800247192,1.329034686088562,-0.5654274821281433,0.2576451003551483,0.46267837285995483,0.9347674250602722,-1.2983088493347168,0.7589917182922363,0.7849503755569458,1.3091142177581787,-0.6353168487548828,0.3024284839630127,0.48044484853744507,0.8837045431137085,-1.3137809038162231,0.7793302536010742,0.770910382270813,1.2686388492584229,-0.50680011510849,0.329499751329422,0.4708622097969055,0.8660892248153687,-1.1745270490646362,0.7618762254714966,0.6703476905822754,1.0973155498504639,-0.05298382788896561,0.16861216723918915,0.4707361161708832,1.063549280166626,0.05577549338340759,0.2456027716398239,0.6851613521575928,1.662540316581726,0.032210104167461395,0.0031093067955225706,0.45741933584213257,1.6552009582519531,0.17184153199195862,0.0033550341613590717,0.6811029314994812,2.117088794708252,0.6557982563972473,0.0005758720799349248,0.4660107493400574,2.1166598796844482,0.6607103943824768,0.0008102917927317321,0.6878060102462769,2.1820433139801025,0.6843271255493164,0.00036031220224685967,0.4634326994419098,2.183769464492798,0.6960173845291138,0.0015421181451529264,0.6391330361366272,2.2711713314056396,0.15148478746414185,0.0005242429324425757,0.48444390296936035,2.2678751945495605,0.12752355635166168,0.0024207187816500664,nan,nan,nan,nan,nan,nan,nan,nan,nan,nan,nan,nan,nan,nan,nan,nan,nan,nan,nan,nan,nan,nan,nan,nan,nan,nan,nan,nan,nan,nan,nan,nan,nan,nan,nan,nan,nan,nan,nan,nan,nan,nan,nan,nan,nan,nan,nan,nan,nan,nan,nan,nan,nan,nan,nan,nan,nan,nan,nan,nan,nan,nan,nan,0.41225719451904297,0.8982239961624146,1.9073299029059854e-07,0.4381973147392273,0.8528283834457397,-0.011793384328484535,0.471992552280426,0.8281252384185791,-0.019958363845944405,0.5019636154174805,0.8173089623451233,-0.026149500161409378,0.5255720019340515,0.8063188791275024,-0.031861480325460434,0.5072000026702881,0.8881537318229675,-0.016979364678263664,0.5498480200767517,0.9026225805282593,-0.026401134207844734,0.5749465227127075,0.9134491086006165,-0.033057477325201035,0.5936218500137329,0.9241779446601868,-0.03688326105475426,0.5031259655952454,0.9244046211242676,-0.01697792112827301,0.5494001507759094,0.9359116554260254,-0.02365313097834587,0.5777456760406494,0.9442138075828552,-0.028069723397493362,0.5996781587600708,0.9530767798423767,-0.031239815056324005,0.4943885803222656,0.9519897103309631,-0.017959969118237495,0.5397972464561462,0.9642084240913391,-0.025418920442461967,0.5662391185760498,0.9714728593826294,-0.029069676995277405,0.5862656235694885,0.9780242443084717,-0.031059185042977333,0.4827311933040619,0.9726031422615051,-0.019647488370537758,0.5178921222686768,0.9849739670753479,-0.026135897263884544,0.5375823974609375,0.9929091930389404,-0.02713058888912201,0.5533809661865234,0.9995006918907166,-0.026738818734884262
48,48,1,0,1,1.0,0.0,1.0,0.5744497179985046,0.21085719764232635,-0.9994314908981323,0.9999672770500183,0.6058730483055115,0.1703798770904541,-0.9461973309516907,0.9999304413795471,0.6212413907051086,0.17206992208957672,-0.9463930130004883,0.9999101758003235,0.6339000463485718,0.17388267815113068,-0.9462199211120605,0.9998968243598938,0.5567981600761414,0.1689002364873886,-0.9412020444869995,0.9999529719352722,0.5425518751144409,0.1698378473520279,-0.9411278963088989,0.9999565482139587,0.5296388864517212,0.17092683911323547,-0.9417048692703247,0.9999635815620422,0.6588221192359924,0.20285287499427795,-0.5607913732528687,0.9998746514320374,0.5209546685218811,0.1983852982521057,-0.531248152256012,0.9999656677246094,0.6088523864746094,0.2670399248600006,-0.8546324968338013,0.9999802708625793,0.5442152619361877,0.2612781226634979,-0.8474706411361694,0.9999891519546509,0.7527561783790588,0.4927096962928772,-0.27987441420555115,0.9990870356559753,0.41969388723373413,0.4603477716445923,-0.3052930533885956,0.9999282360076904,0.8043824434280396,0.8985297083854675,-0.14369133114814758,0.8437218070030212,0.21298471093177795,0.7435668110847473,-0.48063841462135315,0.9927010536193848,0.8055167198181152,1.225903034210205,-0.4613836407661438,0.3803429901599884,0.40656739473342896,0.9006772637367249,-1.0853173732757568,0.8891239762306213,0.8109321594238281,1.3327338695526123,-0.5613752007484436,0.26603445410728455,0.4674956798553467,0.9425374865531921,-1.2189691066741943,0.7636122107505798,0.7862241268157959,1.3126064538955688,-0.632731556892395,0.31167876720428467,0.48432213068008423,0.8921963572502136,-1.237213373184204,0.7843068242073059,0.7715963125228882,1.2715486288070679,-0.5016263127326965,0.33858922123908997,0.47420716285705566,0.8739407062530518,-1.1011269092559814,0.7667444348335266,0.686011016368866,1.146887183189392,-0.05123334378004074,0.1642606556415558,0.4693189561367035,1.1375091075897217,0.05395936220884323,0.23891857266426086,0.6860032677650452,1.6701499223709106,0.01032562367618084,0.0031435005366802216,0.4584278166294098,1.6633979082107544,0.14356151223182678,0.0033204485662281513,0.6819301247596741,2.1280925273895264,0.60496985912323,0.0005651484243571758,0.4667676091194153,2.1272194385528564,0.6003007292747498,0.0007955482578836381,0.6884526014328003,2.193329334259033,0.6311729550361633,0.0003500437014736235,0.4641510844230652,2.1952579021453857,0.6321738958358765,0.001496268785558641,0.6401375532150269,2.2818477153778076,0.11681363731622696,0.0005157942650839686,0.4851529002189636,2.2768983840942383,0.07719256728887558,0.002392783761024475,nan,nan,nan,nan,nan,nan,nan,nan,nan,nan,nan,nan,nan,nan,nan,nan,nan,nan,nan,nan,nan,nan,nan,nan,nan,nan,nan,nan,nan,nan,nan,nan,nan,nan,nan,nan,nan,nan,nan,nan,nan,nan,nan,nan,nan,nan,nan,nan,nan,nan,nan,nan,nan,nan,nan,nan,nan,nan,nan,nan,nan,nan,nan,0.4052954912185669,0.9023839235305786,1.8323450490242976e-07,0.43443024158477783,0.8590208292007446,-0.012389109469950199,0.47087419033050537,0.8358146548271179,-0.021116454154253006,0.5017267465591431,0.825018048286438,-0.02787628583610058,0.5246704816818237,0.8127345442771912,-0.03439158573746681,0.4995848834514618,0.8944380879402161,-0.019884781911969185,0.5434266924858093,0.9112204313278198,-0.030841011554002762,0.5703687071800232,0.9234485626220703,-0.038384001702070236,0.5906685590744019,0.9348432421684265,-0.04268369451165199,0.4940035343170166,0.9310467839241028,-0.02033386193215847,0.5407326817512512,0.9441768527030945,-0.028532736003398895,0.571286678314209,0.954255223274231,-0.0338832288980484,0.5955124497413635,0.9649349451065063,-0.037625692784786224,0.4843684434890747,0.9588092565536499,-0.02161196991801262,0.5305325388908386,0.9713522791862488,-0.030226536095142365,0.5596215724945068,0.9799777269363403,-0.03456933796405792,0.5820169448852539,0.9883528351783752,-0.03690096363425255,0.47306156158447266,0.978739857673645,-0.023598648607730865,0.5093507766723633,0.9885855913162231,-0.03101526014506817,0.5310811996459961,0.9952901005744934,-0.032359056174755096,0.5482391119003296,1.001638412475586,-0.032133184373378754
49,49,1,0,1,1.0,0.0,1.0,0.5741674304008484,0.210950568318367,-1.0392588376998901,0.9999680519104004,0.6056870222091675,0.17046286165714264,-0.9893220663070679,0.9999321103096008,0.6210601329803467,0.17217029631137848,-0.9894374012947083,0.9999114871025085,0.6337644457817078,0.1740451455116272,-0.9893108606338501,0.9998975396156311,0.5563884973526001,0.16920992732048035,-0.9811766743659973,0.9999546408653259,0.5419543385505676,0.17018508911132812,-0.9809557795524597,0.9999580383300781,0.5291209816932678,0.17126958072185516,-0.9815132021903992,0.9999651908874512,0.6585603952407837,0.2031165063381195,-0.6017469167709351,0.9998759627342224,0.5201110243797302,0.19886426627635956,-0.5552989840507507,0.9999675154685974,0.6087154150009155,0.26707443594932556,-0.8940483331680298,0.9999800324440002,0.5437638759613037,0.26151153445243835,-0.8828310966491699,0.9999895691871643,0.7526966333389282,0.49324658513069153,-0.30948707461357117,0.9989824891090393,0.4181089997291565,0.46271464228630066,-0.3244747519493103,0.9999197125434875,0.8043254017829895,0.8993170857429504,-0.1667080819606781,0.8331321477890015,0.21318574249744415,0.7506209015846252,-0.4760958254337311,0.9918656945228577,0.8055844306945801,1.2250291109085083,-0.5416062474250793,0.38099974393844604,0.40654778480529785,0.9099147319793701,-1.0612564086914062,0.8881691694259644,0.8119112253189087,1.3309928178787231,-0.6552673578262329,0.2718375027179718,0.467794269323349,0.9525171518325806,-1.1957440376281738,0.7654089331626892,0.7862545251846313,1.3110078573226929,-0.7317873239517212,0.319344699382782,0.48432978987693787,0.9001321196556091,-1.219482183456421,0.787679135799408,0.7716134786605835,1.2696988582611084,-0.5862974524497986,0.3425423800945282,0.4742811322212219,0.8823373913764954,-1.0788344144821167,0.7673584818840027,0.6883108615875244,1.1654936075210571,-0.05161410570144653,0.1570669263601303,0.4683835506439209,1.1585819721221924,0.05432714894413948,0.2285478264093399,0.6831551194190979,1.6766055822372437,-0.06631342321634293,0.0050548287108540535,0.45789870619773865,1.6723380088806152,0.0787169560790062,0.004480267409235239,0.6819339990615845,2.145907163619995,0.4789077639579773,0.0007204763242043555,0.46672892570495605,2.1509435176849365,0.44639110565185547,0.0009556173463352025,0.6883974075317383,2.2166128158569336,0.49901366233825684,0.0004116734489798546,0.46464094519615173,2.225234031677246,0.46495261788368225,0.0016399206360802054,0.6408978700637817,2.294940710067749,-0.02564907632768154,0.000718595227226615,0.48436373472213745,2.294264554977417,-0.09024056792259216,0.0029094258788973093,nan,nan,nan,nan,nan,nan,nan,nan,nan,nan,nan,nan,nan,nan,nan,nan,nan,nan,nan,nan,nan,nan,nan,nan,nan,nan,nan,nan,nan,nan,nan,nan,nan,nan,nan,nan,nan,nan,nan,nan,nan,nan,nan,nan,nan,nan,nan,nan,nan,nan,nan,nan,nan,nan,nan,nan,nan,nan,nan,nan,nan,nan,nan,0.4030914008617401,0.9097735285758972,1.8545027558047877e-07,0.4338114261627197,0.8673449754714966,-0.012017362751066685,0.47123125195503235,0.8447738885879517,-0.020698601379990578,0.5020298957824707,0.8362417221069336,-0.027620194479823112,0.5250808596611023,0.8266022801399231,-0.03432600945234299,0.49539679288864136,0.9085981845855713,-0.020082833245396614,0.5390304923057556,0.9266654253005981,-0.031592924147844315,0.565780758857727,0.9382460117340088,-0.03943430259823799,0.5867812633514404,0.948671817779541,-0.043874591588974,0.48929691314697266,0.9447360634803772,-0.020917294546961784,0.5362830758094788,0.959997832775116,-0.029505105689167976,0.566413402557373,0.9700950980186462,-0.03476487845182419,0.5906561017036438,0.9799288511276245,-0.03836219757795334,0.4798153042793274,0.9716587662696838,-0.022501757368445396,0.5246101021766663,0.9865952134132385,-0.030818775296211243,0.5534798502922058,0.9943597316741943,-0.034250658005476,0.5760807991027832,1.0012935400009155,-0.03588511422276497,0.46954023838043213,0.9904386401176453,-0.024874214082956314,0.5063716769218445,1.0003056526184082,-0.03172922506928444,0.5300785303115845,1.0067936182022095,-0.032367706298828125,0.5497011542320251,1.0125927925109863,-0.031647708266973495
50,50,1,0,1,1.0,0.0,1.0,0.5734497904777527,0.21092520654201508,-1.0577763319015503,0.9999687075614929,0.6044141054153442,0.1704612672328949,-1.008143663406372,0.9999334812164307,0.6200146675109863,0.17214089632034302,-1.008237600326538,0.9999129772186279,0.6328372359275818,0.17398005723953247,-1.008100152015686,0.9998981952667236,0.5549948811531067,0.16933520138263702,-0.9991396069526672,0.9999561905860901,0.5401381254196167,0.17037956416606903,-0.9988822937011719,0.9999595880508423,0.5278131365776062,0.1715252846479416,-0.9994446635246277,0.9999667406082153,0.6570945382118225,0.2030675709247589,-0.617685854434967,0.9998772740364075,0.5184183120727539,0.19938282668590546,-0.5611861944198608,0.9999692440032959,0.6083306074142456,0.2669495642185211,-0.9114305377006531,0.9999798536300659,0.5430890917778015,0.2615126073360443,-0.8988798260688782,0.9999899864196777,0.7522544264793396,0.49392446875572205,-0.32015594840049744,0.9988667964935303,0.41740840673446655,0.4650029242038727,-0.3313925862312317,0.99991375207901,0.80437171459198,0.8998340964317322,-0.1716274470090866,0.8329883813858032,0.21486738324165344,0.7580088973045349,-0.4685911238193512,0.9914371967315674,0.8043175935745239,1.2239899635314941,-0.5780659317970276,0.38637009263038635,0.4064808487892151,0.9172153472900391,-1.014916181564331,0.890112042427063,0.8105958700180054,1.3297908306121826,-0.6926144957542419,0.28147608041763306,0.4663371443748474,0.9596399068832397,-1.1408696174621582,0.772000789642334,0.7836002111434937,1.3103766441345215,-0.7666516900062561,0.32999780774116516,0.48296087980270386,0.9086275100708008,-1.1672929525375366,0.7947956919670105,0.7687870860099792,1.2683837413787842,-0.6212347745895386,0.35004621744155884,0.4733366370201111,0.891019880771637,-1.0318456888198853,0.772892415523529,0.688914954662323,1.1662236452102661,-0.048552583903074265,0.1592307984828949,0.4683997631072998,1.1559641361236572,0.05101314187049866,0.2306668758392334,0.6762880086898804,1.6751515865325928,-0.09925379604101181,0.012773794122040272,0.4576924443244934,1.6711094379425049,0.06807218492031097,0.00940301176160574,0.6815617084503174,2.145393133163452,0.40284594893455505,0.0014515126822516322,0.466694176197052,2.148643970489502,0.41055911779403687,0.001772519783116877,0.6882621049880981,2.2168848514556885,0.4191616475582123,0.0007509327260777354,0.46481427550315857,2.2221627235412598,0.4257969856262207,0.0025668747257441282,0.6407464146614075,2.293119192123413,-0.09463419020175934,0.0014793468872085214,0.4805944561958313,2.292081594467163,-0.11286131292581558,0.005007091909646988,nan,nan,nan,nan,nan,nan,nan,nan,nan,nan,nan,nan,nan,nan,nan,nan,nan,nan,nan,nan,nan,nan,nan,nan,nan,nan,nan,nan,nan,nan,nan,nan,nan,nan,nan,nan,nan,nan,nan,nan,nan,nan,nan,nan,nan,nan,nan,nan,nan,nan,nan,nan,nan,nan,nan,nan,nan,nan,nan,nan,nan,nan,nan,0.39702990651130676,0.9160222411155701,1.812099554854285e-07,0.4319322407245636,0.8784715533256531,-0.012807536870241165,0.46972164511680603,0.8595267534255981,-0.0227364432066679,0.5028427243232727,0.8550054430961609,-0.03051634505391121,0.5282461047172546,0.8476459980010986,-0.03804246336221695,0.4833402931690216,0.9168780446052551,-0.024927876889705658,0.5287918448448181,0.9392114281654358,-0.037199970334768295,0.5563594102859497,0.9526777267456055,-0.04459468647837639,0.578007161617279,0.9633551239967346,-0.04839257895946503,0.4736420214176178,0.9516730308532715,-0.024749916046857834,0.5212335586547852,0.9714519381523132,-0.0334305465221405,0.550727903842926,0.9825021028518677,-0.03736380487680435,0.5740260481834412,0.9918728470802307,-0.0399741493165493,0.46091145277023315,0.9768012762069702,-0.024860085919499397,0.5038526058197021,0.9935746788978577,-0.03245335817337036,0.5318049192428589,1.0019019842147827,-0.03285700082778931,0.552727222442627,1.0081523656845093,-0.032407186925411224,0.4480465054512024,0.9938914775848389,-0.025793176144361496,0.4827468991279602,1.005753755569458,-0.03176777437329292,0.5059412121772766,1.0129640102386475,-0.03015904501080513,0.524345338344574,1.0181968212127686,-0.027655836194753647
51,51,1,0,1,1.0,0.0,1.0,0.571948230266571,0.2108650505542755,-1.0773532390594482,0.9999687075614929,0.6023517847061157,0.17040158808231354,-1.0263769626617432,0.9999335408210754,0.6183825135231018,0.1719794124364853,-1.0265491008758545,0.9999128580093384,0.631420910358429,0.17368558049201965,-1.0263055562973022,0.9998970627784729,0.5530278086662292,0.1695755273103714,-1.0221760272979736,0.9999569058418274,0.5380297899246216,0.17079876363277435,-1.0222612619400024,0.9999604821205139,0.5262982249259949,0.17209258675575256,-1.0228129625320435,0.9999677538871765,0.654970109462738,0.2025783807039261,-0.6454144716262817,0.9998762011528015,0.5168531537055969,0.2000846117734909,-0.6157001256942749,0.9999704957008362,0.6074934005737305,0.26681920886039734,-0.9322498440742493,0.9999793171882629,0.5421485304832458,0.26143819093704224,-0.9258323907852173,0.9999902248382568,0.7510572671890259,0.4941965639591217,-0.3250138759613037,0.9987743496894836,0.41726356744766235,0.46827182173728943,-0.3633621335029602,0.9999082684516907,0.8044953346252441,0.8998156785964966,-0.17779605090618134,0.8342504501342773,0.2189708948135376,0.7660512924194336,-0.465689092874527,0.9912286400794983,0.8040065765380859,1.2167733907699585,-0.57977694272995,0.39209234714508057,0.4060661196708679,0.9271647930145264,-0.9752939939498901,0.8928644061088562,0.8103793263435364,1.3213145732879639,-0.6903412938117981,0.29037967324256897,0.4624423384666443,0.9686004519462585,-1.0980148315429688,0.778885543346405,0.7833631634712219,1.3034225702285767,-0.7672559022903442,0.33945754170417786,0.48057445883750916,0.9193034768104553,-1.1276320219039917,0.8019185662269592,0.7684577107429504,1.2611572742462158,-0.6234520673751831,0.357619047164917,0.4716154932975769,0.9023549556732178,-0.9926929473876953,0.7792238593101501,0.6898548603057861,1.1648924350738525,-0.042739350348711014,0.16608694195747375,0.46847596764564514,1.1545156240463257,0.045005373656749725,0.2377549409866333,0.6750039458274841,1.6747487783432007,-0.08363613486289978,0.0182367991656065,0.4574199318885803,1.6705820560455322,0.06073809787631035,0.013205167837440968,0.6811158657073975,2.144876003265381,0.433266818523407,0.0018542566103860736,0.466630220413208,2.146467924118042,0.4100457727909088,0.002287687500938773,0.687889575958252,2.215575933456421,0.4516904950141907,0.0009553792770020664,0.46484145522117615,2.218985080718994,0.4268668293952942,0.003149187657982111,0.6404722929000854,2.2918732166290283,-0.0584120973944664,0.0018616524757817388,0.48029130697250366,2.2906980514526367,-0.10898083448410034,0.006196637637913227,nan,nan,nan,nan,nan,nan,nan,nan,nan,nan,nan,nan,nan,nan,nan,nan,nan,nan,nan,nan,nan,nan,nan,nan,nan,nan,nan,nan,nan,nan,nan,nan,nan,nan,nan,nan,nan,nan,nan,nan,nan,nan,nan,nan,nan,nan,nan,nan,nan,nan,nan,nan,nan,nan,nan,nan,nan,nan,nan,nan,nan,nan,nan,0.391032338142395,0.9241259098052979,1.8624248809828714e-07,0.4284687042236328,0.8930639624595642,-0.012558291666209698,0.4706737995147705,0.8833433389663696,-0.02059073932468891,0.5052606463432312,0.8861845135688782,-0.025960709899663925,0.531768262386322,0.8875172734260559,-0.03083322010934353,0.47396689653396606,0.931512176990509,-0.025295166298747063,0.5177197456359863,0.9574458599090576,-0.03563622012734413,0.5448189973831177,0.9735046625137329,-0.041234035044908524,0.5657998919487,0.9843661785125732,-0.04405076429247856,0.4608698785305023,0.9630579948425293,-0.023830560967326164,0.5036591291427612,0.9895262718200684,-0.029381422325968742,0.529994547367096,1.0020065307617188,-0.030743179842829704,0.5494658350944519,1.010143518447876,-0.03208562731742859,0.4451332986354828,0.9873823523521423,-0.022422203794121742,0.4826958477497101,1.014015555381775,-0.026658108457922935,0.5073344707489014,1.0268651247024536,-0.023778555914759636,0.5250666737556458,1.0363686084747314,-0.02173950895667076,0.42925459146499634,1.0045409202575684,-0.02186736837029457,0.457751601934433,1.0275944471359253,-0.02488807961344719,0.4758357107639313,1.040970802307129,-0.02085888385772705,0.48965945839881897,1.0508781671524048,-0.01708640530705452
52,52,1,0,1,1.0,0.0,1.0,0.5700730681419373,0.21194089949131012,-0.9617555737495422,0.9999638795852661,0.5996173620223999,0.1713816523551941,-0.9069076776504517,0.9999244809150696,0.6162101626396179,0.17273075878620148,-0.9071460962295532,0.9999006986618042,0.6296294927597046,0.17420588433742523,-0.9069161415100098,0.9998813271522522,0.5508095026016235,0.17151667177677155,-0.904636561870575,0.9999518394470215,0.5358996987342834,0.17275986075401306,-0.9047595858573914,0.9999562501907349,0.5247577428817749,0.17383314669132233,-0.9053665995597839,0.9999651908874512,0.6528364419937134,0.2026796191930771,-0.524627149105072,0.9998534917831421,0.5153253078460693,0.20117345452308655,-0.5082494020462036,0.9999688863754272,0.6062635183334351,0.2672765552997589,-0.8152233958244324,0.9999738335609436,0.5409508347511292,0.262278288602829,-0.811599850654602,0.9999889135360718,0.7496460676193237,0.4940778911113739,-0.19991998374462128,0.9984668493270874,0.4174624979496002,0.46981433033943176,-0.2722240090370178,0.9998772740364075,0.8042615056037903,0.898773729801178,-0.06908536702394485,0.8226123452186584,0.22882334887981415,0.7741631865501404,-0.32477864623069763,0.9898266792297363,0.8047714233398438,1.2081210613250732,-0.466268390417099,0.3936283588409424,0.40537014603614807,0.9478023648262024,-0.8132972717285156,0.8909043669700623,0.8135769963264465,1.310904622077942,-0.5816529989242554,0.29649239778518677,0.4569699168205261,0.9914515614509583,-0.9363120198249817,0.7801614999771118,0.7859079241752625,1.2946226596832275,-0.6604446768760681,0.3467499613761902,0.4785442352294922,0.9473068714141846,-0.9811350107192993,0.8046672940254211,0.769827127456665,1.2535332441329956,-0.513215184211731,0.36164963245391846,0.46964961290359497,0.9278272390365601,-0.8369923830032349,0.7797979116439819,0.689473032951355,1.1692577600479126,-0.03854622691869736,0.1629643738269806,0.46861162781715393,1.1561411619186401,0.04084441438317299,0.2309071123600006,0.6688029170036316,1.6711533069610596,-0.12758007645606995,0.022433077916502953,0.45530128479003906,1.6587696075439453,0.0013228986645117402,0.015682363882660866,0.6780052185058594,2.1439855098724365,0.33979517221450806,0.0022323934826999903,0.46307235956192017,2.146224021911621,0.29804757237434387,0.0026051076129078865,0.6849527359008789,2.2155137062072754,0.35206177830696106,0.001128760864958167,0.4621862471103668,2.2170865535736084,0.307982861995697,0.0035426905378699303,0.6374183893203735,2.291149377822876,-0.15691104531288147,0.0022545538377016783,0.47464269399642944,2.287724494934082,-0.2253682166337967,0.006951112765818834,nan,nan,nan,nan,nan,nan,nan,nan,nan,nan,nan,nan,nan,nan,nan,nan,nan,nan,nan,nan,nan,nan,nan,nan,nan,nan,nan,nan,nan,nan,nan,nan,nan,nan,nan,nan,nan,nan,nan,nan,nan,nan,nan,nan,nan,nan,nan,nan,nan,nan,nan,nan,nan,nan,nan,nan,nan,nan,nan,nan,nan,nan,nan,0.3919362425804138,0.9433245658874512,2.127182767708291e-07,0.4300186336040497,0.9140402674674988,-0.009672965854406357,0.474934458732605,0.9128796458244324,-0.013536732643842697,0.5082290172576904,0.9218587279319763,-0.016123156994581223,0.5327975749969482,0.9306308627128601,-0.017790650948882103,0.4760894179344177,0.952864408493042,-0.008502401411533356,0.5142440795898438,0.9819880127906799,-0.015491864643990993,0.537116527557373,1.0032416582107544,-0.020528409630060196,0.5522083044052124,1.0171115398406982,-0.022668922320008278,0.46439623832702637,0.9820346832275391,-0.006448925472795963,0.5026677250862122,1.0127533674240112,-0.008284248411655426,0.5257754921913147,1.0290335416793823,-0.009784558787941933,0.5427992939949036,1.0394160747528076,-0.010927916504442692,0.4505839943885803,1.0073431730270386,-0.005372405052185059,0.48449569940567017,1.0376323461532593,-0.0072026364505290985,0.5055493116378784,1.0528059005737305,-0.005066606681793928,0.5214893221855164,1.0642421245574951,-0.003382077207788825,0.43541204929351807,1.0271003246307373,-0.0052152033895254135,0.46115100383758545,1.0553992986679077,-0.0064639500342309475,0.47639888525009155,1.0705281496047974,-0.0028421476017683744,0.48858746886253357,1.0818390846252441,0.000649730209261179
53,53,1,0,1,1.0,0.0,1.0,0.569412112236023,0.21466511487960815,-0.879490852355957,0.9999586343765259,0.5990307331085205,0.1729598343372345,-0.8202487230300903,0.9999156594276428,0.6157063245773315,0.17400573194026947,-0.8205753564834595,0.99988853931427,0.6291162371635437,0.17538122832775116,-0.8204709887504578,0.9998692274093628,0.5498418211936951,0.17409220337867737,-0.8200348615646362,0.9999458193778992,0.5349711179733276,0.17530493438243866,-0.8201355934143066,0.9999502897262573,0.5239874720573425,0.17607073485851288,-0.820776641368866,0.999961793422699,0.6518691778182983,0.20354025065898895,-0.434682697057724,0.9998308420181274,0.5143571496009827,0.20282462239265442,-0.42974749207496643,0.9999666213989258,0.6056267619132996,0.269010066986084,-0.7319096326828003,0.9999675154685974,0.5402388572692871,0.2653443217277527,-0.7318544387817383,0.9999868273735046,0.7478986978530884,0.493916392326355,-0.13371673226356506,0.9980996251106262,0.4184284806251526,0.4728550612926483,-0.2003917247056961,0.9998217225074768,0.8030147552490234,0.896628201007843,-0.010667745023965836,0.8076927065849304,0.23663735389709473,0.78370600938797,-0.23954956233501434,0.9874326586723328,0.79890376329422,1.21108877658844,-0.36328455805778503,0.39404237270355225,0.4082430899143219,0.9764569997787476,-0.702064573764801,0.8795337677001953,0.8090847134590149,1.3168730735778809,-0.47543996572494507,0.301882803440094,0.4568941593170166,1.0376313924789429,-0.8239429593086243,0.7691794037818909,0.7797411680221558,1.302490472793579,-0.5518101453781128,0.35363492369651794,0.48088860511779785,1.0012189149856567,-0.868390679359436,0.7966337203979492,0.7635175585746765,1.2613657712936401,-0.4080849587917328,0.36593011021614075,0.4705278277397156,0.9746360778808594,-0.7257371544837952,0.7690436840057373,0.6871505379676819,1.1805044412612915,-0.03934350982308388,0.15641924738883972,0.4666217863559723,1.1610381603240967,0.04166875779628754,0.2201717346906662,0.6488187909126282,1.6710963249206543,-0.19462421536445618,0.02427043206989765,0.4394668638706207,1.6541517972946167,-0.03758135065436363,0.017223844304680824,0.6528510451316833,2.1502604484558105,0.276248961687088,0.0023929018061608076,0.4371081292629242,2.148495674133301,0.24156951904296875,0.0028371349908411503,0.6604371070861816,2.2237815856933594,0.2885635495185852,0.0011756097665056586,0.43768510222435,2.222500801086426,0.24996598064899445,0.003719606902450323,0.6091198921203613,2.2943313121795654,-0.22153981029987335,0.002489407081156969,0.4404057562351227,2.293163776397705,-0.28757745027542114,0.007749879267066717,nan,nan,nan,nan,nan,nan,nan,nan,nan,nan,nan,nan,nan,nan,nan,nan,nan,nan,nan,nan,nan,nan,nan,nan,nan,nan,nan,nan,nan,nan,nan,nan,nan,nan,nan,nan,nan,nan,nan,nan,nan,nan,nan,nan,nan,nan,nan,nan,nan,nan,nan,nan,nan,nan,nan,nan,nan,nan,nan,nan,nan,nan,nan,0.3950863480567932,0.9568710923194885,1.7867098733859166e-07,0.43155643343925476,0.9416648149490356,-0.002878577681258321,0.47459906339645386,0.9489237070083618,-0.0050594196654856205,0.5050091743469238,0.9627522826194763,-0.007646042387932539,0.5289610624313354,0.974044919013977,-0.009254262782633305,0.4850674569606781,0.9611988663673401,-0.0017520264955237508,0.5129266977310181,0.9970600605010986,-0.009710647165775299,0.5236806869506836,1.0257316827774048,-0.015422914177179337,0.5283633470535278,1.0448235273361206,-0.018240878358483315,0.4743773639202118,0.9776073694229126,-0.003848273539915681,0.5018233060836792,1.012940764427185,-0.007701229304075241,0.5089534521102905,1.0360642671585083,-0.010356842540204525,0.5137834548950195,1.0541824102401733,-0.012663665227591991,0.46087032556533813,0.9959041476249695,-0.0067015341483056545,0.4863886535167694,1.0304856300354004,-0.01084107905626297,0.4924256503582001,1.0523004531860352,-0.008939354680478573,0.49615156650543213,1.0685479640960693,-0.00762999476864934,0.4446731209754944,1.0150787830352783,-0.010011824779212475,0.46621471643447876,1.045701265335083,-0.012098835781216621,0.4716476798057556,1.0654540061950684,-0.00857879500836134,0.4749012887477875,1.0792639255523682,-0.005598793271929026
54,54,1,0,0,1.0,0.0,0.0,0.5684482455253601,0.2186134308576584,-0.9362069368362427,0.9999489188194275,0.597859263420105,0.17481835186481476,-0.8799639940261841,0.9998975992202759,0.6147758364677429,0.17508600652217865,-0.8802573084831238,0.999863862991333,0.6282808184623718,0.17602865397930145,-0.8801577687263489,0.9998424053192139,0.5482131242752075,0.1777937263250351,-0.8782860040664673,0.9999333620071411,0.533272385597229,0.17897070944309235,-0.8783801794052124,0.9999380111694336,0.5224140286445618,0.17935214936733246,-0.8790022134780884,0.9999538064002991,0.6505085825920105,0.20355716347694397,-0.49365752935409546,0.9997879862785339,0.5121477246284485,0.20466472208499908,-0.481781005859375,0.9999601244926453,0.6050904989242554,0.2712835669517517,-0.7881745100021362,0.9999591708183289,0.5394518375396729,0.2696484327316284,-0.7859221696853638,0.9999841451644897,0.746508002281189,0.49388566613197327,-0.18696936964988708,0.9977735877037048,0.41905227303504944,0.4748360514640808,-0.2419600486755371,0.9997605085372925,0.7997019290924072,0.896647572517395,-0.059107184410095215,0.7956565022468567,0.24639391899108887,0.7972247004508972,-0.26784414052963257,0.9843254089355469,0.7931150794029236,1.229113221168518,-0.41052573919296265,0.38991981744766235,0.4128184914588928,1.0017913579940796,-0.7085942625999451,0.8616140484809875,0.8055370450019836,1.3387954235076904,-0.5226580500602722,0.3029477894306183,0.455597460269928,1.077804684638977,-0.8265439867973328,0.7507066130638123,0.7744213938713074,1.3277323246002197,-0.5988489389419556,0.35592907667160034,0.4838438034057617,1.03903329372406,-0.877086341381073,0.7818713784217834,0.7572909593582153,1.285056471824646,-0.4549834132194519,0.3652738630771637,0.47346752882003784,1.008844256401062,-0.7336391806602478,0.7516499757766724,0.686156153678894,1.1820417642593384,-0.040111880749464035,0.1504555642604828,0.4660276770591736,1.1625802516937256,0.04245849698781967,0.20933210849761963,0.6457732319831848,1.6777586936950684,-0.16020603477954865,0.027252983301877975,0.43471845984458923,1.656188726425171,-0.016631625592708588,0.019212299957871437,0.647109866142273,2.161395788192749,0.3193690776824951,0.0027413279749453068,0.4329712986946106,2.1538021564483643,0.282439649105072,0.0031407098285853863,0.6528721451759338,2.235396146774292,0.3327922523021698,0.001303893979638815,0.4332473874092102,2.2287187576293945,0.2930481731891632,0.0040522185154259205,0.6055121421813965,2.303666830062866,-0.18169322609901428,0.002833130769431591,0.43936270475387573,2.2985594272613525,-0.24859604239463806,0.008414381183683872,nan,nan,nan,nan,nan,nan,nan,nan,nan,nan,nan,nan,nan,nan,nan,nan,nan,nan,nan,nan,nan,nan,nan,nan,nan,nan,nan,nan,nan,nan,nan,nan,nan,nan,nan,nan,nan,nan,nan,nan,nan,nan,nan,nan,nan,nan,nan,nan,nan,nan,nan,nan,nan,nan,nan,nan,nan,nan,nan,nan,nan,nan,nan,nan,nan,nan,nan,nan,nan,nan,nan,nan,nan,nan,nan,nan,nan,nan,nan,nan,nan,nan,nan,nan,nan,nan,nan,nan,nan,nan,nan,nan,nan,nan,nan,nan,nan,nan,nan,nan,nan,nan,nan,nan,nan,nan,nan,nan,nan,nan,nan,nan,nan,nan,nan,nan,nan,nan,nan,nan,nan,nan,nan,nan,nan,nan
55,55,1,0,0,1.0,0.0,0.0,0.5677351355552673,0.2227446436882019,-0.9328553080558777,0.9999444484710693,0.5968506336212158,0.17787684500217438,-0.8763092756271362,0.9998920559883118,0.6139580607414246,0.17768843472003937,-0.876623809337616,0.9998552203178406,0.6275705695152283,0.1783667951822281,-0.8765987157821655,0.9998360872268677,0.5466110110282898,0.18085633218288422,-0.8706244230270386,0.9999276399612427,0.5312891602516174,0.18180900812149048,-0.8706628680229187,0.9999312162399292,0.5205392837524414,0.18177703022956848,-0.8712161183357239,0.9999494552612305,0.6490811109542847,0.20446039736270905,-0.49626675248146057,0.9997767806053162,0.5078524351119995,0.20661211013793945,-0.4665093421936035,0.9999560117721558,0.6045171022415161,0.2736857533454895,-0.7892075181007385,0.9999560117721558,0.5380281805992126,0.272875040769577,-0.7817140817642212,0.999982476234436,0.7434794902801514,0.492935448884964,-0.21997007727622986,0.9978157877922058,0.4191250205039978,0.4778895080089569,-0.21125388145446777,0.999717652797699,0.7956154942512512,0.8967686891555786,-0.06794668734073639,0.7953971028327942,0.2587089240550995,0.8100553750991821,-0.22857975959777832,0.9812422394752502,0.7920886278152466,1.2453604936599731,-0.4254261553287506,0.3919556736946106,0.3996172547340393,1.0154023170471191,-0.6976253390312195,0.8388797640800476,0.8056357502937317,1.3562179803848267,-0.5250104665756226,0.3085689842700958,0.41696953773498535,1.0904000997543335,-0.8133529424667358,0.7270817756652832,0.7743993997573853,1.3504496812820435,-0.605463981628418,0.3635014295578003,0.46619027853012085,1.0506725311279297,-0.8736721873283386,0.7624339461326599,0.7568060755729675,1.3082774877548218,-0.467385470867157,0.37083011865615845,0.4572544991970062,1.0214173793792725,-0.7288974523544312,0.7317320108413696,0.6860572099685669,1.1829657554626465,-0.06711818277835846,0.14938147366046906,0.4673241078853607,1.1688082218170166,0.06972874701023102,0.2020668387413025,0.6485781669616699,1.701348066329956,-0.16373179852962494,0.026900403201580048,0.4359058439731598,1.682241439819336,0.006856844760477543,0.0189739391207695,0.6455822587013245,2.1859610080718994,0.31138092279434204,0.002669384004548192,0.4337504804134369,2.1733920574188232,0.3046133816242218,0.003028032137081027,0.6509579420089722,2.2597708702087402,0.3240508437156677,0.0012608496472239494,0.4337294101715088,2.248164653778076,0.31582096219062805,0.003929962404072285,0.6030153036117554,2.324627161026001,-0.190445214509964,0.002732836175709963,0.44105371832847595,2.314337968826294,-0.23057913780212402,0.008024360984563828,nan,nan,nan,nan,nan,nan,nan,nan,nan,nan,nan,nan,nan,nan,nan,nan,nan,nan,nan,nan,nan,nan,nan,nan,nan,nan,nan,nan,nan,nan,nan,nan,nan,nan,nan,nan,nan,nan,nan,nan,nan,nan,nan,nan,nan,nan,nan,nan,nan,nan,nan,nan,nan,nan,nan,nan,nan,nan,nan,nan,nan,nan,nan,nan,nan,nan,nan,nan,nan,nan,nan,nan,nan,nan,nan,nan,nan,nan,nan,nan,nan,nan,nan,nan,nan,nan,nan,nan,nan,nan,nan,nan,nan,nan,nan,nan,nan,nan,nan,nan,nan,nan,nan,nan,nan,nan,nan,nan,nan,nan,nan,nan,nan,nan,nan,nan,nan,nan,nan,nan,nan,nan,nan,nan,nan,nan
56,56,1,0,0,1.0,0.0,0.0,0.56767737865448,0.22772715985774994,-0.9353580474853516,0.9999445676803589,0.5962081551551819,0.1818426251411438,-0.8764086961746216,0.9998949766159058,0.6132461428642273,0.18085244297981262,-0.8766045570373535,0.9998586773872375,0.6268559098243713,0.18097728490829468,-0.8765770196914673,0.9998420476913452,0.5459734201431274,0.18519334495067596,-0.8664237260818481,0.9999277591705322,0.5303208827972412,0.1861620843410492,-0.8663727045059204,0.9999300837516785,0.5196360945701599,0.18595705926418304,-0.8668546676635742,0.9999485015869141,0.6474219560623169,0.205866739153862,-0.488759845495224,0.9997847080230713,0.5049264430999756,0.21026362478733063,-0.43833428621292114,0.999954104423523,0.6043789386749268,0.27678653597831726,-0.7913068532943726,0.9999566674232483,0.5376979112625122,0.2773296535015106,-0.7780352234840393,0.9999817609786987,0.7409845590591431,0.4903838336467743,-0.22160077095031738,0.9979846477508545,0.4191158711910248,0.48325568437576294,-0.17013823986053467,0.9997049570083618,0.7915114164352417,0.894436240196228,-0.1737121343612671,0.8024498224258423,0.27197402715682983,0.817627489566803,-0.22916050255298615,0.9779543280601501,0.7829872369766235,1.2334153652191162,-0.5343178510665894,0.3938520848751068,0.3768051266670227,1.0174280405044556,-0.767547070980072,0.8077653050422668,0.8033818006515503,1.354422688484192,-0.6489222049713135,0.31374305486679077,0.38842862844467163,1.0981827974319458,-0.8892925977706909,0.696331799030304,0.7729254961013794,1.3472672700881958,-0.7264496684074402,0.37192606925964355,0.43892186880111694,1.0572237968444824,-0.9495428204536438,0.7361633777618408,0.7558555603027344,1.3057390451431274,-0.5779833197593689,0.3752082288265228,0.4353548586368561,1.027117371559143,-0.8017813563346863,0.7057873606681824,0.6848872303962708,1.1855480670928955,-0.10163573920726776,0.14967823028564453,0.4676389694213867,1.1219340562820435,0.10448727756738663,0.1974712461233139,0.650309681892395,1.714057445526123,-0.16335885226726532,0.026445085182785988,0.43618708848953247,1.7008360624313354,0.02887498401105404,0.01869877800345421,0.6465506553649902,2.2009389400482178,0.33699309825897217,0.0026331546250730753,0.4341902732849121,2.1923091411590576,0.3530585467815399,0.002909285482019186,0.652452826499939,2.2749428749084473,0.35151153802871704,0.0012378570390865207,0.4348861575126648,2.26670503616333,0.36744481325149536,0.0038392043206840754,0.6044979691505432,2.336045742034912,-0.17496266961097717,0.002643122337758541,0.4430779814720154,2.3289904594421387,-0.18706920742988586,0.007542475592344999,nan,nan,nan,nan,nan,nan,nan,nan,nan,nan,nan,nan,nan,nan,nan,nan,nan,nan,nan,nan,nan,nan,nan,nan,nan,nan,nan,nan,nan,nan,nan,nan,nan,nan,nan,nan,nan,nan,nan,nan,nan,nan,nan,nan,nan,nan,nan,nan,nan,nan,nan,nan,nan,nan,nan,nan,nan,nan,nan,nan,nan,nan,nan,nan,nan,nan,nan,nan,nan,nan,nan,nan,nan,nan,nan,nan,nan,nan,nan,nan,nan,nan,nan,nan,nan,nan,nan,nan,nan,nan,nan,nan,nan,nan,nan,nan,nan,nan,nan,nan,nan,nan,nan,nan,nan,nan,nan,nan,nan,nan,nan,nan,nan,nan,nan,nan,nan,nan,nan,nan,nan,nan,nan,nan,nan,nan
57,57,1,0,0,1.0,0.0,0.0,0.5676029920578003,0.2324652224779129,-0.9471680521965027,0.9999467134475708,0.5956305265426636,0.18570320308208466,-0.8876762390136719,0.9999004602432251,0.6125867366790771,0.18416450917720795,-0.887869656085968,0.9998654723167419,0.6261180639266968,0.18392890691757202,-0.8878328204154968,0.9998510479927063,0.5451627969741821,0.1894061118364334,-0.8806150555610657,0.9999302625656128,0.5292118787765503,0.19050706923007965,-0.8805370330810547,0.9999315142631531,0.5184205770492554,0.1903432458639145,-0.8809807896614075,0.9999495148658752,0.6456435918807983,0.2088770866394043,-0.4930608868598938,0.9997967481613159,0.5010614991188049,0.21526150405406952,-0.45727747678756714,0.9999544620513916,0.6042181253433228,0.28043511509895325,-0.8011114001274109,0.9999589323997498,0.5369207262992859,0.28225407004356384,-0.791051983833313,0.9999821782112122,0.7382113337516785,0.4876769483089447,-0.23441806435585022,0.9981480836868286,0.41794413328170776,0.48820459842681885,-0.19789791107177734,0.9996938705444336,0.7889723777770996,0.8891953825950623,-0.1764271855354309,0.8095113039016724,0.28282979130744934,0.8274768590927124,-0.23280318081378937,0.9744481444358826,0.7801132798194885,1.2191427946090698,-0.5421584248542786,0.40258029103279114,0.3626542389392853,1.034087061882019,-0.7472043037414551,0.7786805033683777,0.8039649724960327,1.3534598350524902,-0.6608098745346069,0.32490333914756775,0.36970895528793335,1.1198135614395142,-0.8671146631240845,0.668627142906189,0.7731693983078003,1.3460898399353027,-0.7400292158126831,0.3864893913269043,0.41407346725463867,1.0679876804351807,-0.9397392272949219,0.7130790948867798,0.7562311887741089,1.3048752546310425,-0.5877835750579834,0.3863343596458435,0.42122894525527954,1.0392946004867554,-0.7864516973495483,0.6834447383880615,0.6848343014717102,1.190325140953064,-0.09714517742395401,0.14344504475593567,0.4676547646522522,1.1652331352233887,0.100077785551548,0.18556928634643555,0.6510632634162903,1.7241569757461548,-0.14741316437721252,0.024940557777881622,0.43623510003089905,1.7110648155212402,0.03421390801668167,0.017565129324793816,0.6405090093612671,2.2084896564483643,0.36156347393989563,0.002505146898329258,0.4329991340637207,2.1977946758270264,0.3686992824077606,0.002707826904952526,0.6445971727371216,2.2815513610839844,0.37785831093788147,0.0011695126304402947,0.4331881105899811,2.271026849746704,0.3855423331260681,0.0036250946577638388,0.6011379957199097,2.343759059906006,-0.14368762075901031,0.0024871344212442636,0.4411051869392395,2.3357741832733154,-0.16768300533294678,0.006996845826506615,nan,nan,nan,nan,nan,nan,nan,nan,nan,nan,nan,nan,nan,nan,nan,nan,nan,nan,nan,nan,nan,nan,nan,nan,nan,nan,nan,nan,nan,nan,nan,nan,nan,nan,nan,nan,nan,nan,nan,nan,nan,nan,nan,nan,nan,nan,nan,nan,nan,nan,nan,nan,nan,nan,nan,nan,nan,nan,nan,nan,nan,nan,nan,nan,nan,nan,nan,nan,nan,nan,nan,nan,nan,nan,nan,nan,nan,nan,nan,nan,nan,nan,nan,nan,nan,nan,nan,nan,nan,nan,nan,nan,nan,nan,nan,nan,nan,nan,nan,nan,nan,nan,nan,nan,nan,nan,nan,nan,nan,nan,nan,nan,nan,nan,nan,nan,nan,nan,nan,nan,nan,nan,nan,nan,nan,nan
58,58,1,0,0,1.0,0.0,0.0,0.5675747394561768,0.23418837785720825,-0.933987021446228,0.9999490976333618,0.5949224233627319,0.18735021352767944,-0.8738963007926941,0.9999058246612549,0.6116753220558167,0.18581730127334595,-0.8741040229797363,0.9998724460601807,0.6250174045562744,0.18554165959358215,-0.8740670084953308,0.9998599886894226,0.5443769693374634,0.19087417423725128,-0.8698735237121582,0.9999327063560486,0.5282999277114868,0.19201549887657166,-0.8697538375854492,0.999933123588562,0.5172936916351318,0.1919568032026291,-0.8701460957527161,0.9999504089355469,0.6438214778900146,0.21091581881046295,-0.4795350134372711,0.9998089671134949,0.4982033669948578,0.21799664199352264,-0.4559659957885742,0.9999549984931946,0.6039179563522339,0.2817319929599762,-0.7884659171104431,0.9999613761901855,0.5365227460861206,0.2839154005050659,-0.7818673849105835,0.9999827146530151,0.7361103892326355,0.48614102602005005,-0.2340562343597412,0.9983004927635193,0.41739320755004883,0.4928947687149048,-0.21119871735572815,0.9996846318244934,0.7873528003692627,0.8853957653045654,-0.1730966567993164,0.8163783550262451,0.291361540555954,0.832037091255188,-0.22471566498279572,0.970025897026062,0.7794712781906128,1.2171587944030762,-0.5328479409217834,0.4098343551158905,0.35465651750564575,1.0489922761917114,-0.6933136582374573,0.7465412020683289,0.8080053329467773,1.3574070930480957,-0.6490061283111572,0.33711498975753784,0.3668171465396881,1.1436752080917358,-0.8076567649841309,0.6408010125160217,0.7764215469360352,1.3540838956832886,-0.7301265001296997,0.40214189887046814,0.404468834400177,1.1110045909881592,-0.8876155018806458,0.689731776714325,0.7585123181343079,1.3128173351287842,-0.5792852640151978,0.3996743857860565,0.4138200879096985,1.057878017425537,-0.7354978322982788,0.6622018814086914,0.6847684383392334,1.1914902925491333,-0.09173695743083954,0.13600808382034302,0.46803340315818787,1.1783394813537598,0.09444992244243622,0.17291858792304993,0.6518508791923523,1.7274914979934692,-0.1413089483976364,0.023320646956562996,0.4363861083984375,1.713957667350769,0.03390447050333023,0.016377883031964302,0.637938916683197,2.2110626697540283,0.3613101541996002,0.0023425272665917873,0.4320515990257263,2.1989214420318604,0.35788315534591675,0.0024974646512418985,0.6412689685821533,2.2826755046844482,0.3759728670120239,0.001092766411602497,0.4315301775932312,2.2708730697631836,0.3709995150566101,0.003370752092450857,0.5998885631561279,2.3467283248901367,-0.1502823680639267,0.0023156926035881042,0.44091278314590454,2.3384721279144287,-0.19721904397010803,0.0064581455662846565,nan,nan,nan,nan,nan,nan,nan,nan,nan,nan,nan,nan,nan,nan,nan,nan,nan,nan,nan,nan,nan,nan,nan,nan,nan,nan,nan,nan,nan,nan,nan,nan,nan,nan,nan,nan,nan,nan,nan,nan,nan,nan,nan,nan,nan,nan,nan,nan,nan,nan,nan,nan,nan,nan,nan,nan,nan,nan,nan,nan,nan,nan,nan,nan,nan,nan,nan,nan,nan,nan,nan,nan,nan,nan,nan,nan,nan,nan,nan,nan,nan,nan,nan,nan,nan,nan,nan,nan,nan,nan,nan,nan,nan,nan,nan,nan,nan,nan,nan,nan,nan,nan,nan,nan,nan,nan,nan,nan,nan,nan,nan,nan,nan,nan,nan,nan,nan,nan,nan,nan,nan,nan,nan,nan,nan,nan
59,59,1,0,0,1.0,0.0,0.0,0.5647986531257629,0.23661503195762634,-0.912575900554657,0.9999488592147827,0.5913122892379761,0.18968160450458527,-0.8556168675422668,0.999905526638031,0.6080916523933411,0.18806512653827667,-0.8559093475341797,0.9998724460601807,0.6221567988395691,0.1876240074634552,-0.8558923006057739,0.9998624920845032,0.540402352809906,0.19284820556640625,-0.849545955657959,0.999929666519165,0.5249738693237305,0.19397395849227905,-0.8493335843086243,0.9999285340309143,0.5135080218315125,0.1939966231584549,-0.8498042821884155,0.9999463558197021,0.6409610509872437,0.21322984993457794,-0.4755164086818695,0.9998117685317993,0.49425452947616577,0.22063003480434418,-0.4421593248844147,0.999950110912323,0.6013672351837158,0.28404271602630615,-0.7721012234687805,0.9999619722366333,0.5331733226776123,0.2863258719444275,-0.7627360224723816,0.9999816417694092,0.7340573072433472,0.48436394333839417,-0.23855197429656982,0.9984168410301208,0.4164498746395111,0.49532604217529297,-0.20149627327919006,0.9996431469917297,0.7854350805282593,0.8822488188743591,-0.17242920398712158,0.8198462724685669,0.30142900347709656,0.8344913721084595,-0.17290811240673065,0.9600242376327515,0.7795358896255493,1.2172775268554688,-0.5269563794136047,0.42416873574256897,0.34592753648757935,1.0832053422927856,-0.6017919182777405,0.7140157222747803,0.8081348538398743,1.3643114566802979,-0.6416226625442505,0.3545927107334137,0.34784695506095886,1.1870776414871216,-0.7147062420845032,0.6141875386238098,0.7767717242240906,1.3636512756347656,-0.722402811050415,0.4224768280982971,0.3811190724372864,1.164047360420227,-0.807007908821106,0.6668173670768738,0.7586677074432373,1.3231397867202759,-0.5732025504112244,0.4185681939125061,0.38755282759666443,1.130348801612854,-0.6507270932197571,0.6416657567024231,0.6847217679023743,1.1908386945724487,-0.08878409117460251,0.12668655812740326,0.4678724706172943,1.1200071573257446,0.09130140393972397,0.15921953320503235,0.652381956577301,1.7263315916061401,-0.14608028531074524,0.02127351239323616,0.43626970052719116,1.7108097076416016,-0.021190891042351723,0.01492998655885458,0.6368633508682251,2.20868182182312,0.3488527834415436,0.0021362975239753723,0.4280417859554291,2.1972994804382324,0.2991746962070465,0.0022711344063282013,0.6400786638259888,2.2796592712402344,0.3624352514743805,0.0009966171346604824,0.42601433396339417,2.270550489425659,0.31231075525283813,0.0030715097673237324,0.5979442000389099,2.346024513244629,-0.17044129967689514,0.0021148365922272205,0.43981242179870605,2.336398124694824,-0.2688766419887543,0.005893788766115904,nan,nan,nan,nan,nan,nan,nan,nan,nan,nan,nan,nan,nan,nan,nan,nan,nan,nan,nan,nan,nan,nan,nan,nan,nan,nan,nan,nan,nan,nan,nan,nan,nan,nan,nan,nan,nan,nan,nan,nan,nan,nan,nan,nan,nan,nan,nan,nan,nan,nan,nan,nan,nan,nan,nan,nan,nan,nan,nan,nan,nan,nan,nan,nan,nan,nan,nan,nan,nan,nan,nan,nan,nan,nan,nan,nan,nan,nan,nan,nan,nan,nan,nan,nan,nan,nan,nan,nan,nan,nan,nan,nan,nan,nan,nan,nan,nan,nan,nan,nan,nan,nan,nan,nan,nan,nan,nan,nan,nan,nan,nan,nan,nan,nan,nan,nan,nan,nan,nan,nan,nan,nan,nan,nan,nan,nan
60,60,1,0,0,1.0,0.0,0.0,0.5635583996772766,0.23853853344917297,-0.993148922920227,0.999950110912323,0.589097797870636,0.1911216527223587,-0.9380438923835754,0.9999067783355713,0.605792760848999,0.18949097394943237,-0.9384381175041199,0.9998759031295776,0.6201490163803101,0.18913330137729645,-0.9383847117424011,0.9998664855957031,0.5379639267921448,0.19424866139888763,-0.9422475099563599,0.9999284148216248,0.5226622223854065,0.1954333633184433,-0.9421237707138062,0.9999275207519531,0.5107101798057556,0.19562965631484985,-0.9426506757736206,0.9999439120292664,0.6381425261497498,0.2150152623653412,-0.5423824191093445,0.9998186826705933,0.48991093039512634,0.22347858548164368,-0.552638828754425,0.9999483823776245,0.6000557541847229,0.28672921657562256,-0.843305230140686,0.999963104724884,0.5312986373901367,0.2895154058933258,-0.8467483520507812,0.9999812841415405,0.7317907810211182,0.4824562072753906,-0.26217398047447205,0.9985270500183105,0.41425949335098267,0.49757421016693115,-0.3075380325317383,0.9996159672737122,0.7840763926506042,0.8791614770889282,-0.1742287576198578,0.8269116878509521,0.3128814399242401,0.8362922668457031,-0.20847542583942413,0.9486681222915649,0.7800552248954773,1.2168179750442505,-0.5309401750564575,0.44602274894714355,0.32217347621917725,1.1168749332427979,-0.6881157159805298,0.6937337517738342,0.8085275888442993,1.3700536489486694,-0.6412238478660583,0.3819561302661896,0.3153529763221741,1.224613070487976,-0.8048445582389832,0.6026347875595093,0.7791256904602051,1.3715232610702515,-0.7339792251586914,0.45143890380859375,0.34367048740386963,1.2085570096969604,-0.8816238641738892,0.658963143825531,0.7594488859176636,1.3304840326309204,-0.5822620987892151,0.4467080235481262,0.35490846633911133,1.1749076843261719,-0.7325599193572998,0.6371465921401978,0.6753672361373901,1.1223838329315186,-0.05129774287343025,0.11884205043315887,0.4677392840385437,1.1466472148895264,0.054315246641635895,0.14743778109550476,0.6544987559318542,1.7232128381729126,-0.09365963190793991,0.01987428590655327,0.43653544783592224,1.7082983255386353,-0.03386000916361809,0.01378737110644579,0.6380524635314941,2.2064526081085205,0.38831645250320435,0.0019985223188996315,0.4271083474159241,2.194610357284546,0.30894315242767334,0.0021082337480038404,0.6412444114685059,2.278899669647217,0.40039119124412537,0.0009357340750284493,0.42460718750953674,2.2678961753845215,0.3228979706764221,0.002843917813152075,0.5989845395088196,2.344245672225952,-0.13300320506095886,0.001994534395635128,0.4399777948856354,2.334660053253174,-0.25496706366539,0.005541438702493906,nan,nan,nan,nan,nan,nan,nan,nan,nan,nan,nan,nan,nan,nan,nan,nan,nan,nan,nan,nan,nan,nan,nan,nan,nan,nan,nan,nan,nan,nan,nan,nan,nan,nan,nan,nan,nan,nan,nan,nan,nan,nan,nan,nan,nan,nan,nan,nan,nan,nan,nan,nan,nan,nan,nan,nan,nan,nan,nan,nan,nan,nan,nan,nan,nan,nan,nan,nan,nan,nan,nan,nan,nan,nan,nan,nan,nan,nan,nan,nan,nan,nan,nan,nan,nan,nan,nan,nan,nan,nan,nan,nan,nan,nan,nan,nan,nan,nan,nan,nan,nan,nan,nan,nan,nan,nan,nan,nan,nan,nan,nan,nan,nan,nan,nan,nan,nan,nan,nan,nan,nan,nan,nan,nan,nan,nan
61,61,1,0,0,1.0,0.0,0.0,0.5618430376052856,0.2388114184141159,-1.0198081731796265,0.9999510049819946,0.5867841243743896,0.19164666533470154,-0.9640878438949585,0.9999066591262817,0.6032359004020691,0.19015087187290192,-0.9644567370414734,0.9998787045478821,0.617827296257019,0.18996018171310425,-0.9643532037734985,0.9998692274093628,0.5360869765281677,0.19467243552207947,-0.9725621342658997,0.9999257326126099,0.520789384841919,0.19589219987392426,-0.9724578857421875,0.9999257326126099,0.5085486769676208,0.19608737528324127,-0.9730202555656433,0.9999397993087769,0.635318398475647,0.21648965775966644,-0.5610929131507874,0.999824047088623,0.4869472086429596,0.22457726299762726,-0.5912833213806152,0.9999455213546753,0.5974559783935547,0.28761494159698486,-0.8663613200187683,0.9999639391899109,0.5293124914169312,0.29043227434158325,-0.8753918409347534,0.9999805092811584,0.7290641069412231,0.4809967577457428,-0.26209425926208496,0.9986311197280884,0.4130958616733551,0.4982614517211914,-0.3604314923286438,0.999591052532196,0.7825998067855835,0.8759492635726929,-0.16624149680137634,0.835274338722229,0.32482853531837463,0.8411737680435181,-0.2866322100162506,0.9348375797271729,0.780570387840271,1.2152659893035889,-0.5287955403327942,0.4709661602973938,0.31486213207244873,1.1345804929733276,-0.7165337800979614,0.6779682040214539,0.8082168698310852,1.347052812576294,-0.638312578201294,0.412404328584671,0.30103832483291626,1.2449339628219604,-0.8346878886222839,0.5963263511657715,0.7806859016418457,1.3762245178222656,-0.7348558306694031,0.48263993859291077,0.32692116498947144,1.236205816268921,-0.8885713815689087,0.6556240320205688,0.7599343657493591,1.3348559141159058,-0.5821507573127747,0.4772036671638489,0.3417876362800598,1.2010084390640259,-0.7596620321273804,0.6374017596244812,0.6693814992904663,1.1023004055023193,-0.014995490200817585,0.11282294243574142,0.467336505651474,1.1522865295410156,0.018084432929754257,0.13776831328868866,0.6545649766921997,1.7226096391677856,-0.055150799453258514,0.018854230642318726,0.43675893545150757,1.7047642469406128,-0.07622833549976349,0.012818368151783943,0.637421190738678,2.198606014251709,0.4197048544883728,0.0019200572278350592,0.4235230088233948,2.190340518951416,0.2732096016407013,0.0019888512324541807,0.6403215527534485,2.267094135284424,0.4306212365627289,0.0009076393907889724,0.4199150502681732,2.263010263442993,0.28573572635650635,0.002664425643160939,0.5991054773330688,2.3346991539001465,-0.10432402789592743,0.0019336238037794828,0.4370824694633484,2.3276445865631104,-0.29846030473709106,0.0053123850375413895,nan,nan,nan,nan,nan,nan,nan,nan,nan,nan,nan,nan,nan,nan,nan,nan,nan,nan,nan,nan,nan,nan,nan,nan,nan,nan,nan,nan,nan,nan,nan,nan,nan,nan,nan,nan,nan,nan,nan,nan,nan,nan,nan,nan,nan,nan,nan,nan,nan,nan,nan,nan,nan,nan,nan,nan,nan,nan,nan,nan,nan,nan,nan,nan,nan,nan,nan,nan,nan,nan,nan,nan,nan,nan,nan,nan,nan,nan,nan,nan,nan,nan,nan,nan,nan,nan,nan,nan,nan,nan,nan,nan,nan,nan,nan,nan,nan,nan,nan,nan,nan,nan,nan,nan,nan,nan,nan,nan,nan,nan,nan,nan,nan,nan,nan,nan,nan,nan,nan,nan,nan,nan,nan,nan,nan,nan
62,62,1,0,0,1.0,0.0,0.0,0.5616482496261597,0.24086986482143402,-1.1553908586502075,0.9999499320983887,0.5862442255020142,0.19389018416404724,-1.1052345037460327,0.9999014735221863,0.6022701859474182,0.19238971173763275,-1.105504035949707,0.9998759031295776,0.6166335940361023,0.19218195974826813,-1.105454683303833,0.9998655915260315,0.5358168482780457,0.19712978601455688,-1.113816499710083,0.9999192357063293,0.5203160047531128,0.1985965073108673,-1.1137751340866089,0.9999206066131592,0.5079635381698608,0.1990925669670105,-1.114398717880249,0.9999328255653381,0.6331743597984314,0.21880605816841125,-0.7030588388442993,0.999821126461029,0.48562806844711304,0.22775310277938843,-0.7357298135757446,0.9999400973320007,0.5964161157608032,0.2896582782268524,-0.9997304081916809,0.9999628663063049,0.5284989476203918,0.2938370406627655,-1.0090669393539429,0.9999785423278809,0.7272174954414368,0.48036137223243713,-0.3792303204536438,0.9986966252326965,0.41170135140419006,0.49939849972724915,-0.48050278425216675,0.9995647072792053,0.782112717628479,0.8748800754547119,-0.2591301500797272,0.8403247594833374,0.3330332934856415,0.8514857888221741,-0.41510194540023804,0.9200670123100281,0.7807861566543579,1.2204593420028687,-0.6164084672927856,0.4865287244319916,0.3123065233230591,1.1597778797149658,-0.7979069352149963,0.6615443229675293,0.808152973651886,1.3724342584609985,-0.7202591300010681,0.43078097701072693,0.2940894365310669,1.2701764106750488,-0.9137687683105469,0.5871304273605347,0.7812055945396423,1.3859390020370483,-0.8259474635124207,0.5029106140136719,0.31912264227867126,1.2640961408615112,-1.0275905132293701,0.6488882899284363,0.7599989175796509,1.3447344303131104,-0.6726371049880981,0.4971546232700348,0.33689776062965393,1.2293756008148193,-0.8571791648864746,0.6338490843772888,0.6671048402786255,1.095628261566162,-0.014483804814517498,0.10573586076498032,0.46635326743125916,1.097921371459961,0.017390362918376923,0.12812472879886627,0.6548047661781311,1.7216145992279053,-0.031201865524053574,0.017513517290353775,0.4350457787513733,1.7024860382080078,-0.06937132030725479,0.011772435158491135,0.6343129873275757,2.192355155944824,0.47879132628440857,0.0018289522267878056,0.4160309433937073,2.1868717670440674,0.2969626486301422,0.001861653639934957,0.6364365816116333,2.2590420246124268,0.4943283200263977,0.0008678519516251981,0.41223663091659546,2.260021924972534,0.3118033707141876,0.002480048220604658,0.5963541269302368,2.3311264514923096,-0.03440054506063461,0.0018480666913092136,0.42967015504837036,2.324547290802002,-0.2673512101173401,0.00500461645424366,nan,nan,nan,nan,nan,nan,nan,nan,nan,nan,nan,nan,nan,nan,nan,nan,nan,nan,nan,nan,nan,nan,nan,nan,nan,nan,nan,nan,nan,nan,nan,nan,nan,nan,nan,nan,nan,nan,nan,nan,nan,nan,nan,nan,nan,nan,nan,nan,nan,nan,nan,nan,nan,nan,nan,nan,nan,nan,nan,nan,nan,nan,nan,nan,nan,nan,nan,nan,nan,nan,nan,nan,nan,nan,nan,nan,nan,nan,nan,nan,nan,nan,nan,nan,nan,nan,nan,nan,nan,nan,nan,nan,nan,nan,nan,nan,nan,nan,nan,nan,nan,nan,nan,nan,nan,nan,nan,nan,nan,nan,nan,nan,nan,nan,nan,nan,nan,nan,nan,nan,nan,nan,nan,nan,nan,nan
63,63,1,0,0,1.0,0.0,0.0,0.5616508722305298,0.24229319393634796,-1.1311652660369873,0.9999431371688843,0.5858686566352844,0.19568726420402527,-1.0797929763793945,0.9998834729194641,0.6015045642852783,0.1945098340511322,-1.080057144165039,0.9998605847358704,0.615604043006897,0.19459661841392517,-1.0800436735153198,0.9998475313186646,0.5358411073684692,0.19831305742263794,-1.090012788772583,0.9999009370803833,0.52019864320755,0.1997508853673935,-1.0899499654769897,0.999905526638031,0.5077218413352966,0.20036806166172028,-1.0906031131744385,0.9999151825904846,0.6314228177070618,0.2211100459098816,-0.6766587495803833,0.9998013973236084,0.48430371284484863,0.22930121421813965,-0.7163293957710266,0.9999260902404785,0.595859169960022,0.2916911542415619,-0.9750596284866333,0.999958336353302,0.5279440879821777,0.295903742313385,-0.9860405921936035,0.9999735951423645,0.7256859540939331,0.4801725149154663,-0.35167595744132996,0.9987269043922424,0.4096108078956604,0.5000165700912476,-0.47669506072998047,0.9995108246803284,0.781513512134552,0.8741138577461243,-0.22972090542316437,0.8448045253753662,0.3422454595565796,0.8626254796981812,-0.42590317130088806,0.9048981070518494,0.7813228964805603,1.2280985116958618,-0.5887817144393921,0.4990893602371216,0.318496972322464,1.1610009670257568,-0.81793612241745,0.646374523639679,0.8082389831542969,1.3875906467437744,-0.7057994604110718,0.44360169768333435,0.3021323084831238,1.2696306705474854,-0.9363006353378296,0.5775923728942871,0.7820357084274292,1.3947612047195435,-0.7903600931167603,0.5175117254257202,0.32735490798950195,1.2624199390411377,-1.0546802282333374,0.6411247253417969,0.7602734565734863,1.3536299467086792,-0.6391779184341431,0.5118637084960938,0.3449057340621948,1.2280354499816895,-0.8769242167472839,0.6285111308097839,0.6658980250358582,1.0938071012496948,-0.008718324825167656,0.10230245441198349,0.463454008102417,1.1318587064743042,0.011498321779072285,0.12209447473287582,0.6546323895454407,1.7203792333602905,-0.011756989173591137,0.01643250696361065,0.43243351578712463,1.6980507373809814,-0.07544618844985962,0.010865561664104462,0.631747841835022,2.183840751647949,0.5112384557723999,0.0017776977038010955,0.4093702733516693,2.1798770427703857,0.30062001943588257,0.0017687964718788862,0.6335209608078003,2.249119281768799,0.5291200876235962,0.0008569735218770802,0.4050878882408142,2.2538411617279053,0.316980242729187,0.002342021791264415,0.593885600566864,2.326913595199585,0.011733533814549446,0.0017844849498942494,0.4230952262878418,2.317633628845215,-0.25710004568099976,0.004727022722363472,nan,nan,nan,nan,nan,nan,nan,nan,nan,nan,nan,nan,nan,nan,nan,nan,nan,nan,nan,nan,nan,nan,nan,nan,nan,nan,nan,nan,nan,nan,nan,nan,nan,nan,nan,nan,nan,nan,nan,nan,nan,nan,nan,nan,nan,nan,nan,nan,nan,nan,nan,nan,nan,nan,nan,nan,nan,nan,nan,nan,nan,nan,nan,nan,nan,nan,nan,nan,nan,nan,nan,nan,nan,nan,nan,nan,nan,nan,nan,nan,nan,nan,nan,nan,nan,nan,nan,nan,nan,nan,nan,nan,nan,nan,nan,nan,nan,nan,nan,nan,nan,nan,nan,nan,nan,nan,nan,nan,nan,nan,nan,nan,nan,nan,nan,nan,nan,nan,nan,nan,nan,nan,nan,nan,nan,nan
64,64,0,0,0,0.0,0.0,0.0,nan,nan,nan,nan,nan,nan,nan,nan,nan,nan,nan,nan,nan,nan,nan,nan,nan,nan,nan,nan,nan,nan,nan,nan,nan,nan,nan,nan,nan,nan,nan,nan,nan,nan,nan,nan,nan,nan,nan,nan,nan,nan,nan,nan,nan,nan,nan,nan,nan,nan,nan,nan,nan,nan,nan,nan,nan,nan,nan,nan,nan,nan,nan,nan,nan,nan,nan,nan,nan,nan,nan,nan,nan,nan,nan,nan,nan,nan,nan,nan,nan,nan,nan,nan,nan,nan,nan,nan,nan,nan,nan,nan,nan,nan,nan,nan,nan,nan,nan,nan,nan,nan,nan,nan,nan,nan,nan,nan,nan,nan,nan,nan,nan,nan,nan,nan,nan,nan,nan,nan,nan,nan,nan,nan,nan,nan,nan,nan,nan,nan,nan,nan,nan,nan,nan,nan,nan,nan,nan,nan,nan,nan,nan,nan,nan,nan,nan,nan,nan,nan,nan,nan,nan,nan,nan,nan,nan,nan,nan,nan,nan,nan,nan,nan,nan,nan,nan,nan,nan,nan,nan,nan,nan,nan,nan,nan,nan,nan,nan,nan,nan,nan,nan,nan,nan,nan,nan,nan,nan,nan,nan,nan,nan,nan,nan,nan,nan,nan,nan,nan,nan,nan,nan,nan,nan,nan,nan,nan,nan,nan,nan,nan,nan,nan,nan,nan,nan,nan,nan,nan,nan,nan,nan,nan,nan,nan,nan,nan,nan,nan,nan,nan,nan,nan,nan,nan,nan,nan,nan,nan,nan,nan,nan,nan,nan,nan,nan,nan,nan,nan,nan,nan,nan,nan,nan,nan,nan,nan
