frame,timestamp_ms,pose_present,left_hand_present,right_hand_present,pose_score,left_hand_score,right_hand_score,pose_lm0_x,pose_lm0_y,pose_lm0_z,pose_lm0_vis,pose_lm1_x,pose_lm1_y,pose_lm1_z,pose_lm1_vis,pose_lm2_x,pose_lm2_y,pose_lm2_z,pose_lm2_vis,pose_lm3_x,pose_lm3_y,pose_lm3_z,pose_lm3_vis,pose_lm4_x,pose_lm4_y,pose_lm4_z,pose_lm4_vis,pose_lm5_x,pose_lm5_y,pose_lm5_z,pose_lm5_vis,pose_lm6_x,pose_lm6_y,pose_lm6_z,pose_lm6_vis,pose_lm7_x,pose_lm7_y,pose_lm7_z,pose_lm7_vis,pose_lm8_x,pose_lm8_y,pose_lm8_z,pose_lm8_vis,pose_lm9_x,pose_lm9_y,pose_lm9_z,pose_lm9_vis,pose_lm10_x,pose_lm10_y,pose_lm10_z,pose_lm10_vis,pose_lm11_x,pose_lm11_y,pose_lm11_z,pose_lm11_vis,pose_lm12_x,pose_lm12_y,pose_lm12_z,pose_lm12_vis,pose_lm13_x,pose_lm13_y,pose_lm13_z,pose_lm13_vis,pose_lm14_x,pose_lm14_y,pose_lm14_z,pose_lm14_vis,pose_lm15_x,pose_lm15_y,pose_lm15_z,pose_lm15_vis,pose_lm16_x,pose_lm16_y,pose_lm16_z,pose_lm16_vis,pose_lm17_x,pose_lm17_y,pose_lm17_z,pose_lm17_vis,pose_lm18_x,pose_lm18_y,pose_lm18_z,pose_lm18_vis,pose_lm19_x,pose_lm19_y,pose_lm19_z,pose_lm19_vis,pose_lm20_x,pose_lm20_y,pose_lm20_z,pose_lm20_vis,pose_lm21_x,pose_lm21_y,pose_lm21_z,pose_lm21_vis,pose_lm22_x,pose_lm22_y,pose_lm22_z,pose_lm22_vis,pose_lm23_x,pose_lm23_y,pose_lm23_z,pose_lm23_vis,pose_lm24_x,pose_lm24_y,pose_lm24_z,pose_lm24_vis,pose_lm25_x,pose_lm25_y,pose_lm25_z,pose_lm25_vis,pose_lm26_x,pose_lm26_y,pose_lm26_z,pose_lm26_vis,pose_lm27_x,pose_lm27_y,pose_lm27_z,pose_lm27_vis,pose_lm28_x,pose_lm28_y,pose_lm28_z,pose_lm28_vis,pose_lm29_x,pose_lm29_y,pose_lm29_z,pose_lm29_vis,pose_lm30_x,pose_lm30_y,pose_lm30_z,pose_lm30_vis,pose_lm31_x,pose_lm31_y,pose_lm31_z,pose_lm31_vis,pose_lm32_x,pose_lm32_y,pose_lm32_z,pose_lm32_vis,left_lm0_x,left_lm0_y,left_lm0_z,left_lm1_x,left_lm1_y,left_lm1_z,left_lm2_x,left_lm2_y,left_lm2_z,left_lm3_x,left_lm3_y,left_lm3_z,left_lm4_x,left_lm4_y,left_lm4_z,left_lm5_x,left_lm5_y,left_lm5_z,left_lm6_x,left_lm6_y,left_lm6_z,left_lm7_x,left_lm7_y,left_lm7_z,left_lm8_x,left_lm8_y,left_lm8_z,left_lm9_x,left_lm9_y,left_lm9_z,left_lm10_x,left_lm10_y,left_lm10_z,left_lm11_x,left_lm11_y,left_lm11_z,left_lm12_x,left_lm12_y,left_lm12_z,left_lm13_x,left_lm13_y,left_lm13_z,left_lm14_x,left_lm14_y,left_lm14_z,left_lm15_x,left_lm15_y,left_lm15_z,left_lm16_x,left_lm16_y,left_lm16_z,left_lm17_x,left_lm17_y,left_lm17_z,left_lm18_x,left_lm18_y,left_lm18_z,left_lm19_x,left_lm19_y,left_lm19_z,left_lm20_x,left_lm20_y,left_lm20_z,right_lm0_x,right_lm0_y,right_lm0_z,right_lm1_x,right_lm1_y,right_lm1_z,right_lm2_x,right_lm2_y,right_lm2_z,right_lm3_x,right_lm3_y,right_lm3_z,right_lm4_x,right_lm4_y,right_lm4_z,right_lm5_x,right_lm5_y,right_lm5_z,right_lm6_x,right_lm6_y,right_lm6_z,right_lm7_x,right_lm7_y,right_lm7_z,right_lm8_x,right_lm8_y,right_lm8_z,right_lm9_x,right_lm9_y,right_lm9_z,right_lm10_x,right_lm10_y,right_lm10_z,right_lm11_x,right_lm11_y,right_lm11_z,right_lm12_x,right_lm12_y,right_lm12_z,right_lm13_x,right_lm13_y,right_lm13_z,right_lm14_x,right_lm14_y,right_lm14_z,right_lm15_x,right_lm15_y,right_lm15_z,right_lm16_x,right_lm16_y,right_lm16_z,right_lm17_x,right_lm17_y,right_lm17_z,right_lm18_x,right_lm18_y,right_lm18_z,right_lm19_x,right_lm19_y,right_lm19_z,right_lm20_x,right_lm20_y,right_lm20_z
0,0,1,0,0,1.0,0.0,0.0,0.5047593116760254,0.2730211019515991,-0.7583577632904053,0.9995573163032532,0.5185756087303162,0.23778212070465088,-0.7135582566261292,0.999264121055603,0.5273573398590088,0.23785971105098724,-0.7135426998138428,0.9990385174751282,0.535798192024231,0.23730827867984772,-0.7134732007980347,0.9987743496894836,0.49236229062080383,0.24023254215717316,-0.7193474769592285,0.9995808601379395,0.48245808482170105,0.24215468764305115,-0.719232439994812,0.9996610879898071,0.47306114435195923,0.2431088387966156,-0.7196221947669983,0.999750018119812,0.5514236688613892,0.25826331973075867,-0.4267072379589081,0.9983205199241638,0.4606771171092987,0.2645573914051056,-0.4465193450450897,0.9998119473457336,0.522223174571991,0.31947073340415955,-0.6549028754234314,0.9997458457946777,0.48888590931892395,0.3256931006908417,-0.6602543592453003,0.999915361404419,0.6382986903190613,0.5273486971855164,-0.2576158344745636,0.9966977834701538,0.3800361752510071,0.5283524990081787,-0.29333317279815674,0.9996746778488159,0.6996333003044128,0.8434709310531616,-0.17811673879623413,0.8251189589500427,0.3220294117927551,0.8442147970199585,-0.22681912779808044,0.9880805611610413,0.7061551809310913,1.1532529592514038,-0.4230823218822479,0.3889930844306946,0.3099764585494995,1.1514784097671509,-0.4898301362991333,0.8771474361419678,0.7226697206497192,1.2461453676223755,-0.49394509196281433,0.26765507459640503,0.2973884046077728,1.2517101764678955,-0.5644055008888245,0.7493783235549927,0.700522780418396,1.2500663995742798,-0.5548258423805237,0.2919307351112366,0.32395684719085693,1.2503845691680908,-0.6408700942993164,0.7645398378372192,0.6885836720466614,1.217974305152893,-0.45753204822540283,0.3027151823043823,0.3328338861465454,1.217647910118103,-0.5275670886039734,0.7356485724449158,0.5992985963821411,1.1790462732315063,-0.01773967780172825,0.6943072080612183,0.4238749146461487,1.180415391921997,0.01964419335126877,0.7393385171890259,0.5948256850242615,1.6821932792663574,0.08236734569072723,0.06093315780162811,0.43058353662490845,1.6859867572784424,0.09377128630876541,0.0507798045873642,0.5889120697975159,2.122671365737915,0.5691667199134827,0.01512644998729229,0.43038296699523926,2.1333796977996826,0.466782808303833,0.020888617262244225,0.5906239151954651,2.188009262084961,0.5954213738441467,0.007139948196709156,0.42935723066329956,2.198110580444336,0.4902432858943939,0.023807773366570473,0.5664060115814209,2.2633001804351807,0.22685135900974274,0.009842387400567532,0.45040223002433777,2.273120164871216,0.09004835784435272,0.033847514539957047,nan,nan,nan,nan,nan,nan,nan,nan,nan,nan,nan,nan,nan,nan,nan,nan,nan,nan,nan,nan,nan,nan,nan,nan,nan,nan,nan,nan,nan,nan,nan,nan,nan,nan,nan,nan,nan,nan,nan,nan,nan,nan,nan,nan,nan,nan,nan,nan,nan,nan,nan,nan,nan,nan,nan,nan,nan,nan,nan,nan,nan,nan,nan,nan,nan,nan,nan,nan,nan,nan,nan,nan,nan,nan,nan,nan,nan,nan,nan,nan,nan,nan,nan,nan,nan,nan,nan,nan,nan,nan,nan,nan,nan,nan,nan,nan,nan,nan,nan,nan,nan,nan,nan,nan,nan,nan,nan,nan,nan,nan,nan,nan,nan,nan,nan,nan,nan,nan,nan,nan,nan,nan,nan,nan,nan,nan
1,1,1,0,0,1.0,0.0,0.0,0.5164034962654114,0.29851678013801575,-0.8329473733901978,0.9995976090431213,0.5305691957473755,0.25847235321998596,-0.7974264621734619,0.9993276000022888,0.5399126410484314,0.2588091790676117,-0.7974391579627991,0.9991244673728943,0.5469048619270325,0.25906574726104736,-0.7975038886070251,0.998884916305542,0.5016041398048401,0.2587137222290039,-0.7950121760368347,0.9996131658554077,0.4937324523925781,0.25865641236305237,-0.7948921918869019,0.9996863007545471,0.48477858304977417,0.25960835814476013,-0.7951778173446655,0.9997659921646118,0.5633201003074646,0.27984458208084106,-0.5347593426704407,0.998470664024353,0.47804954648017883,0.28129589557647705,-0.5113157629966736,0.9998214244842529,0.5337935090065002,0.34127867221832275,-0.7349686622619629,0.9997687339782715,0.5003052949905396,0.3433314263820648,-0.728201150894165,0.9999216198921204,0.6517394781112671,0.54408198595047,-0.3626413941383362,0.9970086812973022,0.3936033844947815,0.546511173248291,-0.32981061935424805,0.9996933341026306,0.7155171632766724,0.8573810458183289,-0.317423939704895,0.8370524048805237,0.33664369583129883,0.8567254543304443,-0.23532718420028687,0.9852420091629028,0.7202339172363281,1.1379389762878418,-0.5800904631614685,0.37295153737068176,0.322125107049942,1.1332112550735474,-0.506172239780426,0.8251142501831055,0.738041341304779,1.2217631340026855,-0.6597597599029541,0.2529068887233734,0.2927105724811554,1.224767804145813,-0.5784512162208557,0.6964735984802246,0.713114857673645,1.2280073165893555,-0.7144631147384644,0.28063154220581055,0.31674957275390625,1.2221481800079346,-0.6565161943435669,0.7176063656806946,0.7010180354118347,1.1931737661361694,-0.6121677160263062,0.29061394929885864,0.3258398771286011,1.190514087677002,-0.5440760850906372,0.6943024396896362,0.6035032272338867,1.084619164466858,-0.04940119758248329,0.6266612410545349,0.43562203645706177,1.130414366722107,0.05176388844847679,0.6674387454986572,0.5852724313735962,1.589597463607788,0.08851483464241028,0.055072981864213943,0.4329301118850708,1.5882896184921265,0.24214956164360046,0.04582001268863678,0.5768622756004333,1.9760469198226929,0.5869120955467224,0.013646393083035946,0.4322904944419861,1.978736162185669,0.6977790594100952,0.018810266628861427,0.5798161625862122,2.0395689010620117,0.6148249506950378,0.006443860474973917,0.43035006523132324,2.039104461669922,0.731414258480072,0.02146231383085251,0.5493051409721375,2.112700939178467,0.24189656972885132,0.008880921639502048,0.4560360312461853,2.1230216026306152,0.3268781304359436,0.03048805706202984,nan,nan,nan,nan,nan,nan,nan,nan,nan,nan,nan,nan,nan,nan,nan,nan,nan,nan,nan,nan,nan,nan,nan,nan,nan,nan,nan,nan,nan,nan,nan,nan,nan,nan,nan,nan,nan,nan,nan,nan,nan,nan,nan,nan,nan,nan,nan,nan,nan,nan,nan,nan,nan,nan,nan,nan,nan,nan,nan,nan,nan,nan,nan,nan,nan,nan,nan,nan,nan,nan,nan,nan,nan,nan,nan,nan,nan,nan,nan,nan,nan,nan,nan,nan,nan,nan,nan,nan,nan,nan,nan,nan,nan,nan,nan,nan,nan,nan,nan,nan,nan,nan,nan,nan,nan,nan,nan,nan,nan,nan,nan,nan,nan,nan,nan,nan,nan,nan,nan,nan,nan,nan,nan,nan,nan,nan
2,2,1,0,0,1.0,0.0,0.0,0.5191319584846497,0.30018746852874756,-0.759451150894165,0.9996280670166016,0.5320538282394409,0.2619992792606354,-0.7233728766441345,0.9993669986724854,0.541947066783905,0.2617465853691101,-0.7235256433486938,0.9991881847381592,0.549873411655426,0.26227471232414246,-0.7237187027931213,0.9989674091339111,0.5060139894485474,0.26405707001686096,-0.7199981808662415,0.9996221661567688,0.4972907304763794,0.2651037275791168,-0.7198542356491089,0.9996919631958008,0.4887864291667938,0.2661430835723877,-0.7202088236808777,0.9997590780258179,0.5681586861610413,0.28326863050460815,-0.46020740270614624,0.9985873103141785,0.4792441427707672,0.2877662181854248,-0.4341520667076111,0.9998135566711426,0.536859929561615,0.3457767069339752,-0.660343587398529,0.9997870326042175,0.504105806350708,0.3466668725013733,-0.652216911315918,0.9999246001243591,0.6538999080657959,0.542941689491272,-0.2985278367996216,0.9972860217094421,0.39562734961509705,0.5481221675872803,-0.27290642261505127,0.9997032880783081,0.7184216976165771,0.8777081370353699,-0.25814178586006165,0.843309760093689,0.33956384658813477,0.8549763560295105,-0.1945444792509079,0.9813752770423889,0.7302417159080505,1.1572864055633545,-0.5527997612953186,0.35799485445022583,0.3150581121444702,1.1399177312850952,-0.4719896912574768,0.776291012763977,0.7499712705612183,1.2415772676467896,-0.6412655115127563,0.23937933146953583,0.29267123341560364,1.2298293113708496,-0.5482801198959351,0.6448312401771545,0.7325547933578491,1.2413179874420166,-0.7029337286949158,0.2696465849876404,0.32253792881965637,1.2105212211608887,-0.6285085678100586,0.6693524718284607,0.7178927659988403,1.205650806427002,-0.5891758799552917,0.2791476249694824,0.330718457698822,1.1792255640029907,-0.5111550092697144,0.6517528295516968,0.6173674464225769,1.161352515220642,-0.055178869515657425,0.5681594610214233,0.44872644543647766,1.1707758903503418,0.057465266436338425,0.6054372787475586,0.6138684749603271,1.637049913406372,0.0887521281838417,0.04989882558584213,0.45184096693992615,1.6472035646438599,0.23517943918704987,0.04142935201525688,0.6138432025909424,2.047769069671631,0.5878581404685974,0.012340416200459003,0.4503844082355499,2.068833112716675,0.6750558018684387,0.01695631444454193,0.6189218163490295,2.116715908050537,0.6160120368003845,0.005844697821885347,0.44747209548950195,2.1403615474700928,0.7071874737739563,0.019394515082240105,0.5849989056587219,2.1936538219451904,0.2424459457397461,0.008022245950996876,0.47522103786468506,2.2111976146698,0.30580076575279236,0.02748626284301281,nan,nan,nan,nan,nan,nan,nan,nan,nan,nan,nan,nan,nan,nan,nan,nan,nan,nan,nan,nan,nan,nan,nan,nan,nan,nan,nan,nan,nan,nan,nan,nan,nan,nan,nan,nan,nan,nan,nan,nan,nan,nan,nan,nan,nan,nan,nan,nan,nan,nan,nan,nan,nan,nan,nan,nan,nan,nan,nan,nan,nan,nan,nan,nan,nan,nan,nan,nan,nan,nan,nan,nan,nan,nan,nan,nan,nan,nan,nan,nan,nan,nan,nan,nan,nan,nan,nan,nan,nan,nan,nan,nan,nan,nan,nan,nan,nan,nan,nan,nan,nan,nan,nan,nan,nan,nan,nan,nan,nan,nan,nan,nan,nan,nan,nan,nan,nan,nan,nan,nan,nan,nan,nan,nan,nan,nan
3,3,1,0,0,1.0,0.0,0.0,0.5183840990066528,0.30162161588668823,-0.7903137803077698,0.9996548295021057,0.5344337224960327,0.2626572847366333,-0.7534575462341309,0.9994001388549805,0.5426139235496521,0.262760192155838,-0.7535580992698669,0.9992453455924988,0.5507908463478088,0.26372021436691284,-0.7537297010421753,0.9990403652191162,0.5047900080680847,0.2640237510204315,-0.7526349425315857,0.9996288418769836,0.49497607350349426,0.2649487257003784,-0.7524771690368652,0.9996981024742126,0.4874175190925598,0.26588496565818787,-0.7528427839279175,0.9997518658638,0.5679260492324829,0.28689250349998474,-0.4799327552318573,0.9986889958381653,0.47681376338005066,0.2873651087284088,-0.46332037448883057,0.99980628490448,0.5378090739250183,0.34761717915534973,-0.6877836585044861,0.9998027682304382,0.5008712410926819,0.34686657786369324,-0.6828956604003906,0.9999266862869263,0.6522855162620544,0.542827844619751,-0.30650487542152405,0.9975393414497375,0.39536333084106445,0.5490643382072449,-0.2906518280506134,0.9997148513793945,0.7170110940933228,0.8795210123062134,-0.24773801863193512,0.8505955338478088,0.3365761339664459,0.8671919107437134,-0.2125108689069748,0.9767677783966064,0.7225305438041687,1.1547343730926514,-0.5275298357009888,0.3462408483028412,0.3176523447036743,1.1557618379592896,-0.5003182291984558,0.7306748628616333,0.735558807849884,1.2480998039245605,-0.6105180382728577,0.2284138947725296,0.29779160022735596,1.2517354488372803,-0.5773787498474121,0.5977792143821716,0.7334627509117126,1.2416726350784302,-0.6736640334129333,0.26123055815696716,0.3196561634540558,1.243500828742981,-0.6596483588218689,0.6243950128555298,0.7194076776504517,1.206303358078003,-0.5636482238769531,0.2700272500514984,0.33527565002441406,1.1977342367172241,-0.5407803654670715,0.6119346618652344,0.62050861120224,1.1626476049423218,-0.04952044412493706,0.5164893269538879,0.4467542767524719,1.1701831817626953,0.0515778586268425,0.5507280826568604,0.6151695251464844,1.6428638696670532,0.10726238042116165,0.04520392417907715,0.4484907388687134,1.6547431945800781,0.2111576348543167,0.037439342588186264,0.611981987953186,2.0644631385803223,0.6143302917480469,0.011197222396731377,0.4456903636455536,2.086289882659912,0.6352574825286865,0.015295510180294514,0.6163941025733948,2.133185863494873,0.6430692672729492,0.005335136316716671,0.442760169506073,2.1580002307891846,0.6657995581626892,0.01754503883421421,0.5842276811599731,2.214864492416382,0.2686726152896881,0.0072614108212292194,0.4704112708568573,2.230424642562866,0.26268118619918823,0.024792468175292015,nan,nan,nan,nan,nan,nan,nan,nan,nan,nan,nan,nan,nan,nan,nan,nan,nan,nan,nan,nan,nan,nan,nan,nan,nan,nan,nan,nan,nan,nan,nan,nan,nan,nan,nan,nan,nan,nan,nan,nan,nan,nan,nan,nan,nan,nan,nan,nan,nan,nan,nan,nan,nan,nan,nan,nan,nan,nan,nan,nan,nan,nan,nan,nan,nan,nan,nan,nan,nan,nan,nan,nan,nan,nan,nan,nan,nan,nan,nan,nan,nan,nan,nan,nan,nan,nan,nan,nan,nan,nan,nan,nan,nan,nan,nan,nan,nan,nan,nan,nan,nan,nan,nan,nan,nan,nan,nan,nan,nan,nan,nan,nan,nan,nan,nan,nan,nan,nan,nan,nan,nan,nan,nan,nan,nan,nan
4,4,1,0,0,1.0,0.0,0.0,0.5173558592796326,0.29953375458717346,-0.7353500127792358,0.9996772408485413,0.5338696241378784,0.2597784698009491,-0.6962004899978638,0.9994261264801025,0.5436742305755615,0.2601642608642578,-0.6963260173797607,0.9992928504943848,0.5502044558525085,0.26141202449798584,-0.6964664459228516,0.999101459980011,0.5038166642189026,0.26150187849998474,-0.697451651096344,0.9996323585510254,0.4954839050769806,0.26302677392959595,-0.697270393371582,0.9997022151947021,0.4874039888381958,0.2645023763179779,-0.697661280632019,0.999744713306427,0.5665451884269714,0.2864408791065216,-0.4298263490200043,0.9987751841545105,0.4785619080066681,0.28687727451324463,-0.42403480410575867,0.9998029470443726,0.5377823114395142,0.34430915117263794,-0.6354773640632629,0.9998162388801575,0.4997367560863495,0.34483960270881653,-0.6337876319885254,0.9999282956123352,0.6539623141288757,0.545306921005249,-0.26770448684692383,0.9977606534957886,0.3966902494430542,0.5508022308349609,-0.27104464173316956,0.9997223019599915,0.7167335748672485,0.8759313821792603,-0.2101530283689499,0.85811847448349,0.33590424060821533,0.8682926893234253,-0.2115015685558319,0.9730303287506104,0.7159265279769897,1.1450889110565186,-0.45738399028778076,0.3417423665523529,0.32225301861763,1.1431357860565186,-0.4936964213848114,0.698512077331543,0.7314123511314392,1.2480063438415527,-0.5356804132461548,0.2239600419998169,0.3025323748588562,1.2406859397888184,-0.5726443529129028,0.5637274980545044,0.7307499647140503,1.2302446365356445,-0.597862184047699,0.25986534357070923,0.3273274004459381,1.2231858968734741,-0.6502618193626404,0.5924203395843506,0.7174341678619385,1.1965320110321045,-0.4926068186759949,0.26852646470069885,0.34073731303215027,1.1762851476669312,-0.5324233174324036,0.5853577852249146,0.6189988255500793,1.168447732925415,-0.04361310973763466,0.4710102081298828,0.44370168447494507,1.172703504562378,0.04528118669986725,0.5023062229156494,0.6098528504371643,1.6478129625320435,0.11051242798566818,0.0408504344522953,0.44032490253448486,1.6565724611282349,0.17522305250167847,0.03379933163523674,0.6014808416366577,2.0710134506225586,0.6023505330085754,0.010131877847015858,0.4332011640071869,2.08933424949646,0.5482306480407715,0.013793544843792915,0.6049688458442688,2.137286901473999,0.6296703815460205,0.004844720009714365,0.4299463629722595,2.158390998840332,0.574906051158905,0.015845874324440956,0.5748244524002075,2.2177016735076904,0.2668796181678772,0.0065642897970974445,0.4574243426322937,2.231452703475952,0.20442622900009155,0.022357642650604248,nan,nan,nan,nan,nan,nan,nan,nan,nan,nan,nan,nan,nan,nan,nan,nan,nan,nan,nan,nan,nan,nan,nan,nan,nan,nan,nan,nan,nan,nan,nan,nan,nan,nan,nan,nan,nan,nan,nan,nan,nan,nan,nan,nan,nan,nan,nan,nan,nan,nan,nan,nan,nan,nan,nan,nan,nan,nan,nan,nan,nan,nan,nan,nan,nan,nan,nan,nan,nan,nan,nan,nan,nan,nan,nan,nan,nan,nan,nan,nan,nan,nan,nan,nan,nan,nan,nan,nan,nan,nan,nan,nan,nan,nan,nan,nan,nan,nan,nan,nan,nan,nan,nan,nan,nan,nan,nan,nan,nan,nan,nan,nan,nan,nan,nan,nan,nan,nan,nan,nan,nan,nan,nan,nan,nan,nan
5,5,1,0,0,1.0,0.0,0.0,0.5177904963493347,0.3014254868030548,-0.7434684634208679,0.999700665473938,0.5344666838645935,0.26126497983932495,-0.7042971849441528,0.9994585514068604,0.5448709726333618,0.26143985986709595,-0.7044023275375366,0.9993413686752319,0.5516032576560974,0.2622053921222687,-0.7045401334762573,0.9991644620895386,0.5039246678352356,0.26259976625442505,-0.7066289186477661,0.9996452331542969,0.49564313888549805,0.2638067305088043,-0.7064415216445923,0.9997125864028931,0.4867052435874939,0.264892578125,-0.706818699836731,0.9997473359107971,0.5663139224052429,0.2853151857852936,-0.4273952841758728,0.9988616704940796,0.4782910943031311,0.2855887711048126,-0.4267624318599701,0.9998064041137695,0.5384803414344788,0.3450545072555542,-0.640207827091217,0.9998302459716797,0.49956655502319336,0.3462189733982086,-0.6396831274032593,0.9999315738677979,0.6529057025909424,0.5450062155723572,-0.25374147295951843,0.997965931892395,0.39428719878196716,0.5522372722625732,-0.271017462015152,0.999734103679657,0.7174219489097595,0.8676471710205078,-0.2037346363067627,0.8660784363746643,0.33374619483947754,0.8772158622741699,-0.21270601451396942,0.9705380797386169,0.7202907204627991,1.1359823942184448,-0.44490736722946167,0.3490557074546814,0.3202972412109375,1.1563644409179688,-0.5068773031234741,0.6811252236366272,0.7380695939064026,1.2340983152389526,-0.5255793333053589,0.22988831996917725,0.3018600642681122,1.2620701789855957,-0.5891624689102173,0.5435261726379395,0.7395997047424316,1.2098604440689087,-0.5914776921272278,0.27056118845939636,0.3264569044113159,1.2348592281341553,-0.6691774725914001,0.5749826431274414,0.7251177430152893,1.1789281368255615,-0.4818951189517975,0.2784862816333771,0.34453585743904114,1.1929618120193481,-0.5465132594108582,0.5727051496505737,0.6208522319793701,1.1720536947250366,-0.04020695015788078,0.42937803268432617,0.4439893364906311,1.1771186590194702,0.041858043521642685,0.4580896198749542,0.6097666025161743,1.6552424430847168,0.11514536291360855,0.0369328074157238,0.43860527873039246,1.6669278144836426,0.16107796132564545,0.030515620484948158,0.5983280539512634,2.08195424079895,0.6137908697128296,0.009188700467348099,0.42855125665664673,2.102050542831421,0.5419114232063293,0.012442667968571186,0.6014349460601807,2.147277593612671,0.6415395736694336,0.0044107455760240555,0.42551887035369873,2.169381618499756,0.5690458416938782,0.014319797977805138,0.5717693567276001,2.2291345596313477,0.27676746249198914,0.005940007045865059,0.4508839547634125,2.247032403945923,0.18419510126113892,0.0201700571924448,nan,nan,nan,nan,nan,nan,nan,nan,nan,nan,nan,nan,nan,nan,nan,nan,nan,nan,nan,nan,nan,nan,nan,nan,nan,nan,nan,nan,nan,nan,nan,nan,nan,nan,nan,nan,nan,nan,nan,nan,nan,nan,nan,nan,nan,nan,nan,nan,nan,nan,nan,nan,nan,nan,nan,nan,nan,nan,nan,nan,nan,nan,nan,nan,nan,nan,nan,nan,nan,nan,nan,nan,nan,nan,nan,nan,nan,nan,nan,nan,nan,nan,nan,nan,nan,nan,nan,nan,nan,nan,nan,nan,nan,nan,nan,nan,nan,nan,nan,nan,nan,nan,nan,nan,nan,nan,nan,nan,nan,nan,nan,nan,nan,nan,nan,nan,nan,nan,nan,nan,nan,nan,nan,nan,nan,nan
6,6,1,0,0,1.0,0.0,0.0,0.5181925892829895,0.30164504051208496,-0.6995443105697632,0.99972003698349,0.5348395705223083,0.26113587617874146,-0.6619735956192017,0.999484121799469,0.5453309416770935,0.26131555438041687,-0.6620771288871765,0.9993816614151001,0.5520234107971191,0.2620503604412079,-0.6621921062469482,0.9992175698280334,0.5041608810424805,0.2623687982559204,-0.6639904379844666,0.9996539950370789,0.49589622020721436,0.2635956108570099,-0.6638447046279907,0.9997198581695557,0.486755907535553,0.2646814286708832,-0.6641981601715088,0.9997478127479553,0.5666042566299438,0.2852194309234619,-0.3988806903362274,0.998934268951416,0.4781576693058014,0.28538209199905396,-0.3975502848625183,0.9998086094856262,0.5388547778129578,0.34482964873313904,-0.6038166284561157,0.9998422265052795,0.4996107220649719,0.34614428877830505,-0.60341477394104,0.9999339580535889,0.6523270606994629,0.5441654324531555,-0.22415794432163239,0.9981522560119629,0.39426764845848083,0.5535730719566345,-0.24057964980602264,0.9997466206550598,0.7165453433990479,0.866837739944458,-0.15959379076957703,0.8748809099197388,0.3320320248603821,0.8722695112228394,-0.1838776022195816,0.9694491624832153,0.7188379168510437,1.1397578716278076,-0.4267673194408417,0.35992157459259033,0.3156530261039734,1.1580862998962402,-0.48258209228515625,0.671275794506073,0.7367677688598633,1.23793625831604,-0.505401611328125,0.23900040984153748,0.2954193949699402,1.2736438512802124,-0.5568315982818604,0.5313140749931335,0.7408414483070374,1.2118030786514282,-0.5690488815307617,0.2839207947254181,0.32351139187812805,1.2364134788513184,-0.6314648985862732,0.5648044943809509,0.7268165349960327,1.180372953414917,-0.46264928579330444,0.29130443930625916,0.335283100605011,1.2020628452301025,-0.517289400100708,0.5677201151847839,0.6224001049995422,1.1668362617492676,-0.03830990940332413,0.39473918080329895,0.4475250542163849,1.1753848791122437,0.040001943707466125,0.421269953250885,0.618364155292511,1.650770664215088,0.10577759146690369,0.03336229547858238,0.4486459195613861,1.6658557653427124,0.15830226242542267,0.02754078432917595,0.6109670996665955,2.0807077884674072,0.5699325799942017,0.008318067528307438,0.4425585865974426,2.101250648498535,0.5166530013084412,0.01122218742966652,0.6154285073280334,2.144803285598755,0.5955620408058167,0.004001311957836151,0.43878263235092163,2.166440963745117,0.5421752333641052,0.012935376726090908,0.5848187208175659,2.225198745727539,0.2541709542274475,0.005367766134440899,0.467420756816864,2.2457690238952637,0.1388784945011139,0.01818760484457016,nan,nan,nan,nan,nan,nan,nan,nan,nan,nan,nan,nan,nan,nan,nan,nan,nan,nan,nan,nan,nan,nan,nan,nan,nan,nan,nan,nan,nan,nan,nan,nan,nan,nan,nan,nan,nan,nan,nan,nan,nan,nan,nan,nan,nan,nan,nan,nan,nan,nan,nan,nan,nan,nan,nan,nan,nan,nan,nan,nan,nan,nan,nan,nan,nan,nan,nan,nan,nan,nan,nan,nan,nan,nan,nan,nan,nan,nan,nan,nan,nan,nan,nan,nan,nan,nan,nan,nan,nan,nan,nan,nan,nan,nan,nan,nan,nan,nan,nan,nan,nan,nan,nan,nan,nan,nan,nan,nan,nan,nan,nan,nan,nan,nan,nan,nan,nan,nan,nan,nan,nan,nan,nan,nan,nan,nan
7,7,1,0,0,1.0,0.0,0.0,0.5169637799263,0.3020133972167969,-0.6822102069854736,0.9997373223304749,0.5333340764045715,0.26164710521698,-0.6487290263175964,0.9995071291923523,0.5438156127929688,0.26177656650543213,-0.6487843990325928,0.9994193911552429,0.5508480668067932,0.26234152913093567,-0.6488595604896545,0.9992675185203552,0.5031374096870422,0.26303786039352417,-0.6519383788108826,0.9996610879898071,0.49495425820350647,0.26431456208229065,-0.6519652605056763,0.9997255802154541,0.4859459698200226,0.2654471695423126,-0.6522299647331238,0.999746561050415,0.5652445554733276,0.2850062847137451,-0.3751543164253235,0.9990031719207764,0.47789472341537476,0.2859257459640503,-0.36533278226852417,0.9998087286949158,0.5380094647407532,0.3448065519332886,-0.5956226587295532,0.9998524785041809,0.4991219937801361,0.34623950719833374,-0.599962592124939,0.9999352097511292,0.6516706347465515,0.5429754853248596,-0.21059060096740723,0.9983197450637817,0.39561834931373596,0.551322877407074,-0.2106880396604538,0.9997571706771851,0.7175939679145813,0.866148054599762,-0.15496908128261566,0.8811464309692383,0.33145812153816223,0.8623493909835815,-0.14870187640190125,0.9675906300544739,0.7139376997947693,1.1423527002334595,-0.43449994921684265,0.35837510228157043,0.315433144569397,1.1487218141555786,-0.43868115544319153,0.6486499309539795,0.7257295250892639,1.238077163696289,-0.5146810412406921,0.23688679933547974,0.2980331778526306,1.257767677307129,-0.516603410243988,0.5068892240524292,0.7300945520401001,1.203923225402832,-0.5753201246261597,0.2841871976852417,0.32966920733451843,1.222001314163208,-0.6085408926010132,0.5419392585754395,0.717527449131012,1.1716405153274536,-0.46961504220962524,0.29126405715942383,0.3385629653930664,1.1877403259277344,-0.47996559739112854,0.5492819547653198,0.6214886903762817,1.1648266315460205,-0.03808040916919708,0.36164847016334534,0.4460684359073639,1.173545479774475,0.03996364399790764,0.3864384889602661,0.6172065138816833,1.6465964317321777,0.07017942517995834,0.030159464105963707,0.4467869997024536,1.660446286201477,0.15001308917999268,0.024876298382878304,0.6116464138031006,2.0758306980133057,0.5442654490470886,0.00752911577001214,0.4430619180202484,2.0971975326538086,0.5110250115394592,0.010121832601726055,0.6157962083816528,2.1405999660491943,0.5675106644630432,0.0036329415161162615,0.439877450466156,2.164288282394409,0.5380367040634155,0.011686000041663647,0.58722984790802,2.2217979431152344,0.18479196727275848,0.004853071179240942,0.4682634472846985,2.237954616546631,0.11399336904287338,0.016403261572122574,nan,nan,nan,nan,nan,nan,nan,nan,nan,nan,nan,nan,nan,nan,nan,nan,nan,nan,nan,nan,nan,nan,nan,nan,nan,nan,nan,nan,nan,nan,nan,nan,nan,nan,nan,nan,nan,nan,nan,nan,nan,nan,nan,nan,nan,nan,nan,nan,nan,nan,nan,nan,nan,nan,nan,nan,nan,nan,nan,nan,nan,nan,nan,nan,nan,nan,nan,nan,nan,nan,nan,nan,nan,nan,nan,nan,nan,nan,nan,nan,nan,nan,nan,nan,nan,nan,nan,nan,nan,nan,nan,nan,nan,nan,nan,nan,nan,nan,nan,nan,nan,nan,nan,nan,nan,nan,nan,nan,nan,nan,nan,nan,nan,nan,nan,nan,nan,nan,nan,nan,nan,nan,nan,nan,nan,nan
8,8,1,0,0,1.0,0.0,0.0,0.5164231657981873,0.3005038797855377,-0.6974866390228271,0.9997527003288269,0.5327412486076355,0.2602728009223938,-0.6605448126792908,0.9995291233062744,0.5433715581893921,0.2604297697544098,-0.6606171727180481,0.9994524121284485,0.5503762364387512,0.26107487082481384,-0.6607189774513245,0.9993112087249756,0.5021969676017761,0.26185065507888794,-0.6621757745742798,0.9996697902679443,0.4937880337238312,0.2632943093776703,-0.6620257496833801,0.999732255935669,0.48455652594566345,0.26458245515823364,-0.6623615026473999,0.9997485876083374,0.5651232004165649,0.2840620279312134,-0.3880019187927246,0.9990657567977905,0.4765661358833313,0.2851789593696594,-0.3806766867637634,0.9998128414154053,0.5377894639968872,0.343126118183136,-0.6013333797454834,0.9998623132705688,0.4982946515083313,0.34487465023994446,-0.6011858582496643,0.9999375343322754,0.6518049240112305,0.5442732572555542,-0.21525858342647552,0.9984681010246277,0.3956153392791748,0.5493813157081604,-0.22682851552963257,0.9997686147689819,0.719567596912384,0.8670971393585205,-0.15204750001430511,0.8882061243057251,0.3287285566329956,0.8599367737770081,-0.15367797017097473,0.9670183062553406,0.7157309055328369,1.143869400024414,-0.4255392849445343,0.3665330708026886,0.32288843393325806,1.1285123825073242,-0.46198245882987976,0.6377620100975037,0.7270115613937378,1.242697834968567,-0.5041941404342651,0.24473999440670013,0.3043794333934784,1.2392183542251587,-0.5419619083404541,0.49533337354660034,0.7300404906272888,1.2134357690811157,-0.567024290561676,0.29533517360687256,0.3347071409225464,1.2082202434539795,-0.6207507848739624,0.5323840379714966,0.7172815799713135,1.180810570716858,-0.4608531594276428,0.30249786376953125,0.3445436358451843,1.1679511070251465,-0.5011066198348999,0.5433863401412964,0.6154916286468506,1.166825771331787,-0.03776610642671585,0.33326801657676697,0.4428354501724243,1.1683775186538696,0.03983798623085022,0.35661110281944275,0.6066107153892517,1.6519341468811035,0.07133150845766068,0.027248872444033623,0.4396034777164459,1.6619172096252441,0.13389460742473602,0.022456569597125053,0.5946930646896362,2.0855026245117188,0.547321617603302,0.006812348961830139,0.43134164810180664,2.102663993835449,0.5068533420562744,0.009124837815761566,0.5981226563453674,2.148472785949707,0.571973443031311,0.003294115187600255,0.42825329303741455,2.1671040058135986,0.5337681770324707,0.010549042373895645,0.5676090121269226,2.2302799224853516,0.19282646477222443,0.004386190790683031,0.4525434374809265,2.2476775646209717,0.10167578607797623,0.014787343330681324,nan,nan,nan,nan,nan,nan,nan,nan,nan,nan,nan,nan,nan,nan,nan,nan,nan,nan,nan,nan,nan,nan,nan,nan,nan,nan,nan,nan,nan,nan,nan,nan,nan,nan,nan,nan,nan,nan,nan,nan,nan,nan,nan,nan,nan,nan,nan,nan,nan,nan,nan,nan,nan,nan,nan,nan,nan,nan,nan,nan,nan,nan,nan,nan,nan,nan,nan,nan,nan,nan,nan,nan,nan,nan,nan,nan,nan,nan,nan,nan,nan,nan,nan,nan,nan,nan,nan,nan,nan,nan,nan,nan,nan,nan,nan,nan,nan,nan,nan,nan,nan,nan,nan,nan,nan,nan,nan,nan,nan,nan,nan,nan,nan,nan,nan,nan,nan,nan,nan,nan,nan,nan,nan,nan,nan,nan
9,9,1,0,0,1.0,0.0,0.0,0.5150619745254517,0.30131247639656067,-0.7055966854095459,0.9997574687004089,0.5312159061431885,0.2612491548061371,-0.6677234172821045,0.9995309710502625,0.5417764186859131,0.26158851385116577,-0.6678668856620789,0.9994657039642334,0.5495741367340088,0.2622167766094208,-0.6679399013519287,0.9993308186531067,0.50117027759552,0.2630407214164734,-0.6697375178337097,0.9996604919433594,0.49267929792404175,0.26453733444213867,-0.6696063876152039,0.9997237324714661,0.4836682975292206,0.2659219205379486,-0.669979989528656,0.9997340440750122,0.5638110041618347,0.28541404008865356,-0.39325734972953796,0.9990983009338379,0.4764620065689087,0.28701579570770264,-0.3916425108909607,0.999805212020874,0.5365115404129028,0.3452253043651581,-0.6053545475006104,0.9998671412467957,0.49746987223625183,0.34643927216529846,-0.6052563190460205,0.9999364018440247,0.652242124080658,0.5469415783882141,-0.21573828160762787,0.998585045337677,0.3963916301727295,0.5482611656188965,-0.22950704395771027,0.9997609853744507,0.7180566787719727,0.8619076013565063,-0.1506345123052597,0.8938211798667908,0.33272939920425415,0.8517745137214661,-0.1612885594367981,0.9661493897438049,0.7174118161201477,1.1287556886672974,-0.44572561979293823,0.3880420923233032,0.3437870144844055,1.0851558446884155,-0.48695555329322815,0.6301363706588745,0.731342077255249,1.2250267267227173,-0.5317955613136292,0.26485681533813477,0.32936540246009827,1.1873682737350464,-0.5720654129981995,0.4870976507663727,0.7300313115119934,1.1905919313430786,-0.6001526117324829,0.3174116611480713,0.3525255024433136,1.1611316204071045,-0.6453096866607666,0.5255734920501709,0.716245174407959,1.16056489944458,-0.48386430740356445,0.32522687315940857,0.36348602175712585,1.1482442617416382,-0.5242540240287781,0.5398673415184021,0.6170964241027832,1.1639351844787598,-0.035214196890592575,0.31305912137031555,0.44783714413642883,1.1662079095840454,0.03723381459712982,0.33502039313316345,0.6099761724472046,1.640501856803894,0.08651789277791977,0.02475607953965664,0.44426092505455017,1.6494286060333252,0.11898966133594513,0.020369604229927063,0.6010650396347046,2.0686752796173096,0.5534013509750366,0.006217058748006821,0.43880826234817505,2.0842442512512207,0.48307377099990845,0.00825583841651678,0.6045916080474854,2.129441261291504,0.5777521729469299,0.0030310882721096277,0.43701931834220886,2.146359443664551,0.5073835849761963,0.009586097672581673,0.5748009085655212,2.211155891418457,0.20318835973739624,0.003987798932939768,0.4575764536857605,2.224929094314575,0.09209489077329636,0.01337687112390995,nan,nan,nan,nan,nan,nan,nan,nan,nan,nan,nan,nan,nan,nan,nan,nan,nan,nan,nan,nan,nan,nan,nan,nan,nan,nan,nan,nan,nan,nan,nan,nan,nan,nan,nan,nan,nan,nan,nan,nan,nan,nan,nan,nan,nan,nan,nan,nan,nan,nan,nan,nan,nan,nan,nan,nan,nan,nan,nan,nan,nan,nan,nan,nan,nan,nan,nan,nan,nan,nan,nan,nan,nan,nan,nan,nan,nan,nan,nan,nan,nan,nan,nan,nan,nan,nan,nan,nan,nan,nan,nan,nan,nan,nan,nan,nan,nan,nan,nan,nan,nan,nan,nan,nan,nan,nan,nan,nan,nan,nan,nan,nan,nan,nan,nan,nan,nan,nan,nan,nan,nan,nan,nan,nan,nan,nan
10,10,1,0,0,1.0,0.0,0.0,0.5132097005844116,0.30343329906463623,-0.6947128176689148,0.9997707605361938,0.5290830731391907,0.26319628953933716,-0.6578107476234436,0.9995536804199219,0.539560854434967,0.26339396834373474,-0.6579392552375793,0.9994944930076599,0.5481355786323547,0.26380181312561035,-0.6580156683921814,0.9993674755096436,0.4998921751976013,0.26500576734542847,-0.6601709723472595,0.9996755719184875,0.4915858805179596,0.2662885785102844,-0.6599994897842407,0.9997367262840271,0.4829883575439453,0.26760929822921753,-0.6603349447250366,0.9997462034225464,0.5624978542327881,0.28626665472984314,-0.3831089437007904,0.9991530776023865,0.47707876563072205,0.2884347438812256,-0.36645635962486267,0.999815821647644,0.5347804427146912,0.34723812341690063,-0.5997970700263977,0.9998761415481567,0.49687376618385315,0.34849777817726135,-0.6047164797782898,0.9999399185180664,0.6524723768234253,0.5464471578598022,-0.18933987617492676,0.9986905455589294,0.4018639922142029,0.5451934933662415,-0.20119012892246246,0.9997756481170654,0.7205171585083008,0.8617653846740723,-0.12186595797538757,0.901921808719635,0.3276349902153015,0.8358074426651001,-0.2257513701915741,0.968781590461731,0.7186391949653625,1.119779348373413,-0.43997785449028015,0.4309368431568146,0.36155468225479126,0.9814468622207642,-0.6636415123939514,0.6593916416168213,0.7316592931747437,1.2158098220825195,-0.5266889929771423,0.3055405020713806,0.3728298544883728,1.0496587753295898,-0.7673323154449463,0.522145688533783,0.7210512161254883,1.181790828704834,-0.594860315322876,0.35613733530044556,0.3896949887275696,1.0126941204071045,-0.8206135034561157,0.5581910610198975,0.7090177536010742,1.1499831676483154,-0.477117121219635,0.36505088210105896,0.3889161944389343,0.9948071241378784,-0.69441157579422,0.5720584988594055,0.6249125003814697,1.150668978691101,-0.031696002930402756,0.3312572240829468,0.45896366238594055,1.152065634727478,0.03342975303530693,0.3597692549228668,0.6158124804496765,1.6115849018096924,0.09176873415708542,0.022634092718362808,0.4476609528064728,1.6183151006698608,0.10794433951377869,0.018677575513720512,0.6092225909233093,2.033729314804077,0.5461117029190063,0.005698574241250753,0.4491320848464966,2.0461671352386475,0.4617411196231842,0.007529070600867271,0.6127215623855591,2.0933890342712402,0.5700753331184387,0.002812167163938284,0.44882169365882874,2.1053237915039062,0.4843965768814087,0.008799859322607517,0.5851739645004272,2.1700828075408936,0.20026326179504395,0.0036489064805209637,0.4704713523387909,2.183417797088623,0.0763266384601593,0.012202936224639416,nan,nan,nan,nan,nan,nan,nan,nan,nan,nan,nan,nan,nan,nan,nan,nan,nan,nan,nan,nan,nan,nan,nan,nan,nan,nan,nan,nan,nan,nan,nan,nan,nan,nan,nan,nan,nan,nan,nan,nan,nan,nan,nan,nan,nan,nan,nan,nan,nan,nan,nan,nan,nan,nan,nan,nan,nan,nan,nan,nan,nan,nan,nan,nan,nan,nan,nan,nan,nan,nan,nan,nan,nan,nan,nan,nan,nan,nan,nan,nan,nan,nan,nan,nan,nan,nan,nan,nan,nan,nan,nan,nan,nan,nan,nan,nan,nan,nan,nan,nan,nan,nan,nan,nan,nan,nan,nan,nan,nan,nan,nan,nan,nan,nan,nan,nan,nan,nan,nan,nan,nan,nan,nan,nan,nan,nan
11,11,1,0,1,1.0,0.0,1.0,0.5123175978660583,0.3061910569667816,-0.6984143853187561,0.9997877478599548,0.5272673964500427,0.26550957560539246,-0.6607160568237305,0.9995836019515991,0.5377222895622253,0.26517245173454285,-0.6608663201332092,0.9995304942131042,0.5469920039176941,0.2650677263736725,-0.6608259677886963,0.9994109869003296,0.49903160333633423,0.2674095034599304,-0.6618090867996216,0.999698281288147,0.4906725287437439,0.26840144395828247,-0.6617530584335327,0.999756395816803,0.48280206322669983,0.2697177827358246,-0.6621454954147339,0.9997646808624268,0.5610531568527222,0.28584274649620056,-0.38264748454093933,0.9992159008979797,0.4773784577846527,0.2901099622249603,-0.36755603551864624,0.9998306035995483,0.5334066152572632,0.34918221831321716,-0.5968690514564514,0.999886155128479,0.49671727418899536,0.35104426741600037,-0.5984871983528137,0.9999445676803589,0.6526370048522949,0.5445578098297119,-0.17521244287490845,0.9987946152687073,0.40372827649116516,0.5442831516265869,-0.20732225477695465,0.9997935891151428,0.7219774127006531,0.8597424030303955,-0.07754909247159958,0.9086345434188843,0.32592111825942993,0.8270378112792969,-0.3013044595718384,0.9715306758880615,0.7196283340454102,1.1098164319992065,-0.38156893849372864,0.4714306592941284,0.3774956464767456,0.9343779683113098,-0.7653071284294128,0.6908980011940002,0.7300724387168884,1.2066848278045654,-0.4653017818927765,0.3446672558784485,0.3993837535381317,0.9862485527992249,-0.8754510879516602,0.5630736351013184,0.7160070538520813,1.165674090385437,-0.5348634719848633,0.39312562346458435,0.4128437936306,0.9393958449363708,-0.9166372418403625,0.5958460569381714,0.7053576111793518,1.134597897529602,-0.41779911518096924,0.40325531363487244,0.4099687337875366,0.9230475425720215,-0.7906535863876343,0.6085733771324158,0.6265396475791931,1.1456570625305176,-0.02135659009218216,0.3438798487186432,0.4659801423549652,1.1453644037246704,0.022791383787989616,0.3789510130882263,0.6310226917266846,1.5940817594528198,0.09238217771053314,0.020699817687273026,0.4635196328163147,1.6054911613464355,0.10237129777669907,0.017116278409957886,0.6312841773033142,2.011737823486328,0.5531008839607239,0.005221203900873661,0.4756004810333252,2.0284740924835205,0.4690200090408325,0.006862075999379158,0.6351298093795776,2.069763422012329,0.5775973200798035,0.0026118336245417595,0.4763004779815674,2.0854952335357666,0.4946954846382141,0.008064844645559788,0.611057698726654,2.148369789123535,0.20545029640197754,0.0033341648522764444,0.5013850927352905,2.164947748184204,0.09226381778717041,0.011142640374600887,nan,nan,nan,nan,nan,nan,nan,nan,nan,nan,nan,nan,nan,nan,nan,nan,nan,nan,nan,nan,nan,nan,nan,nan,nan,nan,nan,nan,nan,nan,nan,nan,nan,nan,nan,nan,nan,nan,nan,nan,nan,nan,nan,nan,nan,nan,nan,nan,nan,nan,nan,nan,nan,nan,nan,nan,nan,nan,nan,nan,nan,nan,nan,0.3611986041069031,0.9125586152076721,-3.010538662806539e-08,0.375308096408844,0.8811319470405579,-0.007673365529626608,0.39374837279319763,0.858938992023468,-0.015201406553387642,0.40937283635139465,0.8439471125602722,-0.021567141637206078,0.42142534255981445,0.8290491104125977,-0.02791377529501915,0.40377891063690186,0.9068610072135925,-0.01967182382941246,0.4289981424808502,0.9149740934371948,-0.02789013274013996,0.44311490654945374,0.9173896312713623,-0.03258373215794563,0.4533292055130005,0.918938159942627,-0.03500529006123543,0.4028969705104828,0.9410954713821411,-0.019497500732541084,0.4339432418346405,0.951224148273468,-0.025310475379228592,0.4496847689151764,0.9509185552597046,-0.02684396132826805,0.45954465866088867,0.948676347732544,-0.028062371537089348,0.40031442046165466,0.9674261808395386,-0.01927751488983631,0.4289332926273346,0.977912425994873,-0.02407553605735302,0.4427288770675659,0.9751076698303223,-0.023897547274827957,0.45104265213012695,0.9700534343719482,-0.023493481799960136,0.39634969830513,0.9860080480575562,-0.019538279622793198,0.419003963470459,0.9946464896202087,-0.022750211879611015,0.4292606711387634,0.9915761947631836,-0.021473918110132217,0.4357791841030121,0.9862141609191895,-0.020069260150194168
12,12,1,0,1,1.0,0.0,1.0,0.5126705169677734,0.3069133460521698,-0.6940896511077881,0.9998043775558472,0.527330219745636,0.26593220233917236,-0.6575705409049988,0.9996168613433838,0.5378236174583435,0.2654017210006714,-0.6576836109161377,0.9995683431625366,0.5472384691238403,0.2650420069694519,-0.6576846837997437,0.9994595050811768,0.4988406300544739,0.26799580454826355,-0.6578320264816284,0.9997212290763855,0.49029359221458435,0.2689468264579773,-0.6577394604682922,0.9997745156288147,0.4826430082321167,0.2702869474887848,-0.6581115126609802,0.9997822046279907,0.5612602829933167,0.2849997580051422,-0.3827134966850281,0.9992843866348267,0.4775639772415161,0.29042455554008484,-0.3680407702922821,0.9998442530632019,0.5340695381164551,0.34924548864364624,-0.5936915278434753,0.9998964071273804,0.49678242206573486,0.3515130579471588,-0.5950348973274231,0.9999493360519409,0.6512630581855774,0.5423526763916016,-0.18365336954593658,0.9989067912101746,0.4059319794178009,0.541370689868927,-0.20800691843032837,0.999810516834259,0.7215803265571594,0.8615677356719971,-0.097381092607975,0.9150083661079407,0.3237401843070984,0.8220539689064026,-0.36322280764579773,0.9738768339157104,0.7187674641609192,1.1125712394714355,-0.3843643069267273,0.5069645643234253,0.3827841579914093,0.8985628485679626,-0.8615846633911133,0.7183879613876343,0.7287158370018005,1.2125663757324219,-0.4744204580783844,0.3771094083786011,0.41054803133010864,0.9414643049240112,-0.9782630801200867,0.5971317291259766,0.724572479724884,1.1691644191741943,-0.5435876846313477,0.42545488476753235,0.42453113198280334,0.8899482488632202,-1.0107234716415405,0.6273210048675537,0.7124597430229187,1.1377525329589844,-0.4188991189002991,0.43621915578842163,0.4188125729560852,0.8751367926597595,-0.8845351338386536,0.6388037204742432,0.6160632371902466,1.1400032043457031,-0.019838323816657066,0.35700809955596924,0.4547440707683563,1.134259819984436,0.021378112956881523,0.39140579104423523,0.6253135204315186,1.5879034996032715,0.13893820345401764,0.018950246274471283,0.4584963917732239,1.59540593624115,0.14705908298492432,0.015646623447537422,0.6263682246208191,2.007373332977295,0.6279577016830444,0.0047583491541445255,0.4724230170249939,2.014416456222534,0.5547340512275696,0.006207200698554516,0.6304163932800293,2.0659725666046143,0.6555737257003784,0.002399867633357644,0.47309303283691406,2.0706260204315186,0.584711492061615,0.007320157717913389,0.6054300665855408,2.144280433654785,0.28955742716789246,0.003023230005055666,0.49533921480178833,2.1543848514556885,0.17769606411457062,0.01008025836199522,nan,nan,nan,nan,nan,nan,nan,nan,nan,nan,nan,nan,nan,nan,nan,nan,nan,nan,nan,nan,nan,nan,nan,nan,nan,nan,nan,nan,nan,nan,nan,nan,nan,nan,nan,nan,nan,nan,nan,nan,nan,nan,nan,nan,nan,nan,nan,nan,nan,nan,nan,nan,nan,nan,nan,nan,nan,nan,nan,nan,nan,nan,nan,0.3746004104614258,0.8880360126495361,9.140668311147238e-08,0.3913090229034424,0.8546607494354248,-0.006269063800573349,0.4115942120552063,0.8315709233283997,-0.011930196546018124,0.42770206928253174,0.8173616528511047,-0.01687699183821678,0.4392404556274414,0.8041288256645203,-0.02175004407763481,0.4248504936695099,0.8755065202713013,-0.013028008863329887,0.45032253861427307,0.878264844417572,-0.019211774691939354,0.46578705310821533,0.8809687495231628,-0.023346152156591415,0.4777577519416809,0.8837882280349731,-0.026020320132374763,0.4229122996330261,0.9036896824836731,-0.014130864292383194,0.45001277327537537,0.9071207642555237,-0.0187643114477396,0.46745091676712036,0.9101270437240601,-0.021780353039503098,0.48099082708358765,0.913635790348053,-0.024262001737952232,0.4180847108364105,0.9285585284233093,-0.015561925247311592,0.4432936906814575,0.9374252557754517,-0.019953608512878418,0.4590570032596588,0.943193256855011,-0.022894510999321938,0.47153240442276,0.9468287825584412,-0.024997001513838768,0.4109415113925934,0.9507787823677063,-0.017381718382239342,0.4299353063106537,0.9617041349411011,-0.021417243406176567,0.44165754318237305,0.9632231593132019,-0.022652413696050644,0.4514878988265991,0.9608858227729797,-0.023109043017029762
13,13,1,0,1,1.0,0.0,1.0,0.5133529901504517,0.3076843023300171,-0.6931167244911194,0.9998185634613037,0.5278334021568298,0.2667262554168701,-0.6571560502052307,0.9996446967124939,0.5384093523025513,0.26608145236968994,-0.6572506427764893,0.9996005296707153,0.5478743314743042,0.2655705213546753,-0.6572751998901367,0.9995004534721375,0.4991927742958069,0.26866644620895386,-0.6570279598236084,0.9997403621673584,0.49060019850730896,0.2695169150829315,-0.6569253206253052,0.999789834022522,0.48316583037376404,0.2708349823951721,-0.6572883129119873,0.9997968673706055,0.5619171857833862,0.2847028374671936,-0.3826752007007599,0.9993436932563782,0.47819602489471436,0.2909133732318878,-0.3686426281929016,0.9998559951782227,0.5349832773208618,0.3498849868774414,-0.5918519496917725,0.9999052286148071,0.49723488092422485,0.3520839810371399,-0.5922447443008423,0.9999533891677856,0.6511092782020569,0.5404490232467651,-0.18174532055854797,0.999004065990448,0.406602680683136,0.5394043922424316,-0.21549108624458313,0.9998249411582947,0.7208177447319031,0.8614791631698608,-0.09350350499153137,0.920417845249176,0.3238358497619629,0.8217013478279114,-0.3804313540458679,0.9760043025016785,0.7200049757957458,1.1148732900619507,-0.37933149933815,0.5412261486053467,0.3924962282180786,0.8803718090057373,-0.8802739381790161,0.7436187267303467,0.729754626750946,1.2134662866592407,-0.465194433927536,0.410212904214859,0.4239005148410797,0.9200782775878906,-0.9977648258209229,0.629176914691925,0.725393533706665,1.1683531999588013,-0.532801628112793,0.45775824785232544,0.4373205900192261,0.8689703941345215,-1.028784990310669,0.6569520235061646,0.7123421430587769,1.137381672859192,-0.41445109248161316,0.46890896558761597,0.4307330548763275,0.8541351556777954,-0.9024581909179688,0.6671484112739563,0.6105861067771912,1.1333709955215454,-0.018407531082630157,0.3706958591938019,0.4506829082965851,1.1297237873077393,0.02000848948955536,0.4050431251525879,0.6188232898712158,1.587456464767456,0.1439698338508606,0.017417093738913536,0.453017920255661,1.5910588502883911,0.15463851392269135,0.014338679611682892,0.6183174848556519,2.00644850730896,0.620469331741333,0.004355589393526316,0.4639413058757782,2.0104498863220215,0.5614829659461975,0.0056234984658658504,0.6220603585243225,2.065255641937256,0.6469918489456177,0.002225473988801241,0.4642074704170227,2.066796064376831,0.59117591381073,0.006661830935627222,0.596550464630127,2.142709493637085,0.2841572165489197,0.0027496623806655407,0.48588451743125916,2.1515488624572754,0.18744026124477386,0.00913904793560505,nan,nan,nan,nan,nan,nan,nan,nan,nan,nan,nan,nan,nan,nan,nan,nan,nan,nan,nan,nan,nan,nan,nan,nan,nan,nan,nan,nan,nan,nan,nan,nan,nan,nan,nan,nan,nan,nan,nan,nan,nan,nan,nan,nan,nan,nan,nan,nan,nan,nan,nan,nan,nan,nan,nan,nan,nan,nan,nan,nan,nan,nan,nan,0.38839030265808105,0.8694230318069458,1.614264562022072e-07,0.40734127163887024,0.8328841924667358,-0.0052066994830966,0.42747974395751953,0.8078333139419556,-0.010257977992296219,0.44383370876312256,0.7932079434394836,-0.014458471909165382,0.45582854747772217,0.7807475924491882,-0.01855475641787052,0.44138261675834656,0.8548222184181213,-0.011674449779093266,0.46764621138572693,0.85788494348526,-0.017602624371647835,0.4837561845779419,0.8605648875236511,-0.021424055099487305,0.49626266956329346,0.8639524579048157,-0.0236689243465662,0.43924400210380554,0.8839030861854553,-0.012979955412447453,0.4672079384326935,0.8875860571861267,-0.017406828701496124,0.48592808842658997,0.8905311822891235,-0.020329158753156662,0.5005831718444824,0.8943739533424377,-0.022511284798383713,0.43433070182800293,0.9084099531173706,-0.014486484229564667,0.4595124423503876,0.9171203374862671,-0.01887369155883789,0.4763260781764984,0.9218816161155701,-0.02175731211900711,0.4895489811897278,0.924536943435669,-0.023597873747348785,0.4272313117980957,0.9295250177383423,-0.016114603728055954,0.4462430477142334,0.9400884509086609,-0.01985796168446541,0.4589080214500427,0.9434493780136108,-0.020657189190387726,0.46979671716690063,0.9443751573562622,-0.020710166543722153
14,14,1,0,1,1.0,0.0,1.0,0.5143868327140808,0.3083140254020691,-0.6927427053451538,0.9998322129249573,0.5288153886795044,0.26751473546028137,-0.6569487452507019,0.9996699690818787,0.539378821849823,0.26681822538375854,-0.6570978164672852,0.9996303915977478,0.5488390922546387,0.2661571502685547,-0.6571341753005981,0.9995372891426086,0.500136137008667,0.26904410123825073,-0.6555826663970947,0.9997584223747253,0.49146682024002075,0.26972758769989014,-0.6554558873176575,0.9998048543930054,0.4840295910835266,0.2710549831390381,-0.6558037400245667,0.999811053276062,0.5627236366271973,0.28448572754859924,-0.3797438442707062,0.9993966221809387,0.47909894585609436,0.2910800874233246,-0.3637329936027527,0.9998672008514404,0.5358697175979614,0.35055845975875854,-0.5892078876495361,0.9999130964279175,0.4982380270957947,0.35254910588264465,-0.5872970819473267,0.9999570846557617,0.6511998772621155,0.5390116572380066,-0.1796906590461731,0.999090313911438,0.4082314372062683,0.5377729535102844,-0.2230370193719864,0.9998385310173035,0.7197837829589844,0.8653960227966309,-0.09274422377347946,0.924862265586853,0.32230839133262634,0.8168398141860962,-0.422480046749115,0.9779296517372131,0.7188825011253357,1.127726435661316,-0.35319089889526367,0.5705687999725342,0.4077134430408478,0.8722724318504333,-0.9281028509140015,0.7671962380409241,0.7299057245254517,1.2283074855804443,-0.43043234944343567,0.4391879141330719,0.44358381628990173,0.904616117477417,-1.0449637174606323,0.6603131890296936,0.7214474081993103,1.185227632522583,-0.49167412519454956,0.48608601093292236,0.4538211524486542,0.8563137650489807,-1.0634288787841797,0.685465931892395,0.7086457014083862,1.153419852256775,-0.38559550046920776,0.4976811408996582,0.44703444838523865,0.8424878120422363,-0.9445964097976685,0.6944466829299927,0.6088308095932007,1.1275938749313354,-0.016358492895960808,0.37192502617836,0.44891655445098877,1.1178693771362305,0.018000664189457893,0.406899631023407,0.6166968941688538,1.585970163345337,0.14658349752426147,0.015877461060881615,0.4509613811969757,1.5883899927139282,0.15402480959892273,0.013056712225079536,0.6154671311378479,2.0034732818603516,0.6160614490509033,0.0039884429425001144,0.4611748456954956,2.0074753761291504,0.551897406578064,0.005089659709483385,0.619324266910553,2.062164068222046,0.6418341994285583,0.0020655011758208275,0.46068471670150757,2.0638086795806885,0.5811810493469238,0.006049877963960171,0.5933711528778076,2.1405985355377197,0.28114867210388184,0.0025003929622471333,0.48442596197128296,2.1502230167388916,0.1802111715078354,0.00828130915760994,nan,nan,nan,nan,nan,nan,nan,nan,nan,nan,nan,nan,nan,nan,nan,nan,nan,nan,nan,nan,nan,nan,nan,nan,nan,nan,nan,nan,nan,nan,nan,nan,nan,nan,nan,nan,nan,nan,nan,nan,nan,nan,nan,nan,nan,nan,nan,nan,nan,nan,nan,nan,nan,nan,nan,nan,nan,nan,nan,nan,nan,nan,nan,0.4023810625076294,0.8604106307029724,1.59234545549225e-07,0.4224246144294739,0.8215138912200928,-0.0029227023478597403,0.44242554903030396,0.7958939671516418,-0.006920655723661184,0.45854049921035767,0.7801152467727661,-0.01061664242297411,0.4694983661174774,0.765377938747406,-0.014405369758605957,0.4591412842273712,0.8399412631988525,-0.008069436065852642,0.48491865396499634,0.843648374080658,-0.013078487478196621,0.5008714199066162,0.8471299409866333,-0.016741016879677773,0.5135738849639893,0.8506025075912476,-0.019124723970890045,0.4572962522506714,0.8699158430099487,-0.01046402845531702,0.4855095446109772,0.8727718591690063,-0.014435116201639175,0.5041406750679016,0.8754667639732361,-0.017602888867259026,0.5194264054298401,0.8784535527229309,-0.02001636102795601,0.4521588981151581,0.8956687450408936,-0.012933625839650631,0.47815781831741333,0.9032615423202515,-0.01724209077656269,0.49549415707588196,0.9072404503822327,-0.02042388543486595,0.5092801451683044,0.9083792567253113,-0.022441120818257332,0.444389671087265,0.9183632135391235,-0.015308879315853119,0.4640869200229645,0.9286721348762512,-0.01884615421295166,0.47659730911254883,0.9304227828979492,-0.01942024938762188,0.4872130751609802,0.9286892414093018,-0.019297610968351364
15,15,1,0,1,1.0,0.0,1.0,0.515049934387207,0.30940449237823486,-0.6915696859359741,0.9998452663421631,0.5291066765785217,0.2685510516166687,-0.6559897661209106,0.9996941685676575,0.5395440459251404,0.2678094506263733,-0.6561633944511414,0.9996587634086609,0.549034833908081,0.26705291867256165,-0.6562154293060303,0.999572217464447,0.5006588697433472,0.2695861756801605,-0.6548975110054016,0.9997761845588684,0.4918985664844513,0.27011916041374207,-0.65479576587677,0.9998196363449097,0.48456043004989624,0.27138590812683105,-0.6551573276519775,0.9998250007629395,0.5626124739646912,0.2846459150314331,-0.37456271052360535,0.9994458556175232,0.47955313324928284,0.29136818647384644,-0.36126530170440674,0.9998780488967896,0.5364478230476379,0.35187554359436035,-0.5870808362960815,0.9999204277992249,0.4991259276866913,0.3534746468067169,-0.5849570631980896,0.9999605417251587,0.6505345106124878,0.5375480055809021,-0.16869165003299713,0.9991687536239624,0.40884894132614136,0.5366145372390747,-0.22841063141822815,0.9998513460159302,0.7198187708854675,0.8633267879486084,-0.0665883868932724,0.9292386770248413,0.32132408022880554,0.8116551041603088,-0.4305848479270935,0.979789137840271,0.7196261882781982,1.1275088787078857,-0.30606868863105774,0.6015642881393433,0.4192359447479248,0.8655403852462769,-0.931052565574646,0.7891096472740173,0.7308225035667419,1.2274260520935059,-0.37741634249687195,0.47287294268608093,0.4597327709197998,0.8996542096138,-1.046438455581665,0.690209686756134,0.718373715877533,1.1822491884231567,-0.43777528405189514,0.5182207226753235,0.47073015570640564,0.8537757992744446,-1.0628942251205444,0.7128985524177551,0.7058613300323486,1.1508209705352783,-0.3373357951641083,0.5300019979476929,0.4631405174732208,0.8382642865180969,-0.9460360407829285,0.7208603620529175,0.6081231236457825,1.1107932329177856,-0.013702118769288063,0.37236881256103516,0.4480844736099243,1.102806568145752,0.015367363579571247,0.40873944759368896,0.6136190891265869,1.5814299583435059,0.13712279498577118,0.014448294416069984,0.4488674998283386,1.5848274230957031,0.15016019344329834,0.011878309771418571,0.6113022565841675,1.9969305992126465,0.6083356738090515,0.003657887689769268,0.45784199237823486,2.003324270248413,0.5401914119720459,0.004606049507856369,0.6151676177978516,2.055026054382324,0.6376122832298279,0.0019234817009419203,0.4571289122104645,2.059431552886963,0.5686120390892029,0.0054945494048297405,0.5889137983322144,2.133726119995117,0.2595679759979248,0.0022747768089175224,0.48073700070381165,2.1454710960388184,0.1715071052312851,0.007506546098738909,nan,nan,nan,nan,nan,nan,nan,nan,nan,nan,nan,nan,nan,nan,nan,nan,nan,nan,nan,nan,nan,nan,nan,nan,nan,nan,nan,nan,nan,nan,nan,nan,nan,nan,nan,nan,nan,nan,nan,nan,nan,nan,nan,nan,nan,nan,nan,nan,nan,nan,nan,nan,nan,nan,nan,nan,nan,nan,nan,nan,nan,nan,nan,0.41753172874450684,0.8562333583831787,1.4947276838483958e-07,0.4361748993396759,0.8167169690132141,-0.003169424831867218,0.45554980635643005,0.7899805903434753,-0.007266091648489237,0.47125235199928284,0.7738956212997437,-0.010884254239499569,0.4812089204788208,0.7585718035697937,-0.014723969623446465,0.4717493951320648,0.8346406817436218,-0.01064292248338461,0.4991151690483093,0.8371803164482117,-0.016380641609430313,0.5157496333122253,0.8392714858055115,-0.020001377910375595,0.5286353826522827,0.8418574929237366,-0.02222069725394249,0.4699966311454773,0.8643689751625061,-0.012952352873980999,0.4990993142127991,0.866282045841217,-0.017737163230776787,0.5182661414146423,0.8673351407051086,-0.020821480080485344,0.5332480072975159,0.8689826130867004,-0.023109249770641327,0.4649852216243744,0.8897998929023743,-0.01523312646895647,0.49227744340896606,0.8966518044471741,-0.020299503579735756,0.5102767944335938,0.8999202847480774,-0.023462073877453804,0.5243130922317505,0.9016808867454529,-0.025492506101727486,0.4575633406639099,0.9121489524841309,-0.017380284145474434,0.4774501323699951,0.9210760593414307,-0.022154388949275017,0.49083104729652405,0.9235020875930786,-0.023382974788546562,0.5024008750915527,0.9237731099128723,-0.023670943453907967
16,16,1,0,1,1.0,0.0,1.0,0.5154541730880737,0.30934950709342957,-0.6782012581825256,0.9998567700386047,0.5293222069740295,0.26872143149375916,-0.6406853199005127,0.9997151494026184,0.5397175550460815,0.2679901123046875,-0.6407864689826965,0.9996840953826904,0.5492423176765442,0.26718464493751526,-0.6407753229141235,0.9996028542518616,0.5009738206863403,0.26958221197128296,-0.6411431431770325,0.9997913241386414,0.4922490417957306,0.27006304264068604,-0.6410165429115295,0.9998325705528259,0.48493412137031555,0.27132120728492737,-0.6414167284965515,0.9998369216918945,0.5627257823944092,0.28445833921432495,-0.3526081442832947,0.9994890689849854,0.4797646105289459,0.291294664144516,-0.34702757000923157,0.9998876452445984,0.5369024276733398,0.35172516107559204,-0.569732129573822,0.9999266862869263,0.49975937604904175,0.3531893193721771,-0.569003701210022,0.9999634623527527,0.6503463387489319,0.5366824865341187,-0.14296144247055054,0.9992377161979675,0.4091860055923462,0.5358004570007324,-0.22851699590682983,0.9998615980148315,0.719818115234375,0.8613067865371704,-0.059145811945199966,0.9327902793884277,0.3206551671028137,0.8070859313011169,-0.44441577792167664,0.9813542366027832,0.7195032835006714,1.1219182014465332,-0.32040709257125854,0.6319959163665771,0.42837050557136536,0.8622191548347473,-0.95466148853302,0.8087780475616455,0.7321597337722778,1.223921298980713,-0.3951856791973114,0.5078433752059937,0.47077372670173645,0.8983396291732788,-1.0706437826156616,0.7171968817710876,0.7155723571777344,1.1776103973388672,-0.45383894443511963,0.5514718890190125,0.4819689989089966,0.8527789115905762,-1.0862149000167847,0.7377484440803528,0.7032586336135864,1.1463546752929688,-0.3516683280467987,0.5625154376029968,0.47313156723976135,0.8358473777770996,-0.9691903591156006,0.7447609901428223,0.608323335647583,1.0990941524505615,-0.00870814174413681,0.36349907517433167,0.4481656849384308,1.095839262008667,0.010393858887255192,0.40105167031288147,0.6127914190292358,1.5790274143218994,0.13294240832328796,0.013158570975065231,0.44739189743995667,1.5824956893920898,0.1434881091117859,0.010797102004289627,0.6095513701438904,1.9933584928512573,0.5995776057243347,0.0033679897896945477,0.4555850923061371,2.000047206878662,0.5377540588378906,0.004170793574303389,0.6133601069450378,2.0513291358947754,0.6224271655082703,0.0018074953695759177,0.45464304089546204,2.0563881397247314,0.5668901205062866,0.004994271323084831,0.5869231224060059,2.129530906677246,0.23851007223129272,0.002077419776469469,0.47849926352500916,2.140751361846924,0.15477056801319122,0.0068185958079993725,nan,nan,nan,nan,nan,nan,nan,nan,nan,nan,nan,nan,nan,nan,nan,nan,nan,nan,nan,nan,nan,nan,nan,nan,nan,nan,nan,nan,nan,nan,nan,nan,nan,nan,nan,nan,nan,nan,nan,nan,nan,nan,nan,nan,nan,nan,nan,nan,nan,nan,nan,nan,nan,nan,nan,nan,nan,nan,nan,nan,nan,nan,nan,0.43115925788879395,0.8585790395736694,1.6565580551741732e-07,0.4479457437992096,0.816439688205719,-0.004023249726742506,0.4662829637527466,0.7902995944023132,-0.008907065726816654,0.4822099208831787,0.7740327715873718,-0.013074156828224659,0.4924321472644806,0.7570672631263733,-0.017542516812682152,0.48406392335891724,0.8342456817626953,-0.013029482215642929,0.5117087364196777,0.8384301662445068,-0.019445737823843956,0.5285300016403198,0.8421112895011902,-0.023219628259539604,0.5416519641876221,0.8456692695617676,-0.02533346228301525,0.4823632538318634,0.8644646406173706,-0.014968778938055038,0.5121603608131409,0.8677741289138794,-0.020431192591786385,0.5315192341804504,0.8695762157440186,-0.023439478129148483,0.5468166470527649,0.8714597225189209,-0.02546054869890213,0.47758302092552185,0.8904149532318115,-0.01679293066263199,0.5055887699127197,0.8976172208786011,-0.022496959194540977,0.5235130190849304,0.9005197286605835,-0.025382254272699356,0.5372143387794495,0.9017078876495361,-0.026923662051558495,0.4706782102584839,0.9126715660095215,-0.018492145463824272,0.491443395614624,0.9212721586227417,-0.023310286924242973,0.5040329694747925,0.9234601855278015,-0.02402140013873577,0.5142832398414612,0.923338770866394,-0.023760143667459488
17,17,1,0,1,1.0,0.0,1.0,0.5160108208656311,0.3094581067562103,-0.671565055847168,0.9998693466186523,0.5299873948097229,0.2689064145088196,-0.6335844993591309,0.9997396469116211,0.5403291583061218,0.2682317793369293,-0.6336468458175659,0.9997116327285767,0.54973304271698,0.267434298992157,-0.633608341217041,0.9996371865272522,0.5016393661499023,0.2695358395576477,-0.6338875889778137,0.9998092651367188,0.4929085969924927,0.26992449164390564,-0.6336695551872253,0.9998471140861511,0.48545193672180176,0.2711341977119446,-0.6340338587760925,0.9998509287834167,0.5631940364837646,0.2843979001045227,-0.34566184878349304,0.9995346069335938,0.4801223874092102,0.29102614521980286,-0.33860859274864197,0.9998977184295654,0.5373533368110657,0.35199034214019775,-0.5631484389305115,0.9999332427978516,0.5003744959831238,0.35333022475242615,-0.5617520809173584,0.9999666810035706,0.6500331163406372,0.5362011790275574,-0.14050044119358063,0.9993041157722473,0.408843457698822,0.5352082848548889,-0.2276013195514679,0.9998723864555359,0.7199916243553162,0.8598940372467041,-0.052872028201818466,0.9359189867973328,0.31925278902053833,0.805754542350769,-0.45392560958862305,0.9828827381134033,0.7219082117080688,1.1197855472564697,-0.3015967607498169,0.6591826677322388,0.43551376461982727,0.8616705536842346,-0.9788649082183838,0.8267631530761719,0.7344868183135986,1.2203959226608276,-0.3715001046657562,0.5387555360794067,0.4768887758255005,0.9006158709526062,-1.09395432472229,0.7420766353607178,0.7138840556144714,1.1832481622695923,-0.4276465177536011,0.5810271501541138,0.48942384123802185,0.8565749526023865,-1.1052775382995605,0.7606443166732788,0.7051396369934082,1.1428874731063843,-0.33116865158081055,0.5915542840957642,0.47957050800323486,0.8386671543121338,-0.9918703436851501,0.7668106555938721,0.6086822748184204,1.0942975282669067,-0.009422513656318188,0.3544687032699585,0.4487999379634857,1.0938677787780762,0.011067370884120464,0.3925766944885254,0.6158515214920044,1.577293038368225,0.12112680822610855,0.01192751806229353,0.4487284719944,1.5818537473678589,0.15199708938598633,0.009789547882974148,0.6123834848403931,1.9909247159957886,0.5644267797470093,0.0030688673723489046,0.4567430317401886,1.998787522315979,0.5469305515289307,0.0037685101851820946,0.6161246299743652,2.048708200454712,0.5855250358581543,0.0016622230177745223,0.4555113911628723,2.0552899837493896,0.5768224000930786,0.004523146897554398,0.5903856158256531,2.1280171871185303,0.2130909115076065,0.001885519945062697,0.4799019396305084,2.1385295391082764,0.1724969446659088,0.006176008377224207,nan,nan,nan,nan,nan,nan,nan,nan,nan,nan,nan,nan,nan,nan,nan,nan,nan,nan,nan,nan,nan,nan,nan,nan,nan,nan,nan,nan,nan,nan,nan,nan,nan,nan,nan,nan,nan,nan,nan,nan,nan,nan,nan,nan,nan,nan,nan,nan,nan,nan,nan,nan,nan,nan,nan,nan,nan,nan,nan,nan,nan,nan,nan,0.44212913513183594,0.8600841164588928,1.5292121702259465e-07,0.457447350025177,0.8173741102218628,-0.004913558252155781,0.47511446475982666,0.7919110655784607,-0.010217132046818733,0.49010545015335083,0.7766046524047852,-0.014904177747666836,0.5002855062484741,0.7598328590393066,-0.019848760217428207,0.4963509142398834,0.8370606899261475,-0.012066475115716457,0.5215827226638794,0.8407427668571472,-0.018103444948792458,0.5367697477340698,0.8449033498764038,-0.022278789430856705,0.5488332509994507,0.8493527770042419,-0.024946579709649086,0.4940010607242584,0.866844892501831,-0.013876446522772312,0.5217612981796265,0.8687565922737122,-0.018313400447368622,0.5395599603652954,0.8710342645645142,-0.02168104611337185,0.5537765026092529,0.8738545179367065,-0.02431979775428772,0.4878522753715515,0.8923731446266174,-0.01577371545135975,0.5138278007507324,0.8982614874839783,-0.02084728516638279,0.5303381085395813,0.9013087749481201,-0.024108262732625008,0.5433290600776672,0.9029211401939392,-0.026300577446818352,0.4792792797088623,0.9146523475646973,-0.017714351415634155,0.4980624318122864,0.9225960969924927,-0.022475114092230797,0.5091992020606995,0.9245389699935913,-0.02343081124126911,0.518477737903595,0.9242278933525085,-0.02353627420961857
18,18,1,0,1,1.0,0.0,1.0,0.5159820318222046,0.309762567281723,-0.6633954644203186,0.9998803734779358,0.529969334602356,0.2690380811691284,-0.6249109506607056,0.999761164188385,0.5403300523757935,0.2683276832103729,-0.6249640583992004,0.9997358322143555,0.5497397780418396,0.2674769461154938,-0.624908983707428,0.9996674060821533,0.5016054511070251,0.26960718631744385,-0.6253018975257874,0.9998250603675842,0.49285587668418884,0.26994243264198303,-0.625071108341217,0.9998599290847778,0.4854339063167572,0.27109116315841675,-0.6254371404647827,0.9998632669448853,0.5632127523422241,0.2842291593551636,-0.33743223547935486,0.9995748400688171,0.48007431626319885,0.2909005284309387,-0.33032846450805664,0.9999067187309265,0.5374239087104797,0.35233330726623535,-0.5553880333900452,0.9999390840530396,0.5004798769950867,0.3536457121372223,-0.5538551807403564,0.999969482421875,0.6502134799957275,0.5360216498374939,-0.13071204721927643,0.9993640184402466,0.4088672995567322,0.5348501801490784,-0.22328998148441315,0.9998821020126343,0.7205559611320496,0.8589264750480652,-0.038292884826660156,0.9396378993988037,0.3186742663383484,0.8053951859474182,-0.4473992586135864,0.9843437671661377,0.7220455408096313,1.1187424659729004,-0.2822478115558624,0.6851115226745605,0.43523767590522766,0.8625205755233765,-0.9693650007247925,0.8430991172790527,0.7346823811531067,1.2177790403366089,-0.3497958779335022,0.5680444240570068,0.47676318883895874,0.9028472304344177,-1.082532286643982,0.7647534012794495,0.7127788066864014,1.1841360330581665,-0.40460968017578125,0.6086493134498596,0.48901548981666565,0.857648491859436,-1.0939642190933228,0.7814821004867554,0.7046473622322083,1.1381022930145264,-0.31081604957580566,0.618654727935791,0.47947895526885986,0.8397306799888611,-0.9819725155830383,0.7868892550468445,0.6084223985671997,1.0901788473129272,-0.010070132091641426,0.3532926142215729,0.44940635561943054,1.0911368131637573,0.011743373237550259,0.391786128282547,0.6155472993850708,1.5763397216796875,0.10381773859262466,0.010845392942428589,0.44800546765327454,1.5810296535491943,0.14999911189079285,0.008903826586902142,0.6110755205154419,1.9902340173721313,0.531572699546814,0.002803097479045391,0.4554572105407715,1.9979188442230225,0.5405112504959106,0.003410091158002615,0.614769458770752,2.047750473022461,0.5514183640480042,0.0015327486908063293,0.4542114734649658,2.0543758869171143,0.5693775415420532,0.004105126950889826,0.5889543890953064,2.1277225017547607,0.18207940459251404,0.001714151818305254,0.4786382019519806,2.137415647506714,0.17202962934970856,0.005603330675512552,nan,nan,nan,nan,nan,nan,nan,nan,nan,nan,nan,nan,nan,nan,nan,nan,nan,nan,nan,nan,nan,nan,nan,nan,nan,nan,nan,nan,nan,nan,nan,nan,nan,nan,nan,nan,nan,nan,nan,nan,nan,nan,nan,nan,nan,nan,nan,nan,nan,nan,nan,nan,nan,nan,nan,nan,nan,nan,nan,nan,nan,nan,nan,0.4421563148498535,0.8576841354370117,1.1610350725277385e-07,0.4576403796672821,0.8176945447921753,-0.004475255496799946,0.4757886230945587,0.7913923263549805,-0.009360605850815773,0.49069321155548096,0.7758121490478516,-0.013656098395586014,0.5008293390274048,0.75970059633255,-0.018206516280770302,0.4960697889328003,0.8357309103012085,-0.012422977015376091,0.5220988392829895,0.8392586708068848,-0.018649671226739883,0.5374744534492493,0.8432919979095459,-0.02266310527920723,0.5494632720947266,0.8475840091705322,-0.025182034820318222,0.4938335120677948,0.8652245998382568,-0.014566460624337196,0.5223500728607178,0.8671102523803711,-0.019446000456809998,0.5404425263404846,0.8689908385276794,-0.02283206395804882,0.5550810694694519,0.8714525699615479,-0.02537224069237709,0.48789867758750916,0.8911334276199341,-0.016696108505129814,0.5150801539421082,0.8972851037979126,-0.022040264680981636,0.5316737294197083,0.9008126854896545,-0.025005027651786804,0.5447956323623657,0.9025869965553284,-0.026905430480837822,0.47948920726776123,0.9136313199996948,-0.018819989636540413,0.49947065114974976,0.9213157892227173,-0.02390170656144619,0.5112879872322083,0.9229867458343506,-0.024800535291433334,0.5212488174438477,0.9224260449409485,-0.024758733808994293
19,19,1,0,1,1.0,0.0,1.0,0.5161318778991699,0.3098779618740082,-0.6607658863067627,0.9998902082443237,0.53013676404953,0.2690599858760834,-0.621986985206604,0.9997802972793579,0.5404840111732483,0.26833483576774597,-0.6220320463180542,0.999757707118988,0.5498597025871277,0.267452210187912,-0.6219778060913086,0.9996945261955261,0.5017643570899963,0.26966357231140137,-0.6229128241539001,0.9998390078544617,0.4930017590522766,0.26998209953308105,-0.6227109432220459,0.9998713731765747,0.4855566620826721,0.2710958421230316,-0.6230810880661011,0.9998741149902344,0.5633951425552368,0.28409940004348755,-0.33545371890068054,0.9996111392974854,0.48008689284324646,0.2908864915370941,-0.3309243321418762,0.9999147057533264,0.5376613736152649,0.35235923528671265,-0.5533125400543213,0.999944269657135,0.5006482005119324,0.3537859320640564,-0.5523405075073242,0.9999719858169556,0.6506911516189575,0.5358522534370422,-0.13140350580215454,0.9994187951087952,0.40882059931755066,0.5345672369003296,-0.22335052490234375,0.9998906850814819,0.7208016514778137,0.8592994809150696,-0.04855245351791382,0.9429777264595032,0.3187079131603241,0.8051182627677917,-0.4604673981666565,0.9855671525001526,0.720946192741394,1.1168774366378784,-0.303941011428833,0.7084143161773682,0.4340476989746094,0.8633754253387451,-0.9889512658119202,0.8575707674026489,0.7335466146469116,1.2153773307800293,-0.3756371736526489,0.5946341753005981,0.47546449303627014,0.9029659032821655,-1.104943037033081,0.7846147418022156,0.712963342666626,1.1751691102981567,-0.4321873188018799,0.6338687539100647,0.4867509603500366,0.8567061424255371,-1.1184813976287842,0.7997261881828308,0.7038336992263794,1.137954831123352,-0.33389800786972046,0.6431530117988586,0.4773229956626892,0.8395897746086121,-1.0027672052383423,0.8044488430023193,0.6086816787719727,1.0875145196914673,-0.008792342618107796,0.35338693857192993,0.45023828744888306,1.088257074356079,0.010492688044905663,0.3925955593585968,0.6158443093299866,1.5759172439575195,0.11047609150409698,0.009918354451656342,0.44802963733673096,1.5805414915084839,0.148866668343544,0.008118957281112671,0.610933780670166,1.990309238433838,0.5364376306533813,0.0025922369677573442,0.4550216794013977,1.998076319694519,0.5378886461257935,0.0030935208778828382,0.6146414279937744,2.0479049682617188,0.5537710785865784,0.001444755238480866,0.45361387729644775,2.054706335067749,0.5664113163948059,0.0037416035775095224,0.588587760925293,2.1278672218322754,0.1944202184677124,0.0015690138097852468,0.4781780540943146,2.1375489234924316,0.16817256808280945,0.005099549423903227,nan,nan,nan,nan,nan,nan,nan,nan,nan,nan,nan,nan,nan,nan,nan,nan,nan,nan,nan,nan,nan,nan,nan,nan,nan,nan,nan,nan,nan,nan,nan,nan,nan,nan,nan,nan,nan,nan,nan,nan,nan,nan,nan,nan,nan,nan,nan,nan,nan,nan,nan,nan,nan,nan,nan,nan,nan,nan,nan,nan,nan,nan,nan,0.439145565032959,0.8568260669708252,1.1081886697184018e-07,0.4552152454853058,0.8167777061462402,-0.003924062475562096,0.4735836088657379,0.7902116179466248,-0.008784930221736431,0.4885043203830719,0.773578941822052,-0.013142549432814121,0.4980861246585846,0.7566088438034058,-0.01775348372757435,0.4927637577056885,0.8352442383766174,-0.012316965498030186,0.5190852880477905,0.8383817076683044,-0.01877470687031746,0.5346324443817139,0.8425275683403015,-0.022807477042078972,0.5467270016670227,0.8470593690872192,-0.025220640003681183,0.4905616343021393,0.8643449544906616,-0.014629651792347431,0.5194766521453857,0.8667487502098083,-0.020170873031020164,0.5379435420036316,0.8689413666725159,-0.023457948118448257,0.552767813205719,0.8716704845428467,-0.02571568638086319,0.48510757088661194,0.8899836540222168,-0.016869187355041504,0.5126883387565613,0.8977519273757935,-0.022500567138195038,0.5295401811599731,0.9012651443481445,-0.02505647763609886,0.5422961115837097,0.9025336503982544,-0.026429729536175728,0.47727537155151367,0.9123640060424805,-0.01906443014740944,0.49844351410865784,0.9206029772758484,-0.023753633722662926,0.5100810527801514,0.9220889806747437,-0.023957164958119392,0.5191672444343567,0.9207922220230103,-0.02335369400680065
20,20,1,0,1,1.0,0.0,1.0,0.5159527063369751,0.3100016713142395,-0.6616694331169128,0.9998979568481445,0.5299221277236938,0.269222617149353,-0.6235054731369019,0.9997950196266174,0.540259599685669,0.2684710919857025,-0.6235496401786804,0.9997751116752625,0.5496792197227478,0.267548531293869,-0.6235067248344421,0.9997158646583557,0.5016489624977112,0.26989614963531494,-0.6243611574172974,0.9998496174812317,0.49291086196899414,0.2702469825744629,-0.6241722702980042,0.9998802542686462,0.48554229736328125,0.2713196575641632,-0.6245419979095459,0.9998823404312134,0.5633255243301392,0.28405478596687317,-0.3402556777000427,0.9996407628059387,0.48019978404045105,0.2910597622394562,-0.3343309462070465,0.9999212026596069,0.5375636219978333,0.3524332046508789,-0.5553615689277649,0.9999486207962036,0.5006319880485535,0.3539177179336548,-0.5543316602706909,0.9999740123748779,0.651010274887085,0.5358193516731262,-0.138339102268219,0.9994676113128662,0.40918269753456116,0.5344120860099792,-0.23074370622634888,0.9998983144760132,0.7203371524810791,0.858956515789032,-0.05569951981306076,0.9459551572799683,0.3191075026988983,0.8049460053443909,-0.4693790376186371,0.9866445064544678,0.7195618748664856,1.1151615381240845,-0.31312277913093567,0.7289435267448425,0.43114525079727173,0.8617793917655945,-0.9892374873161316,0.8705642223358154,0.7319962978363037,1.2137094736099243,-0.3861526846885681,0.6169259548187256,0.4725895822048187,0.8998475074768066,-1.1061300039291382,0.8021275401115417,0.7127789258956909,1.17133629322052,-0.4431217610836029,0.6547077298164368,0.48354437947273254,0.85374915599823,-1.1199069023132324,0.815674364566803,0.7033557891845703,1.1372357606887817,-0.3434200584888458,0.6638918519020081,0.47479984164237976,0.8371868133544922,-1.003380298614502,0.8197945356369019,0.6086881160736084,1.084935188293457,-0.004530892241746187,0.3670038878917694,0.45019522309303284,1.086043119430542,0.006210751831531525,0.4060444235801697,0.6161807179450989,1.5753531455993652,0.13307756185531616,0.009074513800442219,0.4477226734161377,1.5800474882125854,0.14820297062397003,0.0074035413563251495,0.6122646927833557,1.9894746541976929,0.5773449540138245,0.00238737091422081,0.4550073742866516,1.997390627861023,0.539995551109314,0.0028049489483237267,0.6163100004196167,2.0470798015594482,0.5992479920387268,0.0013534454628825188,0.45361679792404175,2.0540354251861572,0.568776547908783,0.0034007702488452196,0.5895249843597412,2.126974582672119,0.23753106594085693,0.001434672623872757,0.47872841358184814,2.136796712875366,0.1693064272403717,0.004637965466827154,nan,nan,nan,nan,nan,nan,nan,nan,nan,nan,nan,nan,nan,nan,nan,nan,nan,nan,nan,nan,nan,nan,nan,nan,nan,nan,nan,nan,nan,nan,nan,nan,nan,nan,nan,nan,nan,nan,nan,nan,nan,nan,nan,nan,nan,nan,nan,nan,nan,nan,nan,nan,nan,nan,nan,nan,nan,nan,nan,nan,nan,nan,nan,0.4356919527053833,0.8565662503242493,1.1509381181440403e-07,0.4518415927886963,0.8165310025215149,-0.0041314782574772835,0.469975084066391,0.7902189493179321,-0.00929797813296318,0.4848148822784424,0.7732315063476562,-0.01396205835044384,0.494739830493927,0.7558449506759644,-0.018843280151486397,0.48979100584983826,0.8351933360099792,-0.012811325490474701,0.5166670083999634,0.8381609916687012,-0.0196353942155838,0.5324242115020752,0.8420757055282593,-0.023840434849262238,0.5445860624313354,0.8462153673171997,-0.02629990316927433,0.4876058101654053,0.8644586801528931,-0.015086586587131023,0.5168886780738831,0.8667252063751221,-0.020863818004727364,0.5355559587478638,0.8685785531997681,-0.024213280528783798,0.5502973794937134,0.8708545565605164,-0.026464441791176796,0.4821663498878479,0.8900004029273987,-0.017323343083262444,0.5094438791275024,0.8973055481910706,-0.02302495576441288,0.5263211131095886,0.9004623293876648,-0.02572803944349289,0.5390542149543762,0.9012709856033325,-0.02722068503499031,0.47434642910957336,0.9122298359870911,-0.01954527385532856,0.4948262870311737,0.921100378036499,-0.02434637024998665,0.5066043138504028,0.9225499629974365,-0.024811796844005585,0.516059398651123,0.9210447072982788,-0.0243917778134346
21,21,1,0,1,1.0,0.0,1.0,0.5158385038375854,0.31004011631011963,-0.6519812941551208,0.9999051094055176,0.5298799276351929,0.26930588483810425,-0.6150035262107849,0.9998085498809814,0.5402138829231262,0.2685370147228241,-0.6150607466697693,0.9997909665107727,0.5496444702148438,0.2675844430923462,-0.6150254011154175,0.999735414981842,0.5016406774520874,0.27000224590301514,-0.6153522729873657,0.9998595118522644,0.49291473627090454,0.2703532874584198,-0.6151671409606934,0.9998884201049805,0.4855749011039734,0.2713816165924072,-0.615537703037262,0.9998900294303894,0.5633156895637512,0.28401097655296326,-0.3380497992038727,0.9996678829193115,0.48025745153427124,0.29107901453971863,-0.33056727051734924,0.9999270439147949,0.5374484062194824,0.3523825705051422,-0.5483356714248657,0.999952495098114,0.500484824180603,0.3538869619369507,-0.546619713306427,0.999975860118866,0.6510088443756104,0.5359951257705688,-0.14041723310947418,0.9995076060295105,0.40923312306404114,0.5343694686889648,-0.22841638326644897,0.999904215335846,0.7198305726051331,0.8587190508842468,-0.055915527045726776,0.9481956958770752,0.3198343813419342,0.8045428991317749,-0.45245322585105896,0.9875577688217163,0.7189099788665771,1.1138694286346436,-0.3168696165084839,0.7468529343605042,0.42956534028053284,0.8623684644699097,-0.9661164879798889,0.8820934295654297,0.7311164140701294,1.2125983238220215,-0.3898783028125763,0.6366595029830933,0.47066235542297363,0.9005371928215027,-1.0811532735824585,0.8178046345710754,0.7122862339019775,1.1701332330703735,-0.4485548734664917,0.6733314990997314,0.4818333387374878,0.8549324870109558,-1.095931053161621,0.8300583958625793,0.7030669450759888,1.136091709136963,-0.3480304181575775,0.6826872229576111,0.4734925925731659,0.8386116027832031,-0.9807338118553162,0.8336977362632751,0.6083508133888245,1.0836092233657837,-0.004848242271691561,0.36538219451904297,0.4503239393234253,1.0848551988601685,0.00656234472990036,0.40479692816734314,0.6157649755477905,1.5759975910186768,0.11862355470657349,0.008318237029016018,0.44780632853507996,1.579949975013733,0.14591839909553528,0.006765252910554409,0.6117894053459167,1.9908528327941895,0.5347203016281128,0.0022048044484108686,0.4548741579055786,1.9977006912231445,0.5257132649421692,0.0025455146096646786,0.6158561110496521,2.0485005378723145,0.5541709661483765,0.0012726127170026302,0.45333725214004517,2.0543246269226074,0.5530797243118286,0.0030999970622360706,0.5889055728912354,2.128166913986206,0.1921968013048172,0.0013134235050529242,0.4787479043006897,2.137328624725342,0.15706564486026764,0.004226095974445343,nan,nan,nan,nan,nan,nan,nan,nan,nan,nan,nan,nan,nan,nan,nan,nan,nan,nan,nan,nan,nan,nan,nan,nan,nan,nan,nan,nan,nan,nan,nan,nan,nan,nan,nan,nan,nan,nan,nan,nan,nan,nan,nan,nan,nan,nan,nan,nan,nan,nan,nan,nan,nan,nan,nan,nan,nan,nan,nan,nan,nan,nan,nan,0.43253642320632935,0.8568111658096313,1.1778458031130867e-07,0.44931551814079285,0.8175078630447388,-0.003907893318682909,0.4677668809890747,0.791266143321991,-0.009041348472237587,0.4830617308616638,0.7746933102607727,-0.013726775534451008,0.4932202696800232,0.7572149634361267,-0.018654460087418556,0.48631203174591064,0.8349360823631287,-0.01317716483026743,0.5133825540542603,0.8388412594795227,-0.020295141264796257,0.529339075088501,0.8432721495628357,-0.024590235203504562,0.5417777299880981,0.847879946231842,-0.027132080867886543,0.4842149317264557,0.8644639253616333,-0.01565975323319435,0.5135863423347473,0.8672778010368347,-0.02178104966878891,0.5325384736061096,0.8701426386833191,-0.025335753336548805,0.5477393269538879,0.8734056353569031,-0.027777191251516342,0.47888654470443726,0.8905623555183411,-0.018052570521831512,0.505861222743988,0.8981224298477173,-0.024074768647551537,0.5227804780006409,0.9021118879318237,-0.02690616063773632,0.5357794761657715,0.9036844372749329,-0.028511174023151398,0.4710794687271118,0.9135473370552063,-0.020395388826727867,0.4911735951900482,0.922488808631897,-0.02539892867207527,0.5030194520950317,0.9242345094680786,-0.026017481461167336,0.5127629041671753,0.9233629107475281,-0.025758450850844383
22,22,1,0,1,1.0,0.0,1.0,0.5157895684242249,0.31007808446884155,-0.6579169631004333,0.9999110102653503,0.5298265218734741,0.2693716883659363,-0.6208528280258179,0.9998196959495544,0.5401541590690613,0.2686115503311157,-0.6209350824356079,0.9998040199279785,0.5495898127555847,0.2676601707935333,-0.6208925247192383,0.9997515678405762,0.5016489028930664,0.270045667886734,-0.6206433773040771,0.9998675584793091,0.4929398000240326,0.2704007029533386,-0.6204518675804138,0.9998950362205505,0.4856311082839966,0.27141323685646057,-0.6208413243293762,0.9998961687088013,0.5632332563400269,0.28404226899147034,-0.3405488431453705,0.9996910095214844,0.4803493022918701,0.2911217510700226,-0.331118106842041,0.9999319911003113,0.5373596549034119,0.3525128662586212,-0.5526957511901855,0.999955952167511,0.5004774928092957,0.35396236181259155,-0.5504567623138428,0.9999774694442749,0.6509649753570557,0.5363279581069946,-0.14260928332805634,0.999543309211731,0.4093469977378845,0.5344406366348267,-0.22881658375263214,0.9999092221260071,0.7194246053695679,0.8589354753494263,-0.05931011214852333,0.9499953389167786,0.31964951753616333,0.804015040397644,-0.4482220411300659,0.9884049296379089,0.7184072136878967,1.115333914756775,-0.31979063153266907,0.762708306312561,0.4286481738090515,0.8630333542823792,-0.9649465680122375,0.8922436237335205,0.7307853102684021,1.2169095277786255,-0.3934021294116974,0.6533157229423523,0.4703833758831024,0.9017480611801147,-1.080928087234497,0.8310249447822571,0.7108505964279175,1.1710258722305298,-0.45119398832321167,0.6889647841453552,0.4818570911884308,0.8568036556243896,-1.0965815782546997,0.8421449065208435,0.7011139988899231,1.1377763748168945,-0.3504921495914459,0.6985458135604858,0.4734515845775604,0.8405110239982605,-0.9800077676773071,0.8453219532966614,0.6081213355064392,1.0828291177749634,-0.005202955100685358,0.3706529140472412,0.45034196972846985,1.0837860107421875,0.0069216275587677956,0.40968433022499084,0.6155375838279724,1.577558159828186,0.11639449745416641,0.007632947526872158,0.44766417145729065,1.5808799266815186,0.1522415727376938,0.006195602472871542,0.6116904616355896,1.9913229942321777,0.5416626930236816,0.0020316927693784237,0.454947292804718,1.998081922531128,0.5618809461593628,0.002311499323695898,0.61576247215271,2.048659563064575,0.5629698038101196,0.0011916813673451543,0.453452467918396,2.054555892944336,0.5927730202674866,0.0028289305046200752,0.5885905623435974,2.1295132637023926,0.1961372196674347,0.0012026657350361347,0.4788241982460022,2.1379621028900146,0.19126245379447937,0.0038580477703362703,nan,nan,nan,nan,nan,nan,nan,nan,nan,nan,nan,nan,nan,nan,nan,nan,nan,nan,nan,nan,nan,nan,nan,nan,nan,nan,nan,nan,nan,nan,nan,nan,nan,nan,nan,nan,nan,nan,nan,nan,nan,nan,nan,nan,nan,nan,nan,nan,nan,nan,nan,nan,nan,nan,nan,nan,nan,nan,nan,nan,nan,nan,nan,0.43187880516052246,0.8579647541046143,1.156096445242838e-07,0.44841232895851135,0.819216787815094,-0.0033492855727672577,0.46742016077041626,0.7934583425521851,-0.008213115856051445,0.48293405771255493,0.7772514224052429,-0.012588161043822765,0.49321845173835754,0.7602684497833252,-0.017253370955586433,0.4862230122089386,0.8358798027038574,-0.01305848453193903,0.5133262276649475,0.8408676981925964,-0.01956399530172348,0.52922123670578,0.8456535935401917,-0.023492153733968735,0.5414916276931763,0.8504418134689331,-0.025777673348784447,0.483901709318161,0.8656101822853088,-0.015603819862008095,0.5139461755752563,0.8691324591636658,-0.02073361538350582,0.5325212478637695,0.8722887635231018,-0.023695772513747215,0.5474179983139038,0.8751331567764282,-0.025835411623120308,0.47840648889541626,0.8921588063240051,-0.017897117882966995,0.506822407245636,0.9003387689590454,-0.023177485913038254,0.5235041379928589,0.9046490788459778,-0.025440767407417297,0.5361195802688599,0.9056689739227295,-0.026726623997092247,0.4707113206386566,0.9153633713722229,-0.02005382813513279,0.49268752336502075,0.9240847229957581,-0.024481603875756264,0.5041223168373108,0.9262028932571411,-0.02441500499844551,0.5130153894424438,0.9248366951942444,-0.023643845692276955
23,23,1,0,1,1.0,0.0,1.0,0.5160555243492126,0.3100183308124542,-0.6610227227210999,0.9999164342880249,0.5299994349479675,0.26935893297195435,-0.6235787868499756,0.9998301267623901,0.540282666683197,0.2686082124710083,-0.6236590147018433,0.9998162388801575,0.549674391746521,0.2676718831062317,-0.6236142516136169,0.9997665286064148,0.5019087791442871,0.2700209319591522,-0.6244465112686157,0.9998752474784851,0.49320340156555176,0.2703671157360077,-0.6242587566375732,0.9999014139175415,0.48582538962364197,0.27137523889541626,-0.6246582269668579,0.9999021291732788,0.563191294670105,0.2840695381164551,-0.34201815724372864,0.9997122883796692,0.48039737343788147,0.2910957932472229,-0.334540992975235,0.9999367594718933,0.5375123620033264,0.35249122977256775,-0.5539105534553528,0.9999590516090393,0.5007295608520508,0.3539046049118042,-0.55314701795578,0.9999789595603943,0.6507991552352905,0.5363641977310181,-0.1424674093723297,0.9995756149291992,0.4090912342071533,0.5344907641410828,-0.23449429869651794,0.9999143481254578,0.7191665768623352,0.85870760679245,-0.05893700569868088,0.9514300227165222,0.3188033103942871,0.803223729133606,-0.45777538418769836,0.9892091155052185,0.7179569005966187,1.1148289442062378,-0.3186897337436676,0.7760737538337708,0.42989087104797363,0.8626511096954346,-0.9695826768875122,0.9015583992004395,0.7297971844673157,1.2169826030731201,-0.3931735157966614,0.6671779751777649,0.47158950567245483,0.9022499322891235,-1.085384726524353,0.8433814644813538,0.7098532915115356,1.170955777168274,-0.44993311166763306,0.702010989189148,0.48354730010032654,0.8577582836151123,-1.1008838415145874,0.8534316420555115,0.6996762752532959,1.1370679140090942,-0.34901344776153564,0.7118982672691345,0.4750804901123047,0.8413975238800049,-0.984160840511322,0.8562023639678955,0.6080449223518372,1.0824768543243408,-0.0037807226181030273,0.37542420625686646,0.45024800300598145,1.0836577415466309,0.005501866806298494,0.41500377655029297,0.6152619123458862,1.577836513519287,0.11638286709785461,0.0070186215452849865,0.4475040137767792,1.5811855792999268,0.151650071144104,0.005682471673935652,0.6116881966590881,1.991255760192871,0.5422047972679138,0.001881306292489171,0.45491430163383484,1.9984546899795532,0.5594979524612427,0.002101646503433585,0.6157748103141785,2.0484421253204346,0.563543975353241,0.0011292137205600739,0.45340195298194885,2.0548954010009766,0.5899947881698608,0.00258631631731987,0.5885568261146545,2.1298298835754395,0.19998706877231598,0.001104698865674436,0.4787832498550415,2.138105869293213,0.18899807333946228,0.0035254822578281164,nan,nan,nan,nan,nan,nan,nan,nan,nan,nan,nan,nan,nan,nan,nan,nan,nan,nan,nan,nan,nan,nan,nan,nan,nan,nan,nan,nan,nan,nan,nan,nan,nan,nan,nan,nan,nan,nan,nan,nan,nan,nan,nan,nan,nan,nan,nan,nan,nan,nan,nan,nan,nan,nan,nan,nan,nan,nan,nan,nan,nan,nan,nan,0.4355417490005493,0.8601449131965637,1.3267893450574775e-07,0.4524673521518707,0.8220516443252563,-0.0035669179633259773,0.4713627099990845,0.7971940636634827,-0.00850332248955965,0.48659855127334595,0.7810667753219604,-0.012826414778828621,0.49635958671569824,0.7645782232284546,-0.017490146681666374,0.4886862337589264,0.839308500289917,-0.014237456023693085,0.5163815021514893,0.8456917405128479,-0.020963188260793686,0.5325326323509216,0.8516399264335632,-0.024814436212182045,0.5446138978004456,0.8569551110267639,-0.026952916756272316,0.48622316122055054,0.8693718910217285,-0.01643378846347332,0.5166733264923096,0.874491810798645,-0.021385909989476204,0.5354092121124268,0.8782631158828735,-0.02404567413032055,0.5497257709503174,0.8812547326087952,-0.026034386828541756,0.4805132746696472,0.8956986665725708,-0.01833978481590748,0.5090327858924866,0.9046189188957214,-0.023196758702397346,0.5257918238639832,0.9093489646911621,-0.025485925376415253,0.5384494662284851,0.9112978577613831,-0.027001723647117615,0.4726260006427765,0.9181280732154846,-0.020119527354836464,0.4929813742637634,0.9280779361724854,-0.024600541219115257,0.50483638048172,0.9307339191436768,-0.02510167844593525,0.5145928859710693,0.9302659630775452,-0.024835381656885147
24,24,1,0,1,1.0,0.0,1.0,0.5160713195800781,0.30997389554977417,-0.6649463772773743,0.999921977519989,0.5299427509307861,0.26936736702919006,-0.6279856562614441,0.9998407363891602,0.5402398705482483,0.26862603425979614,-0.6280401945114136,0.9998283982276917,0.5496556758880615,0.2676938474178314,-0.6279851198196411,0.9997814893722534,0.5018479824066162,0.2700044512748718,-0.6284951567649841,0.9998830556869507,0.49314144253730774,0.2703453302383423,-0.6282895803451538,0.9999077916145325,0.4858078360557556,0.27134665846824646,-0.6286792755126953,0.9999081492424011,0.5632389187812805,0.2840590178966522,-0.34617725014686584,0.999733030796051,0.4804169237613678,0.291064977645874,-0.3378390073776245,0.999941349029541,0.5375757813453674,0.3525061011314392,-0.5580689311027527,0.9999620914459229,0.5008127093315125,0.3538525104522705,-0.556769847869873,0.9999804496765137,0.6508195996284485,0.5363282561302185,-0.14258195459842682,0.9996069073677063,0.4092864692211151,0.5344328284263611,-0.23740024864673615,0.9999193549156189,0.7190676927566528,0.8586716651916504,-0.05971164256334305,0.9530313014984131,0.3168775737285614,0.8006787896156311,-0.45561081171035767,0.9899402260780334,0.7177286744117737,1.1147279739379883,-0.3111749589443207,0.7883856892585754,0.4303307831287384,0.8630065321922302,-0.9578059911727905,0.9098493456840515,0.7284857630729675,1.2166916131973267,-0.38421833515167236,0.6804503202438354,0.4726051688194275,0.9035199880599976,-1.072075605392456,0.8542676568031311,0.7075686454772949,1.1688029766082764,-0.4397937059402466,0.7146280407905579,0.48483598232269287,0.8591866493225098,-1.0871615409851074,0.8633387088775635,0.6974103450775146,1.136391043663025,-0.3406306803226471,0.7244510650634766,0.4762631356716156,0.8424900770187378,-0.9720457196235657,0.8657052516937256,0.6073922514915466,1.0814166069030762,-0.004128613509237766,0.3753938376903534,0.45014894008636475,1.0821609497070312,0.005852515809237957,0.41474607586860657,0.6146058440208435,1.5777314901351929,0.11533789336681366,0.0064356569200754166,0.44651493430137634,1.581092119216919,0.15471301972866058,0.005204459186643362,0.610856294631958,1.9910478591918945,0.5453635454177856,0.001737767830491066,0.45410820841789246,1.9984078407287598,0.5673160552978516,0.0019092581933364272,0.6149278283119202,2.0479416847229004,0.5677117109298706,0.0010609951568767428,0.4526987373828888,2.0547919273376465,0.5985493659973145,0.002361009595915675,0.5874224901199341,2.12951922416687,0.20110291242599487,0.001013100380077958,0.4772452116012573,2.1379759311676025,0.19694314897060394,0.0032177388202399015,nan,nan,nan,nan,nan,nan,nan,nan,nan,nan,nan,nan,nan,nan,nan,nan,nan,nan,nan,nan,nan,nan,nan,nan,nan,nan,nan,nan,nan,nan,nan,nan,nan,nan,nan,nan,nan,nan,nan,nan,nan,nan,nan,nan,nan,nan,nan,nan,nan,nan,nan,nan,nan,nan,nan,nan,nan,nan,nan,nan,nan,nan,nan,0.43726569414138794,0.8620668649673462,1.2347884137398069e-07,0.45500829815864563,0.8249682188034058,-0.003291814122349024,0.47459128499031067,0.8009812235832214,-0.0079064154997468,0.4900185167789459,0.7856317758560181,-0.012032569386065006,0.49980729818344116,0.7698618173599243,-0.016493823379278183,0.492465078830719,0.8432049751281738,-0.012722129002213478,0.5189966559410095,0.8500340580940247,-0.019229706376791,0.5347402095794678,0.8562641143798828,-0.0232810378074646,0.5467409491539001,0.8618297576904297,-0.025689460337162018,0.4898647964000702,0.8731293678283691,-0.015139644034206867,0.5191872119903564,0.8784944415092468,-0.01984417997300625,0.5374944806098938,0.8828431367874146,-0.022791706025600433,0.5519298315048218,0.8862366676330566,-0.02504808083176613,0.48379549384117126,0.8995093703269958,-0.017330314964056015,0.5112146735191345,0.9079991579055786,-0.022085018455982208,0.527596652507782,0.9132372736930847,-0.024519383907318115,0.5401319861412048,0.9153716564178467,-0.02615365944802761,0.4752480685710907,0.9222772121429443,-0.01941123977303505,0.49541914463043213,0.9317943453788757,-0.023732056841254234,0.5069546699523926,0.9344664216041565,-0.024140430614352226,0.5163317918777466,0.9339417219161987,-0.023830000311136246
25,25,1,0,1,1.0,0.0,1.0,0.5160437822341919,0.3099268078804016,-0.66582190990448,0.9999266862869263,0.5298562049865723,0.2693350911140442,-0.6289293766021729,0.999849796295166,0.5401566028594971,0.2685966491699219,-0.6289790868759155,0.9998387098312378,0.5496041774749756,0.26766759157180786,-0.6289280652999878,0.9997943639755249,0.5017634034156799,0.2699737846851349,-0.6292971968650818,0.9998897910118103,0.49306631088256836,0.27031591534614563,-0.6290867924690247,0.999913215637207,0.4857868552207947,0.2713167369365692,-0.6294680237770081,0.9999133944511414,0.5631794333457947,0.284013032913208,-0.34690001606941223,0.9997510313987732,0.48042577505111694,0.2910362482070923,-0.3383483588695526,0.999945342540741,0.5376186966896057,0.35247281193733215,-0.559001624584198,0.9999647736549377,0.5008516311645508,0.35380101203918457,-0.5573692917823792,0.999981701374054,0.6508350968360901,0.5363026261329651,-0.142971932888031,0.9996346831321716,0.40916144847869873,0.5343261361122131,-0.23735859990119934,0.9999238848686218,0.7190162539482117,0.858599066734314,-0.060753386467695236,0.95466548204422,0.3147885203361511,0.8000136613845825,-0.45241066813468933,0.9906501173973083,0.7174720764160156,1.114466905593872,-0.3130534589290619,0.7992817759513855,0.43068456649780273,0.8635298013687134,-0.9515225887298584,0.9174020886421204,0.7282764911651611,1.2164247035980225,-0.3863093852996826,0.6922117471694946,0.47277921438217163,0.9045975208282471,-1.06545090675354,0.8643506169319153,0.70750492811203,1.1672087907791138,-0.44211119413375854,0.7258513569831848,0.48496830463409424,0.8601202964782715,-1.0802557468414307,0.8725681900978088,0.6973827481269836,1.1360647678375244,-0.342682808637619,0.7356148958206177,0.4762299060821533,0.8431685566902161,-0.9655743837356567,0.8745695948600769,0.6071560382843018,1.0802674293518066,-0.004589201882481575,0.37475016713142395,0.4500405490398407,1.0814096927642822,0.006325847469270229,0.41474124789237976,0.6133540868759155,1.57756769657135,0.1154954805970192,0.005945502780377865,0.44615477323532104,1.580971121788025,0.15667709708213806,0.0048065707087516785,0.6092981696128845,1.9907957315444946,0.5472456812858582,0.0016231182962656021,0.45394569635391235,1.9982173442840576,0.5624633431434631,0.0017413102323189378,0.6133614182472229,2.047703742980957,0.5698636174201965,0.0010105028050020337,0.45258861780166626,2.0546116828918457,0.592857301235199,0.002171091502532363,0.5856138467788696,2.1292409896850586,0.20489592850208282,0.0009348243474960327,0.4767022430896759,2.1379075050354004,0.19172634184360504,0.002949206391349435,nan,nan,nan,nan,nan,nan,nan,nan,nan,nan,nan,nan,nan,nan,nan,nan,nan,nan,nan,nan,nan,nan,nan,nan,nan,nan,nan,nan,nan,nan,nan,nan,nan,nan,nan,nan,nan,nan,nan,nan,nan,nan,nan,nan,nan,nan,nan,nan,nan,nan,nan,nan,nan,nan,nan,nan,nan,nan,nan,nan,nan,nan,nan,0.4373658299446106,0.8620996475219727,1.1444983272212994e-07,0.45506900548934937,0.8237688541412354,-0.0038195690140128136,0.47434157133102417,0.7993468046188354,-0.008445288054645061,0.48985421657562256,0.7845486998558044,-0.012648147530853748,0.49984011054039,0.7683400511741638,-0.017167149111628532,0.4925607442855835,0.8438724279403687,-0.01179179921746254,0.5188405513763428,0.8503610491752625,-0.018230486661195755,0.5344351530075073,0.8562151789665222,-0.022418247535824776,0.5466342568397522,0.8620267510414124,-0.025009330362081528,0.4897648096084595,0.8734632134437561,-0.014219791628420353,0.5184637308120728,0.8782902956008911,-0.01920616626739502,0.5368378758430481,0.882164716720581,-0.022559359669685364,0.5518837571144104,0.8859452605247498,-0.025093890726566315,0.48352721333503723,0.8993512988090515,-0.016613410785794258,0.5107523202896118,0.9080590009689331,-0.021906431764364243,0.527263343334198,0.9133269190788269,-0.024682922288775444,0.5402207374572754,0.9158375263214111,-0.0264425091445446,0.47499707341194153,0.9218229651451111,-0.01898854225873947,0.49527063965797424,0.9309333562850952,-0.02371833100914955,0.5069833993911743,0.93358314037323,-0.024303579702973366,0.5166608691215515,0.933428943157196,-0.02409977652132511
26,26,1,0,1,1.0,0.0,1.0,0.5160672068595886,0.3100990355014801,-0.6745854020118713,0.999930739402771,0.5297930240631104,0.26948082447052,-0.6381863951683044,0.9998575448989868,0.5400827527046204,0.26874369382858276,-0.638254702091217,0.9998474717140198,0.5495421290397644,0.26780974864959717,-0.6382215619087219,0.999805212020874,0.5017461180686951,0.2700744867324829,-0.6379590034484863,0.9998955130577087,0.49305886030197144,0.27039965987205505,-0.6377618312835693,0.9999178051948547,0.48583242297172546,0.2713821232318878,-0.6381270289421082,0.99991774559021,0.5630863308906555,0.28400492668151855,-0.3553379774093628,0.9997668862342834,0.48048320412635803,0.29108554124832153,-0.34430551528930664,0.9999487996101379,0.5375996828079224,0.35269695520401,-0.56756192445755,0.9999671578407288,0.5010385513305664,0.3539176881313324,-0.5650474429130554,0.9999828338623047,0.6507543921470642,0.5362686514854431,-0.14932182431221008,0.9996600151062012,0.40917760133743286,0.5342138409614563,-0.23716899752616882,0.9999278783798218,0.7189556360244751,0.8585081696510315,-0.06153809279203415,0.9563555121421814,0.31300854682922363,0.7990291118621826,-0.44857674837112427,0.9913256168365479,0.7178972959518433,1.1139326095581055,-0.312531441450119,0.8106719851493835,0.43022027611732483,0.8635768294334412,-0.9471593499183655,0.924340009689331,0.7288522720336914,1.2153477668762207,-0.3856685161590576,0.7053050398826599,0.4718655049800873,0.9047660231590271,-1.061023473739624,0.8737257122993469,0.7078194618225098,1.1658117771148682,-0.442510724067688,0.7380530834197998,0.4843219816684723,0.8602170348167419,-1.0763577222824097,0.8811826705932617,0.6974377632141113,1.1356607675552368,-0.34242767095565796,0.7477095723152161,0.47581130266189575,0.8432813882827759,-0.9614855647087097,0.8828995823860168,0.6070147752761841,1.0800738334655762,-0.007713342551141977,0.3769635558128357,0.4499301016330719,1.0813672542572021,0.009433729574084282,0.417218416929245,0.6126899719238281,1.5774078369140625,0.11768539249897003,0.0055161891505122185,0.44613105058670044,1.580851435661316,0.16729965806007385,0.004466562531888485,0.608157753944397,1.9906256198883057,0.5598394870758057,0.0015202340437099338,0.4538513720035553,1.9981679916381836,0.5782828330993652,0.0015925976913422346,0.6120529770851135,2.047630548477173,0.5832671523094177,0.0009641023352742195,0.45247989892959595,2.0544004440307617,0.6098631024360657,0.0020086257718503475,0.5844905376434326,2.1290314197540283,0.21763379871845245,0.0008636614074930549,0.4763920307159424,2.137747049331665,0.20909641683101654,0.002711446024477482,nan,nan,nan,nan,nan,nan,nan,nan,nan,nan,nan,nan,nan,nan,nan,nan,nan,nan,nan,nan,nan,nan,nan,nan,nan,nan,nan,nan,nan,nan,nan,nan,nan,nan,nan,nan,nan,nan,nan,nan,nan,nan,nan,nan,nan,nan,nan,nan,nan,nan,nan,nan,nan,nan,nan,nan,nan,nan,nan,nan,nan,nan,nan,0.4357445240020752,0.8611659407615662,1.1308407721344338e-07,0.45292216539382935,0.8228340744972229,-0.0040799034759402275,0.4721643030643463,0.7983751893043518,-0.00880125816911459,0.4878401458263397,0.7833994626998901,-0.013111530803143978,0.4981541037559509,0.7668806314468384,-0.01767554134130478,0.49079078435897827,0.8437018394470215,-0.011416726745665073,0.5169311761856079,0.8498273491859436,-0.017831606790423393,0.532487154006958,0.855582058429718,-0.022107567638158798,0.5447574853897095,0.8612954020500183,-0.02479882352054119,0.48790624737739563,0.8729848265647888,-0.013812859542667866,0.516385018825531,0.8778408765792847,-0.01908818818628788,0.5348777174949646,0.8817736506462097,-0.022709351032972336,0.5501936078071594,0.8858122229576111,-0.025378648191690445,0.48172467947006226,0.8984909653663635,-0.016237353906035423,0.5084863305091858,0.907609224319458,-0.021779131144285202,0.5253210067749023,0.9129082560539246,-0.024726256728172302,0.5386248230934143,0.9157794713973999,-0.026522211730480194,0.4734017252922058,0.9204067587852478,-0.01867619715631008,0.49358949065208435,0.9291646480560303,-0.023476839065551758,0.5054675340652466,0.9319069981575012,-0.0240830909460783,0.5152633786201477,0.932353138923645,-0.0238815825432539
27,27,1,0,1,1.0,0.0,1.0,0.5160983800888062,0.3100324869155884,-0.6802932024002075,0.9999343156814575,0.5297434329986572,0.2694505751132965,-0.6438757181167603,0.9998643398284912,0.5400228500366211,0.2687273919582367,-0.643953263759613,0.9998551607131958,0.5495008826255798,0.2677984833717346,-0.6439142823219299,0.9998147487640381,0.5017426013946533,0.27002254128456116,-0.6436732411384583,0.9999005794525146,0.49307680130004883,0.2703481614589691,-0.6434862017631531,0.9999218583106995,0.48587992787361145,0.27134665846824646,-0.6438334584236145,0.9999216198921204,0.5630117654800415,0.2839931547641754,-0.3618188500404358,0.9997808337211609,0.480476051568985,0.29106685519218445,-0.3515913486480713,0.9999518990516663,0.5376391410827637,0.35267868638038635,-0.5737476944923401,0.9999691843986511,0.501132607460022,0.3538278639316559,-0.5713707208633423,0.9999837875366211,0.6507260799407959,0.5362390279769897,-0.1546449065208435,0.9996799230575562,0.409123957157135,0.5342389941215515,-0.237010657787323,0.9999306797981262,0.7190250158309937,0.8573867678642273,-0.060952525585889816,0.9565823674201965,0.31236153841018677,0.798744261264801,-0.43338143825531006,0.9918562769889832,0.7214962244033813,1.1076443195343018,-0.3106677830219269,0.8198838233947754,0.4294404685497284,0.8639401793479919,-0.9258683323860168,0.9302555918693542,0.7324302792549133,1.205996036529541,-0.38380274176597595,0.7164323925971985,0.4706585705280304,0.905131459236145,-1.040088176727295,0.8815277814865112,0.7097436785697937,1.165980577468872,-0.44240930676460266,0.7486433386802673,0.4831908047199249,0.8602749109268188,-1.0566552877426147,0.8884774446487427,0.7013224959373474,1.1252142190933228,-0.3415088951587677,0.7582619786262512,0.4748225212097168,0.8434658050537109,-0.9408753514289856,0.8899058699607849,0.6066398024559021,1.0798910856246948,-0.011136151850223541,0.36859989166259766,0.4498588442802429,1.081387996673584,0.012919249944388866,0.4089178442955017,0.6123421788215637,1.5768988132476807,0.11579021066427231,0.00510109169408679,0.44607049226760864,1.5805929899215698,0.16506649553775787,0.004130452871322632,0.6081036329269409,1.9898573160171509,0.5576717853546143,0.0014138410333544016,0.4543794095516205,1.9970426559448242,0.5715900659561157,0.0014511857880279422,0.6119996309280396,2.0466248989105225,0.5808849930763245,0.0009122123010456562,0.45331627130508423,2.0530588626861572,0.6023735404014587,0.0018495679832994938,0.5844652056694031,2.1277544498443604,0.21629706025123596,0.0007957112975418568,0.47659018635749817,2.136125087738037,0.20212091505527496,0.002488571684807539,nan,nan,nan,nan,nan,nan,nan,nan,nan,nan,nan,nan,nan,nan,nan,nan,nan,nan,nan,nan,nan,nan,nan,nan,nan,nan,nan,nan,nan,nan,nan,nan,nan,nan,nan,nan,nan,nan,nan,nan,nan,nan,nan,nan,nan,nan,nan,nan,nan,nan,nan,nan,nan,nan,nan,nan,nan,nan,nan,nan,nan,nan,nan,0.433677613735199,0.860176146030426,1.1183943371406713e-07,0.4508654475212097,0.8216992020606995,-0.003826878499239683,0.47058552503585815,0.7970532774925232,-0.008273553103208542,0.4863896071910858,0.782100260257721,-0.012324685230851173,0.49663734436035156,0.765069305896759,-0.016629578545689583,0.49001631140708923,0.842302143573761,-0.010780994780361652,0.5160303115844727,0.8484758138656616,-0.016819268465042114,0.5314215421676636,0.8542841076850891,-0.020913073793053627,0.5435521602630615,0.8598632216453552,-0.023505747318267822,0.4871877431869507,0.8720097541809082,-0.013176771812140942,0.5156421661376953,0.8765108585357666,-0.018040262162685394,0.5339844226837158,0.8803251385688782,-0.02155330590903759,0.5490365028381348,0.884056568145752,-0.024176569655537605,0.48079848289489746,0.8977468013763428,-0.015586267225444317,0.507663905620575,0.9072622060775757,-0.02087552845478058,0.5242658853530884,0.9126636385917664,-0.023856062442064285,0.5371531248092651,0.9151892066001892,-0.025661634281277657,0.4721526801586151,0.9196820855140686,-0.017971763387322426,0.49274390935897827,0.9292492270469666,-0.022583981975913048,0.5045506358146667,0.9318511486053467,-0.023151392117142677,0.5140566229820251,0.931499719619751,-0.022900408133864403
28,28,1,0,1,1.0,0.0,1.0,0.5160554647445679,0.30983927845954895,-0.684956431388855,0.9999386072158813,0.5297045111656189,0.269368052482605,-0.6474543809890747,0.9998728632926941,0.5399795770645142,0.2686842083930969,-0.6474993228912354,0.9998647570610046,0.5494468808174133,0.26778173446655273,-0.6474557518959045,0.9998266696929932,0.5016950964927673,0.2698342204093933,-0.6471728682518005,0.9999067783355713,0.49303197860717773,0.27018678188323975,-0.6469689011573792,0.9999268651008606,0.48585569858551025,0.27122408151626587,-0.6472917199134827,0.9999263286590576,0.5629547238349915,0.283978134393692,-0.3635998070240021,0.999796450138092,0.48043522238731384,0.29105114936828613,-0.35351985692977905,0.9999551773071289,0.5376049280166626,0.3526255488395691,-0.5783337354660034,0.9999713897705078,0.5010948777198792,0.3536044657230377,-0.5758318305015564,0.999984860420227,0.6506732702255249,0.5362144708633423,-0.15858538448810577,0.999703586101532,0.40904518961906433,0.5343164801597595,-0.2377530187368393,0.9999344348907471,0.7190518975257874,0.8562046885490417,-0.06135387346148491,0.9580307602882385,0.31265804171562195,0.7983146905899048,-0.44144317507743835,0.9923580884933472,0.7219720482826233,1.10580575466156,-0.30415838956832886,0.8289210796356201,0.42899978160858154,0.864255964756012,-0.9437378644943237,0.9357004165649414,0.7327836155891418,1.204573392868042,-0.37471258640289307,0.7268235087394714,0.46986010670661926,0.9056437015533447,-1.0587562322616577,0.8887447118759155,0.7096468806266785,1.173283338546753,-0.4326411485671997,0.7586008906364441,0.48237019777297974,0.8606787323951721,-1.073542594909668,0.8950996994972229,0.7015435099601746,1.1243921518325806,-0.33424288034439087,0.7676493525505066,0.47410401701927185,0.8438747525215149,-0.9582439661026001,0.89621901512146,0.606530487537384,1.0787051916122437,-0.012991397641599178,0.366487979888916,0.4497929513454437,1.0810902118682861,0.014762653037905693,0.40635794401168823,0.6122732758522034,1.5749493837356567,0.12616881728172302,0.00473396573215723,0.4461771547794342,1.5797264575958252,0.16803394258022308,0.0038306214846670628,0.6087197065353394,1.9870116710662842,0.584712564945221,0.0013377931900322437,0.45541903376579285,1.9951797723770142,0.5762263536453247,0.0013283052248880267,0.6127201318740845,2.0438053607940674,0.6092630624771118,0.0008820799412205815,0.45454835891723633,2.0509307384490967,0.6074498295783997,0.001713970908895135,0.5858674645423889,2.1240973472595215,0.24463531374931335,0.0007400439935736358,0.47791409492492676,2.1342597007751465,0.2054370641708374,0.00229320814833045,nan,nan,nan,nan,nan,nan,nan,nan,nan,nan,nan,nan,nan,nan,nan,nan,nan,nan,nan,nan,nan,nan,nan,nan,nan,nan,nan,nan,nan,nan,nan,nan,nan,nan,nan,nan,nan,nan,nan,nan,nan,nan,nan,nan,nan,nan,nan,nan,nan,nan,nan,nan,nan,nan,nan,nan,nan,nan,nan,nan,nan,nan,nan,0.43220725655555725,0.8640799522399902,1.1489530749031474e-07,0.4488758444786072,0.8253349661827087,-0.003765299217775464,0.46850740909576416,0.8000091314315796,-0.00865202397108078,0.4848119914531708,0.7842214703559875,-0.01308660488575697,0.4953608810901642,0.7668842673301697,-0.01775156892836094,0.48781082034111023,0.8438759446144104,-0.012147392146289349,0.5149407386779785,0.8500474095344543,-0.01852007396519184,0.5307350754737854,0.8556779026985168,-0.02252143621444702,0.542891800403595,0.8613304495811462,-0.0249615591019392,0.4854387044906616,0.8737921118736267,-0.014565723948180676,0.5152205228805542,0.87835693359375,-0.019584646448493004,0.533779501914978,0.8822218179702759,-0.022788623347878456,0.548621416091919,0.8860951662063599,-0.02514755353331566,0.47954100370407104,0.8999850749969482,-0.016878163442015648,0.5074177384376526,0.9093133807182312,-0.0220919419080019,0.5240779519081116,0.9141788482666016,-0.024765532463788986,0.5369203686714172,0.9159530997276306,-0.02643682062625885,0.4712231457233429,0.9227465987205505,-0.019133949652314186,0.4918338656425476,0.932747483253479,-0.023634016513824463,0.5035644769668579,0.9351856708526611,-0.024039821699261665,0.5132055878639221,0.9343965649604797,-0.0236887875944376
29,29,1,0,1,1.0,0.0,1.0,0.5160244107246399,0.30981433391571045,-0.6980043053627014,0.9999399781227112,0.5296639800071716,0.26935312151908875,-0.6599153280258179,0.9998750686645508,0.5399363040924072,0.2686685621738434,-0.6600132584571838,0.9998677968978882,0.5494065880775452,0.26776745915412903,-0.6599623560905457,0.9998297691345215,0.5016560554504395,0.26981616020202637,-0.6603080034255981,0.9999085068702698,0.49299630522727966,0.27017101645469666,-0.6601515412330627,0.9999285340309143,0.48582980036735535,0.2712062895298004,-0.6605209112167358,0.9999276995658875,0.5629041790962219,0.28396645188331604,-0.3719744086265564,0.9998031258583069,0.480398565530777,0.29103726148605347,-0.36535724997520447,0.9999569654464722,0.5376058220863342,0.35261082649230957,-0.5895382165908813,0.9999725818634033,0.5010768175125122,0.3535478115081787,-0.5881677865982056,0.99998539686203,0.6509031653404236,0.5362144708633423,-0.15924575924873352,0.9997150301933289,0.40898942947387695,0.5347288846969604,-0.2404305785894394,0.9999358057975769,0.7197590470314026,0.8569261431694031,-0.059370145201683044,0.9578041434288025,0.3127421736717224,0.7979949712753296,-0.43308863043785095,0.9927785396575928,0.7220854759216309,1.1057549715042114,-0.3066815137863159,0.834496021270752,0.4287312924861908,0.8647133708000183,-0.9305139183998108,0.9404716491699219,0.7329339981079102,1.2045656442642212,-0.38089022040367126,0.7315894365310669,0.4697515368461609,0.9081718325614929,-1.045932650566101,0.8946723341941833,0.7096803188323975,1.1672419309616089,-0.44023892283439636,0.7628629207611084,0.48224952816963196,0.8627569675445557,-1.0644302368164062,0.90048748254776,0.7014204859733582,1.1243714094161987,-0.3377045691013336,0.77271968126297,0.4739617109298706,0.8460869789123535,-0.9462705850601196,0.9014730453491211,0.6075629591941833,1.0785448551177979,-0.012074504047632217,0.3696949779987335,0.4507213234901428,1.0815378427505493,0.013803980313241482,0.41001465916633606,0.6164730787277222,1.576894998550415,0.12479061633348465,0.004393377341330051,0.44954511523246765,1.5822997093200684,0.16200099885463715,0.0035576745867729187,0.6139788031578064,1.9875526428222656,0.6023156642913818,0.0012446987675502896,0.45856544375419617,1.9976186752319336,0.5823797583580017,0.0012166158994659781,0.6179635524749756,2.04384708404541,0.6295272707939148,0.0008347122929990292,0.4577355682849884,2.053287982940674,0.6154165267944336,0.0015828331233933568,0.5910071730613708,2.1267249584198,0.2613755762577057,0.0006851340876892209,0.4815857708454132,2.1370086669921875,0.20869149267673492,0.0021222326904535294,nan,nan,nan,nan,nan,nan,nan,nan,nan,nan,nan,nan,nan,nan,nan,nan,nan,nan,nan,nan,nan,nan,nan,nan,nan,nan,nan,nan,nan,nan,nan,nan,nan,nan,nan,nan,nan,nan,nan,nan,nan,nan,nan,nan,nan,nan,nan,nan,nan,nan,nan,nan,nan,nan,nan,nan,nan,nan,nan,nan,nan,nan,nan,0.4328599274158478,0.8683342933654785,1.1654896781010393e-07,0.45049339532852173,0.8300772309303284,-0.003257871838286519,0.4701650142669678,0.805902361869812,-0.007496516220271587,0.48607444763183594,0.7911754250526428,-0.011307990178465843,0.4961767792701721,0.7753288149833679,-0.015385368838906288,0.48798635601997375,0.8501598834991455,-0.01201691199094057,0.5155538320541382,0.8571054935455322,-0.01837259717285633,0.5314918160438538,0.8628613948822021,-0.022262688726186752,0.5438635349273682,0.8680520057678223,-0.024605151265859604,0.48544973134994507,0.8805149793624878,-0.014474919065833092,0.5150442719459534,0.8864909410476685,-0.01945151574909687,0.5338516235351562,0.8904404640197754,-0.022624144330620766,0.548772931098938,0.8937692046165466,-0.02501732110977173,0.479428231716156,0.906507670879364,-0.016782568767666817,0.5061743259429932,0.9162699580192566,-0.02166319079697132,0.523028552532196,0.92197585105896,-0.02454620972275734,0.536196768283844,0.9246630072593689,-0.026521142572164536,0.4709995687007904,0.9284075498580933,-0.019007379189133644,0.4902389347553253,0.9389277696609497,-0.023482151329517365,0.5022789239883423,0.9416064023971558,-0.024374695494771004,0.5124691724777222,0.9412739872932434,-0.02448226511478424
30,30,1,0,1,1.0,0.0,1.0,0.5159978866577148,0.30967867374420166,-0.7012706995010376,0.9999434351921082,0.529625415802002,0.2692020535469055,-0.6629093289375305,0.9998819231987,0.5398970246315002,0.2685547173023224,-0.6630187630653381,0.9998751878738403,0.5493762493133545,0.26766639947891235,-0.6629628539085388,0.999839186668396,0.5016306638717651,0.2696622610092163,-0.6624742746353149,0.9999135136604309,0.49297651648521423,0.27005764842033386,-0.6622917652130127,0.9999323487281799,0.4858042001724243,0.27108946442604065,-0.662659227848053,0.9999314546585083,0.5628629922866821,0.28390249609947205,-0.37581074237823486,0.9998152852058411,0.48036548495292664,0.2909683585166931,-0.36564353108406067,0.9999595284461975,0.5375784039497375,0.35247066617012024,-0.5937480330467224,0.9999744296073914,0.5010526180267334,0.35328948497772217,-0.5912210941314697,0.9999862909317017,0.6509444713592529,0.536318838596344,-0.1682894378900528,0.9997307658195496,0.4089674949645996,0.5349943041801453,-0.24054059386253357,0.999937891960144,0.7204652428627014,0.8598544597625732,-0.07412780821323395,0.9579085111618042,0.3127981424331665,0.7977359294891357,-0.4338423013687134,0.9931476712226868,0.7218828201293945,1.1090309619903564,-0.33238691091537476,0.8406866788864136,0.4288226366043091,0.8662970066070557,-0.9424235820770264,0.9445297718048096,0.7327662706375122,1.212154746055603,-0.410054475069046,0.7375242114067078,0.4705812335014343,0.913057267665863,-1.0597202777862549,0.8993409276008606,0.7100110650062561,1.1682746410369873,-0.46841922402381897,0.7685237526893616,0.4833300709724426,0.8657238483428955,-1.0771028995513916,0.9047505259513855,0.7012593150138855,1.1305032968521118,-0.36329948902130127,0.7787454724311829,0.47472792863845825,0.8484438061714172,-0.9582260847091675,0.9055836796760559,0.6077679395675659,1.0783195495605469,-0.012965847738087177,0.36964476108551025,0.451388418674469,1.0819858312606812,0.014697411097586155,0.40968143939971924,0.6193111538887024,1.577988624572754,0.1225159764289856,0.004067223984748125,0.45208799839019775,1.5851670503616333,0.18293380737304688,0.0032992372289299965,0.6183106899261475,1.987939715385437,0.6038880944252014,0.001157162245362997,0.4630005657672882,1.9993363618850708,0.6379403471946716,0.0011133498046547174,0.62248295545578,2.0440127849578857,0.6310544610023499,0.0007871102425269783,0.4626174867153168,2.0550315380096436,0.6742674708366394,0.0014632215024903417,0.5953220129013062,2.1285898685455322,0.2595369219779968,0.0006340592517517507,0.4863329529762268,2.1392457485198975,0.26703184843063354,0.0019666538573801517,nan,nan,nan,nan,nan,nan,nan,nan,nan,nan,nan,nan,nan,nan,nan,nan,nan,nan,nan,nan,nan,nan,nan,nan,nan,nan,nan,nan,nan,nan,nan,nan,nan,nan,nan,nan,nan,nan,nan,nan,nan,nan,nan,nan,nan,nan,nan,nan,nan,nan,nan,nan,nan,nan,nan,nan,nan,nan,nan,nan,nan,nan,nan,0.4358210265636444,0.8737004399299622,1.2792035875008878e-07,0.45355942845344543,0.8354840278625488,-0.003831020323559642,0.47332850098609924,0.8121285438537598,-0.008464532904326916,0.48928380012512207,0.7979055047035217,-0.012507334351539612,0.499954491853714,0.7827466130256653,-0.016809439286589622,0.49145516753196716,0.8579891324043274,-0.012479797005653381,0.518580436706543,0.8661602735519409,-0.018715865910053253,0.5342435240745544,0.8732821345329285,-0.022641263902187347,0.5463156700134277,0.8793275952339172,-0.02498077228665352,0.4886607527732849,0.8883770108222961,-0.014515248127281666,0.5181394219398499,0.8954594135284424,-0.01900666393339634,0.5364387631416321,0.9004203677177429,-0.021965861320495605,0.5506471991539001,0.9044482111930847,-0.024238483980298042,0.4822178781032562,0.9139114022254944,-0.016408646479249,0.5091058611869812,0.9240848422050476,-0.02080211043357849,0.525709867477417,0.9298313856124878,-0.023466037586331367,0.5386578440666199,0.9330177307128906,-0.025378922000527382,0.47337406873703003,0.9350236058235168,-0.018269499763846397,0.49236902594566345,0.9457070827484131,-0.0222841277718544,0.5041743516921997,0.9489381313323975,-0.022923702374100685,0.5142185688018799,0.949578046798706,-0.022874798625707626
31,31,1,0,1,1.0,0.0,1.0,0.5156924724578857,0.30924108624458313,-0.718798041343689,0.9999448657035828,0.5292972922325134,0.2688218951225281,-0.6811838150024414,0.9998842477798462,0.5395979285240173,0.26824888586997986,-0.6812974214553833,0.9998777508735657,0.5492026209831238,0.26742324233055115,-0.6812401413917542,0.9998423457145691,0.5013631582260132,0.26930707693099976,-0.6785722374916077,0.9999150633811951,0.4927505850791931,0.26983243227005005,-0.6783936023712158,0.9999334216117859,0.48575523495674133,0.27089977264404297,-0.6787602305412292,0.9999324083328247,0.5627908110618591,0.28379786014556885,-0.3962734341621399,0.9998211860656738,0.48033982515335083,0.29089611768722534,-0.3763875663280487,0.9999605417251587,0.5374614596366882,0.35219138860702515,-0.6120758652687073,0.9999755620956421,0.5009084939956665,0.35281363129615784,-0.6068512201309204,0.9999867081642151,0.651069700717926,0.5363773703575134,-0.1885341852903366,0.9997386336326599,0.40905630588531494,0.5350915789604187,-0.24189291894435883,0.9999382495880127,0.7208338379859924,0.8600213527679443,-0.08576372265815735,0.9571652412414551,0.3129304051399231,0.7962238192558289,-0.4147510826587677,0.9934340119361877,0.7217708230018616,1.110506534576416,-0.34408658742904663,0.8447805047035217,0.4287213683128357,0.8670730590820312,-0.9039974808692932,0.9478702545166016,0.732804000377655,1.2144784927368164,-0.42261213064193726,0.7412307858467102,0.4706566631793976,0.9155295491218567,-1.019876480102539,0.9028969407081604,0.7101508378982544,1.1684767007827759,-0.48291558027267456,0.7721586227416992,0.4836066663265228,0.8687242269515991,-1.0410113334655762,0.9080663323402405,0.7011625170707703,1.1329935789108276,-0.37584638595581055,0.7828686237335205,0.47505924105644226,0.85088711977005,-0.9212024211883545,0.9087586402893066,0.6078817844390869,1.0782651901245117,-0.016860928386449814,0.36783966422080994,0.4523676633834839,1.0819834470748901,0.018553167581558228,0.4075937569141388,0.6194472908973694,1.5776455402374268,0.12026747316122055,0.003777862526476383,0.4534668028354645,1.5849477052688599,0.18744494020938873,0.003082370152696967,0.6187494397163391,1.9854239225387573,0.621774435043335,0.0010786333587020636,0.4643900990486145,1.9981590509414673,0.6541138291358948,0.0010220383992418647,0.6229098439216614,2.040053367614746,0.6515455842018127,0.0007446735980920494,0.4642234444618225,2.0536911487579346,0.6917843818664551,0.0013617484364658594,0.5956300497055054,2.127362012863159,0.2791174650192261,0.0005880669923499227,0.48670294880867004,2.1378514766693115,0.282999724149704,0.0018303438555449247,nan,nan,nan,nan,nan,nan,nan,nan,nan,nan,nan,nan,nan,nan,nan,nan,nan,nan,nan,nan,nan,nan,nan,nan,nan,nan,nan,nan,nan,nan,nan,nan,nan,nan,nan,nan,nan,nan,nan,nan,nan,nan,nan,nan,nan,nan,nan,nan,nan,nan,nan,nan,nan,nan,nan,nan,nan,nan,nan,nan,nan,nan,nan,0.4392741918563843,0.8766598105430603,1.2187298636945343e-07,0.4574822187423706,0.8387852311134338,-0.0037718433886766434,0.4771932363510132,0.8162683248519897,-0.008458083495497704,0.49343931674957275,0.802530825138092,-0.012483423575758934,0.5045487880706787,0.7884342074394226,-0.016743293032050133,0.4955165684223175,0.8630024790763855,-0.012634392827749252,0.5221103429794312,0.8710737228393555,-0.018734460696578026,0.5376438498497009,0.8777535557746887,-0.022511066868901253,0.5493965148925781,0.8840188384056091,-0.024654831737279892,0.4923824965953827,0.893507182598114,-0.01438143476843834,0.5220532417297363,0.8993383646011353,-0.01851731166243553,0.5401894450187683,0.903973400592804,-0.021044906228780746,0.5539536476135254,0.9084275364875793,-0.02303018420934677,0.4858457148075104,0.9189497232437134,-0.015948621556162834,0.5131796598434448,0.9297534227371216,-0.020150454714894295,0.5294241905212402,0.936050534248352,-0.02233354188501835,0.5416266322135925,0.9395323991775513,-0.023808211088180542,0.4769230782985687,0.9394648671150208,-0.017457356676459312,0.4968315362930298,0.951151967048645,-0.021137075498700142,0.5080253481864929,0.9548673629760742,-0.021235618740320206,0.5170527696609497,0.9551960825920105,-0.02070947177708149
32,32,1,0,1,1.0,0.0,1.0,0.5153855085372925,0.3090609610080719,-0.7122595310211182,0.9999475479125977,0.5290423035621643,0.2686428129673004,-0.674389123916626,0.9998893737792969,0.5393401384353638,0.268095463514328,-0.6744847893714905,0.9998832941055298,0.5490564703941345,0.267284631729126,-0.6744318008422852,0.9998494982719421,0.501022458076477,0.26917874813079834,-0.6734471917152405,0.9999188184738159,0.49237775802612305,0.26976677775382996,-0.6732792258262634,0.9999362826347351,0.48563194274902344,0.27081987261772156,-0.6736500859260559,0.9999352097511292,0.562757134437561,0.2836760878562927,-0.3903314471244812,0.9998307228088379,0.4802490174770355,0.2908554971218109,-0.3735010027885437,0.9999624490737915,0.5373287796974182,0.3518896996974945,-0.6053659915924072,0.9999769330024719,0.5006089806556702,0.35248222947120667,-0.6023455858230591,0.9999873638153076,0.6512353420257568,0.5363832712173462,-0.1858445703983307,0.9997480511665344,0.4090254604816437,0.5351640582084656,-0.23576104640960693,0.9999395608901978,0.7211036682128906,0.8602278232574463,-0.09007993340492249,0.9563003182411194,0.3128005862236023,0.7960840463638306,-0.4114885628223419,0.9936655163764954,0.722652792930603,1.1104389429092407,-0.3470297157764435,0.8488223552703857,0.4287407398223877,0.8684927225112915,-0.9088984131813049,0.9510511159896851,0.7336030602455139,1.2138179540634155,-0.424579918384552,0.7456782460212708,0.47067683935165405,0.9178404211997986,-1.0244237184524536,0.9066913723945618,0.7101317644119263,1.178930401802063,-0.4839005470275879,0.7766995429992676,0.4836759865283966,0.8702918887138367,-1.0437705516815186,0.9116370677947998,0.7017813920974731,1.1329251527786255,-0.37839335203170776,0.7875863909721375,0.475065141916275,0.8521613478660583,-0.9253937005996704,0.9121728539466858,0.6078786849975586,1.0782368183135986,-0.02076084539294243,0.35796159505844116,0.4524613320827484,1.0832252502441406,0.02250765450298786,0.3988797664642334,0.6193082332611084,1.577632188796997,0.11698000878095627,0.0035066090058535337,0.45354533195495605,1.5849199295043945,0.1989518702030182,0.0028705166187137365,0.6185968518257141,1.9854202270507812,0.6111055612564087,0.0010147328721359372,0.4640379250049591,1.9981440305709839,0.6480306386947632,0.0009390434133820236,0.622814416885376,2.040050745010376,0.6403499841690063,0.0007140238303691149,0.46377867460250854,2.0538132190704346,0.683931291103363,0.0012721065431833267,0.595302939414978,2.127307891845703,0.2670556604862213,0.0005472725024446845,0.48628127574920654,2.137777090072632,0.2826825976371765,0.00170611881185323,nan,nan,nan,nan,nan,nan,nan,nan,nan,nan,nan,nan,nan,nan,nan,nan,nan,nan,nan,nan,nan,nan,nan,nan,nan,nan,nan,nan,nan,nan,nan,nan,nan,nan,nan,nan,nan,nan,nan,nan,nan,nan,nan,nan,nan,nan,nan,nan,nan,nan,nan,nan,nan,nan,nan,nan,nan,nan,nan,nan,nan,nan,nan,0.4398648738861084,0.8769269585609436,1.1034718738756055e-07,0.4579460918903351,0.8391628265380859,-0.00432202685624361,0.47741755843162537,0.8164109587669373,-0.009439453482627869,0.49379387497901917,0.8033866882324219,-0.014028533361852169,0.5056332945823669,0.7893615961074829,-0.018799299374222755,0.4955487549304962,0.8639680743217468,-0.012462971732020378,0.5219705700874329,0.8718348741531372,-0.018994880840182304,0.5373559594154358,0.8782183527946472,-0.02310834638774395,0.5494194030761719,0.8846293687820435,-0.025577502325177193,0.4922347962856293,0.8935829401016235,-0.014692393131554127,0.5213313698768616,0.8999449610710144,-0.019969088956713676,0.5396822690963745,0.9046123027801514,-0.023242637515068054,0.5542370080947876,0.9092162847518921,-0.02561906725168228,0.48547065258026123,0.9186391830444336,-0.016901100054383278,0.5128333568572998,0.9307264089584351,-0.022421443834900856,0.5291746854782104,0.9376798272132874,-0.024867653846740723,0.5415735840797424,0.941570520401001,-0.02622169442474842,0.47638508677482605,0.9395388960838318,-0.01911993697285652,0.4973981976509094,0.9509385228157043,-0.023658430203795433,0.5091550946235657,0.9547429084777832,-0.023725587874650955,0.5184739828109741,0.9552788734436035,-0.023044228553771973
33,33,1,0,1,1.0,0.0,1.0,0.5145989060401917,0.30885469913482666,-0.7082356214523315,0.9999479055404663,0.5283277034759521,0.2684920132160187,-0.6704950332641602,0.9998897910118103,0.5386594533920288,0.2679765820503235,-0.6705880165100098,0.9998838305473328,0.5485117435455322,0.2671993374824524,-0.6705411076545715,0.999850332736969,0.5004012584686279,0.2690860629081726,-0.6699861884117126,0.9999192357063293,0.4918183982372284,0.26974859833717346,-0.6698170304298401,0.9999363422393799,0.4854351878166199,0.2708013653755188,-0.6701940298080444,0.9999352693557739,0.5626059770584106,0.28363144397735596,-0.39001914858818054,0.9998338222503662,0.48018455505371094,0.2908516526222229,-0.3706403374671936,0.9999626278877258,0.5367874503135681,0.3517126142978668,-0.6016920208930969,0.9999774694442749,0.500088095664978,0.35223624110221863,-0.5993688106536865,0.9999874830245972,0.6513839364051819,0.5364195108413696,-0.18958918750286102,0.9997523427009583,0.4089904725551605,0.535252571105957,-0.22641418874263763,0.9999398589134216,0.721208930015564,0.8594619631767273,-0.09300420433282852,0.9552782773971558,0.3130522668361664,0.7959706783294678,-0.39772486686706543,0.9938870072364807,0.7244254946708679,1.107398509979248,-0.344448983669281,0.8508150577545166,0.42864587903022766,0.8696956038475037,-0.8981146216392517,0.9538289308547974,0.7345758080482483,1.2095540761947632,-0.42096298933029175,0.7467729449272156,0.47051408886909485,0.9192883372306824,-1.011903166770935,0.9097626805305481,0.7121766209602356,1.1812845468521118,-0.4798066318035126,0.7780726552009583,0.483492910861969,0.8710694313049316,-1.030547022819519,0.9144920706748962,0.7046412825584412,1.1302415132522583,-0.37554502487182617,0.7894442081451416,0.4749078154563904,0.8528183698654175,-0.9144907593727112,0.9149230718612671,0.6078446507453918,1.0781991481781006,-0.02663773111999035,0.3513906002044678,0.4526139497756958,1.0834554433822632,0.028387947008013725,0.39429202675819397,0.6191318035125732,1.5775772333145142,0.11613274365663528,0.003269897773861885,0.45402228832244873,1.5847947597503662,0.21153081953525543,0.0026905660051852465,0.6182727813720703,1.9853713512420654,0.6054889559745789,0.0009552740957587957,0.4645344913005829,1.9980947971343994,0.6574970483779907,0.0008634006371721625,0.6225215196609497,2.03987979888916,0.6340875625610352,0.0006834582309238613,0.46429163217544556,2.053797721862793,0.6931926012039185,0.001193565665744245,0.5949831008911133,2.1271469593048096,0.25854507088661194,0.0005090797203592956,0.48603910207748413,2.137686252593994,0.2925640642642975,0.0015883471351116896,nan,nan,nan,nan,nan,nan,nan,nan,nan,nan,nan,nan,nan,nan,nan,nan,nan,nan,nan,nan,nan,nan,nan,nan,nan,nan,nan,nan,nan,nan,nan,nan,nan,nan,nan,nan,nan,nan,nan,nan,nan,nan,nan,nan,nan,nan,nan,nan,nan,nan,nan,nan,nan,nan,nan,nan,nan,nan,nan,nan,nan,nan,nan,0.4395572543144226,0.8762736916542053,1.110569343154566e-07,0.4569866955280304,0.8380436301231384,-0.004134451504796743,0.4766694903373718,0.8153702616691589,-0.008786045014858246,0.49296995997428894,0.8020792603492737,-0.01285543106496334,0.5043600797653198,0.7875836491584778,-0.017062479630112648,0.495924174785614,0.8636820316314697,-0.011241303756833076,0.5220650434494019,0.8718448877334595,-0.016941534355282784,0.5370895862579346,0.8785449266433716,-0.020591342821717262,0.548680305480957,0.8849574327468872,-0.0227814931422472,0.4925138056278229,0.8933118581771851,-0.013173220679163933,0.5213851928710938,0.8999529480934143,-0.017637982964515686,0.5392808318138123,0.9047037959098816,-0.020529069006443024,0.5533563494682312,0.9093130230903625,-0.0226338692009449,0.4855557680130005,0.9182201623916626,-0.015096638351678848,0.5124749541282654,0.930647611618042,-0.019976617768406868,0.5286186337471008,0.9375326037406921,-0.02230818010866642,0.540836751461029,0.9413946270942688,-0.0236163679510355,0.4763447046279907,0.9386648535728455,-0.0170107614248991,0.49695488810539246,0.950158417224884,-0.02108294889330864,0.508281946182251,0.9538832902908325,-0.021011438220739365,0.51719069480896,0.954232931137085,-0.020246243104338646
34,34,1,0,1,1.0,0.0,1.0,0.5132819414138794,0.3086186647415161,-0.7020552754402161,0.9999499917030334,0.527347981929779,0.2682841420173645,-0.667693018913269,0.9998940825462341,0.5378196835517883,0.26777562499046326,-0.6677353382110596,0.99988853931427,0.547828733921051,0.267035573720932,-0.6677196621894836,0.9998565316200256,0.49931779503822327,0.2690402865409851,-0.6632000207901001,0.9999221563339233,0.4909365773200989,0.2697242200374603,-0.6629485487937927,0.999938428401947,0.48504334688186646,0.27077656984329224,-0.6632855534553528,0.9999373555183411,0.562427818775177,0.28357890248298645,-0.38866692781448364,0.9998422265052795,0.4800681173801422,0.290934294462204,-0.36417558789253235,0.9999640583992004,0.5361254215240479,0.3515257239341736,-0.6006134748458862,0.9999786615371704,0.49927327036857605,0.3520379662513733,-0.5926337242126465,0.9999880194664001,0.651553750038147,0.5364906191825867,-0.19098994135856628,0.9997648000717163,0.4090268909931183,0.535270631313324,-0.2272082269191742,0.9999418258666992,0.721327543258667,0.8602885603904724,-0.0963536873459816,0.9556286334991455,0.3131990134716034,0.7959113121032715,-0.401924729347229,0.9940453171730042,0.7242723107337952,1.1097007989883423,-0.34365129470825195,0.8512783646583557,0.4286109507083893,0.8705214858055115,-0.9048320055007935,0.9561291933059692,0.7344902157783508,1.2123370170593262,-0.4168206453323364,0.7449668049812317,0.47040003538131714,0.9201450943946838,-1.0168895721435547,0.9118422865867615,0.7142100930213928,1.1790690422058105,-0.4737865924835205,0.7770930528640747,0.4833540618419647,0.871571958065033,-1.0313166379928589,0.9162434935569763,0.7051051259040833,1.1323518753051758,-0.3735862672328949,0.7889391779899597,0.47478586435317993,0.8533881902694702,-0.9197649359703064,0.9165323972702026,0.6075192093849182,1.0781240463256836,-0.025717755779623985,0.3513379693031311,0.4525414705276489,1.082802414894104,0.027470935136079788,0.39454853534698486,0.6180939674377441,1.5774590969085693,0.12441791594028473,0.003034849651157856,0.4526134431362152,1.5842366218566895,0.20289188623428345,0.002511564875021577,0.6151636838912964,1.9853614568710327,0.610031247138977,0.0008911327458918095,0.4605012536048889,1.9978655576705933,0.642057478427887,0.000791474711149931,0.6195462942123413,2.039881706237793,0.637429416179657,0.0006438904674723744,0.4599572420120239,2.0536866188049316,0.6767243146896362,0.001103504211641848,0.5901095271110535,2.1271703243255615,0.2688409686088562,0.0004706487525254488,0.4804873466491699,2.137629508972168,0.27491486072540283,0.0014655011473223567,nan,nan,nan,nan,nan,nan,nan,nan,nan,nan,nan,nan,nan,nan,nan,nan,nan,nan,nan,nan,nan,nan,nan,nan,nan,nan,nan,nan,nan,nan,nan,nan,nan,nan,nan,nan,nan,nan,nan,nan,nan,nan,nan,nan,nan,nan,nan,nan,nan,nan,nan,nan,nan,nan,nan,nan,nan,nan,nan,nan,nan,nan,nan,0.43781018257141113,0.8777074813842773,1.0980927100945337e-07,0.4551326334476471,0.8389939069747925,-0.003920774906873703,0.4752582609653473,0.815590500831604,-0.0084091080352664,0.49201712012290955,0.8020889759063721,-0.012384274043142796,0.5030018091201782,0.7868483662605286,-0.016519565135240555,0.49474814534187317,0.8639479279518127,-0.010905882343649864,0.5209046006202698,0.8720839619636536,-0.016640927642583847,0.5361570119857788,0.8787854313850403,-0.02040187641978264,0.5479276180267334,0.8851860165596008,-0.022714272141456604,0.4916335940361023,0.8941869139671326,-0.012917493470013142,0.5204495191574097,0.900568962097168,-0.017477840185165405,0.5385871529579163,0.9053016304969788,-0.020454414188861847,0.5529816746711731,0.9102199077606201,-0.02263825014233589,0.48493874073028564,0.9192895293235779,-0.014916042797267437,0.5115601420402527,0.9310923218727112,-0.01980483904480934,0.5277878046035767,0.9374072551727295,-0.02218601107597351,0.5401145219802856,0.9409927725791931,-0.02357989177107811,0.47582584619522095,0.9395573735237122,-0.016904480755329132,0.49572768807411194,0.9505487084388733,-0.020957237109541893,0.5070964097976685,0.954078197479248,-0.020972110331058502,0.5162219405174255,0.9545617699623108,-0.020325029268860817
35,35,1,0,1,1.0,0.0,1.0,0.5124547481536865,0.30847418308258057,-0.7020120024681091,0.9999512434005737,0.52657151222229,0.2680906355381012,-0.6675511002540588,0.9998960494995117,0.5370806455612183,0.26753681898117065,-0.6676074862480164,0.9998911023139954,0.5471181869506836,0.26677611470222473,-0.6675680875778198,0.9998592734336853,0.4986256957054138,0.2690209448337555,-0.6628008484840393,0.9999233484268188,0.49037593603134155,0.26971155405044556,-0.6625688076019287,0.9999394416809082,0.484789103269577,0.27077004313468933,-0.662911057472229,0.9999380707740784,0.5622109770774841,0.283478319644928,-0.39180073142051697,0.9998477697372437,0.4800225496292114,0.29116564989089966,-0.3637283742427826,0.9999648332595825,0.5356246829032898,0.35132092237472534,-0.6000674962997437,0.9999793767929077,0.49879658222198486,0.3519836664199829,-0.5918046832084656,0.9999882578849792,0.6518434286117554,0.5367026925086975,-0.19060838222503662,0.9997707009315491,0.40915647149086,0.5355280041694641,-0.2275220900774002,0.9999421238899231,0.7216923832893372,0.8601381778717041,-0.09442608058452606,0.9544646143913269,0.31401747465133667,0.7960660457611084,-0.40196165442466736,0.9940876960754395,0.7246316075325012,1.1084216833114624,-0.3418940305709839,0.8500523567199707,0.428538054227829,0.8728985786437988,-0.9024558067321777,0.9576188325881958,0.7344553470611572,1.2106945514678955,-0.4154568910598755,0.7418860793113708,0.4702930152416229,0.9227187633514404,-1.0157266855239868,0.9126752614974976,0.7141384482383728,1.182904601097107,-0.4727315306663513,0.7748503088951111,0.4832386076450348,0.8729735612869263,-1.0323796272277832,0.9170112013816833,0.7070708274841309,1.131925344467163,-0.37208446860313416,0.787174642086029,0.474692165851593,0.8547155857086182,-0.918444812297821,0.9172396659851074,0.6074916124343872,1.0780891180038452,-0.025269627571105957,0.34138283133506775,0.4533838629722595,1.0827927589416504,0.027030693367123604,0.3849979043006897,0.6191790699958801,1.5774078369140625,0.12376823276281357,0.0028331356588751078,0.4538223147392273,1.5842881202697754,0.19454176723957062,0.0023576084058731794,0.6182057857513428,1.9852088689804077,0.6120431423187256,0.0008379911887459457,0.4642738699913025,1.997881293296814,0.631332516670227,0.000729655206669122,0.6228027939796448,2.0397768020629883,0.6396560668945312,0.00061516382265836,0.46438145637512207,2.0538012981414795,0.6660308241844177,0.0010335916886106133,0.5943865180015564,2.127101182937622,0.27152174711227417,0.00043946519144810736,0.4849270284175873,2.137613296508789,0.2607022821903229,0.0013681822456419468,nan,nan,nan,nan,nan,nan,nan,nan,nan,nan,nan,nan,nan,nan,nan,nan,nan,nan,nan,nan,nan,nan,nan,nan,nan,nan,nan,nan,nan,nan,nan,nan,nan,nan,nan,nan,nan,nan,nan,nan,nan,nan,nan,nan,nan,nan,nan,nan,nan,nan,nan,nan,nan,nan,nan,nan,nan,nan,nan,nan,nan,nan,nan,0.4363420605659485,0.8799663186073303,1.1434207181082456e-07,0.4542963206768036,0.842485249042511,-0.003726483089849353,0.47465479373931885,0.8187935948371887,-0.008516664616763592,0.4914381802082062,0.8049500584602356,-0.012891893275082111,0.5023447871208191,0.7894513010978699,-0.017481103539466858,0.49223536252975464,0.8649930357933044,-0.012002243660390377,0.5190092325210571,0.8729543089866638,-0.018637651577591896,0.5347104072570801,0.8804430961608887,-0.0228669922798872,0.5467271208763123,0.8878483176231384,-0.025409650057554245,0.4894261956214905,0.8948584198951721,-0.014446616172790527,0.5190699696540833,0.9020758271217346,-0.019745459780097008,0.5377817153930664,0.9077305197715759,-0.022937441244721413,0.5525957942008972,0.9134150743484497,-0.02524636499583721,0.483185738325119,0.920342206954956,-0.016841264441609383,0.5105085372924805,0.9326820373535156,-0.022169549018144608,0.5271258354187012,0.9396213293075562,-0.024677589535713196,0.5397832989692688,0.943587064743042,-0.02619415707886219,0.47451502084732056,0.9416822195053101,-0.019229860976338387,0.4944334030151367,0.9542286396026611,-0.023722579702734947,0.5063126683235168,0.9579817652702332,-0.02408989705145359,0.5160627365112305,0.9584769010543823,-0.023730790242552757
36,36,1,0,1,1.0,0.0,1.0,0.5118195414543152,0.3081713616847992,-0.706122100353241,0.9999521970748901,0.5260408520698547,0.26786985993385315,-0.6714011430740356,0.9998977184295654,0.5366277694702148,0.26733407378196716,-0.6714715957641602,0.9998930096626282,0.5467362999916077,0.2666221261024475,-0.6714358925819397,0.9998616576194763,0.49805372953414917,0.26895084977149963,-0.665980875492096,0.9999242424964905,0.48991140723228455,0.26970037817955017,-0.6657600998878479,0.999940037727356,0.4845587909221649,0.2707556188106537,-0.6661049127578735,0.9999385476112366,0.5621090531349182,0.2834395468235016,-0.39705175161361694,0.9998525381088257,0.47994139790534973,0.291272908449173,-0.3644872009754181,0.9999653697013855,0.5352927446365356,0.3510851562023163,-0.6038774251937866,0.9999801516532898,0.49830225110054016,0.3517548441886902,-0.5945568680763245,0.9999884963035583,0.6520707607269287,0.536906898021698,-0.19415222108364105,0.9997749924659729,0.4091250002384186,0.5357386469841003,-0.22832293808460236,0.9999423027038574,0.7217422723770142,0.8606244921684265,-0.09326464682817459,0.9539971351623535,0.3147028386592865,0.7968219518661499,-0.4003463387489319,0.9941664934158325,0.7245442867279053,1.113551139831543,-0.3389520049095154,0.8483868837356567,0.4285134971141815,0.8752056360244751,-0.8912686705589294,0.9589610695838928,0.7344087958335876,1.2169907093048096,-0.4114000201225281,0.7379211187362671,0.4702316224575043,0.9256832003593445,-1.004396677017212,0.9132227301597595,0.7156273722648621,1.1827924251556396,-0.4697428047657013,0.7716870307922363,0.48319393396377563,0.875216543674469,-1.0225121974945068,0.9174734354019165,0.707018256187439,1.1366076469421387,-0.36942362785339355,0.7846617102622986,0.47462335228919983,0.8564215302467346,-0.9077590703964233,0.9175829291343689,0.606837272644043,1.0780161619186401,-0.02510758861899376,0.3383142352104187,0.4533642530441284,1.0828016996383667,0.026862839236855507,0.38208866119384766,0.6186176538467407,1.5776817798614502,0.12332815676927567,0.002662636572495103,0.45353981852531433,1.5843538045883179,0.19468161463737488,0.0022334211971610785,0.617702066898346,1.9853366613388062,0.625240683555603,0.0007917716866359115,0.46408891677856445,1.998063325881958,0.6462684273719788,0.000675942050293088,0.6222201585769653,2.0398950576782227,0.6547057628631592,0.0005890120519325137,0.46432575583457947,2.0540757179260254,0.6828084588050842,0.0009740255190990865,0.5939540266990662,2.1274595260620117,0.28472229838371277,0.00041170016629621387,0.4842737317085266,2.1380507946014404,0.2754566967487335,0.0012832029024139047,nan,nan,nan,nan,nan,nan,nan,nan,nan,nan,nan,nan,nan,nan,nan,nan,nan,nan,nan,nan,nan,nan,nan,nan,nan,nan,nan,nan,nan,nan,nan,nan,nan,nan,nan,nan,nan,nan,nan,nan,nan,nan,nan,nan,nan,nan,nan,nan,nan,nan,nan,nan,nan,nan,nan,nan,nan,nan,nan,nan,nan,nan,nan,0.4376921057701111,0.8848074674606323,1.1844211655898107e-07,0.4554239511489868,0.8469629883766174,-0.0037036393769085407,0.4752925932407379,0.8236510753631592,-0.008270759135484695,0.4919217824935913,0.8102391362190247,-0.01223005261272192,0.5028986930847168,0.7955659031867981,-0.016395583748817444,0.4927121102809906,0.8706658482551575,-0.012643277645111084,0.5199260711669922,0.8801143765449524,-0.018916379660367966,0.5356525778770447,0.8870252966880798,-0.02269134297966957,0.5478861927986145,0.8931154608726501,-0.024892140179872513,0.4898577630519867,0.9014549255371094,-0.014626001939177513,0.5194895267486572,0.909896731376648,-0.019217688590288162,0.5380172729492188,0.9151490330696106,-0.021947622299194336,0.552575409412384,0.919834315776825,-0.0240431260317564,0.4836254417896271,0.9268268346786499,-0.0164317823946476,0.5100331902503967,0.9388195276260376,-0.020845357328653336,0.5263932943344116,0.9456090331077576,-0.023082122206687927,0.5389814972877502,0.9493275880813599,-0.024629300460219383,0.47505584359169006,0.9471849799156189,-0.018212715163826942,0.49404793977737427,0.9594313502311707,-0.022048257291316986,0.5055814981460571,0.9634089469909668,-0.022274574264883995,0.5152060389518738,0.9640787839889526,-0.02190123312175274
37,37,1,0,1,1.0,0.0,1.0,0.5115590691566467,0.30804044008255005,-0.7118538618087769,0.9999526143074036,0.5258257389068604,0.2677691578865051,-0.6765686273574829,0.9998982548713684,0.5364083051681519,0.2672501504421234,-0.6766543388366699,0.9998937249183655,0.5465108156204224,0.2665683627128601,-0.6766340732574463,0.999862790107727,0.49784961342811584,0.2689070999622345,-0.6717044115066528,0.9999242424964905,0.4897252917289734,0.2696895897388458,-0.6715092658996582,0.9999397993087769,0.48445889353752136,0.2707451283931732,-0.6718646287918091,0.9999381899833679,0.5619692206382751,0.28341883420944214,-0.40122947096824646,0.9998553395271301,0.47986915707588196,0.2912999093532562,-0.3703034818172455,0.9999654293060303,0.535011351108551,0.35103026032447815,-0.6086622476577759,0.9999806880950928,0.49805381894111633,0.35162362456321716,-0.6001169681549072,0.9999886751174927,0.6520763635635376,0.5369095206260681,-0.1987394094467163,0.9997787475585938,0.408923476934433,0.5357208847999573,-0.23363807797431946,0.9999418258666992,0.7218700051307678,0.8607911467552185,-0.0997476875782013,0.9535462856292725,0.31569504737854004,0.7978368401527405,-0.40255314111709595,0.9941578507423401,0.7244811058044434,1.1177765130996704,-0.3468403220176697,0.8485563397407532,0.4292145073413849,0.8780627250671387,-0.8955862522125244,0.959909200668335,0.7343571186065674,1.2212238311767578,-0.42294642329216003,0.736413836479187,0.4709257483482361,0.9306331872940063,-1.007995367050171,0.913006067276001,0.716166615486145,1.182492733001709,-0.48288437724113464,0.7707055807113647,0.48424139618873596,0.880312442779541,-1.0240188837051392,0.9172646403312683,0.7068643569946289,1.1421692371368408,-0.3782196342945099,0.7839975953102112,0.4754410982131958,0.8605186939239502,-0.9115782976150513,0.9172155261039734,0.6064631938934326,1.0779564380645752,-0.02492963708937168,0.3391171991825104,0.4529975354671478,1.082549810409546,0.026678970083594322,0.38294747471809387,0.6183137893676758,1.577653169631958,0.13760893046855927,0.002535030012950301,0.45305994153022766,1.5841807126998901,0.21241307258605957,0.0021309247240424156,0.6175894141197205,1.9852064847946167,0.6434489488601685,0.0007591660250909626,0.4636780321598053,1.9977725744247437,0.6791337132453918,0.0006307506118901074,0.6220310926437378,2.039834499359131,0.6731373071670532,0.0005773562588728964,0.4640752673149109,2.0539159774780273,0.7171508073806763,0.000928238092456013,0.5936524868011475,2.1274428367614746,0.3040734529495239,0.00039028693572618067,0.4839414954185486,2.1379456520080566,0.3137732744216919,0.0012155685108155012,nan,nan,nan,nan,nan,nan,nan,nan,nan,nan,nan,nan,nan,nan,nan,nan,nan,nan,nan,nan,nan,nan,nan,nan,nan,nan,nan,nan,nan,nan,nan,nan,nan,nan,nan,nan,nan,nan,nan,nan,nan,nan,nan,nan,nan,nan,nan,nan,nan,nan,nan,nan,nan,nan,nan,nan,nan,nan,nan,nan,nan,nan,nan,0.44080597162246704,0.8872804641723633,1.2720747122330067e-07,0.4587229788303375,0.8504678606987,-0.0036935817915946245,0.47858530282974243,0.8278013467788696,-0.008627515286207199,0.4950425326824188,0.8147689700126648,-0.012963354587554932,0.5061240792274475,0.8009538054466248,-0.017505384981632233,0.49577197432518005,0.8741350173950195,-0.013115925714373589,0.5229608416557312,0.8847796320915222,-0.019477609544992447,0.5386238694190979,0.8928782939910889,-0.02327679470181465,0.5502505302429199,0.8999947309494019,-0.02538907155394554,0.49258604645729065,0.9044230580329895,-0.015108750201761723,0.5224502682685852,0.9138898253440857,-0.019412612542510033,0.5404857993125916,0.9200737476348877,-0.021846111863851547,0.554096519947052,0.925378143787384,-0.023736102506518364,0.48613759875297546,0.9296581745147705,-0.01689789816737175,0.5135034918785095,0.9428224563598633,-0.02103930525481701,0.5296228528022766,0.9501008987426758,-0.022883161902427673,0.5416650176048279,0.9542648196220398,-0.024167250841856003,0.4773256480693817,0.9501172304153442,-0.018653132021427155,0.4970433712005615,0.9630135297775269,-0.02221333235502243,0.5083981156349182,0.9673658609390259,-0.022060872986912727,0.517570972442627,0.9680749773979187,-0.02137773297727108
38,38,1,0,1,1.0,0.0,1.0,0.5113481879234314,0.30778923630714417,-0.7157500386238098,0.9999522566795349,0.5256393551826477,0.26753729581832886,-0.67989182472229,0.9998969435691833,0.5361902117729187,0.26704102754592896,-0.6799954771995544,0.9998922348022461,0.5462573170661926,0.2664148807525635,-0.6799723505973816,0.9998611807823181,0.497717022895813,0.2687360346317291,-0.6757800579071045,0.999923050403595,0.489607572555542,0.2695763111114502,-0.6756067872047424,0.9999385476112366,0.48438382148742676,0.2706354260444641,-0.6759598851203918,0.9999369382858276,0.5617828369140625,0.28338250517845154,-0.40274909138679504,0.9998549818992615,0.4797968566417694,0.29128822684288025,-0.3745659589767456,0.9999648928642273,0.5346513390541077,0.350824236869812,-0.61158287525177,0.9999809265136719,0.4978254437446594,0.3513697683811188,-0.6039867997169495,0.9999886751174927,0.6520583033561707,0.5367792844772339,-0.20015260577201843,0.9997814297676086,0.40882575511932373,0.5357215404510498,-0.23547174036502838,0.9999410510063171,0.7222176194190979,0.8599332571029663,-0.09886161237955093,0.9531707763671875,0.3158102035522461,0.7982202172279358,-0.3951490521430969,0.9942594170570374,0.72447270154953,1.1167575120925903,-0.34695830941200256,0.849818229675293,0.4323040544986725,0.8802520036697388,-0.8771302700042725,0.9610142707824707,0.734289288520813,1.2210047245025635,-0.42440855503082275,0.7365708947181702,0.4737594723701477,0.9334157705307007,-0.9915359616279602,0.9131566286087036,0.7160955667495728,1.175959825515747,-0.48401540517807007,0.7709854245185852,0.4877357482910156,0.8844795823097229,-1.0113258361816406,0.9173981547355652,0.7064462304115295,1.1412193775177002,-0.3782742917537689,0.7845087647438049,0.47821900248527527,0.864048182964325,-0.89390629529953,0.917247474193573,0.6066019535064697,1.077826738357544,-0.025617655366659164,0.33916833996772766,0.4534381330013275,1.0825387239456177,0.027328474447131157,0.38278937339782715,0.6187245845794678,1.5775049924850464,0.1381719410419464,0.0024204726796597242,0.4537890553474426,1.5841619968414307,0.22301000356674194,0.0020457380451261997,0.6189923286437988,1.984379529953003,0.6556082963943481,0.0007293825037777424,0.46597036719322205,1.997502088546753,0.7045205235481262,0.0005912570049986243,0.6233364939689636,2.0388383865356445,0.6866894364356995,0.0005637665744870901,0.4667825400829315,2.0534932613372803,0.7442931532859802,0.0008924961439333856,0.5957508683204651,2.1269028186798096,0.3177289366722107,0.0003706244460772723,0.48674872517585754,2.137752056121826,0.34096649289131165,0.0011605172185227275,nan,nan,nan,nan,nan,nan,nan,nan,nan,nan,nan,nan,nan,nan,nan,nan,nan,nan,nan,nan,nan,nan,nan,nan,nan,nan,nan,nan,nan,nan,nan,nan,nan,nan,nan,nan,nan,nan,nan,nan,nan,nan,nan,nan,nan,nan,nan,nan,nan,nan,nan,nan,nan,nan,nan,nan,nan,nan,nan,nan,nan,nan,nan,0.44436347484588623,0.8882915377616882,1.2030612595026469e-07,0.46181386709213257,0.8502478003501892,-0.004331376403570175,0.48169076442718506,0.827725887298584,-0.009339852258563042,0.49821048974990845,0.8154163956642151,-0.013747365213930607,0.5094029903411865,0.8009059429168701,-0.018311752006411552,0.5003775954246521,0.8759563565254211,-0.01191154308617115,0.5262419581413269,0.8854003548622131,-0.017779359593987465,0.5412577390670776,0.8927237391471863,-0.021766304969787598,0.5527502298355103,0.8996385931968689,-0.024206014350056648,0.49709761142730713,0.9059746861457825,-0.01381697878241539,0.5257031321525574,0.9138187766075134,-0.017802376300096512,0.5433053374290466,0.9192507266998291,-0.020648524165153503,0.5570446252822876,0.9243262410163879,-0.02295873314142227,0.49009019136428833,0.9310408234596252,-0.01566500961780548,0.5166428089141846,0.9441472887992859,-0.01983626000583172,0.5322691202163696,0.9511324167251587,-0.021847737953066826,0.5441188812255859,0.95521479845047,-0.02322499081492424,0.4806802272796631,0.9516007304191589,-0.017585404217243195,0.5008771419525146,0.9640368819236755,-0.02111571468412876,0.511860728263855,0.967978298664093,-0.02076321840286255,0.5205082893371582,0.9684940576553345,-0.019929829984903336
39,39,1,0,1,1.0,0.0,1.0,0.5112113356590271,0.3076944649219513,-0.7235172986984253,0.999952495098114,0.5255268812179565,0.26741331815719604,-0.6869099736213684,0.9998971819877625,0.5360754132270813,0.26693588495254517,-0.6870251297950745,0.9998923540115356,0.5461403131484985,0.2663436233997345,-0.6869891881942749,0.9998615980148315,0.49762162566185,0.26860934495925903,-0.6831414699554443,0.9999231100082397,0.4895145893096924,0.2694856524467468,-0.6829740405082703,0.999938428401947,0.48431825637817383,0.2705399990081787,-0.6833375096321106,0.9999368190765381,0.561710000038147,0.2833642363548279,-0.40706342458724976,0.99985671043396,0.4797171354293823,0.29126736521720886,-0.38025182485580444,0.9999650120735168,0.5344212651252747,0.3507719933986664,-0.6183024644851685,0.9999813437461853,0.4976339042186737,0.35127517580986023,-0.6112447381019592,0.9999887943267822,0.6520459651947021,0.5367862582206726,-0.20233002305030823,0.9997831583023071,0.40869107842445374,0.5357072949409485,-0.238373801112175,0.9999409317970276,0.72271728515625,0.8599736094474792,-0.09861554950475693,0.9526160359382629,0.3160856068134308,0.799368679523468,-0.3943396210670471,0.9944030046463013,0.723502516746521,1.1178878545761108,-0.3476674258708954,0.8492315411567688,0.43414831161499023,0.8826989531517029,-0.8738721013069153,0.9618886709213257,0.7332654595375061,1.222368597984314,-0.42479342222213745,0.7334566712379456,0.47524672746658325,0.9361412525177002,-0.9875822067260742,0.9128190875053406,0.7160278558731079,1.1763527393341064,-0.4845519959926605,0.7681471705436707,0.48952874541282654,0.8878700733184814,-1.0077178478240967,0.9170344471931458,0.7058897018432617,1.142999291419983,-0.37901294231414795,0.7824710011482239,0.4797690212726593,0.8672970533370972,-0.8904790878295898,0.9168244004249573,0.6069561839103699,1.0777809619903564,-0.02555873990058899,0.34103891253471375,0.4538269340991974,1.082679271697998,0.027267498895525932,0.3849865794181824,0.6204577684402466,1.5775930881500244,0.13540896773338318,0.002306873444467783,0.45520469546318054,1.5849616527557373,0.21795421838760376,0.0019684485159814358,0.6219987869262695,1.9843618869781494,0.6456195116043091,0.0006974188145250082,0.46873587369918823,1.9980818033218384,0.6921509504318237,0.0005566261825151742,0.6264731287956238,2.038792848587036,0.6758861541748047,0.0005495796212926507,0.4696364998817444,2.054051399230957,0.7307859659194946,0.0008607663330622017,0.5993020534515381,2.1269655227661133,0.3060590326786041,0.0003530279209371656,0.4906032979488373,2.1385416984558105,0.3256304860115051,0.0011160728754475713,nan,nan,nan,nan,nan,nan,nan,nan,nan,nan,nan,nan,nan,nan,nan,nan,nan,nan,nan,nan,nan,nan,nan,nan,nan,nan,nan,nan,nan,nan,nan,nan,nan,nan,nan,nan,nan,nan,nan,nan,nan,nan,nan,nan,nan,nan,nan,nan,nan,nan,nan,nan,nan,nan,nan,nan,nan,nan,nan,nan,nan,nan,nan,0.44473814964294434,0.8883355855941772,1.1697641610908249e-07,0.46192604303359985,0.8498325347900391,-0.00470015499740839,0.4814450144767761,0.82668536901474,-0.009655728936195374,0.4980562925338745,0.8147025108337402,-0.013927750289440155,0.5099909901618958,0.8015794157981873,-0.018285224214196205,0.499417245388031,0.8752179145812988,-0.012830333784222603,0.5262492299079895,0.8850311040878296,-0.019099712371826172,0.5416749715805054,0.8923898935317993,-0.02289758436381817,0.5534582138061523,0.8993943929672241,-0.025048233568668365,0.49623727798461914,0.9051215648651123,-0.01453668624162674,0.5256965160369873,0.9133205413818359,-0.019264115020632744,0.5438656210899353,0.9187142252922058,-0.021974703297019005,0.5580155849456787,0.9238853454589844,-0.02394033409655094,0.4898655116558075,0.9303503632545471,-0.016238782554864883,0.5169735550880432,0.9433956146240234,-0.021010911092162132,0.5330893993377686,0.9502015113830566,-0.02298044227063656,0.5451200008392334,0.953997015953064,-0.024048704653978348,0.48132479190826416,0.9514287710189819,-0.018039315938949585,0.5022655725479126,0.9632768630981445,-0.02186891809105873,0.5134740471839905,0.9666203856468201,-0.021582262590527534,0.5220327377319336,0.9663872122764587,-0.020656464621424675
40,40,1,0,1,1.0,0.0,1.0,0.5110259652137756,0.3075234293937683,-0.7188467979431152,0.9999526739120483,0.5253654718399048,0.2672209143638611,-0.683086633682251,0.9998975396156311,0.5359187126159668,0.2667534053325653,-0.68320631980896,0.9998927712440491,0.5459846258163452,0.2661939561367035,-0.6831889152526855,0.9998624324798584,0.49749815464019775,0.26846522092819214,-0.6793156266212463,0.9999232888221741,0.4894087016582489,0.2693866789340973,-0.6791498064994812,0.999938428401947,0.484239399433136,0.27044734358787537,-0.6795122027397156,0.9999368786811829,0.5616083741188049,0.28327998518943787,-0.4065764248371124,0.9998590350151062,0.4796348214149475,0.2912485599517822,-0.37970349192619324,0.999965250492096,0.5341784358024597,0.3506776690483093,-0.6151612401008606,0.9999817609786987,0.4974827170372009,0.35117030143737793,-0.6079337000846863,0.9999889731407166,0.6520453691482544,0.5367581844329834,-0.20079541206359863,0.9997878074645996,0.40862154960632324,0.535696268081665,-0.2382032871246338,0.9999414086341858,0.7230218648910522,0.8599667549133301,-0.09943901002407074,0.9530981183052063,0.3160867989063263,0.7999469041824341,-0.3962942659854889,0.9945376515388489,0.7234507203102112,1.1182876825332642,-0.3510788679122925,0.849651038646698,0.4354502260684967,0.8838610649108887,-0.8796066045761108,0.9630498290061951,0.7329668402671814,1.2222172021865845,-0.42920002341270447,0.731810986995697,0.4763604402542114,0.9369865655899048,-0.9935304522514343,0.9135765433311462,0.7159500122070312,1.176296591758728,-0.48817381262779236,0.7667180299758911,0.4908379912376404,0.889614999294281,-1.0132348537445068,0.9176301956176758,0.7057925462722778,1.1429041624069214,-0.38223564624786377,0.781838595867157,0.4809986650943756,0.8689101338386536,-0.8961808681488037,0.9174046516418457,0.607336699962616,1.0777422189712524,-0.025204012170433998,0.3469955623149872,0.45428213477134705,1.0826735496520996,0.026924772188067436,0.39112669229507446,0.6212978363037109,1.5776405334472656,0.12403370440006256,0.002223014133051038,0.45568668842315674,1.5850486755371094,0.20396369695663452,0.0019067443208768964,0.6222264766693115,1.9845366477966309,0.629243791103363,0.0006676344783045352,0.46854329109191895,1.9984153509140015,0.6557224988937378,0.0005249660462141037,0.6267576813697815,2.0389273166656494,0.6591221690177917,0.0005335665191523731,0.46923449635505676,2.054445743560791,0.6917814612388611,0.0008247782825492322,0.5992251634597778,2.1277740001678467,0.29457080364227295,0.0003350794722791761,0.4905167818069458,2.139641761779785,0.29218682646751404,0.0010634134523570538,nan,nan,nan,nan,nan,nan,nan,nan,nan,nan,nan,nan,nan,nan,nan,nan,nan,nan,nan,nan,nan,nan,nan,nan,nan,nan,nan,nan,nan,nan,nan,nan,nan,nan,nan,nan,nan,nan,nan,nan,nan,nan,nan,nan,nan,nan,nan,nan,nan,nan,nan,nan,nan,nan,nan,nan,nan,nan,nan,nan,nan,nan,nan,0.4444434642791748,0.8884099721908569,1.1463907156894493e-07,0.4614199995994568,0.8497486710548401,-0.00411259476095438,0.4810819625854492,0.8264602422714233,-0.00880315713584423,0.4978601932525635,0.8143751621246338,-0.012859831564128399,0.5096157193183899,0.8008700013160706,-0.01706535741686821,0.49983274936676025,0.8758059144020081,-0.012117593549191952,0.5259900093078613,0.88527911901474,-0.017971385270357132,0.5411624908447266,0.8923757672309875,-0.021571069955825806,0.5527028441429138,0.8989762663841248,-0.023723650723695755,0.49646708369255066,0.9058325886726379,-0.014074737206101418,0.5254854559898376,0.9137526750564575,-0.018504098057746887,0.5435565710067749,0.9188397526741028,-0.02125093713402748,0.5575493574142456,0.9237918853759766,-0.023308681324124336,0.4895721971988678,0.9307296276092529,-0.01596129685640335,0.5163487792015076,0.9433041214942932,-0.020608199760317802,0.5325829982757568,0.9498066902160645,-0.022891970351338387,0.544945240020752,0.9535951018333435,-0.024357950314879417,0.4802232086658478,0.950991153717041,-0.017850108444690704,0.4995654225349426,0.9632040858268738,-0.022026656195521355,0.5111165046691895,0.9670930504798889,-0.022303568199276924,0.5205457210540771,0.9679614901542664,-0.021852584555745125
41,41,1,0,1,1.0,0.0,1.0,0.5108858942985535,0.3075008988380432,-0.7170466780662537,0.9999526143074036,0.5252112150192261,0.26719900965690613,-0.6812237501144409,0.9998974204063416,0.5357598066329956,0.26672470569610596,-0.6813363432884216,0.9998924732208252,0.545805811882019,0.26617127656936646,-0.6813153624534607,0.9998621940612793,0.4974018633365631,0.2684361934661865,-0.6775404214859009,0.9999233484268188,0.4893345236778259,0.269365131855011,-0.6773716807365417,0.9999383687973022,0.4841945767402649,0.2704271376132965,-0.6777319312095642,0.9999369382858276,0.5614755153656006,0.2832651138305664,-0.4045723080635071,0.9998598694801331,0.4796127676963806,0.2912496328353882,-0.3785571753978729,0.9999655485153198,0.5339979529380798,0.3506370782852173,-0.613285481929779,0.9999820590019226,0.4973859190940857,0.35112902522087097,-0.6062901020050049,0.9999891519546509,0.6520443558692932,0.5367736220359802,-0.20032501220703125,0.999788761138916,0.40861544013023376,0.5354122519493103,-0.23823155462741852,0.9999420046806335,0.7231908440589905,0.859442949295044,-0.09318222105503082,0.9529135227203369,0.3160991668701172,0.800123929977417,-0.3960360288619995,0.994696855545044,0.7234360575675964,1.118532419204712,-0.33385521173477173,0.8478293418884277,0.43652015924453735,0.8850162029266357,-0.8742111325263977,0.9642022252082825,0.7329310178756714,1.2221794128417969,-0.40950343012809753,0.7273423075675964,0.47710490226745605,0.9385294318199158,-0.9868441224098206,0.9145416021347046,0.715965211391449,1.1756529808044434,-0.46750953793525696,0.7626123428344727,0.49194344878196716,0.8914116024971008,-1.0063918828964233,0.9184063673019409,0.7057088017463684,1.1426420211791992,-0.364274263381958,0.7786360383033752,0.4820234477519989,0.8704627156257629,-0.8902716040611267,0.9181235432624817,0.6073009371757507,1.0779283046722412,-0.02515180967748165,0.3483475148677826,0.4543250501155853,1.082807183265686,0.026872526854276657,0.3933359980583191,0.6211934685707092,1.5781774520874023,0.12490662187337875,0.0021166603546589613,0.4556577503681183,1.5857264995574951,0.20334374904632568,0.0018398809479549527,0.6219919323921204,1.9847471714019775,0.6291898488998413,0.0006380827398970723,0.46838727593421936,1.9988056421279907,0.6549816727638245,0.0004948052228428423,0.6265031099319458,2.0390782356262207,0.6586986780166626,0.0005187609931454062,0.46906790137290955,2.054917812347412,0.6911821365356445,0.0007922601653262973,0.5989468693733215,2.1285009384155273,0.29310956597328186,0.00031863985350355506,0.49022334814071655,2.140057325363159,0.2906644940376282,0.0010166222928091884,nan,nan,nan,nan,nan,nan,nan,nan,nan,nan,nan,nan,nan,nan,nan,nan,nan,nan,nan,nan,nan,nan,nan,nan,nan,nan,nan,nan,nan,nan,nan,nan,nan,nan,nan,nan,nan,nan,nan,nan,nan,nan,nan,nan,nan,nan,nan,nan,nan,nan,nan,nan,nan,nan,nan,nan,nan,nan,nan,nan,nan,nan,nan,0.44390520453453064,0.8894216418266296,1.141148544547832e-07,0.4610820412635803,0.8505170345306396,-0.004400354344397783,0.4808357357978821,0.8278141617774963,-0.009078709408640862,0.4979385435581207,0.8158847689628601,-0.013067669235169888,0.5096163749694824,0.8023249506950378,-0.01717696152627468,0.49932625889778137,0.877289891242981,-0.011974472552537918,0.5255226492881775,0.8867092728614807,-0.01784754917025566,0.5406458377838135,0.894119143486023,-0.021556586027145386,0.5521731376647949,0.9012105464935303,-0.02372465841472149,0.4962204396724701,0.9077559113502502,-0.013478404842317104,0.5252872109413147,0.9157090187072754,-0.017784183844923973,0.5433869957923889,0.9209365248680115,-0.020369578152894974,0.5573177337646484,0.9259595274925232,-0.022330692037940025,0.4896835386753082,0.932664155960083,-0.01495438814163208,0.5161758661270142,0.9451104998588562,-0.019259899854660034,0.5321165323257446,0.9514728784561157,-0.021277833729982376,0.5439634323120117,0.9545446634292603,-0.022545332089066505,0.48074519634246826,0.9526902437210083,-0.016506073996424675,0.5003796815872192,0.9651803970336914,-0.020097961649298668,0.511516809463501,0.9685505628585815,-0.020040079951286316,0.5202948451042175,0.9681376814842224,-0.019390201196074486
42,42,1,0,1,1.0,0.0,1.0,0.5107452273368835,0.30745211243629456,-0.724143922328949,0.9999513626098633,0.525088906288147,0.2671361565589905,-0.6889453530311584,0.9998946785926819,0.5356211066246033,0.26663750410079956,-0.6890650391578674,0.9998891949653625,0.5456470847129822,0.26607680320739746,-0.689046323299408,0.9998586177825928,0.4972971975803375,0.2684061527252197,-0.6837227940559387,0.9999213218688965,0.48924845457077026,0.26934728026390076,-0.6835423707962036,0.9999361634254456,0.48413845896720886,0.27041029930114746,-0.683899462223053,0.99993497133255,0.5613449811935425,0.2831706404685974,-0.41175970435142517,0.9998573064804077,0.47959670424461365,0.2912723422050476,-0.3788718283176422,0.9999643564224243,0.5338793992996216,0.35056278109550476,-0.619758665561676,0.9999819993972778,0.497309148311615,0.3510979115962982,-0.6106531620025635,0.9999889731407166,0.6520808935165405,0.5367748737335205,-0.20918981730937958,0.9997879266738892,0.4086255729198456,0.5353987812995911,-0.23626989126205444,0.999941349029541,0.7233002781867981,0.859443187713623,-0.10182711482048035,0.9521973729133606,0.3161127269268036,0.8002158403396606,-0.38480144739151,0.9948225021362305,0.7234117388725281,1.118860125541687,-0.34365832805633545,0.846752941608429,0.4365561306476593,0.8856383562088013,-0.8655521869659424,0.9646297693252563,0.7328457236289978,1.2225515842437744,-0.42070266604423523,0.7241266369819641,0.4773175120353699,0.9393215179443359,-0.9779743552207947,0.9135542511940002,0.7160205245018005,1.1756495237350464,-0.47840237617492676,0.7595748901367188,0.49210530519485474,0.8919875621795654,-0.9977850914001465,0.9174063801765442,0.705642819404602,1.1429413557052612,-0.37384286522865295,0.7761312127113342,0.4822048544883728,0.8709680438041687,-0.881874680519104,0.9171062707901001,0.6074126958847046,1.0784287452697754,-0.029849443584680557,0.34850579500198364,0.4544089436531067,1.0834282636642456,0.03153751417994499,0.394561767578125,0.6216809153556824,1.5786758661270142,0.12799707055091858,0.00202547968365252,0.45683637261390686,1.5870007276535034,0.24150371551513672,0.001782527077011764,0.6237261295318604,1.9848437309265137,0.6439964771270752,0.0006169117405079305,0.47086402773857117,1.9991801977157593,0.7326604127883911,0.00046882996684871614,0.6284599304199219,2.0391135215759277,0.6744853258132935,0.0005072142230346799,0.471727192401886,2.0552353858947754,0.7736143469810486,0.0007754699909128249,0.6003826856613159,2.128701686859131,0.301080584526062,0.00030496082035824656,0.49237027764320374,2.140268325805664,0.3682141602039337,0.0009846255416050553,nan,nan,nan,nan,nan,nan,nan,nan,nan,nan,nan,nan,nan,nan,nan,nan,nan,nan,nan,nan,nan,nan,nan,nan,nan,nan,nan,nan,nan,nan,nan,nan,nan,nan,nan,nan,nan,nan,nan,nan,nan,nan,nan,nan,nan,nan,nan,nan,nan,nan,nan,nan,nan,nan,nan,nan,nan,nan,nan,nan,nan,nan,nan,0.4432199001312256,0.8892993330955505,1.0671246286619862e-07,0.46085619926452637,0.8507808446884155,-0.0043782759457826614,0.48071345686912537,0.8278590440750122,-0.00898036640137434,0.49746087193489075,0.8160679936408997,-0.012948742136359215,0.5091680884361267,0.8029255867004395,-0.017024081200361252,0.4994175434112549,0.8785335421562195,-0.011447688564658165,0.5252547264099121,0.8875007033348083,-0.01722791977226734,0.5402957797050476,0.8944600820541382,-0.020971957594156265,0.5518474578857422,0.9010063409805298,-0.023254944011569023,0.495942622423172,0.9088286757469177,-0.013242069631814957,0.524602472782135,0.9158858060836792,-0.01774219051003456,0.5424758195877075,0.9206593036651611,-0.020588604733347893,0.5564084053039551,0.9252300262451172,-0.02269173040986061,0.48895007371902466,0.9334319829940796,-0.015063385479152203,0.5152376294136047,0.9456020593643188,-0.019802173599600792,0.5312414169311523,0.9519561529159546,-0.022063884884119034,0.5434882640838623,0.9552920460700989,-0.0234287790954113,0.4795289933681488,0.953107476234436,-0.016939379274845123,0.4991829991340637,0.9645707011222839,-0.0210565272718668,0.5105029940605164,0.9681312441825867,-0.021153444424271584,0.5196120738983154,0.9683313369750977,-0.020548269152641296
43,43,1,0,1,1.0,0.0,1.0,0.5105157494544983,0.3074180483818054,-0.7237139344215393,0.9999511241912842,0.5249080061912537,0.2670532763004303,-0.6884722113609314,0.9998940229415894,0.5354231595993042,0.26651719212532043,-0.6885848045349121,0.9998884201049805,0.5454313158988953,0.2659374475479126,-0.6885661482810974,0.9998579025268555,0.4971330761909485,0.2683772146701813,-0.6829603314399719,0.999920666217804,0.48911115527153015,0.2693388760089874,-0.6827812790870667,0.9999352693557739,0.48403480648994446,0.27040255069732666,-0.6831390261650085,0.9999341368675232,0.5612331032752991,0.28304484486579895,-0.4115135967731476,0.999857485294342,0.47951969504356384,0.29135432839393616,-0.3780093193054199,0.9999638795852661,0.5336709022521973,0.35053062438964844,-0.6194772124290466,0.9999821782112122,0.49715152382850647,0.35105857253074646,-0.6099480390548706,0.9999889731407166,0.6521130204200745,0.5367753505706787,-0.21007531881332397,0.9997907876968384,0.40853869915008545,0.5354291200637817,-0.2355743795633316,0.9999415278434753,0.7233039140701294,0.8593694567680359,-0.10740300267934799,0.9520332217216492,0.3161138892173767,0.8002750873565674,-0.38523274660110474,0.9949113726615906,0.7234125733375549,1.1188933849334717,-0.3537854552268982,0.8484916090965271,0.43651169538497925,0.885720431804657,-0.8852038979530334,0.9655653834342957,0.7328441143035889,1.2227599620819092,-0.43162405490875244,0.725709080696106,0.47728094458580017,0.9393637180328369,-1.0011101961135864,0.9142767786979675,0.7166710495948792,1.175565242767334,-0.49030837416648865,0.7611303329467773,0.4920007884502411,0.8921283483505249,-1.020426630973816,0.9180855751037598,0.705820620059967,1.142898678779602,-0.38444265723228455,0.7776215076446533,0.4821663796901703,0.8711215257644653,-0.9020116329193115,0.9177079796791077,0.6074091196060181,1.0784140825271606,-0.030961375683546066,0.34950515627861023,0.45440399646759033,1.0833752155303955,0.032647356390953064,0.39662447571754456,0.6216669082641602,1.578672170639038,0.13360066711902618,0.0019387411884963512,0.4568849205970764,1.5870126485824585,0.24474237859249115,0.0017159647541120648,0.6239520311355591,1.9848284721374512,0.6487568616867065,0.000596843077801168,0.4710116982460022,1.9991786479949951,0.7322801351547241,0.00044206547318026423,0.6287893056869507,2.0391030311584473,0.6789535284042358,0.0004965415573678911,0.4718666076660156,2.0552334785461426,0.7725737690925598,0.0007488466799259186,0.6003795266151428,2.1286585330963135,0.30386883020401,0.00029144337167963386,0.4924798309803009,2.140261650085449,0.36609581112861633,0.0009451520745642483,nan,nan,nan,nan,nan,nan,nan,nan,nan,nan,nan,nan,nan,nan,nan,nan,nan,nan,nan,nan,nan,nan,nan,nan,nan,nan,nan,nan,nan,nan,nan,nan,nan,nan,nan,nan,nan,nan,nan,nan,nan,nan,nan,nan,nan,nan,nan,nan,nan,nan,nan,nan,nan,nan,nan,nan,nan,nan,nan,nan,nan,nan,nan,0.4436367154121399,0.8895275592803955,1.0405857864270729e-07,0.4607745110988617,0.8504751920700073,-0.004710123874247074,0.48079991340637207,0.8275599479675293,-0.009202090092003345,0.49760761857032776,0.8162455558776855,-0.01307297870516777,0.5092072486877441,0.8031659126281738,-0.01703432947397232,0.500278115272522,0.8781130909919739,-0.01066264696419239,0.5256400108337402,0.8868880867958069,-0.01625136286020279,0.540473461151123,0.8938829898834229,-0.020124513655900955,0.5520196557044983,0.9006821513175964,-0.022571656852960587,0.4968505799770355,0.9083878993988037,-0.012362337671220303,0.5249219536781311,0.9155281186103821,-0.01646030880510807,0.542529284954071,0.9204808473587036,-0.019390597939491272,0.5564450621604919,0.9255491495132446,-0.021676700562238693,0.48978057503700256,0.9330283999443054,-0.014204354956746101,0.5157856345176697,0.9452866911888123,-0.018756495788693428,0.5313909649848938,0.9515489339828491,-0.02106274664402008,0.5433355569839478,0.9551616907119751,-0.022501569241285324,0.48035481572151184,0.9529340863227844,-0.01618417538702488,0.4999908208847046,0.9644473195075989,-0.020148249343037605,0.5110744833946228,0.967970073223114,-0.020207826048135757,0.519904375076294,0.9683663845062256,-0.019619354978203773
44,44,1,0,1,1.0,0.0,1.0,0.5105049014091492,0.30737313628196716,-0.7253056168556213,0.9999518394470215,0.5248831510543823,0.2670239210128784,-0.689091682434082,0.9998953342437744,0.5353851318359375,0.26649314165115356,-0.6892083287239075,0.9998899698257446,0.545381486415863,0.2659194767475128,-0.6891728043556213,0.9998596906661987,0.4971059262752533,0.2683532238006592,-0.6841224431991577,0.9999216794967651,0.48907753825187683,0.26932692527770996,-0.6839422583580017,0.999936044216156,0.48400357365608215,0.27039074897766113,-0.6843038201332092,0.9999347925186157,0.5611944794654846,0.28299614787101746,-0.4099985361099243,0.9998598098754883,0.4794688820838928,0.29136738181114197,-0.3775850534439087,0.9999643564224243,0.533632218837738,0.3504953682422638,-0.6198822259902954,0.9999825358390808,0.49713456630706787,0.3510226309299469,-0.611140787601471,0.9999890923500061,0.6521259546279907,0.5367651581764221,-0.20928271114826202,0.9997937679290771,0.4085027575492859,0.5354416370391846,-0.23638932406902313,0.9999415874481201,0.7233065962791443,0.859221339225769,-0.10690074414014816,0.951699435710907,0.31611141562461853,0.8002276420593262,-0.3990883231163025,0.9949997067451477,0.7234395146369934,1.1152737140655518,-0.3526071012020111,0.8512282371520996,0.43668925762176514,0.8857315182685852,-0.9060030579566956,0.9663807153701782,0.7328256964683533,1.222294807434082,-0.4301620423793793,0.7291991710662842,0.47761115431785583,0.9393324851989746,-1.0232378244400024,0.9150276184082031,0.716644823551178,1.171278715133667,-0.48878124356269836,0.7642415761947632,0.49252212047576904,0.8923280835151672,-1.0413438081741333,0.918762743473053,0.7057933211326599,1.1403491497039795,-0.3832911550998688,0.7804730534553528,0.4827654957771301,0.8713229894638062,-0.9224556684494019,0.9183524250984192,0.6076338291168213,1.0782197713851929,-0.030810443684458733,0.34966588020324707,0.4546869099140167,1.083447813987732,0.03250595182180405,0.3973710238933563,0.6222447156906128,1.5786250829696655,0.141496479511261,0.0018596131121739745,0.45763203501701355,1.5870747566223145,0.23809178173542023,0.001657821936532855,0.6254807710647583,1.9843497276306152,0.6539363265037537,0.0005832476890645921,0.47259026765823364,1.9990962743759155,0.7186594009399414,0.0004202039272058755,0.6304194927215576,2.038646936416626,0.6838090419769287,0.0004944576066918671,0.47346383333206177,2.0550994873046875,0.7582295536994934,0.000731125648599118,0.6021698117256165,2.1277618408203125,0.30934661626815796,0.00028287069289945066,0.49480369687080383,2.139864444732666,0.3523120582103729,0.0009224254754371941,nan,nan,nan,nan,nan,nan,nan,nan,nan,nan,nan,nan,nan,nan,nan,nan,nan,nan,nan,nan,nan,nan,nan,nan,nan,nan,nan,nan,nan,nan,nan,nan,nan,nan,nan,nan,nan,nan,nan,nan,nan,nan,nan,nan,nan,nan,nan,nan,nan,nan,nan,nan,nan,nan,nan,nan,nan,nan,nan,nan,nan,nan,nan,0.4434751868247986,0.8894153237342834,1.0381321402519461e-07,0.4608306288719177,0.8508938550949097,-0.004284776747226715,0.480756014585495,0.8279148936271667,-0.008698513731360435,0.4976302683353424,0.8163176774978638,-0.012551438994705677,0.5091781616210938,0.8032480478286743,-0.016546113416552544,0.4995472729206085,0.8785505890846252,-0.010730227455496788,0.5249778628349304,0.8870254755020142,-0.016483183950185776,0.5399302244186401,0.8941048383712769,-0.020433075726032257,0.5515136122703552,0.900920033454895,-0.022916074842214584,0.49631330370903015,0.9085263609886169,-0.012590257450938225,0.5245718359947205,0.9157946705818176,-0.016897737979888916,0.5423572659492493,0.9206809401512146,-0.019904393702745438,0.5563440322875977,0.9255932569503784,-0.02222462184727192,0.4894750416278839,0.9330617189407349,-0.014519507996737957,0.5155275464057922,0.9458203315734863,-0.019150760024785995,0.5313833355903625,0.9521375894546509,-0.021538661792874336,0.5434972643852234,0.9556146264076233,-0.023081274703145027,0.4800657033920288,0.9529370069503784,-0.016527995467185974,0.49921539425849915,0.9651990532875061,-0.02062901481986046,0.5102837681770325,0.9687650203704834,-0.020815737545490265,0.5192306041717529,0.9689198136329651,-0.02033689059317112
45,45,1,0,1,1.0,0.0,1.0,0.5105018615722656,0.3073570430278778,-0.7257270812988281,0.9999523758888245,0.5248710513114929,0.2669852375984192,-0.6898139715194702,0.9998966455459595,0.5353692770004272,0.2664586305618286,-0.6899163722991943,0.999891459941864,0.545364260673523,0.2658943831920624,-0.6898910403251648,0.9998616576194763,0.49709227681159973,0.26834315061569214,-0.6848937273025513,0.9999223947525024,0.48905161023139954,0.2693425118923187,-0.6847083568572998,0.9999364018440247,0.48398250341415405,0.2703985571861267,-0.6850634813308716,0.9999350309371948,0.5611639022827148,0.2829456925392151,-0.4105556607246399,0.9998626708984375,0.47943684458732605,0.2913951575756073,-0.3783544898033142,0.9999645948410034,0.5336270332336426,0.35052359104156494,-0.6203420162200928,0.9999829530715942,0.497117280960083,0.35109686851501465,-0.6116402745246887,0.9999892711639404,0.6522209644317627,0.5367650389671326,-0.2083793580532074,0.9997997879981995,0.4084930121898651,0.5354860424995422,-0.23751460015773773,0.9999421834945679,0.7232651710510254,0.8592826128005981,-0.10681071877479553,0.952165424823761,0.3165818452835083,0.8007689118385315,-0.407888799905777,0.9950689077377319,0.7234522700309753,1.1153130531311035,-0.35439181327819824,0.853223443031311,0.43661266565322876,0.8857177495956421,-0.9178832769393921,0.967067539691925,0.7328818440437317,1.222577691078186,-0.4320165514945984,0.7308083176612854,0.477551132440567,0.9392493963241577,-1.0358679294586182,0.9153110384941101,0.7166776061058044,1.1712098121643066,-0.4914698004722595,0.7657930850982666,0.4924227297306061,0.8922396302223206,-1.0547494888305664,0.9189720749855042,0.7057605385780334,1.1403030157089233,-0.38542887568473816,0.7817927598953247,0.48270636796951294,0.8712766170501709,-0.9347672462463379,0.918454110622406,0.6076094508171082,1.078150987625122,-0.030525896698236465,0.3564121425151825,0.4546443223953247,1.0835212469100952,0.03222065418958664,0.4040207862854004,0.6221399307250977,1.5788147449493408,0.1472717970609665,0.001814484829083085,0.457462340593338,1.5871304273605347,0.23859986662864685,0.0016185212880373001,0.6252568960189819,1.984628438949585,0.656374990940094,0.0005703468341380358,0.4717462360858917,1.9993282556533813,0.7181169986724854,0.0003998319443780929,0.6302237510681152,2.0390655994415283,0.6859191656112671,0.0004900437197647989,0.47254419326782227,2.0554282665252686,0.7572919130325317,0.0007101622759364545,0.6014653444290161,2.1279869079589844,0.3110438883304596,0.0002729833940975368,0.4933949410915375,2.1403141021728516,0.3502196669578552,0.0008883305126801133,nan,nan,nan,nan,nan,nan,nan,nan,nan,nan,nan,nan,nan,nan,nan,nan,nan,nan,nan,nan,nan,nan,nan,nan,nan,nan,nan,nan,nan,nan,nan,nan,nan,nan,nan,nan,nan,nan,nan,nan,nan,nan,nan,nan,nan,nan,nan,nan,nan,nan,nan,nan,nan,nan,nan,nan,nan,nan,nan,nan,nan,nan,nan,0.4429105222225189,0.8891769051551819,1.1156848245263973e-07,0.4603561460971832,0.8511236906051636,-0.004696756601333618,0.48006027936935425,0.8283487558364868,-0.009588955901563168,0.496644526720047,0.816817045211792,-0.013864942826330662,0.5082153081893921,0.8034525513648987,-0.01827124133706093,0.49864932894706726,0.8789620399475098,-0.011799921281635761,0.5242720246315002,0.8877100944519043,-0.01799970120191574,0.5392496585845947,0.8949872851371765,-0.022107016295194626,0.550869345664978,0.9019911885261536,-0.024628175422549248,0.49497511982917786,0.9086103439331055,-0.013670598156750202,0.5235486030578613,0.9164630770683289,-0.018568474799394608,0.5414925217628479,0.9219322800636292,-0.021717922762036324,0.5555628538131714,0.9275083541870117,-0.024039652198553085,0.4879646301269531,0.9327220916748047,-0.015625834465026855,0.5139647126197815,0.9462746977806091,-0.02076532132923603,0.5299636125564575,0.9530745148658752,-0.02325339987874031,0.542184054851532,0.957079291343689,-0.024749327450990677,0.4786432087421417,0.9522379636764526,-0.01767543889582157,0.49777907133102417,0.9653909206390381,-0.02207878604531288,0.5090712904930115,0.969312310218811,-0.022364841774106026,0.5182943344116211,0.9698925018310547,-0.021916784346103668
46,46,1,0,1,1.0,0.0,1.0,0.5104976892471313,0.30733323097229004,-0.7298040390014648,0.9999521374702454,0.5248531103134155,0.2669534981250763,-0.6941224336624146,0.9998958706855774,0.5353593826293945,0.266435444355011,-0.6942060589790344,0.999890923500061,0.5453498959541321,0.26586058735847473,-0.694179356098175,0.9998607039451599,0.49701160192489624,0.2683466076850891,-0.6888740062713623,0.9999216198921204,0.488969087600708,0.26939478516578674,-0.6886852383613586,0.9999358057975769,0.483930379152298,0.270465612411499,-0.6890303492546082,0.999934196472168,0.56113201379776,0.2828896939754486,-0.4151104688644409,0.9998626112937927,0.4793514609336853,0.29158833622932434,-0.3811633288860321,0.9999642372131348,0.5336723327636719,0.3505007028579712,-0.6247390508651733,0.999983012676239,0.4971023499965668,0.3511256277561188,-0.6154175400733948,0.9999892115592957,0.6523560285568237,0.5367448925971985,-0.21130149066448212,0.9998010993003845,0.40848401188850403,0.5355636477470398,-0.23992499709129333,0.9999421238899231,0.7232382893562317,0.8594033718109131,-0.10831661522388458,0.9517498016357422,0.3169347643852234,0.8012373447418213,-0.4057222008705139,0.9950879812240601,0.7233591079711914,1.115253210067749,-0.3549596667289734,0.8519667387008667,0.4356744885444641,0.8857324719429016,-0.9025810360908508,0.967632532119751,0.7327849268913269,1.2225147485733032,-0.43191036581993103,0.7285293340682983,0.4769020974636078,0.9392105340957642,-1.0182420015335083,0.915613055229187,0.7160359621047974,1.170581340789795,-0.49123886227607727,0.7640251517295837,0.4915866553783417,0.8921841979026794,-1.0389244556427002,0.919279158115387,0.7050209045410156,1.1399598121643066,-0.38592949509620667,0.7799333930015564,0.4819552004337311,0.8712379336357117,-0.9198579788208008,0.9186629056930542,0.6076407432556152,1.0776963233947754,-0.030372608453035355,0.35110780596733093,0.4547007977962494,1.08336341381073,0.03206516429781914,0.39959821105003357,0.6221320033073425,1.5787436962127686,0.14592121541500092,0.0017467390280216932,0.4576302766799927,1.586869716644287,0.23671898245811462,0.0015650270506739616,0.6251802444458008,1.98447585105896,0.6584948301315308,0.0005602185847237706,0.47163936495780945,1.9991995096206665,0.7113115191459656,0.00038045027758926153,0.6301349997520447,2.038890838623047,0.6884036660194397,0.00048708735266700387,0.4723343849182129,2.055361747741699,0.7499927878379822,0.0006929606315679848,0.6012098789215088,2.1277387142181396,0.3133409917354584,0.0002635437995195389,0.4925571084022522,2.1401493549346924,0.34826770424842834,0.0008571423823013902,nan,nan,nan,nan,nan,nan,nan,nan,nan,nan,nan,nan,nan,nan,nan,nan,nan,nan,nan,nan,nan,nan,nan,nan,nan,nan,nan,nan,nan,nan,nan,nan,nan,nan,nan,nan,nan,nan,nan,nan,nan,nan,nan,nan,nan,nan,nan,nan,nan,nan,nan,nan,nan,nan,nan,nan,nan,nan,nan,nan,nan,nan,nan,0.43937426805496216,0.8907195925712585,1.1470063299157118e-07,0.4578385055065155,0.8536708950996399,-0.0038872361183166504,0.47811898589134216,0.8319413661956787,-0.008569993078708649,0.49469059705734253,0.8197587728500366,-0.012760908342897892,0.5058956146240234,0.8059256672859192,-0.017157400026917458,0.49542033672332764,0.8808212280273438,-0.011855083517730236,0.5216302871704102,0.8890854120254517,-0.018414540216326714,0.5370116233825684,0.8968222141265869,-0.022584933787584305,0.5486856698989868,0.9042187333106995,-0.025032227858901024,0.4917117953300476,0.9099540710449219,-0.014009875245392323,0.5206206440925598,0.9188673496246338,-0.019203830510377884,0.5390509963035583,0.9253557324409485,-0.0223174300044775,0.5532354116439819,0.9318867325782776,-0.024474237114191055,0.48468655347824097,0.9341549277305603,-0.016155991703271866,0.5108320116996765,0.9481392502784729,-0.021252881735563278,0.5272787809371948,0.9555683135986328,-0.02381412498652935,0.5396018028259277,0.9600256681442261,-0.025341158732771873,0.47526758909225464,0.9540688395500183,-0.018321499228477478,0.4935520887374878,0.9691004753112793,-0.02258838526904583,0.5053049921989441,0.9739174246788025,-0.02307143248617649,0.5151467323303223,0.9753673076629639,-0.022784819826483727
47,47,1,0,1,1.0,0.0,1.0,0.5105721950531006,0.3073272109031677,-0.7350357174873352,0.9999533295631409,0.5248762369155884,0.2669259011745453,-0.6990061402320862,0.9998984336853027,0.5353794097900391,0.26641544699668884,-0.6990991830825806,0.9998935461044312,0.5453824400901794,0.26582086086273193,-0.6990522146224976,0.9998639822006226,0.49699705839157104,0.2683459222316742,-0.6946604251861572,0.9999234676361084,0.4889581501483917,0.26942309737205505,-0.6944654583930969,0.9999372363090515,0.48391595482826233,0.27049461007118225,-0.6948220133781433,0.9999355673789978,0.5611108541488647,0.2828092873096466,-0.41805499792099,0.9998664259910583,0.4792211353778839,0.2916725277900696,-0.38827192783355713,0.9999651312828064,0.533787727355957,0.3504868447780609,-0.6291958689689636,0.9999834895133972,0.4970984160900116,0.35112130641937256,-0.6212084293365479,0.9999894499778748,0.6523802280426025,0.5366353392601013,-0.2113599181175232,0.9998044967651367,0.40838730335235596,0.5358451008796692,-0.24641799926757812,0.9999424815177917,0.722981333732605,0.8594774603843689,-0.1082891896367073,0.950203537940979,0.3173171877861023,0.8022099137306213,-0.4082493782043457,0.9950933456420898,0.7233157753944397,1.1150425672531128,-0.3609994351863861,0.8515681624412537,0.4342493414878845,0.8888776302337646,-0.90509432554245,0.9679436087608337,0.7327799201011658,1.2224836349487305,-0.4386276304721832,0.727735698223114,0.4755652844905853,0.9411299228668213,-1.0210919380187988,0.915511965751648,0.7160166501998901,1.1700547933578491,-0.4989815652370453,0.763466477394104,0.4892374575138092,0.8934987783432007,-1.0428024530410767,0.9192605018615723,0.7049104571342468,1.1396769285202026,-0.39271900057792664,0.7796015739440918,0.48014864325523376,0.8726593852043152,-0.92289799451828,0.9186340570449829,0.6080211997032166,1.0768600702285767,-0.02943209558725357,0.35032838582992554,0.4554605185985565,1.0833253860473633,0.031147541478276253,0.39853134751319885,0.627001941204071,1.5782498121261597,0.13370443880558014,0.0016752866795286536,0.4616754353046417,1.5871975421905518,0.22923515737056732,0.0015032762894406915,0.6327332258224487,1.9831925630569458,0.6569364070892334,0.0005390135920606554,0.4780585765838623,1.9992225170135498,0.7065748572349548,0.00036074084346182644,0.6380969285964966,2.0372838973999023,0.6858975887298584,0.0004754184337798506,0.4790010154247284,2.055382490158081,0.7451240420341492,0.0006663596723228693,0.6095983982086182,2.127262592315674,0.3122272491455078,0.00025363342138007283,0.5006885528564453,2.140136957168579,0.3419578969478607,0.0008305985247716308,nan,nan,nan,nan,nan,nan,nan,nan,nan,nan,nan,nan,nan,nan,nan,nan,nan,nan,nan,nan,nan,nan,nan,nan,nan,nan,nan,nan,nan,nan,nan,nan,nan,nan,nan,nan,nan,nan,nan,nan,nan,nan,nan,nan,nan,nan,nan,nan,nan,nan,nan,nan,nan,nan,nan,nan,nan,nan,nan,nan,nan,nan,nan,0.4342387020587921,0.8984896540641785,9.41851681091066e-08,0.4535202085971832,0.8626106381416321,-0.003817275632172823,0.47511717677116394,0.8410887718200684,-0.007866093888878822,0.49244388937950134,0.8285342454910278,-0.01146617066115141,0.5031930804252625,0.8131634593009949,-0.015225806273519993,0.4906224310398102,0.8881856799125671,-0.010325050912797451,0.5168139338493347,0.897050678730011,-0.016598662361502647,0.5323899388313293,0.904249906539917,-0.02073417231440544,0.5443535447120667,0.910666823387146,-0.02333168126642704,0.48723649978637695,0.9183475375175476,-0.012547486461699009,0.5149368643760681,0.9283557534217834,-0.017456263303756714,0.5326793193817139,0.9353748559951782,-0.02065446227788925,0.5466604232788086,0.9421325922012329,-0.02299703285098076,0.4802783727645874,0.9433357119560242,-0.014881821349263191,0.5055210590362549,0.9572873115539551,-0.019842904061079025,0.5214844942092896,0.9658696055412292,-0.02254312112927437,0.5337858200073242,0.9712663888931274,-0.024273283779621124,0.4708500802516937,0.9637674689292908,-0.01727701723575592,0.48843175172805786,0.9780864715576172,-0.021548889577388763,0.5004380345344543,0.9833704233169556,-0.02230529673397541,0.510787844657898,0.9854857921600342,-0.022350287064909935
48,48,1,0,1,1.0,0.0,1.0,0.5108553171157837,0.3072894513607025,-0.738972544670105,0.9999541640281677,0.5249472856521606,0.26690831780433655,-0.7007567882537842,0.9998988509178162,0.5354390740394592,0.26639777421951294,-0.7009019255638123,0.9998942017555237,0.5454625487327576,0.26579761505126953,-0.7007790207862854,0.999863862991333,0.49706971645355225,0.26829999685287476,-0.6977351903915405,0.9999240636825562,0.48897409439086914,0.26939889788627625,-0.6976171731948853,0.9999381899833679,0.4839002788066864,0.2704874277114868,-0.6980193257331848,0.9999362230300903,0.5610930919647217,0.28278911113739014,-0.416843444108963,0.9998657703399658,0.47919049859046936,0.29169729351997375,-0.3913728594779968,0.9999654293060303,0.5339382290840149,0.35041260719299316,-0.6318589448928833,0.9999834299087524,0.4972259998321533,0.35109013319015503,-0.6259171962738037,0.9999894499778748,0.6525442004203796,0.5369136929512024,-0.20660792291164398,0.9997888803482056,0.40775880217552185,0.5375694632530212,-0.24794301390647888,0.9999390840530396,0.7228937745094299,0.8591284155845642,-0.10811232775449753,0.9448843002319336,0.3210952877998352,0.8057219982147217,-0.39606744050979614,0.9948328733444214,0.7241637110710144,1.110079288482666,-0.384718656539917,0.8458845019340515,0.43032127618789673,0.9076680541038513,-0.8900738954544067,0.965404748916626,0.7338356971740723,1.2133599519729614,-0.4663262367248535,0.7209528684616089,0.46936798095703125,0.9581336975097656,-1.005797028541565,0.9102080464363098,0.7197096943855286,1.166327714920044,-0.5293992161750793,0.7573356032371521,0.4831315875053406,0.9097295999526978,-1.0369670391082764,0.9147787690162659,0.707589864730835,1.1369616985321045,-0.419022798538208,0.7739466428756714,0.47556254267692566,0.8890106678009033,-0.9120699763298035,0.9144951105117798,0.6113894581794739,1.074822187423706,-0.028639299795031548,0.3355107605457306,0.45942002534866333,1.1236026287078857,0.03038197010755539,0.38306793570518494,0.6304601430892944,1.578568696975708,0.1127219870686531,0.0016466239467263222,0.46586740016937256,1.5908637046813965,0.2092960625886917,0.0014602313749492168,0.6345333456993103,1.9833375215530396,0.6258143782615662,0.0005292198620736599,0.47967907786369324,2.002696990966797,0.6911156177520752,0.00034997938200831413,0.6393479108810425,2.03757905960083,0.6541924476623535,0.00047239504056051373,0.48037004470825195,2.059871196746826,0.7293868064880371,0.0006642879452556372,0.6119374632835388,2.1274313926696777,0.27749013900756836,0.00025411436217837036,0.5027914643287659,2.141535997390747,0.32069236040115356,0.0008458083029836416,nan,nan,nan,nan,nan,nan,nan,nan,nan,nan,nan,nan,nan,nan,nan,nan,nan,nan,nan,nan,nan,nan,nan,nan,nan,nan,nan,nan,nan,nan,nan,nan,nan,nan,nan,nan,nan,nan,nan,nan,nan,nan,nan,nan,nan,nan,nan,nan,nan,nan,nan,nan,nan,nan,nan,nan,nan,nan,nan,nan,nan,nan,nan,0.429104208946228,0.9130164384841919,9.275217394133506e-08,0.4485456943511963,0.8792641162872314,-0.0046621933579444885,0.4702368378639221,0.8594465851783752,-0.00903234537690878,0.4880523681640625,0.8471685647964478,-0.01282571256160736,0.4988866448402405,0.8313421607017517,-0.016784653067588806,0.4826074242591858,0.9051046967506409,-0.011035565286874771,0.5091256499290466,0.9153906106948853,-0.017119765281677246,0.5251638889312744,0.9230179190635681,-0.020964110270142555,0.5372457504272461,0.9300675392150879,-0.023257695138454437,0.47912824153900146,0.9349907636642456,-0.012748012319207191,0.5070717334747314,0.946509599685669,-0.017118893563747406,0.5250046849250793,0.9540359377861023,-0.0198479276150465,0.5388884544372559,0.9615157246589661,-0.021951980888843536,0.47250980138778687,0.9597983360290527,-0.014576630666851997,0.49758681654930115,0.9739758372306824,-0.018961869180202484,0.513844907283783,0.9826136827468872,-0.021087944507598877,0.5262267589569092,0.9891234040260315,-0.0225155521184206,0.4640217125415802,0.9795570373535156,-0.016578590497374535,0.4820481538772583,0.9924303293228149,-0.020251071080565453,0.4938899576663971,0.9996029138565063,-0.020372938364744186,0.5038451552391052,1.0046064853668213,-0.020047243684530258
49,49,1,0,1,1.0,0.0,1.0,0.5116199254989624,0.307291716337204,-0.7659274339675903,0.9999510049819946,0.5252730250358582,0.2669018507003784,-0.7263596653938293,0.9998899698257446,0.5357216000556946,0.26638150215148926,-0.7265517115592957,0.9998859763145447,0.545724093914032,0.265771746635437,-0.7263715267181396,0.9998504519462585,0.49750417470932007,0.2682889997959137,-0.7271620035171509,0.9999181032180786,0.489229679107666,0.2693747580051422,-0.7272497415542603,0.99993497133255,0.4839801490306854,0.27047961950302124,-0.7277218103408813,0.9999326467514038,0.5611069202423096,0.2827599346637726,-0.4381996691226959,0.9998510479927063,0.4791598916053772,0.2917029559612274,-0.4335086941719055,0.999963641166687,0.5342601537704468,0.3504355251789093,-0.6571320295333862,0.9999807476997375,0.4976538419723511,0.3510909676551819,-0.6564720869064331,0.9999882578849792,0.6526901125907898,0.5384747982025146,-0.20661364495754242,0.9997239112854004,0.40687498450279236,0.5396295189857483,-0.27981725335121155,0.9999279379844666,0.7228689193725586,0.8591596484184265,-0.09552904963493347,0.9417056441307068,0.3221263289451599,0.8078190088272095,-0.35985487699508667,0.9946184754371643,0.7249686121940613,1.1075118780136108,-0.37907493114471436,0.8288345336914062,0.4285753071308136,0.9294102191925049,-0.7619546055793762,0.9607153534889221,0.7351936101913452,1.2064449787139893,-0.46475842595100403,0.7004982829093933,0.46096521615982056,0.9778426289558411,-0.8640859723091125,0.9011807441711426,0.721203625202179,1.1603201627731323,-0.5213744044303894,0.7376343011856079,0.4751894772052765,0.933074951171875,-0.9003792405128479,0.9068722724914551,0.7091937065124512,1.1310464143753052,-0.4114508330821991,0.7551398873329163,0.4693869650363922,0.9131367206573486,-0.7834368348121643,0.9065737128257751,0.6144112348556519,1.0745505094528198,-0.019138513132929802,0.32683873176574707,0.462737500667572,1.1384483575820923,0.02067813277244568,0.3751675486564636,0.6314464211463928,1.5839135646820068,0.10202475637197495,0.001925542950630188,0.4668106138706207,1.5955101251602173,0.10879732668399811,0.0017217012355104089,0.6347543597221375,1.989354133605957,0.615776777267456,0.0005674812709912658,0.48032718896865845,2.0098390579223633,0.5179955363273621,0.00043386718607507646,0.6390042901039124,2.0452396869659424,0.6451432704925537,0.0005039663519710302,0.48130396008491516,2.0678746700286865,0.5476688146591187,0.0007991752354428172,0.6143173575401306,2.1320302486419678,0.2798994779586792,0.0002983527083415538,0.5046480894088745,2.1471059322357178,0.14970992505550385,0.0010147503344342113,nan,nan,nan,nan,nan,nan,nan,nan,nan,nan,nan,nan,nan,nan,nan,nan,nan,nan,nan,nan,nan,nan,nan,nan,nan,nan,nan,nan,nan,nan,nan,nan,nan,nan,nan,nan,nan,nan,nan,nan,nan,nan,nan,nan,nan,nan,nan,nan,nan,nan,nan,nan,nan,nan,nan,nan,nan,nan,nan,nan,nan,nan,nan,0.4206860363483429,0.936753511428833,7.202432783515178e-08,0.43944743275642395,0.9024413824081421,-0.004616329446434975,0.46233510971069336,0.8861443996429443,-0.007304713129997253,0.48066553473472595,0.8745613694190979,-0.009378830902278423,0.4909987151622772,0.8595515489578247,-0.011545195244252682,0.47429779171943665,0.9333689212799072,-0.005769595969468355,0.4982411861419678,0.9439804553985596,-0.010342635214328766,0.5128268599510193,0.9515592455863953,-0.01395164243876934,0.5243196487426758,0.9589635729789734,-0.016014209017157555,0.470676451921463,0.960357129573822,-0.005480552092194557,0.49617621302604675,0.9721388816833496,-0.00804669875651598,0.5124405026435852,0.9810020923614502,-0.009668017737567425,0.5253328680992126,0.9897204637527466,-0.010818203911185265,0.46456435322761536,0.9815852642059326,-0.005619412288069725,0.4883389174938202,0.9904864430427551,-0.00789125356823206,0.5035147666931152,0.9978044629096985,-0.008620207197964191,0.5152890086174011,1.005042552947998,-0.008772558532655239,0.4580051302909851,0.996560275554657,-0.0061043924652040005,0.4774375259876251,1.0052164793014526,-0.007717571221292019,0.4901042878627777,1.0104727745056152,-0.007034603506326675,0.5004834532737732,1.0156521797180176,-0.00607675826177001
50,50,1,0,1,1.0,0.0,1.0,0.5117900967597961,0.30736348032951355,-0.764211118221283,0.9999342560768127,0.5253490805625916,0.26698067784309387,-0.7192139625549316,0.9998480081558228,0.5357720851898193,0.2664414048194885,-0.7195450663566589,0.9998487234115601,0.5457842350006104,0.26579564809799194,-0.7193186283111572,0.9997965693473816,0.4976259469985962,0.2683332562446594,-0.7262862324714661,0.9998878240585327,0.4892745614051819,0.2694348990917206,-0.7259063124656677,0.9999151229858398,0.48398900032043457,0.2705584764480591,-0.7261430621147156,0.9999111890792847,0.5610954165458679,0.28283271193504333,-0.4302070140838623,0.9997887015342712,0.479147732257843,0.2918564975261688,-0.4197612404823303,0.9999512434005737,0.5342954397201538,0.3504769802093506,-0.6549551486968994,0.9999701380729675,0.4977175295352936,0.3511471152305603,-0.649253249168396,0.9999827146530151,0.6528724431991577,0.5407192707061768,-0.19675880670547485,0.9996178150177002,0.40644487738609314,0.5417184233665466,-0.27633875608444214,0.9999029636383057,0.7228489518165588,0.8588554263114929,-0.09323298186063766,0.9390276074409485,0.32464438676834106,0.8123455047607422,-0.3039288818836212,0.9941585063934326,0.7254365682601929,1.098858118057251,-0.37992063164711,0.8128105401992798,0.4268483817577362,0.9481045603752136,-0.6785010099411011,0.9513274431228638,0.7357639670372009,1.1957277059555054,-0.4600986838340759,0.6817270517349243,0.45328113436698914,1.000854253768921,-0.7759447693824768,0.8845657706260681,0.7216235399246216,1.1439650058746338,-0.5213565230369568,0.7191539406776428,0.4707576036453247,0.9657579064369202,-0.814285933971405,0.8918470740318298,0.7095688581466675,1.1161216497421265,-0.41372159123420715,0.7370522022247314,0.4660736620426178,0.9432691335678101,-0.7001919150352478,0.8920057415962219,0.6167041063308716,1.0751327276229858,-0.01823146641254425,0.31772077083587646,0.4638683795928955,1.1449251174926758,0.019747735932469368,0.36759820580482483,0.6312079429626465,1.587679147720337,0.10285684466362,0.002319148276001215,0.4664432406425476,1.5970983505249023,0.09011532366275787,0.002117358846589923,0.6343958377838135,1.9940546751022339,0.5735698938369751,0.0007087740814313293,0.47982367873191833,2.0131146907806396,0.4549318552017212,0.0006048191571608186,0.6389353275299072,2.0517003536224365,0.5983870029449463,0.0006382946157827973,0.4809735119342804,2.0721421241760254,0.4797758460044861,0.0011339402990415692,0.6133041977882385,2.133600950241089,0.2445809543132782,0.00038691339432261884,0.504349410533905,2.1483845710754395,0.09102261066436768,0.0013033007271587849,nan,nan,nan,nan,nan,nan,nan,nan,nan,nan,nan,nan,nan,nan,nan,nan,nan,nan,nan,nan,nan,nan,nan,nan,nan,nan,nan,nan,nan,nan,nan,nan,nan,nan,nan,nan,nan,nan,nan,nan,nan,nan,nan,nan,nan,nan,nan,nan,nan,nan,nan,nan,nan,nan,nan,nan,nan,nan,nan,nan,nan,nan,nan,0.4101044237613678,0.9595641493797302,8.369237036731647e-08,0.428914874792099,0.9294273853302002,-0.0063529787585139275,0.451903373003006,0.9186191558837891,-0.009123065508902073,0.470236599445343,0.9096531867980957,-0.010564279742538929,0.4822748899459839,0.8970686197280884,-0.01195498090237379,0.459224671125412,0.9675078392028809,-0.0060398573987185955,0.48289963603019714,0.9829738140106201,-0.008757749572396278,0.49769821763038635,0.9921042919158936,-0.011587178334593773,0.5092126131057739,0.9993598461151123,-0.013229424133896828,0.4551524817943573,0.9892687797546387,-0.003180365776643157,0.4794062077999115,1.00453519821167,-0.00357427098788321,0.49469470977783203,1.0122532844543457,-0.004684582352638245,0.5069351196289062,1.018752098083496,-0.005918259732425213,0.44946902990341187,1.00408935546875,-0.0006556910229846835,0.47200217843055725,1.0179649591445923,-0.0007210305775515735,0.48667585849761963,1.0252468585968018,-0.0007243399741128087,0.49765488505363464,1.031689167022705,-0.000893927295692265,0.444236159324646,1.0126222372055054,0.0014681206084787846,0.46176034212112427,1.0267939567565918,0.0018990195821970701,0.4735497236251831,1.0346693992614746,0.0031726998277008533,0.48332637548446655,1.0409893989562988,0.004081317223608494
51,51,1,0,1,1.0,0.0,1.0,0.5121447443962097,0.3073301315307617,-0.7562490701675415,0.9999235272407532,0.5256680250167847,0.26699551939964294,-0.7142078876495361,0.9998204708099365,0.5360404253005981,0.2664564847946167,-0.7144664525985718,0.9998208284378052,0.5460615158081055,0.2658109664916992,-0.7142964005470276,0.9997619390487671,0.49797436594963074,0.2683408260345459,-0.7173137068748474,0.9998686909675598,0.4894846975803375,0.26944687962532043,-0.7170813083648682,0.9999008178710938,0.48406338691711426,0.2705911695957184,-0.7174026370048523,0.9998969435691833,0.5610997080802917,0.2830362021923065,-0.4275117516517639,0.9997390508651733,0.47913360595703125,0.291951984167099,-0.4152502715587616,0.9999415874481201,0.5344274044036865,0.35045677423477173,-0.6483724117279053,0.9999645948410034,0.4978161156177521,0.3511190116405487,-0.6437293291091919,0.9999793767929077,0.6528799533843994,0.5410171151161194,-0.20474094152450562,0.9995545744895935,0.4052893817424774,0.5445343255996704,-0.2632298469543457,0.9998906254768372,0.722747802734375,0.8569438457489014,-0.11133555322885513,0.938227117061615,0.32458850741386414,0.8180824518203735,-0.2534589469432831,0.9938493967056274,0.7249420881271362,1.0912117958068848,-0.4220569133758545,0.7981184124946594,0.41449615359306335,0.9750880599021912,-0.6157267689704895,0.9416080713272095,0.7350867986679077,1.1882435083389282,-0.5059075951576233,0.6627498865127563,0.4342162311077118,1.0299229621887207,-0.7106119990348816,0.8667056560516357,0.7209651470184326,1.1373200416564941,-0.5700993537902832,0.6999742388725281,0.4492964744567871,0.9970880150794983,-0.7565444707870483,0.8754103183746338,0.7093822956085205,1.1085761785507202,-0.45742684602737427,0.7194123864173889,0.44570186734199524,0.974434494972229,-0.6408360004425049,0.8773708939552307,0.6199880242347717,1.0747838020324707,-0.021411500871181488,0.31025680899620056,0.46547868847846985,1.1465120315551758,0.02288668416440487,0.36277616024017334,0.6318742036819458,1.5879610776901245,0.09801558405160904,0.0022511149290949106,0.4665166139602661,1.5992032289505005,0.12763231992721558,0.002083581406623125,0.6340979933738708,1.995213270187378,0.5758001804351807,0.0006997417076490819,0.4784993529319763,2.016213893890381,0.5349734425544739,0.0006104956846684217,0.6385607123374939,2.052469253540039,0.6018363237380981,0.0006293097394518554,0.47874000668525696,2.07521653175354,0.5648839473724365,0.0011614367831498384,0.6126474142074585,2.1350460052490234,0.23667150735855103,0.0003852258378174156,0.5035485029220581,2.150761604309082,0.16355988383293152,0.0013294679811224341,nan,nan,nan,nan,nan,nan,nan,nan,nan,nan,nan,nan,nan,nan,nan,nan,nan,nan,nan,nan,nan,nan,nan,nan,nan,nan,nan,nan,nan,nan,nan,nan,nan,nan,nan,nan,nan,nan,nan,nan,nan,nan,nan,nan,nan,nan,nan,nan,nan,nan,nan,nan,nan,nan,nan,nan,nan,nan,nan,nan,nan,nan,nan,0.3930734694004059,0.9853068590164185,2.1995465004920334e-08,0.41483545303344727,0.9652884006500244,-0.007641020230948925,0.4403407871723175,0.9650995135307312,-0.012072345241904259,0.45817628502845764,0.9647535681724548,-0.01563728228211403,0.46815434098243713,0.9578444957733154,-0.01903466135263443,0.44322875142097473,1.0219676494598389,-0.007621028460562229,0.4577319025993347,1.0494158267974854,-0.011778640560805798,0.4666585624217987,1.064725637435913,-0.015859486535191536,0.473942369222641,1.0754445791244507,-0.01873362809419632,0.43221262097358704,1.0448499917984009,-0.006525947246700525,0.447254478931427,1.0759031772613525,-0.0072142924182116985,0.45626991987228394,1.0907284021377563,-0.007903551682829857,0.46274036169052124,1.1021708250045776,-0.009285575710237026,0.41940128803253174,1.0612307786941528,-0.00633272435516119,0.43294477462768555,1.0930837392807007,-0.007500742562115192,0.442113995552063,1.108461856842041,-0.006499634589999914,0.4486662745475769,1.121964931488037,-0.006229872815310955,0.4067390561103821,1.0717954635620117,-0.006979198660701513,0.41700077056884766,1.0991615056991577,-0.007432127837091684,0.4235992729663849,1.1133898496627808,-0.0054763429798185825,0.42865246534347534,1.125828742980957,-0.004231644794344902
52,52,1,0,0,1.0,0.0,0.0,0.512826144695282,0.30704909563064575,-0.6947660446166992,0.9999054074287415,0.5265378952026367,0.26692402362823486,-0.656195878982544,0.9997783899307251,0.5369200706481934,0.2663886845111847,-0.656406044960022,0.9997786283493042,0.5468953251838684,0.2657586336135864,-0.656378984451294,0.9997125864028931,0.4985392987728119,0.2682904303073883,-0.6552845239639282,0.9998373985290527,0.4898870587348938,0.2693978548049927,-0.6552479863166809,0.9998756647109985,0.48417553305625916,0.27058619260787964,-0.6557101607322693,0.9998733997344971,0.5612911581993103,0.28309136629104614,-0.3832198679447174,0.9996703267097473,0.47912028431892395,0.29201027750968933,-0.36831536889076233,0.999925971031189,0.5351541638374329,0.3501463234424591,-0.5929132103919983,0.9999576807022095,0.4980792999267578,0.35085320472717285,-0.5883331894874573,0.9999750852584839,0.6528743505477905,0.5413970351219177,-0.1917748600244522,0.9995362162590027,0.40444034337997437,0.5449652075767517,-0.20577886700630188,0.9998867511749268,0.7227473855018616,0.8568075299263,-0.11831609159708023,0.9401694536209106,0.3245038688182831,0.8179492354393005,-0.19567906856536865,0.9936000108718872,0.7226330041885376,1.0921508073806763,-0.45143064856529236,0.7860246896743774,0.40102440118789673,1.0106463432312012,-0.5395639538764954,0.9320070147514343,0.733275830745697,1.1892298460006714,-0.5390372276306152,0.6470119953155518,0.41185277700424194,1.084592342376709,-0.6289270520210266,0.8487415909767151,0.7184767127037048,1.1379340887069702,-0.602161169052124,0.6844528317451477,0.4352821409702301,1.0522502660751343,-0.6782138347625732,0.8591444492340088,0.7076483964920044,1.1088762283325195,-0.48652979731559753,0.7036501169204712,0.4347276985645294,1.0241117477416992,-0.565598726272583,0.8628065586090088,0.61952143907547,1.0755106210708618,-0.0238651093095541,0.31632423400878906,0.465160071849823,1.1462849378585815,0.025289593264460564,0.375414103269577,0.6269829869270325,1.5908262729644775,0.09636840969324112,0.0023749922402203083,0.463467538356781,1.600183367729187,0.11742202937602997,0.0022322761360555887,0.6248090267181396,2.0012025833129883,0.555094838142395,0.0007615869399160147,0.4677305817604065,2.0202245712280273,0.48255881667137146,0.0006691161543130875,0.6284793019294739,2.0589303970336914,0.5800452828407288,0.0006771723856218159,0.46698814630508423,2.08013653755188,0.5073445439338684,0.0012873774394392967,0.6021592617034912,2.1396241188049316,0.22438810765743256,0.0004185001307632774,0.4887281060218811,2.1534335613250732,0.11578647047281265,0.001401582034304738,nan,nan,nan,nan,nan,nan,nan,nan,nan,nan,nan,nan,nan,nan,nan,nan,nan,nan,nan,nan,nan,nan,nan,nan,nan,nan,nan,nan,nan,nan,nan,nan,nan,nan,nan,nan,nan,nan,nan,nan,nan,nan,nan,nan,nan,nan,nan,nan,nan,nan,nan,nan,nan,nan,nan,nan,nan,nan,nan,nan,nan,nan,nan,nan,nan,nan,nan,nan,nan,nan,nan,nan,nan,nan,nan,nan,nan,nan,nan,nan,nan,nan,nan,nan,nan,nan,nan,nan,nan,nan,nan,nan,nan,nan,nan,nan,nan,nan,nan,nan,nan,nan,nan,nan,nan,nan,nan,nan,nan,nan,nan,nan,nan,nan,nan,nan,nan,nan,nan,nan,nan,nan,nan,nan,nan,nan
53,53,1,0,0,1.0,0.0,0.0,0.5134009718894958,0.3061489164829254,-0.7040742039680481,0.999901533126831,0.5277093052864075,0.26634812355041504,-0.6658922433853149,0.9997714757919312,0.5382227301597595,0.2659289240837097,-0.666076123714447,0.9997721314430237,0.5480703711509705,0.26536157727241516,-0.6660318970680237,0.9997084140777588,0.49894121289253235,0.26789307594299316,-0.6644583940505981,0.999828040599823,0.4900965094566345,0.26902616024017334,-0.664421021938324,0.9998658299446106,0.48422273993492126,0.27031248807907104,-0.6648720502853394,0.9998630881309509,0.5619481205940247,0.28308457136154175,-0.3891873359680176,0.9996592402458191,0.4790560007095337,0.2919364869594574,-0.3726828396320343,0.9999185800552368,0.5360701084136963,0.3491716682910919,-0.6003755927085876,0.9999567866325378,0.4981631338596344,0.34993883967399597,-0.5953691601753235,0.9999735951423645,0.6529833674430847,0.5414716601371765,-0.20982615649700165,0.9995530843734741,0.40254664421081543,0.5461310744285583,-0.21499964594841003,0.9998829960823059,0.7227433919906616,0.8565467596054077,-0.1524231731891632,0.939329206943512,0.32455775141716003,0.8192868232727051,-0.19142089784145355,0.9921106100082397,0.7208332419395447,1.0961833000183105,-0.47199547290802,0.7485664486885071,0.37827762961387634,1.0508118867874146,-0.48438605666160583,0.8935508728027344,0.7325053811073303,1.190090537071228,-0.5621429681777954,0.6104961633682251,0.3741917014122009,1.1340429782867432,-0.5690412521362305,0.7992308735847473,0.7186469435691833,1.1430134773254395,-0.6225908994674683,0.6504466533660889,0.39849531650543213,1.1151520013809204,-0.6280744075775146,0.8132324814796448,0.7079546451568604,1.1138715744018555,-0.5074403285980225,0.6687804460525513,0.4007660746574402,1.0682283639907837,-0.5146745443344116,0.8204494118690491,0.6201433539390564,1.1328558921813965,-0.031276993453502655,0.29430368542671204,0.46024954319000244,1.151404857635498,0.0329609178006649,0.34958985447883606,0.621760368347168,1.609236240386963,0.11170816421508789,0.002263904782012105,0.4587731957435608,1.6204801797866821,0.15636907517910004,0.0021120975725352764,0.6162517070770264,2.0276572704315186,0.6178406476974487,0.0007568199653178453,0.45703086256980896,2.0468719005584717,0.5432383418083191,0.0006307323928922415,0.6203613877296448,2.0871682167053223,0.6473832726478577,0.0006567678647115827,0.45536404848098755,2.1074492931365967,0.5674450397491455,0.001232049660757184,0.5907531380653381,2.1681108474731445,0.27606022357940674,0.00040922436164692044,0.47645872831344604,2.187396764755249,0.12171241641044617,0.001324079348705709,nan,nan,nan,nan,nan,nan,nan,nan,nan,nan,nan,nan,nan,nan,nan,nan,nan,nan,nan,nan,nan,nan,nan,nan,nan,nan,nan,nan,nan,nan,nan,nan,nan,nan,nan,nan,nan,nan,nan,nan,nan,nan,nan,nan,nan,nan,nan,nan,nan,nan,nan,nan,nan,nan,nan,nan,nan,nan,nan,nan,nan,nan,nan,nan,nan,nan,nan,nan,nan,nan,nan,nan,nan,nan,nan,nan,nan,nan,nan,nan,nan,nan,nan,nan,nan,nan,nan,nan,nan,nan,nan,nan,nan,nan,nan,nan,nan,nan,nan,nan,nan,nan,nan,nan,nan,nan,nan,nan,nan,nan,nan,nan,nan,nan,nan,nan,nan,nan,nan,nan,nan,nan,nan,nan,nan,nan
54,54,1,0,0,1.0,0.0,0.0,0.513667106628418,0.30546441674232483,-0.696247935295105,0.9998945593833923,0.5283125638961792,0.2658578157424927,-0.6591104865074158,0.9997540712356567,0.5389328002929688,0.2655583918094635,-0.6592061519622803,0.9997572898864746,0.548774242401123,0.26505258679389954,-0.6592779159545898,0.999694287776947,0.4990957975387573,0.2674050033092499,-0.6589247584342957,0.9998080134391785,0.490163117647171,0.2685382664203644,-0.6587879657745361,0.9998475909233093,0.48423057794570923,0.2699028253555298,-0.6591823101043701,0.999842643737793,0.562629222869873,0.2830793261528015,-0.39107030630111694,0.999640166759491,0.4789784252643585,0.29180294275283813,-0.37570932507514954,0.9999050498008728,0.5365152955055237,0.3485320210456848,-0.5973637104034424,0.9999546408653259,0.4981728494167328,0.3492750823497772,-0.5935736894607544,0.9999707341194153,0.6534932255744934,0.5417121052742004,-0.21425692737102509,0.9995754957199097,0.4016351103782654,0.5470325350761414,-0.22367893159389496,0.9998811483383179,0.7227799296379089,0.8581316471099854,-0.14092479646205902,0.9416595101356506,0.3250346779823303,0.8267603516578674,-0.20286409556865692,0.9900734424591064,0.7210360765457153,1.105207085609436,-0.45022010803222656,0.7201068997383118,0.3519921898841858,1.0893059968948364,-0.4814087450504303,0.8579148054122925,0.7350550293922424,1.2000153064727783,-0.5230260491371155,0.5802136659622192,0.3317773640155792,1.1925033330917358,-0.5604848265647888,0.7553555369377136,0.7332255244255066,1.1694860458374023,-0.5853367447853088,0.6229075193405151,0.35969823598861694,1.1731045246124268,-0.6256740689277649,0.7720478177070618,0.7206474542617798,1.139973759651184,-0.488821804523468,0.6408602595329285,0.3708687126636505,1.117966651916504,-0.5145853161811829,0.7830502390861511,0.619153618812561,1.1530548334121704,-0.03122631646692753,0.28126975893974304,0.45048895478248596,1.153052568435669,0.03283420577645302,0.33229860663414,0.6076444983482361,1.621557354927063,0.1202181726694107,0.0021734389010816813,0.44123220443725586,1.6278611421585083,0.1535387933254242,0.001999341882765293,0.5943589806556702,2.043297052383423,0.6221518516540527,0.0007294176029972732,0.43105587363243103,2.0563132762908936,0.5421569347381592,0.0005920572439208627,0.5978214144706726,2.104858160018921,0.6515554785728455,0.0006251579616218805,0.42854762077331543,2.117717981338501,0.5687203407287598,0.0011566410539671779,0.5661287307739258,2.1843509674072266,0.2909732460975647,0.0003952592669520527,0.4503830075263977,2.2016196250915527,0.15739960968494415,0.0012296595377847552,nan,nan,nan,nan,nan,nan,nan,nan,nan,nan,nan,nan,nan,nan,nan,nan,nan,nan,nan,nan,nan,nan,nan,nan,nan,nan,nan,nan,nan,nan,nan,nan,nan,nan,nan,nan,nan,nan,nan,nan,nan,nan,nan,nan,nan,nan,nan,nan,nan,nan,nan,nan,nan,nan,nan,nan,nan,nan,nan,nan,nan,nan,nan,nan,nan,nan,nan,nan,nan,nan,nan,nan,nan,nan,nan,nan,nan,nan,nan,nan,nan,nan,nan,nan,nan,nan,nan,nan,nan,nan,nan,nan,nan,nan,nan,nan,nan,nan,nan,nan,nan,nan,nan,nan,nan,nan,nan,nan,nan,nan,nan,nan,nan,nan,nan,nan,nan,nan,nan,nan,nan,nan,nan,nan,nan,nan
55,55,1,0,0,1.0,0.0,0.0,0.514104962348938,0.3053823709487915,-0.7006515264511108,0.9998953938484192,0.5290307402610779,0.2657695710659027,-0.6626160740852356,0.9997528791427612,0.5396839380264282,0.26548561453819275,-0.6627390384674072,0.9997599720954895,0.5493839383125305,0.2649664580821991,-0.6626900434494019,0.9996978044509888,0.4994719922542572,0.26736176013946533,-0.6604727506637573,0.9998036026954651,0.49041855335235596,0.2684788107872009,-0.660467803478241,0.9998441934585571,0.4842994809150696,0.2698427438735962,-0.660886287689209,0.9998362064361572,0.5629523992538452,0.28307294845581055,-0.3972582221031189,0.9996446371078491,0.4789554476737976,0.29175958037376404,-0.388621062040329,0.9999018311500549,0.5369152426719666,0.34846848249435425,-0.5976928472518921,0.9999547004699707,0.49824535846710205,0.3492462635040283,-0.5954816937446594,0.9999699592590332,0.6539694666862488,0.5419813990592957,-0.22388097643852234,0.9995955228805542,0.4006350636482239,0.5489275455474854,-0.23426733911037445,0.9998803734779358,0.7228122353553772,0.8596752882003784,-0.15050624310970306,0.9408531785011292,0.3252899944782257,0.8335497975349426,-0.1953909993171692,0.9875501394271851,0.7210500836372375,1.1144756078720093,-0.44156065583229065,0.6817629933357239,0.3345904052257538,1.116406798362732,-0.46622899174690247,0.8223668932914734,0.7355553507804871,1.2084637880325317,-0.5195344090461731,0.5441205501556396,0.3169584572315216,1.2213592529296875,-0.5425131916999817,0.7124235033988953,0.7363179326057434,1.179355263710022,-0.5815497636795044,0.5890690684318542,0.3439253866672516,1.1953644752502441,-0.6119073033332825,0.7318546175956726,0.723491907119751,1.1495078802108765,-0.47790926694869995,0.6062681674957275,0.3559708893299103,1.1423237323760986,-0.5010786652565002,0.7464529871940613,0.619917094707489,1.156325340270996,-0.03129865229129791,0.2590990960597992,0.4490039050579071,1.1579484939575195,0.03303421288728714,0.3063714802265167,0.6095389127731323,1.6272823810577393,0.10877471417188644,0.0020610636565834284,0.44223111867904663,1.6372588872909546,0.15157990157604218,0.0018712030723690987,0.5995091199874878,2.050266981124878,0.5926593542098999,0.0007059717318043113,0.43549320101737976,2.0703060626983643,0.535980224609375,0.0005553382216021419,0.6031416654586792,2.1126976013183594,0.6198455691337585,0.0006037929560989141,0.43335655331611633,2.1352362632751465,0.5624912977218628,0.0010856183944270015,0.5730157494544983,2.194040298461914,0.26065999269485474,0.0003831851063296199,0.45622512698173523,2.2128961086273193,0.157115176320076,0.0011470949975773692,nan,nan,nan,nan,nan,nan,nan,nan,nan,nan,nan,nan,nan,nan,nan,nan,nan,nan,nan,nan,nan,nan,nan,nan,nan,nan,nan,nan,nan,nan,nan,nan,nan,nan,nan,nan,nan,nan,nan,nan,nan,nan,nan,nan,nan,nan,nan,nan,nan,nan,nan,nan,nan,nan,nan,nan,nan,nan,nan,nan,nan,nan,nan,nan,nan,nan,nan,nan,nan,nan,nan,nan,nan,nan,nan,nan,nan,nan,nan,nan,nan,nan,nan,nan,nan,nan,nan,nan,nan,nan,nan,nan,nan,nan,nan,nan,nan,nan,nan,nan,nan,nan,nan,nan,nan,nan,nan,nan,nan,nan,nan,nan,nan,nan,nan,nan,nan,nan,nan,nan,nan,nan,nan,nan,nan,nan
56,56,1,0,0,1.0,0.0,0.0,0.5146111249923706,0.30530625581741333,-0.7400197982788086,0.9998979568481445,0.5297766327857971,0.26565876603126526,-0.703107476234436,0.9997572898864746,0.5405086278915405,0.2653757333755493,-0.7032257914543152,0.9997668862342834,0.5500192642211914,0.26483023166656494,-0.703387439250946,0.9997071623802185,0.49986037611961365,0.2673163115978241,-0.701589822769165,0.9998033046722412,0.49068307876586914,0.2684212625026703,-0.7014027237892151,0.9998430013656616,0.4843756854534149,0.2697853446006775,-0.7017505168914795,0.9998323321342468,0.5633817315101624,0.2830514907836914,-0.4322952330112457,0.9996557831764221,0.47893422842025757,0.2916935980319977,-0.4169124662876129,0.9998989701271057,0.5375024676322937,0.3483959138393402,-0.6377480626106262,0.9999557733535767,0.49841737747192383,0.34919512271881104,-0.6330268383026123,0.9999696016311646,0.6545819044113159,0.5423796772956848,-0.25334736704826355,0.9996157884597778,0.40017005801200867,0.5499262809753418,-0.2475663274526596,0.9998773336410522,0.7228178381919861,0.862475574016571,-0.1779203563928604,0.9379451870918274,0.3250994384288788,0.8370841145515442,-0.19092905521392822,0.9846227765083313,0.7214651107788086,1.1233237981796265,-0.455324649810791,0.6409590244293213,0.3235635459423065,1.1275708675384521,-0.4625285565853119,0.7775157690048218,0.737244188785553,1.2176487445831299,-0.5348979234695435,0.5061697959899902,0.3059860169887543,1.2276372909545898,-0.5367106795310974,0.6621968150138855,0.7393332719802856,1.1921086311340332,-0.5962628126144409,0.5528181195259094,0.33256763219833374,1.2114821672439575,-0.6090257167816162,0.6840348839759827,0.7263482213020325,1.1611155271530151,-0.490827351808548,0.5688907504081726,0.34782692790031433,1.1630394458770752,-0.4986853301525116,0.7010459303855896,0.620366632938385,1.1635632514953613,-0.038803406059741974,0.23623962700366974,0.4480224549770355,1.1661038398742676,0.04089115932583809,0.27933913469314575,0.6107514500617981,1.6440515518188477,0.07810989767313004,0.0019648384768515825,0.44340986013412476,1.656153917312622,0.17528054118156433,0.0017577529652044177,0.6024829149246216,2.0729055404663086,0.5597420334815979,0.0006773628410883248,0.4381822347640991,2.097385883331299,0.5770653486251831,0.0005172982928343117,0.6062310338020325,2.1387264728546143,0.5857961177825928,0.0005766404792666435,0.4359365999698639,2.16696834564209,0.6045684814453125,0.0010200212709605694,0.5764550566673279,2.220283269882202,0.21167920529842377,0.00036686527892015874,0.4596787691116333,2.241184949874878,0.18459145724773407,0.0010697334073483944,nan,nan,nan,nan,nan,nan,nan,nan,nan,nan,nan,nan,nan,nan,nan,nan,nan,nan,nan,nan,nan,nan,nan,nan,nan,nan,nan,nan,nan,nan,nan,nan,nan,nan,nan,nan,nan,nan,nan,nan,nan,nan,nan,nan,nan,nan,nan,nan,nan,nan,nan,nan,nan,nan,nan,nan,nan,nan,nan,nan,nan,nan,nan,nan,nan,nan,nan,nan,nan,nan,nan,nan,nan,nan,nan,nan,nan,nan,nan,nan,nan,nan,nan,nan,nan,nan,nan,nan,nan,nan,nan,nan,nan,nan,nan,nan,nan,nan,nan,nan,nan,nan,nan,nan,nan,nan,nan,nan,nan,nan,nan,nan,nan,nan,nan,nan,nan,nan,nan,nan,nan,nan,nan,nan,nan,nan
57,57,1,0,0,1.0,0.0,0.0,0.5149820446968079,0.3052845895290375,-0.7382864952087402,0.9999006390571594,0.5303382277488708,0.2655565142631531,-0.7013247013092041,0.9997617602348328,0.5411153435707092,0.26528289914131165,-0.7014293670654297,0.9997739791870117,0.5504881143569946,0.2647227346897125,-0.7015898823738098,0.9997168183326721,0.5001607537269592,0.26725760102272034,-0.7002034783363342,0.999802827835083,0.49089348316192627,0.2683444619178772,-0.6999999284744263,0.9998418092727661,0.48443812131881714,0.2696966826915741,-0.7003360390663147,0.9998283982276917,0.5637178421020508,0.2830454409122467,-0.4327174723148346,0.9996670484542847,0.4789189100265503,0.29157838225364685,-0.41811278462409973,0.9998959302902222,0.5378724336624146,0.348384290933609,-0.637397050857544,0.9999567866325378,0.498531311750412,0.3491860330104828,-0.6328029036521912,0.9999692440032959,0.6546555161476135,0.5424270033836365,-0.2585733234882355,0.9996378421783447,0.39937353134155273,0.5515192151069641,-0.25178736448287964,0.9998747110366821,0.7229872941970825,0.8633096814155579,-0.18757954239845276,0.9349886775016785,0.3243851065635681,0.8425022959709167,-0.1912488341331482,0.9810213446617126,0.7223828434944153,1.125536322593689,-0.4565739035606384,0.603073000907898,0.3162960410118103,1.1361253261566162,-0.45948928594589233,0.7331847548484802,0.7391029596328735,1.2200212478637695,-0.535595178604126,0.4709402322769165,0.3006739020347595,1.2345912456512451,-0.5306719541549683,0.6140726208686829,0.7417514324188232,1.195351004600525,-0.5935600996017456,0.5194024443626404,0.3282274901866913,1.2211567163467407,-0.6010390520095825,0.637895941734314,0.7287159562110901,1.1640323400497437,-0.4904114603996277,0.5342143774032593,0.34750163555145264,1.1787679195404053,-0.4946294128894806,0.6566031575202942,0.6203469038009644,1.164757490158081,-0.042223650962114334,0.21471565961837769,0.44642236828804016,1.1687376499176025,0.044505082070827484,0.25376617908477783,0.6113987565040588,1.652143120765686,0.05651010945439339,0.001859900658018887,0.4427137076854706,1.6653975248336792,0.17739464342594147,0.001635118736885488,0.6039669513702393,2.0855867862701416,0.5276613235473633,0.0006400490528903902,0.437428742647171,2.110351324081421,0.5766813158988953,0.0004757775750476867,0.6079537272453308,2.1540329456329346,0.5525741577148438,0.0005443315021693707,0.43464142084121704,2.1821670532226562,0.6038881540298462,0.000943561433814466,0.5774737596511841,2.2342677116394043,0.18080316483974457,0.00034544107620604336,0.4605351686477661,2.255995750427246,0.18778084218502045,0.0009853860829025507,nan,nan,nan,nan,nan,nan,nan,nan,nan,nan,nan,nan,nan,nan,nan,nan,nan,nan,nan,nan,nan,nan,nan,nan,nan,nan,nan,nan,nan,nan,nan,nan,nan,nan,nan,nan,nan,nan,nan,nan,nan,nan,nan,nan,nan,nan,nan,nan,nan,nan,nan,nan,nan,nan,nan,nan,nan,nan,nan,nan,nan,nan,nan,nan,nan,nan,nan,nan,nan,nan,nan,nan,nan,nan,nan,nan,nan,nan,nan,nan,nan,nan,nan,nan,nan,nan,nan,nan,nan,nan,nan,nan,nan,nan,nan,nan,nan,nan,nan,nan,nan,nan,nan,nan,nan,nan,nan,nan,nan,nan,nan,nan,nan,nan,nan,nan,nan,nan,nan,nan,nan,nan,nan,nan,nan,nan
58,58,1,0,0,1.0,0.0,0.0,0.5152169466018677,0.30515122413635254,-0.7443086504936218,0.9999041557312012,0.5307224988937378,0.2653906047344208,-0.7072572708129883,0.9997684955596924,0.5415661931037903,0.2651549279689789,-0.7073328495025635,0.9997826814651489,0.5508593916893005,0.264607310295105,-0.7075231075286865,0.9997280240058899,0.5003501772880554,0.26712337136268616,-0.7060349583625793,0.9998050928115845,0.4910164177417755,0.26821479201316833,-0.7058013081550598,0.9998431205749512,0.48447129130363464,0.2695687711238861,-0.7061222791671753,0.9998276233673096,0.5641419887542725,0.2830410897731781,-0.4388777017593384,0.9996805787086487,0.4789073169231415,0.29148194193840027,-0.4226134419441223,0.9998949766159058,0.5381438136100769,0.34823864698410034,-0.6441543698310852,0.9999581575393677,0.4985922873020172,0.3490869402885437,-0.6390464305877686,0.9999693632125854,0.6549124121665955,0.5425237417221069,-0.2625076174736023,0.9996601343154907,0.3985136151313782,0.5529663562774658,-0.25485488772392273,0.9998753070831299,0.7232162356376648,0.8661377429962158,-0.1873386800289154,0.9333451986312866,0.32383081316947937,0.8482878804206848,-0.18756113946437836,0.9783709645271301,0.7228712439537048,1.130414366722107,-0.4574756324291229,0.5678867697715759,0.31394875049591064,1.1414740085601807,-0.4553706645965576,0.6947972178459167,0.740071713924408,1.2250853776931763,-0.5358628034591675,0.4387798011302948,0.2979145348072052,1.2404639720916748,-0.5266789197921753,0.572163999080658,0.7423158288002014,1.205261468887329,-0.5944109559059143,0.48886817693710327,0.3284004032611847,1.2258657217025757,-0.5971036553382874,0.5980334877967834,0.7293518781661987,1.1730027198791504,-0.49148789048194885,0.5021845102310181,0.3451615869998932,1.1834295988082886,-0.49046146869659424,0.6181171536445618,0.6202516555786133,1.1694999933242798,-0.04377753287553787,0.19534723460674286,0.4445479214191437,1.172737717628479,0.04614103212952614,0.23082393407821655,0.6114060282707214,1.6610350608825684,0.04949695244431496,0.001768798567354679,0.44212040305137634,1.6741105318069458,0.1763039082288742,0.0015303560066968203,0.6041839718818665,2.0961272716522217,0.5234042406082153,0.0006070055533200502,0.4363766610622406,2.1215217113494873,0.5748779773712158,0.0004395048599690199,0.6083627343177795,2.164947271347046,0.5482946634292603,0.0005134510574862361,0.4332467317581177,2.193559169769287,0.6014928817749023,0.0008761647040955722,0.5771211981773376,2.2446844577789307,0.172396719455719,0.0003278241492807865,0.4598146080970764,2.2675724029541016,0.18338946998119354,0.0009105328936129808,nan,nan,nan,nan,nan,nan,nan,nan,nan,nan,nan,nan,nan,nan,nan,nan,nan,nan,nan,nan,nan,nan,nan,nan,nan,nan,nan,nan,nan,nan,nan,nan,nan,nan,nan,nan,nan,nan,nan,nan,nan,nan,nan,nan,nan,nan,nan,nan,nan,nan,nan,nan,nan,nan,nan,nan,nan,nan,nan,nan,nan,nan,nan,nan,nan,nan,nan,nan,nan,nan,nan,nan,nan,nan,nan,nan,nan,nan,nan,nan,nan,nan,nan,nan,nan,nan,nan,nan,nan,nan,nan,nan,nan,nan,nan,nan,nan,nan,nan,nan,nan,nan,nan,nan,nan,nan,nan,nan,nan,nan,nan,nan,nan,nan,nan,nan,nan,nan,nan,nan,nan,nan,nan,nan,nan,nan
59,59,1,0,0,1.0,0.0,0.0,0.5157439112663269,0.30513623356819153,-0.7531824111938477,0.9999077320098877,0.5314383506774902,0.265282541513443,-0.7160736918449402,0.9997754096984863,0.5423279404640198,0.26504194736480713,-0.7161206603050232,0.9997912645339966,0.5513492822647095,0.26448434591293335,-0.7163208723068237,0.9997389316558838,0.5008066296577454,0.26709800958633423,-0.7163334488868713,0.9998083114624023,0.49136772751808167,0.2681886553764343,-0.7161224484443665,0.9998456835746765,0.4845617115497589,0.26953059434890747,-0.7164356708526611,0.999828577041626,0.5645668506622314,0.2830404043197632,-0.4463196098804474,0.9996930956840515,0.47886544466018677,0.291404128074646,-0.4367474317550659,0.9998952150344849,0.5385279059410095,0.3482249975204468,-0.6526213884353638,0.9999594688415527,0.49881815910339355,0.34907862544059753,-0.649311900138855,0.9999697208404541,0.6550078988075256,0.5426920056343079,-0.26905056834220886,0.9996802806854248,0.3975665271282196,0.5546184182167053,-0.26833271980285645,0.9998759627342224,0.7233609557151794,0.8679934740066528,-0.1971030831336975,0.9328208565711975,0.32366183400154114,0.856035053730011,-0.19812604784965515,0.975625216960907,0.7232437133789062,1.132511019706726,-0.4728524386882782,0.5405402183532715,0.3105800151824951,1.1505283117294312,-0.4693968594074249,0.664140522480011,0.7407297492027283,1.227816104888916,-0.5532837510108948,0.41247114539146423,0.295507550239563,1.2531752586364746,-0.5420383214950562,0.5373485684394836,0.7423936724662781,1.2111202478408813,-0.6127759218215942,0.46464139223098755,0.32266396284103394,1.23313570022583,-0.6134476661682129,0.56554114818573,0.7293797731399536,1.178754448890686,-0.5075154304504395,0.47696006298065186,0.3427659273147583,1.1909260749816895,-0.5047992467880249,0.5872400403022766,0.6203519105911255,1.1731688976287842,-0.04296235367655754,0.1783016473054886,0.44385525584220886,1.1770529747009277,0.04527818411588669,0.2106282263994217,0.6117771863937378,1.665938377380371,0.05972035601735115,0.0016799956792965531,0.44116711616516113,1.6793239116668701,0.17021015286445618,0.0014261770993471146,0.604667603969574,2.1024508476257324,0.5385627150535583,0.0005746958195231855,0.4350077211856842,2.126504898071289,0.5572817325592041,0.0004053113516420126,0.6088716983795166,2.172051429748535,0.564362645149231,0.0004857903113588691,0.43180081248283386,2.198776960372925,0.5828595757484436,0.0008098879479803145,0.5776225328445435,2.2510008811950684,0.19264443218708038,0.0003109642129857093,0.45891624689102173,2.27238392829895,0.16651389002799988,0.0008397220517508686,nan,nan,nan,nan,nan,nan,nan,nan,nan,nan,nan,nan,nan,nan,nan,nan,nan,nan,nan,nan,nan,nan,nan,nan,nan,nan,nan,nan,nan,nan,nan,nan,nan,nan,nan,nan,nan,nan,nan,nan,nan,nan,nan,nan,nan,nan,nan,nan,nan,nan,nan,nan,nan,nan,nan,nan,nan,nan,nan,nan,nan,nan,nan,nan,nan,nan,nan,nan,nan,nan,nan,nan,nan,nan,nan,nan,nan,nan,nan,nan,nan,nan,nan,nan,nan,nan,nan,nan,nan,nan,nan,nan,nan,nan,nan,nan,nan,nan,nan,nan,nan,nan,nan,nan,nan,nan,nan,nan,nan,nan,nan,nan,nan,nan,nan,nan,nan,nan,nan,nan,nan,nan,nan,nan,nan,nan
60,60,1,0,0,1.0,0.0,0.0,0.5164066553115845,0.3051243722438812,-0.8082713484764099,0.9999103546142578,0.5320858955383301,0.2652435004711151,-0.7686175107955933,0.9997803568840027,0.5429285168647766,0.2650017738342285,-0.7687287330627441,0.9997988343238831,0.551708459854126,0.26443466544151306,-0.7689281702041626,0.9997476935386658,0.501396656036377,0.26708608865737915,-0.7700074911117554,0.9998094439506531,0.49194076657295227,0.2681748867034912,-0.769848108291626,0.9998470544815063,0.48475489020347595,0.26950737833976746,-0.7701976299285889,0.9998270869255066,0.5647374987602234,0.2830400764942169,-0.48212024569511414,0.9997023940086365,0.4788472354412079,0.2913804352283478,-0.47808539867401123,0.9998934268951416,0.5389277935028076,0.34821105003356934,-0.7013347744941711,0.9999603033065796,0.4992787539958954,0.3490751385688782,-0.6997421979904175,0.9999696016311646,0.655012845993042,0.542694628238678,-0.2945229113101959,0.9996982216835022,0.3970656096935272,0.5564056038856506,-0.2964555025100708,0.9998728632926941,0.7234986424446106,0.8679785132408142,-0.23463259637355804,0.9316742420196533,0.3232232332229614,0.8630142211914062,-0.20256288349628448,0.9734013080596924,0.7234446406364441,1.1321306228637695,-0.550225019454956,0.5126539468765259,0.3056015968322754,1.154617428779602,-0.49437856674194336,0.6296194791793823,0.7413721680641174,1.227441430091858,-0.6376378536224365,0.38553380966186523,0.2917405366897583,1.2559810876846313,-0.5706506371498108,0.49974575638771057,0.7418329119682312,1.2091063261032104,-0.7019062638282776,0.43838945031166077,0.3262387812137604,1.2290053367614746,-0.6421223282814026,0.528937578201294,0.7289390563964844,1.1765154600143433,-0.5874998569488525,0.449080228805542,0.335103839635849,1.193151831626892,-0.5300778150558472,0.5514734983444214,0.621260941028595,1.1748740673065186,-0.042549338191747665,0.16360639035701752,0.4442158639431,1.1808960437774658,0.04480842128396034,0.19312620162963867,0.6119928359985352,1.6670929193496704,0.07851635664701462,0.001735516358166933,0.4415355324745178,1.6818655729293823,0.18507911264896393,0.0014112221542745829,0.6050544381141663,2.101590871810913,0.5717989802360535,0.0006061925087124109,0.43647366762161255,2.128946304321289,0.59738689661026,0.0003983631613664329,0.6093137264251709,2.171420097351074,0.5987146496772766,0.0005134848179295659,0.43355992436408997,2.201289176940918,0.625365138053894,0.0008071109768934548,0.5782857537269592,2.250502586364746,0.21269360184669495,0.0003244621038902551,0.4590926170349121,2.2747485637664795,0.19955387711524963,0.0008157594711519778,nan,nan,nan,nan,nan,nan,nan,nan,nan,nan,nan,nan,nan,nan,nan,nan,nan,nan,nan,nan,nan,nan,nan,nan,nan,nan,nan,nan,nan,nan,nan,nan,nan,nan,nan,nan,nan,nan,nan,nan,nan,nan,nan,nan,nan,nan,nan,nan,nan,nan,nan,nan,nan,nan,nan,nan,nan,nan,nan,nan,nan,nan,nan,nan,nan,nan,nan,nan,nan,nan,nan,nan,nan,nan,nan,nan,nan,nan,nan,nan,nan,nan,nan,nan,nan,nan,nan,nan,nan,nan,nan,nan,nan,nan,nan,nan,nan,nan,nan,nan,nan,nan,nan,nan,nan,nan,nan,nan,nan,nan,nan,nan,nan,nan,nan,nan,nan,nan,nan,nan,nan,nan,nan,nan,nan,nan
61,61,1,0,0,1.0,0.0,0.0,0.5167025923728943,0.3051165044307709,-0.8232828974723816,0.9999125599861145,0.5323450565338135,0.26522549986839294,-0.7841678261756897,0.9997853636741638,0.5431421399116516,0.2649708688259125,-0.7842704653739929,0.9998050928115845,0.5518518686294556,0.2643909752368927,-0.78443843126297,0.999755859375,0.5017067790031433,0.26707708835601807,-0.7845738530158997,0.999811589717865,0.4922681450843811,0.26817286014556885,-0.7844237685203552,0.9998486042022705,0.48487040400505066,0.2695032060146332,-0.784782350063324,0.9998273253440857,0.5647839307785034,0.2830408811569214,-0.4967777729034424,0.9997117519378662,0.47883427143096924,0.291375994682312,-0.48806363344192505,0.9998922348022461,0.539110004901886,0.34820088744163513,-0.7159982323646545,0.9999611973762512,0.49952787160873413,0.3490961790084839,-0.7130385637283325,0.9999696016311646,0.6550179719924927,0.5427577495574951,-0.30610984563827515,0.9997134208679199,0.39686837792396545,0.5575404763221741,-0.30029112100601196,0.9998710751533508,0.7236669659614563,0.8681643605232239,-0.24066905677318573,0.9323327541351318,0.3232046663761139,0.8653994798660278,-0.20940111577510834,0.972220242023468,0.7235940098762512,1.1317132711410522,-0.551026463508606,0.4940105676651001,0.30307304859161377,1.153659462928772,-0.5049641132354736,0.6065165996551514,0.7417951226234436,1.227405309677124,-0.6385803818702698,0.3656977713108063,0.28776854276657104,1.2492806911468506,-0.583245575428009,0.4727229177951813,0.7413420081138611,1.2085741758346558,-0.7042633295059204,0.4200837016105652,0.3099229335784912,1.2344914674758911,-0.6536308526992798,0.5039210319519043,0.7284669876098633,1.1763228178024292,-0.5887477993965149,0.4296174645423889,0.32299238443374634,1.1897674798965454,-0.5417954921722412,0.5281078219413757,0.6222275495529175,1.173518419265747,-0.04350030794739723,0.1509193480014801,0.44445371627807617,1.1800696849822998,0.045740026980638504,0.17808830738067627,0.6120752692222595,1.6651653051376343,0.07943045347929001,0.0017423657700419426,0.44187816977500916,1.67897367477417,0.18757078051567078,0.001369852339848876,0.605377733707428,2.0978200435638428,0.5718130469322205,0.0006098023732192814,0.43742141127586365,2.1240732669830322,0.6042017936706543,0.0003845052851829678,0.6097707748413086,2.1659648418426514,0.5987392663955688,0.0005140745779499412,0.4346562325954437,2.194643974304199,0.6326810121536255,0.000788126839324832,0.5784615278244019,2.246093511581421,0.21362601220607758,0.00032659032149240375,0.46020907163619995,2.2695205211639404,0.20580564439296722,0.0007821556064300239,nan,nan,nan,nan,nan,nan,nan,nan,nan,nan,nan,nan,nan,nan,nan,nan,nan,nan,nan,nan,nan,nan,nan,nan,nan,nan,nan,nan,nan,nan,nan,nan,nan,nan,nan,nan,nan,nan,nan,nan,nan,nan,nan,nan,nan,nan,nan,nan,nan,nan,nan,nan,nan,nan,nan,nan,nan,nan,nan,nan,nan,nan,nan,nan,nan,nan,nan,nan,nan,nan,nan,nan,nan,nan,nan,nan,nan,nan,nan,nan,nan,nan,nan,nan,nan,nan,nan,nan,nan,nan,nan,nan,nan,nan,nan,nan,nan,nan,nan,nan,nan,nan,nan,nan,nan,nan,nan,nan,nan,nan,nan,nan,nan,nan,nan,nan,nan,nan,nan,nan,nan,nan,nan,nan,nan,nan
62,62,1,0,0,1.0,0.0,0.0,0.5171576738357544,0.30501267313957214,-0.8000285029411316,0.9999148845672607,0.5328066945075989,0.2650362253189087,-0.7620362043380737,0.9997903108596802,0.5436128973960876,0.2647707462310791,-0.7621492147445679,0.9998108744621277,0.5521115064620972,0.2641814947128296,-0.7622678279876709,0.9997640252113342,0.5021123886108398,0.26699450612068176,-0.7616158127784729,0.9998132586479187,0.4926866292953491,0.2681030333042145,-0.7614643573760986,0.9998493790626526,0.4850047528743744,0.2694091498851776,-0.761833131313324,0.9998267292976379,0.5649062991142273,0.28301945328712463,-0.4802769422531128,0.9997206330299377,0.47882458567619324,0.29120969772338867,-0.46896636486053467,0.9998908638954163,0.5393449068069458,0.3479444980621338,-0.6947547793388367,0.9999622702598572,0.49974796175956726,0.34900546073913574,-0.6913172006607056,0.9999696612358093,0.6549424529075623,0.5427629351615906,-0.2918306291103363,0.9997318983078003,0.39657673239707947,0.5580520629882812,-0.2915889024734497,0.9998710751533508,0.7237623333930969,0.8681243062019348,-0.22133395075798035,0.9335299730300903,0.3231715261936188,0.8708164691925049,-0.21138285100460052,0.9706929326057434,0.7241843938827515,1.132986068725586,-0.5182760953903198,0.4769286811351776,0.3021787106990814,1.1595547199249268,-0.4999614357948303,0.5843106508255005,0.7424784302711487,1.2294765710830688,-0.602723240852356,0.347746342420578,0.28813445568084717,1.2568362951278687,-0.5757113695144653,0.44716283679008484,0.7429574728012085,1.2141019105911255,-0.6662291884422302,0.40403783321380615,0.31185799837112427,1.239378809928894,-0.6525533199310303,0.4799279272556305,0.7298179864883423,1.1814287900924683,-0.554556667804718,0.41252702474594116,0.3229042589664459,1.198251485824585,-0.5386480689048767,0.5055718421936035,0.6233080625534058,1.173533320426941,-0.043595850467681885,0.1394042670726776,0.4445260465145111,1.1823956966400146,0.04584918171167374,0.16397029161453247,0.6158132553100586,1.6684719324111938,0.07710602879524231,0.0016847201623022556,0.4440996050834656,1.685899019241333,0.1878252625465393,0.0012969712261110544,0.6131260395050049,2.104557991027832,0.5713552832603455,0.0005836480995640159,0.44214126467704773,2.1327764987945557,0.602620542049408,0.0003588333202060312,0.6184523105621338,2.173935890197754,0.5982649922370911,0.0004892838187515736,0.43883928656578064,2.2036550045013428,0.6310664415359497,0.0007378761656582355,0.5871386528015137,2.2531726360321045,0.21495211124420166,0.0003113360144197941,0.4688366651535034,2.2804322242736816,0.2062864452600479,0.0007270626956596971,nan,nan,nan,nan,nan,nan,nan,nan,nan,nan,nan,nan,nan,nan,nan,nan,nan,nan,nan,nan,nan,nan,nan,nan,nan,nan,nan,nan,nan,nan,nan,nan,nan,nan,nan,nan,nan,nan,nan,nan,nan,nan,nan,nan,nan,nan,nan,nan,nan,nan,nan,nan,nan,nan,nan,nan,nan,nan,nan,nan,nan,nan,nan,nan,nan,nan,nan,nan,nan,nan,nan,nan,nan,nan,nan,nan,nan,nan,nan,nan,nan,nan,nan,nan,nan,nan,nan,nan,nan,nan,nan,nan,nan,nan,nan,nan,nan,nan,nan,nan,nan,nan,nan,nan,nan,nan,nan,nan,nan,nan,nan,nan,nan,nan,nan,nan,nan,nan,nan,nan,nan,nan,nan,nan,nan,nan
63,63,1,0,0,1.0,0.0,0.0,0.5171900987625122,0.3049117922782898,-0.816127598285675,0.9999150037765503,0.5328636765480042,0.26483577489852905,-0.7768976092338562,0.9997897148132324,0.5436538457870483,0.2645607888698578,-0.7770020365715027,0.9998127818107605,0.5521489381790161,0.26396745443344116,-0.7771564722061157,0.99976646900177,0.5021917819976807,0.26691290736198425,-0.7779890894889832,0.999809980392456,0.49277085065841675,0.2680356204509735,-0.7778639197349548,0.9998472929000854,0.4850222170352936,0.26932355761528015,-0.7782275676727295,0.9998219013214111,0.564932107925415,0.2829902172088623,-0.49125999212265015,0.9997230768203735,0.4788166582584381,0.29106253385543823,-0.48575156927108765,0.9998860955238342,0.5393521785736084,0.34770774841308594,-0.7097762823104858,0.9999619722366333,0.4997556805610657,0.3488863706588745,-0.7077715992927551,0.999968409538269,0.6549225449562073,0.5428767204284668,-0.3040361702442169,0.9997420907020569,0.3965234160423279,0.558189868927002,-0.3014967739582062,0.9998648166656494,0.7240157127380371,0.8680412769317627,-0.23080885410308838,0.9349547624588013,0.32321274280548096,0.8706272840499878,-0.21274606883525848,0.9688538908958435,0.7240949869155884,1.133811354637146,-0.5205481648445129,0.4652901887893677,0.3000752925872803,1.1605943441390991,-0.5036542415618896,0.5670154094696045,0.7422813177108765,1.2304298877716064,-0.6038912534713745,0.3346419930458069,0.2858903110027313,1.2570149898529053,-0.5802189707756042,0.42719751596450806,0.7428832054138184,1.2153300046920776,-0.6700455546379089,0.3926657438278198,0.3117868900299072,1.233750343322754,-0.6575422286987305,0.46166783571243286,0.7296939492225647,1.1826238632202148,-0.5575854182243347,0.40076062083244324,0.3213518261909485,1.1976608037948608,-0.5428532361984253,0.48940157890319824,0.6233782172203064,1.1729704141616821,-0.043354786932468414,0.1299206167459488,0.4447382092475891,1.181697964668274,0.0455818697810173,0.15261372923851013,0.6156032085418701,1.6665469408035278,0.07913518697023392,0.001690132892690599,0.4433225393295288,1.682448387145996,0.17826060950756073,0.0012713533360511065,0.6115525960922241,2.100682020187378,0.5733003616333008,0.0005968799232505262,0.4399978518486023,2.127180576324463,0.5785893797874451,0.00035243353340774775,0.6164906024932861,2.1690244674682617,0.6000576615333557,0.0004951801965944469,0.4370427131652832,2.1972386837005615,0.6051931977272034,0.0007276252727024257,0.5853812098503113,2.2487499713897705,0.21747373044490814,0.00031440609018318355,0.4654146730899811,2.273690700531006,0.18410375714302063,0.000701524259056896,nan,nan,nan,nan,nan,nan,nan,nan,nan,nan,nan,nan,nan,nan,nan,nan,nan,nan,nan,nan,nan,nan,nan,nan,nan,nan,nan,nan,nan,nan,nan,nan,nan,nan,nan,nan,nan,nan,nan,nan,nan,nan,nan,nan,nan,nan,nan,nan,nan,nan,nan,nan,nan,nan,nan,nan,nan,nan,nan,nan,nan,nan,nan,nan,nan,nan,nan,nan,nan,nan,nan,nan,nan,nan,nan,nan,nan,nan,nan,nan,nan,nan,nan,nan,nan,nan,nan,nan,nan,nan,nan,nan,nan,nan,nan,nan,nan,nan,nan,nan,nan,nan,nan,nan,nan,nan,nan,nan,nan,nan,nan,nan,nan,nan,nan,nan,nan,nan,nan,nan,nan,nan,nan,nan,nan,nan
64,64,1,0,0,1.0,0.0,0.0,0.5171734094619751,0.3045177459716797,-0.8092299699783325,0.9999162554740906,0.5328607559204102,0.26442956924438477,-0.7699217796325684,0.9997932314872742,0.543648898601532,0.2641899287700653,-0.7699775099754333,0.9998155832290649,0.5521500706672668,0.26365596055984497,-0.7701711654663086,0.9997720718383789,0.5021968483924866,0.26665493845939636,-0.7710432410240173,0.9998115301132202,0.4927755892276764,0.2678193747997284,-0.770844042301178,0.9998472332954407,0.48502689599990845,0.2691079378128052,-0.7711659669876099,0.9998223185539246,0.5649294257164001,0.28294846415519714,-0.4904591143131256,0.9997289776802063,0.47879037261009216,0.29073280096054077,-0.48303675651550293,0.9998850226402283,0.539301872253418,0.3472521901130676,-0.7076252698898315,0.9999628067016602,0.49969181418418884,0.34847792983055115,-0.7044116258621216,0.999968409538269,0.6548569202423096,0.543046772480011,-0.2947394549846649,0.9997535943984985,0.3964599072933197,0.5585998892784119,-0.29788050055503845,0.9998641014099121,0.724021315574646,0.8679854869842529,-0.2220105230808258,0.9370726943016052,0.3234192728996277,0.8729043006896973,-0.20826661586761475,0.9681835770606995,0.7240714430809021,1.1366738080978394,-0.5015712976455688,0.460657000541687,0.3022313714027405,1.1594090461730957,-0.4978489279747009,0.56288081407547,0.7421430945396423,1.2336918115615845,-0.5851168036460876,0.328572154045105,0.2875194251537323,1.2555153369903564,-0.5743663311004639,0.42032644152641296,0.7425664067268372,1.2207289934158325,-0.6504247784614563,0.38904157280921936,0.30821195244789124,1.2377203702926636,-0.656110942363739,0.457000732421875,0.7295628786087036,1.1884039640426636,-0.5384007096290588,0.3976271152496338,0.32194510102272034,1.1977828741073608,-0.5389130711555481,0.48738330602645874,0.6229487061500549,1.1739598512649536,-0.04449104145169258,0.12217764556407928,0.4445289969444275,1.1820073127746582,0.046719588339328766,0.14309102296829224,0.614833652973175,1.6679105758666992,0.07175089418888092,0.0016169073060154915,0.4429287016391754,1.6835861206054688,0.1771240383386612,0.0012012587394565344,0.6091134548187256,2.103574752807617,0.5667541027069092,0.0005681003094650805,0.4382694959640503,2.1288490295410156,0.5768961310386658,0.0003298955853097141,0.61395663022995,2.170666456222534,0.5931946635246277,0.0004659885889850557,0.4354058504104614,2.197951316833496,0.6038081049919128,0.0006805957527831197,0.58201664686203,2.2511470317840576,0.21201686561107635,0.0002988416817970574,0.4617775082588196,2.275571823120117,0.18261046707630157,0.0006544839707203209,nan,nan,nan,nan,nan,nan,nan,nan,nan,nan,nan,nan,nan,nan,nan,nan,nan,nan,nan,nan,nan,nan,nan,nan,nan,nan,nan,nan,nan,nan,nan,nan,nan,nan,nan,nan,nan,nan,nan,nan,nan,nan,nan,nan,nan,nan,nan,nan,nan,nan,nan,nan,nan,nan,nan,nan,nan,nan,nan,nan,nan,nan,nan,nan,nan,nan,nan,nan,nan,nan,nan,nan,nan,nan,nan,nan,nan,nan,nan,nan,nan,nan,nan,nan,nan,nan,nan,nan,nan,nan,nan,nan,nan,nan,nan,nan,nan,nan,nan,nan,nan,nan,nan,nan,nan,nan,nan,nan,nan,nan,nan,nan,nan,nan,nan,nan,nan,nan,nan,nan,nan,nan,nan,nan,nan,nan
65,65,1,0,0,1.0,0.0,0.0,0.5169750452041626,0.30453696846961975,-0.7990096211433411,0.9999154806137085,0.5327988862991333,0.2644014060497284,-0.7600075006484985,0.9997921586036682,0.5435671210289001,0.26416441798210144,-0.7600829005241394,0.9998143911361694,0.5521239042282104,0.2636371850967407,-0.760252058506012,0.9997723698616028,0.502178430557251,0.26665452122688293,-0.7608270645141602,0.999808669090271,0.49276289343833923,0.2678205370903015,-0.7606475949287415,0.9998438954353333,0.4850153923034668,0.26909637451171875,-0.7609859108924866,0.9998186826705933,0.5649138689041138,0.282927930355072,-0.480773389339447,0.9997283220291138,0.4787810742855072,0.29065170884132385,-0.4729469418525696,0.9998815059661865,0.5390360355377197,0.3472333550453186,-0.6964578628540039,0.9999624490737915,0.49950477480888367,0.3485022485256195,-0.693327009677887,0.9999674558639526,0.6547682881355286,0.5432010889053345,-0.2907409965991974,0.9997599124908447,0.3964332640171051,0.5586949586868286,-0.29328829050064087,0.9998583793640137,0.7237009406089783,0.8679924011230469,-0.21767406165599823,0.9386559724807739,0.32404425740242004,0.8764001727104187,-0.20953604578971863,0.9671064019203186,0.7233219742774963,1.1365078687667847,-0.5043342709541321,0.46577271819114685,0.301169216632843,1.1627181768417358,-0.5020639896392822,0.5643362402915955,0.7403277158737183,1.2333678007125854,-0.5887303352355957,0.33142542839050293,0.2825121283531189,1.257439136505127,-0.5792437791824341,0.41986921429634094,0.7422403693199158,1.2198967933654785,-0.6544502377510071,0.3944133222103119,0.30472296476364136,1.2342989444732666,-0.6626615524291992,0.45894673466682434,0.7286652326583862,1.1875685453414917,-0.5414744019508362,0.4035520553588867,0.3167484998703003,1.1988155841827393,-0.5391168594360352,0.49168461561203003,0.6226892471313477,1.1737639904022217,-0.04441065341234207,0.11555326730012894,0.44447359442710876,1.1817905902862549,0.04663874953985214,0.1349642127752304,0.61482834815979,1.6673698425292969,0.0729997456073761,0.0015781659167259932,0.4429924786090851,1.6823153495788574,0.15777666866779327,0.001151558361016214,0.608995795249939,2.102086067199707,0.5640095472335815,0.0005562808364629745,0.43826764822006226,2.1264255046844482,0.5386972427368164,0.0003157159371767193,0.6138558983802795,2.1684892177581787,0.5897715091705322,0.0004499574424698949,0.43552038073539734,2.195079803466797,0.5640241503715515,0.0006499769515357912,0.5817976593971252,2.2490241527557373,0.2126394510269165,0.00029071173048578203,0.46129655838012695,2.2726709842681885,0.14846763014793396,0.0006236953195184469,nan,nan,nan,nan,nan,nan,nan,nan,nan,nan,nan,nan,nan,nan,nan,nan,nan,nan,nan,nan,nan,nan,nan,nan,nan,nan,nan,nan,nan,nan,nan,nan,nan,nan,nan,nan,nan,nan,nan,nan,nan,nan,nan,nan,nan,nan,nan,nan,nan,nan,nan,nan,nan,nan,nan,nan,nan,nan,nan,nan,nan,nan,nan,nan,nan,nan,nan,nan,nan,nan,nan,nan,nan,nan,nan,nan,nan,nan,nan,nan,nan,nan,nan,nan,nan,nan,nan,nan,nan,nan,nan,nan,nan,nan,nan,nan,nan,nan,nan,nan,nan,nan,nan,nan,nan,nan,nan,nan,nan,nan,nan,nan,nan,nan,nan,nan,nan,nan,nan,nan,nan,nan,nan,nan,nan,nan
66,66,1,0,0,1.0,0.0,0.0,0.51692134141922,0.30448657274246216,-0.7771797180175781,0.9999147653579712,0.5327310562133789,0.26431339979171753,-0.7381868958473206,0.9997907876968384,0.5434570908546448,0.2640429437160492,-0.7382959723472595,0.99981290102005,0.552071213722229,0.2634955644607544,-0.7384354472160339,0.9997722506523132,0.5021733045578003,0.2666427195072174,-0.7408403754234314,0.9998061656951904,0.492764413356781,0.2678089737892151,-0.740671694278717,0.9998409748077393,0.4850160777568817,0.26908397674560547,-0.7410314679145813,0.9998154044151306,0.564810037612915,0.2828370928764343,-0.46166181564331055,0.9997276067733765,0.47876983880996704,0.290637731552124,-0.46258825063705444,0.9998787641525269,0.5389638543128967,0.34712401032447815,-0.6755500435829163,0.9999620318412781,0.49950069189071655,0.34847599267959595,-0.6749348044395447,0.999966561794281,0.6546141505241394,0.5431222319602966,-0.28281456232070923,0.9997669458389282,0.39643776416778564,0.5591850280761719,-0.2886195480823517,0.9998535513877869,0.7234689593315125,0.8674131631851196,-0.20798516273498535,0.9398002028465271,0.32540786266326904,0.8797848224639893,-0.20997945964336395,0.9656095504760742,0.721960186958313,1.1363435983657837,-0.49296167492866516,0.4685154855251312,0.3025945723056793,1.162133812904358,-0.5040095448493958,0.5630568265914917,0.7372972369194031,1.2332757711410522,-0.5770915746688843,0.3340837061405182,0.28525254130363464,1.256678581237793,-0.5818501114845276,0.4183349907398224,0.7145051956176758,1.2185784578323364,-0.6444069147109985,0.39954039454460144,0.30710655450820923,1.2362223863601685,-0.6636365056037903,0.4592556655406952,0.7275398969650269,1.1854653358459473,-0.530798614025116,0.4089084267616272,0.3203600347042084,1.1979070901870728,-0.5419894456863403,0.4940590262413025,0.6226478815078735,1.1729642152786255,-0.04348290339112282,0.10940557718276978,0.4445352852344513,1.181433081626892,0.045692894607782364,0.12735897302627563,0.6153460144996643,1.6664544343948364,0.07375593483448029,0.001514297560788691,0.44393572211265564,1.6813554763793945,0.14184756577014923,0.0010888875694945455,0.6094303727149963,2.100468873977661,0.5603071451187134,0.0005374487373046577,0.43862733244895935,2.1248862743377686,0.5116825699806213,0.0002994890382979065,0.6143580675125122,2.1669673919677734,0.5857248902320862,0.0004296125553082675,0.43595924973487854,2.193211078643799,0.5361623764038086,0.0006128602544777095,0.5821789503097534,2.247347116470337,0.21328850090503693,0.0002801801892928779,0.4615339934825897,2.2707130908966064,0.12415468692779541,0.0005888178711757064,nan,nan,nan,nan,nan,nan,nan,nan,nan,nan,nan,nan,nan,nan,nan,nan,nan,nan,nan,nan,nan,nan,nan,nan,nan,nan,nan,nan,nan,nan,nan,nan,nan,nan,nan,nan,nan,nan,nan,nan,nan,nan,nan,nan,nan,nan,nan,nan,nan,nan,nan,nan,nan,nan,nan,nan,nan,nan,nan,nan,nan,nan,nan,nan,nan,nan,nan,nan,nan,nan,nan,nan,nan,nan,nan,nan,nan,nan,nan,nan,nan,nan,nan,nan,nan,nan,nan,nan,nan,nan,nan,nan,nan,nan,nan,nan,nan,nan,nan,nan,nan,nan,nan,nan,nan,nan,nan,nan,nan,nan,nan,nan,nan,nan,nan,nan,nan,nan,nan,nan,nan,nan,nan,nan,nan,nan
67,67,1,0,0,1.0,0.0,0.0,0.5168984532356262,0.3044762909412384,-0.7723413109779358,0.9999107718467712,0.5326862335205078,0.2642870247364044,-0.73429274559021,0.9997796416282654,0.5433855056762695,0.2640163004398346,-0.7344143390655518,0.9998050928115845,0.5520320534706116,0.2634674906730652,-0.7345671057701111,0.9997625946998596,0.5021709203720093,0.26664093136787415,-0.7368119359016418,0.9997931718826294,0.49276673793792725,0.26781731843948364,-0.736678421497345,0.9998313188552856,0.48501646518707275,0.26909974217414856,-0.7370629906654358,0.9998024106025696,0.5647589564323425,0.282830148935318,-0.460302472114563,0.9997166991233826,0.47876036167144775,0.2906455993652344,-0.46173056960105896,0.9998696446418762,0.5389276146888733,0.34710752964019775,-0.6709439754486084,0.9999597072601318,0.4995019733905792,0.34850838780403137,-0.6703816652297974,0.9999637603759766,0.6545745134353638,0.5431296825408936,-0.27764540910720825,0.9997676610946655,0.39642494916915894,0.5591763854026794,-0.28723254799842834,0.9998458027839661,0.7230272889137268,0.8673905730247498,-0.19654443860054016,0.940340518951416,0.32734015583992004,0.8786060810089111,-0.20028406381607056,0.9630069136619568,0.7211460471153259,1.1368228197097778,-0.473143994808197,0.46364691853523254,0.30326563119888306,1.1616240739822388,-0.4845565855503082,0.5561827421188354,0.7359358668327332,1.2330982685089111,-0.5517920851707458,0.3292750418186188,0.2865029573440552,1.2545799016952515,-0.5612930059432983,0.41077566146850586,0.7163521647453308,1.217499017715454,-0.6203981041908264,0.3964000940322876,0.304878830909729,1.2399489879608154,-0.6447324752807617,0.45359960198402405,0.7254325747489929,1.1843440532684326,-0.5108838677406311,0.4053367078304291,0.32095104455947876,1.194750189781189,-0.525158166885376,0.4891394078731537,0.6215935945510864,1.172481656074524,-0.041265781968832016,0.10360690206289291,0.44405242800712585,1.1807286739349365,0.043410077691078186,0.1203775405883789,0.6126548051834106,1.6659311056137085,0.07429063320159912,0.0015161377377808094,0.44137030839920044,1.6774519681930542,0.12004225701093674,0.0010645684087648988,0.6031174659729004,2.1000077724456787,0.5516179203987122,0.0005396480555646122,0.433035284280777,2.1202738285064697,0.4768848121166229,0.00029376865131780505,0.6070159077644348,2.1665070056915283,0.5765226483345032,0.00042763131204992533,0.430574893951416,2.188570976257324,0.49965041875839233,0.0005976684624329209,0.5754848718643188,2.246248245239258,0.2118009775876999,0.00027984179905615747,0.4536705017089844,2.2643415927886963,0.09388075768947601,0.0005686193471774459,nan,nan,nan,nan,nan,nan,nan,nan,nan,nan,nan,nan,nan,nan,nan,nan,nan,nan,nan,nan,nan,nan,nan,nan,nan,nan,nan,nan,nan,nan,nan,nan,nan,nan,nan,nan,nan,nan,nan,nan,nan,nan,nan,nan,nan,nan,nan,nan,nan,nan,nan,nan,nan,nan,nan,nan,nan,nan,nan,nan,nan,nan,nan,nan,nan,nan,nan,nan,nan,nan,nan,nan,nan,nan,nan,nan,nan,nan,nan,nan,nan,nan,nan,nan,nan,nan,nan,nan,nan,nan,nan,nan,nan,nan,nan,nan,nan,nan,nan,nan,nan,nan,nan,nan,nan,nan,nan,nan,nan,nan,nan,nan,nan,nan,nan,nan,nan,nan,nan,nan,nan,nan,nan,nan,nan,nan
68,68,1,0,0,1.0,0.0,0.0,0.5168607831001282,0.30392691493034363,-0.7581736445426941,0.9999101758003235,0.5326535701751709,0.26379063725471497,-0.7197757959365845,0.9997766017913818,0.5433419942855835,0.2635776102542877,-0.7198861241340637,0.9998030662536621,0.5520111918449402,0.2630949318408966,-0.7200137376785278,0.9997602105140686,0.5021622776985168,0.2662128210067749,-0.7217889428138733,0.9997898936271667,0.4927605390548706,0.26745089888572693,-0.7216358780860901,0.9998290538787842,0.4850078523159027,0.2687561511993408,-0.7220262885093689,0.999799370765686,0.5647317171096802,0.282732754945755,-0.44726964831352234,0.9997128248214722,0.4787435829639435,0.29038628935813904,-0.4471033215522766,0.9998670220375061,0.5389056205749512,0.3463400602340698,-0.6574326157569885,0.9999586939811707,0.49947670102119446,0.34774839878082275,-0.6565183997154236,0.9999627470970154,0.6545083522796631,0.5430740118026733,-0.265796422958374,0.9997681379318237,0.3964497148990631,0.5590704083442688,-0.28217780590057373,0.9998425245285034,0.7226161360740662,0.867434024810791,-0.17869147658348083,0.940579891204834,0.32942479848861694,0.8781949877738953,-0.20229560136795044,0.9613808989524841,0.7197097539901733,1.1373234987258911,-0.4448224902153015,0.4576026499271393,0.30514419078826904,1.1593986749649048,-0.48710283637046814,0.5518891215324402,0.7342949509620667,1.2333903312683105,-0.5210700631141663,0.3246905505657196,0.2880590558052063,1.2536970376968384,-0.5642092227935791,0.4066522717475891,0.7181491255760193,1.2169743776321411,-0.5880529880523682,0.39323267340660095,0.3071903586387634,1.2398059368133545,-0.6447161436080933,0.4507703185081482,0.7243129014968872,1.1842809915542603,-0.4817905128002167,0.4020184874534607,0.3222077488899231,1.1932892799377441,-0.5268344283103943,0.48724326491355896,0.6213797926902771,1.17206871509552,-0.039016950875520706,0.09846728295087814,0.4440806806087494,1.1803388595581055,0.04114159941673279,0.11426270753145218,0.6123095750808716,1.6657012701034546,0.07464758306741714,0.0014756122836843133,0.44132304191589355,1.6766279935836792,0.11627677083015442,0.0010244373697787523,0.6021912097930908,2.0998082160949707,0.5502340197563171,0.0005297574098221958,0.4323837161064148,2.1196694374084473,0.4730296730995178,0.00028467917582020164,0.6059837937355042,2.165605068206787,0.5750022530555725,0.00041520208469592035,0.42975518107414246,2.1874396800994873,0.4958324134349823,0.0005734696751460433,0.5745895504951477,2.2458014488220215,0.21122343838214874,0.00027584072086028755,0.4527580738067627,2.263273239135742,0.08771394938230515,0.0005453237681649625,nan,nan,nan,nan,nan,nan,nan,nan,nan,nan,nan,nan,nan,nan,nan,nan,nan,nan,nan,nan,nan,nan,nan,nan,nan,nan,nan,nan,nan,nan,nan,nan,nan,nan,nan,nan,nan,nan,nan,nan,nan,nan,nan,nan,nan,nan,nan,nan,nan,nan,nan,nan,nan,nan,nan,nan,nan,nan,nan,nan,nan,nan,nan,nan,nan,nan,nan,nan,nan,nan,nan,nan,nan,nan,nan,nan,nan,nan,nan,nan,nan,nan,nan,nan,nan,nan,nan,nan,nan,nan,nan,nan,nan,nan,nan,nan,nan,nan,nan,nan,nan,nan,nan,nan,nan,nan,nan,nan,nan,nan,nan,nan,nan,nan,nan,nan,nan,nan,nan,nan,nan,nan,nan,nan,nan,nan
69,69,1,0,0,1.0,0.0,0.0,0.5168431401252747,0.30337369441986084,-0.7529788613319397,0.9999086260795593,0.5326328873634338,0.26319620013237,-0.7134833335876465,0.9997718334197998,0.5433143377304077,0.2630407214164734,-0.7136168479919434,0.9997978806495667,0.5519925951957703,0.2626306414604187,-0.7137398719787598,0.9997554421424866,0.5021530389785767,0.2657039165496826,-0.715726912021637,0.9997851848602295,0.49274927377700806,0.26699191331863403,-0.7155634760856628,0.9998244047164917,0.48498624563217163,0.2683245539665222,-0.7159371376037598,0.9997944831848145,0.564685046672821,0.2825646996498108,-0.4387407898902893,0.9997023344039917,0.4786696135997772,0.29010629653930664,-0.4388892352581024,0.9998628497123718,0.5388909578323364,0.3456065058708191,-0.6518641710281372,0.9999577403068542,0.49944165349006653,0.34702950716018677,-0.6511900424957275,0.9999617338180542,0.6542226672172546,0.5426605343818665,-0.2619047462940216,0.9997713565826416,0.39635396003723145,0.5592140555381775,-0.2772771418094635,0.9998394250869751,0.7220858335494995,0.8669466972351074,-0.18040968477725983,0.9400596618652344,0.3314753770828247,0.8819241523742676,-0.20356151461601257,0.9603523015975952,0.7192659974098206,1.1354398727416992,-0.4523707628250122,0.4557648301124573,0.30667632818222046,1.1657073497772217,-0.4906880557537079,0.5505369901657104,0.733099639415741,1.2321819067001343,-0.5299978256225586,0.32336318492889404,0.28971046209335327,1.2585910558700562,-0.5680885314941406,0.4040854871273041,0.7070760726928711,1.2158610820770264,-0.5968912243843079,0.39341944456100464,0.31084755063056946,1.2492376565933228,-0.6470139622688293,0.44943684339523315,0.723686158657074,1.1792587041854858,-0.48927637934684753,0.40217795968055725,0.3228074014186859,1.21134614944458,-0.5299363732337952,0.48749232292175293,0.623647153377533,1.1718865633010864,-0.03899180889129639,0.09354429692029953,0.44725319743156433,1.1806230545043945,0.04110969975590706,0.10832487791776657,0.6194803714752197,1.6652523279190063,0.08056782186031342,0.0014217891730368137,0.4506426453590393,1.6786913871765137,0.12862761318683624,0.0009750421741046011,0.6128789782524109,2.0988776683807373,0.5723666548728943,0.0005107290344312787,0.4453731179237366,2.1218080520629883,0.5109465718269348,0.000270643038675189,0.6175293326377869,2.164518356323242,0.5990825891494751,0.0003955416614189744,0.4429604411125183,2.189009428024292,0.5378742218017578,0.0005448645097203553,0.5861436724662781,2.2449965476989746,0.23343005776405334,0.0002651257091201842,0.46816083788871765,2.2661540508270264,0.12710168957710266,0.0005186818307265639,nan,nan,nan,nan,nan,nan,nan,nan,nan,nan,nan,nan,nan,nan,nan,nan,nan,nan,nan,nan,nan,nan,nan,nan,nan,nan,nan,nan,nan,nan,nan,nan,nan,nan,nan,nan,nan,nan,nan,nan,nan,nan,nan,nan,nan,nan,nan,nan,nan,nan,nan,nan,nan,nan,nan,nan,nan,nan,nan,nan,nan,nan,nan,nan,nan,nan,nan,nan,nan,nan,nan,nan,nan,nan,nan,nan,nan,nan,nan,nan,nan,nan,nan,nan,nan,nan,nan,nan,nan,nan,nan,nan,nan,nan,nan,nan,nan,nan,nan,nan,nan,nan,nan,nan,nan,nan,nan,nan,nan,nan,nan,nan,nan,nan,nan,nan,nan,nan,nan,nan,nan,nan,nan,nan,nan,nan
70,70,1,0,0,1.0,0.0,0.0,0.5168211460113525,0.3031351566314697,-0.7541457414627075,0.9999088644981384,0.532620906829834,0.262910395860672,-0.7151482701301575,0.9997720122337341,0.5433043837547302,0.26276737451553345,-0.7152775526046753,0.9997971653938293,0.5519750118255615,0.26237326860427856,-0.7154074907302856,0.9997560977935791,0.5021467804908752,0.26546043157577515,-0.7172709107398987,0.9997851252555847,0.492745578289032,0.2667928636074066,-0.7171133160591125,0.9998234510421753,0.48496514558792114,0.2681244909763336,-0.717488169670105,0.9997940063476562,0.5646668076515198,0.2824747860431671,-0.43997782468795776,0.9996986985206604,0.4786140024662018,0.2899198830127716,-0.43912047147750854,0.9998607039451599,0.5388753414154053,0.34522777795791626,-0.6523683667182922,0.9999576807022095,0.49941593408584595,0.34675806760787964,-0.6518124341964722,0.9999613761901855,0.6541451811790466,0.5426570773124695,-0.26499223709106445,0.9997751116752625,0.3963136374950409,0.5595465302467346,-0.27718889713287354,0.9998385906219482,0.7215277552604675,0.8675732612609863,-0.1860029399394989,0.9396836161613464,0.3333236873149872,0.8849235773086548,-0.20588338375091553,0.9595539569854736,0.7189066410064697,1.135817527770996,-0.45769035816192627,0.4536477327346802,0.30981454253196716,1.1723090410232544,-0.4941936135292053,0.5471245050430298,0.7322379350662231,1.232608437538147,-0.5369849801063538,0.3209884464740753,0.2899433970451355,1.2709234952926636,-0.5707368850708008,0.39928683638572693,0.7149369120597839,1.2158697843551636,-0.6006496548652649,0.3924410343170166,0.31806039810180664,1.2584303617477417,-0.6515666246414185,0.4457583427429199,0.723115086555481,1.1808867454528809,-0.4935242831707001,0.40119612216949463,0.3273204267024994,1.2231296300888062,-0.5340933799743652,0.4852014183998108,0.6243436336517334,1.171984076499939,-0.03948661684989929,0.08962594717741013,0.4483373761177063,1.1816928386688232,0.041588056832551956,0.10362441092729568,0.6205978989601135,1.6655731201171875,0.08051170408725739,0.0013748847413808107,0.45259809494018555,1.6823681592941284,0.15767160058021545,0.0009301439276896417,0.6143629550933838,2.1000425815582275,0.5737751722335815,0.0004954033647663891,0.4477759599685669,2.1265666484832764,0.5644766688346863,0.00025714593357406557,0.619174599647522,2.1654164791107178,0.6006768345832825,0.00037949561374261975,0.4451897442340851,2.193743944168091,0.5934136509895325,0.0005189944058656693,0.58757084608078,2.247170925140381,0.23214761912822723,0.00025668408488854766,0.4708469808101654,2.272207021713257,0.17755000293254852,0.0004948358400724828,nan,nan,nan,nan,nan,nan,nan,nan,nan,nan,nan,nan,nan,nan,nan,nan,nan,nan,nan,nan,nan,nan,nan,nan,nan,nan,nan,nan,nan,nan,nan,nan,nan,nan,nan,nan,nan,nan,nan,nan,nan,nan,nan,nan,nan,nan,nan,nan,nan,nan,nan,nan,nan,nan,nan,nan,nan,nan,nan,nan,nan,nan,nan,nan,nan,nan,nan,nan,nan,nan,nan,nan,nan,nan,nan,nan,nan,nan,nan,nan,nan,nan,nan,nan,nan,nan,nan,nan,nan,nan,nan,nan,nan,nan,nan,nan,nan,nan,nan,nan,nan,nan,nan,nan,nan,nan,nan,nan,nan,nan,nan,nan,nan,nan,nan,nan,nan,nan,nan,nan,nan,nan,nan,nan,nan,nan
71,71,1,0,0,1.0,0.0,0.0,0.5168341398239136,0.30292078852653503,-0.6738177537918091,0.9999051690101624,0.5326322317123413,0.2626594305038452,-0.6338268518447876,0.9997608661651611,0.5433218479156494,0.2625315487384796,-0.6339741349220276,0.9997880458831787,0.5519751310348511,0.2621629238128662,-0.6341041326522827,0.9997460842132568,0.5021507143974304,0.2652546763420105,-0.6350515484809875,0.9997729659080505,0.49275076389312744,0.2666166424751282,-0.6348497867584229,0.9998138546943665,0.48495161533355713,0.26794949173927307,-0.6352525949478149,0.9997826218605042,0.5646716356277466,0.28243640065193176,-0.3687061369419098,0.9996835589408875,0.47847890853881836,0.28979408740997314,-0.36312738060951233,0.9998508095741272,0.5389037132263184,0.34501487016677856,-0.5766900777816772,0.9999552369117737,0.49941301345825195,0.3466009199619293,-0.574711799621582,0.9999587535858154,0.6540765166282654,0.5426373481750488,-0.20887090265750885,0.9997755885124207,0.3963497281074524,0.5587558150291443,-0.2220609039068222,0.9998335838317871,0.7214522361755371,0.8683274984359741,-0.13889753818511963,0.9391545653343201,0.33595985174179077,0.8836588263511658,-0.16788382828235626,0.9571635723114014,0.7186137437820435,1.1371433734893799,-0.4090946912765503,0.44428443908691406,0.3173803687095642,1.1670809984207153,-0.45011037588119507,0.5388351082801819,0.7320103049278259,1.2343815565109253,-0.4860512614250183,0.31334754824638367,0.2977953255176544,1.2688970565795898,-0.5252633690834045,0.39146944880485535,0.7201008200645447,1.2176090478897095,-0.5473060011863708,0.3853168189525604,0.3221754729747772,1.2559796571731567,-0.6048057675361633,0.43858858942985535,0.722752571105957,1.1833385229110718,-0.44406720995903015,0.3934538960456848,0.33339840173721313,1.2116066217422485,-0.4897632300853729,0.4784327745437622,0.6241009831428528,1.1718113422393799,-0.03901202231645584,0.08899054676294327,0.4483586251735687,1.1815506219863892,0.04110147804021835,0.10221289098262787,0.6195310354232788,1.6602803468704224,0.07884064316749573,0.0013938056072220206,0.4521057903766632,1.6751636266708374,0.13835535943508148,0.0009257414494641125,0.6119074821472168,2.0908267498016357,0.5558803677558899,0.0004992663161829114,0.4464644491672516,2.1139659881591797,0.5027491450309753,0.0002571016375441104,0.6160253286361694,2.155341863632202,0.5818129777908325,0.000380061159376055,0.44373592734336853,2.181469440460205,0.5272505879402161,0.0005138744600117207,0.5860846042633057,2.2365403175354004,0.22826646268367767,0.00025897749583236873,0.46918708086013794,2.254694938659668,0.13237163424491882,0.0004834894207306206,nan,nan,nan,nan,nan,nan,nan,nan,nan,nan,nan,nan,nan,nan,nan,nan,nan,nan,nan,nan,nan,nan,nan,nan,nan,nan,nan,nan,nan,nan,nan,nan,nan,nan,nan,nan,nan,nan,nan,nan,nan,nan,nan,nan,nan,nan,nan,nan,nan,nan,nan,nan,nan,nan,nan,nan,nan,nan,nan,nan,nan,nan,nan,nan,nan,nan,nan,nan,nan,nan,nan,nan,nan,nan,nan,nan,nan,nan,nan,nan,nan,nan,nan,nan,nan,nan,nan,nan,nan,nan,nan,nan,nan,nan,nan,nan,nan,nan,nan,nan,nan,nan,nan,nan,nan,nan,nan,nan,nan,nan,nan,nan,nan,nan,nan,nan,nan,nan,nan,nan,nan,nan,nan,nan,nan,nan
72,72,1,0,0,1.0,0.0,0.0,0.5168932676315308,0.3028816878795624,-0.7021681666374207,0.9998984336853027,0.532681405544281,0.26262176036834717,-0.6617625951766968,0.9997406601905823,0.5433758497238159,0.2624935507774353,-0.6619222164154053,0.999773383140564,0.551983118057251,0.2621283233165741,-0.6620535850524902,0.9997267127037048,0.5021829605102539,0.2652147710323334,-0.6640471816062927,0.9997511506080627,0.4928029775619507,0.2665824890136719,-0.6638723611831665,0.999798059463501,0.48495399951934814,0.26790717244148254,-0.6642632484436035,0.9997605085372925,0.5646899938583374,0.2824224531650543,-0.3894039988517761,0.9996585845947266,0.478423535823822,0.28977087140083313,-0.388583242893219,0.9998355507850647,0.5389499068260193,0.3449755012989044,-0.6020748615264893,0.999950647354126,0.49946242570877075,0.34658023715019226,-0.6014565229415894,0.9999538660049438,0.6539156436920166,0.5425707697868347,-0.21831196546554565,0.9997671246528625,0.3963508903980255,0.5587264895439148,-0.23582322895526886,0.9998127818107605,0.7213006615638733,0.8681716322898865,-0.14607514441013336,0.9352952241897583,0.337322860956192,0.8831746578216553,-0.17842096090316772,0.9520124793052673,0.7185869216918945,1.136785864830017,-0.42211586236953735,0.43317633867263794,0.3219482898712158,1.1646728515625,-0.46361520886421204,0.5203676819801331,0.7309723496437073,1.2341591119766235,-0.5001310706138611,0.30560603737831116,0.30235564708709717,1.2661828994750977,-0.540160596370697,0.3763900101184845,0.7205800414085388,1.2142125368118286,-0.5632283091545105,0.37839776277542114,0.327154278755188,1.2508188486099243,-0.6191102862358093,0.42425960302352905,0.7210548520088196,1.1808358430862427,-0.45798906683921814,0.385816365480423,0.3382697105407715,1.2077500820159912,-0.5030778050422668,0.46385130286216736,0.6240469217300415,1.1716848611831665,-0.036839183419942856,0.08332906663417816,0.4484807848930359,1.1815056800842285,0.0389510840177536,0.09535549581050873,0.619042694568634,1.6602057218551636,0.07584865391254425,0.0013944716192781925,0.4519326984882355,1.674392819404602,0.11360979080200195,0.0009076321730390191,0.6097536087036133,2.0907788276672363,0.5395795106887817,0.0004992650356143713,0.4449315071105957,2.113570213317871,0.4620911777019501,0.0002525727031752467,0.6133651733398438,2.155329942703247,0.5637708902359009,0.00037733177305199206,0.4421420991420746,2.1813619136810303,0.4843524098396301,0.0005039099487476051,0.5837419033050537,2.236262083053589,0.20917755365371704,0.00025990221183747053,0.46691784262657166,2.253891944885254,0.08430694043636322,0.00047380602336488664,nan,nan,nan,nan,nan,nan,nan,nan,nan,nan,nan,nan,nan,nan,nan,nan,nan,nan,nan,nan,nan,nan,nan,nan,nan,nan,nan,nan,nan,nan,nan,nan,nan,nan,nan,nan,nan,nan,nan,nan,nan,nan,nan,nan,nan,nan,nan,nan,nan,nan,nan,nan,nan,nan,nan,nan,nan,nan,nan,nan,nan,nan,nan,nan,nan,nan,nan,nan,nan,nan,nan,nan,nan,nan,nan,nan,nan,nan,nan,nan,nan,nan,nan,nan,nan,nan,nan,nan,nan,nan,nan,nan,nan,nan,nan,nan,nan,nan,nan,nan,nan,nan,nan,nan,nan,nan,nan,nan,nan,nan,nan,nan,nan,nan,nan,nan,nan,nan,nan,nan,nan,nan,nan,nan,nan,nan
73,73,1,0,0,1.0,0.0,0.0,0.5172492265701294,0.30287399888038635,-0.7136318683624268,0.9998941421508789,0.532921552658081,0.262593150138855,-0.6731013655662537,0.9997264742851257,0.5436277985572815,0.26245981454849243,-0.6732604503631592,0.9997633099555969,0.5520479679107666,0.262101948261261,-0.6733793020248413,0.999712347984314,0.502336859703064,0.2652016878128052,-0.675764799118042,0.9997372031211853,0.49301502108573914,0.2665685713291168,-0.6755967736244202,0.9997885227203369,0.48499980568885803,0.26788946986198425,-0.6759917140007019,0.9997467398643494,0.5647858381271362,0.28239962458610535,-0.39870384335517883,0.9996371269226074,0.47839146852493286,0.2897550165653229,-0.39909571409225464,0.9998262524604797,0.5392609238624573,0.34499144554138184,-0.6127236485481262,0.9999467730522156,0.499733567237854,0.34668102860450745,-0.6125655174255371,0.9999502301216125,0.6539120674133301,0.5425841808319092,-0.22143715620040894,0.9997585415840149,0.39635008573532104,0.5587274432182312,-0.23899315297603607,0.9997996687889099,0.7211358547210693,0.8681532144546509,-0.1454731673002243,0.9326562285423279,0.33833009004592896,0.8829994797706604,-0.1812349259853363,0.9488404989242554,0.718453049659729,1.1366560459136963,-0.4248713254928589,0.4282449781894684,0.32452744245529175,1.1664361953735352,-0.46979260444641113,0.5124107003211975,0.7308586835861206,1.233925461769104,-0.5025666356086731,0.30285194516181946,0.3049936294555664,1.2667144536972046,-0.5471600294113159,0.36997878551483154,0.7086455821990967,1.214074969291687,-0.5661516189575195,0.3768130838871002,0.33586740493774414,1.2500051259994507,-0.625909149646759,0.41873401403427124,0.7210425734519958,1.1779028177261353,-0.46103745698928833,0.3835667073726654,0.3448467552661896,1.2102793455123901,-0.5093215703964233,0.45853009819984436,0.6234911680221558,1.1720532178878784,-0.034274790436029434,0.0786096602678299,0.4481339454650879,1.1814007759094238,0.036402713507413864,0.08969831466674805,0.6162942051887512,1.6603206396102905,0.07063952833414078,0.0013907919637858868,0.44933828711509705,1.6743639707565308,0.10446571558713913,0.0008879428496584296,0.6055880784988403,2.090928554534912,0.5255736708641052,0.00049951346591115,0.440665066242218,2.1135735511779785,0.44946667551994324,0.00024843175197020173,0.6088644862174988,2.1556284427642822,0.548707902431488,0.00037521665217354894,0.43748536705970764,2.1814451217651367,0.4712061285972595,0.0004926094552502036,0.5800976753234863,2.236252546310425,0.19342076778411865,0.00026278087170794606,0.4629806578159332,2.253694534301758,0.07046302407979965,0.0004659972619265318,nan,nan,nan,nan,nan,nan,nan,nan,nan,nan,nan,nan,nan,nan,nan,nan,nan,nan,nan,nan,nan,nan,nan,nan,nan,nan,nan,nan,nan,nan,nan,nan,nan,nan,nan,nan,nan,nan,nan,nan,nan,nan,nan,nan,nan,nan,nan,nan,nan,nan,nan,nan,nan,nan,nan,nan,nan,nan,nan,nan,nan,nan,nan,nan,nan,nan,nan,nan,nan,nan,nan,nan,nan,nan,nan,nan,nan,nan,nan,nan,nan,nan,nan,nan,nan,nan,nan,nan,nan,nan,nan,nan,nan,nan,nan,nan,nan,nan,nan,nan,nan,nan,nan,nan,nan,nan,nan,nan,nan,nan,nan,nan,nan,nan,nan,nan,nan,nan,nan,nan,nan,nan,nan,nan,nan,nan
74,74,1,0,0,1.0,0.0,0.0,0.5174310207366943,0.30282822251319885,-0.709065854549408,0.9998882412910461,0.5330871343612671,0.2625701427459717,-0.667976438999176,0.9997078776359558,0.5438088178634644,0.2624307870864868,-0.6681526899337769,0.9997491836547852,0.5521093010902405,0.2620665431022644,-0.6682576537132263,0.9996934533119202,0.5024353861808777,0.265145480632782,-0.6713823080062866,0.9997193217277527,0.4931446611881256,0.2664906084537506,-0.6712185144424438,0.9997758269309998,0.4850226044654846,0.2677868604660034,-0.6716340184211731,0.9997298121452332,0.564857542514801,0.28238922357559204,-0.3932111859321594,0.9996094703674316,0.47833821177482605,0.2896055281162262,-0.39814555644989014,0.9998139142990112,0.5393880009651184,0.34497761726379395,-0.6079389452934265,0.9999420046806335,0.4998147189617157,0.34664803743362427,-0.6090492606163025,0.9999459981918335,0.6539071202278137,0.542660653591156,-0.21562404930591583,0.9997484683990479,0.39633437991142273,0.5586752891540527,-0.24281837046146393,0.9997870922088623,0.7207481265068054,0.868170976638794,-0.14106661081314087,0.9292771816253662,0.3391631543636322,0.882722795009613,-0.1854017674922943,0.9459766149520874,0.7183762192726135,1.1365176439285278,-0.42200618982315063,0.42041486501693726,0.32756656408309937,1.1655958890914917,-0.47257259488105774,0.5036888718605042,0.7300581336021423,1.2337048053741455,-0.4993603527545929,0.2973577678203583,0.3078794479370117,1.2655587196350098,-0.5497465133666992,0.3624526262283325,0.7053343653678894,1.2139356136322021,-0.5625887513160706,0.3717547655105591,0.33568888902664185,1.248775839805603,-0.628032922744751,0.4119177758693695,0.7204902768135071,1.1748720407485962,-0.45809313654899597,0.3778878152370453,0.3472979962825775,1.2091470956802368,-0.5117175579071045,0.4515734016895294,0.6234548091888428,1.172216773033142,-0.03304335102438927,0.07468022406101227,0.4481467306613922,1.181501030921936,0.03516765311360359,0.08499541133642197,0.61627596616745,1.6602885723114014,0.07073819637298584,0.0014110506745055318,0.4492388963699341,1.6742498874664307,0.10445615649223328,0.0008833655156195164,0.6056241393089294,2.090749740600586,0.526530921459198,0.0005068499594926834,0.4406917989253998,2.1133697032928467,0.45119529962539673,0.0002488390891812742,0.6089693903923035,2.155550956726074,0.5499197244644165,0.00037976913154125214,0.4375258684158325,2.18135929107666,0.4731987416744232,0.0004901087959297001,0.5804665684700012,2.235734462738037,0.19416075944900513,0.0002698919561225921,0.46314921975135803,2.252868175506592,0.07352834194898605,0.000466895813588053,nan,nan,nan,nan,nan,nan,nan,nan,nan,nan,nan,nan,nan,nan,nan,nan,nan,nan,nan,nan,nan,nan,nan,nan,nan,nan,nan,nan,nan,nan,nan,nan,nan,nan,nan,nan,nan,nan,nan,nan,nan,nan,nan,nan,nan,nan,nan,nan,nan,nan,nan,nan,nan,nan,nan,nan,nan,nan,nan,nan,nan,nan,nan,nan,nan,nan,nan,nan,nan,nan,nan,nan,nan,nan,nan,nan,nan,nan,nan,nan,nan,nan,nan,nan,nan,nan,nan,nan,nan,nan,nan,nan,nan,nan,nan,nan,nan,nan,nan,nan,nan,nan,nan,nan,nan,nan,nan,nan,nan,nan,nan,nan,nan,nan,nan,nan,nan,nan,nan,nan,nan,nan,nan,nan,nan,nan
75,75,1,0,0,1.0,0.0,0.0,0.5177236199378967,0.30277764797210693,-0.710552453994751,0.999882698059082,0.5333525538444519,0.2625512182712555,-0.6689408421516418,0.9996922612190247,0.5440953373908997,0.2624078094959259,-0.6691299676895142,0.9997356534004211,0.5522176623344421,0.26203957200050354,-0.6692200303077698,0.999677300453186,0.5025800466537476,0.2651151716709137,-0.6723946928977966,0.9997044801712036,0.4933176338672638,0.26643866300582886,-0.6722208857536316,0.9997639656066895,0.48505699634552,0.26773035526275635,-0.6726522445678711,0.9997159242630005,0.5650012493133545,0.28238967061042786,-0.39048337936401367,0.9995834827423096,0.4782785177230835,0.2895732820034027,-0.3963613212108612,0.9998024702072144,0.5396971702575684,0.34496429562568665,-0.6080713868141174,0.9999377727508545,0.4999597668647766,0.3466409742832184,-0.6093739867210388,0.9999422430992126,0.6538695693016052,0.5426620244979858,-0.21132613718509674,0.9997381567955017,0.39629119634628296,0.5586680173873901,-0.24185581505298615,0.9997743964195251,0.720186173915863,0.868320643901825,-0.13754874467849731,0.9265255331993103,0.3399534225463867,0.8824403285980225,-0.18781009316444397,0.9434797763824463,0.7179061770439148,1.1363420486450195,-0.423155814409256,0.41632530093193054,0.33139657974243164,1.1652753353118896,-0.4738774597644806,0.49589285254478455,0.7288146018981934,1.2331857681274414,-0.5017383098602295,0.2945907711982727,0.3108712434768677,1.2646255493164062,-0.550559937953949,0.3561648428440094,0.7028984427452087,1.2138556241989136,-0.5652174353599548,0.36929962038993835,0.33673810958862305,1.2474427223205566,-0.6297650933265686,0.4060164988040924,0.7190454006195068,1.1732059717178345,-0.45947667956352234,0.37488552927970886,0.35020434856414795,1.207515001296997,-0.5126858949661255,0.4458795487880707,0.6234373450279236,1.1722544431686401,-0.03277330845594406,0.07252011448144913,0.4481491446495056,1.1814268827438354,0.0349016971886158,0.08215443044900894,0.6157729029655457,1.6589726209640503,0.07236474007368088,0.0014435074990615249,0.4487835764884949,1.6721415519714355,0.10983707755804062,0.0008855205960571766,0.6053244471549988,2.08716082572937,0.5295875072479248,0.0005199089064262807,0.4403710961341858,2.1088972091674805,0.4641152322292328,0.0002524716837797314,0.6085922718048096,2.1514689922332764,0.5536947250366211,0.0003886442573275417,0.43719038367271423,2.1764214038848877,0.4870597720146179,0.0004960109363310039,0.5803829431533813,2.230938673019409,0.19597043097019196,0.00028155645122751594,0.46299120783805847,2.2468695640563965,0.08073723316192627,0.0004774458648171276,nan,nan,nan,nan,nan,nan,nan,nan,nan,nan,nan,nan,nan,nan,nan,nan,nan,nan,nan,nan,nan,nan,nan,nan,nan,nan,nan,nan,nan,nan,nan,nan,nan,nan,nan,nan,nan,nan,nan,nan,nan,nan,nan,nan,nan,nan,nan,nan,nan,nan,nan,nan,nan,nan,nan,nan,nan,nan,nan,nan,nan,nan,nan,nan,nan,nan,nan,nan,nan,nan,nan,nan,nan,nan,nan,nan,nan,nan,nan,nan,nan,nan,nan,nan,nan,nan,nan,nan,nan,nan,nan,nan,nan,nan,nan,nan,nan,nan,nan,nan,nan,nan,nan,nan,nan,nan,nan,nan,nan,nan,nan,nan,nan,nan,nan,nan,nan,nan,nan,nan,nan,nan,nan,nan,nan,nan
76,76,1,0,0,1.0,0.0,0.0,0.5178909301757812,0.30272725224494934,-0.73176109790802,0.9998775124549866,0.533470869064331,0.26253339648246765,-0.6902685165405273,0.9996778964996338,0.5442326664924622,0.2623862028121948,-0.690487802028656,0.999724805355072,0.552271842956543,0.26201364398002625,-0.6905881762504578,0.9996626377105713,0.5026536583900452,0.26506996154785156,-0.6935673356056213,0.999690592288971,0.4934186339378357,0.2663659155368805,-0.6934130787849426,0.9997541308403015,0.48508042097091675,0.2676549255847931,-0.6938561201095581,0.9997032880783081,0.5650714635848999,0.28238940238952637,-0.40691667795181274,0.9995629787445068,0.47826215624809265,0.2895451784133911,-0.413006454706192,0.9997932314872742,0.5398614406585693,0.3449634313583374,-0.6269674897193909,0.9999346733093262,0.5000944137573242,0.34664371609687805,-0.6282834410667419,0.9999395608901978,0.653881311416626,0.5427548289299011,-0.2198256552219391,0.9997302293777466,0.3962997794151306,0.5586658120155334,-0.25373926758766174,0.9997671842575073,0.7199171185493469,0.8685520887374878,-0.14692215621471405,0.9251195192337036,0.3403376042842865,0.8823032379150391,-0.19916412234306335,0.9429022073745728,0.717818021774292,1.1369128227233887,-0.4446236789226532,0.41114407777786255,0.3319922685623169,1.164971113204956,-0.4854990541934967,0.48944947123527527,0.7283891439437866,1.2335400581359863,-0.5268365740776062,0.28950488567352295,0.31161391735076904,1.2640131711959839,-0.56465744972229,0.34910765290260315,0.7132845520973206,1.213761568069458,-0.592501163482666,0.36382433772087097,0.33665603399276733,1.2469056844711304,-0.644618034362793,0.39898815751075745,0.7178818583488464,1.1748536825180054,-0.4818999767303467,0.36925968527793884,0.351465106010437,1.206565499305725,-0.5246217846870422,0.43913665413856506,0.6234244704246521,1.1723097562789917,-0.0325886607170105,0.07196449488401413,0.44823363423347473,1.1813795566558838,0.034677654504776,0.08134852349758148,0.6152253150939941,1.6584092378616333,0.09054618328809738,0.0015270838048309088,0.44828054308891296,1.6704297065734863,0.11739419400691986,0.0009368205210193992,0.6045646071434021,2.085529088973999,0.5668784379959106,0.0005528985639102757,0.4396634101867676,2.107067346572876,0.4896405041217804,0.0002702843339648098,0.6075659394264221,2.1498374938964844,0.5929769277572632,0.00041691999649628997,0.4365237057209015,2.174874782562256,0.514896810054779,0.0005340240895748138,0.579829216003418,2.229799747467041,0.23374149203300476,0.0003012264205608517,0.4621468484401703,2.2452287673950195,0.11172502487897873,0.000503772811498493,nan,nan,nan,nan,nan,nan,nan,nan,nan,nan,nan,nan,nan,nan,nan,nan,nan,nan,nan,nan,nan,nan,nan,nan,nan,nan,nan,nan,nan,nan,nan,nan,nan,nan,nan,nan,nan,nan,nan,nan,nan,nan,nan,nan,nan,nan,nan,nan,nan,nan,nan,nan,nan,nan,nan,nan,nan,nan,nan,nan,nan,nan,nan,nan,nan,nan,nan,nan,nan,nan,nan,nan,nan,nan,nan,nan,nan,nan,nan,nan,nan,nan,nan,nan,nan,nan,nan,nan,nan,nan,nan,nan,nan,nan,nan,nan,nan,nan,nan,nan,nan,nan,nan,nan,nan,nan,nan,nan,nan,nan,nan,nan,nan,nan,nan,nan,nan,nan,nan,nan,nan,nan,nan,nan,nan,nan
77,77,1,0,0,1.0,0.0,0.0,0.5179651975631714,0.30258315801620483,-0.7239187359809875,0.9998772740364075,0.5335668325424194,0.26244011521339417,-0.6821050643920898,0.9996746182441711,0.5443488359451294,0.2623049020767212,-0.6822938919067383,0.9997237920761108,0.5523192882537842,0.2619471549987793,-0.6824184656143188,0.999660074710846,0.5027288198471069,0.2648601830005646,-0.6848841905593872,0.999684751033783,0.49354782700538635,0.2661241590976715,-0.6847003102302551,0.9997502565383911,0.4851233959197998,0.2673945128917694,-0.6851084232330322,0.9996961951255798,0.5651633739471436,0.28237253427505493,-0.4040994346141815,0.9995579123497009,0.4782465696334839,0.2893415093421936,-0.40803319215774536,0.999787449836731,0.5399185419082642,0.3448807895183563,-0.6215906143188477,0.9999333024024963,0.5001694560050964,0.34658199548721313,-0.6223158836364746,0.9999376535415649,0.6539130210876465,0.5428850650787354,-0.22260580956935883,0.9997285008430481,0.39630499482154846,0.5586391687393188,-0.2514754831790924,0.9997576475143433,0.7197661399841309,0.8694088459014893,-0.1492587924003601,0.9200378060340881,0.3405458629131317,0.8822099566459656,-0.19224722683429718,0.9374446868896484,0.717585563659668,1.1386440992355347,-0.4342229962348938,0.3988431394100189,0.3320505619049072,1.1643105745315552,-0.47403281927108765,0.4732276499271393,0.7281232476234436,1.235611915588379,-0.5121822357177734,0.2805785834789276,0.31511160731315613,1.2612278461456299,-0.5505115389823914,0.3358706831932068,0.7197448015213013,1.2166637182235718,-0.5749613046646118,0.3553068935871124,0.3364325761795044,1.248942494392395,-0.6283615231513977,0.386261522769928,0.7175791263580322,1.1801002025604248,-0.4702114164829254,0.3598844110965729,0.35141998529434204,1.2080461978912354,-0.5127670168876648,0.42552661895751953,0.6234435439109802,1.1739773750305176,-0.03291706368327141,0.06718751043081284,0.44829556345939636,1.1824488639831543,0.035056862980127335,0.07573232054710388,0.6152169704437256,1.6627187728881836,0.07424214482307434,0.0014955538790673018,0.44821199774742126,1.6737979650497437,0.11417314410209656,0.0009032831876538694,0.6045681238174438,2.0925230979919434,0.5413935780525208,0.0005340318311937153,0.4395400881767273,2.112915515899658,0.47205856442451477,0.00025705399457365274,0.6076169610023499,2.159684181213379,0.5659887790679932,0.00040161915239878,0.4363475441932678,2.1831400394439697,0.49492746591567993,0.0005083421710878611,0.5796107053756714,2.2361907958984375,0.2066514790058136,0.0002930312475655228,0.46213361620903015,2.2511391639709473,0.09182030707597733,0.00048296089516952634,nan,nan,nan,nan,nan,nan,nan,nan,nan,nan,nan,nan,nan,nan,nan,nan,nan,nan,nan,nan,nan,nan,nan,nan,nan,nan,nan,nan,nan,nan,nan,nan,nan,nan,nan,nan,nan,nan,nan,nan,nan,nan,nan,nan,nan,nan,nan,nan,nan,nan,nan,nan,nan,nan,nan,nan,nan,nan,nan,nan,nan,nan,nan,nan,nan,nan,nan,nan,nan,nan,nan,nan,nan,nan,nan,nan,nan,nan,nan,nan,nan,nan,nan,nan,nan,nan,nan,nan,nan,nan,nan,nan,nan,nan,nan,nan,nan,nan,nan,nan,nan,nan,nan,nan,nan,nan,nan,nan,nan,nan,nan,nan,nan,nan,nan,nan,nan,nan,nan,nan,nan,nan,nan,nan,nan,nan
78,78,1,0,0,1.0,0.0,0.0,0.5179682970046997,0.302151620388031,-0.7244417667388916,0.9998779892921448,0.5335710644721985,0.2621958255767822,-0.6822289228439331,0.9996750950813293,0.544362485408783,0.2620833218097687,-0.6824160218238831,0.999725878238678,0.5523316860198975,0.2617412507534027,-0.6825439929962158,0.999661386013031,0.5027352571487427,0.2644815742969513,-0.6852573156356812,0.9996827840805054,0.4935548007488251,0.26575928926467896,-0.685081422328949,0.999749481678009,0.4851246774196625,0.26702848076820374,-0.6854959726333618,0.9996931552886963,0.5651970505714417,0.28231608867645264,-0.40499967336654663,0.9995591044425964,0.47822028398513794,0.28905341029167175,-0.40855109691619873,0.9997844696044922,0.539936900138855,0.3445607125759125,-0.6226696372032166,0.9999327659606934,0.5001737475395203,0.346283882856369,-0.6228123307228088,0.9999365210533142,0.654032289981842,0.5431665182113647,-0.22449707984924316,0.9997246861457825,0.396314799785614,0.55863356590271,-0.2516591250896454,0.9997485876083374,0.7197225093841553,0.8725017309188843,-0.1497432440519333,0.9145469069480896,0.3407726585865021,0.8820446133613586,-0.19051873683929443,0.9328545928001404,0.7174538373947144,1.1413094997406006,-0.43388912081718445,0.3853280544281006,0.33191758394241333,1.1633225679397583,-0.4699360430240631,0.45809701085090637,0.7277830243110657,1.2393473386764526,-0.511301577091217,0.2708137333393097,0.3147415816783905,1.2599918842315674,-0.5457416772842407,0.32333704829216003,0.7241867184638977,1.221818208694458,-0.5742514133453369,0.3454541563987732,0.3363015353679657,1.246264934539795,-0.6233798265457153,0.37412020564079285,0.7175742387771606,1.1864778995513916,-0.4699103832244873,0.3494442105293274,0.3511160612106323,1.2055643796920776,-0.5088012218475342,0.412431925535202,0.6234397888183594,1.1747897863388062,-0.033359404653310776,0.06282784789800644,0.44834157824516296,1.182790756225586,0.03552837669849396,0.07068321108818054,0.6151834726333618,1.665283203125,0.06952786445617676,0.0014655905542895198,0.44816210865974426,1.6759538650512695,0.11394106596708298,0.0008772439905442297,0.6044517755508423,2.097198247909546,0.5390275120735168,0.0005197719438001513,0.43938755989074707,2.1184771060943604,0.4723513722419739,0.0002462126431055367,0.6075389385223389,2.1651744842529297,0.5636370778083801,0.0003900699084624648,0.43614962697029114,2.1901605129241943,0.4952239990234375,0.00048766963300295174,0.5791206955909729,2.2413413524627686,0.2015092670917511,0.00028738065157085657,0.4618396759033203,2.2567532062530518,0.08841029554605484,0.00046753062633797526,nan,nan,nan,nan,nan,nan,nan,nan,nan,nan,nan,nan,nan,nan,nan,nan,nan,nan,nan,nan,nan,nan,nan,nan,nan,nan,nan,nan,nan,nan,nan,nan,nan,nan,nan,nan,nan,nan,nan,nan,nan,nan,nan,nan,nan,nan,nan,nan,nan,nan,nan,nan,nan,nan,nan,nan,nan,nan,nan,nan,nan,nan,nan,nan,nan,nan,nan,nan,nan,nan,nan,nan,nan,nan,nan,nan,nan,nan,nan,nan,nan,nan,nan,nan,nan,nan,nan,nan,nan,nan,nan,nan,nan,nan,nan,nan,nan,nan,nan,nan,nan,nan,nan,nan,nan,nan,nan,nan,nan,nan,nan,nan,nan,nan,nan,nan,nan,nan,nan,nan,nan,nan,nan,nan,nan,nan
79,79,1,0,0,1.0,0.0,0.0,0.5180413722991943,0.3017561137676239,-0.6965574622154236,0.9998705983161926,0.5335920453071594,0.26203930377960205,-0.6538783311843872,0.9996545910835266,0.5443769097328186,0.261940062046051,-0.6540971398353577,0.9997089505195618,0.5523378849029541,0.2615967094898224,-0.6541925072669983,0.999640166759491,0.5027894973754883,0.26422515511512756,-0.6574984192848206,0.9996632933616638,0.49366068840026855,0.26551154255867004,-0.6573246717453003,0.9997346997261047,0.48516929149627686,0.2667923867702484,-0.657759428024292,0.9996747970581055,0.5652009844779968,0.28222838044166565,-0.3775995075702667,0.9995265603065491,0.47820550203323364,0.2888873219490051,-0.38454747200012207,0.9997706413269043,0.5400099754333496,0.34429797530174255,-0.5953967571258545,0.9999271631240845,0.50026935338974,0.3460294306278229,-0.5969146490097046,0.9999313354492188,0.65403151512146,0.5431537628173828,-0.20315194129943848,0.9997075796127319,0.39641955494880676,0.558603048324585,-0.23622968792915344,0.9997320771217346,0.7195314764976501,0.8715389370918274,-0.13498857617378235,0.9094724655151367,0.34084492921829224,0.8805348873138428,-0.18447870016098022,0.9307287931442261,0.7174598574638367,1.1373080015182495,-0.42335912585258484,0.3776620626449585,0.33241599798202515,1.158868432044983,-0.46692514419555664,0.4504680037498474,0.7278152704238892,1.2301831245422363,-0.5011743903160095,0.2658448815345764,0.31449657678604126,1.255601406097412,-0.5434153079986572,0.3171258866786957,0.7267318964004517,1.205522894859314,-0.5642672181129456,0.34028616547584534,0.33664995431900024,1.2402915954589844,-0.6210867762565613,0.3682500123977661,0.7175753116607666,1.1736574172973633,-0.45985856652259827,0.3439980447292328,0.3508909344673157,1.198054313659668,-0.5059686303138733,0.4066774547100067,0.6237335801124573,1.1747111082077026,-0.03298626095056534,0.0600268617272377,0.4493335783481598,1.1827715635299683,0.035148985683918,0.06739994883537292,0.6155876517295837,1.6636462211608887,0.06467876583337784,0.0014652619138360023,0.44909194111824036,1.6750537157058716,0.1061275377869606,0.0008680075407028198,0.6055445075035095,2.0945465564727783,0.5207406878471375,0.0005177282146178186,0.44139066338539124,2.1163554191589355,0.45280835032463074,0.00024504700559191406,0.6086488366127014,2.1615984439849854,0.5438259840011597,0.00038635884993709624,0.438240647315979,2.1872336864471436,0.4745728671550751,0.0004829547833651304,0.5810191035270691,2.237614154815674,0.18448427319526672,0.0002901835832744837,0.46416014432907104,2.2530088424682617,0.07312528789043427,0.00046956268488429487,nan,nan,nan,nan,nan,nan,nan,nan,nan,nan,nan,nan,nan,nan,nan,nan,nan,nan,nan,nan,nan,nan,nan,nan,nan,nan,nan,nan,nan,nan,nan,nan,nan,nan,nan,nan,nan,nan,nan,nan,nan,nan,nan,nan,nan,nan,nan,nan,nan,nan,nan,nan,nan,nan,nan,nan,nan,nan,nan,nan,nan,nan,nan,nan,nan,nan,nan,nan,nan,nan,nan,nan,nan,nan,nan,nan,nan,nan,nan,nan,nan,nan,nan,nan,nan,nan,nan,nan,nan,nan,nan,nan,nan,nan,nan,nan,nan,nan,nan,nan,nan,nan,nan,nan,nan,nan,nan,nan,nan,nan,nan,nan,nan,nan,nan,nan,nan,nan,nan,nan,nan,nan,nan,nan,nan,nan
80,80,1,0,0,1.0,0.0,0.0,0.5180196762084961,0.3017391860485077,-0.7019879221916199,0.9998698234558105,0.5335895419120789,0.2620084285736084,-0.6594572067260742,0.9996528029441833,0.5443760752677917,0.2619003653526306,-0.6596603989601135,0.9997076392173767,0.5523401498794556,0.2615414559841156,-0.6597768664360046,0.9996381998062134,0.5027931928634644,0.26420119404792786,-0.6627601981163025,0.9996618628501892,0.4936695992946625,0.265481173992157,-0.6625905632972717,0.9997338056564331,0.48517173528671265,0.26675450801849365,-0.6630117297172546,0.9996736645698547,0.5652051568031311,0.2821723222732544,-0.3824320137500763,0.9995247721672058,0.478193074464798,0.28882265090942383,-0.38778403401374817,0.9997704029083252,0.540009617805481,0.3442840278148651,-0.6005326509475708,0.9999266266822815,0.5002699494361877,0.34602218866348267,-0.601594865322113,0.9999310374259949,0.6541210412979126,0.5432407855987549,-0.20850451290607452,0.9997036457061768,0.3965502381324768,0.5585615634918213,-0.23721164464950562,0.9997292757034302,0.7195257544517517,0.8722742199897766,-0.1383279412984848,0.9086202383041382,0.3408055901527405,0.8797867298126221,-0.18503785133361816,0.9305605292320251,0.7173941731452942,1.1377450227737427,-0.42484039068222046,0.37443992495536804,0.33240804076194763,1.1569125652313232,-0.4675673246383667,0.4476098120212555,0.7273930907249451,1.2312620878219604,-0.5023884773254395,0.2633873522281647,0.3144483268260956,1.2530189752578735,-0.5442237854003906,0.3142370581626892,0.7268142700195312,1.2054986953735352,-0.5659764409065247,0.3380066454410553,0.3369314670562744,1.2368826866149902,-0.6220282912254333,0.3657899796962738,0.7168813943862915,1.1736445426940918,-0.4614173471927643,0.34153538942337036,0.3507259488105774,1.1932955980300903,-0.5065788626670837,0.40447676181793213,0.6240543127059937,1.1746833324432373,-0.03263844549655914,0.058148302137851715,0.44971567392349243,1.1827459335327148,0.03478427603840828,0.0652637779712677,0.615772008895874,1.6633960008621216,0.0654057115316391,0.0014859349466860294,0.4491502642631531,1.6746971607208252,0.1058179959654808,0.0008775638416409492,0.6055948138237,2.0942041873931885,0.5241525173187256,0.0005251680850051343,0.44136929512023926,2.116114616394043,0.4540168344974518,0.0002484009019099176,0.6086634397506714,2.160835027694702,0.5475594997406006,0.00039071886567398906,0.4382479786872864,2.1867902278900146,0.47610703110694885,0.0004874388687312603,0.5810977816581726,2.237445831298828,0.18754814565181732,0.00029594244551844895,0.46407970786094666,2.252807855606079,0.07378485798835754,0.0004747462226077914,nan,nan,nan,nan,nan,nan,nan,nan,nan,nan,nan,nan,nan,nan,nan,nan,nan,nan,nan,nan,nan,nan,nan,nan,nan,nan,nan,nan,nan,nan,nan,nan,nan,nan,nan,nan,nan,nan,nan,nan,nan,nan,nan,nan,nan,nan,nan,nan,nan,nan,nan,nan,nan,nan,nan,nan,nan,nan,nan,nan,nan,nan,nan,nan,nan,nan,nan,nan,nan,nan,nan,nan,nan,nan,nan,nan,nan,nan,nan,nan,nan,nan,nan,nan,nan,nan,nan,nan,nan,nan,nan,nan,nan,nan,nan,nan,nan,nan,nan,nan,nan,nan,nan,nan,nan,nan,nan,nan,nan,nan,nan,nan,nan,nan,nan,nan,nan,nan,nan,nan,nan,nan,nan,nan,nan,nan
81,81,1,0,0,1.0,0.0,0.0,0.5180500149726868,0.3015776574611664,-0.7036982774734497,0.9998653531074524,0.5336082577705383,0.2619144916534424,-0.6617937088012695,0.9996404647827148,0.5443994402885437,0.26180073618888855,-0.6619795560836792,0.9996984601020813,0.5523497462272644,0.2614358961582184,-0.6620877385139465,0.9996253252029419,0.5028325915336609,0.2640972435474396,-0.6647123694419861,0.9996506571769714,0.49375200271606445,0.2653794288635254,-0.6645411849021912,0.9997262358665466,0.48521071672439575,0.2666530907154083,-0.6649650931358337,0.9996638894081116,0.5652188062667847,0.2821073532104492,-0.3858884274959564,0.999506413936615,0.47819238901138306,0.2887294590473175,-0.38953807950019836,0.9997639060020447,0.5400704145431519,0.3441312313079834,-0.6024962067604065,0.999923586845398,0.5003440976142883,0.3459101915359497,-0.6030883193016052,0.9999287128448486,0.6541208624839783,0.5432474613189697,-0.21080198884010315,0.9996997714042664,0.39671456813812256,0.5584824681282043,-0.23948433995246887,0.9997293949127197,0.7195034623146057,0.8721746206283569,-0.14030112326145172,0.9089540839195251,0.34082019329071045,0.8794959187507629,-0.1893666386604309,0.9314168691635132,0.7173321843147278,1.1379112005233765,-0.4251287281513214,0.3704521358013153,0.3322865068912506,1.1567953824996948,-0.46891647577285767,0.44921496510505676,0.7273002862930298,1.231446623802185,-0.5028716325759888,0.25956010818481445,0.31433579325675964,1.2529609203338623,-0.5451616644859314,0.31410133838653564,0.7282202839851379,1.2051299810409546,-0.5657277703285217,0.33365535736083984,0.33693772554397583,1.2368168830871582,-0.622282862663269,0.36547911167144775,0.7169378399848938,1.1733661890029907,-0.4613237679004669,0.33711472153663635,0.35092318058013916,1.1932964324951172,-0.5072137117385864,0.4047134220600128,0.623899519443512,1.1746057271957397,-0.03192565590143204,0.058887653052806854,0.44963538646698,1.1824687719345093,0.03403589129447937,0.06606009602546692,0.6157333254814148,1.6623159646987915,0.073187917470932,0.0015379466349259019,0.4491238594055176,1.6733468770980835,0.10677970945835114,0.0009044785983860493,0.6056937575340271,2.0923333168029785,0.5343896746635437,0.000544063514098525,0.44139671325683594,2.1143686771392822,0.456429123878479,0.0002588455390650779,0.6087983250617981,2.1584577560424805,0.5584408044815063,0.00040504775824956596,0.4382414221763611,2.184596300125122,0.4786883592605591,0.0005055124056525528,0.5813270211219788,2.2361111640930176,0.201719269156456,0.0003065228811465204,0.46437516808509827,2.251559257507324,0.07816207408905029,0.00048317937762476504,nan,nan,nan,nan,nan,nan,nan,nan,nan,nan,nan,nan,nan,nan,nan,nan,nan,nan,nan,nan,nan,nan,nan,nan,nan,nan,nan,nan,nan,nan,nan,nan,nan,nan,nan,nan,nan,nan,nan,nan,nan,nan,nan,nan,nan,nan,nan,nan,nan,nan,nan,nan,nan,nan,nan,nan,nan,nan,nan,nan,nan,nan,nan,nan,nan,nan,nan,nan,nan,nan,nan,nan,nan,nan,nan,nan,nan,nan,nan,nan,nan,nan,nan,nan,nan,nan,nan,nan,nan,nan,nan,nan,nan,nan,nan,nan,nan,nan,nan,nan,nan,nan,nan,nan,nan,nan,nan,nan,nan,nan,nan,nan,nan,nan,nan,nan,nan,nan,nan,nan,nan,nan,nan,nan,nan,nan
82,82,1,0,0,1.0,0.0,0.0,0.5182169079780579,0.30152252316474915,-0.7086572051048279,0.9998629689216614,0.5337324142456055,0.26189112663269043,-0.6651912927627563,0.9996350407600403,0.54450523853302,0.2617775797843933,-0.6654005646705627,0.9996931552886963,0.5523932576179504,0.26141178607940674,-0.665473461151123,0.9996203184127808,0.5029715895652771,0.2640502452850342,-0.669708788394928,0.9996460676193237,0.49394696950912476,0.26530683040618896,-0.6695346236228943,0.9997219443321228,0.48530876636505127,0.266566663980484,-0.669975757598877,0.9996591806411743,0.5652756690979004,0.2821037769317627,-0.38855642080307007,0.9994953274726868,0.47818443179130554,0.2886497974395752,-0.39292606711387634,0.9997574090957642,0.5401944518089294,0.34411418437957764,-0.6051259636878967,0.9999222159385681,0.5004435181617737,0.3458564281463623,-0.6077343225479126,0.9999275207519531,0.6539124846458435,0.5431733131408691,-0.21103285253047943,0.9996999502182007,0.39667558670043945,0.5584744215011597,-0.23996853828430176,0.9997237324714661,0.7193001508712769,0.8704614043235779,-0.1442388892173767,0.9097795486450195,0.3408052325248718,0.879192590713501,-0.19938921928405762,0.9317808151245117,0.7173655033111572,1.1349745988845825,-0.43723365664482117,0.37517690658569336,0.33218321204185486,1.155942440032959,-0.4949581027030945,0.4469985365867615,0.7273510694503784,1.230064034461975,-0.5193170309066772,0.26133954524993896,0.3140660524368286,1.2526812553405762,-0.5755239725112915,0.3106488287448883,0.7127771377563477,1.2022918462753296,-0.5838142037391663,0.33536964654922485,0.3369101881980896,1.2361125946044922,-0.655468225479126,0.36156538128852844,0.7168422341346741,1.170362114906311,-0.47411102056503296,0.3387771248817444,0.35089418292045593,1.1932034492492676,-0.5346400737762451,0.4013168513774872,0.6243133544921875,1.173923373222351,-0.03198831155896187,0.06061340868473053,0.44992515444755554,1.1824017763137817,0.034086551517248154,0.06746777147054672,0.6161797642707825,1.6580522060394287,0.08315090835094452,0.001622060197405517,0.4491897523403168,1.6709977388381958,0.1272110491991043,0.0009391614585183561,0.6073911786079407,2.085681438446045,0.5487833023071289,0.0005879198433831334,0.44193941354751587,2.1096744537353516,0.49841752648353577,0.0002790997677948326,0.6104990839958191,2.150507926940918,0.5732656121253967,0.00043993984581902623,0.4389234781265259,2.178696393966675,0.5233269333839417,0.0005438834195956588,0.5839002728462219,2.2305285930633545,0.21410219371318817,0.0003315164940431714,0.46537813544273376,2.246941566467285,0.12359581142663956,0.0005212967516854405,nan,nan,nan,nan,nan,nan,nan,nan,nan,nan,nan,nan,nan,nan,nan,nan,nan,nan,nan,nan,nan,nan,nan,nan,nan,nan,nan,nan,nan,nan,nan,nan,nan,nan,nan,nan,nan,nan,nan,nan,nan,nan,nan,nan,nan,nan,nan,nan,nan,nan,nan,nan,nan,nan,nan,nan,nan,nan,nan,nan,nan,nan,nan,nan,nan,nan,nan,nan,nan,nan,nan,nan,nan,nan,nan,nan,nan,nan,nan,nan,nan,nan,nan,nan,nan,nan,nan,nan,nan,nan,nan,nan,nan,nan,nan,nan,nan,nan,nan,nan,nan,nan,nan,nan,nan,nan,nan,nan,nan,nan,nan,nan,nan,nan,nan,nan,nan,nan,nan,nan,nan,nan,nan,nan,nan,nan
83,83,0,0,0,0.0,0.0,0.0,nan,nan,nan,nan,nan,nan,nan,nan,nan,nan,nan,nan,nan,nan,nan,nan,nan,nan,nan,nan,nan,nan,nan,nan,nan,nan,nan,nan,nan,nan,nan,nan,nan,nan,nan,nan,nan,nan,nan,nan,nan,nan,nan,nan,nan,nan,nan,nan,nan,nan,nan,nan,nan,nan,nan,nan,nan,nan,nan,nan,nan,nan,nan,nan,nan,nan,nan,nan,nan,nan,nan,nan,nan,nan,nan,nan,nan,nan,nan,nan,nan,nan,nan,nan,nan,nan,nan,nan,nan,nan,nan,nan,nan,nan,nan,nan,nan,nan,nan,nan,nan,nan,nan,nan,nan,nan,nan,nan,nan,nan,nan,nan,nan,nan,nan,nan,nan,nan,nan,nan,nan,nan,nan,nan,nan,nan,nan,nan,nan,nan,nan,nan,nan,nan,nan,nan,nan,nan,nan,nan,nan,nan,nan,nan,nan,nan,nan,nan,nan,nan,nan,nan,nan,nan,nan,nan,nan,nan,nan,nan,nan,nan,nan,nan,nan,nan,nan,nan,nan,nan,nan,nan,nan,nan,nan,nan,nan,nan,nan,nan,nan,nan,nan,nan,nan,nan,nan,nan,nan,nan,nan,nan,nan,nan,nan,nan,nan,nan,nan,nan,nan,nan,nan,nan,nan,nan,nan,nan,nan,nan,nan,nan,nan,nan,nan,nan,nan,nan,nan,nan,nan,nan,nan,nan,nan,nan,nan,nan,nan,nan,nan,nan,nan,nan,nan,nan,nan,nan,nan,nan,nan,nan,nan,nan,nan,nan,nan,nan,nan,nan,nan,nan,nan,nan,nan,nan,nan,nan
