frame,timestamp_ms,pose_present,left_hand_present,right_hand_present,pose_score,left_hand_score,right_hand_score,pose_lm0_x,pose_lm0_y,pose_lm0_z,pose_lm0_vis,pose_lm1_x,pose_lm1_y,pose_lm1_z,pose_lm1_vis,pose_lm2_x,pose_lm2_y,pose_lm2_z,pose_lm2_vis,pose_lm3_x,pose_lm3_y,pose_lm3_z,pose_lm3_vis,pose_lm4_x,pose_lm4_y,pose_lm4_z,pose_lm4_vis,pose_lm5_x,pose_lm5_y,pose_lm5_z,pose_lm5_vis,pose_lm6_x,pose_lm6_y,pose_lm6_z,pose_lm6_vis,pose_lm7_x,pose_lm7_y,pose_lm7_z,pose_lm7_vis,pose_lm8_x,pose_lm8_y,pose_lm8_z,pose_lm8_vis,pose_lm9_x,pose_lm9_y,pose_lm9_z,pose_lm9_vis,pose_lm10_x,pose_lm10_y,pose_lm10_z,pose_lm10_vis,pose_lm11_x,pose_lm11_y,pose_lm11_z,pose_lm11_vis,pose_lm12_x,pose_lm12_y,pose_lm12_z,pose_lm12_vis,pose_lm13_x,pose_lm13_y,pose_lm13_z,pose_lm13_vis,pose_lm14_x,pose_lm14_y,pose_lm14_z,pose_lm14_vis,pose_lm15_x,pose_lm15_y,pose_lm15_z,pose_lm15_vis,pose_lm16_x,pose_lm16_y,pose_lm16_z,pose_lm16_vis,pose_lm17_x,pose_lm17_y,pose_lm17_z,pose_lm17_vis,pose_lm18_x,pose_lm18_y,pose_lm18_z,pose_lm18_vis,pose_lm19_x,pose_lm19_y,pose_lm19_z,pose_lm19_vis,pose_lm20_x,pose_lm20_y,pose_lm20_z,pose_lm20_vis,pose_lm21_x,pose_lm21_y,pose_lm21_z,pose_lm21_vis,pose_lm22_x,pose_lm22_y,pose_lm22_z,pose_lm22_vis,pose_lm23_x,pose_lm23_y,pose_lm23_z,pose_lm23_vis,pose_lm24_x,pose_lm24_y,pose_lm24_z,pose_lm24_vis,pose_lm25_x,pose_lm25_y,pose_lm25_z,pose_lm25_vis,pose_lm26_x,pose_lm26_y,pose_lm26_z,pose_lm26_vis,pose_lm27_x,pose_lm27_y,pose_lm27_z,pose_lm27_vis,pose_lm28_x,pose_lm28_y,pose_lm28_z,pose_lm28_vis,pose_lm29_x,pose_lm29_y,pose_lm29_z,pose_lm29_vis,pose_lm30_x,pose_lm30_y,pose_lm30_z,pose_lm30_vis,pose_lm31_x,pose_lm31_y,pose_lm31_z,pose_lm31_vis,pose_lm32_x,pose_lm32_y,pose_lm32_z,pose_lm32_vis,left_lm0_x,left_lm0_y,left_lm0_z,left_lm1_x,left_lm1_y,left_lm1_z,left_lm2_x,left_lm2_y,left_lm2_z,left_lm3_x,left_lm3_y,left_lm3_z,left_lm4_x,left_lm4_y,left_lm4_z,left_lm5_x,left_lm5_y,left_lm5_z,left_lm6_x,left_lm6_y,left_lm6_z,left_lm7_x,left_lm7_y,left_lm7_z,left_lm8_x,left_lm8_y,left_lm8_z,left_lm9_x,left_lm9_y,left_lm9_z,left_lm10_x,left_lm10_y,left_lm10_z,left_lm11_x,left_lm11_y,left_lm11_z,left_lm12_x,left_lm12_y,left_lm12_z,left_lm13_x,left_lm13_y,left_lm13_z,left_lm14_x,left_lm14_y,left_lm14_z,left_lm15_x,left_lm15_y,left_lm15_z,left_lm16_x,left_lm16_y,left_lm16_z,left_lm17_x,left_lm17_y,left_lm17_z,left_lm18_x,left_lm18_y,left_lm18_z,left_lm19_x,left_lm19_y,left_lm19_z,left_lm20_x,left_lm20_y,left_lm20_z,right_lm0_x,right_lm0_y,right_lm0_z,right_lm1_x,right_lm1_y,right_lm1_z,right_lm2_x,right_lm2_y,right_lm2_z,right_lm3_x,right_lm3_y,right_lm3_z,right_lm4_x,right_lm4_y,right_lm4_z,right_lm5_x,right_lm5_y,right_lm5_z,right_lm6_x,right_lm6_y,right_lm6_z,right_lm7_x,right_lm7_y,right_lm7_z,right_lm8_x,right_lm8_y,right_lm8_z,right_lm9_x,right_lm9_y,right_lm9_z,right_lm10_x,right_lm10_y,right_lm10_z,right_lm11_x,right_lm11_y,right_lm11_z,right_lm12_x,right_lm12_y,right_lm12_z,right_lm13_x,right_lm13_y,right_lm13_z,right_lm14_x,right_lm14_y,right_lm14_z,right_lm15_x,right_lm15_y,right_lm15_z,right_lm16_x,right_lm16_y,right_lm16_z,right_lm17_x,right_lm17_y,right_lm17_z,right_lm18_x,right_lm18_y,right_lm18_z,right_lm19_x,right_lm19_y,right_lm19_z,right_lm20_x,right_lm20_y,right_lm20_z
0,0,1,0,0,1.0,0.0,0.0,0.5118775367736816,0.2828540503978729,-0.7704776525497437,0.9999688863754272,0.5253899693489075,0.24369153380393982,-0.7275279760360718,0.9999451041221619,0.5331037640571594,0.2439664900302887,-0.7276506423950195,0.9999376535415649,0.5413085222244263,0.24302856624126434,-0.7275749444961548,0.9999335408210754,0.499421089887619,0.24654407799243927,-0.7295753359794617,0.9999423623085022,0.4882897138595581,0.2483343631029129,-0.7294696569442749,0.9999451041221619,0.4790029227733612,0.2507406771183014,-0.7298271059989929,0.9999426007270813,0.5539894104003906,0.2589414119720459,-0.4372865855693817,0.999912679195404,0.4635159373283386,0.2742956876754761,-0.43452686071395874,0.9999406933784485,0.5264860987663269,0.3258369565010071,-0.664518415927887,0.9999867081642151,0.49380892515182495,0.330489844083786,-0.6639624238014221,0.999985933303833,0.6386256814002991,0.511292576789856,-0.27340686321258545,0.9999532699584961,0.3841765522956848,0.5324350595474243,-0.25393515825271606,0.9998756051063538,0.7039502263069153,0.8199308514595032,-0.205047607421875,0.9860475659370422,0.32748696208000183,0.8506581783294678,-0.18218526244163513,0.9904868006706238,0.6959260106086731,1.1145187616348267,-0.4577470123767853,0.9273474216461182,0.3190302848815918,1.141011357307434,-0.4836689531803131,0.9269907474517822,0.6972148418426514,1.2026126384735107,-0.5368055105209351,0.9083257913589478,0.29054558277130127,1.2408841848373413,-0.5606645941734314,0.902786910533905,0.6800389885902405,1.2050995826721191,-0.593282163143158,0.919216513633728,0.31664344668388367,1.2402331829071045,-0.6448808312416077,0.9146520495414734,0.6688496470451355,1.176547646522522,-0.4906628429889679,0.9173470139503479,0.32646065950393677,1.2072025537490845,-0.5250742435455322,0.9188417792320251,0.6073233485221863,1.1442238092422485,-0.05362687632441521,0.8770027160644531,0.44019055366516113,1.1623703241348267,0.05571136996150017,0.8693669438362122,0.6012712121009827,1.6335272789001465,0.028876548632979393,0.029205171391367912,0.44445860385894775,1.6514692306518555,0.13869959115982056,0.01527430023998022,0.598421573638916,2.066256046295166,0.5138219594955444,0.0009814416989684105,0.44882965087890625,2.083004951477051,0.512733519077301,0.0009632416185922921,0.6014624834060669,2.129101514816284,0.5389558672904968,0.0008856643107719719,0.4486992657184601,2.1448888778686523,0.53790682554245,0.0017360334750264883,0.575501561164856,2.201650857925415,0.167050302028656,0.0005820398801006377,0.4685813784599304,2.214475631713867,0.13121159374713898,0.0018985987408086658,nan,nan,nan,nan,nan,nan,nan,nan,nan,nan,nan,nan,nan,nan,nan,nan,nan,nan,nan,nan,nan,nan,nan,nan,nan,nan,nan,nan,nan,nan,nan,nan,nan,nan,nan,nan,nan,nan,nan,nan,nan,nan,nan,nan,nan,nan,nan,nan,nan,nan,nan,nan,nan,nan,nan,nan,nan,nan,nan,nan,nan,nan,nan,nan,nan,nan,nan,nan,nan,nan,nan,nan,nan,nan,nan,nan,nan,nan,nan,nan,nan,nan,nan,nan,nan,nan,nan,nan,nan,nan,nan,nan,nan,nan,nan,nan,nan,nan,nan,nan,nan,nan,nan,nan,nan,nan,nan,nan,nan,nan,nan,nan,nan,nan,nan,nan,nan,nan,nan,nan,nan,nan,nan,nan,nan,nan
1,1,1,0,0,1.0,0.0,0.0,0.513043999671936,0.3026287853717804,-0.8253669142723083,0.9999679923057556,0.5268925428390503,0.26212403178215027,-0.7940725684165955,0.9999402761459351,0.5370331406593323,0.2619478106498718,-0.7940571308135986,0.9999330639839172,0.5435517430305481,0.2620796263217926,-0.7940847873687744,0.9999276399612427,0.4992211163043976,0.2641594409942627,-0.7886226177215576,0.9999398589134216,0.49094510078430176,0.26573675870895386,-0.7884995937347412,0.9999431371688843,0.4824640154838562,0.2675968408584595,-0.7888222336769104,0.9999411702156067,0.560135543346405,0.27769386768341064,-0.5435528755187988,0.9999042749404907,0.4774770438671112,0.2868745028972626,-0.5066893100738525,0.9999386668205261,0.5312899947166443,0.3431115746498108,-0.731345534324646,0.9999856948852539,0.498171329498291,0.3485868573188782,-0.7207738161087036,0.9999854564666748,0.6527683734893799,0.5431106090545654,-0.37696537375450134,0.9999300241470337,0.3967573940753937,0.5464751720428467,-0.3165114223957062,0.9998800158500671,0.7142922878265381,0.8490276336669922,-0.309978723526001,0.9846320152282715,0.34001725912094116,0.8564621806144714,-0.22180552780628204,0.9888266324996948,0.7130579352378845,1.1325500011444092,-0.528123140335083,0.8665188550949097,0.32832348346710205,1.1428872346878052,-0.48084476590156555,0.8908510804176331,0.721705973148346,1.2276233434677124,-0.6005488634109497,0.8354146480560303,0.30097976326942444,1.243072748184204,-0.549307107925415,0.8540763854980469,0.7007594704627991,1.2321242094039917,-0.6539701223373413,0.8518449664115906,0.3246024250984192,1.2373626232147217,-0.62690269947052,0.8724583983421326,0.6891620755195618,1.1981990337371826,-0.557759165763855,0.8511371612548828,0.3346865177154541,1.2049592733383179,-0.5184111595153809,0.8798674941062927,0.5914067029953003,1.1220064163208008,-0.05820096284151077,0.7928316593170166,0.4320158362388611,1.118303656578064,0.06023415923118591,0.7873994708061218,0.5819140672683716,1.568314552307129,0.050211142748594284,0.026570601388812065,0.4353078603744507,1.5661535263061523,0.22540554404258728,0.01392151415348053,0.5778483748435974,1.9445998668670654,0.5226148962974548,0.0009629755513742566,0.43625593185424805,1.9535467624664307,0.6553664207458496,0.0008969994378276169,0.5808489918708801,2.001448631286621,0.5479339361190796,0.0008375286706723273,0.4348194897174835,2.011190414428711,0.6865048408508301,0.0016484835650771856,0.5540291666984558,2.0788512229919434,0.18169540166854858,0.0005850755260325968,0.4545195698738098,2.0902533531188965,0.2940831482410431,0.0017768400721251965,nan,nan,nan,nan,nan,nan,nan,nan,nan,nan,nan,nan,nan,nan,nan,nan,nan,nan,nan,nan,nan,nan,nan,nan,nan,nan,nan,nan,nan,nan,nan,nan,nan,nan,nan,nan,nan,nan,nan,nan,nan,nan,nan,nan,nan,nan,nan,nan,nan,nan,nan,nan,nan,nan,nan,nan,nan,nan,nan,nan,nan,nan,nan,nan,nan,nan,nan,nan,nan,nan,nan,nan,nan,nan,nan,nan,nan,nan,nan,nan,nan,nan,nan,nan,nan,nan,nan,nan,nan,nan,nan,nan,nan,nan,nan,nan,nan,nan,nan,nan,nan,nan,nan,nan,nan,nan,nan,nan,nan,nan,nan,nan,nan,nan,nan,nan,nan,nan,nan,nan,nan,nan,nan,nan,nan,nan
2,2,1,0,0,1.0,0.0,0.0,0.516746461391449,0.29967957735061646,-0.7987102270126343,0.9999606013298035,0.5295289158821106,0.2600879371166229,-0.7634994387626648,0.9999158978462219,0.5393280982971191,0.2595519721508026,-0.763620138168335,0.9999117851257324,0.5480490922927856,0.25908488035202026,-0.7637353539466858,0.99990314245224,0.502003014087677,0.26402121782302856,-0.7612321376800537,0.9999170303344727,0.4922943115234375,0.26565849781036377,-0.7611333131790161,0.9999232292175293,0.48343417048454285,0.26709485054016113,-0.7615050673484802,0.9999188780784607,0.564693033695221,0.27865511178970337,-0.4974537193775177,0.9998685717582703,0.4731484353542328,0.28830915689468384,-0.47244125604629517,0.9999170303344727,0.5347636938095093,0.34367382526397705,-0.6986834406852722,0.9999816417694092,0.500605046749115,0.3473362624645233,-0.6914801001548767,0.9999815225601196,0.654105007648468,0.5416722297668457,-0.3330264687538147,0.9999145269393921,0.3975997865200043,0.5535832047462463,-0.29890042543411255,0.9998726844787598,0.7146735191345215,0.8673758506774902,-0.29022690653800964,0.9792220592498779,0.34280264377593994,0.8615292310714722,-0.23915992677211761,0.9856772422790527,0.7248551249504089,1.1464587450027466,-0.5759293437004089,0.8151279091835022,0.3206264078617096,1.1545026302337646,-0.5310944318771362,0.8447559475898743,0.7402279376983643,1.242202639579773,-0.6640327572822571,0.7712621688842773,0.304392546415329,1.2499257326126099,-0.6110026240348816,0.7939353585243225,0.7270066738128662,1.2408374547958374,-0.7253007888793945,0.792942464351654,0.326657235622406,1.2426042556762695,-0.6937924027442932,0.8163868188858032,0.712270200252533,1.2080641984939575,-0.611613392829895,0.7935236096382141,0.33618026971817017,1.210296630859375,-0.5722169876098633,0.8279517292976379,0.6241457462310791,1.151392936706543,-0.05560089647769928,0.7204216718673706,0.4542704224586487,1.1608433723449707,0.05760661140084267,0.7166029810905457,0.6194312572479248,1.6160069704055786,0.10616394877433777,0.02423412725329399,0.4580654501914978,1.629072666168213,0.26451972126960754,0.01269046775996685,0.6202132701873779,2.018033981323242,0.6189581751823425,0.0009425814496353269,0.4579493999481201,2.0386736392974854,0.7314682602882385,0.0008389524300582707,0.6259683966636658,2.0836126804351807,0.6482919454574585,0.0008074311190284789,0.45557162165641785,2.105283737182617,0.7670777440071106,0.0015688613057136536,0.5924631953239441,2.161877393722534,0.27139776945114136,0.0005674274871125817,0.4817313253879547,2.1833043098449707,0.36923035979270935,0.0016657350352033973,nan,nan,nan,nan,nan,nan,nan,nan,nan,nan,nan,nan,nan,nan,nan,nan,nan,nan,nan,nan,nan,nan,nan,nan,nan,nan,nan,nan,nan,nan,nan,nan,nan,nan,nan,nan,nan,nan,nan,nan,nan,nan,nan,nan,nan,nan,nan,nan,nan,nan,nan,nan,nan,nan,nan,nan,nan,nan,nan,nan,nan,nan,nan,nan,nan,nan,nan,nan,nan,nan,nan,nan,nan,nan,nan,nan,nan,nan,nan,nan,nan,nan,nan,nan,nan,nan,nan,nan,nan,nan,nan,nan,nan,nan,nan,nan,nan,nan,nan,nan,nan,nan,nan,nan,nan,nan,nan,nan,nan,nan,nan,nan,nan,nan,nan,nan,nan,nan,nan,nan,nan,nan,nan,nan,nan,nan
3,3,1,0,0,1.0,0.0,0.0,0.5156011581420898,0.30314791202545166,-0.8068106174468994,0.999956488609314,0.5322644710540771,0.2626136839389801,-0.7715542912483215,0.9999009966850281,0.5408697128295898,0.26204827427864075,-0.7716454267501831,0.9999010562896729,0.5488434433937073,0.2622394561767578,-0.7717726826667786,0.9998883605003357,0.5018309950828552,0.26577723026275635,-0.7707525491714478,0.9999040961265564,0.49241524934768677,0.2668214440345764,-0.7706136107444763,0.9999141693115234,0.484855979681015,0.26746636629104614,-0.7710027694702148,0.9999069571495056,0.5657230615615845,0.2836853861808777,-0.49925535917282104,0.9998518228530884,0.475663423538208,0.2876262962818146,-0.4839646518230438,0.9999088048934937,0.536283552646637,0.3460145592689514,-0.7044945359230042,0.9999788403511047,0.4986462891101837,0.3476580083370209,-0.6998511552810669,0.9999791383743286,0.6539064049720764,0.539565920829773,-0.3161870837211609,0.9998966455459595,0.39953652024269104,0.5496081709861755,-0.3090790808200836,0.999869167804718,0.7148317098617554,0.8681569695472717,-0.24597108364105225,0.9767629504203796,0.3461730182170868,0.8672712445259094,-0.24838034808635712,0.9824745655059814,0.7163565754890442,1.1694542169570923,-0.4993993043899536,0.7678232192993164,0.3299385607242584,1.1700679063796997,-0.5221548676490784,0.805660605430603,0.7295695543289185,1.2671480178833008,-0.5750652551651001,0.7146033048629761,0.32137447595596313,1.2609354257583618,-0.5969981551170349,0.7447441816329956,0.7255524396896362,1.2637046575546265,-0.6354394555091858,0.7408557534217834,0.3433641791343689,1.255317211151123,-0.6775943636894226,0.7698487639427185,0.7118596434593201,1.2284458875656128,-0.5322715044021606,0.7424576282501221,0.3522256314754486,1.2209103107452393,-0.5611721277236938,0.7850508689880371,0.6160600781440735,1.1562408208847046,-0.04986320063471794,0.6560933589935303,0.4463353455066681,1.159681797027588,0.05157414451241493,0.654237687587738,0.6090342402458191,1.6316560506820679,0.08212035894393921,0.022061023861169815,0.44743409752845764,1.6384785175323486,0.18855151534080505,0.01158163882791996,0.6030608415603638,2.044996500015259,0.5429723858833313,0.0009559453465044498,0.43916603922843933,2.067744255065918,0.5643694400787354,0.0008123333100229502,0.6072349548339844,2.1071627140045166,0.5673201680183411,0.0008016054052859545,0.43556976318359375,2.1359946727752686,0.5907220840454102,0.0015299516962841153,0.5759499073028564,2.1915786266326904,0.23288023471832275,0.0005686669028364122,0.45882338285446167,2.2079200744628906,0.26423588395118713,0.0015813675709068775,nan,nan,nan,nan,nan,nan,nan,nan,nan,nan,nan,nan,nan,nan,nan,nan,nan,nan,nan,nan,nan,nan,nan,nan,nan,nan,nan,nan,nan,nan,nan,nan,nan,nan,nan,nan,nan,nan,nan,nan,nan,nan,nan,nan,nan,nan,nan,nan,nan,nan,nan,nan,nan,nan,nan,nan,nan,nan,nan,nan,nan,nan,nan,nan,nan,nan,nan,nan,nan,nan,nan,nan,nan,nan,nan,nan,nan,nan,nan,nan,nan,nan,nan,nan,nan,nan,nan,nan,nan,nan,nan,nan,nan,nan,nan,nan,nan,nan,nan,nan,nan,nan,nan,nan,nan,nan,nan,nan,nan,nan,nan,nan,nan,nan,nan,nan,nan,nan,nan,nan,nan,nan,nan,nan,nan,nan
4,4,1,0,0,1.0,0.0,0.0,0.5144868493080139,0.30224210023880005,-0.7723894715309143,0.99994957447052,0.5316606163978577,0.2612251043319702,-0.7346524000167847,0.9998798370361328,0.5423001050949097,0.260916143655777,-0.7348074316978455,0.9998822212219238,0.5495500564575195,0.2611899971961975,-0.7349199056625366,0.999866247177124,0.5012699365615845,0.264357328414917,-0.7356850504875183,0.9998854398727417,0.49298354983329773,0.26555028557777405,-0.7355411052703857,0.9998993277549744,0.4841102957725525,0.26631593704223633,-0.7359321713447571,0.9998900890350342,0.5646997690200806,0.283725768327713,-0.46290528774261475,0.9998199343681335,0.4775393307209015,0.28647276759147644,-0.45581868290901184,0.9998974204063416,0.5360947847366333,0.3436528444290161,-0.6716161370277405,0.9999750852584839,0.49725884199142456,0.34570083022117615,-0.6693611145019531,0.9999761581420898,0.6532492637634277,0.5415792465209961,-0.28994956612586975,0.9998776912689209,0.39881980419158936,0.5544201135635376,-0.2925272285938263,0.999860405921936,0.714353621006012,0.8678175210952759,-0.2293059527873993,0.9724972248077393,0.3434202969074249,0.8727319240570068,-0.24326297640800476,0.9790338277816772,0.7134718894958496,1.1498746871948242,-0.49964192509651184,0.730701208114624,0.3292827308177948,1.1687517166137695,-0.5314100384712219,0.7730286717414856,0.7283843159675598,1.2507919073104858,-0.582057774066925,0.6697697043418884,0.3177103102207184,1.268528938293457,-0.6094121932983398,0.7031874060630798,0.7269835472106934,1.2364492416381836,-0.6444841027259827,0.7009158730506897,0.340759813785553,1.2616668939590454,-0.6901194453239441,0.7310507893562317,0.7131323218345642,1.204643964767456,-0.534997820854187,0.7039265036582947,0.350321501493454,1.2273917198181152,-0.5709524154663086,0.7505118250846863,0.6158761978149414,1.0925450325012207,-0.046728674322366714,0.5965292453765869,0.4526311159133911,1.168950080871582,0.04830362647771835,0.5957931280136108,0.6195998787879944,1.641903042793274,0.08580715209245682,0.02001834660768509,0.45633694529533386,1.6592539548873901,0.16647745668888092,0.010522971861064434,0.6151212453842163,2.0664055347442627,0.5662394762039185,0.0009300236124545336,0.4511753022670746,2.0923218727111816,0.5415471196174622,0.0007637753733433783,0.6199820041656494,2.1292402744293213,0.5916101932525635,0.0007623775163665414,0.44813716411590576,2.1578385829925537,0.5680660605430603,0.0014418609207496047,0.5880652070045471,2.212556838989258,0.2283487766981125,0.00054325838573277,0.4737216830253601,2.235273838043213,0.2006833851337433,0.0014780053170397878,nan,nan,nan,nan,nan,nan,nan,nan,nan,nan,nan,nan,nan,nan,nan,nan,nan,nan,nan,nan,nan,nan,nan,nan,nan,nan,nan,nan,nan,nan,nan,nan,nan,nan,nan,nan,nan,nan,nan,nan,nan,nan,nan,nan,nan,nan,nan,nan,nan,nan,nan,nan,nan,nan,nan,nan,nan,nan,nan,nan,nan,nan,nan,nan,nan,nan,nan,nan,nan,nan,nan,nan,nan,nan,nan,nan,nan,nan,nan,nan,nan,nan,nan,nan,nan,nan,nan,nan,nan,nan,nan,nan,nan,nan,nan,nan,nan,nan,nan,nan,nan,nan,nan,nan,nan,nan,nan,nan,nan,nan,nan,nan,nan,nan,nan,nan,nan,nan,nan,nan,nan,nan,nan,nan,nan,nan
5,5,1,0,0,1.0,0.0,0.0,0.5150384902954102,0.3012773394584656,-0.6987104415893555,0.9999376535415649,0.5319876670837402,0.2605402171611786,-0.6611974239349365,0.9998468160629272,0.5427011847496033,0.260483980178833,-0.6613654494285583,0.999854326248169,0.5500629544258118,0.2609124183654785,-0.6614348888397217,0.9998320937156677,0.5018231868743896,0.2630947530269623,-0.6624265313148499,0.9998540282249451,0.4935859143733978,0.26442185044288635,-0.6622520685195923,0.9998745918273926,0.4845542013645172,0.2653726637363434,-0.6626647710800171,0.9998604655265808,0.5646860599517822,0.2835218608379364,-0.4263513684272766,0.9997738599777222,0.47822684049606323,0.2854645550251007,-0.41283103823661804,0.9998774528503418,0.5366716980934143,0.3424603343009949,-0.6027379631996155,0.999968409538269,0.49744313955307007,0.34445086121559143,-0.600992739200592,0.9999703168869019,0.6521373391151428,0.5417098999023438,-0.23445184528827667,0.9998571872711182,0.3982272148132324,0.5519098043441772,-0.2715047299861908,0.9998472929000854,0.7148740887641907,0.8589338660240173,-0.15728487074375153,0.967731773853302,0.3435031771659851,0.8664119243621826,-0.21380172669887543,0.974854052066803,0.712630569934845,1.1299026012420654,-0.4589320421218872,0.6989306211471558,0.33151277899742126,1.134949803352356,-0.5046811699867249,0.7446603775024414,0.7238245606422424,1.2258425951004028,-0.5619010925292969,0.6309525966644287,0.3119184970855713,1.2480149269104004,-0.5741453766822815,0.6672767400741577,0.7007166743278503,1.200262188911438,-0.6095997095108032,0.6663669347763062,0.3426956534385681,1.2212107181549072,-0.6478474140167236,0.6974123120307922,0.709906280040741,1.1603477001190186,-0.5099231004714966,0.6697519421577454,0.35151946544647217,1.1874072551727295,-0.536430299282074,0.7198878526687622,0.6169207096099854,1.1544376611709595,-0.04525019973516464,0.5447108745574951,0.44502994418144226,1.1654086112976074,0.047324929386377335,0.5447633862495422,0.6087921857833862,1.6303741931915283,0.08180246502161026,0.018232187256217003,0.4418460428714752,1.6400240659713745,0.16028600931167603,0.009600277058780193,0.600121259689331,2.0488665103912354,0.5405916571617126,0.0009219133062288165,0.43522632122039795,2.0675666332244873,0.5074127912521362,0.0007324299076572061,0.6030772924423218,2.111272096633911,0.5644553899765015,0.0007484348025172949,0.4325235188007355,2.133610725402832,0.5322381854057312,0.0013837546575814486,0.5765764713287354,2.191469669342041,0.21598313748836517,0.0005351006402634084,0.45709851384162903,2.202868700027466,0.14011311531066895,0.0014067438896745443,nan,nan,nan,nan,nan,nan,nan,nan,nan,nan,nan,nan,nan,nan,nan,nan,nan,nan,nan,nan,nan,nan,nan,nan,nan,nan,nan,nan,nan,nan,nan,nan,nan,nan,nan,nan,nan,nan,nan,nan,nan,nan,nan,nan,nan,nan,nan,nan,nan,nan,nan,nan,nan,nan,nan,nan,nan,nan,nan,nan,nan,nan,nan,nan,nan,nan,nan,nan,nan,nan,nan,nan,nan,nan,nan,nan,nan,nan,nan,nan,nan,nan,nan,nan,nan,nan,nan,nan,nan,nan,nan,nan,nan,nan,nan,nan,nan,nan,nan,nan,nan,nan,nan,nan,nan,nan,nan,nan,nan,nan,nan,nan,nan,nan,nan,nan,nan,nan,nan,nan,nan,nan,nan,nan,nan,nan
6,6,1,0,0,1.0,0.0,0.0,0.5168066024780273,0.30044233798980713,-0.7450827956199646,0.9999258518218994,0.5332276225090027,0.26028433442115784,-0.7065937519073486,0.9998109340667725,0.5440204739570618,0.26055461168289185,-0.7067499756813049,0.999825119972229,0.5514541268348694,0.261172354221344,-0.7068290114402771,0.9997944831848145,0.5031077265739441,0.2620358169078827,-0.7093155384063721,0.9998232126235962,0.49478256702423096,0.2634492814540863,-0.7091264128684998,0.9998525381088257,0.4856936037540436,0.2646138668060303,-0.7095856666564941,0.9998332858085632,0.5653294920921326,0.28400862216949463,-0.43446552753448486,0.9997209310531616,0.4792631268501282,0.2850876450538635,-0.43436482548713684,0.999861478805542,0.5381762385368347,0.34243735671043396,-0.6428274512290955,0.9999619722366333,0.49864137172698975,0.34370291233062744,-0.6428651809692383,0.999965488910675,0.6531602740287781,0.541081428527832,-0.24633394181728363,0.999833345413208,0.39948350191116333,0.5517581701278687,-0.28664448857307434,0.9998412728309631,0.7147377729415894,0.8607766032218933,-0.16625280678272247,0.9643455743789673,0.3432654142379761,0.8646461963653564,-0.23758824169635773,0.9722766876220703,0.7112463116645813,1.138899564743042,-0.4573332369327545,0.6697000861167908,0.3305334448814392,1.1560496091842651,-0.5135357975959778,0.7266597747802734,0.7222033143043518,1.2373119592666626,-0.545235276222229,0.5962755084037781,0.3202495276927948,1.2532085180282593,-0.5897212624549866,0.6416807174682617,0.7253447771072388,1.2091978788375854,-0.6031599640846252,0.6352851390838623,0.3438587486743927,1.2436060905456543,-0.6693628430366516,0.6734209656715393,0.7136071920394897,1.1774860620498657,-0.49878641963005066,0.639850914478302,0.3533919155597687,1.2092968225479126,-0.5511755347251892,0.6993664503097534,0.6167547702789307,1.0987788438796997,-0.03651338070631027,0.49769970774650574,0.4449896514415741,1.1622719764709473,0.038577914237976074,0.4992920160293579,0.6113526821136475,1.6342004537582397,0.10323690623044968,0.01656683161854744,0.44336381554603577,1.6461442708969116,0.15206241607666016,0.008740447461605072,0.6020127534866333,2.0579187870025635,0.580905556678772,0.0009187134564854205,0.4347311556339264,2.0795209407806396,0.5069364309310913,0.000701284094247967,0.6051621437072754,2.119617223739624,0.606084942817688,0.0007347155478782952,0.43184319138526917,2.1443238258361816,0.5324723720550537,0.0013205955037847161,0.5766271948814392,2.2024827003479004,0.24147967994213104,0.0005237663863226771,0.45560628175735474,2.217909336090088,0.13075709342956543,0.0013321375008672476,nan,nan,nan,nan,nan,nan,nan,nan,nan,nan,nan,nan,nan,nan,nan,nan,nan,nan,nan,nan,nan,nan,nan,nan,nan,nan,nan,nan,nan,nan,nan,nan,nan,nan,nan,nan,nan,nan,nan,nan,nan,nan,nan,nan,nan,nan,nan,nan,nan,nan,nan,nan,nan,nan,nan,nan,nan,nan,nan,nan,nan,nan,nan,nan,nan,nan,nan,nan,nan,nan,nan,nan,nan,nan,nan,nan,nan,nan,nan,nan,nan,nan,nan,nan,nan,nan,nan,nan,nan,nan,nan,nan,nan,nan,nan,nan,nan,nan,nan,nan,nan,nan,nan,nan,nan,nan,nan,nan,nan,nan,nan,nan,nan,nan,nan,nan,nan,nan,nan,nan,nan,nan,nan,nan,nan,nan
7,7,1,0,0,1.0,0.0,0.0,0.5166727900505066,0.3000754415988922,-0.7237511277198792,0.9999070763587952,0.5323955416679382,0.26038941740989685,-0.6864250302314758,0.9997532963752747,0.5428024530410767,0.2606855630874634,-0.6865569353103638,0.9997780919075012,0.5510866641998291,0.2612605094909668,-0.6866713762283325,0.9997353553771973,0.5031571984291077,0.26285940408706665,-0.6890882849693298,0.9997742772102356,0.49477696418762207,0.2645724415779114,-0.6889331340789795,0.9998177886009216,0.48604390025138855,0.26600220799446106,-0.6893772482872009,0.9997918605804443,0.5643793940544128,0.2844674587249756,-0.4205196499824524,0.9996429681777954,0.47978922724723816,0.28739407658576965,-0.4209258258342743,0.9998380541801453,0.5384545922279358,0.343039333820343,-0.6247783899307251,0.9999522566795349,0.4993821978569031,0.34424063563346863,-0.6246328949928284,0.9999580979347229,0.6531792283058167,0.5402398705482483,-0.243294820189476,0.9998077154159546,0.40023329854011536,0.5546627044677734,-0.2794201970100403,0.9998350739479065,0.7152693867683411,0.854174017906189,-0.15847714245319366,0.9614564776420593,0.3401167094707489,0.8614540696144104,-0.23175008594989777,0.970081090927124,0.7117207646369934,1.1354470252990723,-0.42554202675819397,0.6403282880783081,0.33249911665916443,1.155571699142456,-0.5007016658782959,0.7114946842193604,0.7229375839233398,1.2385674715042114,-0.5040990710258484,0.5631563067436218,0.3132324516773224,1.263514757156372,-0.5739136934280396,0.6193751096725464,0.7292554974555969,1.2099485397338867,-0.5729705095291138,0.6051050424575806,0.3463790714740753,1.2367440462112427,-0.6473559141159058,0.6523889899253845,0.7157996296882629,1.1790918111801147,-0.46555638313293457,0.610882580280304,0.3555276691913605,1.2029513120651245,-0.5358521938323975,0.6810629367828369,0.618906557559967,1.0864225625991821,-0.03163839131593704,0.4542998969554901,0.44575798511505127,1.1598914861679077,0.03365086391568184,0.4569064676761627,0.610672652721405,1.6335891485214233,0.10277818888425827,0.015012817457318306,0.4411444365978241,1.6433398723602295,0.13223958015441895,0.007936063222587109,0.5996752977371216,2.059218406677246,0.5735041499137878,0.0008806700352579355,0.4324095845222473,2.076801300048828,0.49707144498825073,0.0006581660127267241,0.602720320224762,2.121112108230591,0.5987907648086548,0.0006981588085182011,0.42981642484664917,2.1407392024993896,0.521959125995636,0.0012330602621659636,0.5737777948379517,2.2025516033172607,0.2408648133277893,0.0004990999586880207,0.45401763916015625,2.217409610748291,0.11277507245540619,0.0012391224736347795,nan,nan,nan,nan,nan,nan,nan,nan,nan,nan,nan,nan,nan,nan,nan,nan,nan,nan,nan,nan,nan,nan,nan,nan,nan,nan,nan,nan,nan,nan,nan,nan,nan,nan,nan,nan,nan,nan,nan,nan,nan,nan,nan,nan,nan,nan,nan,nan,nan,nan,nan,nan,nan,nan,nan,nan,nan,nan,nan,nan,nan,nan,nan,nan,nan,nan,nan,nan,nan,nan,nan,nan,nan,nan,nan,nan,nan,nan,nan,nan,nan,nan,nan,nan,nan,nan,nan,nan,nan,nan,nan,nan,nan,nan,nan,nan,nan,nan,nan,nan,nan,nan,nan,nan,nan,nan,nan,nan,nan,nan,nan,nan,nan,nan,nan,nan,nan,nan,nan,nan,nan,nan,nan,nan,nan,nan
8,8,1,0,0,1.0,0.0,0.0,0.5169681310653687,0.302245169878006,-0.7157551050186157,0.9998970031738281,0.5324859023094177,0.26249364018440247,-0.678242564201355,0.9997255206108093,0.542840301990509,0.26262179017066956,-0.678403377532959,0.9997535347938538,0.5512564778327942,0.262795627117157,-0.678523063659668,0.9997052550315857,0.5035009384155273,0.26491767168045044,-0.6797126531600952,0.9997498393058777,0.49518677592277527,0.2664761245250702,-0.679536759853363,0.9997983574867249,0.48657235503196716,0.267772376537323,-0.6799499988555908,0.9997693300247192,0.5642582178115845,0.28503361344337463,-0.4113987684249878,0.9996017217636108,0.48038172721862793,0.28918662667274475,-0.40892529487609863,0.9998236894607544,0.5386818051338196,0.3450230360031128,-0.6158873438835144,0.9999465942382812,0.500195324420929,0.34603893756866455,-0.6145448684692383,0.9999532699584961,0.65317302942276,0.5403561592102051,-0.24241629242897034,0.9997844099998474,0.4006567597389221,0.5561838746070862,-0.27054858207702637,0.9998252391815186,0.7179759740829468,0.849587082862854,-0.16250087320804596,0.9531914591789246,0.33623993396759033,0.8528320789337158,-0.19928529858589172,0.9667009115219116,0.7117812037467957,1.1182501316070557,-0.43069279193878174,0.6043177843093872,0.33264103531837463,1.1401787996292114,-0.46631377935409546,0.6800574660301208,0.7244622707366943,1.2155009508132935,-0.5121530890464783,0.5266649127006531,0.3138740658760071,1.2426496744155884,-0.5425213575363159,0.583686351776123,0.7005906105041504,1.199140191078186,-0.5787606835365295,0.571053147315979,0.34986117482185364,1.2175877094268799,-0.6201788187026978,0.6186580061912537,0.7076975703239441,1.1511719226837158,-0.4706399738788605,0.5764172077178955,0.35729625821113586,1.1835050582885742,-0.5037527680397034,0.6485058665275574,0.6203611493110657,1.0882322788238525,-0.035331711173057556,0.4109704792499542,0.4499918520450592,1.165956735610962,0.03738895431160927,0.4138926863670349,0.6125509738922119,1.6404308080673218,0.09675472974777222,0.013628344051539898,0.44513508677482605,1.652296543121338,0.13061289489269257,0.007223305758088827,0.6013606786727905,2.0666887760162354,0.5455778241157532,0.0008485286962240934,0.43638280034065247,2.0891475677490234,0.49229589104652405,0.0006187373073771596,0.6039612293243408,2.129619836807251,0.5702174305915833,0.0006656386540271342,0.4342641532421112,2.1553022861480713,0.5169489979743958,0.0011670019011944532,0.5766945481300354,2.2095425128936768,0.22441598773002625,0.00047994215856306255,0.4558095633983612,2.226882219314575,0.10957291722297668,0.001169806462712586,nan,nan,nan,nan,nan,nan,nan,nan,nan,nan,nan,nan,nan,nan,nan,nan,nan,nan,nan,nan,nan,nan,nan,nan,nan,nan,nan,nan,nan,nan,nan,nan,nan,nan,nan,nan,nan,nan,nan,nan,nan,nan,nan,nan,nan,nan,nan,nan,nan,nan,nan,nan,nan,nan,nan,nan,nan,nan,nan,nan,nan,nan,nan,nan,nan,nan,nan,nan,nan,nan,nan,nan,nan,nan,nan,nan,nan,nan,nan,nan,nan,nan,nan,nan,nan,nan,nan,nan,nan,nan,nan,nan,nan,nan,nan,nan,nan,nan,nan,nan,nan,nan,nan,nan,nan,nan,nan,nan,nan,nan,nan,nan,nan,nan,nan,nan,nan,nan,nan,nan,nan,nan,nan,nan,nan,nan
9,9,1,0,0,1.0,0.0,0.0,0.516416609287262,0.3026796281337738,-0.7242122292518616,0.9998895525932312,0.5319448113441467,0.26309266686439514,-0.6862932443618774,0.9997071027755737,0.5422692894935608,0.2632738947868347,-0.6864398717880249,0.9997362494468689,0.5508000254631042,0.2634400427341461,-0.686522901058197,0.9996825456619263,0.5030266046524048,0.2654825448989868,-0.6886643171310425,0.999737024307251,0.4946325421333313,0.2669999599456787,-0.6885403394699097,0.9997891783714294,0.4860769510269165,0.2683509886264801,-0.6889513731002808,0.9997597932815552,0.5641341209411621,0.2858201861381531,-0.4127768278121948,0.9995752573013306,0.4799031615257263,0.28994783759117126,-0.41379696130752563,0.9998196959495544,0.5380292534828186,0.3458684980869293,-0.6221044659614563,0.9999436140060425,0.49973416328430176,0.34671783447265625,-0.6219409704208374,0.9999516606330872,0.6541123390197754,0.5416882038116455,-0.24223458766937256,0.9997671842575073,0.39980849623680115,0.556443989276886,-0.263097882270813,0.9998250603675842,0.7225577235221863,0.841606855392456,-0.154804065823555,0.9516724348068237,0.3311373293399811,0.8432648181915283,-0.19928014278411865,0.966965913772583,0.7113785743713379,1.1107720136642456,-0.43095892667770386,0.5865964293479919,0.3362830877304077,1.11031973361969,-0.46934428811073303,0.6701130867004395,0.7205979824066162,1.2088627815246582,-0.5139825940132141,0.5046044588088989,0.31857427954673767,1.2095729112625122,-0.5491183996200562,0.5668553113937378,0.6943644881248474,1.1874572038650513,-0.5797762274742126,0.5512983202934265,0.3470694124698639,1.1887538433074951,-0.6228803992271423,0.6034092307090759,0.6891564130783081,1.1339287757873535,-0.4708586037158966,0.5566684603691101,0.3579516112804413,1.1441880464553833,-0.5058205127716064,0.6346492171287537,0.6180503964424133,1.149190902709961,-0.03484106808900833,0.37665921449661255,0.4475412666797638,1.1608108282089233,0.036856312304735184,0.3812183439731598,0.6048776507377625,1.6331241130828857,0.10360416769981384,0.012497522868216038,0.4405975043773651,1.6407400369644165,0.13086725771427155,0.0066643101163208485,0.5914055705070496,2.0547187328338623,0.5741446614265442,0.0009153924765996635,0.4305483102798462,2.0731213092803955,0.5016340613365173,0.0006264584371820092,0.5931376218795776,2.1159186363220215,0.6001448035240173,0.0007062455988489091,0.42866477370262146,2.136335849761963,0.5270169377326965,0.0012091407552361488,0.5677353143692017,2.1942131519317627,0.2451336681842804,0.0005036942893639207,0.44733548164367676,2.2107491493225098,0.11969158053398132,0.0011720811016857624,nan,nan,nan,nan,nan,nan,nan,nan,nan,nan,nan,nan,nan,nan,nan,nan,nan,nan,nan,nan,nan,nan,nan,nan,nan,nan,nan,nan,nan,nan,nan,nan,nan,nan,nan,nan,nan,nan,nan,nan,nan,nan,nan,nan,nan,nan,nan,nan,nan,nan,nan,nan,nan,nan,nan,nan,nan,nan,nan,nan,nan,nan,nan,nan,nan,nan,nan,nan,nan,nan,nan,nan,nan,nan,nan,nan,nan,nan,nan,nan,nan,nan,nan,nan,nan,nan,nan,nan,nan,nan,nan,nan,nan,nan,nan,nan,nan,nan,nan,nan,nan,nan,nan,nan,nan,nan,nan,nan,nan,nan,nan,nan,nan,nan,nan,nan,nan,nan,nan,nan,nan,nan,nan,nan,nan,nan
10,10,1,0,0,1.0,0.0,0.0,0.5162763595581055,0.30504146218299866,-0.7092045545578003,0.9998708367347717,0.5319189429283142,0.2651498317718506,-0.6726621389389038,0.9996699094772339,0.5423005223274231,0.26519790291786194,-0.6728105545043945,0.999701201915741,0.5509217381477356,0.26519420742988586,-0.6728991866111755,0.9996400475502014,0.502988874912262,0.267562597990036,-0.6739321351051331,0.9997053742408752,0.4945664703845978,0.268776535987854,-0.6738065481185913,0.9997623562812805,0.4861319363117218,0.27005982398986816,-0.6742005348205566,0.9997327923774719,0.5646078586578369,0.28712525963783264,-0.409792959690094,0.9995231628417969,0.48017311096191406,0.29138365387916565,-0.4006200134754181,0.9998048543930054,0.5382024645805359,0.34838593006134033,-0.6107458472251892,0.999937117099762,0.4999599754810333,0.349083811044693,-0.6105035543441772,0.9999469518661499,0.6546971797943115,0.5425023436546326,-0.23327717185020447,0.9997449517250061,0.40058889985084534,0.5548378825187683,-0.22355447709560394,0.9998205304145813,0.7249355912208557,0.8309977650642395,-0.15761689841747284,0.9495490193367004,0.3253706395626068,0.825761616230011,-0.14870424568653107,0.9679078459739685,0.7087330222129822,1.0954172611236572,-0.45506417751312256,0.5712032318115234,0.34629788994789124,1.0858396291732788,-0.41512030363082886,0.6592201590538025,0.7165432572364807,1.1975409984588623,-0.5407263040542603,0.4839370846748352,0.3345355689525604,1.1793032884597778,-0.49266716837882996,0.5466324687004089,0.6916605830192566,1.167174220085144,-0.6031481623649597,0.5318557024002075,0.3614865243434906,1.160406231880188,-0.5552259087562561,0.5845970511436462,0.683948814868927,1.117973804473877,-0.4913197457790375,0.5366871356964111,0.3681701719760895,1.1232882738113403,-0.44621869921684265,0.616209089756012,0.6140028834342957,1.1508654356002808,-0.03750289976596832,0.34731221199035645,0.44668295979499817,1.1512984037399292,0.0393955372273922,0.35414186120033264,0.6040666103363037,1.6245040893554688,0.09773135930299759,0.011502067558467388,0.4409078359603882,1.6275802850723267,0.13604429364204407,0.006213942542672157,0.5933483839035034,2.0457003116607666,0.5531190037727356,0.000942688959185034,0.4347538352012634,2.057896375656128,0.5125923752784729,0.0006265459232963622,0.5956088304519653,2.10673451423645,0.5782456994056702,0.0007102849194779992,0.4330330789089203,2.1201791763305664,0.5384926795959473,0.0012468904023990035,0.5695040225982666,2.183084487915039,0.22427117824554443,0.0005071303457953036,0.45149824023246765,2.195786237716675,0.12323261797428131,0.001161404186859727,nan,nan,nan,nan,nan,nan,nan,nan,nan,nan,nan,nan,nan,nan,nan,nan,nan,nan,nan,nan,nan,nan,nan,nan,nan,nan,nan,nan,nan,nan,nan,nan,nan,nan,nan,nan,nan,nan,nan,nan,nan,nan,nan,nan,nan,nan,nan,nan,nan,nan,nan,nan,nan,nan,nan,nan,nan,nan,nan,nan,nan,nan,nan,nan,nan,nan,nan,nan,nan,nan,nan,nan,nan,nan,nan,nan,nan,nan,nan,nan,nan,nan,nan,nan,nan,nan,nan,nan,nan,nan,nan,nan,nan,nan,nan,nan,nan,nan,nan,nan,nan,nan,nan,nan,nan,nan,nan,nan,nan,nan,nan,nan,nan,nan,nan,nan,nan,nan,nan,nan,nan,nan,nan,nan,nan,nan
11,11,1,0,0,1.0,0.0,0.0,0.5175394415855408,0.30496442317962646,-0.7053239345550537,0.9998390078544617,0.5330498814582825,0.2658996880054474,-0.6711772084236145,0.9996121525764465,0.5433617234230042,0.26602107286453247,-0.6712028384208679,0.9996280074119568,0.5519070625305176,0.2661232650279999,-0.6712351441383362,0.9995723962783813,0.5038859248161316,0.26775920391082764,-0.6676978468894958,0.9996621608734131,0.4953097999095917,0.2687954008579254,-0.6676375865936279,0.9997174143791199,0.48691827058792114,0.27004340291023254,-0.6680052280426025,0.999700129032135,0.5652890801429749,0.28762784600257874,-0.391122043132782,0.9994283318519592,0.4807279706001282,0.29126501083374023,-0.3643483817577362,0.9997804164886475,0.5395433902740479,0.34838759899139404,-0.6032388210296631,0.9999297857284546,0.5013997554779053,0.3484126031398773,-0.5957126021385193,0.9999421238899231,0.6545446515083313,0.5409780740737915,-0.22026661038398743,0.9997147917747498,0.4013945758342743,0.552375853061676,-0.16234371066093445,0.9998098015785217,0.735727071762085,0.82216477394104,-0.15959419310092926,0.9488615989685059,0.3234643340110779,0.8183836340904236,-0.06608650088310242,0.96958327293396,0.7027422189712524,1.0725306272506714,-0.4750799536705017,0.5681633353233337,0.3609866201877594,1.0657004117965698,-0.34465721249580383,0.65884929895401,0.7095427513122559,1.193244218826294,-0.5672083497047424,0.4731878936290741,0.3601842522621155,1.1456823348999023,-0.423919141292572,0.5359201431274414,0.6833245158195496,1.1415987014770508,-0.6227717399597168,0.5218477249145508,0.3843138813972473,1.1239031553268433,-0.4814305305480957,0.5755102038383484,0.6775556206703186,1.0963324308395386,-0.5071683526039124,0.5253037810325623,0.3855949342250824,1.0850480794906616,-0.3733501136302948,0.6061849594116211,0.6231437921524048,1.141206979751587,-0.04994736611843109,0.3180949091911316,0.45977017283439636,1.1488416194915771,0.05165720358490944,0.3267248570919037,0.6231241822242737,1.614131212234497,0.0511145256459713,0.010599911212921143,0.45969170331954956,1.621332049369812,0.12752577662467957,0.00585596589371562,0.6204886436462402,2.035598039627075,0.5138885378837585,0.0009365378064103425,0.46632081270217896,2.0479543209075928,0.49486011266708374,0.0006305110873654485,0.6232554316520691,2.0951335430145264,0.5377204418182373,0.0006891918601468205,0.46681979298591614,2.107830047607422,0.5198631882667542,0.0013129283906891942,0.6003650426864624,2.1711878776550293,0.1586862951517105,0.0004934546304866672,0.48596736788749695,2.1840455532073975,0.10227486491203308,0.0011965495068579912,nan,nan,nan,nan,nan,nan,nan,nan,nan,nan,nan,nan,nan,nan,nan,nan,nan,nan,nan,nan,nan,nan,nan,nan,nan,nan,nan,nan,nan,nan,nan,nan,nan,nan,nan,nan,nan,nan,nan,nan,nan,nan,nan,nan,nan,nan,nan,nan,nan,nan,nan,nan,nan,nan,nan,nan,nan,nan,nan,nan,nan,nan,nan,nan,nan,nan,nan,nan,nan,nan,nan,nan,nan,nan,nan,nan,nan,nan,nan,nan,nan,nan,nan,nan,nan,nan,nan,nan,nan,nan,nan,nan,nan,nan,nan,nan,nan,nan,nan,nan,nan,nan,nan,nan,nan,nan,nan,nan,nan,nan,nan,nan,nan,nan,nan,nan,nan,nan,nan,nan,nan,nan,nan,nan,nan,nan
12,12,1,0,0,1.0,0.0,0.0,0.5187473893165588,0.30714738368988037,-0.6679728031158447,0.9998160004615784,0.5340352058410645,0.2687561511993408,-0.6291219592094421,0.9995577335357666,0.5442134141921997,0.26884448528289795,-0.6293550133705139,0.9995748400688171,0.5523965358734131,0.26891300082206726,-0.6293903589248657,0.9995156526565552,0.5052345991134644,0.26970210671424866,-0.6265614628791809,0.9996238350868225,0.4967573285102844,0.27002274990081787,-0.6266331076622009,0.9996865391731262,0.48820415139198303,0.2710021734237671,-0.6270857453346252,0.9996750950813293,0.5658621191978455,0.289217084646225,-0.34884488582611084,0.9993710517883301,0.4815921485424042,0.2919088304042816,-0.33210185170173645,0.9997643232345581,0.5404325127601624,0.35090920329093933,-0.5630077719688416,0.9999240636825562,0.5034336447715759,0.3510139584541321,-0.5582090616226196,0.9999375343322754,0.6531752347946167,0.5391446948051453,-0.17038032412528992,0.9997009038925171,0.40456393361091614,0.5474764108657837,-0.1177387535572052,0.9997979402542114,0.7459886074066162,0.8081833124160767,-0.12256009876728058,0.9528495669364929,0.31937041878700256,0.7927880883216858,0.02100902982056141,0.9717788100242615,0.696563184261322,0.9686756134033203,-0.4594316780567169,0.6008929014205933,0.3652357757091522,0.9667537808418274,-0.18931043148040771,0.677422046661377,0.6983634829521179,1.0570282936096191,-0.5607348680496216,0.5002071261405945,0.37540698051452637,1.0400491952896118,-0.2555115222930908,0.5507062673568726,0.6760719418525696,1.0345172882080078,-0.6025508642196655,0.545783519744873,0.3950779438018799,1.0208839178085327,-0.30197733640670776,0.5884316563606262,0.671004593372345,1.0024828910827637,-0.4851230978965759,0.5469408631324768,0.393326997756958,0.9895600080490112,-0.21055868268013,0.6179611086845398,0.6222369074821472,1.1277709007263184,-0.0492020808160305,0.31108859181404114,0.46035054326057434,1.1347235441207886,0.05079900473356247,0.32738372683525085,0.617855966091156,1.5900639295578003,0.04065766558051109,0.010306042619049549,0.45466673374176025,1.593598484992981,0.07401208579540253,0.006180345080792904,0.6141234636306763,1.9996047019958496,0.44904014468193054,0.0010493295267224312,0.4601956605911255,2.0095579624176025,0.3838047385215759,0.000944043742492795,0.6157545447349548,2.0574872493743896,0.4687071442604065,0.0007728201453574002,0.46030017733573914,2.068345546722412,0.40263479948043823,0.001983908237889409,0.5962191820144653,2.1321768760681152,0.1125514954328537,0.0005568407359533012,0.4823930859565735,2.1419477462768555,0.020706400275230408,0.00166022137273103,nan,nan,nan,nan,nan,nan,nan,nan,nan,nan,nan,nan,nan,nan,nan,nan,nan,nan,nan,nan,nan,nan,nan,nan,nan,nan,nan,nan,nan,nan,nan,nan,nan,nan,nan,nan,nan,nan,nan,nan,nan,nan,nan,nan,nan,nan,nan,nan,nan,nan,nan,nan,nan,nan,nan,nan,nan,nan,nan,nan,nan,nan,nan,nan,nan,nan,nan,nan,nan,nan,nan,nan,nan,nan,nan,nan,nan,nan,nan,nan,nan,nan,nan,nan,nan,nan,nan,nan,nan,nan,nan,nan,nan,nan,nan,nan,nan,nan,nan,nan,nan,nan,nan,nan,nan,nan,nan,nan,nan,nan,nan,nan,nan,nan,nan,nan,nan,nan,nan,nan,nan,nan,nan,nan,nan,nan
13,13,1,1,1,1.0,1.0,1.0,0.5198157429695129,0.3083994686603546,-0.6414340734481812,0.9998332262039185,0.5347134470939636,0.2697829306125641,-0.6016910672187805,0.9995995163917542,0.5446035265922546,0.2695484459400177,-0.601797342300415,0.9996151924133301,0.552748441696167,0.26947861909866333,-0.6016908884048462,0.9995612502098083,0.5066503882408142,0.27034270763397217,-0.6073672771453857,0.9996596574783325,0.49829113483428955,0.2701524496078491,-0.6073709726333618,0.999716579914093,0.48973986506462097,0.27089840173721313,-0.6077379584312439,0.9997060298919678,0.5658168196678162,0.2885313332080841,-0.3024404048919678,0.9994312524795532,0.4826865792274475,0.29111722111701965,-0.32631754875183105,0.9997872114181519,0.5408108830451965,0.35113102197647095,-0.5287530422210693,0.9999313354492188,0.5047246217727661,0.3515172302722931,-0.5361602902412415,0.9999434947967529,0.6513855457305908,0.5364965200424194,-0.09481023997068405,0.999729335308075,0.40471380949020386,0.5439561009407043,-0.13921496272087097,0.9998167157173157,0.7487775087356567,0.7841601371765137,-0.1255539506673813,0.9572953581809998,0.31707340478897095,0.7852222919464111,-0.26087212562561035,0.9744241833686829,0.6970407366752625,0.8568718433380127,-0.658694326877594,0.640253484249115,0.35915738344192505,0.856464684009552,-0.7775712609291077,0.708980143070221,0.6933973431587219,0.9163020849227905,-0.7758209109306335,0.5483017563819885,0.3781459331512451,0.9124343991279602,-0.8857758641242981,0.5932911038398743,0.6733152270317078,0.8901250958442688,-0.80232834815979,0.5894334316253662,0.3951892554759979,0.8905838131904602,-0.9104483723640442,0.6271998286247253,0.6696203351020813,0.8720952868461609,-0.6803673505783081,0.5902003049850464,0.39344513416290283,0.8735774755477905,-0.794857382774353,0.6539813280105591,0.6202144026756287,1.1040303707122803,-0.003828818676993251,0.3428139388561249,0.4639677405357361,1.0986151695251465,0.005470135249197483,0.36513158679008484,0.6313568353652954,1.5726792812347412,0.0633278340101242,0.00954474601894617,0.4626120626926422,1.5884877443313599,0.02694624289870262,0.005731858778744936,0.6318429112434387,1.991091251373291,0.43598970770835876,0.0010114486794918776,0.47633039951324463,1.9957138299942017,0.290598064661026,0.0008883140399120748,0.6355987191200256,2.0564310550689697,0.45121341943740845,0.0007818989688530564,0.475460022687912,2.0608627796173096,0.3036160469055176,0.0018542211037129164,0.6134446859359741,2.120432138442993,0.10318583250045776,0.0005326175014488399,0.5046321153640747,2.125480890274048,-0.08341080695390701,0.001572304405272007,0.7104048728942871,0.8124158382415771,-1.0061690147722402e-07,0.686485230922699,0.8274208903312683,-0.0021192897111177444,0.6650237441062927,0.860018253326416,-0.005195162259042263,0.6525563597679138,0.8953949809074402,-0.007821032777428627,0.6511533260345459,0.9256488084793091,-0.011021888814866543,0.6679850220680237,0.8504977822303772,-0.013272683136165142,0.6639302968978882,0.8933265209197998,-0.02013341896235943,0.6683332324028015,0.8960615396499634,-0.023594489321112633,0.6703460812568665,0.8879518508911133,-0.025149650871753693,0.68343585729599,0.8533582091331482,-0.014973902143537998,0.6801717877388,0.9016624093055725,-0.02001270279288292,0.6843416094779968,0.9041690826416016,-0.020644795149564743,0.6867613792419434,0.8910743594169617,-0.02149970829486847,0.6988045573234558,0.8577218055725098,-0.016304809600114822,0.6968971490859985,0.9008811712265015,-0.02003062330186367,0.7001029253005981,0.9012349843978882,-0.017256567254662514,0.7014575004577637,0.8879780173301697,-0.015717854723334312,0.7132771611213684,0.8629377484321594,-0.017578434199094772,0.712312638759613,0.8957052230834961,-0.019523072987794876,0.713641345500946,0.8937050104141235,-0.016569331288337708,0.7139585614204407,0.8821280002593994,-0.014499418437480927,0.34127122163772583,0.8195560574531555,-1.339772381925286e-07,0.368376761674881,0.8279426097869873,-0.0013980184448882937,0.39047661423683167,0.8543957471847534,-0.004419042728841305,0.40576982498168945,0.8829221725463867,-0.007387122139334679,0.4111039936542511,0.9093469381332397,-0.00931303109973669,0.3853283226490021,0.8578338027000427,-0.008710475638508797,0.39756539463996887,0.8978682160377502,-0.014024649746716022,0.3922854959964752,0.8910045027732849,-0.016331562772393227,0.3878805935382843,0.8814213871955872,-0.017457805573940277,0.37135636806488037,0.8695111870765686,-0.010860911570489407,0.3807772994041443,0.9024516940116882,-0.013390124775469303,0.37777987122535706,0.8918624520301819,-0.012461991049349308,0.3744126558303833,0.8777591586112976,-0.012538143433630466,0.35739120841026306,0.8800470232963562,-0.012891034595668316,0.36571452021598816,0.9009539484977722,-0.014052928425371647,0.3630405068397522,0.891531765460968,-0.009674257598817348,0.3595539927482605,0.8788010478019714,-0.007602446246892214,0.34463101625442505,0.8880528807640076,-0.01508400123566389,0.35187453031539917,0.9005959033966064,-0.013911653310060501,0.3494979739189148,0.89101243019104,-0.008942786604166031,0.3462456166744232,0.880912721157074,-0.005888584069907665
14,14,1,1,1,1.0,1.0,1.0,0.5198666453361511,0.31096550822257996,-0.6515411138534546,0.9998496174812317,0.5349588394165039,0.2714422047138214,-0.602367103099823,0.9996390342712402,0.5450052618980408,0.2709980309009552,-0.602550745010376,0.999653160572052,0.5529823899269104,0.2706817388534546,-0.6028822064399719,0.999604344367981,0.5067994594573975,0.27156463265419006,-0.6157658696174622,0.9996933341026306,0.49844199419021606,0.27086588740348816,-0.6158386468887329,0.9997446537017822,0.48987215757369995,0.27141109108924866,-0.6162145137786865,0.9997351169586182,0.5656388401985168,0.28858235478401184,-0.3075000047683716,0.9994874596595764,0.4825734794139862,0.29079973697662354,-0.3295614719390869,0.9998083710670471,0.5403529405593872,0.35236409306526184,-0.5416789054870605,0.9999380707740784,0.5046001672744751,0.35292500257492065,-0.5451747179031372,0.999949038028717,0.6468914747238159,0.5340083241462708,-0.07757458835840225,0.9997546672821045,0.4079510271549225,0.5402319431304932,-0.1501007080078125,0.9998339414596558,0.7541099786758423,0.7753549218177795,-0.203617662191391,0.961189866065979,0.3081948459148407,0.7780047655105591,-0.37850794196128845,0.9768953323364258,0.6987334489822388,0.7625816464424133,-0.777043342590332,0.6760007739067078,0.35430625081062317,0.7491992712020874,-0.941431999206543,0.7379466891288757,0.6935416460037231,0.8027826547622681,-0.8791259527206421,0.5925731658935547,0.3673911988735199,0.7836682796478271,-1.0379365682601929,0.6333862543106079,0.6715248823165894,0.7751126289367676,-0.8822126388549805,0.6296223998069763,0.3887771964073181,0.7618557810783386,-1.0393372774124146,0.6638707518577576,0.6678406596183777,0.7605880498886108,-0.7882811427116394,0.6300762295722961,0.38991352915763855,0.7530056238174438,-0.9477894306182861,0.6879875659942627,0.6174707412719727,1.0797584056854248,-0.006955584045499563,0.36156705021858215,0.4585956037044525,1.0961966514587402,0.00852123461663723,0.3932010531425476,0.6279581189155579,1.5487298965454102,0.06631834805011749,0.008975149132311344,0.4584311544895172,1.5677595138549805,0.06853807717561722,0.00542804878205061,0.6279914379119873,1.9649593830108643,0.4211411774158478,0.0010484480299055576,0.47056376934051514,1.9786807298660278,0.32536810636520386,0.0008679722086526453,0.6310321688652039,2.017392873764038,0.4352642893791199,0.000880261417478323,0.4687223732471466,2.031891107559204,0.3448037803173065,0.0018303431570529938,0.6109455227851868,2.105775833129883,0.091706283390522,0.0005322616780176759,0.5008801817893982,2.112312078475952,-0.03233422711491585,0.0015870947390794754,0.7131248116493225,0.7480168342590332,-1.275787013810259e-07,0.6889566779136658,0.7591041326522827,-0.0036658011376857758,0.6677163243293762,0.7737761735916138,-0.008562958799302578,0.6554473638534546,0.7935444116592407,-0.013470183126628399,0.6521547436714172,0.816378653049469,-0.018552405759692192,0.667891263961792,0.7447113394737244,-0.012834064662456512,0.6623190641403198,0.7825082540512085,-0.022900376468896866,0.6682565808296204,0.7915424108505249,-0.028796928003430367,0.6716893315315247,0.7910345792770386,-0.032090723514556885,0.6811326742172241,0.7448350787162781,-0.016013527289032936,0.6791002154350281,0.7932717204093933,-0.024028636515140533,0.6851076483726501,0.7948324680328369,-0.02586633712053299,0.6880443692207336,0.7835280895233154,-0.02751103602349758,0.6957410573959351,0.7489524483680725,-0.01946551725268364,0.6939777731895447,0.795758068561554,-0.027354132384061813,0.699377715587616,0.7949485182762146,-0.024960845708847046,0.7021241784095764,0.7825433611869812,-0.023049699142575264,0.7093325257301331,0.7564775943756104,-0.023077288642525673,0.7081259489059448,0.7946091294288635,-0.028985626995563507,0.7115604281425476,0.7946023941040039,-0.026434283703565598,0.7134117484092712,0.7833127379417419,-0.023982707411050797,0.3443371653556824,0.7587215900421143,3.6878655684802197e-09,0.368562787771225,0.7629619240760803,-0.003226742148399353,0.3917805254459381,0.7751911878585815,-0.008570275269448757,0.4077075123786926,0.7938350439071655,-0.013900548219680786,0.4154183566570282,0.8171554207801819,-0.01843295991420746,0.39010196924209595,0.7433656454086304,-0.014273392967879772,0.4006448984146118,0.7787027359008789,-0.02361398935317993,0.39482924342155457,0.7894151210784912,-0.02861795946955681,0.38958030939102173,0.7872380018234253,-0.03158215060830116,0.37626397609710693,0.7496703267097473,-0.01762779988348484,0.38503727316856384,0.7834797501564026,-0.02498256042599678,0.38108497858047485,0.7881366610527039,-0.026024172082543373,0.37759312987327576,0.7821193933486938,-0.027542274445295334,0.3622399568557739,0.7607505321502686,-0.02108367159962654,0.3696652352809906,0.7893370389938354,-0.026996318250894547,0.3656032085418701,0.7900864481925964,-0.0232937540858984,0.36238154768943787,0.7830818891525269,-0.02123904600739479,0.34951695799827576,0.7737834453582764,-0.024883408099412918,0.3549762964248657,0.794688880443573,-0.02747148647904396,0.3526804447174072,0.7941403985023499,-0.023647550493478775,0.35030311346054077,0.7888400554656982,-0.0211948174983263
15,15,1,1,1,1.0,1.0,1.0,0.5193253755569458,0.31220799684524536,-0.7509972453117371,0.9998644590377808,0.5343045592308044,0.2720750868320465,-0.7108091115951538,0.9996747970581055,0.544379472732544,0.27140408754348755,-0.7109322547912598,0.9996875524520874,0.5523701906204224,0.2709236443042755,-0.7107996344566345,0.9996433854103088,0.5063982009887695,0.2719760835170746,-0.7127373814582825,0.9997237920761108,0.4981926381587982,0.2709871828556061,-0.7126948833465576,0.9997700452804565,0.4896441698074341,0.2713700234889984,-0.7130526900291443,0.9997614026069641,0.565661609172821,0.28826144337654114,-0.38166800141334534,0.9995383620262146,0.482326477766037,0.29026803374290466,-0.37916532158851624,0.9998274445533752,0.540034830570221,0.352431982755661,-0.6263134479522705,0.9999441504478455,0.5043033957481384,0.3532204031944275,-0.6263799667358398,0.9999540448188782,0.645869255065918,0.5275370478630066,-0.12172152101993561,0.9997771978378296,0.4098515510559082,0.5301311612129211,-0.17702129483222961,0.9998494982719421,0.7629513144493103,0.7794970870018005,-0.33246102929115295,0.9648416638374329,0.3042876422405243,0.7770159244537354,-0.4645610749721527,0.9791549444198608,0.702558696269989,0.701712965965271,-0.8921749591827393,0.7083337903022766,0.3559597134590149,0.6779192090034485,-1.0480923652648926,0.764109194278717,0.6928487420082092,0.7157214283943176,-0.9829083681106567,0.633007824420929,0.37055206298828125,0.701667308807373,-1.142016887664795,0.6698281764984131,0.6711069345474243,0.6890590190887451,-0.9685032367706299,0.6663421988487244,0.3908641040325165,0.6737678647041321,-1.119382619857788,0.6972402334213257,0.6679861545562744,0.6834913492202759,-0.894932210445404,0.666645884513855,0.3921671509742737,0.6666570901870728,-1.046393632888794,0.7189329266548157,0.6131522059440613,1.0738074779510498,-0.00770050473511219,0.3666749894618988,0.4578324556350708,1.0770431756973267,0.009460534900426865,0.40838107466697693,0.6218478083610535,1.5392394065856934,0.039387889206409454,0.008336781524121761,0.453646719455719,1.5514473915100098,0.13176575303077698,0.005113160703331232,0.6198619604110718,1.9563671350479126,0.3722994029521942,0.001056215143762529,0.46409279108047485,1.9643144607543945,0.4703877866268158,0.0008321515051648021,0.623086154460907,2.002473831176758,0.3853936195373535,0.0009363176068291068,0.46216392517089844,2.0122456550598145,0.4973619282245636,0.0018002822762355208,0.6016424894332886,2.1041088104248047,0.03702922537922859,0.0005210258532315493,0.49430328607559204,2.1008167266845703,0.1229882761836052,0.0016184084815904498,0.698297917842865,0.677782416343689,-8.02957913492719e-08,0.6748312711715698,0.6815529465675354,-0.006847442127764225,0.6580997705459595,0.693042516708374,-0.013464270159602165,0.6493036150932312,0.715461015701294,-0.019579855725169182,0.6467134952545166,0.7382610440254211,-0.02580992691218853,0.6626757383346558,0.6656030416488647,-0.016071347519755363,0.658545970916748,0.712206244468689,-0.024537600576877594,0.6609256863594055,0.7238329648971558,-0.028307275846600533,0.6613484621047974,0.7210432291030884,-0.03057417832314968,0.678851842880249,0.6639040112495422,-0.01814092881977558,0.674626350402832,0.717742383480072,-0.025745939463377,0.6790369749069214,0.7236149311065674,-0.027080722153186798,0.6795217990875244,0.715089738368988,-0.0286063551902771,0.6942372918128967,0.6669700145721436,-0.020572852343320847,0.6908968687057495,0.718177318572998,-0.027897542342543602,0.6939786076545715,0.7222855091094971,-0.025996774435043335,0.6946184635162354,0.7134792804718018,-0.024781441316008568,0.707561194896698,0.6726765632629395,-0.02356579154729843,0.7050480246543884,0.7117339372634888,-0.028797779232263565,0.7057392597198486,0.7168776392936707,-0.026903310790657997,0.7062742710113525,0.7108536958694458,-0.02544439770281315,0.34962207078933716,0.7056577801704407,5.161124150276919e-08,0.37360209226608276,0.7054727673530579,-0.005767771042883396,0.3936927616596222,0.7086608409881592,-0.01496228389441967,0.40770506858825684,0.7202973365783691,-0.023989349603652954,0.4190446734428406,0.7363861799240112,-0.03207462280988693,0.39336127042770386,0.6610637903213501,-0.021593255922198296,0.4053514003753662,0.7059612274169922,-0.03170126676559448,0.40128010511398315,0.7237856984138489,-0.03443305194377899,0.39481785893440247,0.7206575274467468,-0.03544545918703079,0.37813976407051086,0.6656116247177124,-0.02470148354768753,0.39023733139038086,0.7229920029640198,-0.031091125681996346,0.3855840563774109,0.732733428478241,-0.02724846825003624,0.38213396072387695,0.7209469676017761,-0.025969253852963448,0.3632717430591583,0.6782680153846741,-0.028201904147863388,0.3742986023426056,0.7313138842582703,-0.03313487395644188,0.37060311436653137,0.7361615896224976,-0.02590472623705864,0.3663769066333771,0.7233055233955383,-0.02246989496052265,0.3497168719768524,0.6934540867805481,-0.03255007043480873,0.35837221145629883,0.7338474988937378,-0.0356404073536396,0.3560830354690552,0.7358264327049255,-0.031232016161084175,0.35150742530822754,0.7230306267738342,-0.028811581432819366
16,16,1,1,1,1.0,1.0,1.0,0.5193856358528137,0.3137521743774414,-0.7248273491859436,0.9998778700828552,0.534330427646637,0.27275076508522034,-0.6857125759124756,0.9997071027755737,0.5444643497467041,0.27205783128738403,-0.6858454942703247,0.9997186064720154,0.5522058606147766,0.27148401737213135,-0.6857596635818481,0.9996787309646606,0.5060759782791138,0.27252480387687683,-0.6876962184906006,0.9997512698173523,0.4977736175060272,0.27143043279647827,-0.6876465678215027,0.9997929334640503,0.4890056550502777,0.27174752950668335,-0.6880220770835876,0.9997851848602295,0.5658292174339294,0.2889317572116852,-0.36633262038230896,0.9995842576026917,0.4813521206378937,0.29031047224998474,-0.372414767742157,0.9998446702957153,0.5398504137992859,0.354303777217865,-0.61110520362854,0.9999496340751648,0.5041428804397583,0.355009526014328,-0.6100982427597046,0.9999585747718811,0.6437138319015503,0.5247520208358765,-0.10757218301296234,0.9997972846031189,0.4102340638637543,0.5248270034790039,-0.17839285731315613,0.9998639225959778,0.7659333348274231,0.7840766906738281,-0.31083378195762634,0.9681690335273743,0.3026999235153198,0.7772371768951416,-0.488321989774704,0.9812055826187134,0.702899158000946,0.6571936011314392,-0.8544755578041077,0.737434983253479,0.35694003105163574,0.6501739621162415,-1.082665205001831,0.7876772880554199,0.6924152970314026,0.65578293800354,-0.9398186802864075,0.6694023013114929,0.368075430393219,0.6515544652938843,-1.1785672903060913,0.702726423740387,0.6703034043312073,0.6308465003967285,-0.9176564812660217,0.6993905305862427,0.3894396424293518,0.623802125453949,-1.1502972841262817,0.7273817658424377,0.667243480682373,0.6291821002960205,-0.8543919324874878,0.6995638012886047,0.39238691329956055,0.6235185861587524,-1.0799083709716797,0.7468980550765991,0.6112840175628662,1.0709120035171509,-0.011228438466787338,0.3693673610687256,0.4593096375465393,1.0727626085281372,0.012992188334465027,0.4222262501716614,0.6232040524482727,1.5359349250793457,0.014323492534458637,0.00781955011188984,0.4553176462650299,1.5479005575180054,0.13280071318149567,0.0048504178412258625,0.6217983961105347,1.9542872905731201,0.3218015134334564,0.0010460453340783715,0.46651118993759155,1.9624196290969849,0.46384814381599426,0.0008028714801184833,0.6253675818443298,2.0007758140563965,0.33251267671585083,0.0009628531406633556,0.4638805687427521,2.0117576122283936,0.48897379636764526,0.0017638140125200152,0.6040223240852356,2.096813917160034,-0.013727900572121143,0.0005104746087454259,0.49765634536743164,2.0979316234588623,0.11399953812360764,0.0016315634129568934,0.7022876739501953,0.6810154318809509,-1.519886154710548e-07,0.676575779914856,0.6778207421302795,-0.007297435309737921,0.6590282320976257,0.6667775511741638,-0.014735987409949303,0.6488365530967712,0.6688492894172668,-0.021512208506464958,0.6456994414329529,0.6819838881492615,-0.02851489745080471,0.6604882478713989,0.6176605820655823,-0.015751637518405914,0.6552736759185791,0.6504619121551514,-0.025834636762738228,0.6539514660835266,0.6711568832397461,-0.03332909941673279,0.6540223956108093,0.6799519658088684,-0.03835716471076012,0.676311731338501,0.6165860891342163,-0.018156303092837334,0.6711320877075195,0.651951253414154,-0.025667790323495865,0.6699974536895752,0.6761541366577148,-0.028750641271471977,0.6699764728546143,0.6900159120559692,-0.03172660991549492,0.6928906440734863,0.6227615475654602,-0.021027380600571632,0.6884106993675232,0.6565942764282227,-0.02755192294716835,0.6870622634887695,0.6744998693466187,-0.026232322677969933,0.6867111325263977,0.6830883026123047,-0.025712082162499428,0.7084881663322449,0.6340431571006775,-0.02481316775083542,0.7055532932281494,0.6556230187416077,-0.029819374904036522,0.7027826905250549,0.6692231893539429,-0.0279534999281168,0.7015001773834229,0.6754845380783081,-0.02637682855129242,0.360461950302124,0.6943271160125732,-2.3545663196955502e-08,0.38422802090644836,0.6923317909240723,-0.006765041034668684,0.40202459692955017,0.6808109879493713,-0.012978197075426579,0.41237857937812805,0.671413242816925,-0.01860230043530464,0.4168957769870758,0.6613124012947083,-0.02295624651014805,0.4020744264125824,0.6120326519012451,-0.015174813568592072,0.4078215956687927,0.6396331787109375,-0.025241773575544357,0.4029615819454193,0.6629964113235474,-0.03020436316728592,0.3983316719532013,0.662376344203949,-0.03325023129582405,0.3861725330352783,0.6067298650741577,-0.017422053962945938,0.3910195231437683,0.6470918655395508,-0.02664623036980629,0.38807040452957153,0.6712604761123657,-0.028682276606559753,0.3857038617134094,0.667251706123352,-0.030613716691732407,0.36863309144973755,0.6140703558921814,-0.020251484587788582,0.37440231442451477,0.6548115015029907,-0.02992490865290165,0.373518705368042,0.6767293214797974,-0.028622951358556747,0.37204688787460327,0.6721155047416687,-0.027664950117468834,0.35205963253974915,0.6287745833396912,-0.0235850028693676,0.3573572039604187,0.66435706615448,-0.030949542298913002,0.35893869400024414,0.6799615621566772,-0.03058977983891964,0.35828638076782227,0.6758196949958801,-0.02985081449151039
17,17,1,1,1,1.0,1.0,1.0,0.5188243985176086,0.31411755084991455,-0.721372663974762,0.9998899698257446,0.5337210893630981,0.27260687947273254,-0.678263783454895,0.9997361302375793,0.543937087059021,0.27186518907546997,-0.6784620881080627,0.9997465014457703,0.5517922639846802,0.27123549580574036,-0.6785460114479065,0.9997105002403259,0.5054302215576172,0.2724515199661255,-0.6846927404403687,0.9997759461402893,0.4970369040966034,0.27141276001930237,-0.6846707463264465,0.9998134970664978,0.48830172419548035,0.2718085050582886,-0.6850959062576294,0.9998065233230591,0.5658289194107056,0.28888359665870667,-0.36389291286468506,0.999625563621521,0.480743408203125,0.29055339097976685,-0.3546462953090668,0.9998601078987122,0.5394706130027771,0.35495880246162415,-0.6074539422988892,0.9999546408653259,0.5038295388221741,0.3555920124053955,-0.6007603406906128,0.9999626874923706,0.6436747908592224,0.524023175239563,-0.12399452924728394,0.9998162984848022,0.41041556000709534,0.523481547832489,-0.17513984441757202,0.9998770356178284,0.7662506103515625,0.7863041162490845,-0.39477506279945374,0.9712466597557068,0.3039999306201935,0.7817834615707397,-0.5030379891395569,0.9830580949783325,0.7019296288490295,0.6440424919128418,-0.9674463868141174,0.7636559009552002,0.3559024930000305,0.6453439593315125,-1.1423194408416748,0.808898389339447,0.6914549469947815,0.6326642036437988,-1.063008427619934,0.7022882103919983,0.3659898042678833,0.6265743970870972,-1.2480226755142212,0.7323876023292542,0.6697955131530762,0.6036142706871033,-1.0386676788330078,0.7292686104774475,0.38554811477661133,0.597327470779419,-1.22250497341156,0.7545682787895203,0.6666651964187622,0.6052898168563843,-0.9674166440963745,0.7293721437454224,0.3887532651424408,0.6024818420410156,-1.1432383060455322,0.7721295952796936,0.6102964282035828,1.070529580116272,-0.013760661706328392,0.388817697763443,0.4593658149242401,1.069928526878357,0.015353137627243996,0.44978711009025574,0.6217668056488037,1.53522527217865,0.025881754234433174,0.007339838892221451,0.45380163192749023,1.5461267232894897,0.1478959023952484,0.00464662117883563,0.6193034052848816,1.9518303871154785,0.3572886884212494,0.0010291168000549078,0.4628189206123352,1.9610552787780762,0.47225046157836914,0.0007665349985472858,0.623263955116272,2.0003936290740967,0.370008647441864,0.0009790112962946296,0.46020299196243286,2.011451005935669,0.4965158998966217,0.0016980235232040286,0.5997726321220398,2.0922374725341797,0.024288326501846313,0.0004915985628031194,0.49201148748397827,2.096015214920044,0.12320432811975479,0.0015916182892397046,0.6939752101898193,0.673450231552124,-1.3400507725691568e-07,0.6712430119514465,0.6623168587684631,-0.008104408159852028,0.6538060903549194,0.6466536521911621,-0.013687193393707275,0.64220130443573,0.6360747218132019,-0.019374988973140717,0.6458262205123901,0.6285580992698669,-0.02388192154467106,0.6630135178565979,0.5789731740951538,-0.0009761129622347653,0.6569940447807312,0.5922226309776306,-0.011763209477066994,0.6566808223724365,0.6138249635696411,-0.020225826650857925,0.6586229205131531,0.6256062984466553,-0.024504002183675766,0.677129864692688,0.5757821798324585,-0.0018152619013562799,0.673278272151947,0.5975407361984253,-0.009867913089692593,0.6722131371498108,0.624875545501709,-0.012461110018193722,0.6731840968132019,0.6327280402183533,-0.01266416534781456,0.691582441329956,0.5830055475234985,-0.004859596956521273,0.6879011988639832,0.6039152145385742,-0.011760279536247253,0.6853731274604797,0.6260479688644409,-0.009623122401535511,0.686024010181427,0.631407618522644,-0.006534399464726448,0.7048381567001343,0.5973832011222839,-0.009214808233082294,0.7021884322166443,0.6111806035041809,-0.011887205764651299,0.6987774968147278,0.6291817426681519,-0.008931883610785007,0.6984286904335022,0.6343792676925659,-0.005504941567778587,0.36664018034935,0.6779881119728088,-3.176297269646966e-08,0.38645368814468384,0.6619422435760498,-0.0021551407407969236,0.4051467180252075,0.6422139406204224,-0.00550993625074625,0.4156351387500763,0.6273119449615479,-0.009269601665437222,0.411642462015152,0.6166927218437195,-0.01217272225767374,0.3961943984031677,0.5759115815162659,-0.004102310165762901,0.40631476044654846,0.5870487093925476,-0.011085281148552895,0.40369927883148193,0.6126225590705872,-0.016317054629325867,0.39839547872543335,0.6125472784042358,-0.01996702514588833,0.380149781703949,0.5700843930244446,-0.0070091309025883675,0.39066454768180847,0.5946582555770874,-0.010942989960312843,0.3891710937023163,0.6212955713272095,-0.01287889201194048,0.3845599889755249,0.6150407195091248,-0.015355823561549187,0.36493369936943054,0.5777353644371033,-0.01035162340849638,0.3756888508796692,0.6028410196304321,-0.014493352733552456,0.37593433260917664,0.6260694861412048,-0.012520498596131802,0.3714805841445923,0.621089518070221,-0.012022309005260468,0.35148367285728455,0.5916098356246948,-0.014069648459553719,0.36079904437065125,0.6118879318237305,-0.01611940562725067,0.36238905787467957,0.6279395222663879,-0.013415266759693623,0.3584642708301544,0.6254892945289612,-0.011620347388088703
18,18,1,1,1,1.0,1.0,1.0,0.5186421275138855,0.3150813579559326,-0.7221909165382385,0.9999008178710938,0.5334263443946838,0.27290070056915283,-0.6883745193481445,0.9997621774673462,0.5436616539955139,0.27211201190948486,-0.6884558200836182,0.9997715950012207,0.5514997839927673,0.27132874727249146,-0.6882797479629517,0.9997390508651733,0.5051713585853577,0.2728283703327179,-0.6884321570396423,0.999798059463501,0.4967571794986725,0.2718621492385864,-0.688384473323822,0.9998319745063782,0.4880076050758362,0.2723240256309509,-0.6887288689613342,0.999825656414032,0.5658119916915894,0.2888965308666229,-0.392732709646225,0.9996626973152161,0.4805355966091156,0.29112038016319275,-0.37643352150917053,0.9998739957809448,0.5393378734588623,0.3564157485961914,-0.6108765602111816,0.9999591112136841,0.5044074654579163,0.35697174072265625,-0.6065126657485962,0.9999663233757019,0.6438983678817749,0.5204923152923584,-0.17315128445625305,0.9998335838317871,0.4116789400577545,0.5205715298652649,-0.18861724436283112,0.9998888373374939,0.7622381448745728,0.7865837216377258,-0.4524768888950348,0.9740278124809265,0.3079921007156372,0.7873245477676392,-0.5208339691162109,0.984722912311554,0.6999421119689941,0.6337233781814575,-1.0473521947860718,0.7872604727745056,0.35521021485328674,0.6465761661529541,-1.1754183769226074,0.8279972076416016,0.6908401250839233,0.6135380268096924,-1.1511763334274292,0.7319138646125793,0.36503076553344727,0.6152480840682983,-1.2844879627227783,0.7590798139572144,0.6694154739379883,0.581400990486145,-1.130001187324524,0.7561891674995422,0.3832817077636719,0.586310863494873,-1.2633084058761597,0.7790334224700928,0.6664033532142639,0.5855704545974731,-1.0491588115692139,0.7562339305877686,0.38667038083076477,0.595026433467865,-1.1782804727554321,0.7948324680328369,0.6095865368843079,1.0616116523742676,-0.014320570975542068,0.40624189376831055,0.4598865807056427,1.0599086284637451,0.016083916649222374,0.47390544414520264,0.6204061508178711,1.5210707187652588,0.031025441363453865,0.007040386088192463,0.4537186026573181,1.5278185606002808,0.14730478823184967,0.004582851193845272,0.6177572011947632,1.9392510652542114,0.3610832095146179,0.0010544726392254233,0.46251365542411804,1.9488699436187744,0.43409380316734314,0.0007458080654032528,0.621746838092804,1.9856265783309937,0.37350353598594666,0.0010473363799974322,0.45957151055336,1.9973793029785156,0.45474135875701904,0.0016727817710489035,0.5979628562927246,2.0802414417266846,0.03151167184114456,0.000487351295305416,0.49084705114364624,2.0837957859039307,0.08429881930351257,0.001588527811691165,0.6843939423561096,0.6466887593269348,-1.9256013672475092e-07,0.6651449203491211,0.6421268582344055,-0.009001946076750755,0.6476064324378967,0.6249560713768005,-0.01456847507506609,0.6379805207252502,0.6102179288864136,-0.01992148533463478,0.6448820233345032,0.601529061794281,-0.023595156148076057,0.6567457318305969,0.5575149655342102,-0.004079295322299004,0.6514147520065308,0.5643879771232605,-0.015607587993144989,0.6533809900283813,0.5949769020080566,-0.022283749654889107,0.6558635830879211,0.6051620841026306,-0.025574544444680214,0.6719948053359985,0.5560534000396729,-0.005372222978621721,0.6679193377494812,0.5686060786247253,-0.015453684143722057,0.6677471399307251,0.603260338306427,-0.01605256460607052,0.6686288714408875,0.6076091527938843,-0.014336096122860909,0.6870882511138916,0.5642748475074768,-0.009078356437385082,0.6831809282302856,0.5799899697303772,-0.01798216439783573,0.6808888912200928,0.607005774974823,-0.014340386725962162,0.6812354326248169,0.6073225736618042,-0.009908863343298435,0.7009393572807312,0.5780692100524902,-0.014089959673583508,0.6968991756439209,0.5919431447982788,-0.017511384561657906,0.6937127113342285,0.6109181642532349,-0.013987837359309196,0.6941630840301514,0.6114455461502075,-0.010351049713790417,0.3725142776966095,0.65985506772995,-8.037773113755975e-08,0.39149314165115356,0.6445698142051697,-0.004709364380687475,0.4092388153076172,0.6237174272537231,-0.008581257425248623,0.4187021553516388,0.6049489378929138,-0.012829228304326534,0.4131122827529907,0.5908433794975281,-0.015617592260241508,0.397583931684494,0.5636644959449768,-0.004028721712529659,0.40536797046661377,0.5545114278793335,-0.013647603802382946,0.4039902687072754,0.5876066088676453,-0.019394543021917343,0.39958739280700684,0.5944905877113342,-0.02250787802040577,0.38189613819122314,0.5622377395629883,-0.005987168755382299,0.38898566365242004,0.5611727237701416,-0.013606905937194824,0.39016926288604736,0.5966655015945435,-0.015351899899542332,0.3865871727466583,0.5980059504508972,-0.016007140278816223,0.3671310842037201,0.569301187992096,-0.00911959633231163,0.3735397756099701,0.5724972486495972,-0.0160226933658123,0.3770279288291931,0.6024428606033325,-0.012652261182665825,0.3740525543689728,0.6038810610771179,-0.009766108356416225,0.3536796569824219,0.5805361270904541,-0.012825208716094494,0.35919100046157837,0.5875849723815918,-0.015502776019275188,0.36300963163375854,0.6064735054969788,-0.01161979977041483,0.3608083724975586,0.6085941791534424,-0.008268516510725021
19,19,1,1,1,1.0,1.0,1.0,0.5183236598968506,0.31492045521736145,-0.7600244879722595,0.9999106526374817,0.5330840349197388,0.2727104723453522,-0.727083683013916,0.9997857809066772,0.5433728098869324,0.27192890644073486,-0.7271134853363037,0.9997942447662354,0.5512434840202332,0.27111294865608215,-0.7268231511116028,0.9997648596763611,0.5048013925552368,0.2727094292640686,-0.7276844382286072,0.9998180866241455,0.49632781744003296,0.27182212471961975,-0.7276228070259094,0.9998486638069153,0.4876120686531067,0.2723418176174164,-0.7279477715492249,0.9998429417610168,0.5659023523330688,0.28869298100471497,-0.42378002405166626,0.9996961951255798,0.4803168475627899,0.2911834418773651,-0.4195299446582794,0.9998865127563477,0.5390644669532776,0.3562413454055786,-0.6442062258720398,0.9999631643295288,0.5044628381729126,0.3568975329399109,-0.6441740989685059,0.9999696612358093,0.6450955867767334,0.5201473832130432,-0.193873792886734,0.9998491406440735,0.41190430521965027,0.5195161700248718,-0.23212793469429016,0.9998992681503296,0.7576272487640381,0.7887942790985107,-0.4538097679615021,0.9764956831932068,0.3123073875904083,0.7894567251205444,-0.5610052943229675,0.9862029552459717,0.6988710165023804,0.6443348526954651,-1.0559406280517578,0.8085113167762756,0.3554619252681732,0.653473973274231,-1.2091261148452759,0.845183253288269,0.6901987791061401,0.6152136921882629,-1.159591555595398,0.758619487285614,0.36606666445732117,0.61887127161026,-1.3175063133239746,0.7830994129180908,0.6692491173744202,0.5778274536132812,-1.1436142921447754,0.7804656028747559,0.3827286958694458,0.5887496471405029,-1.295972228050232,0.8010510206222534,0.6660218834877014,0.5841541886329651,-1.0600359439849854,0.7804610729217529,0.3862815797328949,0.5982447266578674,-1.210824966430664,0.8152574300765991,0.6092605590820312,1.060103178024292,-0.015097027644515038,0.4163986146450043,0.45919546484947205,1.0578274726867676,0.01687539368867874,0.48936566710472107,0.6198418736457825,1.5197546482086182,0.03399639576673508,0.006661712657660246,0.4545818269252777,1.5266510248184204,0.1403985321521759,0.00437120022252202,0.617504358291626,1.9358875751495361,0.3783859312534332,0.0010474480222910643,0.46287044882774353,1.9478646516799927,0.450424462556839,0.0007085961988195777,0.6216493844985962,1.9813592433929443,0.3926180899143219,0.0010661546839401126,0.4595303535461426,1.9964818954467773,0.4734925627708435,0.0016054549487307668,0.5969310998916626,2.078704595565796,0.04791291430592537,0.0004804993513971567,0.49163681268692017,2.0826752185821533,0.09519398957490921,0.001566769671626389,0.6796653270721436,0.6467636823654175,-1.7206961899773887e-07,0.6614431738853455,0.6404350399971008,-0.01280518900603056,0.6427580714225769,0.6220065951347351,-0.020205087959766388,0.6331484913825989,0.6030888557434082,-0.026378996670246124,0.6433156132698059,0.5956801772117615,-0.030201150104403496,0.652419924736023,0.5484280586242676,-0.0076867095194756985,0.6481053233146667,0.5631175637245178,-0.020154301077127457,0.6506149768829346,0.5920212268829346,-0.02693779580295086,0.6534923911094666,0.5971190333366394,-0.03053051047027111,0.6691038608551025,0.5437369346618652,-0.006951180752366781,0.6655136346817017,0.5708404183387756,-0.01854250580072403,0.6652528047561646,0.602556586265564,-0.020365525037050247,0.6663068532943726,0.6006240844726562,-0.019401609897613525,0.6848581433296204,0.551619291305542,-0.008724058978259563,0.681808352470398,0.5808693766593933,-0.019856365397572517,0.6789867877960205,0.6065477728843689,-0.01732848957180977,0.6789417862892151,0.6009292602539062,-0.013340460136532784,0.6988943815231323,0.565204381942749,-0.012009558267891407,0.6955726146697998,0.5901872515678406,-0.017753999680280685,0.6923503875732422,0.6084377765655518,-0.016015172004699707,0.691908597946167,0.6040592789649963,-0.013159324415028095,0.379224956035614,0.6574875712394714,-9.875303419448755e-08,0.39704975485801697,0.6439515948295593,-0.005959464702755213,0.41367536783218384,0.6182748079299927,-0.009542880579829216,0.4213043451309204,0.5958601832389832,-0.013176554813981056,0.41350939869880676,0.5854429006576538,-0.015380370430648327,0.4001791775226593,0.5636653900146484,-0.005210959818214178,0.4065890908241272,0.5512510538101196,-0.015545697882771492,0.40647709369659424,0.5846716165542603,-0.021007854491472244,0.40309011936187744,0.5954153537750244,-0.0237076785415411,0.3845801055431366,0.5637747645378113,-0.006918225437402725,0.39012470841407776,0.5552194118499756,-0.01659756526350975,0.3924367129802704,0.5929177403450012,-0.018206825479865074,0.38978418707847595,0.5990784168243408,-0.017886560410261154,0.3695434331893921,0.5715227127075195,-0.010000964626669884,0.3748878538608551,0.5679909586906433,-0.019184300675988197,0.37931036949157715,0.5992207527160645,-0.016070587560534477,0.3770574629306793,0.6030595898628235,-0.012570569291710854,0.35540202260017395,0.5836667418479919,-0.013653202913701534,0.3611105680465698,0.586300790309906,-0.018215283751487732,0.36608031392097473,0.6060658693313599,-0.01483628898859024,0.3646959662437439,0.6086423397064209,-0.011517818085849285
20,20,1,1,1,1.0,1.0,1.0,0.5178936123847961,0.314925879240036,-0.7527459263801575,0.9999194741249084,0.5325493812561035,0.272533655166626,-0.7206569910049438,0.9998070001602173,0.5428125858306885,0.271761029958725,-0.7207162380218506,0.9998146295547485,0.5507689714431763,0.2709365785121918,-0.720440685749054,0.9997880458831787,0.5044060945510864,0.2726000249385834,-0.7197319865226746,0.9998360872268677,0.4959079325199127,0.27180424332618713,-0.7196604609489441,0.9998636841773987,0.4872667193412781,0.27240145206451416,-0.7199973464012146,0.9998584985733032,0.5654708743095398,0.28853821754455566,-0.42208027839660645,0.9997262954711914,0.48012953996658325,0.2911999821662903,-0.41167205572128296,0.9998977780342102,0.5386340022087097,0.35630470514297485,-0.6387808322906494,0.9999668002128601,0.5040571093559265,0.35677552223205566,-0.6370931267738342,0.9999726414680481,0.6458170413970947,0.5196773409843445,-0.19270581007003784,0.9998629689216614,0.41231584548950195,0.5191853642463684,-0.22485610842704773,0.9999086856842041,0.7560765743255615,0.7952277660369873,-0.4385835528373718,0.9787217974662781,0.3154309391975403,0.7911058664321899,-0.5362423062324524,0.9875360727310181,0.6986626386642456,0.6521176695823669,-1.0289289951324463,0.8276323676109314,0.35809919238090515,0.659637451171875,-1.1787439584732056,0.8606492280960083,0.6871284246444702,0.6219380497932434,-1.1293926239013672,0.7826297283172607,0.3687143623828888,0.6303009986877441,-1.2854456901550293,0.8047071099281311,0.6691228747367859,0.5851499438285828,-1.111904501914978,0.8022876381874084,0.3849121928215027,0.5987157821655273,-1.2647387981414795,0.8208546042442322,0.665656328201294,0.5913656949996948,-1.0317882299423218,0.8022334575653076,0.3887227475643158,0.6072695255279541,-1.1810210943222046,0.8336290717124939,0.6091865301132202,1.058992624282837,-0.015655778348445892,0.4253903031349182,0.4584200978279114,1.0559415817260742,0.01732163317501545,0.5035147070884705,0.618797242641449,1.5184723138809204,0.03565441071987152,0.006352501921355724,0.4539061188697815,1.5243501663208008,0.13868428766727448,0.0042434209026396275,0.616482138633728,1.933029294013977,0.37966474890708923,0.0010575941996648908,0.46202245354652405,1.9450727701187134,0.4565284848213196,0.0006870566285215318,0.6206598281860352,1.978176236152649,0.39360836148262024,0.0010988755384460092,0.4586790204048157,1.9938098192214966,0.48035091161727905,0.0015816512750461698,0.5958104729652405,2.076488733291626,0.04806163161993027,0.000477483932627365,0.4905145466327667,2.079385995864868,0.10328209400177002,0.001579629140906036,0.676114559173584,0.6598149538040161,-1.975742094373345e-07,0.6579282283782959,0.6512081623077393,-0.013249740935862064,0.6402267217636108,0.63155198097229,-0.021440401673316956,0.6317346692085266,0.6116642951965332,-0.02846871130168438,0.6435449719429016,0.6044883131980896,-0.03321382403373718,0.6521647572517395,0.5548704266548157,-0.00875286478549242,0.6468045711517334,0.5743421912193298,-0.02145252749323845,0.6481227874755859,0.603252112865448,-0.028162268921732903,0.650765061378479,0.6066735982894897,-0.03157828375697136,0.6687740087509155,0.5524057149887085,-0.007897048257291317,0.6638128161430359,0.5827929377555847,-0.01925041526556015,0.6629970073699951,0.613665759563446,-0.020399991422891617,0.6646261215209961,0.610360324382782,-0.018974464386701584,0.6845369935035706,0.5618392825126648,-0.009572350420057774,0.6797094941139221,0.5935378074645996,-0.020050933584570885,0.6765116453170776,0.6182922720909119,-0.017034968361258507,0.6774383783340454,0.6124075651168823,-0.012791790068149567,0.6986227631568909,0.5768738389015198,-0.012895211577415466,0.6936893463134766,0.6022054553031921,-0.01754803955554962,0.6896826028823853,0.6201577186584473,-0.015326728112995625,0.6899780631065369,0.6164232492446899,-0.012232943437993526,0.38175928592681885,0.6731395125389099,-1.2977555741144897e-07,0.39876994490623474,0.6598279476165771,-0.006411998998373747,0.4158298373222351,0.6350997686386108,-0.010313985869288445,0.42362698912620544,0.6137557625770569,-0.014315079897642136,0.4171540141105652,0.6012377738952637,-0.016658926382660866,0.4046400189399719,0.5802299380302429,-0.004788433201611042,0.40787720680236816,0.5640321969985962,-0.015306862071156502,0.40880873799324036,0.5978162288665771,-0.02048412896692753,0.4069269895553589,0.6072715520858765,-0.022864777594804764,0.38903293013572693,0.5813143253326416,-0.00642880704253912,0.39145609736442566,0.5688373446464539,-0.016260482370853424,0.39447784423828125,0.6072784066200256,-0.017327826470136642,0.39280828833580017,0.6127538681030273,-0.016442187130451202,0.37373998761177063,0.588908314704895,-0.009677937254309654,0.3755125403404236,0.58125239610672,-0.019161589443683624,0.38027915358543396,0.6135064959526062,-0.015036303550004959,0.3793391287326813,0.6171916723251343,-0.010631215758621693,0.3588520884513855,0.6004146933555603,-0.013545272871851921,0.36104369163513184,0.597503662109375,-0.017874857410788536,0.3665599524974823,0.618121862411499,-0.013377631083130836,0.3670721650123596,0.621834397315979,-0.009122497402131557
21,21,1,1,1,1.0,1.0,1.0,0.5175127983093262,0.3155270516872406,-0.734516978263855,0.9999274015426636,0.5321477651596069,0.2726704776287079,-0.7014614343643188,0.9998261332511902,0.5423843860626221,0.27193328738212585,-0.7015901207923889,0.9998329877853394,0.5504000186920166,0.2710934579372406,-0.7011736035346985,0.9998089671134949,0.5041227340698242,0.2728523313999176,-0.6980258226394653,0.9998522996902466,0.49563294649124146,0.27220115065574646,-0.6979668736457825,0.9998772144317627,0.48704758286476135,0.2729202210903168,-0.6983374357223511,0.9998725056648254,0.5651719570159912,0.2886089086532593,-0.39189913868904114,0.999753475189209,0.4800761342048645,0.2915194034576416,-0.3743801414966583,0.999907910823822,0.5382858514785767,0.35680991411209106,-0.6157521605491638,0.9999700784683228,0.5037129521369934,0.3570249676704407,-0.6120764017105103,0.999975323677063,0.6455167531967163,0.519335925579071,-0.14921393990516663,0.9998752474784851,0.412057101726532,0.5192520022392273,-0.18371543288230896,0.9999169111251831,0.7555716633796692,0.7991753220558167,-0.38930845260620117,0.9806939959526062,0.3150210380554199,0.791359007358551,-0.47765329480171204,0.9887216091156006,0.6981045603752136,0.6611031889915466,-0.95330810546875,0.8448368310928345,0.36346176266670227,0.6648005843162537,-1.0938289165496826,0.8745599985122681,0.6869111657142639,0.6398508548736572,-1.0512806177139282,0.8042224049568176,0.37445101141929626,0.6509288549423218,-1.19736647605896,0.8241158723831177,0.6689785718917847,0.605859637260437,-1.036571979522705,0.8219135999679565,0.3919662833213806,0.6193867325782776,-1.1768381595611572,0.8386383652687073,0.6653961539268494,0.6085147261619568,-0.9569840431213379,0.8218035697937012,0.39622846245765686,0.6234480738639832,-1.09547758102417,0.850119948387146,0.6088089942932129,1.0590617656707764,-0.01774902641773224,0.4191393256187439,0.4584573209285736,1.0571839809417725,0.01943320408463478,0.5017398595809937,0.6184850335121155,1.5185900926589966,0.02619978040456772,0.006052414886653423,0.45385873317718506,1.5246461629867554,0.1367368996143341,0.004102606326341629,0.616115927696228,1.9329841136932373,0.35272538661956787,0.0010352559620514512,0.4615709185600281,1.9450417757034302,0.4496144950389862,0.0006628078408539295,0.6201872229576111,1.978273868560791,0.36481860280036926,0.001090025994926691,0.4581928253173828,1.9938671588897705,0.47345903515815735,0.0015478018904104829,0.5952975153923035,2.076327085494995,0.019252590835094452,0.0004675528034567833,0.49011388421058655,2.078847885131836,0.09905746579170227,0.0015896698459982872,0.6764620542526245,0.6782445907592773,-2.0175349391138298e-07,0.6590064167976379,0.6734455823898315,-0.014279342256486416,0.6421080231666565,0.659406840801239,-0.02403845824301243,0.6341922283172607,0.6448443531990051,-0.032262515276670456,0.641043484210968,0.6363375782966614,-0.038323745131492615,0.6518123149871826,0.5804358720779419,-0.013728601858019829,0.6477607488632202,0.6032615900039673,-0.026065854355692863,0.648613452911377,0.6292416453361511,-0.03280658274888992,0.6506516933441162,0.6330647468566895,-0.03656094893813133,0.669028103351593,0.578262984752655,-0.012620138004422188,0.6650564074516296,0.6134458184242249,-0.023288274183869362,0.6634097695350647,0.6399266719818115,-0.025103528052568436,0.6644256711006165,0.6370202302932739,-0.024983908981084824,0.6846961379051208,0.5882041454315186,-0.013558432459831238,0.6808671951293945,0.6235763430595398,-0.023520348593592644,0.6774865984916687,0.6451815366744995,-0.02087685652077198,0.6779364943504333,0.640819787979126,-0.01761142536997795,0.6983027458190918,0.6037120819091797,-0.01618824526667595,0.6950597167015076,0.6311118006706238,-0.021653667092323303,0.690852701663971,0.6478129625320435,-0.01974841207265854,0.6903454661369324,0.6457846164703369,-0.01703399419784546,0.38268953561782837,0.6981876492500305,-1.3715019520077476e-07,0.4002844989299774,0.693219006061554,-0.010248735547065735,0.4173336625099182,0.6749414801597595,-0.017129261046648026,0.42628219723701477,0.6580672860145569,-0.02365945093333721,0.4211392104625702,0.6454938054084778,-0.02867620438337326,0.4072378873825073,0.6061829328536987,-0.009638115763664246,0.4108418822288513,0.6015193462371826,-0.023447629064321518,0.41174086928367615,0.6353224515914917,-0.03041740320622921,0.41083264350891113,0.6494075059890747,-0.03328467160463333,0.39033418893814087,0.6065823435783386,-0.0106212692335248,0.3928547203540802,0.6059582829475403,-0.02305411547422409,0.3955436944961548,0.6467548608779907,-0.024285243824124336,0.39552927017211914,0.6546198725700378,-0.023013031110167503,0.37390998005867004,0.6150851249694824,-0.013735790736973286,0.37656405568122864,0.6192163825035095,-0.025662077590823174,0.38093850016593933,0.6538240909576416,-0.021574459969997406,0.38115063309669495,0.6600407361984253,-0.016644366085529327,0.35913756489753723,0.628886878490448,-0.017895614728331566,0.36185088753700256,0.6356930732727051,-0.02405960112810135,0.36729323863983154,0.6596941947937012,-0.020079301670193672,0.3687696158885956,0.6647571325302124,-0.015837134793400764
22,22,1,1,1,1.0,1.0,1.0,0.5172006487846375,0.3163265287876129,-0.7116149067878723,0.9999344944953918,0.53183913230896,0.2729308307170868,-0.681373655796051,0.999843180179596,0.5420732498168945,0.27219781279563904,-0.6815036535263062,0.9998493790626526,0.5500803589820862,0.27145594358444214,-0.6811973452568054,0.9998276233673096,0.5038724541664124,0.27311718463897705,-0.6774217486381531,0.999866783618927,0.49541494250297546,0.27255257964134216,-0.6773434281349182,0.9998893141746521,0.4868887662887573,0.27327200770378113,-0.6776906251907349,0.9998850226402283,0.5648664236068726,0.2886681854724884,-0.3781128227710724,0.9997777938842773,0.480243057012558,0.29161974787712097,-0.35791343450546265,0.9999170303344727,0.5379617214202881,0.35768115520477295,-0.5945693850517273,0.9999729990959167,0.5033825039863586,0.3575590252876282,-0.5898879766464233,0.999977707862854,0.6454375982284546,0.5190536379814148,-0.14414124190807343,0.9998858571052551,0.4127729535102844,0.5180294513702393,-0.17367257177829742,0.9999244213104248,0.7543485164642334,0.7998316287994385,-0.39646220207214355,0.9823734760284424,0.31551721692085266,0.788637638092041,-0.4658679664134979,0.9897804856300354,0.6980669498443604,0.6797308921813965,-1.0130162239074707,0.8602752089500427,0.36527541279792786,0.6820571422576904,-1.0987071990966797,0.8870614171028137,0.6867333650588989,0.6694226861000061,-1.1208468675613403,0.8234865069389343,0.3763037323951721,0.6817348599433899,-1.2072455883026123,0.841504693031311,0.6688748002052307,0.637530505657196,-1.1071501970291138,0.8394032120704651,0.39445197582244873,0.6521092057228088,-1.1903746128082275,0.854557991027832,0.6652082800865173,0.6374124884605408,-1.018783688545227,0.8392144441604614,0.39849400520324707,0.6519533395767212,-1.1021181344985962,0.8648771047592163,0.6085371375083923,1.0591175556182861,-0.018443826586008072,0.4154590964317322,0.45805999636650085,1.0579898357391357,0.020063921809196472,0.5016599893569946,0.6171702742576599,1.52056086063385,0.029673242941498756,0.00569100072607398,0.4503771960735321,1.5245285034179688,0.13496224582195282,0.00394800677895546,0.6142550706863403,1.9329860210418701,0.36403533816337585,0.0010153531329706311,0.45653805136680603,1.9420831203460693,0.44994625449180603,0.0006382293067872524,0.6179823279380798,1.9786479473114014,0.3767416775226593,0.0010963741224259138,0.4525149166584015,1.9921067953109741,0.4737282693386078,0.001510090660303831,0.5926288962364197,2.076003074645996,0.03118017315864563,0.0004543160321190953,0.48584941029548645,2.076019048690796,0.1001969575881958,0.0015803585993126035,0.6848412752151489,0.6852975487709045,-9.630219466316703e-08,0.6639654040336609,0.679865300655365,-0.010395958088338375,0.6470233201980591,0.6770234107971191,-0.01905911974608898,0.6398749947547913,0.687326967716217,-0.026277171447873116,0.6407304406166077,0.7044906616210938,-0.03324668109416962,0.6515125036239624,0.6323980093002319,-0.01805228739976883,0.6518402695655823,0.6720642447471619,-0.028736142441630363,0.6531964540481567,0.6892020106315613,-0.036428991705179214,0.6527511477470398,0.6906138062477112,-0.04155425354838371,0.6696805953979492,0.6309079527854919,-0.018844982609152794,0.6679750680923462,0.6682469248771667,-0.02711333893239498,0.6688144207000732,0.6848825216293335,-0.029745982959866524,0.668426513671875,0.6880545020103455,-0.03195406496524811,0.6868221759796143,0.6368902921676636,-0.0202444139868021,0.6840442419052124,0.6699038743972778,-0.027520181611180305,0.6839187741279602,0.6811656355857849,-0.02498047985136509,0.6830047965049744,0.681629478931427,-0.023016266524791718,0.7017295956611633,0.6472391486167908,-0.0226864293217659,0.7007667422294617,0.663673996925354,-0.027607621625065804,0.699051022529602,0.671129584312439,-0.02456802688539028,0.6974849700927734,0.6714422702789307,-0.021865712478756905,0.37583595514297485,0.6712843775749207,7.167522397821813e-08,0.3980085849761963,0.6734567284584045,-0.00782635435461998,0.41247105598449707,0.6856356263160706,-0.016575388610363007,0.41943684220314026,0.7048691511154175,-0.025204969570040703,0.4225475788116455,0.7232202887535095,-0.033916257321834564,0.4078525900840759,0.6498786211013794,-0.019267583265900612,0.4126265048980713,0.7028027176856995,-0.030184637755155563,0.4102974832057953,0.7124665975570679,-0.03686537221074104,0.4078731834888458,0.7072120308876038,-0.04128361865878105,0.38990890979766846,0.6492483615875244,-0.021872082725167274,0.39661768078804016,0.7079097032546997,-0.029675833880901337,0.39535486698150635,0.714874267578125,-0.0301367174834013,0.3945133686065674,0.7057091593742371,-0.031656164675951004,0.373261034488678,0.6565677523612976,-0.025040723383426666,0.3796837031841278,0.7096782326698303,-0.032035794109106064,0.3795698881149292,0.7162240743637085,-0.02762090601027012,0.3787670135498047,0.7076529264450073,-0.02497253380715847,0.3596186637878418,0.6665486693382263,-0.02940881997346878,0.3634226620197296,0.7080605626106262,-0.03410455211997032,0.36408567428588867,0.7122328877449036,-0.030688241124153137,0.3625825047492981,0.7038474678993225,-0.02825349196791649
23,23,1,1,1,1.0,1.0,1.0,0.5170590877532959,0.3170684278011322,-0.6662918925285339,0.9999408721923828,0.5316116809844971,0.27330538630485535,-0.6312366724014282,0.999858558177948,0.5418184399604797,0.2725525200366974,-0.631382167339325,0.9998641610145569,0.5498856902122498,0.2718418836593628,-0.6312130689620972,0.999844491481781,0.50386643409729,0.27356261014938354,-0.6290075778961182,0.9998798966407776,0.4955625832080841,0.2730853855609894,-0.6289181709289551,0.999900221824646,0.4871309995651245,0.27382394671440125,-0.6292682886123657,0.9998962879180908,0.5646568536758423,0.2886993885040283,-0.32425567507743835,0.9997997283935547,0.48077675700187683,0.2921265959739685,-0.3077017664909363,0.9999252557754517,0.5377752780914307,0.35842573642730713,-0.5482484698295593,0.9999756217002869,0.5035493969917297,0.35813096165657043,-0.544684112071991,0.9999798536300659,0.645414412021637,0.5182909369468689,-0.09995611011981964,0.9998958110809326,0.41471409797668457,0.5177813172340393,-0.14055489003658295,0.9999310970306396,0.7522644996643066,0.796694815158844,-0.30440112948417664,0.9838409423828125,0.3152789771556854,0.7806503772735596,-0.44209256768226624,0.990739643573761,0.6974877119064331,0.682858943939209,-0.8836067318916321,0.874158501625061,0.36753973364830017,0.692786693572998,-1.0549263954162598,0.8982987403869629,0.6862165331840515,0.6780613660812378,-0.9845306277275085,0.8407763838768005,0.37913626432418823,0.7033123970031738,-1.1592426300048828,0.8571009039878845,0.6667314171791077,0.6475778222084045,-0.9807817935943604,0.8551025986671448,0.40053480863571167,0.6751701235771179,-1.148688554763794,0.8688309788703918,0.6636181473731995,0.64809250831604,-0.8914293646812439,0.8548235297203064,0.4050695598125458,0.663145899772644,-1.0600497722625732,0.8781071305274963,0.6082165837287903,1.0587286949157715,-0.01915661245584488,0.4324708878993988,0.458497017621994,1.0574660301208496,0.020748041570186615,0.5207751989364624,0.6169187426567078,1.5196365118026733,0.056369781494140625,0.0055116997100412846,0.449954092502594,1.52278470993042,0.13741058111190796,0.003942043520510197,0.6140336394309998,1.9278461933135986,0.38203397393226624,0.0010393676348030567,0.4566590487957001,1.9369959831237793,0.45680227875709534,0.0006474672118201852,0.6176935434341431,1.974668264389038,0.395102322101593,0.0011628136271610856,0.4530607759952545,1.9873220920562744,0.48099276423454285,0.0015514119295403361,0.5927236080169678,2.0698156356811523,0.05922972783446312,0.00045868876622989774,0.4862787425518036,2.070466995239258,0.11266906559467316,0.001624841010197997,0.6937087774276733,0.71080082654953,-3.21063637898078e-08,0.6668644547462463,0.7176251411437988,-0.008184821344912052,0.6485052108764648,0.7284331917762756,-0.01576031930744648,0.6427969932556152,0.7510259747505188,-0.022484423592686653,0.6491428017616272,0.7747070789337158,-0.02882891707122326,0.6566010117530823,0.6889029741287231,-0.014925102703273296,0.6575988531112671,0.7450590133666992,-0.0237233005464077,0.6611209511756897,0.7458255290985107,-0.02951561100780964,0.6601770520210266,0.7312997579574585,-0.033396750688552856,0.6743404269218445,0.6829169392585754,-0.016491815447807312,0.6747289896011353,0.7481898069381714,-0.02314578741788864,0.677203893661499,0.7407464981079102,-0.024791909381747246,0.6759729385375977,0.7238724231719971,-0.02688426710665226,0.6912069320678711,0.6845094561576843,-0.018746210262179375,0.6902506351470947,0.745484471321106,-0.024486910551786423,0.6920788884162903,0.7371828556060791,-0.022608274593949318,0.6920639872550964,0.7209709882736206,-0.02150529809296131,0.7058314085006714,0.6910339593887329,-0.021991334855556488,0.7048239707946777,0.7353498339653015,-0.025016775354743004,0.7054480314254761,0.7306531667709351,-0.022833701223134995,0.7061591744422913,0.7162633538246155,-0.021452177315950394,0.3656887710094452,0.734530508518219,3.2138039784967987e-08,0.3945266902446747,0.7416250109672546,-0.004815708380192518,0.4165366590023041,0.7503452301025391,-0.011387409642338753,0.42534539103507996,0.7671592831611633,-0.017973994836211205,0.4216535985469818,0.7847480773925781,-0.023960813879966736,0.41011109948158264,0.7029247879981995,-0.01798202469944954,0.41510656476020813,0.7545084357261658,-0.025605592876672745,0.4089503884315491,0.7700945734977722,-0.02828817628324032,0.4041135907173157,0.7656533718109131,-0.030368894338607788,0.3930725157260895,0.7018550038337708,-0.021485546603798866,0.39769208431243896,0.7662246227264404,-0.027127917855978012,0.39296743273735046,0.7723914980888367,-0.025983482599258423,0.39107853174209595,0.7576029896736145,-0.026844648644328117,0.3760990500450134,0.7094154953956604,-0.025045247748494148,0.37938717007637024,0.7682549953460693,-0.029546894133090973,0.37634173035621643,0.771101713180542,-0.025892656296491623,0.3756886124610901,0.7575432062149048,-0.02473463863134384,0.36113861203193665,0.7200816869735718,-0.029459273442626,0.36392655968666077,0.7657445669174194,-0.03205069899559021,0.3638102114200592,0.7677387595176697,-0.029624218121170998,0.36249449849128723,0.7553660869598389,-0.028773097321391106
24,24,1,1,1,1.0,1.0,1.0,0.5169759392738342,0.3170729875564575,-0.5696357488632202,0.9999465942382812,0.5314369797706604,0.27336230874061584,-0.5312179327011108,0.9998723864555359,0.541632354259491,0.27263689041137695,-0.531384289264679,0.9998774528503418,0.549731969833374,0.2719457447528839,-0.5312182307243347,0.999859631061554,0.5038532018661499,0.27361249923706055,-0.5335318446159363,0.9998916387557983,0.4956192374229431,0.2731861472129822,-0.5333804488182068,0.9999099969863892,0.4872874915599823,0.2739100158214569,-0.5337525010108948,0.9999064207077026,0.5644655227661133,0.28873923420906067,-0.23104733228683472,0.9998193979263306,0.48119527101516724,0.2924145758152008,-0.23306185007095337,0.9999326467514038,0.5376555323600769,0.35837429761886597,-0.4555909335613251,0.9999780058860779,0.503655731678009,0.3580913841724396,-0.45743176341056824,0.9999817609786987,0.6452342867851257,0.517253577709198,-0.021527113392949104,0.9999051094055176,0.4152067005634308,0.5178402066230774,-0.09748384356498718,0.9999369978904724,0.7513630390167236,0.7885249257087708,-0.1796395629644394,0.9850939512252808,0.31582850217819214,0.7795611619949341,-0.385953813791275,0.9916008710861206,0.6971818208694458,0.6882785558700562,-0.7109801173210144,0.8866521716117859,0.3675672709941864,0.6960981488227844,-0.9800577759742737,0.9084123373031616,0.6874932050704956,0.7137916684150696,-0.8064714074134827,0.8563315272331238,0.38053756952285767,0.7311170101165771,-1.080851435661316,0.8711318373680115,0.6666793823242188,0.6896997094154358,-0.8079670667648315,0.8692346215248108,0.40304043889045715,0.7021877765655518,-1.0755106210708618,0.8816718459129333,0.6631843447685242,0.6822684407234192,-0.7208082675933838,0.86888587474823,0.4074534475803375,0.686342716217041,-0.9857634902000427,0.8900142908096313,0.6084439754486084,1.0587432384490967,-0.013303540647029877,0.45604801177978516,0.45856860280036926,1.0571500062942505,0.014917084015905857,0.5427277684211731,0.6174689531326294,1.5187982320785522,0.05829731747508049,0.005287297535687685,0.45015257596969604,1.5228631496429443,0.1374104768037796,0.0038000422064214945,0.6172168254852295,1.9243054389953613,0.3821524679660797,0.0010121583472937346,0.461713582277298,1.935918927192688,0.463851660490036,0.0006211171858012676,0.6211704015731812,1.9718273878097534,0.3957492411136627,0.0011569687630981207,0.4592526853084564,1.9859944581985474,0.48832184076309204,0.0014880369417369366,0.5973159074783325,2.064490556716919,0.06207825988531113,0.0004461108474060893,0.4931943714618683,2.0684163570404053,0.1217862144112587,0.0015822385903447866,0.6931196451187134,0.7147265672683716,-3.276256776985065e-08,0.6663426160812378,0.7321039438247681,-0.0052814967930316925,0.6468485593795776,0.7575066685676575,-0.011064071208238602,0.6424198746681213,0.7827709317207336,-0.01645459420979023,0.6501490473747253,0.7998226881027222,-0.02199757844209671,0.6524423360824585,0.7215082049369812,-0.014044590294361115,0.6555830240249634,0.776108980178833,-0.023074578493833542,0.6630774736404419,0.7697883248329163,-0.029423950240015984,0.663450300693512,0.7501580119132996,-0.034032128751277924,0.6717300415039062,0.7136895060539246,-0.016782762482762337,0.6736359596252441,0.7789531350135803,-0.023409636691212654,0.6788133978843689,0.7676045298576355,-0.024155404418706894,0.677680253982544,0.7460538744926453,-0.025670193135738373,0.689907431602478,0.7128240466117859,-0.019858170300722122,0.6916316151618958,0.7731488347053528,-0.02486998215317726,0.6930000185966492,0.7615367770195007,-0.021195532754063606,0.6915044188499451,0.7400418519973755,-0.019265128299593925,0.7061077356338501,0.7153942584991455,-0.023550385609269142,0.7056524753570557,0.762628436088562,-0.027825888246297836,0.7062657475471497,0.7527210712432861,-0.024886377155780792,0.7066332101821899,0.7315965890884399,-0.022723963484168053,0.3706727623939514,0.740752100944519,-2.1563634433618972e-08,0.39723992347717285,0.75344318151474,-0.004203468095511198,0.4186381995677948,0.7682064771652222,-0.009288125671446323,0.42715689539909363,0.7886260151863098,-0.014746827073395252,0.42303434014320374,0.8052189350128174,-0.020228246226906776,0.41414234042167664,0.7258046269416809,-0.014394872821867466,0.41546565294265747,0.7790426015853882,-0.02259414829313755,0.4091492295265198,0.7895788550376892,-0.02745036594569683,0.4039866328239441,0.7792373895645142,-0.031200842931866646,0.39620789885520935,0.7222042679786682,-0.018322760239243507,0.3974868953227997,0.7871143221855164,-0.02377118170261383,0.39452093839645386,0.7895241379737854,-0.02495710365474224,0.39366182684898376,0.7716702222824097,-0.027604637667536736,0.378598690032959,0.7273040413856506,-0.022395294159650803,0.3801890015602112,0.7875126600265503,-0.026682045310735703,0.37959209084510803,0.78556227684021,-0.02435142919421196,0.3800710439682007,0.7673120498657227,-0.023986084386706352,0.3626919090747833,0.7346290946006775,-0.027416447177529335,0.3649858236312866,0.7818586230278015,-0.03089672327041626,0.36634886264801025,0.7809705138206482,-0.02910655178129673,0.3663639724254608,0.767282247543335,-0.02830144390463829
25,25,1,1,1,1.0,1.0,1.0,0.5171862840652466,0.31704169511795044,-0.5851962566375732,0.9999517202377319,0.531403124332428,0.2734249532222748,-0.5490350723266602,0.9998847246170044,0.5415584444999695,0.2727435529232025,-0.5491818785667419,0.9998893737792969,0.5497044324874878,0.27209600806236267,-0.5490171909332275,0.999873161315918,0.5041099786758423,0.2736235558986664,-0.5508774518966675,0.9999021291732788,0.4959910213947296,0.2732042372226715,-0.5507590174674988,0.9999187588691711,0.4876619875431061,0.27390286326408386,-0.5511118769645691,0.9999154806137085,0.5643355250358582,0.2888375520706177,-0.25396424531936646,0.9998370409011841,0.48148754239082336,0.29246005415916443,-0.25509992241859436,0.9999392628669739,0.5377150774002075,0.35833850502967834,-0.47298523783683777,0.9999801516532898,0.503994882106781,0.3580106794834137,-0.47448602318763733,0.9999834895133972,0.6451015472412109,0.517135500907898,-0.04932035505771637,0.9999134540557861,0.41488367319107056,0.5179482102394104,-0.11173835396766663,0.9999424815177917,0.7509211301803589,0.7878962755203247,-0.23472128808498383,0.9862629771232605,0.3154522776603699,0.7795742154121399,-0.3961167335510254,0.992384135723114,0.6970437169075012,0.6900650262832642,-0.7841971516609192,0.897895336151123,0.371240496635437,0.7006380558013916,-0.9971813559532166,0.917518675327301,0.6885534524917603,0.7288693189620972,-0.8833473324775696,0.8703245520591736,0.3845691382884979,0.7380055785179138,-1.1025660037994385,0.883759081363678,0.6666181683540344,0.705098569393158,-0.8813769817352295,0.8819401860237122,0.4084911644458771,0.7088956236839294,-1.0949034690856934,0.8932238221168518,0.6630383133888245,0.6955460906028748,-0.7930783629417419,0.8815277814865112,0.412764310836792,0.691362738609314,-1.0015361309051514,0.9007266759872437,0.6086047887802124,1.0575237274169922,-0.012336159124970436,0.47165966033935547,0.458621084690094,1.0561171770095825,0.013901829719543457,0.5584688782691956,0.6185894012451172,1.5187137126922607,0.07060906291007996,0.005084356293082237,0.4507262408733368,1.523025631904602,0.1368565708398819,0.0037156378384679556,0.6202306747436523,1.9229775667190552,0.4023527503013611,0.001011105254292488,0.46415266394615173,1.9352869987487793,0.46282249689102173,0.0006065081688575447,0.6240898370742798,1.9710400104522705,0.41659054160118103,0.0011903309496119618,0.4617947041988373,1.9854127168655396,0.487069696187973,0.0014561432180926204,0.60159832239151,2.062753200531006,0.08427257090806961,0.0004402999475132674,0.4955938160419464,2.0677685737609863,0.11971259862184525,0.0015648723347112536,0.6906095743179321,0.720680832862854,-5.336415043188936e-08,0.6637870073318481,0.7347585558891296,-0.005135794170200825,0.6453776359558105,0.7539722919464111,-0.010904733091592789,0.640984296798706,0.7776751518249512,-0.01659563183784485,0.6493447422981262,0.7957356572151184,-0.022362956777215004,0.6533971428871155,0.7183707356452942,-0.012096795253455639,0.6570109724998474,0.7709295749664307,-0.021631471812725067,0.6649733185768127,0.7661362290382385,-0.028216678649187088,0.6651632785797119,0.7475249767303467,-0.032575823366642,0.6724462509155273,0.7114676237106323,-0.014984232373535633,0.6739212274551392,0.7736228704452515,-0.022287165746092796,0.6792212724685669,0.7631043195724487,-0.02345980517566204,0.6784583330154419,0.7428516149520874,-0.025075316429138184,0.6896783709526062,0.7108982801437378,-0.018444549292325974,0.6902855038642883,0.7695101499557495,-0.024432264268398285,0.6925840973854065,0.7583808302879333,-0.021548906341195107,0.6915837526321411,0.7376094460487366,-0.019783990457654,0.7041673064231873,0.7131510972976685,-0.022516312077641487,0.702545166015625,0.7596784234046936,-0.025735333561897278,0.7041386365890503,0.7504993677139282,-0.022586410865187645,0.7053099870681763,0.730705201625824,-0.020515047013759613,0.3733477294445038,0.7430711388587952,7.326207906999116e-08,0.4008949100971222,0.7519371509552002,-0.005741945933550596,0.4213005304336548,0.7604671716690063,-0.01248853374272585,0.42879486083984375,0.7761433720588684,-0.019012674689292908,0.4251602590084076,0.791817307472229,-0.025037027895450592,0.41392770409584045,0.7149605751037598,-0.01869160681962967,0.41712018847465515,0.7619139552116394,-0.02614370919764042,0.4123227894306183,0.7757827043533325,-0.028607307001948357,0.4076049327850342,0.7702090740203857,-0.03043370507657528,0.39592689275741577,0.7136389017105103,-0.021526416763663292,0.4000282883644104,0.7722811698913574,-0.027060074731707573,0.39747190475463867,0.7787083387374878,-0.026339391246438026,0.3967657685279846,0.7655063271522522,-0.027413727715611458,0.37901899218559265,0.721257746219635,-0.02436530590057373,0.38317057490348816,0.7766506671905518,-0.028759391978383064,0.38230106234550476,0.7776851058006287,-0.02525799162685871,0.3820582628250122,0.7633609771728516,-0.024095019325613976,0.3647722005844116,0.7313774228096008,-0.028096171095967293,0.3686547577381134,0.7766613364219666,-0.03127525374293327,0.36940932273864746,0.7757152318954468,-0.02922809310257435,0.36789146065711975,0.7621514797210693,-0.028345521539449692
26,26,1,1,1,1.0,1.0,1.0,0.517218291759491,0.31700462102890015,-0.6122808456420898,0.9999563694000244,0.5313436985015869,0.27342984080314636,-0.5857167840003967,0.9998959898948669,0.5414841175079346,0.27276137471199036,-0.5859775543212891,0.9999001622200012,0.5496734976768494,0.27212798595428467,-0.5858819484710693,0.9998854398727417,0.5041332244873047,0.2736102342605591,-0.5816130638122559,0.9999116659164429,0.4960213899612427,0.2731935679912567,-0.5813751816749573,0.9999266862869263,0.4876958131790161,0.27388352155685425,-0.5816857814788818,0.9999237060546875,0.5642735958099365,0.2888175845146179,-0.29594624042510986,0.9998530149459839,0.48154911398887634,0.29244527220726013,-0.2675209045410156,0.9999452233314514,0.5376823544502258,0.3582683205604553,-0.4977468252182007,0.9999820590019226,0.5039953589439392,0.35794568061828613,-0.48986005783081055,0.9999850988388062,0.6451477408409119,0.5170903205871582,-0.07892065495252609,0.9999210834503174,0.41475188732147217,0.5178843140602112,-0.1270802766084671,0.9999476075172424,0.7514981627464294,0.790111243724823,-0.2845459282398224,0.9874123930931091,0.3148159980773926,0.7796330451965332,-0.400620698928833,0.9930980801582336,0.696937620639801,0.6961749792098999,-0.868354856967926,0.9080470204353333,0.3703165650367737,0.7027490735054016,-1.0113295316696167,0.9257351160049438,0.6859690546989441,0.72919100522995,-0.9697648882865906,0.8830300569534302,0.38531556725502014,0.7381660342216492,-1.1146934032440186,0.8952184915542603,0.6654631495475769,0.7032705545425415,-0.96044921875,0.8934794068336487,0.4065530002117157,0.7077404856681824,-1.1036866903305054,0.9037205576896667,0.6626440286636353,0.6946831345558167,-0.8732789158821106,0.8930329084396362,0.4102044403553009,0.6930264830589294,-1.01437509059906,0.9104630947113037,0.6101678609848022,1.0552072525024414,-0.0144500732421875,0.4786822497844696,0.4587753415107727,1.0554099082946777,0.015959961339831352,0.5680704116821289,0.6210110783576965,1.5179998874664307,0.06810764968395233,0.004838974215090275,0.4525548219680786,1.5224276781082153,0.14653147757053375,0.0036229672841727734,0.6229986548423767,1.9215061664581299,0.3992935121059418,0.0009975491557270288,0.4671330451965332,1.932240605354309,0.477530837059021,0.0005922666750848293,0.6269630193710327,1.9696359634399414,0.41347426176071167,0.0011949195759370923,0.4647800028324127,1.9817591905593872,0.5029111504554749,0.0014375589089468122,0.6044723987579346,2.060915231704712,0.08316658437252045,0.0004305350303184241,0.4997841715812683,2.064814567565918,0.13914106786251068,0.0015710258157923818,0.6858741641044617,0.709086000919342,-2.829685818994676e-09,0.6605334281921387,0.7219723463058472,-0.007711232174187899,0.6419042348861694,0.7341976761817932,-0.014878887683153152,0.6380583047866821,0.7496582865715027,-0.02104870043694973,0.6478531956672668,0.76137375831604,-0.02727266028523445,0.6546507477760315,0.688664436340332,-0.017496880143880844,0.6549071669578552,0.7394812107086182,-0.02576373517513275,0.6593373417854309,0.740448534488678,-0.03081672452390194,0.6584333181381226,0.7255187034606934,-0.0343649722635746,0.6728217005729675,0.6860336661338806,-0.018673889338970184,0.6715001463890076,0.7438861131668091,-0.0240507572889328,0.6734814047813416,0.7405236959457397,-0.02361721359193325,0.6722663640975952,0.7244716286659241,-0.024492789059877396,0.6891075968742371,0.6904894709587097,-0.020309828221797943,0.6870893836021423,0.7437425851821899,-0.024298062548041344,0.6869269609451294,0.7385807037353516,-0.020089540630578995,0.6866992712020874,0.7218793630599976,-0.01782388426363468,0.7022899389266968,0.6979090571403503,-0.022925330325961113,0.6999510526657104,0.7353810667991638,-0.025206247344613075,0.699573814868927,0.7306181192398071,-0.02206764928996563,0.700072169303894,0.7148508429527283,-0.020222771912813187,0.37419500946998596,0.744205892086029,1.2144140271175274e-07,0.40229424834251404,0.7434922456741333,-0.0071822344325482845,0.42047929763793945,0.7400197982788086,-0.013603698462247849,0.4268610179424286,0.7461184859275818,-0.019507016986608505,0.42914924025535583,0.7598042488098145,-0.02452162280678749,0.41164731979370117,0.6840521097183228,-0.01566675677895546,0.4176384508609772,0.725094199180603,-0.023720573633909225,0.41605743765830994,0.7466910481452942,-0.027635816484689713,0.4129989445209503,0.7499803304672241,-0.03047003597021103,0.39472877979278564,0.683258056640625,-0.01732846163213253,0.40096303820610046,0.7368326783180237,-0.023970481008291245,0.40177252888679504,0.7552476525306702,-0.02564472146332264,0.40124502778053284,0.750700831413269,-0.02815847657620907,0.3782455623149872,0.6940642595291138,-0.019332103431224823,0.3850066661834717,0.7444034218788147,-0.026290280744433403,0.38668063282966614,0.7591450810432434,-0.025156637653708458,0.3860477805137634,0.7516542077064514,-0.024868587031960487,0.36431625485420227,0.707982063293457,-0.022107098251581192,0.36940982937812805,0.7479197382926941,-0.027567792683839798,0.37188005447387695,0.756741464138031,-0.027125634253025055,0.37089577317237854,0.7491222620010376,-0.02675173059105873
27,27,1,1,1,1.0,1.0,1.0,0.5171823501586914,0.3169655203819275,-0.6871495842933655,0.9999605417251587,0.5312861800193787,0.2734062671661377,-0.6560080051422119,0.9999061226844788,0.5414276719093323,0.2727493941783905,-0.6561262011528015,0.9999098777770996,0.5496620535850525,0.27211254835128784,-0.6559483408927917,0.9998964667320251,0.5041149854660034,0.2735486924648285,-0.6535325050354004,0.9999202489852905,0.4960029125213623,0.2731211185455322,-0.6534148454666138,0.9999338388442993,0.48768502473831177,0.2737913131713867,-0.6537104249000549,0.9999310970306396,0.564385175704956,0.28875935077667236,-0.35712042450904846,0.9998674392700195,0.48153916001319885,0.2923310399055481,-0.33848947286605835,0.9999505877494812,0.5376595258712769,0.3580285310745239,-0.5712894201278687,0.9999837875366211,0.5039306879043579,0.3577369451522827,-0.5667970776557922,0.9999865293502808,0.6455420255661011,0.5169672966003418,-0.12449148297309875,0.999927818775177,0.4145531952381134,0.5170291662216187,-0.16446007788181305,0.9999520778656006,0.7527429461479187,0.79392409324646,-0.3495163023471832,0.9884551763534546,0.31474992632865906,0.7796820998191833,-0.4546659290790558,0.9937250018119812,0.6953846216201782,0.6970617175102234,-0.9433907270431519,0.9171833992004395,0.36987245082855225,0.6965302228927612,-1.083769679069519,0.9331230521202087,0.6798790693283081,0.718122661113739,-1.0495569705963135,0.8944864869117737,0.3838903307914734,0.7192519903182983,-1.1921805143356323,0.9055129885673523,0.6603814363479614,0.6884052753448486,-1.0377172231674194,0.903889000415802,0.4049499034881592,0.6895177364349365,-1.1781476736068726,0.9131491780281067,0.6594419479370117,0.6818119287490845,-0.9487404823303223,0.9034102559089661,0.4085943400859833,0.6816253066062927,-1.0875720977783203,0.9192056059837341,0.609932005405426,1.054648756980896,-0.015048912726342678,0.4752119183540344,0.45870527625083923,1.054728388786316,0.01655767112970352,0.5661005973815918,0.6175605058670044,1.518051266670227,0.0708632841706276,0.0046632918529212475,0.45026376843452454,1.5207719802856445,0.1379053294658661,0.003540832782164216,0.6176332831382751,1.9212979078292847,0.4135071933269501,0.0010056248866021633,0.4641096293926239,1.9287161827087402,0.4611096680164337,0.0005720374756492674,0.6213014721870422,1.969679355621338,0.4283025562763214,0.001220314297825098,0.46180516481399536,1.9781919717788696,0.4851829409599304,0.0014036279171705246,0.598325252532959,2.059497117996216,0.09283856302499771,0.00042662606574594975,0.49581649899482727,2.0615484714508057,0.1180405393242836,0.0015463524032384157,0.6862761974334717,0.72060626745224,-1.0853337073513103e-07,0.6630942821502686,0.7197452187538147,-0.012582683004438877,0.6431953310966492,0.7157498002052307,-0.01999235898256302,0.6359929442405701,0.71893310546875,-0.026280781254172325,0.6465039253234863,0.722756028175354,-0.03136669471859932,0.6523829698562622,0.651603639125824,-0.009117333218455315,0.6527019143104553,0.6994922757148743,-0.01861249841749668,0.6545039415359497,0.7175785899162292,-0.02526518516242504,0.6546722650527954,0.7101939916610718,-0.029673296958208084,0.6689897179603577,0.6473243832588196,-0.008629702031612396,0.6688935160636902,0.7024845480918884,-0.017049157992005348,0.6680771708488464,0.7196289896965027,-0.0197154488414526,0.6658732295036316,0.7123737335205078,-0.0208827406167984,0.6847427487373352,0.6541157960891724,-0.010024357587099075,0.6829184889793396,0.7056843638420105,-0.018103526905179024,0.6815069913864136,0.7188338041305542,-0.0166814886033535,0.6807712316513062,0.7101494669914246,-0.014323498122394085,0.6982941627502441,0.6661651730537415,-0.01306191273033619,0.6972859501838684,0.7022197842597961,-0.0173195693641901,0.6948906779289246,0.7144241333007812,-0.01575423590838909,0.6944748759269714,0.7108508348464966,-0.013596905395388603,0.369418203830719,0.694260835647583,5.535073910323263e-08,0.39470070600509644,0.695685863494873,-0.007150605320930481,0.41282448172569275,0.6978225111961365,-0.014568498358130455,0.4217000901699066,0.7056500911712646,-0.02128637209534645,0.42696693539619446,0.7192919254302979,-0.02709428407251835,0.4094986617565155,0.6513698101043701,-0.019935104995965958,0.4188612997531891,0.6919758319854736,-0.02817505970597267,0.41518861055374146,0.7134103775024414,-0.03204093873500824,0.41014713048934937,0.7120673656463623,-0.034509699791669846,0.3926066756248474,0.6526677012443542,-0.021665263921022415,0.40114864706993103,0.7057042717933655,-0.027504630386829376,0.39882418513298035,0.7222050428390503,-0.027460705488920212,0.3962819278240204,0.7160994410514832,-0.028977397829294205,0.3758348822593689,0.6657841801643372,-0.02341431751847267,0.3845822215080261,0.7149118185043335,-0.027822760865092278,0.38431257009506226,0.726428747177124,-0.023604879155755043,0.3817237317562103,0.7164899706840515,-0.022079912945628166,0.36252978444099426,0.6817683577537537,-0.026079168543219566,0.3697035312652588,0.7212189435958862,-0.028748419135808945,0.3705691695213318,0.7284712791442871,-0.02502538450062275,0.3678591549396515,0.718682050704956,-0.022995710372924805
28,28,1,1,1,1.0,1.0,1.0,0.5171613693237305,0.3168862462043762,-0.7403179407119751,0.9999643564224243,0.5312356352806091,0.2732911705970764,-0.7076581120491028,0.9999153017997742,0.5413740873336792,0.2726401090621948,-0.7077518701553345,0.9999186992645264,0.5496357679367065,0.27200645208358765,-0.7075550556182861,0.9999064803123474,0.5040844082832336,0.2734173536300659,-0.7052332758903503,0.9999280571937561,0.4959656298160553,0.2729839086532593,-0.7051554918289185,0.9999403357505798,0.48765021562576294,0.2736360430717468,-0.7054756879806519,0.9999378323554993,0.5644006133079529,0.28847232460975647,-0.4029809236526489,0.9998804926872253,0.4814929664134979,0.2920428216457367,-0.38526788353919983,0.9999554753303528,0.5376327037811279,0.35776761174201965,-0.6227174401283264,0.9999853372573853,0.5038818717002869,0.35752156376838684,-0.6188951134681702,0.9999878406524658,0.645813524723053,0.5155476927757263,-0.15627820789813995,0.9999337792396545,0.41437628865242004,0.5154126882553101,-0.19252319633960724,0.9999561309814453,0.7530330419540405,0.7958437204360962,-0.367747962474823,0.9894094467163086,0.31464436650276184,0.7800549864768982,-0.47522303462028503,0.9942868947982788,0.6957426071166992,0.693013072013855,-0.953027606010437,0.9254204630851746,0.3691326677799225,0.685405969619751,-1.1113024950027466,0.9397821426391602,0.6800322532653809,0.6985269784927368,-1.054909110069275,0.9048468470573425,0.38304921984672546,0.696156919002533,-1.2175198793411255,0.9148247241973877,0.6610689759254456,0.6649121046066284,-1.0430026054382324,0.9133043885231018,0.4030422270298004,0.6669864058494568,-1.2040705680847168,0.9216837286949158,0.6603497266769409,0.661557674407959,-0.9578225612640381,0.9128072261810303,0.40709388256073,0.6630908250808716,-1.1154396533966064,0.9271216988563538,0.6097835302352905,1.0515546798706055,-0.015356511808931828,0.4734509587287903,0.45920002460479736,1.0526841878890991,0.016877109184861183,0.5666841268539429,0.6162713170051575,1.5146719217300415,0.060670312494039536,0.004456491209566593,0.44901221990585327,1.5144668817520142,0.13645662367343903,0.0034148232080042362,0.6147133708000183,1.9181275367736816,0.3953467905521393,0.0009922583121806383,0.4624629020690918,1.9221320152282715,0.4614161252975464,0.0005483741988427937,0.6183112263679504,1.9665504693984985,0.40851831436157227,0.0012142390478402376,0.4602065086364746,1.971583604812622,0.4855874478816986,0.0013553256867453456,0.594575822353363,2.0560100078582764,0.0645812526345253,0.0004182510601822287,0.49422356486320496,2.055725574493408,0.11774412542581558,0.0015227667754516006,0.6787201762199402,0.7132700085639954,-1.4518451507683494e-07,0.6607699990272522,0.711726188659668,-0.01501605287194252,0.6425445675849915,0.7050238847732544,-0.025023145601153374,0.6328697800636292,0.6976726651191711,-0.033041417598724365,0.6453223824501038,0.6910189390182495,-0.03897454962134361,0.650293231010437,0.6280155777931213,-0.014725987799465656,0.6510219573974609,0.6721246838569641,-0.026174070313572884,0.6528611183166504,0.692696750164032,-0.032493166625499725,0.652875542640686,0.6850547194480896,-0.036254025995731354,0.6682174205780029,0.6252355575561523,-0.013147370889782906,0.6674140095710754,0.6755381226539612,-0.023498347029089928,0.6663398742675781,0.696001410484314,-0.025257384404540062,0.6649394035339355,0.6860942244529724,-0.025255542248487473,0.6846286654472351,0.6330594420433044,-0.013465953059494495,0.6822880506515503,0.6788451075553894,-0.023727305233478546,0.6799116134643555,0.6957014799118042,-0.02154906839132309,0.6791974306106567,0.6869481205940247,-0.01833672635257244,0.6984976530075073,0.646315336227417,-0.015447799116373062,0.6970453858375549,0.6787369847297668,-0.021440312266349792,0.6935404539108276,0.6936241388320923,-0.02002532407641411,0.692342221736908,0.691376268863678,-0.0175311416387558,0.37454962730407715,0.7206606864929199,4.7703387906494754e-08,0.39754828810691833,0.7201932668685913,-0.009883198887109756,0.4160096347332001,0.7071930766105652,-0.01703518070280552,0.42541706562042236,0.6963068842887878,-0.02305476740002632,0.4229179322719574,0.6894472241401672,-0.027599766850471497,0.40686196088790894,0.6360096335411072,-0.015960147604346275,0.4128844141960144,0.6510301828384399,-0.025424042716622353,0.4114845395088196,0.6812589168548584,-0.030052993446588516,0.40717509388923645,0.6866668462753296,-0.03273008018732071,0.3898387551307678,0.634174644947052,-0.016166022047400475,0.3980608880519867,0.6668519973754883,-0.024432746693491936,0.3971911072731018,0.6942761540412903,-0.02591491863131523,0.39331087470054626,0.6888347268104553,-0.027201088145375252,0.3739033639431,0.6470248699188232,-0.017170825973153114,0.3821060061454773,0.6824926733970642,-0.02536136470735073,0.38490208983421326,0.7043724656105042,-0.02344915270805359,0.3819691836833954,0.6960642337799072,-0.022069895640015602,0.36080804467201233,0.6641731262207031,-0.019034219905734062,0.36871862411499023,0.6970667839050293,-0.024648243561387062,0.37185758352279663,0.7097058892250061,-0.023217516019940376,0.3685929477214813,0.7012903094291687,-0.02182260900735855
29,29,1,1,1,1.0,1.0,1.0,0.5171642899513245,0.31683844327926636,-0.7358236312866211,0.9999678134918213,0.5312033295631409,0.27325570583343506,-0.7006814479827881,0.999923586845398,0.5413404107093811,0.2726025879383087,-0.7008177638053894,0.9999266862869263,0.5496218204498291,0.27196580171585083,-0.7005938291549683,0.9999155402183533,0.5040756464004517,0.27340155839920044,-0.6990495324134827,0.9999350905418396,0.49595412611961365,0.2729648947715759,-0.698947548866272,0.9999461770057678,0.487641304731369,0.27361544966697693,-0.6993020176887512,0.9999439120292664,0.5644111633300781,0.2883170247077942,-0.39121440052986145,0.9998922348022461,0.4814748167991638,0.2920266091823578,-0.3760344982147217,0.9999598860740662,0.5376468896865845,0.35770779848098755,-0.6166183352470398,0.9999867677688599,0.5039306282997131,0.3574747145175934,-0.613770604133606,0.9999890327453613,0.6457889676094055,0.5141646862030029,-0.14878851175308228,0.99993896484375,0.4142553210258484,0.5153186321258545,-0.18571646511554718,0.9999596476554871,0.7532723546028137,0.7960547804832458,-0.3552084267139435,0.9902345538139343,0.31414327025413513,0.7809175252914429,-0.466538667678833,0.9947908520698547,0.6960461735725403,0.6870070695877075,-0.9315727949142456,0.9328325390815735,0.3680683672428131,0.6818126440048218,-1.081902027130127,0.9457681179046631,0.6801526546478271,0.6885441541671753,-1.0155000686645508,0.914156973361969,0.3824136555194855,0.687283992767334,-1.192765712738037,0.9231736660003662,0.6613316535949707,0.6539692878723145,-0.9940105676651001,0.921766996383667,0.40252798795700073,0.6580538749694824,-1.201635479927063,0.9293326735496521,0.6607139706611633,0.6509810090065002,-0.9268696308135986,0.9212314486503601,0.4063471555709839,0.6555464267730713,-1.0900956392288208,0.9342053532600403,0.6100281476974487,1.050645351409912,-0.018349170684814453,0.46204861998558044,0.4609149992465973,1.0526728630065918,0.01989668980240822,0.5581265091896057,0.6183162927627563,1.5123275518417358,0.030953526496887207,0.004326230380684137,0.451784610748291,1.5139193534851074,0.13631510734558105,0.003355419496074319,0.6163634061813354,1.9161397218704224,0.36451131105422974,0.0009871618822216988,0.464539110660553,1.9218833446502686,0.4720776081085205,0.0005403751856647432,0.6199171543121338,1.9643267393112183,0.3765776753425598,0.001207362161949277,0.46220868825912476,1.9718048572540283,0.49760326743125916,0.0013623525155708194,0.5963054299354553,2.055231809616089,0.024106211960315704,0.00041706007323227823,0.49630117416381836,2.0550317764282227,0.12207596004009247,0.0015708457212895155,0.6820866465568542,0.6850185990333557,-1.1376366870763377e-07,0.6588229537010193,0.686762809753418,-0.009749121963977814,0.6384419798851013,0.6860730051994324,-0.015630770474672318,0.633422315120697,0.6916335821151733,-0.02065497823059559,0.6448870301246643,0.6918413639068604,-0.024811357259750366,0.6456703543663025,0.6285834312438965,-0.008354752324521542,0.648770809173584,0.6733657717704773,-0.017329467460513115,0.6544122099876404,0.6894643902778625,-0.023844091221690178,0.6544339060783386,0.6806265115737915,-0.028293520212173462,0.6627545952796936,0.6225835680961609,-0.008869772776961327,0.6644459366798401,0.6750415563583374,-0.015873994678258896,0.6679468154907227,0.6896620988845825,-0.01745636574923992,0.6660741567611694,0.6810488104820251,-0.018267974257469177,0.6793497204780579,0.6272175908088684,-0.010976146906614304,0.6800079941749573,0.678865373134613,-0.017089108005166054,0.6809290647506714,0.68983393907547,-0.014439773745834827,0.6794883608818054,0.6810693144798279,-0.011827902868390083,0.6931915283203125,0.6379206776618958,-0.01445041410624981,0.6944379210472107,0.6766542792320251,-0.017179973423480988,0.6939477324485779,0.6853111386299133,-0.014499252662062645,0.693699300289154,0.6786001324653625,-0.012045207433402538,0.37775009870529175,0.7287049889564514,-7.407553681559875e-08,0.39708566665649414,0.7220198512077332,-0.010446750558912754,0.4155649244785309,0.7091975212097168,-0.01889999583363533,0.42593443393707275,0.6947962045669556,-0.026596713811159134,0.4176710546016693,0.6879940629005432,-0.0329931378364563,0.40713927149772644,0.6309192776679993,-0.012878961861133575,0.4109515845775604,0.6611930727958679,-0.026086261495947838,0.40943461656570435,0.6868302822113037,-0.0350177139043808,0.40636584162712097,0.6828188300132751,-0.04068286344408989,0.3879101574420929,0.6310248970985413,-0.014173540286719799,0.39340338110923767,0.6709662675857544,-0.024664150550961494,0.394394189119339,0.6989126801490784,-0.0281672403216362,0.3931173086166382,0.6903427839279175,-0.030673544853925705,0.37102237343788147,0.643014132976532,-0.016888059675693512,0.3781549036502838,0.6832559108734131,-0.025715017691254616,0.38049444556236267,0.7031278014183044,-0.024120913818478584,0.37877821922302246,0.6916691660881042,-0.023055553436279297,0.3573010265827179,0.6598323583602905,-0.02088877744972706,0.36342740058898926,0.6926104426383972,-0.025720587000250816,0.36660656332969666,0.7064917087554932,-0.024007977917790413,0.36562108993530273,0.6992897391319275,-0.02247016504406929
30,30,1,1,1,1.0,1.0,1.0,0.5174164175987244,0.3168039321899414,-0.7217679619789124,0.9999709129333496,0.5313498377799988,0.2732393443584442,-0.686698853969574,0.9999310374259949,0.5414772629737854,0.272588312625885,-0.6868196129798889,0.9999338388442993,0.5496866703033447,0.2719500660896301,-0.6866175532341003,0.9999237060546875,0.5042508840560913,0.27335813641548157,-0.6855204105377197,0.9999414682388306,0.4961690306663513,0.2729061245918274,-0.6854156255722046,0.9999514818191528,0.48778998851776123,0.2735353410243988,-0.6857548356056213,0.9999493956565857,0.5644238591194153,0.2882858216762543,-0.38067758083343506,0.9999028444290161,0.4814664125442505,0.29194507002830505,-0.36756959557533264,0.9999638199806213,0.5377605557441711,0.35765787959098816,-0.6040979027748108,0.9999880194664001,0.5041193962097168,0.3574361503124237,-0.6017875075340271,0.9999901056289673,0.645558774471283,0.5106984376907349,-0.14433863759040833,0.9999441504478455,0.4141559600830078,0.5146850347518921,-0.18240056931972504,0.9999629855155945,0.7531462907791138,0.790657639503479,-0.34533995389938354,0.9909723997116089,0.3125346302986145,0.7793039083480835,-0.4598117768764496,0.995250403881073,0.6957486271858215,0.6889626383781433,-0.9154840111732483,0.9395067691802979,0.3671466112136841,0.6810214519500732,-1.0734153985977173,0.9511598944664001,0.6796680092811584,0.6934869885444641,-1.0061917304992676,0.9225584864616394,0.38202357292175293,0.6921665668487549,-1.1778367757797241,0.9306994676589966,0.6602751016616821,0.6597808003425598,-0.9902109503746033,0.929405152797699,0.4020034074783325,0.6626662611961365,-1.1719768047332764,0.9362279176712036,0.6598088145256042,0.6563279628753662,-0.9162048101425171,0.9288598895072937,0.40594932436943054,0.659026026725769,-1.0776910781860352,0.9406047463417053,0.6104899644851685,1.0473860502243042,-0.018498491495847702,0.4620167911052704,0.46283841133117676,1.052170991897583,0.020046135410666466,0.5603244304656982,0.6216345429420471,1.5091649293899536,0.03477995842695236,0.004115858115255833,0.45523545145988464,1.5134979486465454,0.1361580789089203,0.003195539116859436,0.6219884753227234,1.9112060070037842,0.36630186438560486,0.000968222797382623,0.46886131167411804,1.92036771774292,0.47162356972694397,0.000515080348122865,0.6258535385131836,1.9591747522354126,0.3787600100040436,0.0012019133428111672,0.46658292412757874,1.9703681468963623,0.4972684979438782,0.001307138823904097,0.6025258302688599,2.050459623336792,0.034114107489585876,0.0004045356181450188,0.49996235966682434,2.0527782440185547,0.12184782326221466,0.001525373081676662,0.6745419502258301,0.666541576385498,-5.641830114200275e-08,0.6541576981544495,0.6810351610183716,-0.00740085169672966,0.6390378475189209,0.6973121762275696,-0.014595182612538338,0.6368051171302795,0.716679036617279,-0.021064160391688347,0.646630585193634,0.725859522819519,-0.027559150010347366,0.650115966796875,0.6518415808677673,-0.014482562430202961,0.6551349759101868,0.705543041229248,-0.022062839940190315,0.6586955189704895,0.7082725763320923,-0.02753695286810398,0.6564954519271851,0.6935931444168091,-0.0316162109375,0.668668806552887,0.6463925838470459,-0.016273245215415955,0.6703372597694397,0.7071420550346375,-0.02065155655145645,0.6721387505531311,0.7042009830474854,-0.02100847288966179,0.6692575812339783,0.6899062991142273,-0.022682635113596916,0.6844949126243591,0.6484220623970032,-0.018512843176722527,0.6853983402252197,0.7057490348815918,-0.021781185641884804,0.6868533492088318,0.7017496824264526,-0.017999865114688873,0.6860551834106445,0.688364565372467,-0.016392719000577927,0.6970536708831787,0.6550495624542236,-0.021815257146954536,0.6993513703346252,0.696949303150177,-0.023486599326133728,0.7005332112312317,0.6938942670822144,-0.019872495904564857,0.7008181214332581,0.6818475127220154,-0.017865454778075218,0.3729327619075775,0.6786115169525146,4.223635841071882e-08,0.3992129862308502,0.6866528987884521,-0.0070100221782922745,0.4152912497520447,0.697033166885376,-0.01471502985805273,0.421389102935791,0.708678126335144,-0.022316433489322662,0.4190208613872528,0.7215114831924438,-0.02957608737051487,0.40731602907180786,0.651903510093689,-0.018109718337655067,0.41255202889442444,0.6984672546386719,-0.026155924424529076,0.40788978338241577,0.7151160836219788,-0.030249718576669693,0.4035191833972931,0.7086778879165649,-0.03315772861242294,0.38865792751312256,0.6482363343238831,-0.020309362560510635,0.39332085847854614,0.7077283263206482,-0.025509174913167953,0.39151445031166077,0.7222397327423096,-0.025585388764739037,0.39090049266815186,0.7117936015129089,-0.027438897639513016,0.37136536836624146,0.6572185754776001,-0.02260368876159191,0.3766174912452698,0.7112497091293335,-0.026878176257014275,0.3771229386329651,0.7225003242492676,-0.023200104013085365,0.37610676884651184,0.7113627195358276,-0.022094469517469406,0.3580549657344818,0.6692931056022644,-0.025928152725100517,0.36009830236434937,0.7127158641815186,-0.0285792276263237,0.36199867725372314,0.72052001953125,-0.025400729849934578,0.36047694087028503,0.7120290398597717,-0.023846987634897232
31,31,1,1,1,1.0,1.0,1.0,0.5174084305763245,0.3157917261123657,-0.6412123441696167,0.9999736547470093,0.5313382744789124,0.2728325426578522,-0.6036499738693237,0.9999376535415649,0.5414646863937378,0.27223482728004456,-0.6037512421607971,0.9999402165412903,0.5496839880943298,0.2716408669948578,-0.6035558581352234,0.9999309778213501,0.5042806267738342,0.27284547686576843,-0.6040427088737488,0.9999471306800842,0.4962209463119507,0.272375226020813,-0.6039344072341919,0.9999561905860901,0.4878407418727875,0.2730153799057007,-0.6043027639389038,0.9999542832374573,0.5644046068191528,0.28806301951408386,-0.3016628921031952,0.9999122619628906,0.48153141140937805,0.29182302951812744,-0.29557618498802185,0.9999673366546631,0.5377486944198608,0.35664403438568115,-0.5260463953018188,0.9999891519546509,0.5040993094444275,0.35651490092277527,-0.5256323218345642,0.9999910593032837,0.6451968550682068,0.5093263387680054,-0.08102156221866608,0.9999485015869141,0.41417747735977173,0.5146660208702087,-0.13554581999778748,0.9999658465385437,0.7526536583900452,0.7814105153083801,-0.26657232642173767,0.9915754199028015,0.3117186427116394,0.7751985788345337,-0.405068963766098,0.9956616759300232,0.695295512676239,0.689700186252594,-0.8088251948356628,0.9454673528671265,0.36690500378608704,0.6827893257141113,-0.9752249121665955,0.955996572971344,0.6797481179237366,0.7065699696540833,-0.8993163108825684,0.9299268126487732,0.3817940950393677,0.6925212740898132,-1.0679244995117188,0.9374005794525146,0.6602961421012878,0.6756144165992737,-0.8874585628509521,0.936091959476471,0.4013960659503937,0.665683388710022,-1.0534114837646484,0.9423560500144958,0.6596059799194336,0.6695787310600281,-0.8123490214347839,0.9354785680770874,0.40533870458602905,0.659661054611206,-0.9757155776023865,0.9462894797325134,0.6105237603187561,1.0448424816131592,-0.017106039449572563,0.4676072895526886,0.46386054158210754,1.0512163639068604,0.01863536797463894,0.5682711601257324,0.6226868033409119,1.505985975265503,0.03750581294298172,0.004083116073161364,0.4556668698787689,1.5124473571777344,0.1277858465909958,0.0031747817993164062,0.624235987663269,1.9069801568984985,0.3673732280731201,0.0009869731729850173,0.4694581627845764,1.91863214969635,0.4440758526325226,0.0005159197025932372,0.628303587436676,1.9550361633300781,0.3796595335006714,0.001237885095179081,0.46712353825569153,1.9684967994689941,0.46692895889282227,0.0013079544296488166,0.6049952507019043,2.0462393760681152,0.03917776048183441,0.00040551996789872646,0.5009011626243591,2.0499460697174072,0.10142000019550323,0.001519586774520576,0.6886289715766907,0.6960516571998596,-5.573617301024569e-08,0.6623618602752686,0.7114102244377136,-0.006608110852539539,0.6440918445587158,0.7287268042564392,-0.013837026432156563,0.640260636806488,0.7501276731491089,-0.020424993708729744,0.648405909538269,0.7661280035972595,-0.026746287941932678,0.6498900055885315,0.6854292750358582,-0.01506870798766613,0.6540984511375427,0.741059422492981,-0.02364227920770645,0.6619031429290771,0.7405886650085449,-0.02916816808283329,0.6616005301475525,0.7235761284828186,-0.03321109339594841,0.6681071519851685,0.677078366279602,-0.017058871686458588,0.6717976927757263,0.7423486113548279,-0.022907080128788948,0.6770921349525452,0.7357490062713623,-0.023352840915322304,0.6756062507629395,0.7171725034713745,-0.024822529405355453,0.6852584481239319,0.6767786145210266,-0.01943192444741726,0.688768208026886,0.7380726933479309,-0.02298177033662796,0.6908751726150513,0.7301942706108093,-0.019215671345591545,0.6902148127555847,0.7119550704956055,-0.017671745270490646,0.7002374529838562,0.6813123822212219,-0.022697797045111656,0.7020919322967529,0.7271594405174255,-0.02494804561138153,0.7028717994689941,0.7203118205070496,-0.021852141246199608,0.7032396197319031,0.70266193151474,-0.020031314343214035,0.3729787766933441,0.7177239060401917,9.798201361377323e-09,0.39682379364967346,0.721532940864563,-0.0072146872989833355,0.4144945442676544,0.7299547791481018,-0.014478353783488274,0.419269323348999,0.744246780872345,-0.021688679233193398,0.41399163007736206,0.7604984045028687,-0.029201963916420937,0.4042481780052185,0.6827055811882019,-0.017473464831709862,0.40423843264579773,0.7350749373435974,-0.028147200122475624,0.40424710512161255,0.7477805018424988,-0.035905398428440094,0.4044276475906372,0.7415986061096191,-0.04145855829119682,0.38528162240982056,0.6800729036331177,-0.020054055377840996,0.38701578974723816,0.7425478100776672,-0.027028948068618774,0.3889298141002655,0.7498639822006226,-0.029251527041196823,0.3901463449001312,0.7364100217819214,-0.03286011517047882,0.3680202066898346,0.6886035203933716,-0.023103022947907448,0.37106406688690186,0.7433575391769409,-0.028989341109991074,0.37347155809402466,0.7473307251930237,-0.0270815622061491,0.37427815794944763,0.733259916305542,-0.026865506544709206,0.35379308462142944,0.7006188035011292,-0.02736581675708294,0.35679200291633606,0.7413141131401062,-0.03152884170413017,0.35971707105636597,0.7441691160202026,-0.02978271245956421,0.35932689905166626,0.7343146800994873,-0.029084360226988792
32,32,1,1,1,1.0,1.0,1.0,0.5174461007118225,0.3149232566356659,-0.6557884812355042,0.9999761581420898,0.5313286781311035,0.2723800241947174,-0.6193219423294067,0.9999436736106873,0.5414557456970215,0.2718014717102051,-0.6194303035736084,0.9999459981918335,0.5496824979782104,0.271210640668869,-0.6192404627799988,0.9999375939369202,0.5043202042579651,0.2724056541919708,-0.6192677617073059,0.9999522566795349,0.4962981045246124,0.27195531129837036,-0.6191615462303162,0.9999604821205139,0.48791033029556274,0.2726356089115143,-0.619515597820282,0.9999586939811707,0.5643906593322754,0.28772228956222534,-0.3161672055721283,0.9999207854270935,0.4815775454044342,0.2917824387550354,-0.3086306154727936,0.999970555305481,0.5378382205963135,0.3559294044971466,-0.5401632189750671,0.9999901652336121,0.5041965842247009,0.35593998432159424,-0.5392478704452515,0.9999918937683105,0.645088791847229,0.5086169242858887,-0.09033405780792236,0.9999526739120483,0.4141278564929962,0.5151012539863586,-0.1404762864112854,0.9999685883522034,0.7527124881744385,0.7775064706802368,-0.2755935788154602,0.992173433303833,0.31072622537612915,0.7737120985984802,-0.4075203239917755,0.9960427284240723,0.6971973776817322,0.6952119469642639,-0.8321105241775513,0.9508532881736755,0.3659164011478424,0.6862520575523376,-0.9955390095710754,0.9603564143180847,0.6815502047538757,0.7201099991798401,-0.9271699786186218,0.936638355255127,0.3816070556640625,0.7079551815986633,-1.0925605297088623,0.9434611201286316,0.6622652411460876,0.6871055364608765,-0.9176438450813293,0.9421870112419128,0.40063565969467163,0.6760388016700745,-1.0802510976791382,0.9479044079780579,0.6608964800834656,0.6784703731536865,-0.837209939956665,0.9415413737297058,0.4040957987308502,0.6676945686340332,-0.9979888796806335,0.9514341950416565,0.6107590794563293,1.0429387092590332,-0.016636183485388756,0.48072874546051025,0.46488845348358154,1.0483577251434326,0.01815461926162243,0.5815751552581787,0.6235647201538086,1.5015895366668701,0.039154041558504105,0.004010149277746677,0.4566810727119446,1.5101817846298218,0.1271483302116394,0.0031502037309110165,0.625899076461792,1.9025964736938477,0.36421552300453186,0.0009883129969239235,0.4717288911342621,1.9156138896942139,0.443589448928833,0.0005110061028972268,0.6301712393760681,1.9506088495254517,0.37614569067955017,0.0012550499523058534,0.46942588686943054,1.964934229850769,0.4663967490196228,0.0013010246912017465,0.6068456172943115,2.04084849357605,0.03655308485031128,0.00040267978329211473,0.5038887858390808,2.0469045639038086,0.09983058273792267,0.001514216884970665,0.6832438707351685,0.7158483266830444,-2.261041309736811e-08,0.6619075536727905,0.730056881904602,-0.010116111487150192,0.644965648651123,0.745147168636322,-0.017767155542969704,0.6411420702934265,0.7654794454574585,-0.02405763790011406,0.6503166556358337,0.7786149978637695,-0.029747866094112396,0.6516087651252747,0.6984466314315796,-0.01593048870563507,0.6554918885231018,0.7551268339157104,-0.025177642703056335,0.6603056788444519,0.7555040717124939,-0.03130682557821274,0.6598957180976868,0.7383939027786255,-0.03537795692682266,0.6689125299453735,0.6901791095733643,-0.016278274357318878,0.6740446090698242,0.7565988898277283,-0.023029392585158348,0.6757166981697083,0.7503604292869568,-0.02413458749651909,0.6733344793319702,0.7318283915519714,-0.025506000965833664,0.6860865354537964,0.6911755800247192,-0.017635174095630646,0.6900758147239685,0.7534849047660828,-0.023158567026257515,0.6893095374107361,0.7459553480148315,-0.020075613632798195,0.687175989151001,0.7283934950828552,-0.017820246517658234,0.7010181546211243,0.6963091492652893,-0.020322231575846672,0.7031184434890747,0.7420943975448608,-0.02381080761551857,0.7014789581298828,0.7357468008995056,-0.0216909758746624,0.6998355984687805,0.7190606594085693,-0.019872838631272316,0.3699168264865875,0.7133830785751343,2.4516328522850017e-08,0.39667147397994995,0.7297186255455017,-0.005485487170517445,0.41462647914886475,0.7440257668495178,-0.010860237292945385,0.4200632870197296,0.7587080001831055,-0.016024598851799965,0.41285282373428345,0.7672680616378784,-0.020816000178456306,0.40582403540611267,0.6947194337844849,-0.015584462322294712,0.40790218114852905,0.7403929233551025,-0.022183969616889954,0.40224650502204895,0.7548394203186035,-0.025926515460014343,0.39818352460861206,0.747585117816925,-0.028871841728687286,0.3877131938934326,0.6897582411766052,-0.01803136244416237,0.387664258480072,0.7495024800300598,-0.022436656057834625,0.384099543094635,0.7568275332450867,-0.02307865023612976,0.38334354758262634,0.7428588271141052,-0.02552218735218048,0.370653361082077,0.6953718066215515,-0.020432468503713608,0.3708343803882599,0.7509651780128479,-0.023597417399287224,0.36888405680656433,0.7535679340362549,-0.020632848143577576,0.36852699518203735,0.7389602065086365,-0.0201787780970335,0.35676267743110657,0.7043584585189819,-0.023795776069164276,0.35769614577293396,0.7485795021057129,-0.025340357795357704,0.35616469383239746,0.7485218644142151,-0.022060740739107132,0.35334503650665283,0.7351272106170654,-0.020671971142292023
33,33,1,1,1,1.0,1.0,1.0,0.5174002647399902,0.3143485188484192,-0.6778956055641174,0.9999784231185913,0.5313164591789246,0.27204298973083496,-0.6410554051399231,0.9999490976333618,0.5414441227912903,0.27145832777023315,-0.6411442160606384,0.9999512434005737,0.5496803522109985,0.27086812257766724,-0.6409323215484619,0.9999435544013977,0.5043145418167114,0.27204450964927673,-0.6385980248451233,0.9999569058418274,0.49629199504852295,0.27161356806755066,-0.6384843587875366,0.9999643564224243,0.48791101574897766,0.2723314166069031,-0.6388356685638428,0.9999626874923706,0.5643848180770874,0.28741973638534546,-0.3405110538005829,0.9999284744262695,0.4816286861896515,0.2917187213897705,-0.32211118936538696,0.9999734163284302,0.5378236770629883,0.355337530374527,-0.5640825629234314,0.9999911189079285,0.504163920879364,0.3554953634738922,-0.560331404209137,0.9999926686286926,0.6450620889663696,0.5086044073104858,-0.11681614816188812,0.9999564290046692,0.4140850603580475,0.5152902007102966,-0.1408921480178833,0.9999711513519287,0.7538813352584839,0.7782180309295654,-0.3087383508682251,0.9927602410316467,0.30969181656837463,0.773846447467804,-0.41063663363456726,0.9963929653167725,0.6967856884002686,0.6959713697433472,-0.8620423078536987,0.9557098746299744,0.36581772565841675,0.690929651260376,-1.0012441873550415,0.9642859101295471,0.6806079745292664,0.7210336327552795,-0.9549225568771362,0.9426923990249634,0.38116002082824707,0.7132263779640198,-1.097626805305481,0.9489286541938782,0.6612078547477722,0.6885109543800354,-0.9360551834106445,0.947677731513977,0.4002768099308014,0.6791763305664062,-1.0830276012420654,0.9529089331626892,0.6599814295768738,0.6798374652862549,-0.8627250790596008,0.9470001459121704,0.4037625193595886,0.6720155477523804,-1.0028916597366333,0.9560753107070923,0.6108919978141785,1.0409646034240723,-0.01910153403878212,0.48701247572898865,0.4650353193283081,1.0463608503341675,0.020619969815015793,0.5899677276611328,0.6236706972122192,1.5004936456680298,0.04014463722705841,0.003904298646375537,0.4568403959274292,1.5085316896438599,0.13514910638332367,0.003094744635745883,0.6257774829864502,1.9000697135925293,0.3667590320110321,0.0009813656797632575,0.4712940752506256,1.9124350547790527,0.4627489745616913,0.0005040721734985709,0.6300679445266724,1.9479633569717407,0.3790634572505951,0.001251217327080667,0.46892255544662476,1.961647629737854,0.4870273172855377,0.0012886321637779474,0.6064667701721191,2.038844585418701,0.03916284069418907,0.0003979368775617331,0.5034731030464172,2.0443944931030273,0.12319589406251907,0.0015155202709138393,0.6816601753234863,0.6950188875198364,-5.7123429542116355e-08,0.658193826675415,0.710357666015625,-0.007648511324077845,0.6418413519859314,0.7266988158226013,-0.014731237664818764,0.6389549374580383,0.7461928725242615,-0.020888833329081535,0.6459681987762451,0.765621542930603,-0.026997260749340057,0.6490386128425598,0.684043288230896,-0.01702088490128517,0.6513974666595459,0.7376525402069092,-0.02555026486515999,0.6587435007095337,0.741608202457428,-0.030774571001529694,0.6594444513320923,0.727389931678772,-0.03448022902011871,0.6671615839004517,0.6771178841590881,-0.0182219035923481,0.6692893505096436,0.7397673726081848,-0.024083971977233887,0.6741732954978943,0.7375054359436035,-0.023841729387640953,0.6730013489723206,0.7209460735321045,-0.024745134636759758,0.6836206912994385,0.678345263004303,-0.019879722967743874,0.6863439679145813,0.7368834018707275,-0.023625558242201805,0.6880654096603394,0.7319063544273376,-0.01946403644979,0.687953531742096,0.7154746651649475,-0.017495736479759216,0.6971964836120605,0.6837924718856812,-0.022517714649438858,0.6991907954216003,0.727016031742096,-0.02507142722606659,0.6997349858283997,0.7229248285293579,-0.02193969115614891,0.7002303004264832,0.7073249816894531,-0.020011357963085175,0.3686375021934509,0.7132699489593506,5.475807185462145e-08,0.3956662118434906,0.7222884893417358,-0.005980586167424917,0.4130708575248718,0.7301595211029053,-0.012451649643480778,0.41943562030792236,0.7402046918869019,-0.018650703132152557,0.418060302734375,0.7514192461967468,-0.024506844580173492,0.4065295159816742,0.6813926696777344,-0.017318986356258392,0.4113098680973053,0.7219488024711609,-0.02435257099568844,0.40584027767181396,0.7401353120803833,-0.02755286544561386,0.4007972180843353,0.7380245327949524,-0.029813576489686966,0.38859015703201294,0.6782687306404114,-0.019470062106847763,0.3925245702266693,0.7310239672660828,-0.024220457300543785,0.3896135687828064,0.7465325593948364,-0.024677375331521034,0.3880346715450287,0.7401795983314514,-0.02666892483830452,0.37150949239730835,0.686257004737854,-0.02151995711028576,0.37604889273643494,0.7358678579330444,-0.025508025661110878,0.37493959069252014,0.7474141716957092,-0.022336672991514206,0.373938649892807,0.7395251989364624,-0.021476909518241882,0.3579789698123932,0.6976332068443298,-0.02436639741063118,0.36017608642578125,0.7367346882820129,-0.026450548321008682,0.3604218661785126,0.7456626892089844,-0.02294234372675419,0.3588659465312958,0.7404686808586121,-0.021094240248203278
34,34,1,1,1,1.0,1.0,1.0,0.5171002149581909,0.31411242485046387,-0.6934352517127991,0.9999805092811584,0.5310778021812439,0.27180230617523193,-0.6597421169281006,0.9999540448188782,0.5412121415138245,0.27121084928512573,-0.6598396301269531,0.9999560117721558,0.549592912197113,0.27062755823135376,-0.6596224904060364,0.9999489784240723,0.5041635632514954,0.2718081772327423,-0.6566136479377747,0.9999610781669617,0.496089905500412,0.2714322805404663,-0.6564571857452393,0.9999678134918213,0.48782697319984436,0.27213677763938904,-0.6567770838737488,0.9999663233757019,0.5643547177314758,0.2870006561279297,-0.36021262407302856,0.9999354481697083,0.48162317276000977,0.29156142473220825,-0.338196337223053,0.9999760389328003,0.537564754486084,0.35491928458213806,-0.5787749886512756,0.9999919533729553,0.5038748979568481,0.35517066717147827,-0.5739696025848389,0.9999933838844299,0.6450669765472412,0.5081920027732849,-0.1335393637418747,0.9999601244926453,0.41394713521003723,0.5152356624603271,-0.14380311965942383,0.9999735355377197,0.7538740634918213,0.7809631824493408,-0.34153881669044495,0.9932772517204285,0.30964145064353943,0.7746396660804749,-0.41278892755508423,0.9967019557952881,0.6960594058036804,0.6963514089584351,-0.9300702214241028,0.960096001625061,0.365449994802475,0.6927860975265503,-1.0186676979064941,0.9678281545639038,0.6784777045249939,0.7168883681297302,-1.0335633754730225,0.9482290744781494,0.38080957531929016,0.7135048508644104,-1.117973804473877,0.9538846611976624,0.659687876701355,0.6830127835273743,-1.0197045803070068,0.9527142643928528,0.3997901976108551,0.6792705059051514,-1.1075239181518555,0.9574540853500366,0.6588491797447205,0.6757864952087402,-0.9336925745010376,0.9520339965820312,0.402822881937027,0.6729261875152588,-1.022249698638916,0.9602915644645691,0.612028181552887,1.0409456491470337,-0.021161047741770744,0.489225834608078,0.4652121961116791,1.0465089082717896,0.022731347009539604,0.5929915904998779,0.6244552731513977,1.500834345817566,0.04085319861769676,0.0037606193218380213,0.45690634846687317,1.508866310119629,0.14238609373569489,0.0030064687598496675,0.6260471343994141,1.9006729125976562,0.3731010854244232,0.0009619359625503421,0.4709804654121399,1.9128358364105225,0.4829781949520111,0.000484159798361361,0.630458414554596,1.9486703872680664,0.38594233989715576,0.0012275195913389325,0.4685665965080261,1.9621270895004272,0.508558988571167,0.001243742648512125,0.6062859892845154,2.0394866466522217,0.04050091654062271,0.0003875569091178477,0.5031654834747314,2.0449092388153076,0.1392432004213333,0.0014887555735185742,0.6854191422462463,0.7117910385131836,-6.005292618738167e-08,0.6610900163650513,0.7147926092147827,-0.009605133906006813,0.6420316100120544,0.7133203148841858,-0.01612391322851181,0.6349689364433289,0.7191987633705139,-0.021611709147691727,0.640114963054657,0.7273087501525879,-0.026471326127648354,0.6494700312614441,0.6521017551422119,-0.011288473382592201,0.6489366292953491,0.701235830783844,-0.020427865907549858,0.6523122787475586,0.711797833442688,-0.027279870584607124,0.652949333190918,0.7020463347434998,-0.03178420290350914,0.6665477752685547,0.6498072147369385,-0.011806059628725052,0.6650875806808472,0.7041566371917725,-0.01853322423994541,0.6650996804237366,0.7134383320808411,-0.02058260701596737,0.6635836958885193,0.705956757068634,-0.022228790447115898,0.6825968027114868,0.6580308675765991,-0.013535776175558567,0.6787859797477722,0.7094183564186096,-0.01937480829656124,0.6784722805023193,0.7149136066436768,-0.01697446033358574,0.6784926652908325,0.7047690153121948,-0.014931944198906422,0.6960405707359314,0.6716877818107605,-0.016531746834516525,0.6929487586021423,0.7070043683052063,-0.020108144730329514,0.6923556327819824,0.7107822299003601,-0.017847320064902306,0.6927313208580017,0.701103687286377,-0.015670856460928917,0.36828017234802246,0.7118293642997742,2.1662758697971185e-08,0.39500993490219116,0.7141789197921753,-0.005810849368572235,0.4133744537830353,0.7112877368927002,-0.010889851488173008,0.42096590995788574,0.7110235095024109,-0.015817321836948395,0.42129752039909363,0.72013258934021,-0.019979314878582954,0.40707069635391235,0.6571364402770996,-0.012329448945820332,0.41243070363998413,0.6966373920440674,-0.019897595047950745,0.4079273045063019,0.715173065662384,-0.02408101037144661,0.40389204025268555,0.7133015394210815,-0.02693524956703186,0.38934943079948425,0.6555241942405701,-0.014355296269059181,0.3955456614494324,0.7050914764404297,-0.02020089514553547,0.39347806572914124,0.7227516174316406,-0.021317005157470703,0.3922918140888214,0.7179497480392456,-0.02319335751235485,0.3723118007183075,0.6666435599327087,-0.016777396202087402,0.37867864966392517,0.7116984724998474,-0.022607767954468727,0.37894970178604126,0.7270684242248535,-0.020914794877171516,0.3778858184814453,0.7208541035652161,-0.02024148963391781,0.35831978917121887,0.6815489530563354,-0.019886864349246025,0.36375975608825684,0.7178940176963806,-0.023074878379702568,0.36525464057922363,0.7273989915847778,-0.020834842696785927,0.3634858727455139,0.7209712266921997,-0.019482890143990517
35,35,1,1,1,1.0,1.0,1.0,0.5161362886428833,0.3137975037097931,-0.6865823268890381,0.9999823570251465,0.5303970575332642,0.27149760723114014,-0.6527369022369385,0.9999583959579468,0.540510892868042,0.27086684107780457,-0.6528692245483398,0.99996018409729,0.5492622256278992,0.2703207731246948,-0.6526339650154114,0.9999537467956543,0.5035694241523743,0.2715345323085785,-0.6477643847465515,0.9999647736549377,0.4954073131084442,0.2712290585041046,-0.6476399302482605,0.9999709129333496,0.48751717805862427,0.27196934819221497,-0.6479876637458801,0.9999695420265198,0.5642687678337097,0.286506325006485,-0.3590041399002075,0.9999416470527649,0.4816046953201294,0.29140380024909973,-0.32824206352233887,0.9999783635139465,0.5368832945823669,0.3544013202190399,-0.5744782090187073,0.9999927282333374,0.5029668807983398,0.3548087775707245,-0.5673049092292786,0.9999939799308777,0.6451560854911804,0.5084249377250671,-0.13241517543792725,0.9999626278877258,0.41397789120674133,0.514758288860321,-0.14308083057403564,0.9999752640724182,0.7543795108795166,0.7885761857032776,-0.3360082805156708,0.9937576055526733,0.30978405475616455,0.7756987810134888,-0.41279831528663635,0.9969639778137207,0.6941635012626648,0.6936084628105164,-0.9177926182746887,0.9640380144119263,0.3645482063293457,0.6901558637619019,-1.019809603691101,0.971011221408844,0.6759231686592102,0.7060925960540771,-1.0282397270202637,0.9531860947608948,0.37994688749313354,0.7050871253013611,-1.120068907737732,0.9583367705345154,0.6577774286270142,0.671631395816803,-1.0051473379135132,0.9572176337242126,0.39877647161483765,0.6699275970458984,-1.107887864112854,0.9615347385406494,0.65758216381073,0.6665694713592529,-0.9270404577255249,0.9565282464027405,0.40168872475624084,0.6650846600532532,-1.0226001739501953,0.9640771150588989,0.6108434200286865,1.041469931602478,-0.02278216928243637,0.4788833558559418,0.46483099460601807,1.0465141534805298,0.024374717846512794,0.5832631587982178,0.6193619966506958,1.5016711950302124,0.041137631982564926,0.0036582332104444504,0.45173323154449463,1.5085508823394775,0.14151699841022491,0.002952532609924674,0.6176319718360901,1.9008640050888062,0.3733728528022766,0.0009299840312451124,0.46290549635887146,1.9116212129592896,0.48024967312812805,0.00046804052544757724,0.6216393113136292,1.9488829374313354,0.3861897885799408,0.001178265199996531,0.4604950249195099,1.9611244201660156,0.5055102705955505,0.0012030316283926368,0.5963176488876343,2.0398566722869873,0.04162288084626198,0.00037583705852739513,0.4948308765888214,2.0444934368133545,0.13640056550502777,0.001461308216676116,0.6887208819389343,0.6916054487228394,-9.376984877462746e-08,0.6626535654067993,0.701184868812561,-0.008577465079724789,0.643650233745575,0.6963828206062317,-0.015481105074286461,0.6350277066230774,0.6927601099014282,-0.021968914195895195,0.6364246606826782,0.6924833059310913,-0.02810779958963394,0.6443337202072144,0.6399435997009277,-0.011056413874030113,0.6445485353469849,0.671670138835907,-0.021904965862631798,0.6484794616699219,0.6870049834251404,-0.02917642705142498,0.6494193077087402,0.6849663853645325,-0.03361671417951584,0.661651611328125,0.635320782661438,-0.013075810857117176,0.6609112620353699,0.6740353107452393,-0.022054258733987808,0.6631784439086914,0.6915041208267212,-0.024419402703642845,0.660843551158905,0.691325306892395,-0.025566240772604942,0.6786338686943054,0.6399134993553162,-0.01638508215546608,0.6774828433990479,0.6798674464225769,-0.024684080854058266,0.6772106885910034,0.6921858787536621,-0.022154102101922035,0.6737890839576721,0.688598096370697,-0.019534723833203316,0.6938821077346802,0.6511788964271545,-0.02078399807214737,0.6935749053955078,0.6787209510803223,-0.026281630620360374,0.6910661458969116,0.6893308758735657,-0.023598847910761833,0.6882439851760864,0.6875596642494202,-0.020693182945251465,0.3754737973213196,0.7293936610221863,1.4000016257398329e-08,0.3971244990825653,0.7217936515808105,-0.00889469962567091,0.41565415263175964,0.7070990204811096,-0.016306525096297264,0.4244604706764221,0.6952975392341614,-0.02291090600192547,0.41822806000709534,0.6929454207420349,-0.028520122170448303,0.40311455726623535,0.634634792804718,-0.01389127317816019,0.41012775897979736,0.6629194617271423,-0.024304227903485298,0.40867677330970764,0.686755359172821,-0.031177891418337822,0.40459680557250977,0.6857099533081055,-0.035718753933906555,0.3851241171360016,0.6364402770996094,-0.014872288331389427,0.39391112327575684,0.6764255166053772,-0.023394014686346054,0.39451515674591064,0.6996184587478638,-0.026354020461440086,0.39193278551101685,0.6927365064620972,-0.02924410253763199,0.3692834675312042,0.6507812738418579,-0.01668987050652504,0.37901070713996887,0.6912899613380432,-0.02472970075905323,0.38185107707977295,0.7085347175598145,-0.024112196639180183,0.3798444867134094,0.7001190781593323,-0.02395438402891159,0.356815367937088,0.6695266366004944,-0.019358975812792778,0.36607810854911804,0.702427864074707,-0.024105632677674294,0.3694680631160736,0.712867021560669,-0.02330160140991211,0.3675333857536316,0.7059053182601929,-0.02276761084794998
36,36,1,1,1,1.0,1.0,1.0,0.5159285664558411,0.3134477436542511,-0.6729166507720947,0.9999840259552002,0.5302543044090271,0.27116087079048157,-0.6382316946983337,0.999962329864502,0.5403819680213928,0.2704879939556122,-0.6384004950523376,0.9999639391899109,0.5491964221000671,0.26991772651672363,-0.6381750106811523,0.9999580383300781,0.5034101009368896,0.27127134799957275,-0.6339524984359741,0.9999681115150452,0.49520108103752136,0.27101826667785645,-0.633837103843689,0.999973714351654,0.487398624420166,0.27179229259490967,-0.6342175602912903,0.999972403049469,0.5642610788345337,0.2858319580554962,-0.3423607647418976,0.9999472498893738,0.4815821349620819,0.2911909222602844,-0.31453341245651245,0.9999804496765137,0.5367834568023682,0.3538548946380615,-0.5600943565368652,0.9999933838844299,0.5027671456336975,0.35449713468551636,-0.5538057088851929,0.9999945163726807,0.6452457904815674,0.5085756778717041,-0.11871428787708282,0.9999651312828064,0.41368567943573,0.5147056579589844,-0.12987980246543884,0.9999768733978271,0.7544357180595398,0.7940968871116638,-0.32500332593917847,0.9942125082015991,0.31010276079177856,0.7788500189781189,-0.3901492953300476,0.9972023367881775,0.6935477256774902,0.6939141750335693,-0.8942352533340454,0.9675886631011963,0.3639400601387024,0.6895387172698975,-1.0002580881118774,0.9738735556602478,0.6743883490562439,0.7011352777481079,-0.9928076267242432,0.9576497077941895,0.37906041741371155,0.701732873916626,-1.097452998161316,0.9623287320137024,0.6574581265449524,0.6641884446144104,-0.9685060977935791,0.9612721800804138,0.3976770043373108,0.6656001806259155,-1.0821467638015747,0.9651902318000793,0.6574380993843079,0.6605691313743591,-0.8965454697608948,0.9605655074119568,0.4007343649864197,0.6615338921546936,-1.0025445222854614,0.9674660563468933,0.6110323071479797,1.042097568511963,-0.02363160252571106,0.4789299964904785,0.4649256765842438,1.0479650497436523,0.025217676535248756,0.5847334265708923,0.6199277639389038,1.5039832592010498,0.037037406116724014,0.0036370467860251665,0.45201241970062256,1.510270357131958,0.1416947841644287,0.002965943654999137,0.6181230545043945,1.902509331703186,0.37138158082962036,0.0009168297983705997,0.46296799182891846,1.91266667842865,0.4858075976371765,0.0004686734464485198,0.6223334074020386,1.950341820716858,0.38405320048332214,0.001152931246906519,0.46058040857315063,1.9623245000839233,0.51148521900177,0.0012039497960358858,0.5964561104774475,2.0434458255767822,0.0368354469537735,0.0003715622588060796,0.4949664771556854,2.0461089611053467,0.1418941617012024,0.0014765115920454264,0.6771866083145142,0.7165138721466064,-1.6798462354472576e-07,0.6554393768310547,0.7146843075752258,-0.010528605431318283,0.6358605027198792,0.7030689120292664,-0.01639525592327118,0.6284122467041016,0.6951777935028076,-0.021360214799642563,0.6370829343795776,0.6903761029243469,-0.02495460771024227,0.6440545916557312,0.6305075883865356,-0.0060887145809829235,0.644553005695343,0.6682920455932617,-0.01587829552590847,0.6484065055847168,0.6901558041572571,-0.022539198398590088,0.6489758491516113,0.6863621473312378,-0.026644311845302582,0.6610377430915833,0.6273635029792786,-0.006330544129014015,0.6596562266349792,0.6718616485595703,-0.01443059928715229,0.6608788371086121,0.692755401134491,-0.016466572880744934,0.6602524518966675,0.6858172416687012,-0.01690821535885334,0.6773285269737244,0.6345479488372803,-0.00854176189750433,0.6742461323738098,0.6778486371040344,-0.016360651701688766,0.6736518740653992,0.6950857043266296,-0.01446867361664772,0.6734256744384766,0.6882835626602173,-0.011741025373339653,0.6916309595108032,0.6471964120864868,-0.012204752303659916,0.6886835694313049,0.6803187131881714,-0.016192153096199036,0.6862430572509766,0.6949871778488159,-0.014403536915779114,0.685637354850769,0.6924452781677246,-0.011994748376309872,0.3787604570388794,0.729280948638916,-7.830681880705015e-08,0.3980931043624878,0.7232865691184998,-0.011470180004835129,0.4165232181549072,0.7095928192138672,-0.020030681043863297,0.42565029859542847,0.6961212754249573,-0.0277730543166399,0.41864845156669617,0.6884000897407532,-0.03410908952355385,0.4063444137573242,0.6311447620391846,-0.01295219361782074,0.40859919786453247,0.6631620526313782,-0.026729963719844818,0.40936774015426636,0.6891582608222961,-0.03551841154694557,0.4085652828216553,0.6878148913383484,-0.040647558867931366,0.3870776295661926,0.6319528818130493,-0.01358852256089449,0.3919159471988678,0.6748512387275696,-0.0245006512850523,0.39400532841682434,0.7020179629325867,-0.02783202938735485,0.39301955699920654,0.694824755191803,-0.029776256531476974,0.3701311945915222,0.6445401906967163,-0.015885736793279648,0.37660089135169983,0.6868584156036377,-0.02521192654967308,0.38063228130340576,0.7075931429862976,-0.023294314742088318,0.3802606165409088,0.6982617974281311,-0.02155391126871109,0.35638657212257385,0.6616632342338562,-0.019617952406406403,0.36268436908721924,0.6950280666351318,-0.024529684334993362,0.36793678998947144,0.7112105488777161,-0.022360550239682198,0.3688731789588928,0.7063807249069214,-0.020160984247922897
37,37,1,1,1,1.0,1.0,1.0,0.5159264802932739,0.31289398670196533,-0.6805859208106995,0.9999855160713196,0.5302577018737793,0.2708786725997925,-0.6465378999710083,0.9999659061431885,0.5403861403465271,0.270236611366272,-0.646708607673645,0.9999673962593079,0.5491877794265747,0.2696828544139862,-0.6465104222297668,0.9999619722366333,0.5034235715866089,0.27081534266471863,-0.6434299349784851,0.9999711513519287,0.4952271282672882,0.2704649269580841,-0.6433006525039673,0.9999762177467346,0.4874109923839569,0.2711353600025177,-0.6436516046524048,0.9999750256538391,0.56424880027771,0.2855604887008667,-0.34714439511299133,0.9999523758888245,0.48159196972846985,0.2905033826828003,-0.3245529532432556,0.9999823570251465,0.5367670059204102,0.3532041311264038,-0.5657597184181213,0.9999939799308777,0.5027430057525635,0.3538239300251007,-0.5608090758323669,0.9999950528144836,0.6452372670173645,0.5085305571556091,-0.12165636569261551,0.9999677538871765,0.4134705364704132,0.514560878276825,-0.13174574077129364,0.9999784827232361,0.7543002367019653,0.7942703366279602,-0.32752326130867004,0.9945958852767944,0.31010544300079346,0.780373752117157,-0.3951522409915924,0.9974213242530823,0.6931694746017456,0.694369912147522,-0.9020634293556213,0.9707919955253601,0.36383330821990967,0.689653754234314,-1.0106546878814697,0.976454496383667,0.6742438673973083,0.7017090320587158,-1.001941442489624,0.9617100954055786,0.3789343535900116,0.7026033997535706,-1.1095515489578247,0.9659364223480225,0.6568599939346313,0.6654365062713623,-0.9856834411621094,0.9649671316146851,0.3975910246372223,0.6669902205467224,-1.0962969064712524,0.9684979915618896,0.6567144989967346,0.6616968512535095,-0.9052314758300781,0.9642651677131653,0.4007081687450409,0.6628836989402771,-1.0136481523513794,0.9705318808555603,0.6113443374633789,1.0421699285507202,-0.02391986921429634,0.482809454202652,0.4648840129375458,1.0480252504348755,0.0254979208111763,0.5881645679473877,0.6201340556144714,1.5041451454162598,0.03791911154985428,0.003577812574803829,0.452314555644989,1.5103477239608765,0.15091057121753693,0.002933791372925043,0.6184679865837097,1.9027421474456787,0.3725621998310089,0.0009210291900672019,0.4630822539329529,1.912851095199585,0.4996398985385895,0.0004641809791792184,0.6226284503936768,1.9506428241729736,0.38540560007095337,0.00116011593490839,0.46061164140701294,1.9625800848007202,0.5261187553405762,0.001199078164063394,0.5969300270080566,2.0435502529144287,0.03845180571079254,0.00037183251697570086,0.4950021505355835,2.0461297035217285,0.1586296409368515,0.0014984944136813283,0.6760284304618835,0.6869804263114929,-6.745366931681929e-08,0.6519407629966736,0.6949582695960999,-0.00844393577426672,0.6339752674102783,0.7048664689064026,-0.016024718061089516,0.630160391330719,0.7208507657051086,-0.02264139987528324,0.6396982073783875,0.7332056164741516,-0.029135093092918396,0.6450982093811035,0.6551595330238342,-0.015651453286409378,0.6458193063735962,0.709891140460968,-0.024649236351251602,0.6501536965370178,0.714621365070343,-0.03086107224225998,0.649496853351593,0.6995348334312439,-0.0352412611246109,0.6634726524353027,0.6521123647689819,-0.01708277314901352,0.6620133519172668,0.7133917212486267,-0.023535801097750664,0.6638766527175903,0.712306022644043,-0.02499941922724247,0.6626009941101074,0.6976212859153748,-0.027078961953520775,0.6796063780784607,0.6578958630561829,-0.01909434050321579,0.6778149008750916,0.7157103419303894,-0.024315766990184784,0.679290771484375,0.7130404114723206,-0.021644441410899162,0.6793656945228577,0.699019193649292,-0.020244844257831573,0.6927802562713623,0.6690099239349365,-0.02216722071170807,0.6924806237220764,0.7083171606063843,-0.025053909048438072,0.6928887367248535,0.7071505784988403,-0.02224832773208618,0.6934345364570618,0.6960110068321228,-0.020487835630774498,0.36926957964897156,0.6974287033081055,1.7282095754467264e-08,0.3958645164966583,0.6992683410644531,-0.006780233234167099,0.4125799536705017,0.7015735507011414,-0.013958590105175972,0.419262558221817,0.7079200744628906,-0.02090814709663391,0.41931477189064026,0.7209488153457642,-0.02722628228366375,0.40633082389831543,0.6517511010169983,-0.016232363879680634,0.4130353331565857,0.6985180377960205,-0.024276548996567726,0.4072861969470978,0.7143858671188354,-0.02864515781402588,0.40249186754226685,0.7082227468490601,-0.03189203515648842,0.3876666724681854,0.6495645046234131,-0.018176302313804626,0.3941688537597656,0.7071464657783508,-0.024174712598323822,0.391283243894577,0.7218918204307556,-0.025196736678481102,0.3896278142929077,0.713915228843689,-0.027517233043909073,0.3708760738372803,0.6596140265464783,-0.020307688042521477,0.37723013758659363,0.7139679789543152,-0.025540407747030258,0.3761003315448761,0.7254170775413513,-0.02303183078765869,0.3740009367465973,0.7159935832023621,-0.022382603958249092,0.35762882232666016,0.673038125038147,-0.023355919867753983,0.3618038594722748,0.7160857319831848,-0.026443472132086754,0.3621383309364319,0.7240970730781555,-0.024136289954185486,0.3598802387714386,0.7159955501556396,-0.023022644221782684
38,38,1,1,1,1.0,1.0,1.0,0.5161698460578918,0.3123655617237091,-0.6802235245704651,0.9999868869781494,0.5306527018547058,0.270610511302948,-0.6443316340446472,0.9999691843986511,0.5407661199569702,0.26998499035835266,-0.6444870829582214,0.9999704957008362,0.54929518699646,0.2694491744041443,-0.6442713141441345,0.9999655485153198,0.5037063360214233,0.2704533338546753,-0.6422722935676575,0.9999739527702332,0.4955695569515228,0.26999926567077637,-0.6421634554862976,0.9999785423278809,0.4876146614551544,0.2705724239349365,-0.6425172686576843,0.9999774098396301,0.5642743706703186,0.2854624092578888,-0.34063056111335754,0.9999569654464722,0.48166534304618835,0.2900959253311157,-0.32455936074256897,0.999984085559845,0.5368444919586182,0.3527520000934601,-0.5649770498275757,0.9999945163726807,0.5028077960014343,0.35332968831062317,-0.5610055923461914,0.9999955296516418,0.6449938416481018,0.5084717273712158,-0.11810602247714996,0.9999699592590332,0.4134824573993683,0.5144760012626648,-0.1338794082403183,0.9999799132347107,0.7542768120765686,0.7935221195220947,-0.31272515654563904,0.9949073195457458,0.3100602328777313,0.7804843187332153,-0.3975943624973297,0.9976178407669067,0.6910399794578552,0.6958587169647217,-0.8721534013748169,0.9736620783805847,0.36402565240859985,0.6899310350418091,-1.0119401216506958,0.9787694215774536,0.6734493374824524,0.7140029668807983,-0.9694987535476685,0.9653098583221436,0.3788984417915344,0.7070304751396179,-1.1105844974517822,0.9691571593284607,0.653870701789856,0.6850422024726868,-0.9568004012107849,0.9682413339614868,0.39783036708831787,0.6751481890678406,-1.0971091985702515,0.9714511632919312,0.6533294320106506,0.6770787835121155,-0.8757880330085754,0.9675185084342957,0.4015803039073944,0.6700662970542908,-1.014666199684143,0.9732685685157776,0.6115971803665161,1.0418736934661865,-0.02405364252626896,0.4819389581680298,0.4652538299560547,1.0465023517608643,0.025625528767704964,0.5877538919448853,0.6205152869224548,1.5016511678695679,0.040399517863988876,0.003639708738774061,0.4539637565612793,1.5087529420852661,0.15469768643379211,0.002940656617283821,0.6201431751251221,1.8989579677581787,0.37479645013809204,0.0009618085459806025,0.4661499857902527,1.9104266166687012,0.5039258599281311,0.00047319495934061706,0.6239787340164185,1.9474769830703735,0.3878324329853058,0.0012045938055962324,0.4637085497379303,1.9600433111190796,0.5302584767341614,0.0012288748985156417,0.6006269454956055,2.0380191802978516,0.04232016205787659,0.00038897900958545506,0.49880027770996094,2.042750358581543,0.16245409846305847,0.001558113843202591,0.6883916854858398,0.7078496813774109,-8.643223026183477e-08,0.6597004532814026,0.7196035385131836,-0.0065071843564510345,0.6378937363624573,0.7336001992225647,-0.013001147657632828,0.6319426894187927,0.7539364099502563,-0.018678508698940277,0.6409125328063965,0.7740268707275391,-0.023871736600995064,0.6468731164932251,0.6936088800430298,-0.01641489937901497,0.6482884287834167,0.7471820116043091,-0.025702787563204765,0.6559298634529114,0.7441432476043701,-0.030648816376924515,0.6555531620979309,0.72715824842453,-0.03394703567028046,0.665047824382782,0.6878714561462402,-0.018599601462483406,0.6653527617454529,0.7523049712181091,-0.025956353172659874,0.6705898642539978,0.743286669254303,-0.026097819209098816,0.6701973676681519,0.7250548601150513,-0.02700844779610634,0.6817151308059692,0.6895468235015869,-0.021142881363630295,0.6820715665817261,0.7501254677772522,-0.026788320392370224,0.6845530271530151,0.7399927377700806,-0.023204639554023743,0.684090793132782,0.7209755778312683,-0.021177252754569054,0.6960216760635376,0.6949130892753601,-0.024445511400699615,0.6952306628227234,0.740524172782898,-0.02775871567428112,0.6968473196029663,0.7327361702919006,-0.02483435533940792,0.6980759501457214,0.7145324349403381,-0.022916974499821663,0.37588825821876526,0.7179047465324402,-2.5765542588374046e-08,0.39721688628196716,0.7206290364265442,-0.00955928210169077,0.4153469502925873,0.7282766103744507,-0.01778588257730007,0.42142608761787415,0.7435575127601624,-0.025312086567282677,0.4167591631412506,0.7601519823074341,-0.032605383545160294,0.4047766923904419,0.6826806664466858,-0.020976338535547256,0.403463214635849,0.7370566725730896,-0.03351519629359245,0.4031662940979004,0.7532339692115784,-0.0419427715241909,0.40328270196914673,0.7454114556312561,-0.04766295105218887,0.3854316473007202,0.6817048788070679,-0.022385474294424057,0.386342853307724,0.7476917505264282,-0.030584288761019707,0.3893142342567444,0.7547945976257324,-0.03260309621691704,0.39072227478027344,0.7376022934913635,-0.03593181073665619,0.3686288595199585,0.6909359097480774,-0.024481745436787605,0.37099242210388184,0.7504554390907288,-0.030773339793086052,0.37426048517227173,0.754048764705658,-0.02779967524111271,0.3749833106994629,0.7378841042518616,-0.026756996288895607,0.3550274968147278,0.7033672332763672,-0.028116589412093163,0.3574298620223999,0.7472944259643555,-0.03236733749508858,0.36041897535324097,0.7503373622894287,-0.030294815078377724,0.35961613059043884,0.7404910326004028,-0.029222477227449417
39,39,1,1,1,1.0,1.0,1.0,0.5166249871253967,0.31223300099372864,-0.5765941143035889,0.9999880790710449,0.5311736464500427,0.27056825160980225,-0.5376558303833008,0.9999719858169556,0.541305422782898,0.26996859908103943,-0.5378255248069763,0.9999731779098511,0.549460768699646,0.2694193124771118,-0.537635862827301,0.9999686479568481,0.5040701627731323,0.27026140689849854,-0.5404590368270874,0.9999763369560242,0.4959414601325989,0.26973074674606323,-0.5403579473495483,0.9999805092811584,0.4878063499927521,0.27014756202697754,-0.5407487750053406,0.9999794960021973,0.564281702041626,0.2854594886302948,-0.24176643788814545,0.9999609589576721,0.48167601227760315,0.28966060280799866,-0.24770286679267883,0.9999855756759644,0.5369637608528137,0.3527332544326782,-0.46496307849884033,0.9999949932098389,0.5029035806655884,0.35316208004951477,-0.4680032432079315,0.9999959468841553,0.6444308161735535,0.5084885954856873,-0.04842061549425125,0.9999720454216003,0.41300562024116516,0.5144727230072021,-0.09673680365085602,0.999981164932251,0.7507542371749878,0.7870046496391296,-0.22081635892391205,0.9950968623161316,0.3100554347038269,0.7807785868644714,-0.3679802715778351,0.9977810978889465,0.6849469542503357,0.7095685005187988,-0.7731919884681702,0.9761841893196106,0.3637102246284485,0.6994644999504089,-0.9762567281723022,0.9808241724967957,0.6721398234367371,0.7396133542060852,-0.8735834956169128,0.9683065414428711,0.378814697265625,0.7282110452651978,-1.0785925388336182,0.9719374775886536,0.6481167078018188,0.7182484269142151,-0.8700607419013977,0.970963180065155,0.3977822959423065,0.6950632333755493,-1.0737134218215942,0.9739919900894165,0.647143542766571,0.706470251083374,-0.7809687256813049,0.9701558947563171,0.4015221893787384,0.6869029402732849,-0.9824681878089905,0.9756146669387817,0.6121131181716919,1.0426521301269531,-0.02024764195084572,0.49214455485343933,0.46547216176986694,1.04688560962677,0.021835407242178917,0.5968307256698608,0.6211659908294678,1.501773715019226,0.057241957634687424,0.0037499151658266783,0.45500487089157104,1.5094802379608154,0.15445391833782196,0.0029584236908704042,0.622826337814331,1.899030327796936,0.39341673254966736,0.000962250167503953,0.46795031428337097,1.9111113548278809,0.49932920932769775,0.00047552597243338823,0.6264081597328186,1.9477643966674805,0.40713509917259216,0.0012044869363307953,0.4655317962169647,1.9609837532043457,0.523931622505188,0.0012162079801782966,0.6047257781028748,2.0378334522247314,0.06486184895038605,0.00039449837640859187,0.5001634359359741,2.0428895950317383,0.15453942120075226,0.001560964505188167,0.6813561320304871,0.7245458364486694,-2.206815707950227e-08,0.6591349244117737,0.740546464920044,-0.008208263665437698,0.6422829627990723,0.7555472254753113,-0.015713032335042953,0.6373323798179626,0.7763657569885254,-0.02212047018110752,0.6412376761436462,0.7954737544059753,-0.028302542865276337,0.6489253044128418,0.7123098969459534,-0.01676667109131813,0.6491782069206238,0.7715817093849182,-0.024636119604110718,0.6542356610298157,0.7739080190658569,-0.029465241357684135,0.6546274423599243,0.7569795846939087,-0.03293853625655174,0.6662321090698242,0.7078414559364319,-0.017988843843340874,0.6680819988250732,0.776631772518158,-0.023165607824921608,0.6701120734214783,0.7697703838348389,-0.023272357881069183,0.6680658459663391,0.7503575086593628,-0.024631904438138008,0.6830689907073975,0.7111939191818237,-0.01971437782049179,0.6846753358840942,0.7756354808807373,-0.023251980543136597,0.6847782731056213,0.7664396166801453,-0.019237175583839417,0.6837895512580872,0.7479636669158936,-0.01736876368522644,0.6977614760398865,0.7179765701293945,-0.02259845845401287,0.697503924369812,0.7651787400245667,-0.02556346356868744,0.6967788934707642,0.7571808695793152,-0.022928258404135704,0.69640052318573,0.7392953038215637,-0.021136073395609856,0.3638048768043518,0.7367802858352661,4.4726334635925014e-08,0.3938554525375366,0.7413567304611206,-0.005152539815753698,0.4136790335178375,0.7478300333023071,-0.010824807919561863,0.42053669691085815,0.7606068253517151,-0.016388293355703354,0.41411757469177246,0.7763129472732544,-0.02134120650589466,0.40546613931655884,0.7043805122375488,-0.015478933230042458,0.40828555822372437,0.7505640387535095,-0.02237781137228012,0.4007866382598877,0.7667337656021118,-0.0253260750323534,0.3965331017971039,0.7621303796768188,-0.027582047507166862,0.3880181908607483,0.7013685703277588,-0.017932383343577385,0.38982221484184265,0.7607209086418152,-0.02287135273218155,0.38482043147087097,0.7699770927429199,-0.023507917299866676,0.38355332612991333,0.7578856945037842,-0.025544272735714912,0.3708035945892334,0.709019660949707,-0.02028624154627323,0.3717535138130188,0.7636235356330872,-0.023909471929073334,0.3689141571521759,0.7685818076133728,-0.021499017253518105,0.3683539032936096,0.7552533149719238,-0.021038884297013283,0.35653841495513916,0.7187919616699219,-0.023457875475287437,0.35714974999427795,0.7621746063232422,-0.024698039516806602,0.3566739559173584,0.7650294303894043,-0.021975303068757057,0.35499611496925354,0.7536433339118958,-0.02080879546701908
40,40,1,1,1,1.0,1.0,1.0,0.5173091292381287,0.31202709674835205,-0.5970434546470642,0.9999890923500061,0.5318266749382019,0.2704622745513916,-0.5682888627052307,0.9999744892120361,0.5419764518737793,0.26989781856536865,-0.5684207677841187,0.9999755620956421,0.5496786832809448,0.26937952637672424,-0.5682445168495178,0.999971330165863,0.5044535994529724,0.2701130509376526,-0.5556381344795227,0.9999784827232361,0.49636873602867126,0.269568532705307,-0.5553503036499023,0.9999822974205017,0.4880450367927551,0.2699466049671173,-0.5556802749633789,0.9999813437461853,0.5643165707588196,0.28544679284095764,-0.27734094858169556,0.9999644756317139,0.4816927909851074,0.2895570993423462,-0.28467702865600586,0.9999869465827942,0.5373396277427673,0.35267314314842224,-0.4878058433532715,0.9999954104423523,0.5033547878265381,0.35298970341682434,-0.4770348370075226,0.9999963045120239,0.6444267630577087,0.5099676847457886,-0.07065814733505249,0.9999737739562988,0.41238531470298767,0.5154598951339722,-0.12779806554317474,0.9999822974205017,0.749090313911438,0.7860232591629028,-0.22834721207618713,0.9952312707901001,0.31007930636405945,0.780810534954071,-0.3756398856639862,0.9979287385940552,0.6861304640769958,0.7336370348930359,-0.7857860922813416,0.9784603714942932,0.36311402916908264,0.7200648784637451,-0.9849682450294495,0.9826892614364624,0.6756816506385803,0.7695044875144958,-0.8890509605407715,0.9710450768470764,0.3788471519947052,0.7500477433204651,-1.081497073173523,0.9745081663131714,0.650278627872467,0.7439669966697693,-0.8878193497657776,0.9734492897987366,0.3977288603782654,0.7156983017921448,-1.0906171798706055,0.9763475656509399,0.6484151482582092,0.72994065284729,-0.7947779297828674,0.9725953340530396,0.4013076424598694,0.7063543796539307,-0.9858038425445557,0.9777988195419312,0.6121601462364197,1.0417790412902832,-0.016424186527729034,0.4925139546394348,0.4658302664756775,1.046945571899414,0.017947694286704063,0.5968426465988159,0.6213984489440918,1.5016107559204102,0.08017471432685852,0.003721388289704919,0.4556122124195099,1.5094943046569824,0.14775992929935455,0.0028758421540260315,0.6228416562080383,1.8978691101074219,0.43709322810173035,0.0009702050592750311,0.46848365664482117,1.9098678827285767,0.4953087568283081,0.00046784611186012626,0.6263726353645325,1.94694185256958,0.452924907207489,0.0012151839910075068,0.46601125597953796,1.9596545696258545,0.5203165411949158,0.0011935278307646513,0.6050650477409363,2.035161018371582,0.11676547676324844,0.00039790334994904697,0.5008531808853149,2.0408835411071777,0.15132063627243042,0.0015497463755309582,0.6811210513114929,0.7466827034950256,-5.876590325470943e-09,0.6590309143066406,0.7580363154411316,-0.00900074653327465,0.6420994400978088,0.7708200812339783,-0.016520287841558456,0.6377294063568115,0.7903701066970825,-0.022773241624236107,0.6442298293113708,0.8056629300117493,-0.028707806020975113,0.6501851081848145,0.7284539937973022,-0.017203018069267273,0.6497384309768677,0.7864611744880676,-0.026412853971123695,0.6540060639381409,0.7858778238296509,-0.032566510140895844,0.654235303401947,0.7682956457138062,-0.03674672916531563,0.6675997972488403,0.724348783493042,-0.01807980053126812,0.6677534580230713,0.7899153232574463,-0.02444932423532009,0.6692906022071838,0.7812209129333496,-0.025578485801815987,0.6679903268814087,0.7617501616477966,-0.027359865605831146,0.6845625042915344,0.7287226319313049,-0.019622450694441795,0.6842185258865356,0.7894833087921143,-0.024335427209734917,0.6840628385543823,0.780285120010376,-0.02094421535730362,0.6837262511253357,0.7624983191490173,-0.018964333459734917,0.6993255019187927,0.7370871305465698,-0.022400159388780594,0.6982169151306152,0.7811027765274048,-0.025972602888941765,0.6972995400428772,0.7730987668037415,-0.02382698468863964,0.697086751461029,0.7557166218757629,-0.022132426500320435,0.3657362461090088,0.7494223713874817,-8.133185680492261e-09,0.39184004068374634,0.7555893659591675,-0.0038091158494353294,0.4115298092365265,0.7623798847198486,-0.00861300341784954,0.41986244916915894,0.7759453654289246,-0.013648729771375656,0.4164583086967468,0.7910563945770264,-0.018735481426119804,0.4008709192276001,0.7154074311256409,-0.014253787696361542,0.40638455748558044,0.7650691866874695,-0.02196609042584896,0.4023577868938446,0.7833753824234009,-0.02691410668194294,0.3971386253833771,0.7811440825462341,-0.030530733987689018,0.38240423798561096,0.71489417552948,-0.017545802518725395,0.3879814147949219,0.776079535484314,-0.022293979302048683,0.38703495264053345,0.7864508032798767,-0.02348446473479271,0.38560590147972107,0.7750813961029053,-0.026314187794923782,0.3658469021320343,0.7240264415740967,-0.020815735682845116,0.37110206484794617,0.7796888947486877,-0.024358732625842094,0.37220656871795654,0.7828477025032043,-0.022174639627337456,0.37199345231056213,0.7680112719535828,-0.022127974778413773,0.35242560505867004,0.7354112863540649,-0.024904493242502213,0.35707446932792664,0.7782886028289795,-0.02737371250987053,0.3590722680091858,0.7802063822746277,-0.02519368939101696,0.35781142115592957,0.7688460350036621,-0.024285543709993362
41,41,1,1,1,1.0,1.0,1.0,0.5176217555999756,0.31190863251686096,-0.5595840215682983,0.9999899864196777,0.5321102738380432,0.27038344740867615,-0.5198040008544922,0.999976634979248,0.5422887802124023,0.2698366940021515,-0.5200211405754089,0.9999775886535645,0.5497880578041077,0.2693372964859009,-0.5198068618774414,0.9999736547470093,0.504565417766571,0.2700044512748718,-0.5242018103599548,0.9999803304672241,0.4964928925037384,0.26944100856781006,-0.5241283774375916,0.9999838471412659,0.48809194564819336,0.2698005735874176,-0.5245413184165955,0.9999829530715942,0.5643145442008972,0.2854353189468384,-0.22259452939033508,0.9999675154685974,0.48169273138046265,0.2895204424858093,-0.24481463432312012,0.9999881386756897,0.5376267433166504,0.3525913655757904,-0.44785401225090027,0.999995768070221,0.5035267472267151,0.35289299488067627,-0.45365989208221436,0.9999966025352478,0.6444956064224243,0.5116540789604187,-0.009385040029883385,0.9999749064445496,0.4112183451652527,0.5164773464202881,-0.09333761036396027,0.999983012676239,0.7472661137580872,0.7854472994804382,-0.15625548362731934,0.995232880115509,0.3100782036781311,0.7822717428207397,-0.31725335121154785,0.9980340600013733,0.6868765354156494,0.7481495141983032,-0.7277476787567139,0.9804676175117493,0.3607635796070099,0.7341821193695068,-0.8963966369628906,0.9843399524688721,0.6771821975708008,0.7865898013114929,-0.8303927779197693,0.9733948707580566,0.3787921965122223,0.7656015753746033,-0.9951013922691345,0.9767431020736694,0.6514841914176941,0.7597801089286804,-0.8297570943832397,0.9755825996398926,0.3965671956539154,0.7303487658500671,-0.9999574422836304,0.9783919453620911,0.6491658687591553,0.744494616985321,-0.7377383708953857,0.9746406674385071,0.3989151120185852,0.7190434336662292,-0.9042139053344727,0.9796895980834961,0.6121541261672974,1.0417550802230835,-0.01092598494142294,0.489859938621521,0.4656393229961395,1.0477967262268066,0.012458069249987602,0.5947882533073425,0.6220021843910217,1.501882791519165,0.07387339323759079,0.0037703723646700382,0.45695748925209045,1.5098025798797607,0.1137867420911789,0.0028764461167156696,0.6239827275276184,1.8977975845336914,0.4219355583190918,0.000963630445767194,0.47138023376464844,1.9096821546554565,0.4372740089893341,0.0004705424653366208,0.6272627711296082,1.9469387531280518,0.436678409576416,0.0011970082996413112,0.4687924385070801,1.9595435857772827,0.46001702547073364,0.0011977915419265628,0.6075702905654907,2.0342116355895996,0.09748232364654541,0.00039968383498489857,0.5038996934890747,2.039741039276123,0.09134623408317566,0.0015662997029721737,0.6836720705032349,0.7444151639938354,-7.665219214914032e-08,0.6604199409484863,0.7596200108528137,-0.0048225922510027885,0.6437355875968933,0.7795978784561157,-0.01047755777835846,0.6366860270500183,0.802507221698761,-0.015415213070809841,0.6411464810371399,0.8210999369621277,-0.021222636103630066,0.6513990759849548,0.747024416923523,-0.0191059410572052,0.6531863212585449,0.8004150986671448,-0.02657221257686615,0.6568291187286377,0.8042463064193726,-0.030047833919525146,0.6568880677223206,0.7938730716705322,-0.032153259962797165,0.6694550514221191,0.7410440444946289,-0.02144944667816162,0.6702249646186829,0.8036529421806335,-0.026859475299715996,0.6735263466835022,0.8023663759231567,-0.026309829205274582,0.6737750172615051,0.7869983911514282,-0.027058113366365433,0.6860213875770569,0.7412819862365723,-0.023454302921891212,0.6866178512573242,0.7991096377372742,-0.028207803145051003,0.6881053447723389,0.7954423427581787,-0.0248277448117733,0.6880832314491272,0.7781403660774231,-0.023140206933021545,0.7000129222869873,0.7451424598693848,-0.025784678757190704,0.6992946267127991,0.7882739305496216,-0.029766438528895378,0.699081540107727,0.7858842015266418,-0.026972312480211258,0.6994918584823608,0.7704320549964905,-0.02502177655696869,0.3693431317806244,0.7730204463005066,-3.0106377835181775e-08,0.3941699266433716,0.771051824092865,-0.004628727678209543,0.4130781888961792,0.7722913026809692,-0.00963227916508913,0.42105570435523987,0.7839072942733765,-0.014942132867872715,0.4196015000343323,0.8044861555099487,-0.020397888496518135,0.3998613953590393,0.7346432209014893,-0.013593683950603008,0.4031326472759247,0.7816308736801147,-0.022363433614373207,0.4009343385696411,0.8032722473144531,-0.028154851868748665,0.39855849742889404,0.8044041991233826,-0.032246921211481094,0.3810671269893646,0.7337852716445923,-0.016748428344726562,0.3856402635574341,0.7890812158584595,-0.0224666316062212,0.38729605078697205,0.806753396987915,-0.02434438094496727,0.38766905665397644,0.800739586353302,-0.027454905211925507,0.3643127381801605,0.7419103980064392,-0.0200960636138916,0.3691396117210388,0.7923799753189087,-0.025352178141474724,0.3723260760307312,0.8033869862556458,-0.024434465914964676,0.3730616569519043,0.792618989944458,-0.02481330744922161,0.3509388267993927,0.75271075963974,-0.024214884266257286,0.3553234934806824,0.7907800674438477,-0.027101365849375725,0.3590727746486664,0.7992345094680786,-0.025264054536819458,0.3589947521686554,0.7938001155853271,-0.02463489957153797
42,42,1,1,1,1.0,1.0,1.0,0.5176243782043457,0.31179192662239075,-0.5380364060401917,0.9999907612800598,0.5321112871170044,0.27033236622810364,-0.4986942410469055,0.9999785423278809,0.5422948598861694,0.26978442072868347,-0.498871386051178,0.9999793767929077,0.5497917532920837,0.2693050801753998,-0.4986705780029297,0.9999757409095764,0.504568874835968,0.26997044682502747,-0.5033666491508484,0.9999819397926331,0.4965100586414337,0.26942119002342224,-0.5032715797424316,0.9999852180480957,0.48810088634490967,0.26977747678756714,-0.5036561489105225,0.9999843835830688,0.5642819404602051,0.28541800379753113,-0.21286159753799438,0.9999702572822571,0.4817218780517578,0.2895506024360657,-0.22975006699562073,0.9999891519546509,0.5376590490341187,0.3525101840496063,-0.43128150701522827,0.9999961256980896,0.5035429000854492,0.3528209924697876,-0.4370315968990326,0.9999968409538269,0.644716739654541,0.5126286149024963,-0.01742752455174923,0.9999762773513794,0.41112035512924194,0.5183255672454834,-0.0880361944437027,0.9999836683273315,0.7447981238365173,0.781734824180603,-0.15440000593662262,0.9952107071876526,0.312835693359375,0.7830357551574707,-0.32497093081474304,0.9981047511100769,0.6862361431121826,0.7609720826148987,-0.6971801519393921,0.9822371602058411,0.3604256212711334,0.7482020854949951,-0.9176086187362671,0.9857999682426453,0.6767734289169312,0.8044837117195129,-0.8014652729034424,0.9754215478897095,0.3787466585636139,0.7845041155815125,-1.0238959789276123,0.9786792993545532,0.6517238616943359,0.7826161980628967,-0.8086583614349365,0.9774348735809326,0.3962753713130951,0.7553809285163879,-1.0264227390289307,0.9801579117774963,0.6495049595832825,0.7657703161239624,-0.710233747959137,0.9764055609703064,0.3981037437915802,0.7439335584640503,-0.9270868301391602,0.9813166260719299,0.6121408939361572,1.0404233932495117,-0.009096981026232243,0.4867810606956482,0.4656287431716919,1.0475749969482422,0.010718331672251225,0.5898944735527039,0.6221123337745667,1.500657320022583,0.07082529366016388,0.003677936503663659,0.4571719169616699,1.508599877357483,0.09862229973077774,0.0027803375851362944,0.624370813369751,1.8958114385604858,0.41492530703544617,0.0009171540150418878,0.47228169441223145,1.906995415687561,0.40763506293296814,0.00044926180271431804,0.6275606155395508,1.945621132850647,0.42918866872787476,0.0011321859201416373,0.47005128860473633,1.9569658041000366,0.42858055233955383,0.0011296977754682302,0.6080237627029419,2.0302813053131104,0.08923865109682083,0.00038456887705251575,0.5044230818748474,2.036536931991577,0.05765869468450546,0.0014964635483920574,0.6976268887519836,0.758730947971344,-9.47027203324069e-08,0.6698547601699829,0.769042432308197,-0.004592787940055132,0.6478781700134277,0.7889478802680969,-0.009143391624093056,0.6364516615867615,0.8151465058326721,-0.013213671743869781,0.6334941983222961,0.8416576385498047,-0.018024995923042297,0.6509531736373901,0.7700068950653076,-0.01250638347119093,0.649083137512207,0.8236806392669678,-0.01830771565437317,0.6532841920852661,0.8407822251319885,-0.021712539717555046,0.6558828353881836,0.8401361107826233,-0.024098845198750496,0.6691784858703613,0.7668309807777405,-0.014140698127448559,0.6669581532478333,0.8307290077209473,-0.017538998275995255,0.6714194416999817,0.8372852206230164,-0.017838245257735252,0.6728466153144836,0.8285726308822632,-0.019578661769628525,0.6862704753875732,0.7678490281105042,-0.01567128673195839,0.6843690276145935,0.8282591104507446,-0.01855221763253212,0.686736524105072,0.8280565142631531,-0.01628316193819046,0.6876501441001892,0.8154615163803101,-0.015907566994428635,0.7013192176818848,0.7721367478370667,-0.017555031925439835,0.6989176273345947,0.8187472224235535,-0.020351329818367958,0.6997303366661072,0.8172562718391418,-0.017884792760014534,0.701165497303009,0.8041051626205444,-0.016283245757222176,0.36721473932266235,0.7729339599609375,1.475802804407067e-07,0.38576945662498474,0.7775050401687622,-0.005080120638012886,0.40453600883483887,0.7876885533332825,-0.011079458519816399,0.4161195456981659,0.804490864276886,-0.016866814345121384,0.4229242205619812,0.8257637023925781,-0.022826263681054115,0.39709609746932983,0.7597684860229492,-0.01686817593872547,0.4029174745082855,0.8031742572784424,-0.025111490860581398,0.4027448296546936,0.8258769512176514,-0.029465699568390846,0.4018913209438324,0.8368752002716064,-0.03193417936563492,0.3804090619087219,0.7610206604003906,-0.019504917785525322,0.3858758509159088,0.8078069090843201,-0.02556416392326355,0.38808050751686096,0.8297243118286133,-0.02552744932472706,0.3894106447696686,0.8389251232147217,-0.02620997093617916,0.3648712635040283,0.7684032320976257,-0.022295748814940453,0.369635671377182,0.809761643409729,-0.027265597134828568,0.3736375868320465,0.8295137286186218,-0.024399161338806152,0.3768516182899475,0.8381531238555908,-0.02296498231589794,0.35208049416542053,0.7800795435905457,-0.02566799335181713,0.3536294996738434,0.8111699223518372,-0.028621528297662735,0.3564359247684479,0.8251749277114868,-0.02570836991071701,0.3585734963417053,0.8313729763031006,-0.023853851482272148
43,43,1,1,1,1.0,1.0,1.0,0.5175541639328003,0.31146958470344543,-0.5330473780632019,0.9999913573265076,0.5320619344711304,0.2701583206653595,-0.4937235414981842,0.9999801516532898,0.5422675013542175,0.2696155607700348,-0.49390745162963867,0.9999808669090271,0.5497847199440002,0.2691512405872345,-0.4937261939048767,0.9999774694442749,0.5045400857925415,0.269832581281662,-0.4969106912612915,0.9999833106994629,0.4964778423309326,0.26935186982154846,-0.4967852234840393,0.9999863505363464,0.4880712628364563,0.2697469890117645,-0.49712541699409485,0.9999855756759644,0.5642756819725037,0.2853902578353882,-0.21506279706954956,0.9999725818634033,0.4817321300506592,0.28962308168411255,-0.22521288692951202,0.9999900460243225,0.5376588106155396,0.35229456424713135,-0.42996689677238464,0.9999964237213135,0.5035069584846497,0.3527282774448395,-0.43373289704322815,0.999997079372406,0.645308792591095,0.5139523148536682,-0.030486589297652245,0.9999774098396301,0.4110587239265442,0.521531343460083,-0.08747243136167526,0.9999841451644897,0.7412062883377075,0.7788053750991821,-0.16821813583374023,0.9952354431152344,0.31826865673065186,0.7833110094070435,-0.32949456572532654,0.9981642961502075,0.6878553032875061,0.7720773220062256,-0.7051029801368713,0.9837896823883057,0.35624948143959045,0.7670539021492004,-0.936376690864563,0.987099289894104,0.6805716753005981,0.8247400522232056,-0.8154841661453247,0.9771032333374023,0.3747652769088745,0.8112266063690186,-1.0446487665176392,0.9803768396377563,0.6556228399276733,0.8044347167015076,-0.8286628127098083,0.9789612889289856,0.39397069811820984,0.7845301628112793,-1.0308361053466797,0.9816988110542297,0.6519902348518372,0.7859742641448975,-0.7215887904167175,0.9778744578361511,0.39562198519706726,0.770844578742981,-0.9474228620529175,0.982744574546814,0.6121587157249451,1.0397365093231201,-0.00611714506521821,0.504715085029602,0.4653608202934265,1.0471289157867432,0.007745074108242989,0.6031719446182251,0.6223898530006409,1.495916724205017,0.09350766986608505,0.0036372593604028225,0.4583449363708496,1.5040099620819092,0.095134437084198,0.0027551765087991953,0.6250210404396057,1.8887321949005127,0.45316454768180847,0.0008674385608173907,0.47533097863197327,1.8994777202606201,0.4006379544734955,0.00043143294169567525,0.6281744241714478,1.939032793045044,0.46943777799606323,0.0010703688021749258,0.47375258803367615,1.9491349458694458,0.42133674025535583,0.0010701479623094201,0.6090017557144165,2.0209805965423584,0.13838058710098267,0.00036671810084953904,0.506788432598114,2.029366970062256,0.05405513942241669,0.0014175799442455173,0.6891254186630249,0.7793838381767273,-7.720316830273077e-08,0.6645392179489136,0.7925300002098083,-0.004298731684684753,0.6436137557029724,0.8173910975456238,-0.008762586861848831,0.6310105323791504,0.845769464969635,-0.011713328771293163,0.6273597478866577,0.8737607002258301,-0.015698889270424843,0.6544875502586365,0.8040019273757935,-0.02014104649424553,0.6524993777275085,0.8483815789222717,-0.0291094109416008,0.6526063084602356,0.8730154633522034,-0.034795016050338745,0.6534484028816223,0.8872799873352051,-0.03786299377679825,0.6725793480873108,0.8040111064910889,-0.021294500678777695,0.671420693397522,0.8548586964607239,-0.02769150212407112,0.6698479056358337,0.8779677748680115,-0.02991018258035183,0.6701265573501587,0.8862988948822021,-0.03256358206272125,0.6889516115188599,0.8065762519836426,-0.021990127861499786,0.6876416206359863,0.8539415597915649,-0.027236301451921463,0.6846315860748291,0.875146210193634,-0.026664143428206444,0.6825045943260193,0.8829572200775146,-0.02681153640151024,0.7029826045036316,0.8097577691078186,-0.022715922445058823,0.701767086982727,0.846841037273407,-0.027158254757523537,0.6990830898284912,0.8634628057479858,-0.02642638422548771,0.6973533630371094,0.8708322048187256,-0.02593468688428402,0.35762983560562134,0.7856054306030273,1.5405085207476077e-07,0.3795422911643982,0.7914860844612122,-0.004174616187810898,0.40149345993995667,0.8100104928016663,-0.01089369785040617,0.4161149859428406,0.832390546798706,-0.016751248389482498,0.4280460476875305,0.8530329465866089,-0.02226405404508114,0.39674124121665955,0.7904472351074219,-0.02231547050178051,0.40356385707855225,0.8311557173728943,-0.03218511864542961,0.405495822429657,0.8570243120193481,-0.03644183650612831,0.40562406182289124,0.8750260472297668,-0.03844618797302246,0.3807542026042938,0.791778028011322,-0.02479364350438118,0.3863203823566437,0.8421887755393982,-0.033230628818273544,0.38910868763923645,0.8646366000175476,-0.032627642154693604,0.3917946517467499,0.8761932849884033,-0.03233243525028229,0.36437952518463135,0.7981248497962952,-0.02684641443192959,0.3689815104007721,0.8456644415855408,-0.03386426717042923,0.37234923243522644,0.8610675930976868,-0.02970060706138611,0.37585318088531494,0.8659842014312744,-0.026646917685866356,0.34916213154792786,0.8081126809120178,-0.029093943536281586,0.35358235239982605,0.8482012748718262,-0.03316633403301239,0.358019083738327,0.8581812977790833,-0.029825076460838318,0.3616660237312317,0.8594018220901489,-0.027188418433070183
44,44,1,1,1,1.0,1.0,1.0,0.5174760222434998,0.31117111444473267,-0.5622661113739014,0.9999918937683105,0.5320583581924438,0.2700739800930023,-0.5012450814247131,0.9999816417694092,0.5422652959823608,0.26954978704452515,-0.5013926029205322,0.9999821782112122,0.5497875809669495,0.2691138982772827,-0.5013859868049622,0.9999790191650391,0.5045076012611389,0.26969531178474426,-0.4991338849067688,0.9999845623970032,0.49640774726867676,0.2692410945892334,-0.4992091655731201,0.9999873042106628,0.4880005717277527,0.26964813470840454,-0.4991307854652405,0.9999865889549255,0.5642727017402649,0.28543639183044434,-0.22073857486248016,0.9999745488166809,0.4817318916320801,0.2896648645401001,-0.2268201857805252,0.9999907612800598,0.5376611351966858,0.35226184129714966,-0.4622751772403717,0.9999966621398926,0.5034039616584778,0.3527074158191681,-0.46327388286590576,0.9999972581863403,0.6465036273002625,0.5168132781982422,-0.06911473721265793,0.9999783635139465,0.41059035062789917,0.5253036022186279,-0.09322545677423477,0.9999834895133972,0.7364731431007385,0.777609646320343,-0.19196145236492157,0.995223343372345,0.32091838121414185,0.7837026715278625,-0.3364067077636719,0.998114824295044,0.6897574067115784,0.7845500707626343,-0.7411946654319763,0.9852346777915955,0.35624876618385315,0.7984212636947632,-0.9360546469688416,0.9880499839782715,0.6838980317115784,0.850935161113739,-0.8355023860931396,0.9787768125534058,0.37446945905685425,0.85883629322052,-1.0510554313659668,0.9812257885932922,0.6593487858772278,0.8301659226417542,-0.8722562789916992,0.9804751873016357,0.3943604826927185,0.8367584347724915,-1.0371520519256592,0.9824333190917969,0.654621958732605,0.8100469708442688,-0.7513510584831238,0.979343593120575,0.3963325023651123,0.821035623550415,-0.9506505131721497,0.9833815693855286,0.6131436228752136,1.0411442518234253,-0.006939580664038658,0.5371243953704834,0.4647020995616913,1.0474634170532227,0.008556422777473927,0.6269236207008362,0.6221182346343994,1.496169090270996,0.15905936062335968,0.003836215939372778,0.45864003896713257,1.5040881633758545,0.14335687458515167,0.0028243744745850563,0.6230477094650269,1.8876608610153198,0.5894678831100464,0.0008299963665194809,0.4751264452934265,1.895015835762024,0.5189721584320068,0.000417546572862193,0.6251267194747925,1.938688039779663,0.6140238642692566,0.0010079580824822187,0.4734666049480438,1.9442145824432373,0.5471757054328918,0.001015031011775136,0.6070771217346191,2.0177037715911865,0.28741809725761414,0.00036046793684363365,0.5066394209861755,2.0265302658081055,0.1828777939081192,0.0013543351087719202,0.6938905119895935,0.8074484467506409,1.2138538174610858e-08,0.6663782000541687,0.8206709623336792,-0.003857567673549056,0.6440649628639221,0.847176730632782,-0.007723035290837288,0.6310875415802002,0.8763306140899658,-0.009940113872289658,0.6271409392356873,0.9050917029380798,-0.013156049884855747,0.6556790471076965,0.8421850204467773,-0.018214059993624687,0.6531524062156677,0.8850200772285461,-0.025461051613092422,0.6531195044517517,0.9130963683128357,-0.029674232006072998,0.6537007689476013,0.9328078627586365,-0.032031916081905365,0.6734382510185242,0.8437110781669617,-0.018624508753418922,0.6741288900375366,0.8986497521400452,-0.02389509044587612,0.6730726361274719,0.9263498187065125,-0.025798697024583817,0.6719021201133728,0.9412738084793091,-0.028258217498660088,0.6892106533050537,0.8472542762756348,-0.018389452248811722,0.6895406246185303,0.8996695876121521,-0.022356849163770676,0.6865158677101135,0.9253089427947998,-0.021835342049598694,0.6827974915504456,0.9388399720191956,-0.022201936691999435,0.7021586894989014,0.8506672978401184,-0.018078448250889778,0.7024301886558533,0.8893669843673706,-0.02134600840508938,0.6997633576393127,0.9074525833129883,-0.020387783646583557,0.6964754462242126,0.9174491763114929,-0.019685370847582817,0.3563042879104614,0.8133989572525024,1.7911260385972128e-07,0.38155269622802734,0.8237172365188599,-0.003331971587613225,0.4029591679573059,0.8449690937995911,-0.0092082554474473,0.41752374172210693,0.868397057056427,-0.015023427084088326,0.4275021553039551,0.8931407928466797,-0.021188363432884216,0.39511483907699585,0.8283829689025879,-0.018246741965413094,0.40221211314201355,0.8644779324531555,-0.027067434042692184,0.40512868762016296,0.8917174339294434,-0.03179001808166504,0.4056755304336548,0.9153779745101929,-0.034748684614896774,0.37839174270629883,0.828914999961853,-0.02168343961238861,0.38383597135543823,0.8795480728149414,-0.029554197564721107,0.3886493146419525,0.9116238355636597,-0.030632639303803444,0.3919079005718231,0.9352148771286011,-0.03209589794278145,0.36247628927230835,0.8341873288154602,-0.024867404252290726,0.3667714297771454,0.884493350982666,-0.031084995716810226,0.37238454818725586,0.9082438349723816,-0.028480425477027893,0.37605759501457214,0.9224480986595154,-0.026846280321478844,0.34909188747406006,0.8423731327056885,-0.028452832251787186,0.35195571184158325,0.8818711042404175,-0.03165973350405693,0.3582305908203125,0.9006707072257996,-0.02906659059226513,0.3624807596206665,0.911360502243042,-0.02725263126194477
45,45,1,1,1,1.0,1.0,1.0,0.5174751281738281,0.30998674035072327,-0.5063486695289612,0.9999920725822449,0.5320793390274048,0.26957085728645325,-0.46424517035484314,0.9999822974205017,0.5422882437705994,0.26907625794410706,-0.46438926458358765,0.9999828338623047,0.5498044490814209,0.26867854595184326,-0.46429145336151123,0.9999798536300659,0.5045084357261658,0.2692510485649109,-0.46702495217323303,0.9999850392341614,0.4964074492454529,0.26883265376091003,-0.46696218848228455,0.9999877214431763,0.48799824714660645,0.2693577706813812,-0.467270165681839,0.9999869465827942,0.5642906427383423,0.2854102849960327,-0.19890181720256805,0.9999756217002869,0.4817367196083069,0.28972846269607544,-0.21227775514125824,0.9999911785125732,0.5377587080001831,0.3516373932361603,-0.4104211926460266,0.9999967813491821,0.5034040808677673,0.3523758351802826,-0.41472646594047546,0.9999973177909851,0.6491902470588684,0.5217077732086182,-0.05715961009263992,0.9999796748161316,0.41030094027519226,0.5291184782981873,-0.08491199463605881,0.9999836087226868,0.7365968227386475,0.7788644433021545,-0.16404348611831665,0.9954383969306946,0.3224983215332031,0.7841477394104004,-0.30535629391670227,0.9980848431587219,0.689326286315918,0.8296326994895935,-0.6654201745986938,0.9864813685417175,0.35489416122436523,0.8364846706390381,-0.8893178105354309,0.9888871312141418,0.6837643980979919,0.9054763317108154,-0.7769980430603027,0.9801136255264282,0.37308964133262634,0.9061530232429504,-1.0057644844055176,0.9819137454032898,0.6594709753990173,0.8867291808128357,-0.8065266013145447,0.9816978573799133,0.3941796123981476,0.8831406235694885,-1.0232079029083252,0.9829987287521362,0.6548252105712891,0.8614910244941711,-0.6860549449920654,0.9805524945259094,0.3960000276565552,0.8639411330223083,-0.9090905785560608,0.9839890599250793,0.6192833185195923,1.045204520225525,-0.00020312186097726226,0.5679049491882324,0.466593861579895,1.0487407445907593,0.0016569574363529682,0.65106600522995,0.626604437828064,1.5004997253417969,0.15264025330543518,0.0036932379007339478,0.46315863728523254,1.5132925510406494,0.11742877960205078,0.002691527595743537,0.629389762878418,1.893179178237915,0.5591742396354675,0.0007777694845572114,0.48218265175819397,1.904053807258606,0.44858089089393616,0.0003925523778889328,0.6328229308128357,1.944726586341858,0.5816016793251038,0.0009407657198607922,0.4812820851802826,1.9518359899520874,0.47102639079093933,0.0009400800918228924,0.6126006841659546,2.0218899250030518,0.26034387946128845,0.00033866733429022133,0.5135385394096375,2.0350732803344727,0.11292939633131027,0.001249257125891745,0.6868352890014648,0.8580048084259033,4.966147315599301e-08,0.6630872488021851,0.8723167181015015,-0.005791972391307354,0.6428038477897644,0.8986659049987793,-0.011440043337643147,0.6301388144493103,0.9280502796173096,-0.014845555648207664,0.6262998580932617,0.9540130496025085,-0.018876276910305023,0.6566997766494751,0.8869647979736328,-0.026107801124453545,0.655098557472229,0.928747832775116,-0.03366978093981743,0.654863715171814,0.9557909965515137,-0.03596903383731842,0.6543201208114624,0.9757347106933594,-0.03657868504524231,0.6758957505226135,0.8847198486328125,-0.025958415120840073,0.6773107647895813,0.9423616528511047,-0.03303294628858566,0.6752715706825256,0.9731917381286621,-0.03359745815396309,0.6724530458450317,0.9894847273826599,-0.034120772033929825,0.6915633678436279,0.8878997564315796,-0.02479683607816696,0.6934157013893127,0.9436386823654175,-0.030102530494332314,0.6904106736183167,0.9728211760520935,-0.029465405270457268,0.6858991980552673,0.9875741600990295,-0.028766609728336334,0.7032012939453125,0.8928647637367249,-0.02353181317448616,0.7051077485084534,0.9383444786071777,-0.026605287566781044,0.7014294862747192,0.9599529504776001,-0.02526703290641308,0.696196973323822,0.9701195359230042,-0.02403153106570244,0.35714900493621826,0.8449499011039734,1.9619857027919352e-07,0.3816114664077759,0.8608235120773315,-0.003847940592095256,0.40191173553466797,0.8887599110603333,-0.009466005489230156,0.4155662953853607,0.9177670478820801,-0.014472989365458488,0.42459771037101746,0.94142746925354,-0.01972377486526966,0.39510804414749146,0.8736147284507751,-0.019134176895022392,0.40130043029785156,0.9083957672119141,-0.02822647988796234,0.40510910749435425,0.9378609657287598,-0.032915275543928146,0.4067913293838501,0.9629356265068054,-0.03562643378973007,0.3791249990463257,0.8728958964347839,-0.021639300510287285,0.38034167885780334,0.9252524375915527,-0.029626494273543358,0.3829658329486847,0.9580641388893127,-0.031090987846255302,0.385306179523468,0.9808222055435181,-0.03273792564868927,0.3637479841709137,0.876560628414154,-0.023797037079930305,0.36351555585861206,0.9275317788124084,-0.030177857726812363,0.3678026795387268,0.9553098678588867,-0.028777938336133957,0.3708179295063019,0.9721720218658447,-0.027785567566752434,0.3499385118484497,0.8810428977012634,-0.026185976341366768,0.3499299883842468,0.9195982813835144,-0.029383108019828796,0.3539270758628845,0.9422546625137329,-0.02760554850101471,0.3570970892906189,0.9579347372055054,-0.026330098509788513
46,46,1,1,1,1.0,1.0,1.0,0.5174731016159058,0.30890101194381714,-0.5330126285552979,0.9999900460243225,0.5321117639541626,0.2689204514026642,-0.49182844161987305,0.999978244304657,0.5423361659049988,0.2684905529022217,-0.49197790026664734,0.9999794363975525,0.549838662147522,0.2681780755519867,-0.49184414744377136,0.9999762177467346,0.5045077800750732,0.26864349842071533,-0.49265238642692566,0.9999805092811584,0.4963952898979187,0.26827487349510193,-0.4926353991031647,0.9999839067459106,0.48797956109046936,0.2689519226551056,-0.49304628372192383,0.9999821782112122,0.5643646121025085,0.28535014390945435,-0.22203019261360168,0.9999710917472839,0.4817391633987427,0.2897331714630127,-0.22583071887493134,0.9999880194664001,0.537899374961853,0.3512224853038788,-0.4346686005592346,0.9999960064888,0.5034006834030151,0.3521631360054016,-0.4362033009529114,0.999996542930603,0.651996910572052,0.5303321480751038,-0.10026329010725021,0.9999791383743286,0.40703049302101135,0.5364899039268494,-0.09169066697359085,0.9999789595603943,0.7361637353897095,0.7866499423980713,-0.2595196068286896,0.9953663945198059,0.3222603499889374,0.786043643951416,-0.28379034996032715,0.9974662661552429,0.6888986229896545,0.8774637579917908,-0.7715269327163696,0.9871678352355957,0.35614487528800964,0.8956939578056335,-0.8105769753456116,0.9875069856643677,0.6835324168205261,0.9518805146217346,-0.8983966112136841,0.9800589680671692,0.37270474433898926,0.9737586379051208,-0.9228660464286804,0.9774028658866882,0.6594410538673401,0.9383724331855774,-0.9310696721076965,0.9816867113113403,0.39536938071250916,0.9571250081062317,-0.9503215551376343,0.9788920879364014,0.654784619808197,0.9137393236160278,-0.7978259325027466,0.9803017973899841,0.3965233564376831,0.9292158484458923,-0.8323785662651062,0.9804428815841675,0.619450032711029,1.050389289855957,-0.0029018528293818235,0.5785439014434814,0.46198827028274536,1.096641182899475,0.004281279630959034,0.6572279334068298,0.6265394687652588,1.5301730632781982,0.20129451155662537,0.003575368085876107,0.46209225058555603,1.5418422222137451,0.16193674504756927,0.0025677576195448637,0.6294874548912048,1.9198691844940186,0.6731657981872559,0.0007332996465265751,0.47687920928001404,1.935699462890625,0.5551504492759705,0.00037481021718122065,0.6329154372215271,1.9733387231826782,0.7033225297927856,0.0008806429104879498,0.47633612155914307,1.9873336553573608,0.5845198035240173,0.000877720711287111,0.6122250556945801,2.0556294918060303,0.37235361337661743,0.0003282653051428497,0.5077066421508789,2.0673367977142334,0.2158532440662384,0.0011742775095626712,0.6890616416931152,0.8942894339561462,4.6774498940749254e-08,0.6615679860115051,0.9127432107925415,-0.006867776624858379,0.6407980918884277,0.9558134078979492,-0.013136900961399078,0.6295143365859985,0.9950578212738037,-0.01726698689162731,0.6269011497497559,1.0267220735549927,-0.0223267562687397,0.6568853855133057,0.9515339732170105,-0.027391979470849037,0.6539530754089355,1.0089539289474487,-0.03574022650718689,0.6519980430603027,1.0377124547958374,-0.038472436368465424,0.6504718661308289,1.0558204650878906,-0.03930521756410599,0.6774279475212097,0.950761079788208,-0.026884162798523903,0.67622971534729,1.0112072229385376,-0.03388712927699089,0.6724265217781067,1.0374327898025513,-0.034545328468084335,0.6682615876197815,1.0514813661575317,-0.03537503257393837,0.6940398216247559,0.952921450138092,-0.025487426668405533,0.692396879196167,1.0109738111495972,-0.030655331909656525,0.688928484916687,1.0341724157333374,-0.02856598049402237,0.6851240396499634,1.0452535152435303,-0.02717062272131443,0.7072706818580627,0.9573439359664917,-0.024112235754728317,0.7069882750511169,1.0096176862716675,-0.02739020064473152,0.704176664352417,1.027453064918518,-0.024942705407738686,0.7015746831893921,1.0353538990020752,-0.022907288745045662,0.36225780844688416,0.8966223001480103,4.210057014120139e-08,0.3872617185115814,0.9260284304618835,-0.003572723362594843,0.4062107503414154,0.977577269077301,-0.009690161794424057,0.4129143953323364,1.0239595174789429,-0.01492100115865469,0.4133116900920868,1.056360125541687,-0.019660143181681633,0.4084114134311676,0.959172785282135,-0.02224409580230713,0.4170491397380829,1.014460563659668,-0.03195619210600853,0.4157527983188629,1.0445231199264526,-0.03590640425682068,0.41454970836639404,1.0650479793548584,-0.03754337877035141,0.39199209213256836,0.9522837996482849,-0.024742845445871353,0.3992898762226105,1.0101932287216187,-0.032468076795339584,0.3978321850299835,1.0389264822006226,-0.03247009217739105,0.39674413204193115,1.0581893920898438,-0.03241778165102005,0.37246495485305786,0.9506615996360779,-0.026476603001356125,0.3785350024700165,1.0091851949691772,-0.03314213082194328,0.37846094369888306,1.0363874435424805,-0.029154319316148758,0.37935227155685425,1.0545148849487305,-0.025930196046829224,0.3529335856437683,0.9529304504394531,-0.02817118912935257,0.35790035128593445,1.0040395259857178,-0.03224528580904007,0.3588481843471527,1.029784917831421,-0.028423668816685677,0.36045870184898376,1.0486046075820923,-0.02502904273569584
47,47,1,0,0,1.0,0.0,0.0,0.5175426602363586,0.30801671743392944,-0.6258062720298767,0.9999657273292542,0.5323081016540527,0.2683943212032318,-0.5858549475669861,0.9999266862869263,0.5425811409950256,0.2680211663246155,-0.5860592722892761,0.9999297261238098,0.5499945878982544,0.26776233315467834,-0.586000382900238,0.9999211430549622,0.504507839679718,0.26822787523269653,-0.583096981048584,0.9999342560768127,0.4963803291320801,0.26788443326950073,-0.5831129550933838,0.99994295835495,0.4879480004310608,0.2686481475830078,-0.5836053490638733,0.9999402761459351,0.5644822120666504,0.2853405475616455,-0.3198719322681427,0.9999051690101624,0.48172837495803833,0.28971806168556213,-0.30278417468070984,0.999958336353302,0.5382980108261108,0.3509611189365387,-0.5285096764564514,0.9999887943267822,0.5033999681472778,0.35190141201019287,-0.5236847996711731,0.999991238117218,0.6536877751350403,0.5371893048286438,-0.19162578880786896,0.9999627470970154,0.4030403196811676,0.543439507484436,-0.11723216623067856,0.9999648332595825,0.7342640161514282,0.795296311378479,-0.28984570503234863,0.9947275519371033,0.32300522923469543,0.7997778058052063,-0.12901602685451508,0.9969221949577332,0.6880670189857483,0.9432452917098999,-0.7697530388832092,0.9804666638374329,0.37194564938545227,0.9832859635353088,-0.48439300060272217,0.9737625122070312,0.6834558248519897,1.02912175655365,-0.8959968686103821,0.9626613259315491,0.3813231587409973,1.066361665725708,-0.5738938450813293,0.9491173028945923,0.6591577529907227,1.0067126750946045,-0.9216408729553223,0.9654960036277771,0.4060114026069641,1.0422170162200928,-0.6163309812545776,0.9531220197677612,0.654666543006897,0.9788717031478882,-0.7955974340438843,0.9625268578529358,0.4053158164024353,1.008786678314209,-0.5080728530883789,0.9565637707710266,0.6195302605628967,1.113847017288208,-0.02916918508708477,0.5606117248535156,0.45845773816108704,1.1286036968231201,0.030733687803149223,0.638858437538147,0.6246173977851868,1.5609955787658691,0.16577757894992828,0.0036413799971342087,0.45894068479537964,1.5654711723327637,0.15401175618171692,0.0027050478383898735,0.6257060170173645,1.951236367225647,0.5963765382766724,0.0007625725702382624,0.4668191373348236,1.9604411125183105,0.5253468155860901,0.0004418130265548825,0.6285102367401123,2.0069379806518555,0.6229276657104492,0.0008841375238262117,0.4663165509700775,2.015059471130371,0.5518211126327515,0.0010431299451738596,0.6075198650360107,2.086928606033325,0.27959784865379333,0.000358463148586452,0.49322161078453064,2.0929465293884277,0.18042288720607758,0.001259129261597991,nan,nan,nan,nan,nan,nan,nan,nan,nan,nan,nan,nan,nan,nan,nan,nan,nan,nan,nan,nan,nan,nan,nan,nan,nan,nan,nan,nan,nan,nan,nan,nan,nan,nan,nan,nan,nan,nan,nan,nan,nan,nan,nan,nan,nan,nan,nan,nan,nan,nan,nan,nan,nan,nan,nan,nan,nan,nan,nan,nan,nan,nan,nan,nan,nan,nan,nan,nan,nan,nan,nan,nan,nan,nan,nan,nan,nan,nan,nan,nan,nan,nan,nan,nan,nan,nan,nan,nan,nan,nan,nan,nan,nan,nan,nan,nan,nan,nan,nan,nan,nan,nan,nan,nan,nan,nan,nan,nan,nan,nan,nan,nan,nan,nan,nan,nan,nan,nan,nan,nan,nan,nan,nan,nan,nan,nan
48,48,1,0,0,1.0,0.0,0.0,0.5176459550857544,0.30655673146247864,-0.6448291540145874,0.9999299645423889,0.5324512720108032,0.26755350828170776,-0.6038998365402222,0.9998524785041809,0.542731761932373,0.26722121238708496,-0.6040995121002197,0.9998500943183899,0.5501183867454529,0.2669437527656555,-0.6040792465209961,0.9998354315757751,0.504507303237915,0.26748576760292053,-0.6035491228103638,0.9998733997344971,0.4963705241680145,0.2670975923538208,-0.6035210490226746,0.9998888373374939,0.48791947960853577,0.26792094111442566,-0.6039676070213318,0.9998910427093506,0.5645136833190918,0.28508979082107544,-0.33143267035484314,0.9997810125350952,0.48167046904563904,0.28951191902160645,-0.3226954936981201,0.9999198317527771,0.538547158241272,0.34996822476387024,-0.5451604127883911,0.999976634979248,0.5033863186836243,0.3509904742240906,-0.5425162315368652,0.9999827742576599,0.6543252468109131,0.5385729670524597,-0.19394466280937195,0.9999071955680847,0.40103963017463684,0.549604058265686,-0.1506691575050354,0.9999384880065918,0.730798065662384,0.8070986270904541,-0.2843322455883026,0.9913936853408813,0.3240985870361328,0.8116247057914734,-0.13356712460517883,0.9957515597343445,0.6868540644645691,1.0009396076202393,-0.647522509098053,0.9411309361457825,0.375475138425827,1.0152502059936523,-0.4347325563430786,0.9412378072738647,0.6839587688446045,1.0993629693984985,-0.7512452006340027,0.9088026881217957,0.3812602460384369,1.0948522090911865,-0.5177090764045715,0.8999087810516357,0.6600359678268433,1.0664199590682983,-0.7919813394546509,0.9156748056411743,0.4055871367454529,1.0676387548446655,-0.5653076171875,0.9078903198242188,0.655218243598938,1.0242648124694824,-0.6749638319015503,0.9121125936508179,0.4051663279533386,1.0321972370147705,-0.4597673714160919,0.914668083190918,0.61952805519104,1.1348304748535156,-0.040625885128974915,0.516709566116333,0.45736587047576904,1.1422505378723145,0.0420992337167263,0.5915073156356812,0.6178202629089355,1.584333062171936,0.1366627961397171,0.003723429748788476,0.45587098598480225,1.5904910564422607,0.155069962143898,0.0028526640962809324,0.6101158261299133,1.9855533838272095,0.5820373892784119,0.0008964455337263644,0.4559178352355957,1.9954763650894165,0.5358630418777466,0.0005374292377382517,0.6113545298576355,2.0425238609313965,0.6090195178985596,0.000910744012799114,0.45549556612968445,2.051708459854126,0.5633026957511902,0.0013001607730984688,0.5909919142723083,2.1206419467926025,0.2567344307899475,0.0004225160228088498,0.4746636152267456,2.130532741546631,0.17870792746543884,0.0013981263618916273,nan,nan,nan,nan,nan,nan,nan,nan,nan,nan,nan,nan,nan,nan,nan,nan,nan,nan,nan,nan,nan,nan,nan,nan,nan,nan,nan,nan,nan,nan,nan,nan,nan,nan,nan,nan,nan,nan,nan,nan,nan,nan,nan,nan,nan,nan,nan,nan,nan,nan,nan,nan,nan,nan,nan,nan,nan,nan,nan,nan,nan,nan,nan,nan,nan,nan,nan,nan,nan,nan,nan,nan,nan,nan,nan,nan,nan,nan,nan,nan,nan,nan,nan,nan,nan,nan,nan,nan,nan,nan,nan,nan,nan,nan,nan,nan,nan,nan,nan,nan,nan,nan,nan,nan,nan,nan,nan,nan,nan,nan,nan,nan,nan,nan,nan,nan,nan,nan,nan,nan,nan,nan,nan,nan,nan,nan
49,49,1,0,0,1.0,0.0,0.0,0.5176984667778015,0.3054087162017822,-0.6592043042182922,0.9998856782913208,0.5325344204902649,0.26670563220977783,-0.6182097792625427,0.9997716546058655,0.5428362488746643,0.2663598358631134,-0.6184142827987671,0.9997618794441223,0.5502431392669678,0.2659917175769806,-0.6185237169265747,0.9997512698173523,0.5044521689414978,0.2669468820095062,-0.6180475950241089,0.9998032450675964,0.49626702070236206,0.26664498448371887,-0.6179209351539612,0.999821662902832,0.48780298233032227,0.26754868030548096,-0.6183242201805115,0.9998331665992737,0.5645924210548401,0.2847045958042145,-0.3436581790447235,0.9996563196182251,0.48150813579559326,0.2894222140312195,-0.332460880279541,0.9998677968978882,0.5388298630714417,0.3490855097770691,-0.558394730091095,0.9999642968177795,0.5032586455345154,0.3503348231315613,-0.5551201105117798,0.9999722242355347,0.6543799638748169,0.5406062006950378,-0.2037166953086853,0.9998639822006226,0.40013939142227173,0.5520526766777039,-0.16895264387130737,0.9999160170555115,0.7281687259674072,0.8148722052574158,-0.20782198011875153,0.987870454788208,0.32412758469581604,0.8141371011734009,-0.11375582963228226,0.9946237802505493,0.6867346167564392,1.0319135189056396,-0.5095094442367554,0.8923932313919067,0.3739697337150574,1.0409595966339111,-0.3645976483821869,0.8973357081413269,0.6862038373947144,1.1378875970840454,-0.6006246209144592,0.8456767797470093,0.3789237141609192,1.1229796409606934,-0.4395167827606201,0.8397284150123596,0.6637425422668457,1.1017276048660278,-0.6465358138084412,0.8558827638626099,0.40079396963119507,1.103402853012085,-0.49547404050827026,0.8508882522583008,0.6583631634712219,1.0541961193084717,-0.5373896956443787,0.8531277775764465,0.40228986740112305,1.0582798719406128,-0.3924911618232727,0.8610643744468689,0.6181692481040955,1.1434980630874634,-0.04690873250365257,0.4810276925563812,0.45439961552619934,1.146691918373108,0.048364900052547455,0.5525317788124084,0.6102569699287415,1.5968939065933228,0.13613297045230865,0.003807053668424487,0.45101287961006165,1.6018550395965576,0.18249128758907318,0.0030796853825449944,0.6026102900505066,2.004240036010742,0.6063598394393921,0.0010651657357811928,0.44946619868278503,2.0148978233337402,0.5911493301391602,0.0006549283280037344,0.6040508151054382,2.062464475631714,0.6358214616775513,0.0009609698900021613,0.4490478038787842,2.07267165184021,0.6210623383522034,0.0016279516275972128,0.5834214687347412,2.1374013423919678,0.27484050393104553,0.0005073953070677817,0.4661291241645813,2.149641990661621,0.2261325567960739,0.0015821371925994754,nan,nan,nan,nan,nan,nan,nan,nan,nan,nan,nan,nan,nan,nan,nan,nan,nan,nan,nan,nan,nan,nan,nan,nan,nan,nan,nan,nan,nan,nan,nan,nan,nan,nan,nan,nan,nan,nan,nan,nan,nan,nan,nan,nan,nan,nan,nan,nan,nan,nan,nan,nan,nan,nan,nan,nan,nan,nan,nan,nan,nan,nan,nan,nan,nan,nan,nan,nan,nan,nan,nan,nan,nan,nan,nan,nan,nan,nan,nan,nan,nan,nan,nan,nan,nan,nan,nan,nan,nan,nan,nan,nan,nan,nan,nan,nan,nan,nan,nan,nan,nan,nan,nan,nan,nan,nan,nan,nan,nan,nan,nan,nan,nan,nan,nan,nan,nan,nan,nan,nan,nan,nan,nan,nan,nan,nan
50,50,1,0,0,1.0,0.0,0.0,0.5178711414337158,0.3044646382331848,-0.7043440341949463,0.9998623132705688,0.5327154994010925,0.26613807678222656,-0.6628050804138184,0.9997223019599915,0.5430364608764648,0.265819251537323,-0.662945032119751,0.999711811542511,0.5504063367843628,0.26540297269821167,-0.6630534529685974,0.9996991753578186,0.5044479966163635,0.2665870189666748,-0.6650121212005615,0.9997587203979492,0.4962550401687622,0.2663647532463074,-0.6648803353309631,0.9997832179069519,0.48776745796203613,0.2673196494579315,-0.6652709245681763,0.9997949600219727,0.5646947026252747,0.28438419103622437,-0.3837962746620178,0.9995819926261902,0.48133498430252075,0.2893894612789154,-0.38350218534469604,0.9998360872268677,0.5391715168952942,0.348200261592865,-0.6018228530883789,0.999955952167511,0.5031964182853699,0.3497047424316406,-0.6014431118965149,0.9999650120735168,0.6542602777481079,0.5403568148612976,-0.2304408848285675,0.9998463988304138,0.39918404817581177,0.5538065433502197,-0.23245900869369507,0.9999032020568848,0.7268693447113037,0.8177629113197327,-0.18183885514736176,0.9856420755386353,0.3250783085823059,0.8234767913818359,-0.179352805018425,0.9930087327957153,0.6893090605735779,1.0590167045593262,-0.4653851389884949,0.8520355224609375,0.36558371782302856,1.0644478797912598,-0.4649224877357483,0.8587380051612854,0.6975567936897278,1.165162205696106,-0.5510727763175964,0.7920106053352356,0.3486669659614563,1.1610490083694458,-0.5479230284690857,0.7885399460792542,0.6724275350570679,1.1403664350509644,-0.6087685227394104,0.8062635660171509,0.37857574224472046,1.1325314044952393,-0.6109620332717896,0.8025791049003601,0.6654250025749207,1.085715413093567,-0.49792951345443726,0.8044822216033936,0.3868139088153839,1.0866248607635498,-0.4969433546066284,0.8163096904754639,0.6181479096412659,1.1379755735397339,-0.04225873574614525,0.45573511719703674,0.4524751901626587,1.140151023864746,0.04373631253838539,0.5220722556114197,0.6065991520881653,1.5940262079238892,0.1623176485300064,0.0037611841689795256,0.44610846042633057,1.6007447242736816,0.1989351511001587,0.0030427523888647556,0.5978564620018005,2.002751588821411,0.6908057928085327,0.001138217281550169,0.4433002471923828,2.015601396560669,0.6368321180343628,0.0006877161795273423,0.5991342067718506,2.061846971511841,0.7237587571144104,0.0009776727529242635,0.4431214928627014,2.072672128677368,0.668978214263916,0.001699500484392047,0.5782696008682251,2.1363625526428223,0.36134642362594604,0.0005515074008144438,0.46032586693763733,2.153546094894409,0.26543307304382324,0.001589480321854353,nan,nan,nan,nan,nan,nan,nan,nan,nan,nan,nan,nan,nan,nan,nan,nan,nan,nan,nan,nan,nan,nan,nan,nan,nan,nan,nan,nan,nan,nan,nan,nan,nan,nan,nan,nan,nan,nan,nan,nan,nan,nan,nan,nan,nan,nan,nan,nan,nan,nan,nan,nan,nan,nan,nan,nan,nan,nan,nan,nan,nan,nan,nan,nan,nan,nan,nan,nan,nan,nan,nan,nan,nan,nan,nan,nan,nan,nan,nan,nan,nan,nan,nan,nan,nan,nan,nan,nan,nan,nan,nan,nan,nan,nan,nan,nan,nan,nan,nan,nan,nan,nan,nan,nan,nan,nan,nan,nan,nan,nan,nan,nan,nan,nan,nan,nan,nan,nan,nan,nan,nan,nan,nan,nan,nan,nan
51,51,1,0,0,1.0,0.0,0.0,0.5180405378341675,0.3036644756793976,-0.6999831795692444,0.9998459815979004,0.5329160094261169,0.26553264260292053,-0.6602650284767151,0.9996814131736755,0.5432440042495728,0.2652352452278137,-0.6603637933731079,0.9996721744537354,0.5505577325820923,0.26478153467178345,-0.6604352593421936,0.9996573328971863,0.5044479370117188,0.26617541909217834,-0.6627888679504395,0.9997198581695557,0.4962523877620697,0.26604703068733215,-0.6626136302947998,0.9997493028640747,0.48776155710220337,0.26703453063964844,-0.6629727482795715,0.9997586011886597,0.5647778511047363,0.28410112857818604,-0.39048776030540466,0.9995186924934387,0.4812179207801819,0.289308100938797,-0.39171934127807617,0.9998043179512024,0.5394452214241028,0.3475385904312134,-0.6008892059326172,0.9999472498893738,0.5031603574752808,0.34926021099090576,-0.6008450388908386,0.9999570250511169,0.6541930437088013,0.5404404997825623,-0.24033819139003754,0.999828040599823,0.3975786864757538,0.556523859500885,-0.24525941908359528,0.9998856782913208,0.7253729104995728,0.8232588171958923,-0.1841886341571808,0.9811220765113831,0.3274533152580261,0.8342542052268982,-0.19111984968185425,0.9886071085929871,0.6958814263343811,1.0768505334854126,-0.45678913593292236,0.8065686821937561,0.35723236203193665,1.0935642719268799,-0.45777350664138794,0.8105345964431763,0.7071654200553894,1.1803449392318726,-0.5394223928451538,0.7394010424613953,0.33732807636260986,1.203750491142273,-0.5355536341667175,0.7348639369010925,0.6804503798484802,1.1591808795928955,-0.5946983695030212,0.7583588361740112,0.36474108695983887,1.1718699932098389,-0.6009451150894165,0.7520633339881897,0.6723769307136536,1.1025763750076294,-0.48877477645874023,0.7576655745506287,0.3766801655292511,1.116475224494934,-0.49095022678375244,0.7687187790870667,0.618179976940155,1.1427998542785645,-0.04009144380688667,0.41641879081726074,0.45073527097702026,1.1456965208053589,0.041660863906145096,0.47669610381126404,0.6066949963569641,1.6076446771621704,0.14947448670864105,0.003508363850414753,0.44544118642807007,1.6176421642303467,0.18582653999328613,0.0028213965706527233,0.5962082147598267,2.0234408378601074,0.650154173374176,0.0010855423752218485,0.4401913583278656,2.037966728210449,0.5993375778198242,0.0006421128637157381,0.5977069735527039,2.0839812755584717,0.680433452129364,0.0009142367634922266,0.43935471773147583,2.096824884414673,0.629214882850647,0.0015843085711821914,0.5748254060745239,2.1601643562316895,0.3210996985435486,0.0005342236254364252,0.4581723213195801,2.1787683963775635,0.23006831109523773,0.001486213761381805,nan,nan,nan,nan,nan,nan,nan,nan,nan,nan,nan,nan,nan,nan,nan,nan,nan,nan,nan,nan,nan,nan,nan,nan,nan,nan,nan,nan,nan,nan,nan,nan,nan,nan,nan,nan,nan,nan,nan,nan,nan,nan,nan,nan,nan,nan,nan,nan,nan,nan,nan,nan,nan,nan,nan,nan,nan,nan,nan,nan,nan,nan,nan,nan,nan,nan,nan,nan,nan,nan,nan,nan,nan,nan,nan,nan,nan,nan,nan,nan,nan,nan,nan,nan,nan,nan,nan,nan,nan,nan,nan,nan,nan,nan,nan,nan,nan,nan,nan,nan,nan,nan,nan,nan,nan,nan,nan,nan,nan,nan,nan,nan,nan,nan,nan,nan,nan,nan,nan,nan,nan,nan,nan,nan,nan,nan
52,52,1,0,0,1.0,0.0,0.0,0.5180638432502747,0.30347347259521484,-0.7020450830459595,0.9998415112495422,0.5329288244247437,0.26533183455467224,-0.6637428402900696,0.9996687173843384,0.5432628393173218,0.26500803232192993,-0.6638100743293762,0.9996620416641235,0.5505857467651367,0.26447007060050964,-0.6638671159744263,0.9996449947357178,0.5044065117835999,0.26611822843551636,-0.6671018600463867,0.9997091293334961,0.49620485305786133,0.26602864265441895,-0.6668993830680847,0.9997410178184509,0.487697571516037,0.26700204610824585,-0.6672753095626831,0.9997484087944031,0.5647815465927124,0.2837274372577667,-0.39566370844841003,0.9995037317276001,0.48099851608276367,0.2892982065677643,-0.4003787636756897,0.9997982382774353,0.5395202040672302,0.34722083806991577,-0.603370189666748,0.9999439716339111,0.5030966997146606,0.3491577208042145,-0.6041997671127319,0.9999544024467468,0.6541613340377808,0.5402997732162476,-0.23876023292541504,0.9998169541358948,0.39746153354644775,0.5566765069961548,-0.25741520524024963,0.9998795986175537,0.7234269976615906,0.8328996300697327,-0.17676815390586853,0.9790562391281128,0.33057478070259094,0.8419952392578125,-0.2034614086151123,0.986767590045929,0.70111083984375,1.099125623703003,-0.4421158730983734,0.7724177241325378,0.348113477230072,1.1147923469543457,-0.48420774936676025,0.7884950637817383,0.7124210596084595,1.203026294708252,-0.522336483001709,0.6971479654312134,0.3269640803337097,1.2144708633422852,-0.561244547367096,0.7045972347259521,0.6876081824302673,1.1752268075942993,-0.5798392295837402,0.7205834984779358,0.3552914559841156,1.187389850616455,-0.628746509552002,0.7240794897079468,0.6891511678695679,1.1299971342086792,-0.4749148190021515,0.7220543026924133,0.36742281913757324,1.1407313346862793,-0.5179420709609985,0.7443832755088806,0.6181851029396057,1.1102696657180786,-0.039537545293569565,0.3865412175655365,0.44933199882507324,1.1471670866012573,0.04137352481484413,0.4425276815891266,0.6073311567306519,1.6089221239089966,0.12632547318935394,0.0032721597235649824,0.4454560875892639,1.620941162109375,0.16847433149814606,0.0026178418193012476,0.598470151424408,2.0273687839508057,0.6474752426147461,0.0010377521393820643,0.43978771567344666,2.0464868545532227,0.5556555986404419,0.0006066770292818546,0.6002734303474426,2.086576461791992,0.679043710231781,0.0008676454890519381,0.4381764829158783,2.1067521572113037,0.5818225145339966,0.001480445615015924,0.5770449042320251,2.1691460609436035,0.30405253171920776,0.0005168694187887013,0.4589466154575348,2.1886372566223145,0.1769191324710846,0.0013911074493080378,nan,nan,nan,nan,nan,nan,nan,nan,nan,nan,nan,nan,nan,nan,nan,nan,nan,nan,nan,nan,nan,nan,nan,nan,nan,nan,nan,nan,nan,nan,nan,nan,nan,nan,nan,nan,nan,nan,nan,nan,nan,nan,nan,nan,nan,nan,nan,nan,nan,nan,nan,nan,nan,nan,nan,nan,nan,nan,nan,nan,nan,nan,nan,nan,nan,nan,nan,nan,nan,nan,nan,nan,nan,nan,nan,nan,nan,nan,nan,nan,nan,nan,nan,nan,nan,nan,nan,nan,nan,nan,nan,nan,nan,nan,nan,nan,nan,nan,nan,nan,nan,nan,nan,nan,nan,nan,nan,nan,nan,nan,nan,nan,nan,nan,nan,nan,nan,nan,nan,nan,nan,nan,nan,nan,nan,nan
53,53,1,0,0,1.0,0.0,0.0,0.5180754065513611,0.30311888456344604,-0.7645438313484192,0.9998435974121094,0.5329282879829407,0.264888733625412,-0.7257238626480103,0.9996680617332458,0.5432676076889038,0.26455479860305786,-0.7257996201515198,0.9996663331985474,0.5505952835083008,0.2638789117336273,-0.7259010076522827,0.9996458292007446,0.5042919516563416,0.26589953899383545,-0.7284138202667236,0.9997087717056274,0.49607428908348083,0.26593467593193054,-0.7282347083091736,0.9997429847717285,0.487554669380188,0.2669559121131897,-0.7286096215248108,0.9997465014457703,0.5647784471511841,0.2830654978752136,-0.44920647144317627,0.9995070099830627,0.48068761825561523,0.2892884910106659,-0.4507654011249542,0.9997986555099487,0.5396177768707275,0.3467956483364105,-0.6621551513671875,0.9999427795410156,0.5030527710914612,0.3489423394203186,-0.6622338891029358,0.9999530911445618,0.6541126370429993,0.5400950908660889,-0.2747541666030884,0.9998051524162292,0.3974643647670746,0.5572300553321838,-0.2902977466583252,0.9998736381530762,0.7209211587905884,0.8439643979072571,-0.18282359838485718,0.974632203578949,0.33262118697166443,0.8512320518493652,-0.21754901111125946,0.9839741587638855,0.7048866748809814,1.1252398490905762,-0.46524539589881897,0.7274522185325623,0.34047237038612366,1.1493096351623535,-0.49803876876831055,0.7547810077667236,0.7158823609352112,1.2229467630386353,-0.5430781245231628,0.6483448147773743,0.3215788006782532,1.2560338973999023,-0.5733144283294678,0.663773775100708,0.6920455694198608,1.2077823877334595,-0.6032676100730896,0.6757335662841797,0.35756614804267883,1.2343318462371826,-0.6436197757720947,0.685703694820404,0.6998358964920044,1.1678245067596436,-0.4990132749080658,0.678028404712677,0.3657997250556946,1.1975445747375488,-0.5327461957931519,0.7086983323097229,0.6193487644195557,1.1382099390029907,-0.03813706710934639,0.3547969162464142,0.44942334294319153,1.1564297676086426,0.039950136095285416,0.40661630034446716,0.6108412742614746,1.6232293844223022,0.09588097780942917,0.0030678152106702328,0.4467121958732605,1.6389657258987427,0.1701030135154724,0.0024335929192602634,0.6046233773231506,2.0450518131256104,0.5937265157699585,0.000992445508018136,0.4409281313419342,2.0707428455352783,0.5696379542350769,0.0005709341494366527,0.6087269186973572,2.105794906616211,0.621501088142395,0.0008212676038965583,0.4398767352104187,2.1343321800231934,0.5973935723304749,0.001382756745442748,0.5789857506752014,2.190654993057251,0.23557275533676147,0.0004985989071428776,0.4608410596847534,2.2139246463775635,0.18677178025245667,0.0013003108324483037,nan,nan,nan,nan,nan,nan,nan,nan,nan,nan,nan,nan,nan,nan,nan,nan,nan,nan,nan,nan,nan,nan,nan,nan,nan,nan,nan,nan,nan,nan,nan,nan,nan,nan,nan,nan,nan,nan,nan,nan,nan,nan,nan,nan,nan,nan,nan,nan,nan,nan,nan,nan,nan,nan,nan,nan,nan,nan,nan,nan,nan,nan,nan,nan,nan,nan,nan,nan,nan,nan,nan,nan,nan,nan,nan,nan,nan,nan,nan,nan,nan,nan,nan,nan,nan,nan,nan,nan,nan,nan,nan,nan,nan,nan,nan,nan,nan,nan,nan,nan,nan,nan,nan,nan,nan,nan,nan,nan,nan,nan,nan,nan,nan,nan,nan,nan,nan,nan,nan,nan,nan,nan,nan,nan,nan,nan
54,54,1,0,0,1.0,0.0,0.0,0.5174052715301514,0.3023238480091095,-0.736370861530304,0.9998408555984497,0.5322735905647278,0.2642141580581665,-0.6970952153205872,0.9996545910835266,0.5426677465438843,0.2639809846878052,-0.6971971988677979,0.9996563792228699,0.5504177212715149,0.2632681727409363,-0.6972906589508057,0.9996331930160522,0.5035653710365295,0.2654280662536621,-0.6989808678627014,0.9996955990791321,0.4952268898487091,0.26569390296936035,-0.6987958550453186,0.9997325539588928,0.48694562911987305,0.2667825520038605,-0.6991810202598572,0.9997330904006958,0.5644839406013489,0.2825573682785034,-0.4245513379573822,0.9994853734970093,0.4802573323249817,0.2891581058502197,-0.42242300510406494,0.9997876882553101,0.5392942428588867,0.3457159698009491,-0.6359490752220154,0.9999393224716187,0.5021232962608337,0.3478628396987915,-0.6350733041763306,0.9999497532844543,0.6540300846099854,0.5398733615875244,-0.26044580340385437,0.9997895956039429,0.39723142981529236,0.5582111477851868,-0.2680509090423584,0.9998631477355957,0.7177390456199646,0.8473993539810181,-0.1889156699180603,0.9669786095619202,0.33465778827667236,0.8605801463127136,-0.21267488598823547,0.9791874289512634,0.7083703279495239,1.1241637468338013,-0.47317254543304443,0.6832311153411865,0.3374464511871338,1.153977632522583,-0.4845351278781891,0.7215431332588196,0.7193440198898315,1.2262839078903198,-0.5541754961013794,0.6029766201972961,0.32021504640579224,1.2575948238372803,-0.5614405870437622,0.625662624835968,0.6958858370780945,1.2135621309280396,-0.614412248134613,0.6341426968574524,0.34927546977996826,1.2448430061340332,-0.6340233087539673,0.6505514979362488,0.7059702277183533,1.1738404035568237,-0.5078880786895752,0.6372035145759583,0.36283430457115173,1.2075626850128174,-0.5210568904876709,0.6757038831710815,0.619327187538147,1.1126025915145874,-0.038120925426483154,0.32410645484924316,0.44951963424682617,1.164534091949463,0.040004752576351166,0.3716833293437958,0.617488443851471,1.6294679641723633,0.09407836198806763,0.0028378237038850784,0.4516894519329071,1.6501762866973877,0.17032980918884277,0.0022345981560647488,0.614837646484375,2.0535011291503906,0.5902372002601624,0.000924818916246295,0.4477408230304718,2.082219123840332,0.5765259861946106,0.0005261597107164562,0.6200741529464722,2.115797519683838,0.6177573800086975,0.0007612043409608305,0.44642508029937744,2.1470165252685547,0.6053812503814697,0.0012688899878412485,0.5878562331199646,2.199364423751831,0.2359328418970108,0.00046879853471182287,0.4689919650554657,2.223663568496704,0.19564884901046753,0.001200643484480679,nan,nan,nan,nan,nan,nan,nan,nan,nan,nan,nan,nan,nan,nan,nan,nan,nan,nan,nan,nan,nan,nan,nan,nan,nan,nan,nan,nan,nan,nan,nan,nan,nan,nan,nan,nan,nan,nan,nan,nan,nan,nan,nan,nan,nan,nan,nan,nan,nan,nan,nan,nan,nan,nan,nan,nan,nan,nan,nan,nan,nan,nan,nan,nan,nan,nan,nan,nan,nan,nan,nan,nan,nan,nan,nan,nan,nan,nan,nan,nan,nan,nan,nan,nan,nan,nan,nan,nan,nan,nan,nan,nan,nan,nan,nan,nan,nan,nan,nan,nan,nan,nan,nan,nan,nan,nan,nan,nan,nan,nan,nan,nan,nan,nan,nan,nan,nan,nan,nan,nan,nan,nan,nan,nan,nan,nan
55,55,1,0,0,1.0,0.0,0.0,0.5170344710350037,0.3013123571872711,-0.7467473149299622,0.9998393654823303,0.5318613052368164,0.26353880763053894,-0.7085298895835876,0.9996439218521118,0.5422913432121277,0.26344168186187744,-0.7086080312728882,0.9996514916419983,0.5502971410751343,0.26275476813316345,-0.7087602019309998,0.9996258020401001,0.5030822157859802,0.26475632190704346,-0.7090067267417908,0.9996845722198486,0.49469637870788574,0.26527518033981323,-0.7088297605514526,0.9997247457504272,0.4865120053291321,0.26643526554107666,-0.7092046141624451,0.9997215270996094,0.564224898815155,0.2822616398334503,-0.441578209400177,0.9994748830795288,0.47985246777534485,0.2889421284198761,-0.4325096905231476,0.9997764229774475,0.5390690565109253,0.3445287048816681,-0.6483630537986755,0.9999368786811829,0.5014693140983582,0.3465580344200134,-0.6454926133155823,0.9999468326568604,0.6540022492408752,0.5397471785545349,-0.2816701829433441,0.9997739195823669,0.39668628573417664,0.5599097609519958,-0.27768152952194214,0.9998542666435242,0.7159227728843689,0.8585564494132996,-0.20977701246738434,0.9620460271835327,0.3368661105632782,0.8669638633728027,-0.2151564657688141,0.9747878909111023,0.7104592323303223,1.1367837190628052,-0.48872488737106323,0.6394883990287781,0.33618661761283875,1.1629427671432495,-0.48359712958335876,0.686116635799408,0.7235089540481567,1.2437783479690552,-0.5693512558937073,0.5578429102897644,0.3185315728187561,1.2673230171203613,-0.5579386949539185,0.5860856771469116,0.7158454060554504,1.2547647953033447,-0.6291695237159729,0.5913964509963989,0.35069218277931213,1.2537627220153809,-0.6315057873725891,0.6128374338150024,0.7088308334350586,1.2188947200775146,-0.5229740738868713,0.5953722596168518,0.36051440238952637,1.2186176776885986,-0.5203243494033813,0.6398799419403076,0.6224320530891418,1.143359899520874,-0.038191523402929306,0.2984383702278137,0.45023679733276367,1.1682075262069702,0.04010513052344322,0.34270575642585754,0.6223263740539551,1.6359654664993286,0.0819140300154686,0.0026634568348526955,0.4556106925010681,1.6549296379089355,0.1762436330318451,0.0020778318867087364,0.6222245097160339,2.062365770339966,0.5711658000946045,0.0008698012097738683,0.45411622524261475,2.089503049850464,0.5874969363212585,0.0004902493092231452,0.6280231475830078,2.1265954971313477,0.5986654758453369,0.0007142117829062045,0.4520473778247833,2.1568665504455566,0.6168214082717896,0.001176644815132022,0.5952491760253906,2.2101850509643555,0.22270163893699646,0.00044350698590278625,0.47686728835105896,2.2318944931030273,0.21129213273525238,0.0011116788955405354,nan,nan,nan,nan,nan,nan,nan,nan,nan,nan,nan,nan,nan,nan,nan,nan,nan,nan,nan,nan,nan,nan,nan,nan,nan,nan,nan,nan,nan,nan,nan,nan,nan,nan,nan,nan,nan,nan,nan,nan,nan,nan,nan,nan,nan,nan,nan,nan,nan,nan,nan,nan,nan,nan,nan,nan,nan,nan,nan,nan,nan,nan,nan,nan,nan,nan,nan,nan,nan,nan,nan,nan,nan,nan,nan,nan,nan,nan,nan,nan,nan,nan,nan,nan,nan,nan,nan,nan,nan,nan,nan,nan,nan,nan,nan,nan,nan,nan,nan,nan,nan,nan,nan,nan,nan,nan,nan,nan,nan,nan,nan,nan,nan,nan,nan,nan,nan,nan,nan,nan,nan,nan,nan,nan,nan,nan
56,56,1,0,0,1.0,0.0,0.0,0.5168074369430542,0.3007657527923584,-0.736492395401001,0.9998397827148438,0.5316803455352783,0.2628762125968933,-0.698479950428009,0.9996364116668701,0.5421701073646545,0.26279714703559875,-0.698559582233429,0.9996500611305237,0.5502570867538452,0.26207923889160156,-0.6986875534057617,0.9996208548545837,0.5027236342430115,0.26433148980140686,-0.6989359855651855,0.999674379825592,0.49429449439048767,0.26504912972450256,-0.6987465620040894,0.9997179508209229,0.48612433671951294,0.2662597596645355,-0.6991316080093384,0.9997095465660095,0.5640937685966492,0.2818324565887451,-0.4328458905220032,0.9994690418243408,0.479398250579834,0.288743793964386,-0.4239504635334015,0.9997658729553223,0.538989782333374,0.34367409348487854,-0.6384354829788208,0.9999346137046814,0.501073956489563,0.3457504212856293,-0.635621190071106,0.9999439120292664,0.6539656519889832,0.5404692888259888,-0.268910676240921,0.9997575283050537,0.39622414112091064,0.5595341324806213,-0.2730045020580292,0.9998419880867004,0.7132313251495361,0.8731313347816467,-0.20346610248088837,0.9555851221084595,0.338872492313385,0.8671076893806458,-0.2132633626461029,0.9682511687278748,0.7116944193840027,1.1473324298858643,-0.46347475051879883,0.6020009517669678,0.33591338992118835,1.1587910652160645,-0.47777658700942993,0.6558987498283386,0.7249516844749451,1.2619197368621826,-0.5416079759597778,0.5198472142219543,0.31698742508888245,1.2603293657302856,-0.5532019138336182,0.5535658001899719,0.719392716884613,1.2610341310501099,-0.6041979193687439,0.5564699769020081,0.34511974453926086,1.2458552122116089,-0.628361165523529,0.5826941132545471,0.7082822322845459,1.2253832817077637,-0.4989551603794098,0.5611644387245178,0.3572477698326111,1.2044270038604736,-0.5155252814292908,0.611090362071991,0.6222074627876282,1.1580736637115479,-0.03787604719400406,0.2741529643535614,0.4486524760723114,1.1701900959014893,0.039717577397823334,0.31479546427726746,0.62086021900177,1.6408740282058716,0.08374116569757462,0.00249712192453444,0.4539458751678467,1.6556158065795898,0.17517688870429993,0.0019241338595747948,0.6189479827880859,2.0663552284240723,0.5671636462211609,0.0008189189247786999,0.45020386576652527,2.0900044441223145,0.5806624293327332,0.00045422196853905916,0.6248067021369934,2.131056070327759,0.594287633895874,0.00067323655821383,0.44758522510528564,2.158425807952881,0.6096214056015015,0.0010863144416362047,0.5902336835861206,2.2136781215667725,0.22415120899677277,0.000420873227994889,0.47251206636428833,2.230992317199707,0.20752118527889252,0.0010286243632435799,nan,nan,nan,nan,nan,nan,nan,nan,nan,nan,nan,nan,nan,nan,nan,nan,nan,nan,nan,nan,nan,nan,nan,nan,nan,nan,nan,nan,nan,nan,nan,nan,nan,nan,nan,nan,nan,nan,nan,nan,nan,nan,nan,nan,nan,nan,nan,nan,nan,nan,nan,nan,nan,nan,nan,nan,nan,nan,nan,nan,nan,nan,nan,nan,nan,nan,nan,nan,nan,nan,nan,nan,nan,nan,nan,nan,nan,nan,nan,nan,nan,nan,nan,nan,nan,nan,nan,nan,nan,nan,nan,nan,nan,nan,nan,nan,nan,nan,nan,nan,nan,nan,nan,nan,nan,nan,nan,nan,nan,nan,nan,nan,nan,nan,nan,nan,nan,nan,nan,nan,nan,nan,nan,nan,nan,nan
57,57,1,0,0,1.0,0.0,0.0,0.5168090462684631,0.30035510659217834,-0.7268467545509338,0.9998387098312378,0.531694233417511,0.26224827766418457,-0.6877515316009521,0.9996276497840881,0.5422121286392212,0.26224467158317566,-0.6878522634506226,0.9996464848518372,0.5502765774726868,0.26159200072288513,-0.6879529356956482,0.9996123313903809,0.5026857256889343,0.263609915971756,-0.6890032887458801,0.9996634125709534,0.4942590594291687,0.2644534707069397,-0.6888246536254883,0.9997110962867737,0.4860231578350067,0.2656848132610321,-0.6892131567001343,0.999697208404541,0.5640950202941895,0.2815728485584259,-0.4183656573295593,0.9994533658027649,0.4791571795940399,0.2882186770439148,-0.41404610872268677,0.9997562766075134,0.5389885306358337,0.34319713711738586,-0.6276085376739502,0.9999309182167053,0.5009392499923706,0.34514209628105164,-0.6261492967605591,0.9999405145645142,0.6540247201919556,0.5416441559791565,-0.25500279664993286,0.9997370839118958,0.395924836397171,0.5596937537193298,-0.2633470296859741,0.9998222589492798,0.7118645310401917,0.8711886405944824,-0.18460530042648315,0.9469467997550964,0.34156230092048645,0.8694141507148743,-0.2115001678466797,0.962235152721405,0.7131438255310059,1.1356761455535889,-0.46386757493019104,0.5748093724250793,0.33729109168052673,1.1492232084274292,-0.49174371361732483,0.6333323121070862,0.7263520956039429,1.238236665725708,-0.5455328822135925,0.49069663882255554,0.32019057869911194,1.2380058765411377,-0.5704761743545532,0.5273303389549255,0.7128058671951294,1.2256746292114258,-0.6080463528633118,0.530600368976593,0.3487650454044342,1.224593162536621,-0.6440615057945251,0.558870792388916,0.7122854590415955,1.1860597133636475,-0.5000523328781128,0.5360780954360962,0.3590528666973114,1.1892203092575073,-0.5291332006454468,0.5887559056282043,0.6230171918869019,1.1611799001693726,-0.036982402205467224,0.25325754284858704,0.44873830676078796,1.1726469993591309,0.03892485797405243,0.29052576422691345,0.6215834021568298,1.6391862630844116,0.08511219918727875,0.0023671656381338835,0.454424113035202,1.655041217803955,0.16058729588985443,0.0017922938568517566,0.6190762519836426,2.063709020614624,0.5717470645904541,0.0007803679327480495,0.45039671659469604,2.088097333908081,0.5546136498451233,0.0004239952831994742,0.6245236396789551,2.1286580562591553,0.5987382531166077,0.0006466079503297806,0.4477895200252533,2.1571013927459717,0.5820208787918091,0.001010358682833612,0.590836763381958,2.210092782974243,0.23559388518333435,0.00040192462620325387,0.47280314564704895,2.2261955738067627,0.1824651062488556,0.00095938122831285,nan,nan,nan,nan,nan,nan,nan,nan,nan,nan,nan,nan,nan,nan,nan,nan,nan,nan,nan,nan,nan,nan,nan,nan,nan,nan,nan,nan,nan,nan,nan,nan,nan,nan,nan,nan,nan,nan,nan,nan,nan,nan,nan,nan,nan,nan,nan,nan,nan,nan,nan,nan,nan,nan,nan,nan,nan,nan,nan,nan,nan,nan,nan,nan,nan,nan,nan,nan,nan,nan,nan,nan,nan,nan,nan,nan,nan,nan,nan,nan,nan,nan,nan,nan,nan,nan,nan,nan,nan,nan,nan,nan,nan,nan,nan,nan,nan,nan,nan,nan,nan,nan,nan,nan,nan,nan,nan,nan,nan,nan,nan,nan,nan,nan,nan,nan,nan,nan,nan,nan,nan,nan,nan,nan,nan,nan
58,58,1,0,0,1.0,0.0,0.0,0.516942024230957,0.2999941110610962,-0.741388201713562,0.9998435974121094,0.5318942666053772,0.2616766095161438,-0.6991124749183655,0.9996337294578552,0.5424730181694031,0.26175299286842346,-0.6992551684379578,0.999656081199646,0.5503728985786438,0.26120641827583313,-0.6993574500083923,0.9996195435523987,0.502698540687561,0.26276952028274536,-0.7021527290344238,0.9996671080589294,0.4942810535430908,0.2636907696723938,-0.7019475698471069,0.9997163414955139,0.4860183000564575,0.26492494344711304,-0.7023511528968811,0.9996981620788574,0.5641260147094727,0.281363308429718,-0.42242735624313354,0.9994611144065857,0.47905412316322327,0.2875681221485138,-0.4257998466491699,0.9997565150260925,0.5390516519546509,0.34279096126556396,-0.6403264999389648,0.9999309778213501,0.5009347200393677,0.34455353021621704,-0.6410377025604248,0.9999400973320007,0.6541585326194763,0.5423503518104553,-0.2553403377532959,0.9997316598892212,0.39571139216423035,0.5606931447982788,-0.27834194898605347,0.9998096227645874,0.712185263633728,0.8712186217308044,-0.1878494918346405,0.9421679377555847,0.3432384729385376,0.8791801333427429,-0.2273762822151184,0.9570323824882507,0.7148865461349487,1.1443791389465332,-0.4738825857639313,0.5497499108314514,0.3367612063884735,1.1749910116195679,-0.5050495266914368,0.6076902747154236,0.7280269265174866,1.246381402015686,-0.5561370253562927,0.4626331627368927,0.32248833775520325,1.2656476497650146,-0.5856226086616516,0.4991208016872406,0.725063145160675,1.2334270477294922,-0.6171994805335999,0.505574107170105,0.34806984663009644,1.2589255571365356,-0.6535931825637817,0.5322620868682861,0.7147216796875,1.1986899375915527,-0.5093897581100464,0.5110962390899658,0.35755541920661926,1.2237582206726074,-0.5352264046669006,0.5633860230445862,0.6241700649261475,1.1658011674880981,-0.03646036237478256,0.23350723087787628,0.44886356592178345,1.1771178245544434,0.0384678989648819,0.2672645151615143,0.6214876174926758,1.6446928977966309,0.08746983110904694,0.0022987902630120516,0.45444074273109436,1.6613444089889526,0.16065241396427155,0.00169315654784441,0.6188793182373047,2.0696074962615967,0.573180079460144,0.0007741773733869195,0.45022842288017273,2.0958781242370605,0.5568386912345886,0.0004074651806149632,0.6241921186447144,2.1355228424072266,0.5997740626335144,0.0006387123721651733,0.4473811388015747,2.1660263538360596,0.5842516422271729,0.0009607868851162493,0.5908937454223633,2.215912103652954,0.23595719039440155,0.000402708858018741,0.4730222821235657,2.2331032752990723,0.18310531973838806,0.000918269797693938,nan,nan,nan,nan,nan,nan,nan,nan,nan,nan,nan,nan,nan,nan,nan,nan,nan,nan,nan,nan,nan,nan,nan,nan,nan,nan,nan,nan,nan,nan,nan,nan,nan,nan,nan,nan,nan,nan,nan,nan,nan,nan,nan,nan,nan,nan,nan,nan,nan,nan,nan,nan,nan,nan,nan,nan,nan,nan,nan,nan,nan,nan,nan,nan,nan,nan,nan,nan,nan,nan,nan,nan,nan,nan,nan,nan,nan,nan,nan,nan,nan,nan,nan,nan,nan,nan,nan,nan,nan,nan,nan,nan,nan,nan,nan,nan,nan,nan,nan,nan,nan,nan,nan,nan,nan,nan,nan,nan,nan,nan,nan,nan,nan,nan,nan,nan,nan,nan,nan,nan,nan,nan,nan,nan,nan,nan
59,59,1,0,0,1.0,0.0,0.0,0.5170450210571289,0.2996291220188141,-0.74090975522995,0.9998438358306885,0.5320488214492798,0.2610524892807007,-0.6947611570358276,0.9996291995048523,0.5426717400550842,0.2611597180366516,-0.6949926614761353,0.9996563792228699,0.5504564642906189,0.2607007920742035,-0.6950525045394897,0.999615490436554,0.5027104020118713,0.2620910108089447,-0.7012523412704468,0.9996613264083862,0.49429482221603394,0.26310816407203674,-0.7011569142341614,0.9997140169143677,0.4860096871852875,0.2643696367740631,-0.7014127373695374,0.9996901154518127,0.5641908049583435,0.28100043535232544,-0.40765640139579773,0.9994570016860962,0.4789760112762451,0.28701043128967285,-0.4241616129875183,0.9997519254684448,0.539109468460083,0.342366486787796,-0.6343825459480286,0.9999288320541382,0.5009326934814453,0.34405967593193054,-0.6406519412994385,0.9999378323554993,0.6541455984115601,0.542194128036499,-0.22931918501853943,0.9997252821922302,0.3957456350326538,0.5605083107948303,-0.2687595784664154,0.999797523021698,0.7124068140983582,0.8683894872665405,-0.15131479501724243,0.9399054050445557,0.3456377685070038,0.8766730427742004,-0.2230612188577652,0.9531868696212769,0.7151428461074829,1.1359325647354126,-0.4381723999977112,0.5360656976699829,0.33736175298690796,1.1623625755310059,-0.5014090538024902,0.5920127630233765,0.7272225022315979,1.234357237815857,-0.5198459029197693,0.4450903534889221,0.3211108446121216,1.2644294500350952,-0.5818053483963013,0.48199158906936646,0.7234674096107483,1.2183910608291626,-0.5847481489181519,0.49103519320487976,0.3453877568244934,1.2439252138137817,-0.6579586863517761,0.5163618922233582,0.7136105895042419,1.1792365312576294,-0.47533318400382996,0.49684059619903564,0.3579365611076355,1.204211711883545,-0.5384079217910767,0.5493977665901184,0.6240398287773132,1.163098931312561,-0.03148789331316948,0.22020065784454346,0.44879111647605896,1.1742866039276123,0.033576756715774536,0.25088030099868774,0.6205394268035889,1.6399366855621338,0.08965076506137848,0.002247188240289688,0.45273420214653015,1.6558010578155518,0.1579972803592682,0.0016086153918877244,0.6167559027671814,2.063062906265259,0.5725510716438293,0.0007793754921294749,0.44726699590682983,2.0873606204986572,0.5550966262817383,0.0004023824294563383,0.621423602104187,2.1279125213623047,0.5984823703765869,0.000644372368697077,0.4441765248775482,2.155198097229004,0.58230060338974,0.00093026616377756,0.589920163154602,2.20832896232605,0.23450948297977448,0.00041392227285541594,0.4700480103492737,2.2256619930267334,0.1811954230070114,0.0008941892301663756,nan,nan,nan,nan,nan,nan,nan,nan,nan,nan,nan,nan,nan,nan,nan,nan,nan,nan,nan,nan,nan,nan,nan,nan,nan,nan,nan,nan,nan,nan,nan,nan,nan,nan,nan,nan,nan,nan,nan,nan,nan,nan,nan,nan,nan,nan,nan,nan,nan,nan,nan,nan,nan,nan,nan,nan,nan,nan,nan,nan,nan,nan,nan,nan,nan,nan,nan,nan,nan,nan,nan,nan,nan,nan,nan,nan,nan,nan,nan,nan,nan,nan,nan,nan,nan,nan,nan,nan,nan,nan,nan,nan,nan,nan,nan,nan,nan,nan,nan,nan,nan,nan,nan,nan,nan,nan,nan,nan,nan,nan,nan,nan,nan,nan,nan,nan,nan,nan,nan,nan,nan,nan,nan,nan,nan,nan
60,60,1,0,0,1.0,0.0,0.0,0.5171481370925903,0.29961854219436646,-0.7141831517219543,0.9998457431793213,0.5321768522262573,0.2609313726425171,-0.6701676249504089,0.9996285438537598,0.5427989363670349,0.26101768016815186,-0.670397162437439,0.9996592998504639,0.5505008101463318,0.2605534493923187,-0.6704615950584412,0.9996150732040405,0.5027424097061157,0.26195961236953735,-0.6760508418083191,0.9996594786643982,0.49433910846710205,0.2629573941230774,-0.6758018732070923,0.999714732170105,0.48600760102272034,0.26418328285217285,-0.6761767268180847,0.9996864199638367,0.5642042756080627,0.2807646691799164,-0.3880212604999542,0.9994564652442932,0.47894805669784546,0.28672125935554504,-0.4022619128227234,0.9997519254684448,0.5391365885734558,0.3422420918941498,-0.6097242832183838,0.9999276399612427,0.500939130783081,0.34390103816986084,-0.6143938899040222,0.9999365210533142,0.6541343927383423,0.5415573716163635,-0.2115263044834137,0.9997212886810303,0.39576029777526855,0.5602374076843262,-0.2646324038505554,0.9997920989990234,0.7125680446624756,0.8672431111335754,-0.1420881450176239,0.9350947737693787,0.34632042050361633,0.8740338683128357,-0.21154248714447021,0.9502291083335876,0.7162013649940491,1.129331111907959,-0.43057093024253845,0.5169980525970459,0.33781054615974426,1.1555370092391968,-0.48774921894073486,0.577565610408783,0.7279011011123657,1.2275627851486206,-0.5112927556037903,0.4243175983428955,0.31998929381370544,1.255359411239624,-0.5668318271636963,0.46495434641838074,0.7189216017723083,1.2107458114624023,-0.5743070244789124,0.472791850566864,0.34679168462753296,1.2321398258209229,-0.6444305181503296,0.5008335709571838,0.7148973941802979,1.1685271263122559,-0.46708837151527405,0.4786032736301422,0.35889607667922974,1.1952084302902222,-0.5260788798332214,0.5349745750427246,0.6242494583129883,1.160203218460083,-0.030870141461491585,0.20358464121818542,0.4489198923110962,1.1723525524139404,0.03299836441874504,0.2315814048051834,0.6205271482467651,1.637265920639038,0.08961594849824905,0.0021497041452676058,0.4527214765548706,1.6524724960327148,0.1507864147424698,0.0015162172494456172,0.6166977882385254,2.0589098930358887,0.5612526535987854,0.0007580087403766811,0.4473860561847687,2.0825393199920654,0.5374568104743958,0.0003847809857688844,0.6212635040283203,2.1227946281433105,0.5862508416175842,0.0006270674639381468,0.44429680705070496,2.1494123935699463,0.5640150904655457,0.0008811583393253386,0.591013491153717,2.2035036087036133,0.22664056718349457,0.0004071148869115859,0.4705490171909332,2.220764636993408,0.1647646427154541,0.0008542540017515421,nan,nan,nan,nan,nan,nan,nan,nan,nan,nan,nan,nan,nan,nan,nan,nan,nan,nan,nan,nan,nan,nan,nan,nan,nan,nan,nan,nan,nan,nan,nan,nan,nan,nan,nan,nan,nan,nan,nan,nan,nan,nan,nan,nan,nan,nan,nan,nan,nan,nan,nan,nan,nan,nan,nan,nan,nan,nan,nan,nan,nan,nan,nan,nan,nan,nan,nan,nan,nan,nan,nan,nan,nan,nan,nan,nan,nan,nan,nan,nan,nan,nan,nan,nan,nan,nan,nan,nan,nan,nan,nan,nan,nan,nan,nan,nan,nan,nan,nan,nan,nan,nan,nan,nan,nan,nan,nan,nan,nan,nan,nan,nan,nan,nan,nan,nan,nan,nan,nan,nan,nan,nan,nan,nan,nan,nan
61,61,1,0,0,1.0,0.0,0.0,0.5172201991081238,0.2994130253791809,-0.7008270025253296,0.9998459219932556,0.5322797298431396,0.2606561779975891,-0.6578245162963867,0.9996240735054016,0.5429165959358215,0.26073411107063293,-0.6580266952514648,0.9996594786643982,0.5505558848381042,0.260295569896698,-0.6581012010574341,0.9996110796928406,0.5027616620063782,0.26168757677078247,-0.6633261442184448,0.9996543526649475,0.49436458945274353,0.2626989781856537,-0.6630532145500183,0.9997134208679199,0.4860028624534607,0.2638941705226898,-0.663469672203064,0.9996799826622009,0.5642425417900085,0.28057950735092163,-0.3786592185497284,0.9994528293609619,0.4788886606693268,0.2863684296607971,-0.39169853925704956,0.9997503161430359,0.5391683578491211,0.3418530225753784,-0.5980304479598999,0.9999257326126099,0.500938355922699,0.343424916267395,-0.6018024682998657,0.9999345541000366,0.6540508270263672,0.5405903458595276,-0.2063549906015396,0.9997161626815796,0.3957750201225281,0.5601235032081604,-0.2634998559951782,0.9997851848602295,0.7127406597137451,0.8634989261627197,-0.13988518714904785,0.9323208332061768,0.3466680645942688,0.8722749352455139,-0.21008487045764923,0.9466004371643066,0.7164701819419861,1.1280828714370728,-0.42048245668411255,0.49689045548439026,0.3381412923336029,1.1562001705169678,-0.48070454597473145,0.5610268712043762,0.7276473045349121,1.2256542444229126,-0.4992043673992157,0.4037998616695404,0.3202141225337982,1.2615818977355957,-0.5575573444366455,0.4477039575576782,0.7178505659103394,1.2095210552215576,-0.5608296990394592,0.454315185546875,0.3477475345134735,1.233579397201538,-0.6358888745307922,0.4845215082168579,0.7150198221206665,1.1637669801712036,-0.45624619722366333,0.46018916368484497,0.3595510721206665,1.1978614330291748,-0.5193566083908081,0.5201035737991333,0.6226650476455688,1.105993628501892,-0.029912151396274567,0.188473179936409,0.448745995759964,1.171355128288269,0.03205864876508713,0.2139211893081665,0.6202104687690735,1.6358685493469238,0.08732379972934723,0.0020598035771399736,0.4521724581718445,1.6507781744003296,0.14712342619895935,0.0014300927286967635,0.6158806085586548,2.056251287460327,0.5498657822608948,0.0007466266397386789,0.44727516174316406,2.079678535461426,0.5286170840263367,0.00037128827534615993,0.6201559901237488,2.1196577548980713,0.5740418434143066,0.0006152670248411596,0.4442178010940552,2.1459617614746094,0.55474454164505,0.0008417833596467972,0.5908753871917725,2.2005105018615723,0.2152797281742096,0.0004020721244160086,0.4707258343696594,2.217900276184082,0.15604138374328613,0.0008145642932504416,nan,nan,nan,nan,nan,nan,nan,nan,nan,nan,nan,nan,nan,nan,nan,nan,nan,nan,nan,nan,nan,nan,nan,nan,nan,nan,nan,nan,nan,nan,nan,nan,nan,nan,nan,nan,nan,nan,nan,nan,nan,nan,nan,nan,nan,nan,nan,nan,nan,nan,nan,nan,nan,nan,nan,nan,nan,nan,nan,nan,nan,nan,nan,nan,nan,nan,nan,nan,nan,nan,nan,nan,nan,nan,nan,nan,nan,nan,nan,nan,nan,nan,nan,nan,nan,nan,nan,nan,nan,nan,nan,nan,nan,nan,nan,nan,nan,nan,nan,nan,nan,nan,nan,nan,nan,nan,nan,nan,nan,nan,nan,nan,nan,nan,nan,nan,nan,nan,nan,nan,nan,nan,nan,nan,nan,nan
62,62,1,0,0,1.0,0.0,0.0,0.5172234773635864,0.29926279187202454,-0.6905563473701477,0.9998449683189392,0.5322859883308411,0.26041483879089355,-0.6485155820846558,0.9996156692504883,0.5429373383522034,0.2604926824569702,-0.648696780204773,0.9996584057807922,0.5505717396736145,0.2600680887699127,-0.6487913131713867,0.9996042251586914,0.5027443170547485,0.2614901661872864,-0.6521235704421997,0.9996433854103088,0.49435779452323914,0.26254671812057495,-0.6518682837486267,0.9997082352638245,0.48597484827041626,0.26373183727264404,-0.6522852778434753,0.9996668696403503,0.564298152923584,0.2804259955883026,-0.37395337224006653,0.9994438886642456,0.4788491129875183,0.2861754298210144,-0.37984222173690796,0.9997425675392151,0.5391727685928345,0.34161490201950073,-0.5899829268455505,0.9999228119850159,0.5009016990661621,0.3431168794631958,-0.5912899374961853,0.999931275844574,0.6540422439575195,0.5403425693511963,-0.2063887119293213,0.9997118711471558,0.39580073952674866,0.5600681900978088,-0.2512107491493225,0.9997764825820923,0.7129948735237122,0.863211989402771,-0.14725740253925323,0.9285725355148315,0.34667447209358215,0.8712586164474487,-0.19762931764125824,0.9424859881401062,0.7170565128326416,1.1263153553009033,-0.43349799513816833,0.47526857256889343,0.33834484219551086,1.154938817024231,-0.46087637543678284,0.5400499701499939,0.7281581163406372,1.2243945598602295,-0.5126867890357971,0.381976842880249,0.31973281502723694,1.2561140060424805,-0.5352175235748291,0.4257882237434387,0.7259384393692017,1.2087548971176147,-0.5731433629989624,0.43383774161338806,0.34867292642593384,1.229206919670105,-0.6113326549530029,0.4631368815898895,0.7159740924835205,1.1603691577911377,-0.4687534272670746,0.43935197591781616,0.35978227853775024,1.193826675415039,-0.4986729621887207,0.4993882477283478,0.6226406097412109,1.1311373710632324,-0.029903793707489967,0.17470422387123108,0.44844990968704224,1.1702971458435059,0.03205244243144989,0.19787773489952087,0.6193788051605225,1.6343950033187866,0.08786433935165405,0.0020157191902399063,0.45140665769577026,1.6491706371307373,0.14631295204162598,0.0013730769278481603,0.614895224571228,2.05521297454834,0.5485416650772095,0.0007475889287889004,0.4468785524368286,2.0783965587615967,0.5228923559188843,0.00036214804276824,0.6190758943557739,2.1191704273223877,0.5730196237564087,0.0006189214764162898,0.4437106251716614,2.145444631576538,0.5485400557518005,0.0008170338114723563,0.5902683138847351,2.19950795173645,0.2167874425649643,0.0004009700787719339,0.4708266258239746,2.215759038925171,0.15330365300178528,0.0007810595561750233,nan,nan,nan,nan,nan,nan,nan,nan,nan,nan,nan,nan,nan,nan,nan,nan,nan,nan,nan,nan,nan,nan,nan,nan,nan,nan,nan,nan,nan,nan,nan,nan,nan,nan,nan,nan,nan,nan,nan,nan,nan,nan,nan,nan,nan,nan,nan,nan,nan,nan,nan,nan,nan,nan,nan,nan,nan,nan,nan,nan,nan,nan,nan,nan,nan,nan,nan,nan,nan,nan,nan,nan,nan,nan,nan,nan,nan,nan,nan,nan,nan,nan,nan,nan,nan,nan,nan,nan,nan,nan,nan,nan,nan,nan,nan,nan,nan,nan,nan,nan,nan,nan,nan,nan,nan,nan,nan,nan,nan,nan,nan,nan,nan,nan,nan,nan,nan,nan,nan,nan,nan,nan,nan,nan,nan,nan
63,63,1,0,0,1.0,0.0,0.0,0.5172287821769714,0.29923415184020996,-0.6825847029685974,0.9998447299003601,0.5322924852371216,0.26024043560028076,-0.6419590711593628,0.999612033367157,0.5429497957229614,0.26028668880462646,-0.6421346068382263,0.9996578097343445,0.5505806803703308,0.2598448693752289,-0.6422256231307983,0.9996002316474915,0.5027316212654114,0.2613961696624756,-0.6447544693946838,0.9996394515037537,0.49435266852378845,0.2624816298484802,-0.644506573677063,0.9997065663337708,0.4859561026096344,0.26366734504699707,-0.6449235677719116,0.9996621608734131,0.5643367767333984,0.28023675084114075,-0.37138164043426514,0.9994419813156128,0.47882407903671265,0.28607311844825745,-0.3736136257648468,0.999742865562439,0.5391767621040344,0.3415347635746002,-0.5836665034294128,0.9999216198921204,0.500873327255249,0.3430737555027008,-0.5837361812591553,0.999930202960968,0.6540312170982361,0.5402953028678894,-0.20624114573001862,0.9997026324272156,0.39593735337257385,0.5598310232162476,-0.24359998106956482,0.9997716546058655,0.7132656574249268,0.8626836538314819,-0.1465025097131729,0.9263346791267395,0.3468460440635681,0.870505690574646,-0.19357509911060333,0.9409835934638977,0.7168000936508179,1.1272516250610352,-0.4274660646915436,0.46097925305366516,0.33890587091445923,1.151840090751648,-0.4611772894859314,0.5334463119506836,0.7276390790939331,1.2280957698822021,-0.5074114203453064,0.3673768639564514,0.3203563392162323,1.2519971132278442,-0.5363093614578247,0.417194664478302,0.7242515683174133,1.2046889066696167,-0.5674561858177185,0.4209630489349365,0.34882497787475586,1.2301528453826904,-0.6125891804695129,0.4556775987148285,0.7149298191070557,1.161463975906372,-0.46259480714797974,0.4273073971271515,0.36004936695098877,1.1898281574249268,-0.4991457760334015,0.49372610449790955,0.6226252913475037,1.143524169921875,-0.0298669021576643,0.1634664237499237,0.44844233989715576,1.1698253154754639,0.03201569989323616,0.18493394553661346,0.6193186044692993,1.6337227821350098,0.08259913325309753,0.0019338377751410007,0.4513552486896515,1.6485512256622314,0.14117282629013062,0.0013062023790553212,0.6148014068603516,2.0556960105895996,0.538361132144928,0.0007251951610669494,0.4469847083091736,2.078456163406372,0.5098679065704346,0.00034707909799180925,0.6189987659454346,2.1194703578948975,0.562490701675415,0.0006001143483445048,0.44387322664260864,2.145533323287964,0.5353661179542542,0.0007782309548929334,0.5902622938156128,2.200269937515259,0.2093077152967453,0.0003879556024912745,0.4709804058074951,2.215383768081665,0.14263500273227692,0.0007391868275590241,nan,nan,nan,nan,nan,nan,nan,nan,nan,nan,nan,nan,nan,nan,nan,nan,nan,nan,nan,nan,nan,nan,nan,nan,nan,nan,nan,nan,nan,nan,nan,nan,nan,nan,nan,nan,nan,nan,nan,nan,nan,nan,nan,nan,nan,nan,nan,nan,nan,nan,nan,nan,nan,nan,nan,nan,nan,nan,nan,nan,nan,nan,nan,nan,nan,nan,nan,nan,nan,nan,nan,nan,nan,nan,nan,nan,nan,nan,nan,nan,nan,nan,nan,nan,nan,nan,nan,nan,nan,nan,nan,nan,nan,nan,nan,nan,nan,nan,nan,nan,nan,nan,nan,nan,nan,nan,nan,nan,nan,nan,nan,nan,nan,nan,nan,nan,nan,nan,nan,nan,nan,nan,nan,nan,nan,nan
64,64,1,0,0,1.0,0.0,0.0,0.5172585844993591,0.29924893379211426,-0.6715055108070374,0.9998385310173035,0.5323399901390076,0.26021549105644226,-0.6318105459213257,0.9995958209037781,0.543007493019104,0.26024115085601807,-0.6319817304611206,0.9996446371078491,0.5506126284599304,0.25975510478019714,-0.6320842504501343,0.9995831847190857,0.5027293562889099,0.2613881826400757,-0.633819580078125,0.9996219277381897,0.4943495988845825,0.26246893405914307,-0.6335693597793579,0.9996914863586426,0.48594045639038086,0.2636512517929077,-0.6339848637580872,0.9996432662010193,0.5644383430480957,0.28009575605392456,-0.3635790944099426,0.9994198679924011,0.4788146913051605,0.28605327010154724,-0.3618714213371277,0.9997308850288391,0.5392369627952576,0.34152156114578247,-0.5732937455177307,0.9999175667762756,0.5008844137191772,0.3431567847728729,-0.5721833109855652,0.9999262690544128,0.6540423631668091,0.5402401089668274,-0.20468369126319885,0.9996911287307739,0.3962770104408264,0.5597284436225891,-0.22729738056659698,0.9997591972351074,0.7127424478530884,0.8621856570243835,-0.14988449215888977,0.9215441346168518,0.34758731722831726,0.8673473596572876,-0.183420792222023,0.9386790990829468,0.7160694599151611,1.1271319389343262,-0.4366437792778015,0.4464973211288452,0.3392769992351532,1.149287223815918,-0.4580170512199402,0.5240881443023682,0.727142870426178,1.22801673412323,-0.5178078413009644,0.35321104526519775,0.32062721252441406,1.2486751079559326,-0.5341483354568481,0.4060818552970886,0.7127602696418762,1.203478217124939,-0.577243447303772,0.40816906094551086,0.34923839569091797,1.2235468626022339,-0.6099243760108948,0.44567304849624634,0.7132920026779175,1.1599786281585693,-0.4715370237827301,0.41513577103614807,0.360165536403656,1.1876823902130127,-0.4960510730743408,0.4851819574832916,0.622806191444397,1.1520590782165527,-0.030460301786661148,0.1535653918981552,0.4487982392311096,1.171128273010254,0.03260469064116478,0.17341384291648865,0.6199941039085388,1.633987545967102,0.08233081549406052,0.0018524352926760912,0.45238161087036133,1.650179386138916,0.14375148713588715,0.0012395612429827452,0.6154934167861938,2.0571017265319824,0.53999924659729,0.0006987896631471813,0.44837236404418945,2.081378221511841,0.5114065408706665,0.00033003592398017645,0.6197627782821655,2.12075138092041,0.5645121335983276,0.0005794665194116533,0.4453285336494446,2.148916244506836,0.5364342927932739,0.0007380778552033007,0.5907806754112244,2.2031760215759277,0.21043430268764496,0.00037226793938316405,0.47194552421569824,2.2186903953552246,0.1457822173833847,0.0006976384902372956,nan,nan,nan,nan,nan,nan,nan,nan,nan,nan,nan,nan,nan,nan,nan,nan,nan,nan,nan,nan,nan,nan,nan,nan,nan,nan,nan,nan,nan,nan,nan,nan,nan,nan,nan,nan,nan,nan,nan,nan,nan,nan,nan,nan,nan,nan,nan,nan,nan,nan,nan,nan,nan,nan,nan,nan,nan,nan,nan,nan,nan,nan,nan,nan,nan,nan,nan,nan,nan,nan,nan,nan,nan,nan,nan,nan,nan,nan,nan,nan,nan,nan,nan,nan,nan,nan,nan,nan,nan,nan,nan,nan,nan,nan,nan,nan,nan,nan,nan,nan,nan,nan,nan,nan,nan,nan,nan,nan,nan,nan,nan,nan,nan,nan,nan,nan,nan,nan,nan,nan,nan,nan,nan,nan,nan,nan
65,65,1,0,0,1.0,0.0,0.0,0.517325758934021,0.2995237708091736,-0.6512459516525269,0.9998356103897095,0.5324371457099915,0.2602291405200958,-0.6122910380363464,0.9995868802070618,0.5431085228919983,0.26021721959114075,-0.6124592423439026,0.9996373057365417,0.5506664514541626,0.2597217559814453,-0.6125669479370117,0.9995735287666321,0.5027391910552979,0.2614476680755615,-0.6144325137138367,0.9996115565299988,0.49436378479003906,0.2624844014644623,-0.6141820549964905,0.9996829628944397,0.48593658208847046,0.2636412978172302,-0.6146039962768555,0.9996327757835388,0.5645332932472229,0.28006428480148315,-0.3483220338821411,0.9994078874588013,0.4788059592247009,0.28603217005729675,-0.3475337326526642,0.9997245073318481,0.5392863154411316,0.34185031056404114,-0.5541979074478149,0.9999147057533264,0.5009020566940308,0.34359636902809143,-0.5535054206848145,0.999923586845398,0.6540013551712036,0.5401942729949951,-0.19213281571865082,0.9996832609176636,0.3965725302696228,0.5592028498649597,-0.2129812091588974,0.9997516870498657,0.7119568586349487,0.8616641163825989,-0.13951018452644348,0.916836678981781,0.34815433621406555,0.8638904690742493,-0.17774440348148346,0.9358163475990295,0.7153490781784058,1.1257919073104858,-0.4214728772640228,0.4324342906475067,0.33940255641937256,1.1476939916610718,-0.46239855885505676,0.5143660306930542,0.7270606160163879,1.2269939184188843,-0.5002791285514832,0.3397224247455597,0.3208756744861603,1.2465755939483643,-0.5392541289329529,0.3957281708717346,0.7069209218025208,1.2018431425094604,-0.5590212941169739,0.3959181308746338,0.3483717143535614,1.2220655679702759,-0.6142892837524414,0.43648114800453186,0.7110772728919983,1.1592986583709717,-0.45594269037246704,0.40273264050483704,0.3591110110282898,1.1809200048446655,-0.5003690123558044,0.4765324592590332,0.6232234239578247,1.1545462608337402,-0.030629510059952736,0.1441839188337326,0.4494803249835968,1.1708897352218628,0.03277720510959625,0.16246959567070007,0.6203551888465881,1.6334797143936157,0.07567162066698074,0.0018141100881621242,0.4527395963668823,1.649711012840271,0.1364252269268036,0.001193513162434101,0.6158738136291504,2.056619644165039,0.5218803286552429,0.0006839355919510126,0.44946178793907166,2.0806305408477783,0.49254554510116577,0.00031850964296609163,0.620032012462616,2.1202332973480225,0.5452752709388733,0.000565948139410466,0.446615993976593,2.147941827774048,0.5167726874351501,0.0007069422281347215,0.5918023586273193,2.202444076538086,0.19546140730381012,0.00036353059113025665,0.47336214780807495,2.217808723449707,0.12767010927200317,0.0006668463465757668,nan,nan,nan,nan,nan,nan,nan,nan,nan,nan,nan,nan,nan,nan,nan,nan,nan,nan,nan,nan,nan,nan,nan,nan,nan,nan,nan,nan,nan,nan,nan,nan,nan,nan,nan,nan,nan,nan,nan,nan,nan,nan,nan,nan,nan,nan,nan,nan,nan,nan,nan,nan,nan,nan,nan,nan,nan,nan,nan,nan,nan,nan,nan,nan,nan,nan,nan,nan,nan,nan,nan,nan,nan,nan,nan,nan,nan,nan,nan,nan,nan,nan,nan,nan,nan,nan,nan,nan,nan,nan,nan,nan,nan,nan,nan,nan,nan,nan,nan,nan,nan,nan,nan,nan,nan,nan,nan,nan,nan,nan,nan,nan,nan,nan,nan,nan,nan,nan,nan,nan,nan,nan,nan,nan,nan,nan
66,66,1,0,0,1.0,0.0,0.0,0.51734459400177,0.29959020018577576,-0.6587881445884705,0.9998376965522766,0.532480776309967,0.26022404432296753,-0.6195172667503357,0.9995899200439453,0.5431578755378723,0.26019108295440674,-0.6196768283843994,0.9996394515037537,0.5506969094276428,0.25969401001930237,-0.6197739243507385,0.9995760917663574,0.5027437210083008,0.2614861726760864,-0.6215243935585022,0.9996137022972107,0.49438047409057617,0.26250651478767395,-0.6212764978408813,0.9996837377548218,0.4859384298324585,0.26365184783935547,-0.6216958165168762,0.9996337890625,0.5645937323570251,0.2799966335296631,-0.35352417826652527,0.9994084239006042,0.47879770398139954,0.2860136330127716,-0.352629691362381,0.9997252821922302,0.5393068790435791,0.34187376499176025,-0.5610547661781311,0.9999145269393921,0.500905454158783,0.3436739444732666,-0.5603199601173401,0.9999232292175293,0.65394127368927,0.5401607751846313,-0.1950547695159912,0.9996815919876099,0.3970455229282379,0.5589323043823242,-0.21372877061367035,0.9997499585151672,0.7109314203262329,0.8613787889480591,-0.13955014944076538,0.9125557541847229,0.34833991527557373,0.8637515306472778,-0.17203930020332336,0.9336519241333008,0.7151902318000793,1.1253561973571777,-0.41920509934425354,0.42160120606422424,0.3398762047290802,1.1482049226760864,-0.45218625664711,0.5054808259010315,0.7267845869064331,1.2285255193710327,-0.4971836507320404,0.3295992612838745,0.3209936022758484,1.2492687702178955,-0.5274614691734314,0.38645273447036743,0.7038893103599548,1.2108056545257568,-0.5568069219589233,0.3877500295639038,0.3473808169364929,1.2306700944900513,-0.603202223777771,0.42868903279304504,0.7101868987083435,1.1587133407592773,-0.4539254903793335,0.3939884901046753,0.3592819571495056,1.1875190734863281,-0.4902637004852295,0.4690450429916382,0.623595118522644,1.1568564176559448,-0.031793832778930664,0.1337883323431015,0.450145423412323,1.1712191104888916,0.03397536650300026,0.150617316365242,0.62040114402771,1.6361229419708252,0.05727745220065117,0.0017508688615635037,0.45295605063438416,1.6536517143249512,0.13146156072616577,0.0011368916602805257,0.6159045696258545,2.0620622634887695,0.49700257182121277,0.0006579749169759452,0.4501120150089264,2.0871899127960205,0.48667916655540466,0.0003020274161826819,0.6200493574142456,2.1261720657348633,0.5192022919654846,0.0005398570210672915,0.4474656879901886,2.154120683670044,0.5105323791503906,0.0006668548448942602,0.5919179916381836,2.2066733837127686,0.1636037677526474,0.0003510738897603005,0.4741182029247284,2.2246580123901367,0.11505340784788132,0.0006326108705252409,nan,nan,nan,nan,nan,nan,nan,nan,nan,nan,nan,nan,nan,nan,nan,nan,nan,nan,nan,nan,nan,nan,nan,nan,nan,nan,nan,nan,nan,nan,nan,nan,nan,nan,nan,nan,nan,nan,nan,nan,nan,nan,nan,nan,nan,nan,nan,nan,nan,nan,nan,nan,nan,nan,nan,nan,nan,nan,nan,nan,nan,nan,nan,nan,nan,nan,nan,nan,nan,nan,nan,nan,nan,nan,nan,nan,nan,nan,nan,nan,nan,nan,nan,nan,nan,nan,nan,nan,nan,nan,nan,nan,nan,nan,nan,nan,nan,nan,nan,nan,nan,nan,nan,nan,nan,nan,nan,nan,nan,nan,nan,nan,nan,nan,nan,nan,nan,nan,nan,nan,nan,nan,nan,nan,nan,nan
67,67,1,0,0,1.0,0.0,0.0,0.5172339677810669,0.2998758554458618,-0.6649852991104126,0.9998311996459961,0.5324738621711731,0.2603003680706024,-0.6271345615386963,0.9995745420455933,0.5431626439094543,0.2602238357067108,-0.6273263096809387,0.9996244311332703,0.5507063269615173,0.2596999704837799,-0.627432644367218,0.9995582103729248,0.5027099847793579,0.26163017749786377,-0.6284071207046509,0.9996002912521362,0.49437424540519714,0.26260924339294434,-0.6281663775444031,0.9996729493141174,0.4859320819377899,0.26372894644737244,-0.6286168694496155,0.9996228218078613,0.5647075176239014,0.27995747327804565,-0.35957229137420654,0.9993826150894165,0.478814959526062,0.2860139012336731,-0.3551630973815918,0.9997185468673706,0.5392439961433411,0.34201353788375854,-0.5664660334587097,0.999911367893219,0.5008420944213867,0.34390193223953247,-0.5644185543060303,0.9999207854270935,0.653937041759491,0.5402171015739441,-0.19771645963191986,0.9996674060821533,0.3977641761302948,0.5580990314483643,-0.21690550446510315,0.9997470378875732,0.7101790308952332,0.8614002466201782,-0.1414087563753128,0.9135634899139404,0.3485542833805084,0.8636556267738342,-0.18002039194107056,0.9351076483726501,0.7144399285316467,1.1257545948028564,-0.4156195819377899,0.4210767447948456,0.34125053882598877,1.1475613117218018,-0.45267364382743835,0.5129931569099426,0.7262870669364929,1.2284101247787476,-0.49406731128692627,0.32719042897224426,0.32106953859329224,1.2488707304000854,-0.5286803841590881,0.39190977811813354,0.7021846175193787,1.2124879360198975,-0.5553924441337585,0.3864833116531372,0.3497757613658905,1.228469967842102,-0.6085419058799744,0.43432095646858215,0.7098833918571472,1.1581337451934814,-0.4506498873233795,0.39359337091445923,0.3605409860610962,1.1868871450424194,-0.49203890562057495,0.476300448179245,0.6235912442207336,1.156356692314148,-0.031784538179636,0.13053351640701294,0.45046859979629517,1.1696763038635254,0.03396667540073395,0.1469021737575531,0.6194046139717102,1.6346687078475952,0.06816114485263824,0.0017586888279765844,0.4523294270038605,1.651542067527771,0.13357552886009216,0.0011479210807010531,0.6134136915206909,2.060360908508301,0.5187017917633057,0.0006907756323926151,0.44925621151924133,2.085122585296631,0.49596846103668213,0.0003193507145624608,0.617216944694519,2.122812271118164,0.5420173406600952,0.0005545202293433249,0.4467793405056,2.149930953979492,0.5208280682563782,0.0006892824894748628,0.5900578498840332,2.20461368560791,0.18986502289772034,0.0003623366355895996,0.47256702184677124,2.2237563133239746,0.1255243867635727,0.0006399091798812151,nan,nan,nan,nan,nan,nan,nan,nan,nan,nan,nan,nan,nan,nan,nan,nan,nan,nan,nan,nan,nan,nan,nan,nan,nan,nan,nan,nan,nan,nan,nan,nan,nan,nan,nan,nan,nan,nan,nan,nan,nan,nan,nan,nan,nan,nan,nan,nan,nan,nan,nan,nan,nan,nan,nan,nan,nan,nan,nan,nan,nan,nan,nan,nan,nan,nan,nan,nan,nan,nan,nan,nan,nan,nan,nan,nan,nan,nan,nan,nan,nan,nan,nan,nan,nan,nan,nan,nan,nan,nan,nan,nan,nan,nan,nan,nan,nan,nan,nan,nan,nan,nan,nan,nan,nan,nan,nan,nan,nan,nan,nan,nan,nan,nan,nan,nan,nan,nan,nan,nan,nan,nan,nan,nan,nan,nan
68,68,1,0,0,1.0,0.0,0.0,0.5172381401062012,0.29991844296455383,-0.6633724570274353,0.9998177886009216,0.5324962735176086,0.26033875346183777,-0.62428879737854,0.9995421767234802,0.5431808233261108,0.2602460980415344,-0.6244790554046631,0.999597430229187,0.5507227778434753,0.25971734523773193,-0.6245721578598022,0.9995235204696655,0.5027310252189636,0.26167628169059753,-0.6262396574020386,0.9995700716972351,0.4944308400154114,0.2626304030418396,-0.6260132193565369,0.9996503591537476,0.48596784472465515,0.26374223828315735,-0.6264743804931641,0.999595582485199,0.5647643804550171,0.27994513511657715,-0.35566699504852295,0.9993317723274231,0.47884467244148254,0.28601372241973877,-0.35421907901763916,0.9997016191482544,0.5392463803291321,0.3420284688472748,-0.5647929310798645,0.999903678894043,0.500840961933136,0.3439237177371979,-0.5636708736419678,0.999914824962616,0.6538823246955872,0.5402610301971436,-0.19442321360111237,0.9996501207351685,0.39810508489608765,0.5577144026756287,-0.21835681796073914,0.9997395873069763,0.7091913819313049,0.8612040877342224,-0.13788162171840668,0.9137599468231201,0.34859317541122437,0.8635956645011902,-0.18123818933963776,0.9354400634765625,0.7141173481941223,1.1252434253692627,-0.4158458411693573,0.41674941778182983,0.3420828580856323,1.1468698978424072,-0.4590248465538025,0.516061544418335,0.7252064943313599,1.2283039093017578,-0.49494314193725586,0.32169538736343384,0.3279319405555725,1.2413051128387451,-0.5355174541473389,0.3929707109928131,0.7007394433021545,1.2109845876693726,-0.5557401180267334,0.3816891014575958,0.3514310121536255,1.2277135848999023,-0.6131764054298401,0.4353516399860382,0.7092562913894653,1.1577414274215698,-0.4508364498615265,0.3894217014312744,0.3611435294151306,1.18587064743042,-0.4976126253604889,0.4788883924484253,0.6231050491333008,1.156116247177124,-0.030601652339100838,0.1273358166217804,0.4503854513168335,1.168565034866333,0.032680898904800415,0.14311344921588898,0.6177697777748108,1.6338615417480469,0.07204616069793701,0.0017596632242202759,0.4510352611541748,1.6489979028701782,0.1330489069223404,0.001137633458711207,0.6109053492546082,2.0591254234313965,0.5201810598373413,0.0007174764177761972,0.44802215695381165,2.082002639770508,0.4942978024482727,0.000329863338265568,0.6144068241119385,2.121016263961792,0.5432698130607605,0.0005721175693906844,0.44540244340896606,2.1461682319641113,0.5190925002098083,0.0007014746079221368,0.5883272290229797,2.202603816986084,0.197262704372406,0.0003723484114743769,0.47129008173942566,2.2199950218200684,0.12626898288726807,0.0006377127720043063,nan,nan,nan,nan,nan,nan,nan,nan,nan,nan,nan,nan,nan,nan,nan,nan,nan,nan,nan,nan,nan,nan,nan,nan,nan,nan,nan,nan,nan,nan,nan,nan,nan,nan,nan,nan,nan,nan,nan,nan,nan,nan,nan,nan,nan,nan,nan,nan,nan,nan,nan,nan,nan,nan,nan,nan,nan,nan,nan,nan,nan,nan,nan,nan,nan,nan,nan,nan,nan,nan,nan,nan,nan,nan,nan,nan,nan,nan,nan,nan,nan,nan,nan,nan,nan,nan,nan,nan,nan,nan,nan,nan,nan,nan,nan,nan,nan,nan,nan,nan,nan,nan,nan,nan,nan,nan,nan,nan,nan,nan,nan,nan,nan,nan,nan,nan,nan,nan,nan,nan,nan,nan,nan,nan,nan,nan
69,69,1,0,0,1.0,0.0,0.0,0.5172963738441467,0.3001452684402466,-0.6655408143997192,0.9998086094856262,0.5325914025306702,0.26059791445732117,-0.6262037754058838,0.9995217323303223,0.5432458519935608,0.260456383228302,-0.6264446377754211,0.9995808005332947,0.5507618188858032,0.25990167260169983,-0.6265544891357422,0.9995017647743225,0.502838671207428,0.2618970572948456,-0.6276736259460449,0.9995495676994324,0.49457597732543945,0.26273882389068604,-0.6274460554122925,0.9996346831321716,0.4860844016075134,0.26381900906562805,-0.6279332041740417,0.9995764493942261,0.5648164749145508,0.2799840271472931,-0.3569626212120056,0.9992992281913757,0.47888854146003723,0.2860478460788727,-0.3564499020576477,0.9996882677078247,0.5392524003982544,0.3423002362251282,-0.5653101205825806,0.9998989105224609,0.5009011030197144,0.3441854417324066,-0.5642728805541992,0.999910831451416,0.6538271307945251,0.5403396487236023,-0.1950872391462326,0.9996389746665955,0.39836812019348145,0.5573920607566833,-0.21924032270908356,0.9997332692146301,0.708634614944458,0.8609545826911926,-0.14997904002666473,0.9134171605110168,0.34871798753738403,0.863423764705658,-0.18348097801208496,0.9359561800956726,0.7134132385253906,1.1248996257781982,-0.44598811864852905,0.41348475217819214,0.34378349781036377,1.1463687419891357,-0.46206384897232056,0.5167235732078552,0.7240570783615112,1.228143334388733,-0.5300711989402771,0.31643161177635193,0.3345857858657837,1.2403149604797363,-0.5387864112854004,0.39083775877952576,0.6994717717170715,1.2093544006347656,-0.5909684896469116,0.37709301710128784,0.35525646805763245,1.2266154289245605,-0.6153899431228638,0.4336336553096771,0.7063630223274231,1.1552947759628296,-0.4813796877861023,0.38491901755332947,0.3637285828590393,1.1868144273757935,-0.5000897645950317,0.47815442085266113,0.6227108240127563,1.156123399734497,-0.03110778145492077,0.12374936789274216,0.450320303440094,1.1680508852005005,0.033133797347545624,0.1389961689710617,0.6161913871765137,1.6329113245010376,0.07433953881263733,0.0018382497364655137,0.4497988820075989,1.6455795764923096,0.13828161358833313,0.0011837336933240294,0.6092355251312256,2.0565574169158936,0.5205521583557129,0.000794244057033211,0.44717174768447876,2.0765504837036133,0.4990173876285553,0.00036143348552286625,0.6124733686447144,2.1184394359588623,0.54360032081604,0.0006267105345614254,0.4446442127227783,2.1407299041748047,0.5239923000335693,0.0007660120609216392,0.5873154997825623,2.1988494396209717,0.19905927777290344,0.00040387705666944385,0.4702785015106201,2.2132070064544678,0.1354939341545105,0.0006735868519172072,nan,nan,nan,nan,nan,nan,nan,nan,nan,nan,nan,nan,nan,nan,nan,nan,nan,nan,nan,nan,nan,nan,nan,nan,nan,nan,nan,nan,nan,nan,nan,nan,nan,nan,nan,nan,nan,nan,nan,nan,nan,nan,nan,nan,nan,nan,nan,nan,nan,nan,nan,nan,nan,nan,nan,nan,nan,nan,nan,nan,nan,nan,nan,nan,nan,nan,nan,nan,nan,nan,nan,nan,nan,nan,nan,nan,nan,nan,nan,nan,nan,nan,nan,nan,nan,nan,nan,nan,nan,nan,nan,nan,nan,nan,nan,nan,nan,nan,nan,nan,nan,nan,nan,nan,nan,nan,nan,nan,nan,nan,nan,nan,nan,nan,nan,nan,nan,nan,nan,nan,nan,nan,nan,nan,nan,nan
70,70,1,0,0,1.0,0.0,0.0,0.5173633694648743,0.3000999391078949,-0.667551577091217,0.9998062252998352,0.5327213406562805,0.26053908467292786,-0.6280788779258728,0.9995172619819641,0.5433777570724487,0.2603866457939148,-0.6283018589019775,0.9995769262313843,0.5508458018302917,0.25985240936279297,-0.6284067630767822,0.99949711561203,0.5028895735740662,0.2618735730648041,-0.6296452879905701,0.9995444416999817,0.49463140964508057,0.26271507143974304,-0.6294127702713013,0.9996298551559448,0.48611167073249817,0.2638022303581238,-0.6298831701278687,0.9995712041854858,0.5649566650390625,0.279972106218338,-0.3582695722579956,0.9992904663085938,0.4788903594017029,0.286042183637619,-0.356351763010025,0.9996835589408875,0.5393418073654175,0.3422684967517853,-0.5673666596412659,0.9998974204063416,0.5009140968322754,0.3441768288612366,-0.5665963292121887,0.9999094009399414,0.6538239121437073,0.5404536724090576,-0.19964388012886047,0.9996302127838135,0.3985626995563507,0.5573011636734009,-0.21940167248249054,0.99973064661026,0.708259642124176,0.8621731400489807,-0.15529300272464752,0.9107454419136047,0.34914591908454895,0.8632288575172424,-0.18402044475078583,0.9359143972396851,0.7131397724151611,1.126725673675537,-0.44436734914779663,0.40100863575935364,0.34489205479621887,1.1462342739105225,-0.4636079967021942,0.5103594660758972,0.7238510251045227,1.2318098545074463,-0.5270828604698181,0.30430111289024353,0.3376300036907196,1.24031400680542,-0.539457380771637,0.38230380415916443,0.6986024379730225,1.2177013158798218,-0.586116373538971,0.36492884159088135,0.3578193187713623,1.2288908958435059,-0.6147785186767578,0.425296813249588,0.706358790397644,1.1630867719650269,-0.4791143536567688,0.3729732930660248,0.36543694138526917,1.1915720701217651,-0.50114905834198,0.47054579854011536,0.6227331757545471,1.1578160524368286,-0.03346704691648483,0.11829447001218796,0.45037779211997986,1.1684929132461548,0.035491447895765305,0.13262906670570374,0.616229772567749,1.633678913116455,0.06795889139175415,0.0018510237568989396,0.44990116357803345,1.6463950872421265,0.1601104885339737,0.0011883176630362868,0.6097500920295715,2.057305097579956,0.516149640083313,0.0008107231114991009,0.4479958415031433,2.077204465866089,0.5396928787231445,0.00036575552076101303,0.6131340265274048,2.119788408279419,0.5393223166465759,0.0006322353729046881,0.4453740119934082,2.1418917179107666,0.5669440031051636,0.0007763938046991825,0.5879966020584106,2.2000105381011963,0.18505603075027466,0.000410385022405535,0.47207894921302795,2.2141101360321045,0.17609767615795135,0.0006752201588824391,nan,nan,nan,nan,nan,nan,nan,nan,nan,nan,nan,nan,nan,nan,nan,nan,nan,nan,nan,nan,nan,nan,nan,nan,nan,nan,nan,nan,nan,nan,nan,nan,nan,nan,nan,nan,nan,nan,nan,nan,nan,nan,nan,nan,nan,nan,nan,nan,nan,nan,nan,nan,nan,nan,nan,nan,nan,nan,nan,nan,nan,nan,nan,nan,nan,nan,nan,nan,nan,nan,nan,nan,nan,nan,nan,nan,nan,nan,nan,nan,nan,nan,nan,nan,nan,nan,nan,nan,nan,nan,nan,nan,nan,nan,nan,nan,nan,nan,nan,nan,nan,nan,nan,nan,nan,nan,nan,nan,nan,nan,nan,nan,nan,nan,nan,nan,nan,nan,nan,nan,nan,nan,nan,nan,nan,nan
71,71,1,0,0,1.0,0.0,0.0,0.5175439119338989,0.30008068680763245,-0.6543800830841064,0.9997996091842651,0.532848596572876,0.2605346739292145,-0.6138510704040527,0.9994991421699524,0.5434744954109192,0.2603789269924164,-0.6140942573547363,0.999562680721283,0.5509003400802612,0.2598445415496826,-0.6141930818557739,0.9994785189628601,0.5030214786529541,0.2618734538555145,-0.615835964679718,0.9995251297950745,0.49476492404937744,0.26271164417266846,-0.6156015396118164,0.999614953994751,0.48620492219924927,0.2637993097305298,-0.6160761713981628,0.9995524883270264,0.5649845004081726,0.27995574474334717,-0.3437110185623169,0.9992608428001404,0.4788910448551178,0.2860466539859772,-0.34240373969078064,0.9996700286865234,0.5394524931907654,0.3422640562057495,-0.5547434687614441,0.999891996383667,0.5010455250740051,0.34418198466300964,-0.5540170669555664,0.9999045133590698,0.6535891890525818,0.5404620170593262,-0.18520082533359528,0.9996094107627869,0.39883068203926086,0.5567027926445007,-0.2077002376317978,0.9997165203094482,0.7075430750846863,0.8615975975990295,-0.14338748157024384,0.9055472612380981,0.3495388329029083,0.8625423312187195,-0.17606931924819946,0.9344416260719299,0.7123266458511353,1.1201403141021729,-0.4399518370628357,0.39338988065719604,0.3469908535480499,1.1437180042266846,-0.45395639538764954,0.509764552116394,0.7230804562568665,1.2271429300308228,-0.5228597521781921,0.29704537987709045,0.3406069278717041,1.2289564609527588,-0.5304727554321289,0.37990376353263855,0.6972185969352722,1.2135497331619263,-0.582189679145813,0.3580281436443329,0.3597148358821869,1.219638705253601,-0.6037433743476868,0.42341431975364685,0.7049127221107483,1.157457709312439,-0.475016713142395,0.36603090167045593,0.3668021261692047,1.1847634315490723,-0.49070319533348083,0.4688780903816223,0.6227335333824158,1.1579211950302124,-0.03351867198944092,0.11349894106388092,0.4503841698169708,1.1684411764144897,0.03554074093699455,0.12699754536151886,0.6164687871932983,1.6332218647003174,0.06969111412763596,0.0018575219437479973,0.4502332806587219,1.6458632946014404,0.15916503965854645,0.0011807172559201717,0.6113832592964172,2.0557782649993896,0.5200868248939514,0.0008185958722606301,0.449619323015213,2.0756282806396484,0.5381968021392822,0.0003677777713164687,0.6146021485328674,2.118546962738037,0.5435883402824402,0.000638663477730006,0.4470246136188507,2.1408958435058594,0.5653373003005981,0.0007732907542958856,0.5910427570343018,2.198395013809204,0.18820063769817352,0.00041717017302289605,0.4745764136314392,2.210757255554199,0.17629963159561157,0.0006818391266278923,nan,nan,nan,nan,nan,nan,nan,nan,nan,nan,nan,nan,nan,nan,nan,nan,nan,nan,nan,nan,nan,nan,nan,nan,nan,nan,nan,nan,nan,nan,nan,nan,nan,nan,nan,nan,nan,nan,nan,nan,nan,nan,nan,nan,nan,nan,nan,nan,nan,nan,nan,nan,nan,nan,nan,nan,nan,nan,nan,nan,nan,nan,nan,nan,nan,nan,nan,nan,nan,nan,nan,nan,nan,nan,nan,nan,nan,nan,nan,nan,nan,nan,nan,nan,nan,nan,nan,nan,nan,nan,nan,nan,nan,nan,nan,nan,nan,nan,nan,nan,nan,nan,nan,nan,nan,nan,nan,nan,nan,nan,nan,nan,nan,nan,nan,nan,nan,nan,nan,nan,nan,nan,nan,nan,nan,nan
72,72,1,0,0,1.0,0.0,0.0,0.5178060531616211,0.3001367747783661,-0.6552117466926575,0.9997989535331726,0.5330587029457092,0.2605813443660736,-0.6147244572639465,0.9994993209838867,0.5436438322067261,0.26041316986083984,-0.6149454712867737,0.9995631575584412,0.5510013699531555,0.25987571477890015,-0.6150417327880859,0.9994778037071228,0.5031751990318298,0.26188939809799194,-0.616605818271637,0.9995234608650208,0.4948996305465698,0.26270949840545654,-0.6163779497146606,0.9996139407157898,0.48628634214401245,0.2637954652309418,-0.616834282875061,0.9995510578155518,0.5650609135627747,0.27996471524238586,-0.34408485889434814,0.9992631673812866,0.47888532280921936,0.2860417068004608,-0.3423437476158142,0.9996705055236816,0.5396214127540588,0.3423248529434204,-0.5556498765945435,0.9998912215232849,0.5011664032936096,0.34424206614494324,-0.5547001957893372,0.9999037981033325,0.6534988284111023,0.5405282378196716,-0.18428662419319153,0.9996004700660706,0.3991374671459198,0.5560317039489746,-0.207998126745224,0.9997122883796692,0.7069907784461975,0.8615156412124634,-0.13975198566913605,0.9036864042282104,0.34982120990753174,0.8602520227432251,-0.17833372950553894,0.9344555139541626,0.7104445695877075,1.1161757707595825,-0.43881574273109436,0.3887156546115875,0.34860607981681824,1.1296231746673584,-0.4774995446205139,0.5133413076400757,0.7216084599494934,1.2267475128173828,-0.5224994421005249,0.2920989692211151,0.3405550718307495,1.2032177448272705,-0.5597644448280334,0.38200438022613525,0.7036334276199341,1.1949737071990967,-0.5820143222808838,0.3532693088054657,0.359671026468277,1.1904104948043823,-0.6323397755622864,0.4257657825946808,0.7032877802848816,1.1544686555862427,-0.4743197560310364,0.36163246631622314,0.3667917549610138,1.158412218093872,-0.5147871375083923,0.4715614914894104,0.6224544644355774,1.157793402671814,-0.033200543373823166,0.11314398795366287,0.4503495395183563,1.16755211353302,0.035213060677051544,0.12612779438495636,0.6157733798027039,1.6318390369415283,0.08780118823051453,0.0018787753069773316,0.4497389495372772,1.6433180570602417,0.15871134400367737,0.0011905822902917862,0.6106951236724854,2.0532267093658447,0.5536755323410034,0.0008327154791913927,0.449086457490921,2.0725414752960205,0.5378217697143555,0.0003736558719538152,0.6137926578521729,2.1158835887908936,0.579334557056427,0.0006555063300766051,0.4464368224143982,2.1380116939544678,0.564864993095398,0.0007808008813299239,0.5904948115348816,2.1957154273986816,0.22828102111816406,0.0004240554408170283,0.47374340891838074,2.2077465057373047,0.17467786371707916,0.0006846428732387722,nan,nan,nan,nan,nan,nan,nan,nan,nan,nan,nan,nan,nan,nan,nan,nan,nan,nan,nan,nan,nan,nan,nan,nan,nan,nan,nan,nan,nan,nan,nan,nan,nan,nan,nan,nan,nan,nan,nan,nan,nan,nan,nan,nan,nan,nan,nan,nan,nan,nan,nan,nan,nan,nan,nan,nan,nan,nan,nan,nan,nan,nan,nan,nan,nan,nan,nan,nan,nan,nan,nan,nan,nan,nan,nan,nan,nan,nan,nan,nan,nan,nan,nan,nan,nan,nan,nan,nan,nan,nan,nan,nan,nan,nan,nan,nan,nan,nan,nan,nan,nan,nan,nan,nan,nan,nan,nan,nan,nan,nan,nan,nan,nan,nan,nan,nan,nan,nan,nan,nan,nan,nan,nan,nan,nan,nan
73,73,1,0,0,1.0,0.0,0.0,0.5180104970932007,0.30013617873191833,-0.65707927942276,0.9997973442077637,0.5332676768302917,0.26056745648384094,-0.6171197891235352,0.9994969367980957,0.5438238978385925,0.260398268699646,-0.6173272728919983,0.9995605945587158,0.5511099696159363,0.25986552238464355,-0.6174201369285583,0.9994747638702393,0.5032739639282227,0.2618473470211029,-0.6188806891441345,0.999520480632782,0.4949679970741272,0.26264524459838867,-0.6186510324478149,0.9996110796928406,0.4863150715827942,0.26371678709983826,-0.6191041469573975,0.9995481967926025,0.5651141405105591,0.27995413541793823,-0.34644582867622375,0.9992557168006897,0.47885653376579285,0.28593161702156067,-0.34491994976997375,0.9996681809425354,0.539779782295227,0.3423207998275757,-0.5579426884651184,0.9998903870582581,0.5012091994285583,0.3442201316356659,-0.556805431842804,0.9999032020568848,0.6534972190856934,0.540654182434082,-0.18633392453193665,0.9995909333229065,0.3991546928882599,0.5559786558151245,-0.20832498371601105,0.9997076988220215,0.7065951228141785,0.8616217970848083,-0.1407075971364975,0.9023148417472839,0.3500002324581146,0.8607480525970459,-0.18268424272537231,0.9350680112838745,0.7097120881080627,1.1174733638763428,-0.43898192048072815,0.38380101323127747,0.3492816686630249,1.1341363191604614,-0.4771692156791687,0.5155342817306519,0.720226526260376,1.2273868322372437,-0.5229840874671936,0.2865092158317566,0.34172385931015015,1.2074546813964844,-0.5585963129997253,0.38167035579681396,0.7087129354476929,1.1948904991149902,-0.5829188227653503,0.3478071093559265,0.36071816086769104,1.1993420124053955,-0.6314511895179749,0.42554908990859985,0.7030709385871887,1.1568752527236938,-0.4745764136314392,0.356656014919281,0.3678545355796814,1.1677793264389038,-0.514436662197113,0.47204020619392395,0.6224925518035889,1.1589757204055786,-0.03304830566048622,0.11310829967260361,0.45059385895729065,1.1683852672576904,0.03504490107297897,0.12562476098537445,0.6157893538475037,1.6320873498916626,0.09099046140909195,0.0019439763855189085,0.44986283779144287,1.6441770792007446,0.16000905632972717,0.0012354899663478136,0.6109234094619751,2.0535900592803955,0.5599284768104553,0.0008591646910645068,0.44949814677238464,2.073654890060425,0.5417014360427856,0.0003903189499396831,0.6140568852424622,2.1164798736572266,0.585896372795105,0.0006744284182786942,0.4468258321285248,2.139524221420288,0.5691819787025452,0.0008059308747760952,0.5908595323562622,2.196378231048584,0.2348015457391739,0.00043711010948754847,0.4743519127368927,2.209091901779175,0.17884545028209686,0.0007010054541751742,nan,nan,nan,nan,nan,nan,nan,nan,nan,nan,nan,nan,nan,nan,nan,nan,nan,nan,nan,nan,nan,nan,nan,nan,nan,nan,nan,nan,nan,nan,nan,nan,nan,nan,nan,nan,nan,nan,nan,nan,nan,nan,nan,nan,nan,nan,nan,nan,nan,nan,nan,nan,nan,nan,nan,nan,nan,nan,nan,nan,nan,nan,nan,nan,nan,nan,nan,nan,nan,nan,nan,nan,nan,nan,nan,nan,nan,nan,nan,nan,nan,nan,nan,nan,nan,nan,nan,nan,nan,nan,nan,nan,nan,nan,nan,nan,nan,nan,nan,nan,nan,nan,nan,nan,nan,nan,nan,nan,nan,nan,nan,nan,nan,nan,nan,nan,nan,nan,nan,nan,nan,nan,nan,nan,nan,nan
74,74,1,0,0,1.0,0.0,0.0,0.5180408358573914,0.3003667891025543,-0.6569453477859497,0.9997835159301758,0.5332828760147095,0.2606470584869385,-0.6167041063308716,0.9994681477546692,0.5438398718833923,0.2604692280292511,-0.6169254779815674,0.9995368719100952,0.5511217713356018,0.2599197328090668,-0.6170246601104736,0.9994440674781799,0.5032784342765808,0.2618844509124756,-0.6191574335098267,0.9994915127754211,0.49497532844543457,0.2626487910747528,-0.6189249157905579,0.999590277671814,0.48631447553634644,0.2637125849723816,-0.6193835735321045,0.9995235204696655,0.5651252269744873,0.2799675762653351,-0.34368276596069336,0.9992161989212036,0.47879558801651,0.2858959138393402,-0.3452237546443939,0.9996511340141296,0.5398052930831909,0.3425878584384918,-0.55657958984375,0.9998835325241089,0.5012216567993164,0.344343900680542,-0.556415319442749,0.9998970627784729,0.6533079147338867,0.5405160784721375,-0.175906702876091,0.999573290348053,0.399230033159256,0.5551750063896179,-0.20944689214229584,0.9996975660324097,0.7063058614730835,0.8614311814308167,-0.11734268069267273,0.9022778272628784,0.3506176173686981,0.8592434525489807,-0.18363817036151886,0.9352006912231445,0.7095931768417358,1.1174904108047485,-0.4036256968975067,0.3806459903717041,0.3496745228767395,1.1332464218139648,-0.4748131334781647,0.5159130692481995,0.7199710607528687,1.2272101640701294,-0.48395711183547974,0.28239741921424866,0.34142330288887024,1.2077758312225342,-0.555838406085968,0.38152381777763367,0.7035749554634094,1.2012686729431152,-0.546829879283905,0.3438560962677002,0.36064428091049194,1.1983911991119385,-0.6309621334075928,0.42555999755859375,0.7027798295021057,1.1574797630310059,-0.4398057758808136,0.3528827428817749,0.3678368330001831,1.1662923097610474,-0.5126649737358093,0.47198486328125,0.6206187605857849,1.1589258909225464,-0.030795544385910034,0.11382275819778442,0.450103759765625,1.1658313274383545,0.03271310776472092,0.12566116452217102,0.610321581363678,1.630469799041748,0.09049799293279648,0.002121338155120611,0.44598090648651123,1.6390142440795898,0.1377885341644287,0.0013463526265695691,0.6016414165496826,2.0506370067596436,0.5512223243713379,0.0009700214141048491,0.4426097869873047,2.0681684017181396,0.4943380653858185,0.0004486014659050852,0.6039496660232544,2.112783670425415,0.5753811597824097,0.000755484972614795,0.43983542919158936,2.1334362030029297,0.5180628895759583,0.0009147526579909027,0.5815380215644836,2.1917214393615723,0.22553269565105438,0.0004930555587634444,0.4645752012729645,2.2027530670166016,0.1264406144618988,0.0007755200495012105,nan,nan,nan,nan,nan,nan,nan,nan,nan,nan,nan,nan,nan,nan,nan,nan,nan,nan,nan,nan,nan,nan,nan,nan,nan,nan,nan,nan,nan,nan,nan,nan,nan,nan,nan,nan,nan,nan,nan,nan,nan,nan,nan,nan,nan,nan,nan,nan,nan,nan,nan,nan,nan,nan,nan,nan,nan,nan,nan,nan,nan,nan,nan,nan,nan,nan,nan,nan,nan,nan,nan,nan,nan,nan,nan,nan,nan,nan,nan,nan,nan,nan,nan,nan,nan,nan,nan,nan,nan,nan,nan,nan,nan,nan,nan,nan,nan,nan,nan,nan,nan,nan,nan,nan,nan,nan,nan,nan,nan,nan,nan,nan,nan,nan,nan,nan,nan,nan,nan,nan,nan,nan,nan,nan,nan,nan
75,75,1,0,0,1.0,0.0,0.0,0.5180507898330688,0.30020540952682495,-0.6575077772140503,0.9997800588607788,0.5332968235015869,0.26056352257728577,-0.6163939833641052,0.9994608163833618,0.5438495874404907,0.2604091763496399,-0.6166214346885681,0.9995317459106445,0.5511337518692017,0.25987547636032104,-0.6167100667953491,0.9994367957115173,0.5032743215560913,0.26170721650123596,-0.6191055178642273,0.9994836449623108,0.49496087431907654,0.26246294379234314,-0.6188704371452332,0.9995850324630737,0.48627886176109314,0.26350998878479004,-0.6193379163742065,0.9995158314704895,0.565136194229126,0.2799609303474426,-0.34100404381752014,0.9992031455039978,0.4786628782749176,0.28563788533210754,-0.3432146906852722,0.9996452331542969,0.539852499961853,0.3424035310745239,-0.556786060333252,0.9998804926872253,0.5012112259864807,0.34393179416656494,-0.5567637085914612,0.999894380569458,0.6531619429588318,0.5403696298599243,-0.17671476304531097,0.9995638728141785,0.3992402255535126,0.5550265312194824,-0.2103615701198578,0.9996914267539978,0.7061172723770142,0.8613479733467102,-0.12211103737354279,0.9019635915756226,0.3506227135658264,0.8593086004257202,-0.18851225078105927,0.9356996417045593,0.7090757489204407,1.1177376508712769,-0.40883880853652954,0.37883374094963074,0.3504524827003479,1.1334702968597412,-0.4749453663825989,0.5189653038978577,0.7193636298179626,1.227202296257019,-0.4891607463359833,0.27925246953964233,0.34378835558891296,1.2095001935958862,-0.5553779006004333,0.38273870944976807,0.7000847458839417,1.2013156414031982,-0.5507060885429382,0.34073883295059204,0.3623533546924591,1.1991554498672485,-0.6305319666862488,0.4262789487838745,0.7025406360626221,1.1563084125518799,-0.44444313645362854,0.35009607672691345,0.36915796995162964,1.1666051149368286,-0.5125489234924316,0.47340714931488037,0.62056565284729,1.1588613986968994,-0.03076130524277687,0.11430589854717255,0.44983580708503723,1.1657062768936157,0.032677244395017624,0.1256529539823532,0.6106060743331909,1.628760576248169,0.09149106591939926,0.0021349277812987566,0.44596028327941895,1.6377748250961304,0.15707117319107056,0.0013522757217288017,0.6020634770393372,2.0468955039978027,0.5533191561698914,0.001014277688227594,0.4429650902748108,2.065232038497925,0.5383787155151367,0.00047322013415396214,0.6045305132865906,2.108368396759033,0.5779806971549988,0.0007927892147563398,0.4402257800102234,2.1301698684692383,0.5656423568725586,0.000956340751145035,0.58216392993927,2.1885948181152344,0.22693543136119843,0.0005173387471586466,0.46469545364379883,2.199434757232666,0.17722593247890472,0.0008091205963864923,nan,nan,nan,nan,nan,nan,nan,nan,nan,nan,nan,nan,nan,nan,nan,nan,nan,nan,nan,nan,nan,nan,nan,nan,nan,nan,nan,nan,nan,nan,nan,nan,nan,nan,nan,nan,nan,nan,nan,nan,nan,nan,nan,nan,nan,nan,nan,nan,nan,nan,nan,nan,nan,nan,nan,nan,nan,nan,nan,nan,nan,nan,nan,nan,nan,nan,nan,nan,nan,nan,nan,nan,nan,nan,nan,nan,nan,nan,nan,nan,nan,nan,nan,nan,nan,nan,nan,nan,nan,nan,nan,nan,nan,nan,nan,nan,nan,nan,nan,nan,nan,nan,nan,nan,nan,nan,nan,nan,nan,nan,nan,nan,nan,nan,nan,nan,nan,nan,nan,nan,nan,nan,nan,nan,nan,nan
76,76,1,0,0,1.0,0.0,0.0,0.5178772211074829,0.3001682758331299,-0.657647430896759,0.9997827410697937,0.5331900119781494,0.26050662994384766,-0.6167612075805664,0.9994663000106812,0.5437824726104736,0.26037198305130005,-0.6169764399528503,0.9995366930961609,0.5511245131492615,0.2598460018634796,-0.6170693039894104,0.9994426965713501,0.5031418204307556,0.2616085410118103,-0.6199133396148682,0.9994882941246033,0.4947940409183502,0.2623631954193115,-0.6196845173835754,0.999587893486023,0.48611247539520264,0.26340630650520325,-0.6201488375663757,0.9995189905166626,0.5650635361671448,0.27995502948760986,-0.34171879291534424,0.9992073774337769,0.47852978110313416,0.2855004668235779,-0.34279492497444153,0.9996457695960999,0.539749801158905,0.34232333302497864,-0.5570878982543945,0.9998806715011597,0.5009251236915588,0.34375736117362976,-0.55755615234375,0.9998944401741028,0.6531530022621155,0.5404473543167114,-0.1801007091999054,0.9995505213737488,0.3992055356502533,0.5549837350845337,-0.2093895971775055,0.9996849298477173,0.7054703235626221,0.8620380163192749,-0.13750210404396057,0.8961514830589294,0.3506148159503937,0.8596622347831726,-0.1870041936635971,0.934184730052948,0.7089071869850159,1.1190862655639648,-0.4305363893508911,0.3696577250957489,0.3505951464176178,1.1326836347579956,-0.47211840748786926,0.5139735341072083,0.7190824747085571,1.2282302379608154,-0.5128522515296936,0.2711966633796692,0.3443146049976349,1.2121233940124512,-0.5517874956130981,0.37686458230018616,0.6983310580253601,1.2017149925231934,-0.5713695287704468,0.332391619682312,0.36291176080703735,1.2020156383514404,-0.6250928640365601,0.4206075668334961,0.702299952507019,1.1562646627426147,-0.4654251039028168,0.34208038449287415,0.36956077814102173,1.169867753982544,-0.5091787576675415,0.4680905044078827,0.6206820011138916,1.159122347831726,-0.032635655254125595,0.1096280962228775,0.4496783912181854,1.166446328163147,0.034635767340660095,0.12029159814119339,0.6117175817489624,1.6290966272354126,0.08835319429636002,0.0020870408043265343,0.44637900590896606,1.639248013496399,0.18351182341575623,0.0013180923415347934,0.6063328981399536,2.0473437309265137,0.5518441796302795,0.0009980559116229415,0.44494375586509705,2.066537618637085,0.5870014429092407,0.00046171265421435237,0.6094629764556885,2.1093590259552,0.5766994953155518,0.0007823278428986669,0.4421243965625763,2.1322150230407715,0.6169528365135193,0.0009352655615657568,0.5862321853637695,2.189751386642456,0.22022438049316406,0.0005119953420944512,0.4692767262458801,2.2009835243225098,0.2252867966890335,0.0008033649646677077,nan,nan,nan,nan,nan,nan,nan,nan,nan,nan,nan,nan,nan,nan,nan,nan,nan,nan,nan,nan,nan,nan,nan,nan,nan,nan,nan,nan,nan,nan,nan,nan,nan,nan,nan,nan,nan,nan,nan,nan,nan,nan,nan,nan,nan,nan,nan,nan,nan,nan,nan,nan,nan,nan,nan,nan,nan,nan,nan,nan,nan,nan,nan,nan,nan,nan,nan,nan,nan,nan,nan,nan,nan,nan,nan,nan,nan,nan,nan,nan,nan,nan,nan,nan,nan,nan,nan,nan,nan,nan,nan,nan,nan,nan,nan,nan,nan,nan,nan,nan,nan,nan,nan,nan,nan,nan,nan,nan,nan,nan,nan,nan,nan,nan,nan,nan,nan,nan,nan,nan,nan,nan,nan,nan,nan,nan
77,77,1,0,0,1.0,0.0,0.0,0.5178222060203552,0.29997870326042175,-0.649402916431427,0.9997780919075012,0.5331365466117859,0.2604130506515503,-0.6084849238395691,0.9994527101516724,0.5437335968017578,0.2603192925453186,-0.6086915135383606,0.9995255470275879,0.551111102104187,0.25981605052948,-0.6087628602981567,0.9994276762008667,0.5031135082244873,0.26138705015182495,-0.61167311668396,0.9994757771492004,0.49476444721221924,0.2621321678161621,-0.6114640235900879,0.9995794296264648,0.4860728681087494,0.2631462812423706,-0.6119171380996704,0.9995077848434448,0.564937174320221,0.27995097637176514,-0.33879581093788147,0.9991825819015503,0.47843682765960693,0.2852032780647278,-0.3415185213088989,0.9996377229690552,0.5396841168403625,0.34207451343536377,-0.551139771938324,0.9998754262924194,0.5007914304733276,0.343227744102478,-0.5518333315849304,0.9998905062675476,0.6529940962791443,0.5403708815574646,-0.1788819432258606,0.9995328783988953,0.3991602957248688,0.5549362301826477,-0.20968939363956451,0.9996721744537354,0.7054852247238159,0.8614921569824219,-0.13059061765670776,0.8931523561477661,0.3507629930973053,0.8596504926681519,-0.18927381932735443,0.9321537613868713,0.709057092666626,1.1171435117721558,-0.4083625078201294,0.364846408367157,0.3505755662918091,1.1333379745483398,-0.4723259508609772,0.5092816352844238,0.7196447849273682,1.2242467403411865,-0.4850204586982727,0.2679542899131775,0.3440544605255127,1.2113609313964844,-0.5517538189888,0.37347158789634705,0.6981753706932068,1.2017171382904053,-0.543975293636322,0.3297358751296997,0.3628796935081482,1.2010891437530518,-0.6244879961013794,0.4177198112010956,0.7026238441467285,1.1536308526992798,-0.44284018874168396,0.33927157521247864,0.36953702569007874,1.168849229812622,-0.5092127323150635,0.4650631248950958,0.6210483908653259,1.158980369567871,-0.03136968985199928,0.1044420599937439,0.45018187165260315,1.1663846969604492,0.033352386206388474,0.11441124975681305,0.6128091216087341,1.629205584526062,0.08436557650566101,0.0020705682691186666,0.4480675160884857,1.639858603477478,0.13461408019065857,0.0012895883992314339,0.6075811386108398,2.0486462116241455,0.5332874655723572,0.0009963931515812874,0.44710201025009155,2.068073272705078,0.4807368814945221,0.0004550506127998233,0.6107221841812134,2.110901355743408,0.5565417408943176,0.0007786075002513826,0.44444191455841064,2.1335079669952393,0.5037747025489807,0.0009171315468847752,0.5878596305847168,2.1906237602233887,0.2085370123386383,0.0005122106522321701,0.4713396728038788,2.2026891708374023,0.11577259004116058,0.0007933107553981245,nan,nan,nan,nan,nan,nan,nan,nan,nan,nan,nan,nan,nan,nan,nan,nan,nan,nan,nan,nan,nan,nan,nan,nan,nan,nan,nan,nan,nan,nan,nan,nan,nan,nan,nan,nan,nan,nan,nan,nan,nan,nan,nan,nan,nan,nan,nan,nan,nan,nan,nan,nan,nan,nan,nan,nan,nan,nan,nan,nan,nan,nan,nan,nan,nan,nan,nan,nan,nan,nan,nan,nan,nan,nan,nan,nan,nan,nan,nan,nan,nan,nan,nan,nan,nan,nan,nan,nan,nan,nan,nan,nan,nan,nan,nan,nan,nan,nan,nan,nan,nan,nan,nan,nan,nan,nan,nan,nan,nan,nan,nan,nan,nan,nan,nan,nan,nan,nan,nan,nan,nan,nan,nan,nan,nan,nan
78,78,1,0,0,1.0,0.0,0.0,0.5175610184669495,0.2999376356601715,-0.6479935050010681,0.9997809529304504,0.5328642129898071,0.2603480815887451,-0.6070335507392883,0.9994567036628723,0.5434479713439941,0.2602674067020416,-0.6072453260421753,0.9995295405387878,0.5509904623031616,0.259770005941391,-0.6073029637336731,0.9994313716888428,0.5029552578926086,0.26133814454078674,-0.6099094748497009,0.9994791150093079,0.4946100115776062,0.2620951235294342,-0.609703004360199,0.9995827078819275,0.4859388470649719,0.26311054825782776,-0.6101508140563965,0.9995101690292358,0.5646321773529053,0.2799311578273773,-0.33743539452552795,0.999186098575592,0.4783194959163666,0.2851664423942566,-0.33994877338409424,0.9996377825737,0.5394495725631714,0.34199702739715576,-0.5494749546051025,0.9998748302459717,0.5005289912223816,0.34314805269241333,-0.5499175786972046,0.9998898506164551,0.6528982520103455,0.5402154922485352,-0.17642509937286377,0.9995285868644714,0.3991651237010956,0.5549107193946838,-0.2066347599029541,0.9996626377105713,0.7055583596229553,0.8592900037765503,-0.12787625193595886,0.8901703953742981,0.35092464089393616,0.8595922589302063,-0.18364930152893066,0.9299662113189697,0.709027111530304,1.1144115924835205,-0.41143375635147095,0.3664986491203308,0.35056740045547485,1.1333117485046387,-0.47239211201667786,0.5066970586776733,0.7196346521377563,1.2199745178222656,-0.48950955271720886,0.26925545930862427,0.34396445751190186,1.2106664180755615,-0.5520617961883545,0.3715260326862335,0.6978844404220581,1.2001131772994995,-0.5488738417625427,0.33229097723960876,0.3626626431941986,1.199428915977478,-0.6247771978378296,0.41675883531570435,0.7025755047798157,1.14833402633667,-0.44619372487068176,0.3411983251571655,0.3693767189979553,1.1669235229492188,-0.5093154311180115,0.46343380212783813,0.622270405292511,1.1589350700378418,-0.031345319002866745,0.09979771822690964,0.4513520896434784,1.1665445566177368,0.03333151340484619,0.10923396795988083,0.6153607964515686,1.6291897296905518,0.08143806457519531,0.002066158689558506,0.4504881203174591,1.6401861906051636,0.12240951508283615,0.0012670549331232905,0.6113904714584351,2.0487096309661865,0.5265072584152222,0.0009891754016280174,0.45021486282348633,2.0686261653900146,0.464785099029541,0.00044797471491619945,0.6145114302635193,2.111056327819824,0.5495861768722534,0.0007772906683385372,0.44801047444343567,2.134359359741211,0.4873614013195038,0.0008992749499157071,0.5922759771347046,2.1906485557556152,0.2029723972082138,0.0005141482106409967,0.4740414023399353,2.2027318477630615,0.09942130744457245,0.0007939859642647207,nan,nan,nan,nan,nan,nan,nan,nan,nan,nan,nan,nan,nan,nan,nan,nan,nan,nan,nan,nan,nan,nan,nan,nan,nan,nan,nan,nan,nan,nan,nan,nan,nan,nan,nan,nan,nan,nan,nan,nan,nan,nan,nan,nan,nan,nan,nan,nan,nan,nan,nan,nan,nan,nan,nan,nan,nan,nan,nan,nan,nan,nan,nan,nan,nan,nan,nan,nan,nan,nan,nan,nan,nan,nan,nan,nan,nan,nan,nan,nan,nan,nan,nan,nan,nan,nan,nan,nan,nan,nan,nan,nan,nan,nan,nan,nan,nan,nan,nan,nan,nan,nan,nan,nan,nan,nan,nan,nan,nan,nan,nan,nan,nan,nan,nan,nan,nan,nan,nan,nan,nan,nan,nan,nan,nan,nan
79,79,1,0,0,1.0,0.0,0.0,0.517117977142334,0.2998483180999756,-0.6490712761878967,0.9997749924659729,0.532482385635376,0.2602837085723877,-0.6084361672401428,0.9994447231292725,0.5430564284324646,0.26022785902023315,-0.6086441874504089,0.9995166063308716,0.5508080124855042,0.2597394585609436,-0.6087145209312439,0.999419093132019,0.5026786923408508,0.26125168800354004,-0.6107367873191833,0.9994673728942871,0.4943029582500458,0.26202183961868286,-0.6105230450630188,0.9995723962783813,0.4856875240802765,0.2630384862422943,-0.6109644770622253,0.9995010495185852,0.564340353012085,0.27992287278175354,-0.3379001319408417,0.9991670250892639,0.4782218635082245,0.2851055860519409,-0.3396468162536621,0.999627947807312,0.539081335067749,0.3418651521205902,-0.5507937669754028,0.9998726844787598,0.5001316666603088,0.3429163098335266,-0.5505689978599548,0.9998873472213745,0.6528491377830505,0.5401381254196167,-0.18391673266887665,0.9995269775390625,0.3991701900959015,0.5548688769340515,-0.20461896061897278,0.9996615052223206,0.7056826949119568,0.8592718243598938,-0.12828966975212097,0.8927004933357239,0.3509189486503601,0.8591275811195374,-0.1755491942167282,0.9306959509849548,0.7087806463241577,1.117653250694275,-0.40288615226745605,0.3687249720096588,0.34986573457717896,1.1333101987838745,-0.45802077651023865,0.5077448487281799,0.7194246053695679,1.2220419645309448,-0.4795773923397064,0.27021321654319763,0.3396879732608795,1.2103288173675537,-0.5341562032699585,0.3724350035190582,0.6976983547210693,1.2018554210662842,-0.5389806032180786,0.3336537480354309,0.35879024863243103,1.1994311809539795,-0.6114671230316162,0.4178781509399414,0.7025985717773438,1.149845004081726,-0.4370037615299225,0.3430679142475128,0.3665519654750824,1.1668250560760498,-0.496732622385025,0.46533504128456116,0.6218453049659729,1.1041274070739746,-0.032791975885629654,0.10001575201749802,0.4517008364200592,1.1657215356826782,0.03471651300787926,0.10925852507352829,0.6153810024261475,1.6284812688827515,0.07799508422613144,0.00204188353382051,0.45072346925735474,1.6397182941436768,0.12706351280212402,0.0012620132183656096,0.611225962638855,2.0487148761749268,0.5235788822174072,0.0009848378831520677,0.4502529203891754,2.06862735748291,0.47603970766067505,0.00044756889110431075,0.614430844783783,2.1110215187072754,0.5466899275779724,0.0007674428052268922,0.4480574429035187,2.13411021232605,0.4995569884777069,0.000899527920410037,0.5914304256439209,2.190617322921753,0.19769376516342163,0.0005065639270469546,0.4739859402179718,2.202786684036255,0.10971678793430328,0.0007837474113330245,nan,nan,nan,nan,nan,nan,nan,nan,nan,nan,nan,nan,nan,nan,nan,nan,nan,nan,nan,nan,nan,nan,nan,nan,nan,nan,nan,nan,nan,nan,nan,nan,nan,nan,nan,nan,nan,nan,nan,nan,nan,nan,nan,nan,nan,nan,nan,nan,nan,nan,nan,nan,nan,nan,nan,nan,nan,nan,nan,nan,nan,nan,nan,nan,nan,nan,nan,nan,nan,nan,nan,nan,nan,nan,nan,nan,nan,nan,nan,nan,nan,nan,nan,nan,nan,nan,nan,nan,nan,nan,nan,nan,nan,nan,nan,nan,nan,nan,nan,nan,nan,nan,nan,nan,nan,nan,nan,nan,nan,nan,nan,nan,nan,nan,nan,nan,nan,nan,nan,nan,nan,nan,nan,nan,nan,nan
80,80,1,0,0,1.0,0.0,0.0,0.5169358253479004,0.29938432574272156,-0.6887814402580261,0.999777615070343,0.5323063731193542,0.259949654340744,-0.6505524516105652,0.9994492530822754,0.5428884029388428,0.259964257478714,-0.6507023572921753,0.9995192289352417,0.55072420835495,0.259540319442749,-0.6507840752601624,0.999424159526825,0.5025520920753479,0.2609139084815979,-0.6514981389045715,0.9994745850563049,0.4941593110561371,0.26174187660217285,-0.6512824296951294,0.999577522277832,0.48555949330329895,0.26279792189598083,-0.6517255902290344,0.9995091557502747,0.5641396045684814,0.27988243103027344,-0.3832334280014038,0.9991735816001892,0.4781581461429596,0.28488877415657043,-0.37753674387931824,0.9996323585510254,0.5389484167098999,0.3414155840873718,-0.5904088616371155,0.9998741745948792,0.4999423921108246,0.3422817289829254,-0.5884566307067871,0.9998887777328491,0.6526474952697754,0.5401250720024109,-0.2175607681274414,0.9995241165161133,0.3992037773132324,0.5545949339866638,-0.22856326401233673,0.99966961145401,0.705869734287262,0.8614009022712708,-0.14659667015075684,0.8934763669967651,0.35091668367385864,0.8592320084571838,-0.1819133162498474,0.9312037825584412,0.7087323665618896,1.1258785724639893,-0.4038553535938263,0.3646085858345032,0.3472818434238434,1.1384886503219604,-0.4591407775878906,0.5073587894439697,0.7188950181007385,1.2308443784713745,-0.48324427008628845,0.26614996790885925,0.3356421887874603,1.2223601341247559,-0.5359237790107727,0.3719364404678345,0.6970095634460449,1.2177542448043823,-0.5418009757995605,0.32957398891448975,0.3555406630039215,1.2141032218933105,-0.6117203831672668,0.417662650346756,0.7025881409645081,1.1651452779769897,-0.4379065930843353,0.339370459318161,0.3640994131565094,1.180261492729187,-0.4970627725124359,0.4654677212238312,0.6214908957481384,1.0939147472381592,-0.03288016468286514,0.09802675247192383,0.45173126459121704,1.1655970811843872,0.03481427952647209,0.10782626271247864,0.6168647408485413,1.6285017728805542,0.06713198125362396,0.0019760390277951956,0.45144233107566833,1.6401182413101196,0.12944023311138153,0.0012206564424559474,0.6133422255516052,2.049424171447754,0.5114595890045166,0.000942571961786598,0.45135900378227234,2.0700063705444336,0.4846397340297699,0.00042939293780364096,0.6169546246528625,2.111523151397705,0.5341007709503174,0.00073193886782974,0.4493091106414795,2.135190963745117,0.5090252161026001,0.0008600099827162921,0.5923099517822266,2.1917386054992676,0.17576053738594055,0.00048790083383210003,0.47500914335250854,2.205005407333374,0.11334045231342316,0.0007552907918579876,nan,nan,nan,nan,nan,nan,nan,nan,nan,nan,nan,nan,nan,nan,nan,nan,nan,nan,nan,nan,nan,nan,nan,nan,nan,nan,nan,nan,nan,nan,nan,nan,nan,nan,nan,nan,nan,nan,nan,nan,nan,nan,nan,nan,nan,nan,nan,nan,nan,nan,nan,nan,nan,nan,nan,nan,nan,nan,nan,nan,nan,nan,nan,nan,nan,nan,nan,nan,nan,nan,nan,nan,nan,nan,nan,nan,nan,nan,nan,nan,nan,nan,nan,nan,nan,nan,nan,nan,nan,nan,nan,nan,nan,nan,nan,nan,nan,nan,nan,nan,nan,nan,nan,nan,nan,nan,nan,nan,nan,nan,nan,nan,nan,nan,nan,nan,nan,nan,nan,nan,nan,nan,nan,nan,nan,nan
81,81,1,0,0,1.0,0.0,0.0,0.5168405175209045,0.2989743649959564,-0.6692684888839722,0.9997785687446594,0.5321924686431885,0.2596828043460846,-0.629927933216095,0.9994494915008545,0.5427792072296143,0.2597593665122986,-0.6300662755966187,0.999518632888794,0.5506707429885864,0.2593812644481659,-0.6301357746124268,0.9994251728057861,0.5024609565734863,0.2605752646923065,-0.6307719945907593,0.9994755387306213,0.49404749274253845,0.26143956184387207,-0.6305627822875977,0.9995779395103455,0.4854530394077301,0.2625245749950409,-0.6309996247291565,0.9995108246803284,0.5639512538909912,0.2798445224761963,-0.36693260073661804,0.9991728067398071,0.478028267621994,0.2846977710723877,-0.3596184551715851,0.9996306300163269,0.5388906598091125,0.34095507860183716,-0.5734577775001526,0.9998742341995239,0.49979573488235474,0.3415801227092743,-0.5711747407913208,0.9998885989189148,0.6524524092674255,0.5400592088699341,-0.21416717767715454,0.9995285272598267,0.39908918738365173,0.554559588432312,-0.2180682271718979,0.9996740818023682,0.705887496471405,0.8619929552078247,-0.14618216454982758,0.8949087262153625,0.3509007692337036,0.859387993812561,-0.1768825799226761,0.9314004778862,0.7087292671203613,1.127192497253418,-0.40627390146255493,0.3655785322189331,0.345257043838501,1.139569878578186,-0.45431777834892273,0.5097476840019226,0.7194769978523254,1.232592225074768,-0.485882431268692,0.2665291428565979,0.3271874189376831,1.2334344387054443,-0.5299481153488159,0.37422624230384827,0.6970900297164917,1.223522663116455,-0.5450699925422668,0.3304753303527832,0.3501308560371399,1.222071647644043,-0.6072090864181519,0.4203108847141266,0.7026200890541077,1.164965033531189,-0.4406629800796509,0.34066644310951233,0.3613746166229248,1.1801114082336426,-0.49304166436195374,0.4687522053718567,0.621474027633667,1.0913888216018677,-0.03337608277797699,0.09691023081541061,0.452352911233902,1.1661334037780762,0.03532576188445091,0.1068170890212059,0.620187520980835,1.6285289525985718,0.06711967289447784,0.0019116793991997838,0.4543868601322174,1.641029953956604,0.130890354514122,0.00117671734187752,0.6177594661712646,2.0500519275665283,0.5123839974403381,0.0009128737146966159,0.45511093735694885,2.0712504386901855,0.4865572154521942,0.0004143648548051715,0.6219058036804199,2.112159252166748,0.5352277755737305,0.0007089459686540067,0.45298266410827637,2.1363439559936523,0.5107070207595825,0.0008285535732284188,0.5963602662086487,2.1922409534454346,0.17981387674808502,0.0004729807551484555,0.47908544540405273,2.2062597274780273,0.1179981455206871,0.0007304075406864285,nan,nan,nan,nan,nan,nan,nan,nan,nan,nan,nan,nan,nan,nan,nan,nan,nan,nan,nan,nan,nan,nan,nan,nan,nan,nan,nan,nan,nan,nan,nan,nan,nan,nan,nan,nan,nan,nan,nan,nan,nan,nan,nan,nan,nan,nan,nan,nan,nan,nan,nan,nan,nan,nan,nan,nan,nan,nan,nan,nan,nan,nan,nan,nan,nan,nan,nan,nan,nan,nan,nan,nan,nan,nan,nan,nan,nan,nan,nan,nan,nan,nan,nan,nan,nan,nan,nan,nan,nan,nan,nan,nan,nan,nan,nan,nan,nan,nan,nan,nan,nan,nan,nan,nan,nan,nan,nan,nan,nan,nan,nan,nan,nan,nan,nan,nan,nan,nan,nan,nan,nan,nan,nan,nan,nan,nan
82,82,1,0,0,1.0,0.0,0.0,0.5163978338241577,0.29864540696144104,-0.6655755639076233,0.9997793436050415,0.531812846660614,0.25945141911506653,-0.6263067722320557,0.9994475841522217,0.5423930287361145,0.25957974791526794,-0.6264369487762451,0.9995172023773193,0.550480842590332,0.25923529267311096,-0.6265066862106323,0.9994245171546936,0.502177894115448,0.26033201813697815,-0.6267992854118347,0.9994732141494751,0.4937274158000946,0.261238694190979,-0.6265758275985718,0.9995753765106201,0.48519304394721985,0.2623386085033417,-0.6270214319229126,0.9995079636573792,0.5636960864067078,0.2797934412956238,-0.3657066822052002,0.9991713166236877,0.47791072726249695,0.2845303416252136,-0.355962336063385,0.9996256232261658,0.5385605096817017,0.34064269065856934,-0.5704106092453003,0.999873697757721,0.4994112551212311,0.3411014974117279,-0.5676406621932983,0.9998874068260193,0.6523658037185669,0.5400177836418152,-0.21247225999832153,0.9995308518409729,0.3990442156791687,0.5545247793197632,-0.21351441740989685,0.9996740818023682,0.7059321999549866,0.8633202314376831,-0.14221613109111786,0.8943982720375061,0.3508545756340027,0.8594970107078552,-0.17156614363193512,0.9290838837623596,0.7091742753982544,1.1306692361831665,-0.40366074442863464,0.363197386264801,0.3416258692741394,1.1421524286270142,-0.45174258947372437,0.5054275989532471,0.7204484939575195,1.2351645231246948,-0.4803248643875122,0.2650047838687897,0.3209362328052521,1.2400219440460205,-0.5276961326599121,0.37177133560180664,0.6975329518318176,1.227985143661499,-0.541674792766571,0.3295799493789673,0.34345734119415283,1.2271744012832642,-0.6055803298950195,0.4183213412761688,0.7040108442306519,1.1667581796646118,-0.4388018250465393,0.33982327580451965,0.35774824023246765,1.1811113357543945,-0.4911094605922699,0.4669829308986664,0.6212273240089417,1.090004801750183,-0.033373136073350906,0.09431984275579453,0.45232149958610535,1.1662636995315552,0.035332418978214264,0.10397501289844513,0.6206368803977966,1.6291475296020508,0.0640837699174881,0.0018338317750021815,0.4547078311443329,1.6421138048171997,0.12926265597343445,0.0011221988825127482,0.6178905963897705,2.051511764526367,0.5057104825973511,0.0008706277585588396,0.45503535866737366,2.0731241703033447,0.4855591952800751,0.0003938813169952482,0.6221334934234619,2.113642454147339,0.5279473662376404,0.0006749916356056929,0.4529320299625397,2.1384103298187256,0.509461522102356,0.0007854807772673666,0.59625244140625,2.1939077377319336,0.1707167774438858,0.0004530218429863453,0.47903895378112793,2.208651542663574,0.11564917862415314,0.0006979457684792578,nan,nan,nan,nan,nan,nan,nan,nan,nan,nan,nan,nan,nan,nan,nan,nan,nan,nan,nan,nan,nan,nan,nan,nan,nan,nan,nan,nan,nan,nan,nan,nan,nan,nan,nan,nan,nan,nan,nan,nan,nan,nan,nan,nan,nan,nan,nan,nan,nan,nan,nan,nan,nan,nan,nan,nan,nan,nan,nan,nan,nan,nan,nan,nan,nan,nan,nan,nan,nan,nan,nan,nan,nan,nan,nan,nan,nan,nan,nan,nan,nan,nan,nan,nan,nan,nan,nan,nan,nan,nan,nan,nan,nan,nan,nan,nan,nan,nan,nan,nan,nan,nan,nan,nan,nan,nan,nan,nan,nan,nan,nan,nan,nan,nan,nan,nan,nan,nan,nan,nan,nan,nan,nan,nan,nan,nan
83,83,1,0,0,1.0,0.0,0.0,0.516089141368866,0.2984559237957001,-0.6653952598571777,0.9997825026512146,0.5315716862678528,0.2591025233268738,-0.6261417269706726,0.9994543790817261,0.5421850681304932,0.2592446804046631,-0.6262672543525696,0.9995227456092834,0.5503835678100586,0.2589292526245117,-0.6263434886932373,0.9994325041770935,0.5018932819366455,0.26011326909065247,-0.6262461543083191,0.9994785785675049,0.49337977170944214,0.2610907256603241,-0.6260153651237488,0.999578595161438,0.4848954975605011,0.2622171938419342,-0.6264523267745972,0.9995123744010925,0.5636272430419922,0.2796702980995178,-0.36393022537231445,0.9991828203201294,0.47777998447418213,0.2844337224960327,-0.35451674461364746,0.9996271133422852,0.5384277105331421,0.34043848514556885,-0.569894015789032,0.9998750686645508,0.4990572929382324,0.3409825563430786,-0.567461371421814,0.9998877644538879,0.652350127696991,0.5400564670562744,-0.20905907452106476,0.9995297193527222,0.3989998698234558,0.5545053482055664,-0.211063951253891,0.9996705055236816,0.7060902714729309,0.8649657964706421,-0.14111004769802094,0.8933229446411133,0.35076096653938293,0.8594874739646912,-0.16748954355716705,0.9265388250350952,0.7098520398139954,1.1316444873809814,-0.40077081322669983,0.3603264391422272,0.3390340209007263,1.1428182125091553,-0.4506468176841736,0.501962423324585,0.7215303778648376,1.2364015579223633,-0.4767932891845703,0.2638322710990906,0.3177041709423065,1.2418794631958008,-0.5266633033752441,0.3707098960876465,0.6982364654541016,1.2297121286392212,-0.5378378033638,0.3291601240634918,0.34046947956085205,1.2275328636169434,-0.6050958037376404,0.4178587794303894,0.7050542831420898,1.1688904762268066,-0.4358677864074707,0.3394748270511627,0.3546149432659149,1.180912971496582,-0.4904727041721344,0.4666440188884735,0.6213561296463013,1.1307990550994873,-0.03407127782702446,0.09076818823814392,0.4522842764854431,1.166397213935852,0.0360824353992939,0.09980623424053192,0.6206008195877075,1.6305115222930908,0.061380185186862946,0.0017529987962916493,0.4546804130077362,1.6436694860458374,0.13009212911128998,0.0010676486417651176,0.6178150773048401,2.0541868209838867,0.506297767162323,0.0008291850099340081,0.4550098478794098,2.0752615928649902,0.4884463846683502,0.00037222227547317743,0.6219696998596191,2.116497039794922,0.5287634134292603,0.0006400589481927454,0.45284590125083923,2.140521287918091,0.5126264691352844,0.0007409554091282189,0.5956931114196777,2.1960902214050293,0.17041398584842682,0.00043236237252131104,0.47901126742362976,2.211361885070801,0.1179124265909195,0.0006635207682847977,nan,nan,nan,nan,nan,nan,nan,nan,nan,nan,nan,nan,nan,nan,nan,nan,nan,nan,nan,nan,nan,nan,nan,nan,nan,nan,nan,nan,nan,nan,nan,nan,nan,nan,nan,nan,nan,nan,nan,nan,nan,nan,nan,nan,nan,nan,nan,nan,nan,nan,nan,nan,nan,nan,nan,nan,nan,nan,nan,nan,nan,nan,nan,nan,nan,nan,nan,nan,nan,nan,nan,nan,nan,nan,nan,nan,nan,nan,nan,nan,nan,nan,nan,nan,nan,nan,nan,nan,nan,nan,nan,nan,nan,nan,nan,nan,nan,nan,nan,nan,nan,nan,nan,nan,nan,nan,nan,nan,nan,nan,nan,nan,nan,nan,nan,nan,nan,nan,nan,nan,nan,nan,nan,nan,nan,nan
84,84,0,0,0,0.0,0.0,0.0,nan,nan,nan,nan,nan,nan,nan,nan,nan,nan,nan,nan,nan,nan,nan,nan,nan,nan,nan,nan,nan,nan,nan,nan,nan,nan,nan,nan,nan,nan,nan,nan,nan,nan,nan,nan,nan,nan,nan,nan,nan,nan,nan,nan,nan,nan,nan,nan,nan,nan,nan,nan,nan,nan,nan,nan,nan,nan,nan,nan,nan,nan,nan,nan,nan,nan,nan,nan,nan,nan,nan,nan,nan,nan,nan,nan,nan,nan,nan,nan,nan,nan,nan,nan,nan,nan,nan,nan,nan,nan,nan,nan,nan,nan,nan,nan,nan,nan,nan,nan,nan,nan,nan,nan,nan,nan,nan,nan,nan,nan,nan,nan,nan,nan,nan,nan,nan,nan,nan,nan,nan,nan,nan,nan,nan,nan,nan,nan,nan,nan,nan,nan,nan,nan,nan,nan,nan,nan,nan,nan,nan,nan,nan,nan,nan,nan,nan,nan,nan,nan,nan,nan,nan,nan,nan,nan,nan,nan,nan,nan,nan,nan,nan,nan,nan,nan,nan,nan,nan,nan,nan,nan,nan,nan,nan,nan,nan,nan,nan,nan,nan,nan,nan,nan,nan,nan,nan,nan,nan,nan,nan,nan,nan,nan,nan,nan,nan,nan,nan,nan,nan,nan,nan,nan,nan,nan,nan,nan,nan,nan,nan,nan,nan,nan,nan,nan,nan,nan,nan,nan,nan,nan,nan,nan,nan,nan,nan,nan,nan,nan,nan,nan,nan,nan,nan,nan,nan,nan,nan,nan,nan,nan,nan,nan,nan,nan,nan,nan,nan,nan,nan,nan,nan,nan,nan,nan,nan,nan
