frame,timestamp_ms,pose_present,left_hand_present,right_hand_present,pose_score,left_hand_score,right_hand_score,pose_lm0_x,pose_lm0_y,pose_lm0_z,pose_lm0_vis,pose_lm1_x,pose_lm1_y,pose_lm1_z,pose_lm1_vis,pose_lm2_x,pose_lm2_y,pose_lm2_z,pose_lm2_vis,pose_lm3_x,pose_lm3_y,pose_lm3_z,pose_lm3_vis,pose_lm4_x,pose_lm4_y,pose_lm4_z,pose_lm4_vis,pose_lm5_x,pose_lm5_y,pose_lm5_z,pose_lm5_vis,pose_lm6_x,pose_lm6_y,pose_lm6_z,pose_lm6_vis,pose_lm7_x,pose_lm7_y,pose_lm7_z,pose_lm7_vis,pose_lm8_x,pose_lm8_y,pose_lm8_z,pose_lm8_vis,pose_lm9_x,pose_lm9_y,pose_lm9_z,pose_lm9_vis,pose_lm10_x,pose_lm10_y,pose_lm10_z,pose_lm10_vis,pose_lm11_x,pose_lm11_y,pose_lm11_z,pose_lm11_vis,pose_lm12_x,pose_lm12_y,pose_lm12_z,pose_lm12_vis,pose_lm13_x,pose_lm13_y,pose_lm13_z,pose_lm13_vis,pose_lm14_x,pose_lm14_y,pose_lm14_z,pose_lm14_vis,pose_lm15_x,pose_lm15_y,pose_lm15_z,pose_lm15_vis,pose_lm16_x,pose_lm16_y,pose_lm16_z,pose_lm16_vis,pose_lm17_x,pose_lm17_y,pose_lm17_z,pose_lm17_vis,pose_lm18_x,pose_lm18_y,pose_lm18_z,pose_lm18_vis,pose_lm19_x,pose_lm19_y,pose_lm19_z,pose_lm19_vis,pose_lm20_x,pose_lm20_y,pose_lm20_z,pose_lm20_vis,pose_lm21_x,pose_lm21_y,pose_lm21_z,pose_lm21_vis,pose_lm22_x,pose_lm22_y,pose_lm22_z,pose_lm22_vis,pose_lm23_x,pose_lm23_y,pose_lm23_z,pose_lm23_vis,pose_lm24_x,pose_lm24_y,pose_lm24_z,pose_lm24_vis,pose_lm25_x,pose_lm25_y,pose_lm25_z,pose_lm25_vis,pose_lm26_x,pose_lm26_y,pose_lm26_z,pose_lm26_vis,pose_lm27_x,pose_lm27_y,pose_lm27_z,pose_lm27_vis,pose_lm28_x,pose_lm28_y,pose_lm28_z,pose_lm28_vis,pose_lm29_x,pose_lm29_y,pose_lm29_z,pose_lm29_vis,pose_lm30_x,pose_lm30_y,pose_lm30_z,pose_lm30_vis,pose_lm31_x,pose_lm31_y,pose_lm31_z,pose_lm31_vis,pose_lm32_x,pose_lm32_y,pose_lm32_z,pose_lm32_vis,left_lm0_x,left_lm0_y,left_lm0_z,left_lm1_x,left_lm1_y,left_lm1_z,left_lm2_x,left_lm2_y,left_lm2_z,left_lm3_x,left_lm3_y,left_lm3_z,left_lm4_x,left_lm4_y,left_lm4_z,left_lm5_x,left_lm5_y,left_lm5_z,left_lm6_x,left_lm6_y,left_lm6_z,left_lm7_x,left_lm7_y,left_lm7_z,left_lm8_x,left_lm8_y,left_lm8_z,left_lm9_x,left_lm9_y,left_lm9_z,left_lm10_x,left_lm10_y,left_lm10_z,left_lm11_x,left_lm11_y,left_lm11_z,left_lm12_x,left_lm12_y,left_lm12_z,left_lm13_x,left_lm13_y,left_lm13_z,left_lm14_x,left_lm14_y,left_lm14_z,left_lm15_x,left_lm15_y,left_lm15_z,left_lm16_x,left_lm16_y,left_lm16_z,left_lm17_x,left_lm17_y,left_lm17_z,left_lm18_x,left_lm18_y,left_lm18_z,left_lm19_x,left_lm19_y,left_lm19_z,left_lm20_x,left_lm20_y,left_lm20_z,right_lm0_x,right_lm0_y,right_lm0_z,right_lm1_x,right_lm1_y,right_lm1_z,right_lm2_x,right_lm2_y,right_lm2_z,right_lm3_x,right_lm3_y,right_lm3_z,right_lm4_x,right_lm4_y,right_lm4_z,right_lm5_x,right_lm5_y,right_lm5_z,right_lm6_x,right_lm6_y,right_lm6_z,right_lm7_x,right_lm7_y,right_lm7_z,right_lm8_x,right_lm8_y,right_lm8_z,right_lm9_x,right_lm9_y,right_lm9_z,right_lm10_x,right_lm10_y,right_lm10_z,right_lm11_x,right_lm11_y,right_lm11_z,right_lm12_x,right_lm12_y,right_lm12_z,right_lm13_x,right_lm13_y,right_lm13_z,right_lm14_x,right_lm14_y,right_lm14_z,right_lm15_x,right_lm15_y,right_lm15_z,right_lm16_x,right_lm16_y,right_lm16_z,right_lm17_x,right_lm17_y,right_lm17_z,right_lm18_x,right_lm18_y,right_lm18_z,right_lm19_x,right_lm19_y,right_lm19_z,right_lm20_x,right_lm20_y,right_lm20_z
0,0,1,0,0,1.0,0.0,0.0,0.47619304060935974,0.34690892696380615,-0.9016740918159485,0.9997043013572693,0.4993857443332672,0.3140038251876831,-0.8692013621330261,0.9993477463722229,0.5109028220176697,0.31405073404312134,-0.8693588972091675,0.9993929266929626,0.522912323474884,0.31411439180374146,-0.8695967793464661,0.9993137121200562,0.4598540663719177,0.3153318762779236,-0.8695575594902039,0.9993928074836731,0.44737139344215393,0.3162192702293396,-0.8696221113204956,0.9994842410087585,0.43560999631881714,0.3174930810928345,-0.8701130151748657,0.9994576573371887,0.5447818636894226,0.3358742594718933,-0.5901128053665161,0.9990503787994385,0.425943523645401,0.34126603603363037,-0.583412766456604,0.9995607137680054,0.502586841583252,0.39149636030197144,-0.7919732332229614,0.9998376369476318,0.4541657567024231,0.3946738839149475,-0.7898940443992615,0.999864399433136,0.6458258032798767,0.5895462036132812,-0.3762509822845459,0.9989323616027832,0.35266679525375366,0.5841558575630188,-0.3904152512550354,0.9995764493942261,0.680553138256073,0.9135552644729614,-0.2777135968208313,0.8764036893844604,0.3011373281478882,0.8960708975791931,-0.30075255036354065,0.9214309453964233,0.6776399612426758,1.1075389385223389,-0.5349553823471069,0.34041792154312134,0.31102219223976135,1.1051127910614014,-0.5649781823158264,0.48090246319770813,0.6854045391082764,1.199870228767395,-0.6104428768157959,0.2505405843257904,0.31012195348739624,1.1839617490768433,-0.6451394557952881,0.35557839274406433,0.6894266605377197,1.1823776960372925,-0.6841736435890198,0.313154011964798,0.32357606291770935,1.1644947528839111,-0.7190279364585876,0.40409108996391296,0.6740309596061707,1.152817964553833,-0.5737861394882202,0.32387807965278625,0.3323497474193573,1.1354674100875854,-0.6024702191352844,0.44904908537864685,0.5855646133422852,1.1355658769607544,-0.020510297268629074,0.10296139866113663,0.3977181911468506,1.1267653703689575,0.022044401615858078,0.11595675349235535,0.5707727670669556,1.542885184288025,0.0959702581167221,0.005903173238039017,0.3868035078048706,1.5320086479187012,0.09723945707082748,0.004403392784297466,0.5655694007873535,1.8971971273422241,0.5858782529830933,0.00113196624442935,0.3903433382511139,1.8940556049346924,0.48372212052345276,0.0006223529344424605,0.5687666535377502,1.9515354633331299,0.6128491759300232,0.0007964093238115311,0.39153164625167847,1.947877049446106,0.5082879066467285,0.0011401149677112699,0.5392320156097412,2.0185439586639404,0.2334163635969162,0.0006349554168991745,0.40416890382766724,2.02079176902771,0.09537755697965622,0.0010213626082986593,nan,nan,nan,nan,nan,nan,nan,nan,nan,nan,nan,nan,nan,nan,nan,nan,nan,nan,nan,nan,nan,nan,nan,nan,nan,nan,nan,nan,nan,nan,nan,nan,nan,nan,nan,nan,nan,nan,nan,nan,nan,nan,nan,nan,nan,nan,nan,nan,nan,nan,nan,nan,nan,nan,nan,nan,nan,nan,nan,nan,nan,nan,nan,nan,nan,nan,nan,nan,nan,nan,nan,nan,nan,nan,nan,nan,nan,nan,nan,nan,nan,nan,nan,nan,nan,nan,nan,nan,nan,nan,nan,nan,nan,nan,nan,nan,nan,nan,nan,nan,nan,nan,nan,nan,nan,nan,nan,nan,nan,nan,nan,nan,nan,nan,nan,nan,nan,nan,nan,nan,nan,nan,nan,nan,nan,nan
1,1,1,0,0,1.0,0.0,0.0,0.47637438774108887,0.3490566611289978,-0.9610727429389954,0.999640941619873,0.49952173233032227,0.31498652696609497,-0.9278152585029602,0.9992288947105408,0.5114879608154297,0.314982146024704,-0.9280096292495728,0.9992664456367493,0.5229448080062866,0.31532230973243713,-0.928206741809845,0.9991771578788757,0.4598851799964905,0.31613272428512573,-0.9295655488967896,0.9993083477020264,0.4473869204521179,0.31702250242233276,-0.9297992587089539,0.9994118809700012,0.435905784368515,0.31840166449546814,-0.9303580522537231,0.9994059801101685,0.5442727208137512,0.33648625016212463,-0.6333266496658325,0.9988879561424255,0.4265381693840027,0.341877281665802,-0.6323593854904175,0.999489963054657,0.5027486085891724,0.39218494296073914,-0.845188319683075,0.9997944831848145,0.4541669487953186,0.39484962821006775,-0.8448987007141113,0.9998396039009094,0.6457182765007019,0.5892928242683411,-0.3923703134059906,0.9983216524124146,0.3518228828907013,0.5848830938339233,-0.4222155213356018,0.9994826316833496,0.6803326606750488,0.9134421944618225,-0.277446448802948,0.8595878481864929,0.3008100986480713,0.8968484401702881,-0.3246956169605255,0.9154335856437683,0.680665910243988,1.117506504058838,-0.5335256457328796,0.3215598464012146,0.3141089081764221,1.1034718751907349,-0.5986725687980652,0.4628775417804718,0.6932672262191772,1.1997387409210205,-0.6062934994697571,0.23799726366996765,0.3132043182849884,1.1806128025054932,-0.6822170615196228,0.34309253096580505,0.6900862455368042,1.1842281818389893,-0.6840353012084961,0.29752641916275024,0.3243250250816345,1.1584289073944092,-0.7570227384567261,0.39154309034347534,0.6744260787963867,1.154752254486084,-0.5733756422996521,0.30812668800354004,0.33310964703559875,1.1303040981292725,-0.6356154680252075,0.43235716223716736,0.5897420644760132,1.1378191709518433,-0.02044105902314186,0.10890823602676392,0.40014028549194336,1.1296935081481934,0.02191760763525963,0.12540771067142487,0.5729990005493164,1.5495374202728271,0.09604193270206451,0.008386559784412384,0.3874099850654602,1.5380752086639404,0.09023769944906235,0.006416726857423782,0.5680651664733887,1.91055428981781,0.5877963900566101,0.0016722229775041342,0.3903421461582184,1.908201813697815,0.4740511476993561,0.001311657135374844,0.5711825489997864,1.963054895401001,0.6145649552345276,0.0010962822707369924,0.3914731740951538,1.9611939191818237,0.49781346321105957,0.002024339744821191,0.5408786535263062,2.033973455429077,0.23153093457221985,0.0010065821697935462,0.4043296277523041,2.0342905521392822,0.07588829100131989,0.0019135542679578066,nan,nan,nan,nan,nan,nan,nan,nan,nan,nan,nan,nan,nan,nan,nan,nan,nan,nan,nan,nan,nan,nan,nan,nan,nan,nan,nan,nan,nan,nan,nan,nan,nan,nan,nan,nan,nan,nan,nan,nan,nan,nan,nan,nan,nan,nan,nan,nan,nan,nan,nan,nan,nan,nan,nan,nan,nan,nan,nan,nan,nan,nan,nan,nan,nan,nan,nan,nan,nan,nan,nan,nan,nan,nan,nan,nan,nan,nan,nan,nan,nan,nan,nan,nan,nan,nan,nan,nan,nan,nan,nan,nan,nan,nan,nan,nan,nan,nan,nan,nan,nan,nan,nan,nan,nan,nan,nan,nan,nan,nan,nan,nan,nan,nan,nan,nan,nan,nan,nan,nan,nan,nan,nan,nan,nan,nan
2,2,1,0,0,1.0,0.0,0.0,0.4764755666255951,0.3503624200820923,-0.9753967523574829,0.9995722770690918,0.49960413575172424,0.3156435787677765,-0.9425603747367859,0.9991025924682617,0.5118738412857056,0.31560972332954407,-0.9427483677864075,0.9991308450698853,0.5229743719100952,0.31613317131996155,-0.9429494142532349,0.9990324974060059,0.45990389585494995,0.316671758890152,-0.9440585970878601,0.9992192983627319,0.44739818572998047,0.3175523579120636,-0.9443174600601196,0.9993348121643066,0.4361308515071869,0.31897926330566406,-0.9448819160461426,0.9993515014648438,0.5439710021018982,0.33692726492881775,-0.6477446556091309,0.9987121224403381,0.4270392954349518,0.34220457077026367,-0.6460148096084595,0.9994133114814758,0.5028350949287415,0.3925897181034088,-0.8592110872268677,0.9997487664222717,0.4541652202606201,0.3949339985847473,-0.8586478233337402,0.9998134970664978,0.6456953883171082,0.5891465544700623,-0.401559978723526,0.9977030158042908,0.3512221872806549,0.5853675007820129,-0.4340737760066986,0.999395489692688,0.6802091002464294,0.9134132266044617,-0.27802136540412903,0.8431588411331177,0.3005788326263428,0.8972271680831909,-0.33435845375061035,0.9097166061401367,0.68162602186203,1.1224045753479004,-0.5329142808914185,0.3027367889881134,0.3158577084541321,1.1028462648391724,-0.6067639589309692,0.4449262320995331,0.6954859495162964,1.1997063159942627,-0.6038897037506104,0.2252645045518875,0.31486839056015015,1.179291844367981,-0.6902897357940674,0.33025068044662476,0.6900855302810669,1.185682773590088,-0.6838540434837341,0.2817625105381012,0.3248559534549713,1.1563938856124878,-0.7645208835601807,0.3785320520401001,0.6744204759597778,1.1561657190322876,-0.5731958150863647,0.29195836186408997,0.3336741030216217,1.1285717487335205,-0.6432205438613892,0.41535305976867676,0.5913481712341309,1.1399285793304443,-0.020314989611506462,0.11445126682519913,0.4013935923576355,1.131689429283142,0.02171756513416767,0.13461439311504364,0.5733556151390076,1.5541905164718628,0.09623506665229797,0.011834644712507725,0.3874536454677582,1.5414797067642212,0.08436861634254456,0.00924177560955286,0.5684265494346619,1.9175306558609009,0.5881887078285217,0.0024308545980602503,0.39006656408309937,1.9147391319274902,0.465127557516098,0.002227616962045431,0.5714372396469116,1.9694961309432983,0.6148475408554077,0.0015091774985194206,0.3910900354385376,1.967421054840088,0.4882827699184418,0.003212345764040947,0.5410584211349487,2.0414352416992188,0.22991952300071716,0.0014970559859648347,0.4041717052459717,2.04081654548645,0.0653303861618042,0.00302117713727057,nan,nan,nan,nan,nan,nan,nan,nan,nan,nan,nan,nan,nan,nan,nan,nan,nan,nan,nan,nan,nan,nan,nan,nan,nan,nan,nan,nan,nan,nan,nan,nan,nan,nan,nan,nan,nan,nan,nan,nan,nan,nan,nan,nan,nan,nan,nan,nan,nan,nan,nan,nan,nan,nan,nan,nan,nan,nan,nan,nan,nan,nan,nan,nan,nan,nan,nan,nan,nan,nan,nan,nan,nan,nan,nan,nan,nan,nan,nan,nan,nan,nan,nan,nan,nan,nan,nan,nan,nan,nan,nan,nan,nan,nan,nan,nan,nan,nan,nan,nan,nan,nan,nan,nan,nan,nan,nan,nan,nan,nan,nan,nan,nan,nan,nan,nan,nan,nan,nan,nan,nan,nan,nan,nan,nan,nan
3,3,1,0,0,1.0,0.0,0.0,0.47664159536361694,0.35094311833381653,-0.9737995862960815,0.9995019435882568,0.49972718954086304,0.31596219539642334,-0.9408881068229675,0.998971700668335,0.5122377872467041,0.31592658162117004,-0.9410734176635742,0.9989911913871765,0.5230188369750977,0.3165639042854309,-0.9412732124328613,0.9988835453987122,0.45997294783592224,0.31690654158592224,-0.9423163533210754,0.9991269111633301,0.44745880365371704,0.31777486205101013,-0.9425728917121887,0.9992554187774658,0.43640413880348206,0.3192206919193268,-0.9431397318840027,0.9992946982383728,0.5438061952590942,0.3371920883655548,-0.6474372148513794,0.9985259175300598,0.4275219440460205,0.34235814213752747,-0.645473062992096,0.9993332028388977,0.5029481649398804,0.3927627205848694,-0.8582525253295898,0.9997020363807678,0.4541783332824707,0.39494869112968445,-0.8576174974441528,0.9997868537902832,0.6456900238990784,0.5890679955482483,-0.40363678336143494,0.9970960021018982,0.3508882224559784,0.5856388211250305,-0.43547144532203674,0.9993126392364502,0.6801071166992188,0.9134179949760437,-0.2786582112312317,0.8276914358139038,0.30043619871139526,0.8974072337150574,-0.33719560503959656,0.9045167565345764,0.6821275949478149,1.125524878501892,-0.532853364944458,0.2854858338832855,0.31670498847961426,1.1024798154830933,-0.6088227033615112,0.428470641374588,0.6964542865753174,1.199728012084961,-0.6032959222793579,0.21356548368930817,0.3156343400478363,1.1785117387771606,-0.6923173666000366,0.31845399737358093,0.6900597810745239,1.1871514320373535,-0.6838554739952087,0.26726430654525757,0.3250696063041687,1.1552428007125854,-0.7660813331604004,0.36653587222099304,0.6743828058242798,1.157581090927124,-0.5732006430625916,0.2770856022834778,0.3339209258556366,1.1275707483291626,-0.6450960636138916,0.39976269006729126,0.5923941731452942,1.1417090892791748,-0.020177630707621574,0.11993692815303802,0.40222540497779846,1.1333070993423462,0.021514451131224632,0.1436588019132614,0.5735726952552795,1.556872844696045,0.09635023772716522,0.015144078992307186,0.387468159198761,1.5435662269592285,0.08116332441568375,0.011946736834943295,0.5686503648757935,1.9208163022994995,0.5884777903556824,0.0031598724890500307,0.38980749249458313,1.917737603187561,0.4613434672355652,0.0031069761607795954,0.5716022253036499,1.9726160764694214,0.6150813102722168,0.001912300125695765,0.3907388746738434,1.970316767692566,0.4843808114528656,0.004356516525149345,0.5411717295646667,2.044820785522461,0.22928372025489807,0.0019687837921082973,0.40397024154663086,2.0438079833984375,0.06252534687519073,0.004072566982358694,nan,nan,nan,nan,nan,nan,nan,nan,nan,nan,nan,nan,nan,nan,nan,nan,nan,nan,nan,nan,nan,nan,nan,nan,nan,nan,nan,nan,nan,nan,nan,nan,nan,nan,nan,nan,nan,nan,nan,nan,nan,nan,nan,nan,nan,nan,nan,nan,nan,nan,nan,nan,nan,nan,nan,nan,nan,nan,nan,nan,nan,nan,nan,nan,nan,nan,nan,nan,nan,nan,nan,nan,nan,nan,nan,nan,nan,nan,nan,nan,nan,nan,nan,nan,nan,nan,nan,nan,nan,nan,nan,nan,nan,nan,nan,nan,nan,nan,nan,nan,nan,nan,nan,nan,nan,nan,nan,nan,nan,nan,nan,nan,nan,nan,nan,nan,nan,nan,nan,nan,nan,nan,nan,nan,nan,nan
4,4,1,0,0,1.0,0.0,0.0,0.4768006205558777,0.35129642486572266,-0.9744699597358704,0.999435544013977,0.4998207092285156,0.3161334693431854,-0.9417605400085449,0.9988468885421753,0.512509286403656,0.31609028577804565,-0.9419418573379517,0.9988573789596558,0.5230602025985718,0.3167864680290222,-0.9421431422233582,0.998741090297699,0.4600265920162201,0.3170550763607025,-0.9431962966918945,0.999039351940155,0.44750452041625977,0.31792956590652466,-0.9434544444084167,0.9991800785064697,0.4366060197353363,0.3194013833999634,-0.9440234303474426,0.9992412328720093,0.5437062978744507,0.337321937084198,-0.648952305316925,0.9983460903167725,0.4278392791748047,0.34250983595848083,-0.6470320820808411,0.9992589354515076,0.5030781030654907,0.39285722374916077,-0.8591431379318237,0.9996581077575684,0.45420971512794495,0.3949582874774933,-0.8584977984428406,0.9997621178627014,0.6456886529922485,0.5889572501182556,-0.4055662751197815,0.9965320229530334,0.350665807723999,0.585793137550354,-0.43795695900917053,0.9992424249649048,0.6799818277359009,0.9134230017662048,-0.2795393764972687,0.8131003379821777,0.3003222346305847,0.8976247310638428,-0.3397924304008484,0.9000775814056396,0.6827808618545532,1.1274746656417847,-0.532856285572052,0.269501268863678,0.3168543875217438,1.1024510860443115,-0.6099873781204224,0.41400566697120667,0.6976379156112671,1.1997939348220825,-0.6030663251876831,0.2027292549610138,0.3156554400920868,1.178392767906189,-0.6931520700454712,0.30810412764549255,0.6901429891586304,1.1884726285934448,-0.6839149594306946,0.2538726329803467,0.325051873922348,1.1551414728164673,-0.7670688033103943,0.35609710216522217,0.6744247078895569,1.1588822603225708,-0.5733071565628052,0.26332011818885803,0.3339211344718933,1.1274925470352173,-0.6462928652763367,0.38608309626579285,0.592997670173645,1.1430906057357788,-0.020070141181349754,0.12396378815174103,0.40265899896621704,1.1344484090805054,0.021356472745537758,0.15094846487045288,0.5736371278762817,1.559059739112854,0.09657471626996994,0.018129248172044754,0.38746392726898193,1.545388102531433,0.07943210750818253,0.014362974092364311,0.5686711668968201,1.9235198497772217,0.58868008852005,0.0038144986610859632,0.38935574889183044,1.920234203338623,0.459374338388443,0.003868041094392538,0.5716049075126648,1.9753166437149048,0.6152219176292419,0.0022677623201161623,0.39018571376800537,1.9727727174758911,0.48239654302597046,0.0053658634424209595,0.5411692261695862,2.0475971698760986,0.22865891456604004,0.0023835510946810246,0.40348896384239197,2.046558141708374,0.06062750890851021,0.004979152698069811,nan,nan,nan,nan,nan,nan,nan,nan,nan,nan,nan,nan,nan,nan,nan,nan,nan,nan,nan,nan,nan,nan,nan,nan,nan,nan,nan,nan,nan,nan,nan,nan,nan,nan,nan,nan,nan,nan,nan,nan,nan,nan,nan,nan,nan,nan,nan,nan,nan,nan,nan,nan,nan,nan,nan,nan,nan,nan,nan,nan,nan,nan,nan,nan,nan,nan,nan,nan,nan,nan,nan,nan,nan,nan,nan,nan,nan,nan,nan,nan,nan,nan,nan,nan,nan,nan,nan,nan,nan,nan,nan,nan,nan,nan,nan,nan,nan,nan,nan,nan,nan,nan,nan,nan,nan,nan,nan,nan,nan,nan,nan,nan,nan,nan,nan,nan,nan,nan,nan,nan,nan,nan,nan,nan,nan,nan
5,5,1,0,0,1.0,0.0,0.0,0.47698265314102173,0.35145342350006104,-0.9757981300354004,0.9993640184402466,0.4999427795410156,0.3162008821964264,-0.9432371854782104,0.9987156391143799,0.5127824544906616,0.3161546587944031,-0.943422794342041,0.998714029788971,0.523120641708374,0.3168829083442688,-0.9436289668083191,0.9985907673835754,0.4600975513458252,0.31711345911026,-0.9446834325790405,0.9989466667175293,0.44756966829299927,0.31799250841140747,-0.9449516534805298,0.9990988373756409,0.436800479888916,0.31948211789131165,-0.9455253481864929,0.9991846084594727,0.5436702966690063,0.33739110827445984,-0.6510645747184753,0.9981502890586853,0.42810001969337463,0.34260499477386475,-0.6494137048721313,0.9991779923439026,0.5032263398170471,0.39289188385009766,-0.8605910539627075,0.9996100068092346,0.4542582929134369,0.39496156573295593,-0.8600260019302368,0.9997350573539734,0.645706295967102,0.5888985991477966,-0.40746793150901794,0.9959200024604797,0.35055407881736755,0.5858601927757263,-0.44093188643455505,0.9991679191589355,0.6799079775810242,0.9134649038314819,-0.2818145453929901,0.7971997261047363,0.3002639412879944,0.8977425694465637,-0.3432747423648834,0.8953819870948792,0.6832286715507507,1.1289697885513306,-0.5334200263023376,0.2541321814060211,0.31683075428009033,1.1024689674377441,-0.6121540069580078,0.4001544117927551,0.6984360218048096,1.1999790668487549,-0.6031390428543091,0.19234150648117065,0.31563860177993774,1.1784013509750366,-0.6949862837791443,0.29807451367378235,0.6902365684509277,1.1897693872451782,-0.6845473051071167,0.24109725654125214,0.3248240053653717,1.1552387475967407,-0.7688735127449036,0.3460126221179962,0.6744710206985474,1.160128116607666,-0.5742167234420776,0.25001436471939087,0.33382344245910645,1.127556562423706,-0.648399293422699,0.3728019893169403,0.5932539701461792,1.144289255142212,-0.019987842068076134,0.1268233060836792,0.40306681394577026,1.1353660821914673,0.02122947946190834,0.1567596048116684,0.5735938549041748,1.5608617067337036,0.096563920378685,0.0219121053814888,0.3874000906944275,1.5466147661209106,0.07667270302772522,0.017449073493480682,0.5685043931007385,1.9255321025848389,0.5877186059951782,0.004616560414433479,0.38868752121925354,1.921994686126709,0.45478400588035583,0.004805577453225851,0.571319043636322,1.9773805141448975,0.6140028834342957,0.0026851652655750513,0.38948795199394226,1.9746133089065552,0.4775514006614685,0.006579510867595673,0.5408939719200134,2.049579381942749,0.22619085013866425,0.0028945384547114372,0.4026283323764801,2.048342227935791,0.057060785591602325,0.0060938200913369656,nan,nan,nan,nan,nan,nan,nan,nan,nan,nan,nan,nan,nan,nan,nan,nan,nan,nan,nan,nan,nan,nan,nan,nan,nan,nan,nan,nan,nan,nan,nan,nan,nan,nan,nan,nan,nan,nan,nan,nan,nan,nan,nan,nan,nan,nan,nan,nan,nan,nan,nan,nan,nan,nan,nan,nan,nan,nan,nan,nan,nan,nan,nan,nan,nan,nan,nan,nan,nan,nan,nan,nan,nan,nan,nan,nan,nan,nan,nan,nan,nan,nan,nan,nan,nan,nan,nan,nan,nan,nan,nan,nan,nan,nan,nan,nan,nan,nan,nan,nan,nan,nan,nan,nan,nan,nan,nan,nan,nan,nan,nan,nan,nan,nan,nan,nan,nan,nan,nan,nan,nan,nan,nan,nan,nan,nan
6,6,1,0,0,1.0,0.0,0.0,0.4771452844142914,0.3514980971813202,-0.9778372049331665,0.9993078708648682,0.500068724155426,0.31620901823043823,-0.9451562166213989,0.9986152052879333,0.5130430459976196,0.3161614239215851,-0.9453392028808594,0.9986014366149902,0.5231927633285522,0.31689754128456116,-0.9455443620681763,0.9984744787216187,0.46014171838760376,0.3171185851097107,-0.9465435147285461,0.9988767504692078,0.4476001262664795,0.31800004839897156,-0.9468129277229309,0.9990361332893372,0.43691736459732056,0.31949540972709656,-0.9473851919174194,0.9991428256034851,0.5436660647392273,0.3373972773551941,-0.6525014042854309,0.9979956746101379,0.42824679613113403,0.3426342010498047,-0.6506892442703247,0.9991145730018616,0.5033880472183228,0.3929029405117035,-0.862411379814148,0.9995712041854858,0.4543035924434662,0.3949536085128784,-0.8618208169937134,0.9997134804725647,0.6457633376121521,0.5888707637786865,-0.40829354524612427,0.9953515529632568,0.35044264793395996,0.5859397649765015,-0.4421561360359192,0.9991011023521423,0.67983078956604,0.9134674668312073,-0.2831098139286041,0.78052818775177,0.3002042770385742,0.8977547883987427,-0.34434568881988525,0.8907725811004639,0.6839576363563538,1.1295782327651978,-0.5335537195205688,0.23925518989562988,0.3169482946395874,1.102460265159607,-0.6124148368835449,0.38663968443870544,0.6995476484298706,1.2000030279159546,-0.6031591296195984,0.18225887417793274,0.3156658113002777,1.1783673763275146,-0.6951726078987122,0.28825947642326355,0.6906882524490356,1.1902925968170166,-0.6846559047698975,0.228744775056839,0.32482752203941345,1.1552903652191162,-0.7686792612075806,0.3361024260520935,0.6748214960098267,1.1606401205062866,-0.5745217204093933,0.23714442551136017,0.3338465094566345,1.127593755722046,-0.6485492587089539,0.35993319749832153,0.5935755968093872,1.145061731338501,-0.01998182013630867,0.12801367044448853,0.40345126390457153,1.136069893836975,0.021216239780187607,0.16026432812213898,0.5736018419265747,1.5619899034500122,0.09560646116733551,0.024983098730444908,0.3874041736125946,1.5474774837493896,0.07431521266698837,0.019996441900730133,0.568494975566864,1.9268962144851685,0.5861245393753052,0.005247407592833042,0.38857540488243103,1.923096776008606,0.4519158899784088,0.005551920272409916,0.5713025331497192,1.9788501262664795,0.6121984124183655,0.003000384196639061,0.3893730342388153,1.9758076667785645,0.4746042788028717,0.007532804738730192,0.5408837795257568,2.0508923530578613,0.2224564254283905,0.003316800110042095,0.40251797437667847,2.0494048595428467,0.05385320633649826,0.007041946519166231,nan,nan,nan,nan,nan,nan,nan,nan,nan,nan,nan,nan,nan,nan,nan,nan,nan,nan,nan,nan,nan,nan,nan,nan,nan,nan,nan,nan,nan,nan,nan,nan,nan,nan,nan,nan,nan,nan,nan,nan,nan,nan,nan,nan,nan,nan,nan,nan,nan,nan,nan,nan,nan,nan,nan,nan,nan,nan,nan,nan,nan,nan,nan,nan,nan,nan,nan,nan,nan,nan,nan,nan,nan,nan,nan,nan,nan,nan,nan,nan,nan,nan,nan,nan,nan,nan,nan,nan,nan,nan,nan,nan,nan,nan,nan,nan,nan,nan,nan,nan,nan,nan,nan,nan,nan,nan,nan,nan,nan,nan,nan,nan,nan,nan,nan,nan,nan,nan,nan,nan,nan,nan,nan,nan,nan,nan
7,7,1,0,0,1.0,0.0,0.0,0.4773488938808441,0.3514920473098755,-0.9774538278579712,0.9992673993110657,0.5002633929252625,0.3161751329898834,-0.9445978403091431,0.9985455870628357,0.5133661031723022,0.3161263167858124,-0.9447782635688782,0.9985206127166748,0.5233010053634644,0.31686657667160034,-0.9449825286865234,0.998392641544342,0.46020108461380005,0.31708988547325134,-0.9460629224777222,0.9988293647766113,0.447641521692276,0.317982941865921,-0.9463295936584473,0.9989925026893616,0.4370315968990326,0.3194830119609833,-0.9468995332717896,0.9991163611412048,0.5436788201332092,0.33736565709114075,-0.6518754959106445,0.9978839755058289,0.42835038900375366,0.34264200925827026,-0.6506098508834839,0.9990695118904114,0.5036199688911438,0.39290085434913635,-0.8620549440383911,0.9995419383049011,0.4543786942958832,0.39491310715675354,-0.8616310954093933,0.9996978044509888,0.6458055377006531,0.5888106226921082,-0.40801697969436646,0.9948489665985107,0.3504045307636261,0.5859444737434387,-0.44286924600601196,0.9990427494049072,0.6797042489051819,0.9135003685951233,-0.2835930287837982,0.7645590305328369,0.30017024278640747,0.8977605700492859,-0.3460223078727722,0.8861488699913025,0.6848141551017761,1.1310938596725464,-0.5335898399353027,0.2257395088672638,0.3169269561767578,1.1024816036224365,-0.6137585043907166,0.37419238686561584,0.7009595632553101,1.200564980506897,-0.6030610203742981,0.17318271100521088,0.31559377908706665,1.178373098373413,-0.6964071989059448,0.27934780716896057,0.6916424036026001,1.1919034719467163,-0.6846932172775269,0.21766184270381927,0.3246137201786041,1.1553404331207275,-0.7698508501052856,0.32717397809028625,0.6755184531211853,1.1622283458709717,-0.57469242811203,0.2255469262599945,0.3337445557117462,1.1276134252548218,-0.6499181389808655,0.348265677690506,0.5938133001327515,1.145687222480774,-0.019917430356144905,0.12893041968345642,0.40382376313209534,1.1365630626678467,0.02112506330013275,0.16310541331768036,0.5735489726066589,1.5632003545761108,0.09449292719364166,0.028068963438272476,0.38735538721084595,1.5483927726745605,0.07120553404092789,0.022468149662017822,0.5682560801506042,1.9285649061203003,0.5832797288894653,0.005857587326318026,0.3881508708000183,1.9246292114257812,0.4469454288482666,0.006251148413866758,0.5709448456764221,1.9806374311447144,0.609021782875061,0.0033047678880393505,0.3889440596103668,1.9774699211120605,0.4692855477333069,0.008393608964979649,0.5405889749526978,2.0525264739990234,0.2180066853761673,0.0037387916818261147,0.4019927382469177,2.0509719848632812,0.04802482947707176,0.007938099093735218,nan,nan,nan,nan,nan,nan,nan,nan,nan,nan,nan,nan,nan,nan,nan,nan,nan,nan,nan,nan,nan,nan,nan,nan,nan,nan,nan,nan,nan,nan,nan,nan,nan,nan,nan,nan,nan,nan,nan,nan,nan,nan,nan,nan,nan,nan,nan,nan,nan,nan,nan,nan,nan,nan,nan,nan,nan,nan,nan,nan,nan,nan,nan,nan,nan,nan,nan,nan,nan,nan,nan,nan,nan,nan,nan,nan,nan,nan,nan,nan,nan,nan,nan,nan,nan,nan,nan,nan,nan,nan,nan,nan,nan,nan,nan,nan,nan,nan,nan,nan,nan,nan,nan,nan,nan,nan,nan,nan,nan,nan,nan,nan,nan,nan,nan,nan,nan,nan,nan,nan,nan,nan,nan,nan,nan,nan
8,8,1,0,0,1.0,0.0,0.0,0.47749003767967224,0.35145363211631775,-0.9824455976486206,0.9992333054542542,0.5004100203514099,0.3160727322101593,-0.9493357539176941,0.9984921216964722,0.5136409997940063,0.316022127866745,-0.9495100975036621,0.9984561204910278,0.5234087705612183,0.31676024198532104,-0.9497024416923523,0.9983282685279846,0.4602176249027252,0.31701287627220154,-0.9509547352790833,0.9987961053848267,0.44764694571495056,0.3179316818714142,-0.951226532459259,0.9989612698554993,0.4370841979980469,0.31943759322166443,-0.9517958760261536,0.9990999102592468,0.5437220335006714,0.33726221323013306,-0.6561686992645264,0.9977929592132568,0.42838573455810547,0.3426380455493927,-0.6559992432594299,0.9990343451499939,0.5038273930549622,0.3928920030593872,-0.8669177889823914,0.9995145201683044,0.4544152617454529,0.39486369490623474,-0.8668320775032043,0.9996837973594666,0.645846962928772,0.588769257068634,-0.41052359342575073,0.9942873120307922,0.3503046929836273,0.5859508514404297,-0.44752079248428345,0.998978853225708,0.6796225309371948,0.9135041832923889,-0.2856695353984833,0.7459893822669983,0.300150066614151,0.8978253602981567,-0.35041987895965576,0.8808460831642151,0.6848562955856323,1.1312707662582397,-0.5335944890975952,0.21229763329029083,0.3169099688529968,1.1026815176010132,-0.6160674095153809,0.36138129234313965,0.7009140253067017,1.2005683183670044,-0.6025072932243347,0.16405083239078522,0.3155609667301178,1.178410291671753,-0.6982540488243103,0.2701774537563324,0.6916850805282593,1.1920692920684814,-0.6844228506088257,0.20648297667503357,0.3243621587753296,1.1553970575332642,-0.7710289359092712,0.31788170337677,0.6755465269088745,1.1623972654342651,-0.5747169256210327,0.2138841301202774,0.33360984921455383,1.127707839012146,-0.6519702672958374,0.33633938431739807,0.5939725041389465,1.1460723876953125,-0.01957576349377632,0.12956282496452332,0.40407705307006836,1.136966347694397,0.02073652669787407,0.16533087193965912,0.5734109282493591,1.5639704465866089,0.09220822155475616,0.03127005323767662,0.38715842366218567,1.5488256216049194,0.06624356657266617,0.025041921064257622,0.5676790475845337,1.9291529655456543,0.5810278058052063,0.006407922133803368,0.3872360289096832,1.9251866340637207,0.440601646900177,0.0069304825738072395,0.5701924562454224,1.9811776876449585,0.6067858934402466,0.0035846990067511797,0.38799184560775757,1.9781265258789062,0.4627428948879242,0.00918593443930149,0.5398821234703064,2.05336594581604,0.21633484959602356,0.004157563671469688,0.40095001459121704,2.05161452293396,0.04265902191400528,0.008860413916409016,nan,nan,nan,nan,nan,nan,nan,nan,nan,nan,nan,nan,nan,nan,nan,nan,nan,nan,nan,nan,nan,nan,nan,nan,nan,nan,nan,nan,nan,nan,nan,nan,nan,nan,nan,nan,nan,nan,nan,nan,nan,nan,nan,nan,nan,nan,nan,nan,nan,nan,nan,nan,nan,nan,nan,nan,nan,nan,nan,nan,nan,nan,nan,nan,nan,nan,nan,nan,nan,nan,nan,nan,nan,nan,nan,nan,nan,nan,nan,nan,nan,nan,nan,nan,nan,nan,nan,nan,nan,nan,nan,nan,nan,nan,nan,nan,nan,nan,nan,nan,nan,nan,nan,nan,nan,nan,nan,nan,nan,nan,nan,nan,nan,nan,nan,nan,nan,nan,nan,nan,nan,nan,nan,nan,nan,nan
9,9,1,0,0,1.0,0.0,0.0,0.4775698781013489,0.3513737618923187,-0.9798814058303833,0.9992127418518066,0.5005057454109192,0.3159298300743103,-0.9467422366142273,0.9984630942344666,0.5138434171676636,0.3158784508705139,-0.946910560131073,0.9984159469604492,0.5234962105751038,0.3166120648384094,-0.9470998048782349,0.9982887506484985,0.4602237343788147,0.31689202785491943,-0.9482558369636536,0.9987823963165283,0.44765275716781616,0.31784138083457947,-0.9485157132148743,0.9989467263221741,0.4371156096458435,0.31934869289398193,-0.9490802884101868,0.9990968108177185,0.5437739491462708,0.33711034059524536,-0.6541718244552612,0.9977341890335083,0.4284314513206482,0.34259331226348877,-0.6536936163902283,0.9990195035934448,0.5039673447608948,0.3928752839565277,-0.8646562695503235,0.9994967579841614,0.45443353056907654,0.3947925269603729,-0.8644694089889526,0.9996764659881592,0.6458611488342285,0.5887597799301147,-0.40962252020835876,0.9937484264373779,0.35017162561416626,0.5859023332595825,-0.44609108567237854,0.998935878276825,0.6795905828475952,0.9136114716529846,-0.28443247079849243,0.7262908220291138,0.300123393535614,0.897675096988678,-0.3486928939819336,0.8760579228401184,0.6848452091217041,1.131224274635315,-0.5282853841781616,0.19898609817028046,0.3170609176158905,1.102645993232727,-0.6142188310623169,0.3493996858596802,0.7007592916488647,1.2005157470703125,-0.5948944687843323,0.15488605201244354,0.31570881605148315,1.1782896518707275,-0.6963921189308167,0.2616088390350342,0.6916497945785522,1.1920541524887085,-0.6767085790634155,0.19524362683296204,0.324418306350708,1.15534245967865,-0.7697033286094666,0.3091830909252167,0.6755164861679077,1.1623812913894653,-0.5695223212242126,0.20222675800323486,0.33368173241615295,1.1276640892028809,-0.6502994298934937,0.3252117335796356,0.5940805077552795,1.1466326713562012,-0.019177569076418877,0.12877990305423737,0.4041823744773865,1.1373341083526611,0.020316239446401596,0.16578079760074615,0.5732746124267578,1.5653178691864014,0.0887266993522644,0.03342170640826225,0.3868255019187927,1.549583077430725,0.060388702899217606,0.026771971955895424,0.5670874714851379,1.9307210445404053,0.5770324468612671,0.006709629204124212,0.38593217730522156,1.926535964012146,0.4319617748260498,0.007313018199056387,0.5694800615310669,1.9827518463134766,0.6026871204376221,0.0037353902589529753,0.38653355836868286,1.9796429872512817,0.45377421379089355,0.009616555646061897,0.5390102863311768,2.055272102355957,0.21212729811668396,0.004417845979332924,0.39965540170669556,2.0531704425811768,0.03288227692246437,0.009454574435949326,nan,nan,nan,nan,nan,nan,nan,nan,nan,nan,nan,nan,nan,nan,nan,nan,nan,nan,nan,nan,nan,nan,nan,nan,nan,nan,nan,nan,nan,nan,nan,nan,nan,nan,nan,nan,nan,nan,nan,nan,nan,nan,nan,nan,nan,nan,nan,nan,nan,nan,nan,nan,nan,nan,nan,nan,nan,nan,nan,nan,nan,nan,nan,nan,nan,nan,nan,nan,nan,nan,nan,nan,nan,nan,nan,nan,nan,nan,nan,nan,nan,nan,nan,nan,nan,nan,nan,nan,nan,nan,nan,nan,nan,nan,nan,nan,nan,nan,nan,nan,nan,nan,nan,nan,nan,nan,nan,nan,nan,nan,nan,nan,nan,nan,nan,nan,nan,nan,nan,nan,nan,nan,nan,nan,nan,nan
10,10,1,0,0,1.0,0.0,0.0,0.47771716117858887,0.3512655198574066,-0.9776700139045715,0.9992184042930603,0.5006521940231323,0.31576985120773315,-0.9428144693374634,0.9984806180000305,0.5140730738639832,0.31573501229286194,-0.9429768323898315,0.9984267950057983,0.5236183404922485,0.31647732853889465,-0.9431463479995728,0.9983031749725342,0.46025529503822327,0.3167247474193573,-0.9443103075027466,0.9987966418266296,0.44766855239868164,0.3176984190940857,-0.94452965259552,0.9989550113677979,0.43717139959335327,0.3192014694213867,-0.9450743794441223,0.9991086721420288,0.5438984036445618,0.33704525232315063,-0.6447023153305054,0.9977567195892334,0.4285140931606293,0.3424747884273529,-0.6439027190208435,0.9990301132202148,0.5042203664779663,0.39282935857772827,-0.8609753847122192,0.9995008707046509,0.4544694423675537,0.39465171098709106,-0.8607529401779175,0.9996798634529114,0.6458627581596375,0.5887501239776611,-0.4005841612815857,0.9936603903770447,0.35009777545928955,0.5856990218162537,-0.4362630844116211,0.9989182949066162,0.6795840263366699,0.9137818217277527,-0.2753266394138336,0.71999192237854,0.30000588297843933,0.8970634937286377,-0.33918842673301697,0.8742262125015259,0.6847282648086548,1.132601022720337,-0.5232240557670593,0.19153563678264618,0.3183731436729431,1.1010006666183472,-0.6135116815567017,0.34384384751319885,0.7006920576095581,1.2022089958190918,-0.5924432873725891,0.15028007328510284,0.31801289319992065,1.1770012378692627,-0.6953911185264587,0.25827619433403015,0.6909022331237793,1.1936599016189575,-0.6741801500320435,0.18966521322727203,0.32742518186569214,1.1534498929977417,-0.7686798572540283,0.30627962946891785,0.6748514175415039,1.163690209388733,-0.5647323727607727,0.19655387103557587,0.3361061215400696,1.1257116794586182,-0.6495733261108398,0.3205192983150482,0.5940616130828857,1.1472383737564087,-0.019399678334593773,0.1292368471622467,0.40406379103660583,1.137636661529541,0.02056429348886013,0.16673825681209564,0.5731829404830933,1.5667564868927002,0.08432848006486893,0.03337741270661354,0.3863981366157532,1.55085289478302,0.06194469332695007,0.02677236497402191,0.5663355588912964,1.9334064722061157,0.5743517875671387,0.006645883433520794,0.3848160207271576,1.9282270669937134,0.4350679814815521,0.0072262040339410305,0.5686659216880798,1.9856419563293457,0.5997611284255981,0.0036860546097159386,0.38517576456069946,1.981401801109314,0.45717811584472656,0.009541897103190422,0.5378555059432983,2.0579543113708496,0.20356908440589905,0.004382206127047539,0.39879536628723145,2.0550243854522705,0.03266894072294235,0.00941136758774519,nan,nan,nan,nan,nan,nan,nan,nan,nan,nan,nan,nan,nan,nan,nan,nan,nan,nan,nan,nan,nan,nan,nan,nan,nan,nan,nan,nan,nan,nan,nan,nan,nan,nan,nan,nan,nan,nan,nan,nan,nan,nan,nan,nan,nan,nan,nan,nan,nan,nan,nan,nan,nan,nan,nan,nan,nan,nan,nan,nan,nan,nan,nan,nan,nan,nan,nan,nan,nan,nan,nan,nan,nan,nan,nan,nan,nan,nan,nan,nan,nan,nan,nan,nan,nan,nan,nan,nan,nan,nan,nan,nan,nan,nan,nan,nan,nan,nan,nan,nan,nan,nan,nan,nan,nan,nan,nan,nan,nan,nan,nan,nan,nan,nan,nan,nan,nan,nan,nan,nan,nan,nan,nan,nan,nan,nan
11,11,1,0,0,1.0,0.0,0.0,0.477949321269989,0.35125961899757385,-0.9804323315620422,0.9992043375968933,0.5008540749549866,0.3157038986682892,-0.9452863931655884,0.9984626770019531,0.514318585395813,0.31566381454467773,-0.9454572796821594,0.9984006881713867,0.5237747430801392,0.31640908122062683,-0.9456170797348022,0.998275101184845,0.4603482186794281,0.316679447889328,-0.9471815824508667,0.9987862706184387,0.4477361738681793,0.31765931844711304,-0.9474193453788757,0.9989435076713562,0.4372674822807312,0.3191733658313751,-0.9479644894599915,0.999103307723999,0.5440136790275574,0.33698770403862,-0.6450504064559937,0.9977195262908936,0.4286719262599945,0.3423556685447693,-0.645942211151123,0.999014139175415,0.5046223402023315,0.39281776547431946,-0.8624895811080933,0.999485969543457,0.45459502935409546,0.394609659910202,-0.8629113435745239,0.999672532081604,0.6458743214607239,0.5887207388877869,-0.3990291655063629,0.993363618850708,0.3500138819217682,0.5856596231460571,-0.4360460638999939,0.9988585710525513,0.6796033382415771,0.91317218542099,-0.27049657702445984,0.7074585556983948,0.2999630570411682,0.8967612385749817,-0.33894848823547363,0.8699722290039062,0.6824303865432739,1.1273819208145142,-0.5156141519546509,0.18260465562343597,0.32682153582572937,1.092142105102539,-0.6128401160240173,0.3343372642993927,0.6966140270233154,1.1965844631195068,-0.5850683450698853,0.14435769617557526,0.3311375379562378,1.1676161289215088,-0.696213960647583,0.25147777795791626,0.6860603094100952,1.186751127243042,-0.6662704944610596,0.1823224276304245,0.34029456973075867,1.1411558389663696,-0.7678865194320679,0.29919925332069397,0.6711825728416443,1.1563606262207031,-0.5566279888153076,0.18879489600658417,0.34658849239349365,1.1132982969284058,-0.6485483050346375,0.31112298369407654,0.5940520763397217,1.147233247756958,-0.01941869780421257,0.12921954691410065,0.404116690158844,1.1378217935562134,0.02058889903128147,0.16673657298088074,0.573267936706543,1.5666366815567017,0.08160809427499771,0.03489205613732338,0.3864016532897949,1.550757884979248,0.06138806417584419,0.028146669268608093,0.5666203498840332,1.93291437625885,0.5662814974784851,0.006882562302052975,0.3849271833896637,1.9280471801757812,0.4299090504646301,0.007593550719320774,0.5688678622245789,1.9851685762405396,0.5910015106201172,0.003778713522478938,0.3852699100971222,1.9811275005340576,0.4514082074165344,0.009978357702493668,0.5384653210639954,2.057387113571167,0.19462963938713074,0.0045856898650527,0.3994578719139099,2.054436206817627,0.0276041179895401,0.010054565966129303,nan,nan,nan,nan,nan,nan,nan,nan,nan,nan,nan,nan,nan,nan,nan,nan,nan,nan,nan,nan,nan,nan,nan,nan,nan,nan,nan,nan,nan,nan,nan,nan,nan,nan,nan,nan,nan,nan,nan,nan,nan,nan,nan,nan,nan,nan,nan,nan,nan,nan,nan,nan,nan,nan,nan,nan,nan,nan,nan,nan,nan,nan,nan,nan,nan,nan,nan,nan,nan,nan,nan,nan,nan,nan,nan,nan,nan,nan,nan,nan,nan,nan,nan,nan,nan,nan,nan,nan,nan,nan,nan,nan,nan,nan,nan,nan,nan,nan,nan,nan,nan,nan,nan,nan,nan,nan,nan,nan,nan,nan,nan,nan,nan,nan,nan,nan,nan,nan,nan,nan,nan,nan,nan,nan,nan,nan
12,12,1,0,0,1.0,0.0,0.0,0.478264182806015,0.3512944281101227,-0.9787956476211548,0.9991581439971924,0.5012117624282837,0.315697580575943,-0.9441207647323608,0.9983809590339661,0.5146788358688354,0.31565624475479126,-0.9442921876907349,0.9983028769493103,0.5240300893783569,0.3164033889770508,-0.9444672465324402,0.9981670379638672,0.460498571395874,0.3166789710521698,-0.9455544352531433,0.998745322227478,0.44782954454421997,0.3176637887954712,-0.945788562297821,0.9989076852798462,0.4373641908168793,0.31919389963150024,-0.9463346600532532,0.9990810751914978,0.5441639423370361,0.3369707465171814,-0.6421095132827759,0.9975677132606506,0.42877355217933655,0.34234359860420227,-0.6458249688148499,0.9989853501319885,0.5051785111427307,0.3928236961364746,-0.8618023991584778,0.9994458556175232,0.45473724603652954,0.39460572600364685,-0.8616517782211304,0.9996566772460938,0.6459389925003052,0.5885772109031677,-0.38670870661735535,0.9926743507385254,0.34976726770401,0.5856580138206482,-0.4342225193977356,0.9988004565238953,0.6796144247055054,0.911309540271759,-0.2447441816329956,0.6909362077713013,0.2998730540275574,0.8969878554344177,-0.32672983407974243,0.8679171800613403,0.6635963916778564,1.0797276496887207,-0.4758775234222412,0.17171968519687653,0.33402639627456665,1.077157974243164,-0.5913640856742859,0.32651010155677795,0.6832519769668579,1.1775933504104614,-0.5417767763137817,0.13654060661792755,0.34632009267807007,1.1589667797088623,-0.67453533411026,0.24556130170822144,0.6721655130386353,1.1645017862319946,-0.6184569597244263,0.17244558036327362,0.3550233840942383,1.1290771961212158,-0.7381599545478821,0.29292234778404236,0.6599900722503662,1.133866786956787,-0.5143288373947144,0.17867426574230194,0.3591212034225464,1.1009230613708496,-0.6224889755249023,0.30266550183296204,0.5944222211837769,1.147448182106018,-0.018726486712694168,0.12851004302501678,0.40431076288223267,1.1386468410491943,0.01991831138730049,0.1667935848236084,0.5746279954910278,1.5664697885513306,0.08701755851507187,0.03592239320278168,0.3865908980369568,1.550676941871643,0.06090505048632622,0.029118569567799568,0.5689718723297119,1.9325209856033325,0.5665475726127625,0.006989701185375452,0.3851863741874695,1.9278371334075928,0.4214756488800049,0.007839778438210487,0.5710879564285278,1.9847829341888428,0.591066300868988,0.0038377672899514437,0.38544246554374695,1.980886697769165,0.4423721432685852,0.010250595398247242,0.5414331555366516,2.056898355484009,0.19726794958114624,0.004706966690719128,0.4005705714225769,2.05434513092041,0.023103797808289528,0.010506724938750267,nan,nan,nan,nan,nan,nan,nan,nan,nan,nan,nan,nan,nan,nan,nan,nan,nan,nan,nan,nan,nan,nan,nan,nan,nan,nan,nan,nan,nan,nan,nan,nan,nan,nan,nan,nan,nan,nan,nan,nan,nan,nan,nan,nan,nan,nan,nan,nan,nan,nan,nan,nan,nan,nan,nan,nan,nan,nan,nan,nan,nan,nan,nan,nan,nan,nan,nan,nan,nan,nan,nan,nan,nan,nan,nan,nan,nan,nan,nan,nan,nan,nan,nan,nan,nan,nan,nan,nan,nan,nan,nan,nan,nan,nan,nan,nan,nan,nan,nan,nan,nan,nan,nan,nan,nan,nan,nan,nan,nan,nan,nan,nan,nan,nan,nan,nan,nan,nan,nan,nan,nan,nan,nan,nan,nan,nan
13,13,1,0,0,1.0,0.0,0.0,0.4784180521965027,0.3513660430908203,-0.980583667755127,0.9990705251693726,0.5014710426330566,0.31569454073905945,-0.9466339349746704,0.998227059841156,0.5149791240692139,0.3156556189060211,-0.9468047022819519,0.9981231093406677,0.5242949724197388,0.3164046108722687,-0.9469565153121948,0.9979715347290039,0.4605486989021301,0.31668221950531006,-0.9490175247192383,0.9986617565155029,0.44784921407699585,0.317672997713089,-0.9492695927619934,0.9988341331481934,0.43740376830101013,0.319216251373291,-0.9498189091682434,0.9990324378013611,0.5443201065063477,0.3369593620300293,-0.643803060054779,0.9973164200782776,0.4288631081581116,0.3423384130001068,-0.6493879556655884,0.9989246726036072,0.5056564807891846,0.3928755819797516,-0.861940860748291,0.9993742108345032,0.45480650663375854,0.3946257531642914,-0.8627439737319946,0.999625027179718,0.6461380124092102,0.588276207447052,-0.38678762316703796,0.9914195537567139,0.34953588247299194,0.5856586694717407,-0.43269237875938416,0.9987038373947144,0.679925799369812,0.9105606079101562,-0.2425694465637207,0.6701804995536804,0.29984450340270996,0.8975792527198792,-0.3134179413318634,0.8642101287841797,0.6447142362594604,1.061521053314209,-0.46178898215293884,0.15996243059635162,0.34895312786102295,1.0666130781173706,-0.5669298768043518,0.31611642241477966,0.6530649662017822,1.1584808826446533,-0.526591420173645,0.12784606218338013,0.365922749042511,1.1504570245742798,-0.6487365961074829,0.23796795308589935,0.6424151659011841,1.1406501531600952,-0.5969229936599731,0.1613832414150238,0.37351107597351074,1.1171766519546509,-0.707708477973938,0.28451699018478394,0.6345280408859253,1.10982084274292,-0.4970213770866394,0.16746607422828674,0.37530001997947693,1.088455319404602,-0.5957199335098267,0.29254841804504395,0.5944193601608276,1.148271083831787,-0.018650097772479057,0.12801878154277802,0.40429219603538513,1.1398367881774902,0.019858140498399734,0.16760461032390594,0.5748763680458069,1.566530466079712,0.08705853670835495,0.03653689846396446,0.386290043592453,1.550608515739441,0.061290763318538666,0.029809070751070976,0.5690571665763855,1.932460904121399,0.5689505934715271,0.00697300536558032,0.3842734694480896,1.927533507347107,0.4249161183834076,0.008002295158803463,0.5711027383804321,1.9844400882720947,0.5945249795913696,0.0038450558204203844,0.38434240221977234,1.980599284172058,0.4461567997932434,0.010397562757134438,0.5414946675300598,2.0565037727355957,0.20396688580513,0.0047749243676662445,0.4000479280948639,2.0542047023773193,0.024868078529834747,0.010907386429607868,nan,nan,nan,nan,nan,nan,nan,nan,nan,nan,nan,nan,nan,nan,nan,nan,nan,nan,nan,nan,nan,nan,nan,nan,nan,nan,nan,nan,nan,nan,nan,nan,nan,nan,nan,nan,nan,nan,nan,nan,nan,nan,nan,nan,nan,nan,nan,nan,nan,nan,nan,nan,nan,nan,nan,nan,nan,nan,nan,nan,nan,nan,nan,nan,nan,nan,nan,nan,nan,nan,nan,nan,nan,nan,nan,nan,nan,nan,nan,nan,nan,nan,nan,nan,nan,nan,nan,nan,nan,nan,nan,nan,nan,nan,nan,nan,nan,nan,nan,nan,nan,nan,nan,nan,nan,nan,nan,nan,nan,nan,nan,nan,nan,nan,nan,nan,nan,nan,nan,nan,nan,nan,nan,nan,nan,nan
14,14,1,0,0,1.0,0.0,0.0,0.4787302613258362,0.35122981667518616,-1.0290135145187378,0.9989436864852905,0.5018426179885864,0.31536978483200073,-0.994564414024353,0.9980213642120361,0.5153687000274658,0.3153513967990875,-0.9947370290756226,0.9979056715965271,0.5246233344078064,0.3160422444343567,-0.9948502779006958,0.9977236986160278,0.46066442131996155,0.3164794147014618,-0.9976986646652222,0.9985475540161133,0.4479394555091858,0.3175206184387207,-0.9980904459953308,0.9987463355064392,0.437509685754776,0.31906846165657043,-0.9986594915390015,0.9989753365516663,0.544729471206665,0.33645087480545044,-0.6820805668830872,0.9969919323921204,0.4290405213832855,0.3421817421913147,-0.6903063058853149,0.9988299608230591,0.5063596963882446,0.3928206264972687,-0.9037206768989563,0.9992549419403076,0.4551197588443756,0.39458996057510376,-0.9065507650375366,0.9995687007904053,0.6469045281410217,0.5881023406982422,-0.40289416909217834,0.9896465539932251,0.3494440019130707,0.5856147408485413,-0.44612592458724976,0.998589813709259,0.6802557706832886,0.9093760848045349,-0.24323496222496033,0.6553581357002258,0.29982849955558777,0.8978017568588257,-0.310438334941864,0.8626922965049744,0.625406801700592,1.0683624744415283,-0.4637034833431244,0.14942136406898499,0.3680415749549866,1.0604748725891113,-0.532261312007904,0.31048092246055603,0.6181071400642395,1.1440410614013672,-0.5219340324401855,0.1200094223022461,0.3899718225002289,1.134901523590088,-0.6083278656005859,0.2332020252943039,0.610655665397644,1.123834252357483,-0.5867172479629517,0.15134119987487793,0.3993479311466217,1.095436453819275,-0.6571282744407654,0.27899056673049927,0.6060235500335693,1.0943623781204224,-0.4951813817024231,0.1569225937128067,0.3983035087585449,1.0660624504089355,-0.5551389455795288,0.2843177318572998,0.5939992070198059,1.1471704244613647,-0.017504001036286354,0.13294969499111176,0.4045785069465637,1.1391334533691406,0.018570546060800552,0.17722384631633759,0.5740209817886353,1.5567318201065063,0.042438991367816925,0.047741636633872986,0.38605326414108276,1.5299746990203857,0.004506468772888184,0.04439932852983475,0.5687979459762573,1.910787582397461,0.569351077079773,0.009059752337634563,0.3843744397163391,1.9039076566696167,0.39706820249557495,0.013281215913593769,0.5702972412109375,1.9588677883148193,0.5961372256278992,0.005226641893386841,0.3850230574607849,1.9564481973648071,0.42135295271873474,0.015857810154557228,0.541720986366272,2.0400967597961426,0.219747856259346,0.006856844294816256,0.40004652738571167,2.0304019451141357,0.016029739752411842,0.017089230939745903,nan,nan,nan,nan,nan,nan,nan,nan,nan,nan,nan,nan,nan,nan,nan,nan,nan,nan,nan,nan,nan,nan,nan,nan,nan,nan,nan,nan,nan,nan,nan,nan,nan,nan,nan,nan,nan,nan,nan,nan,nan,nan,nan,nan,nan,nan,nan,nan,nan,nan,nan,nan,nan,nan,nan,nan,nan,nan,nan,nan,nan,nan,nan,nan,nan,nan,nan,nan,nan,nan,nan,nan,nan,nan,nan,nan,nan,nan,nan,nan,nan,nan,nan,nan,nan,nan,nan,nan,nan,nan,nan,nan,nan,nan,nan,nan,nan,nan,nan,nan,nan,nan,nan,nan,nan,nan,nan,nan,nan,nan,nan,nan,nan,nan,nan,nan,nan,nan,nan,nan,nan,nan,nan,nan,nan,nan
15,15,1,0,0,1.0,0.0,0.0,0.47874125838279724,0.3504825234413147,-1.0212899446487427,0.9987290501594543,0.5019310712814331,0.31422486901283264,-0.9855456352233887,0.9976785778999329,0.5156028270721436,0.3142441511154175,-0.9857195019721985,0.9975708723068237,0.52486252784729,0.31478503346443176,-0.9858233332633972,0.9973431825637817,0.46067604422569275,0.3157423436641693,-0.9883748888969421,0.9983126521110535,0.4479433596134186,0.3169669806957245,-0.9887480735778809,0.9985629916191101,0.4375329613685608,0.3184537887573242,-0.989329993724823,0.9988382458686829,0.5452387928962708,0.33538615703582764,-0.6745851635932922,0.9965500831604004,0.4291619658470154,0.3419345021247864,-0.6809169054031372,0.9986340403556824,0.506569504737854,0.3924925625324249,-0.8964272737503052,0.9990817308425903,0.45513421297073364,0.3944062292575836,-0.8988211750984192,0.9994814991950989,0.6475565433502197,0.5880565047264099,-0.4025416970252991,0.9885525703430176,0.34944790601730347,0.5856993198394775,-0.4447823464870453,0.9983842968940735,0.6816047430038452,0.9090169668197632,-0.26970162987709045,0.6566488742828369,0.3001444935798645,0.8983319997787476,-0.31324467062950134,0.860779345035553,0.6123095154762268,1.0592591762542725,-0.4817044138908386,0.14713041484355927,0.38883209228515625,1.0520265102386475,-0.5475584864616394,0.31307944655418396,0.6067226529121399,1.130371332168579,-0.5380164384841919,0.11844612658023834,0.41927894949913025,1.1126258373260498,-0.6253184676170349,0.23507370054721832,0.5756617784500122,1.0843578577041626,-0.603540301322937,0.14875000715255737,0.4261539876461029,1.073125958442688,-0.6815349459648132,0.2807736098766327,0.5749284029006958,1.0510121583938599,-0.49594444036483765,0.15346413850784302,0.42168039083480835,1.045739769935608,-0.5745738744735718,0.28249773383140564,0.5933912992477417,1.1461893320083618,-0.014513934031128883,0.14040827751159668,0.4046223759651184,1.137919545173645,0.015527715906500816,0.18762826919555664,0.5730773210525513,1.5528316497802734,-0.0076093352399766445,0.05687171593308449,0.38577091693878174,1.5183415412902832,-0.08011405169963837,0.05494122952222824,0.5662935376167297,1.9026615619659424,0.515375554561615,0.010428368113934994,0.3838874399662018,1.8927993774414062,0.2935772240161896,0.01744639314711094,0.566689133644104,1.9488089084625244,0.5461097955703735,0.0063497452065348625,0.38475900888442993,1.9465943574905396,0.3160993158817291,0.019806286320090294,0.5399892330169678,2.0356338024139404,0.17286181449890137,0.008477444760501385,0.39906755089759827,2.0177900791168213,-0.08888242393732071,0.022346239537000656,nan,nan,nan,nan,nan,nan,nan,nan,nan,nan,nan,nan,nan,nan,nan,nan,nan,nan,nan,nan,nan,nan,nan,nan,nan,nan,nan,nan,nan,nan,nan,nan,nan,nan,nan,nan,nan,nan,nan,nan,nan,nan,nan,nan,nan,nan,nan,nan,nan,nan,nan,nan,nan,nan,nan,nan,nan,nan,nan,nan,nan,nan,nan,nan,nan,nan,nan,nan,nan,nan,nan,nan,nan,nan,nan,nan,nan,nan,nan,nan,nan,nan,nan,nan,nan,nan,nan,nan,nan,nan,nan,nan,nan,nan,nan,nan,nan,nan,nan,nan,nan,nan,nan,nan,nan,nan,nan,nan,nan,nan,nan,nan,nan,nan,nan,nan,nan,nan,nan,nan,nan,nan,nan,nan,nan,nan
16,16,1,0,0,1.0,0.0,0.0,0.4788040220737457,0.350024551153183,-0.9202930331230164,0.9987896084785461,0.5020079612731934,0.3132237195968628,-0.883471667766571,0.99779212474823,0.5157603621482849,0.31315121054649353,-0.8836525082588196,0.9976998567581177,0.5250523686408997,0.31347259879112244,-0.8835477828979492,0.9974737167358398,0.4607302248477936,0.31530794501304626,-0.8850950002670288,0.9983915686607361,0.4480364918708801,0.31667062640190125,-0.8853882551193237,0.9986322522163391,0.4377205967903137,0.3181934356689453,-0.886009693145752,0.9988901019096375,0.5456180572509766,0.33418703079223633,-0.5863153338432312,0.9967602491378784,0.42969217896461487,0.34180960059165955,-0.5864140391349792,0.9987152814865112,0.506733775138855,0.392082542181015,-0.8028375506401062,0.9991337060928345,0.45549359917640686,0.39428654313087463,-0.8034440279006958,0.99951171875,0.6477619409561157,0.58718341588974,-0.33071979880332947,0.9893687963485718,0.3498900532722473,0.5846624970436096,-0.35474228858947754,0.9984455108642578,0.6871863603591919,0.9091952443122864,-0.27198490500450134,0.6815887093544006,0.29732951521873474,0.8973325490951538,-0.2841039001941681,0.8660608530044556,0.6160148978233337,1.0254034996032715,-0.6231371164321899,0.19635109603405,0.3784899115562439,1.0195446014404297,-0.621921718120575,0.3455592095851898,0.587160050868988,1.0711331367492676,-0.7154995203018188,0.16012024879455566,0.40576615929603577,1.0712069272994995,-0.7212433218955994,0.26685279607772827,0.5720229744911194,1.0286628007888794,-0.7557011842727661,0.19279101490974426,0.41745200753211975,1.0339360237121582,-0.7618260979652405,0.31408223509788513,0.5746355056762695,1.0082299709320068,-0.6442164182662964,0.1941334307193756,0.4124325215816498,1.011264681816101,-0.6438718438148499,0.3115764558315277,0.5923142433166504,1.1413378715515137,-0.011794873513281345,0.14532679319381714,0.4033784866333008,1.132270336151123,0.01317504607141018,0.19371546804904938,0.5722554326057434,1.547580361366272,-0.04880101978778839,0.05517689883708954,0.3849984407424927,1.5153170824050903,-0.1288963258266449,0.051478270441293716,0.5629117488861084,1.903217077255249,0.36250513792037964,0.009761610999703407,0.37945178151130676,1.8931785821914673,0.15144631266593933,0.016165077686309814,0.563814640045166,1.9504894018173218,0.38190120458602905,0.006083155982196331,0.3792603611946106,1.9485143423080444,0.16435977816581726,0.018484478816390038,0.5324524641036987,2.0339059829711914,0.004583448171615601,0.008058424107730389,0.3953785300254822,2.0114309787750244,-0.2437727004289627,0.020992998033761978,nan,nan,nan,nan,nan,nan,nan,nan,nan,nan,nan,nan,nan,nan,nan,nan,nan,nan,nan,nan,nan,nan,nan,nan,nan,nan,nan,nan,nan,nan,nan,nan,nan,nan,nan,nan,nan,nan,nan,nan,nan,nan,nan,nan,nan,nan,nan,nan,nan,nan,nan,nan,nan,nan,nan,nan,nan,nan,nan,nan,nan,nan,nan,nan,nan,nan,nan,nan,nan,nan,nan,nan,nan,nan,nan,nan,nan,nan,nan,nan,nan,nan,nan,nan,nan,nan,nan,nan,nan,nan,nan,nan,nan,nan,nan,nan,nan,nan,nan,nan,nan,nan,nan,nan,nan,nan,nan,nan,nan,nan,nan,nan,nan,nan,nan,nan,nan,nan,nan,nan,nan,nan,nan,nan,nan,nan
17,17,1,1,1,1.0,1.0,1.0,0.4790802597999573,0.34966665506362915,-0.7851991653442383,0.9989027976989746,0.5021129250526428,0.31210920214653015,-0.7446611523628235,0.9979967474937439,0.5159105062484741,0.3118719756603241,-0.7448869347572327,0.9979151487350464,0.5252593755722046,0.31188827753067017,-0.7446532845497131,0.9977071285247803,0.4609857201576233,0.31487616896629333,-0.7476361989974976,0.9985396862030029,0.4484233856201172,0.3163306415081024,-0.7478358149528503,0.9987589716911316,0.43824633955955505,0.3178769648075104,-0.7483936548233032,0.9989904761314392,0.5457738041877747,0.33266326785087585,-0.4459279477596283,0.9970654249191284,0.4309965670108795,0.34154751896858215,-0.45382237434387207,0.9988359212875366,0.507075846195221,0.3919135332107544,-0.6709154844284058,0.9992162585258484,0.4564386010169983,0.39426296949386597,-0.6735209226608276,0.9995579719543457,0.6477802991867065,0.5829159021377563,-0.22175422310829163,0.9903984069824219,0.35023659467697144,0.5836607217788696,-0.2629595696926117,0.9985711574554443,0.6965445280075073,0.9060701727867126,-0.2636414170265198,0.7115904092788696,0.2915526330471039,0.8962503671646118,-0.29158127307891846,0.8765680193901062,0.6223612427711487,0.9902498722076416,-0.7051546573638916,0.27299389243125916,0.3729241192340851,0.9753310084342957,-0.7777990698814392,0.40264275670051575,0.5944405794143677,1.0266879796981812,-0.8216279745101929,0.2366878092288971,0.3947995901107788,1.0198729038238525,-0.8937079310417175,0.32667282223701477,0.5760899186134338,0.9909637570381165,-0.8533973693847656,0.26716935634613037,0.40715113282203674,0.985834538936615,-0.9276849031448364,0.3711423873901367,0.5806698799133301,0.973743736743927,-0.725952684879303,0.2669091522693634,0.4042417109012604,0.9644643068313599,-0.7984449863433838,0.36710432171821594,0.5929235219955444,1.1381510496139526,-0.0002173394605051726,0.16317807137966156,0.40295329689979553,1.1308801174163818,0.001898916787467897,0.20945008099079132,0.572055995464325,1.543748378753662,0.04093518108129501,0.05357570946216583,0.3786960244178772,1.5177239179611206,-0.031172294169664383,0.048163045197725296,0.5624250173568726,1.9039427042007446,0.4473046660423279,0.009221747517585754,0.37789613008499146,1.894273281097412,0.2648201584815979,0.014908541925251484,0.5637983083724976,1.9521903991699219,0.47081905603408813,0.005803724285215139,0.3767244815826416,1.9490169286727905,0.28510722517967224,0.017174560576677322,0.5321423411369324,2.030381441116333,0.08775394409894943,0.007596605457365513,0.39848577976226807,2.0135793685913086,-0.147039532661438,0.019563307985663414,0.6419540047645569,0.959034264087677,-1.6904701638509323e-08,0.6091515421867371,0.9502152800559998,-0.0005569442291744053,0.5746480822563171,0.9567895531654358,-0.004238121211528778,0.5514601469039917,0.9787524938583374,-0.00806756503880024,0.542076826095581,1.0029345750808716,-0.012612638995051384,0.566948652267456,0.9599271416664124,-0.01170579344034195,0.5327922105789185,0.9881591200828552,-0.019754186272621155,0.5165639519691467,1.0062307119369507,-0.025200696662068367,0.5050989985466003,1.0186989307403564,-0.028545528650283813,0.5784181356430054,0.9797130823135376,-0.0153084397315979,0.543404757976532,1.0101546049118042,-0.02138143591582775,0.5292836427688599,1.0268597602844238,-0.024832824245095253,0.5211013555526733,1.037551999092102,-0.027922140434384346,0.589682936668396,0.99887615442276,-0.01836673729121685,0.5557201504707336,1.026212215423584,-0.022751586511731148,0.5447044968605042,1.0413492918014526,-0.022006509825587273,0.5398411154747009,1.0508991479873657,-0.021823493763804436,0.5998202562332153,1.0161559581756592,-0.021269990131258965,0.571761965751648,1.0397257804870605,-0.023885125294327736,0.5620457530021667,1.0501127243041992,-0.02163590118288994,0.5571291446685791,1.0584936141967773,-0.019885025918483734,0.3307041525840759,0.9466265439987183,-1.4979304463480503e-09,0.3614575266838074,0.9322934746742249,-0.009893222711980343,0.39575105905532837,0.9446995258331299,-0.01622219942510128,0.414687842130661,0.9686654806137085,-0.020007193088531494,0.4205726385116577,0.9902041554450989,-0.022844361141324043,0.38911086320877075,0.961215078830719,-0.024807710200548172,0.42259711027145386,0.9856960773468018,-0.03276590630412102,0.4419231414794922,0.9964328408241272,-0.036169398576021194,0.4568783640861511,1.0023139715194702,-0.03780725970864296,0.37649548053741455,0.9808952808380127,-0.022958261892199516,0.4078381657600403,1.0113707780838013,-0.028962865471839905,0.4225732982158661,1.0236362218856812,-0.02973010577261448,0.43178021907806396,1.0309655666351318,-0.03040373884141445,0.36290788650512695,0.9995138049125671,-0.020564107224345207,0.39105236530303955,1.0287686586380005,-0.025174172595143318,0.40287482738494873,1.038356900215149,-0.022560732439160347,0.40934187173843384,1.0433562994003296,-0.02065904624760151,0.3511797785758972,1.015212893486023,-0.018734890967607498,0.3718681335449219,1.0408517122268677,-0.020876334980130196,0.38114407658576965,1.048595666885376,-0.017357690259814262,0.38564789295196533,1.0521408319473267,-0.014543208293616772
18,18,1,1,1,1.0,1.0,1.0,0.4795490801334381,0.34945693612098694,-0.8579826354980469,0.9990102052688599,0.502277672290802,0.3112657964229584,-0.8188965916633606,0.9981926083564758,0.5160795450210571,0.31103330850601196,-0.819111704826355,0.9981198906898499,0.5254011750221252,0.31094175577163696,-0.8189636468887329,0.9979311227798462,0.4616157114505768,0.3142867982387543,-0.8210897445678711,0.9986814260482788,0.4492955803871155,0.31576427817344666,-0.8212984800338745,0.9988796710968018,0.4390788972377777,0.31725871562957764,-0.8218059539794922,0.9990872740745544,0.5459874868392944,0.33174532651901245,-0.5065866708755493,0.9973543882369995,0.4326288104057312,0.3411288559436798,-0.5109587907791138,0.9989492893218994,0.5074047446250916,0.39189568161964417,-0.7380452156066895,0.9992935061454773,0.4578742980957031,0.39426133036613464,-0.7396772503852844,0.9996012449264526,0.6478182673454285,0.579313337802887,-0.2593539357185364,0.9913510680198669,0.3516806960105896,0.5819355845451355,-0.2801559567451477,0.9986972212791443,0.7011815309524536,0.9056220650672913,-0.3132878839969635,0.7399651408195496,0.28946781158447266,0.8933840394020081,-0.3170190453529358,0.8871948719024658,0.6200119256973267,0.9498938322067261,-0.8523780107498169,0.34501340985298157,0.359956294298172,0.935151219367981,-0.8724176287651062,0.459338515996933,0.5896375179290771,0.9810208082199097,-0.9809393882751465,0.31130990386009216,0.3943796455860138,0.9745208621025085,-0.9962174296379089,0.3881506621837616,0.5755361318588257,0.9455276727676392,-1.0150346755981445,0.33895623683929443,0.404294490814209,0.9311599731445312,-1.0295422077178955,0.4287111461162567,0.5794447660446167,0.9311049580574036,-0.8742688894271851,0.33813342452049255,0.40204986929893494,0.9147449135780334,-0.8935381770133972,0.4240979552268982,0.5871643424034119,1.0899772644042969,0.002850182121619582,0.19744563102722168,0.40533557534217834,1.0837570428848267,-0.0011558483820408583,0.23817028105258942,0.5706568360328674,1.5345556735992432,0.09998520463705063,0.05160113051533699,0.37440234422683716,1.5139861106872559,0.03819718211889267,0.04551459476351738,0.5599806308746338,1.8969416618347168,0.5129381418228149,0.008729021064937115,0.3766942620277405,1.8869540691375732,0.35260963439941406,0.013846365734934807,0.5617545247077942,1.9472544193267822,0.5297271013259888,0.005492581054568291,0.37447693943977356,1.9401843547821045,0.36989882588386536,0.016014093533158302,0.5310173034667969,2.0167975425720215,0.12877734005451202,0.007141543552279472,0.40120354294776917,2.0060312747955322,-0.06088749319314957,0.018306883051991463,0.6444357633590698,0.9382618069648743,2.4439485102334402e-08,0.6103500723838806,0.9133200645446777,0.0002062592830043286,0.5750425457954407,0.9157879948616028,-0.0014441357925534248,0.550366222858429,0.9330548048019409,-0.002785551128908992,0.5397984981536865,0.9533636569976807,-0.004547088406980038,0.5786240100860596,0.9253461956977844,-0.015111986547708511,0.5381360054016113,0.9468308091163635,-0.019838079810142517,0.5156283378601074,0.9567776322364807,-0.02041187323629856,0.4987216293811798,0.9652679562568665,-0.02071012556552887,0.5860458612442017,0.9540887475013733,-0.01767527498304844,0.5452693104743958,0.9682223796844482,-0.02429019846022129,0.5495941042900085,0.9557292461395264,-0.022906465455889702,0.5629048943519592,0.9464257955551147,-0.020751886069774628,0.59360671043396,0.9774253368377686,-0.01876046508550644,0.5567220449447632,0.9860039949417114,-0.020770713686943054,0.5612419247627258,0.9743317365646362,-0.014209465123713017,0.5739368200302124,0.9670209884643555,-0.00989874079823494,0.5998819470405579,0.9959786534309387,-0.019937744364142418,0.5712802410125732,0.9994480609893799,-0.019277246668934822,0.5746739506721497,0.988236129283905,-0.013503435999155045,0.5854443907737732,0.9835726618766785,-0.009658913128077984,0.32103756070137024,0.9118940830230713,-5.996792395990269e-08,0.3547097444534302,0.8965696096420288,-0.0055230408906936646,0.388893187046051,0.9093264937400818,-0.009704030118882656,0.4103828966617584,0.9373045563697815,-0.012482106685638428,0.4185095429420471,0.9598924517631531,-0.014786972664296627,0.3822052478790283,0.9166538715362549,-0.01777743548154831,0.41874682903289795,0.9352353811264038,-0.025599630549550056,0.4407738447189331,0.9445081949234009,-0.028274405747652054,0.45700907707214355,0.9548094272613525,-0.030061684548854828,0.36915725469589233,0.9421471953392029,-0.019392136484384537,0.4076850414276123,0.9664478302001953,-0.031258586794137955,0.4023672044277191,0.9492276310920715,-0.029942302033305168,0.3885142207145691,0.9377236366271973,-0.02546676993370056,0.3561793565750122,0.9621504545211792,-0.020622769370675087,0.3910723030567169,0.9790835976600647,-0.02925214171409607,0.38595524430274963,0.9632025957107544,-0.022964688017964363,0.372735857963562,0.9546446204185486,-0.01578957960009575,0.3446943461894989,0.9764044880867004,-0.02222580276429653,0.37312042713165283,0.9888507127761841,-0.026298345997929573,0.3701131343841553,0.975842297077179,-0.020989513024687767,0.35831037163734436,0.9687060713768005,-0.015635645017027855
19,19,1,1,1,1.0,1.0,1.0,0.48001623153686523,0.3494811952114105,-0.9836639165878296,0.9991078972816467,0.5025288462638855,0.3111191987991333,-0.9407738447189331,0.9983713626861572,0.5163078308105469,0.31081488728523254,-0.940957248210907,0.9983062744140625,0.5255903005599976,0.3106499910354614,-0.9407099485397339,0.9981357455253601,0.4623236060142517,0.3141249418258667,-0.9402614831924438,0.9988109469413757,0.45021146535873413,0.31554359197616577,-0.9403219223022461,0.9989898204803467,0.43993860483169556,0.31700313091278076,-0.9406973123550415,0.9991760849952698,0.546183168888092,0.33087313175201416,-0.5764406323432922,0.9976170659065247,0.43382778763771057,0.340589702129364,-0.564385712146759,0.9990525245666504,0.5079180002212524,0.3918907344341278,-0.8471838235855103,0.9993637800216675,0.4591010510921478,0.3942570388317108,-0.8453923463821411,0.9996406435966492,0.6480017304420471,0.5746902823448181,-0.2699287235736847,0.9922139048576355,0.3529767394065857,0.5793227553367615,-0.3126700818538666,0.9988189339637756,0.7054887413978577,0.9056561589241028,-0.4083326756954193,0.7657685279846191,0.28853943943977356,0.8934105634689331,-0.420398086309433,0.8978557586669922,0.6215212345123291,0.915235161781311,-1.0132572650909424,0.41022974252700806,0.3453388810157776,0.9003102779388428,-1.0935615301132202,0.5119182467460632,0.5914231538772583,0.9468661546707153,-1.1502721309661865,0.3791193664073944,0.38339763879776,0.9271341562271118,-1.231130838394165,0.4453861117362976,0.5781505107879639,0.9084267020225525,-1.1856484413146973,0.4040541350841522,0.3961763083934784,0.8848121762275696,-1.2648206949234009,0.48198649287223816,0.5814555883407593,0.8961458206176758,-1.0363199710845947,0.4029415249824524,0.3899223804473877,0.8719003796577454,-1.1173598766326904,0.4773184061050415,0.5847883224487305,1.0781149864196777,-0.0022765682078897953,0.25492173433303833,0.40487727522850037,1.0754846334457397,0.004145273007452488,0.2896122634410858,0.5694655179977417,1.5294994115829468,0.12911644577980042,0.049781691282987595,0.3692339360713959,1.5088932514190674,0.11147071421146393,0.0434136800467968,0.5545409917831421,1.8906599283218384,0.63201504945755,0.008378825150430202,0.3712631165981293,1.8750321865081787,0.5154996514320374,0.012844067066907883,0.5568333864212036,1.9410765171051025,0.6553030610084534,0.005257074721157551,0.36826029419898987,1.924341082572937,0.5409554243087769,0.015116204507648945,0.5250903367996216,2.0087876319885254,0.2192072868347168,0.006649461109191179,0.3997878432273865,2.00010085105896,0.07702530920505524,0.017156440764665604,0.6404948234558105,0.9054214358329773,2.90634116772992e-09,0.6111558675765991,0.8788689374923706,-0.0033895866945385933,0.5728028416633606,0.8831565380096436,-0.0066193100064992905,0.5442496538162231,0.9011563062667847,-0.008640323765575886,0.5299420952796936,0.9227072596549988,-0.011485177092254162,0.5749284029006958,0.8843280673027039,-0.01895718462765217,0.5370272397994995,0.9043683409690857,-0.024822253733873367,0.5142847895622253,0.9136089086532593,-0.026328550651669502,0.49666428565979004,0.9212409257888794,-0.027335286140441895,0.5831620693206787,0.9120339155197144,-0.020428016781806946,0.5446919798851013,0.9287987351417542,-0.028437064960598946,0.552081823348999,0.9196083545684814,-0.027546152472496033,0.5667026042938232,0.9112643003463745,-0.025693293660879135,0.5914667248725891,0.936515212059021,-0.02065488137304783,0.5579769015312195,0.9492688775062561,-0.024848056957125664,0.564942479133606,0.9400631785392761,-0.01836542971432209,0.5773718953132629,0.9327828288078308,-0.013847972266376019,0.5989245176315308,0.9576901197433472,-0.02104288525879383,0.5702230930328369,0.9664446711540222,-0.02233840525150299,0.5767943859100342,0.9568115472793579,-0.016439329832792282,0.5883851647377014,0.9514359831809998,-0.01241482887417078,0.31485795974731445,0.8730156421661377,-2.2816976752437768e-08,0.3492063283920288,0.8583182096481323,-0.003360131988301873,0.38385114073753357,0.8721714615821838,-0.006496434099972248,0.4065731167793274,0.8974558115005493,-0.008428700268268585,0.4159024953842163,0.9191036224365234,-0.009937121532857418,0.3810248374938965,0.874087929725647,-0.016524504870176315,0.41843509674072266,0.8901698589324951,-0.023262687027454376,0.4412102699279785,0.8990292549133301,-0.025453459471464157,0.4582490921020508,0.9077925682067871,-0.02689899131655693,0.36917445063591003,0.8982528448104858,-0.018730947747826576,0.40507325530052185,0.924993634223938,-0.028298964723944664,0.39948296546936035,0.9104070663452148,-0.02586526796221733,0.38720443844795227,0.898851215839386,-0.02133789286017418,0.35713231563568115,0.918229877948761,-0.020398493856191635,0.3898428678512573,0.9387914538383484,-0.026311002671718597,0.38477814197540283,0.9247620701789856,-0.019321687519550323,0.37299486994743347,0.9163676500320435,-0.01256578415632248,0.34584903717041016,0.9333750605583191,-0.02240166626870632,0.3727278709411621,0.9503796100616455,-0.023644376546144485,0.36897480487823486,0.938912034034729,-0.017335450276732445,0.35804757475852966,0.9313579797744751,-0.011996440589427948
20,20,1,1,1,1.0,1.0,1.0,0.48064079880714417,0.34946054220199585,-0.9298886060714722,0.9991960525512695,0.502988338470459,0.31062689423561096,-0.8821441531181335,0.9985326528549194,0.516769289970398,0.31020891666412354,-0.882472813129425,0.9984743595123291,0.525904655456543,0.3099897503852844,-0.882114589214325,0.9983202815055847,0.4629141390323639,0.31338056921958923,-0.886218249797821,0.9989279508590698,0.4508823752403259,0.31463533639907837,-0.8862242698669434,0.9990893006324768,0.4406716227531433,0.31588032841682434,-0.886635422706604,0.999256432056427,0.546358585357666,0.3292997181415558,-0.514413058757782,0.9978538751602173,0.43453341722488403,0.33930888772010803,-0.5252388715744019,0.9991457462310791,0.5084797143936157,0.3917539715766907,-0.787984311580658,0.9994269609451294,0.46005335450172424,0.3940574526786804,-0.7923356890678406,0.9996760487556458,0.6480647921562195,0.5699892044067383,-0.2325592041015625,0.9929901957511902,0.3532346487045288,0.5754867792129517,-0.26449960470199585,0.9989237189292908,0.706613302230835,0.9066324234008789,-0.38879087567329407,0.7889455556869507,0.28432613611221313,0.8977466225624084,-0.4582180380821228,0.9070858359336853,0.622563362121582,0.8837164640426636,-1.0483973026275635,0.4690381586551666,0.335489422082901,0.8643627762794495,-1.2196353673934937,0.5598628520965576,0.5932482481002808,0.9038478136062622,-1.1870903968811035,0.4406159222126007,0.3674237132072449,0.8778417706489563,-1.3633627891540527,0.49883219599723816,0.5797502994537354,0.8667199015617371,-1.2070252895355225,0.46309754252433777,0.380950391292572,0.8354969024658203,-1.3910000324249268,0.5318337082862854,0.5829887986183167,0.8554571270942688,-1.067063570022583,0.46183860301971436,0.37627139687538147,0.8246760964393616,-1.2436015605926514,0.5272454619407654,0.5824586153030396,1.065463900566101,-0.002081067068502307,0.2869844138622284,0.395393043756485,1.082889199256897,0.003978374879807234,0.31326204538345337,0.5694617033004761,1.5173834562301636,0.11103977262973785,0.046371303498744965,0.36731308698654175,1.4979804754257202,0.0878884568810463,0.04007945954799652,0.5539384484291077,1.8785501718521118,0.6003468632698059,0.0076953573152422905,0.3695937395095825,1.861972451210022,0.4613536298274994,0.011719390749931335,0.5563597083091736,1.9284653663635254,0.6332041025161743,0.004821038339287043,0.36597034335136414,1.911197543144226,0.4831836223602295,0.01384016964584589,0.5244228839874268,1.9959747791290283,0.16930921375751495,0.006099942605942488,0.39978206157684326,1.9843319654464722,0.040519315749406815,0.0158699881285429,0.6416581273078918,0.8751632571220398,-1.1679795797192583e-08,0.6142672896385193,0.8486621379852295,-0.0037768257316201925,0.5766065716743469,0.8503220081329346,-0.00796815101057291,0.5475969314575195,0.8679972887039185,-0.010897031985223293,0.5314607620239258,0.8893210291862488,-0.01474747620522976,0.5765875577926636,0.8460619449615479,-0.019367264583706856,0.5388443470001221,0.8636232614517212,-0.026758752763271332,0.5159488320350647,0.8719145655632019,-0.02960232086479664,0.4976375699043274,0.8788973689079285,-0.03141573444008827,0.5836719274520874,0.8736715316772461,-0.02137560397386551,0.5454240441322327,0.8897293210029602,-0.03103192150592804,0.5554803013801575,0.8825864791870117,-0.03072456456720829,0.5706873536109924,0.8753598928451538,-0.02884705737233162,0.5913601517677307,0.8992642760276794,-0.0222379881888628,0.5575708150863647,0.9119071364402771,-0.02807299792766571,0.5666552782058716,0.9046611785888672,-0.021052388474345207,0.5800349712371826,0.8984163999557495,-0.015559894032776356,0.5988741517066956,0.9220308661460876,-0.023256128653883934,0.5694506168365479,0.9298650622367859,-0.0256023071706295,0.5774132609367371,0.9219715595245361,-0.018965482711791992,0.5894653797149658,0.9178519248962402,-0.013935301452875137,0.31014883518218994,0.8391481041908264,1.2881628208560869e-08,0.3430449962615967,0.8247602581977844,-0.002799568697810173,0.3781750500202179,0.8365815281867981,-0.007734168786555529,0.4030081629753113,0.859713077545166,-0.011921901255846024,0.41354987025260925,0.8805965185165405,-0.015636952593922615,0.38044238090515137,0.829146683216095,-0.017764495685696602,0.4173232316970825,0.8448988199234009,-0.02653522416949272,0.4403303563594818,0.8536120653152466,-0.030225612223148346,0.45814406871795654,0.8618807792663574,-0.032777730375528336,0.3697066605091095,0.8520444631576538,-0.021581420674920082,0.4046745300292969,0.8827758431434631,-0.03383181244134903,0.39628103375434875,0.8730480074882507,-0.03235562890768051,0.3838370740413666,0.8616604208946228,-0.028261233121156693,0.35720494389533997,0.8737763166427612,-0.024757442995905876,0.38893839716911316,0.8968725800514221,-0.03189414367079735,0.38066983222961426,0.8868373036384583,-0.023233892396092415,0.36919069290161133,0.8786005973815918,-0.01526215486228466,0.34445419907569885,0.8919493556022644,-0.02835824526846409,0.37160399556159973,0.909570574760437,-0.029379548504948616,0.36536797881126404,0.9003105759620667,-0.021413268521428108,0.35492655634880066,0.8933607339859009,-0.015024297870695591
21,21,1,1,1,1.0,1.0,1.0,0.48153987526893616,0.3489050567150116,-0.8830456733703613,0.9992755055427551,0.5036090016365051,0.30902817845344543,-0.8355093002319336,0.9986777901649475,0.5173286199569702,0.3085876405239105,-0.8358013033866882,0.998625636100769,0.5263156890869141,0.3083762526512146,-0.8353863954544067,0.9984862804412842,0.4635426104068756,0.31167373061180115,-0.8415506482124329,0.9990333318710327,0.45158958435058594,0.3128596842288971,-0.8415997624397278,0.9991790056228638,0.44143956899642944,0.3140583038330078,-0.8420577049255371,0.9993289113044739,0.5465165972709656,0.3273908495903015,-0.47498828172683716,0.9980669021606445,0.43522873520851135,0.33797770738601685,-0.495510995388031,0.999229907989502,0.5097078084945679,0.3909798264503479,-0.7450872659683228,0.9994837641716003,0.4616042971611023,0.392990380525589,-0.7520515322685242,0.9997078776359558,0.6479916572570801,0.5655593276023865,-0.19641974568367004,0.9936878681182861,0.35396283864974976,0.5700388550758362,-0.2588725686073303,0.9990184903144836,0.7058420181274414,0.9075825214385986,-0.39546409249305725,0.8097025752067566,0.27596616744995117,0.899201512336731,-0.5036652684211731,0.9154078364372253,0.6229826807975769,0.8509371876716614,-1.1004064083099365,0.5219702124595642,0.3315737247467041,0.8240653872489929,-1.2749738693237305,0.6033143997192383,0.5956705808639526,0.8625959157943726,-1.2398455142974854,0.4960431158542633,0.36020615696907043,0.8344109058380127,-1.4171254634857178,0.5477073192596436,0.5818583965301514,0.824150800704956,-1.2484469413757324,0.5163228511810303,0.376982718706131,0.7937940359115601,-1.4381482601165771,0.5774713158607483,0.58440101146698,0.8119841814041138,-1.1162512302398682,0.5149502158164978,0.3738071322441101,0.7856261730194092,-1.296073317527771,0.5730999708175659,0.580548882484436,1.0595275163650513,0.005545341409742832,0.2980539798736572,0.3959260582923889,1.0652356147766113,-0.003498741891235113,0.31886398792266846,0.5698383450508118,1.507393479347229,0.10949428379535675,0.04295402765274048,0.36800676584243774,1.4888813495635986,0.0731663852930069,0.03678252175450325,0.5542315244674683,1.8670384883880615,0.5876813530921936,0.007043654564768076,0.3699456751346588,1.8509265184402466,0.4422646164894104,0.010642679408192635,0.5566030740737915,1.9169343709945679,0.6323598027229309,0.0044174944050610065,0.36652693152427673,1.9004435539245605,0.46459928154945374,0.012615939602255821,0.5245357155799866,1.9835457801818848,0.15731486678123474,0.005582944955676794,0.4027891159057617,1.9700884819030762,0.009949509054422379,0.014562348835170269,0.6428571939468384,0.847062885761261,-1.566998442115164e-08,0.6161549687385559,0.8194708228111267,-0.004044432193040848,0.5796381831169128,0.8189294338226318,-0.00883136224001646,0.5504662990570068,0.8352600932121277,-0.012615214101970196,0.532344400882721,0.8550116419792175,-0.017252080142498016,0.5787023305892944,0.8098183870315552,-0.01795700192451477,0.5404070615768433,0.824176013469696,-0.02669116109609604,0.5163121223449707,0.8319093585014343,-0.030801156535744667,0.49715545773506165,0.83941251039505,-0.033450521528720856,0.584139347076416,0.8362982273101807,-0.020617373287677765,0.5452165603637695,0.853577733039856,-0.03215032070875168,0.5558983683586121,0.8490052223205566,-0.03323664516210556,0.5712253451347351,0.8426735401153564,-0.03189578652381897,0.5906779170036316,0.8619850277900696,-0.022346336394548416,0.5567359924316406,0.8768492937088013,-0.03046533837914467,0.5663548111915588,0.8718184232711792,-0.024070974439382553,0.5799176692962646,0.8662490844726562,-0.0182588379830122,0.5975441932678223,0.8859700560569763,-0.024230124428868294,0.5683814883232117,0.895133912563324,-0.02843056619167328,0.5769088864326477,0.8893378973007202,-0.02216123230755329,0.5892093777656555,0.8855573534965515,-0.016815992072224617,0.30633455514907837,0.8064418435096741,6.504877347879301e-08,0.3403970003128052,0.7900185585021973,-0.0014632489765062928,0.376507431268692,0.8004775047302246,-0.006940382067114115,0.40185365080833435,0.822746217250824,-0.012229222804307938,0.41408488154411316,0.8466821312904358,-0.016890650615096092,0.37670740485191345,0.7875238656997681,-0.01735793985426426,0.4150705635547638,0.8007012009620667,-0.027250876650214195,0.4388272762298584,0.8084142208099365,-0.031662099063396454,0.45799046754837036,0.8167275190353394,-0.034479934722185135,0.36698228120803833,0.808965802192688,-0.02269820123910904,0.40515515208244324,0.8455007672309875,-0.036936335265636444,0.39509469270706177,0.8368954062461853,-0.035988565534353256,0.382034569978714,0.8234583139419556,-0.031643692404031754,0.3551679849624634,0.831780195236206,-0.027215762063860893,0.38883519172668457,0.8611416816711426,-0.035214394330978394,0.37907007336616516,0.8517534732818604,-0.025640111416578293,0.3681420385837555,0.8423130512237549,-0.016522103920578957,0.343166321516037,0.8513823747634888,-0.03213079646229744,0.3723662495613098,0.8731948137283325,-0.031621597707271576,0.3659001886844635,0.8645334839820862,-0.021746128797531128,0.35633403062820435,0.8558077216148376,-0.014041575603187084
22,22,1,1,1,1.0,1.0,1.0,0.48161906003952026,0.3464488685131073,-0.894070029258728,0.9993468523025513,0.5037185549736023,0.30554017424583435,-0.8492168188095093,0.9988082051277161,0.5175122618675232,0.3053048551082611,-0.8494736552238464,0.9987617135047913,0.5265055894851685,0.30504724383354187,-0.8491219282150269,0.9986354112625122,0.4637616276741028,0.30820128321647644,-0.8540565371513367,0.9991278648376465,0.4518313407897949,0.30943140387535095,-0.854158878326416,0.9992595911026001,0.4419049620628357,0.3104409873485565,-0.8546283841133118,0.9993938207626343,0.5466350317001343,0.32487520575523376,-0.49888381361961365,0.9982584118843079,0.43554553389549255,0.3353688418865204,-0.5149087309837341,0.9993053078651428,0.5097343921661377,0.388701468706131,-0.7601925730705261,0.9995347857475281,0.46169060468673706,0.3902147710323334,-0.7655181288719177,0.9997363686561584,0.6476763486862183,0.5616611838340759,-0.22443430125713348,0.9943157434463501,0.35406890511512756,0.5657733082771301,-0.27465760707855225,0.9991030693054199,0.7054595351219177,0.911657452583313,-0.4545823037624359,0.8283955454826355,0.2692243158817291,0.9093416333198547,-0.5455694198608398,0.9230046272277832,0.6239364147186279,0.827487051486969,-1.1829657554626465,0.5696462392807007,0.32843929529190063,0.7963322401046753,-1.3267179727554321,0.6426019668579102,0.5977738499641418,0.8352695107460022,-1.3201459646224976,0.5460291504859924,0.35831743478775024,0.8019218444824219,-1.4655570983886719,0.592010498046875,0.5826289057731628,0.7938773036003113,-1.3214209079742432,0.5643137097358704,0.3741379380226135,0.7583932876586914,-1.4785571098327637,0.6188295483589172,0.5851114988327026,0.7837022542953491,-1.1954108476638794,0.5628605484962463,0.3707571029663086,0.7527264356613159,-1.344243049621582,0.6146820783615112,0.5804709196090698,1.0541082620620728,0.005732160992920399,0.3098296821117401,0.3960712254047394,1.055955410003662,-0.0037701253313571215,0.32662853598594666,0.5698293447494507,1.4990850687026978,0.11386515200138092,0.040514618158340454,0.3685169517993927,1.4821196794509888,0.0665443167090416,0.03406033664941788,0.5542721152305603,1.856199860572815,0.5765982866287231,0.006569096352905035,0.3702546954154968,1.841445803642273,0.4301486611366272,0.009714290499687195,0.5568644404411316,1.9053274393081665,0.6110082268714905,0.0041335513815283775,0.36701351404190063,1.8897435665130615,0.4516301155090332,0.0115840844810009,0.5249801874160767,1.9732661247253418,0.15846410393714905,0.00517894234508276,0.40429577231407166,1.9602473974227905,0.008230521343648434,0.013488552533090115,0.6423125863075256,0.8207018375396729,-2.17782805123079e-08,0.6162511706352234,0.7914527058601379,-0.0037666342686861753,0.5785755515098572,0.7881474494934082,-0.008535602129995823,0.5491092205047607,0.8031603097915649,-0.012543824501335621,0.530734658241272,0.8239097595214844,-0.01744464598596096,0.5770502686500549,0.7771263122558594,-0.01654883287847042,0.5382115840911865,0.7886833548545837,-0.025430530309677124,0.5143116116523743,0.7959550619125366,-0.030229298397898674,0.4951257109642029,0.8028486371040344,-0.033409591764211655,0.5817587375640869,0.8034182786941528,-0.01957581378519535,0.5443163514137268,0.8213682770729065,-0.0312100388109684,0.5556924343109131,0.8199872374534607,-0.03268495574593544,0.5705921649932861,0.8140103816986084,-0.03174168989062309,0.5881664752960205,0.8297377824783325,-0.021751467138528824,0.554951012134552,0.8451257348060608,-0.02993239276111126,0.5646731853485107,0.8419995307922363,-0.023677125573158264,0.5781930685043335,0.8364362120628357,-0.018002353608608246,0.5952968001365662,0.8547149896621704,-0.024127434939146042,0.5667321085929871,0.8630077838897705,-0.02838226594030857,0.5748794674873352,0.8593558669090271,-0.022135060280561447,0.5870695114135742,0.8556731939315796,-0.01675131730735302,0.3043402433395386,0.777880847454071,8.384870398003841e-08,0.33818933367729187,0.7592760920524597,-0.0002766675315797329,0.3742065131664276,0.7676531672477722,-0.005281038582324982,0.3988324701786041,0.7888206839561462,-0.010692755691707134,0.4139811396598816,0.81049644947052,-0.015528375282883644,0.3780059814453125,0.751093864440918,-0.014518379233777523,0.4155619144439697,0.76335209608078,-0.024648619815707207,0.4399418830871582,0.7708000540733337,-0.03065487928688526,0.4604046642780304,0.7782010436058044,-0.034686725586652756,0.36850622296333313,0.771819531917572,-0.020858336240053177,0.40431711077690125,0.809658408164978,-0.03446381166577339,0.393212229013443,0.8048205971717834,-0.034994468092918396,0.37975892424583435,0.7920198440551758,-0.03255215287208557,0.35701432824134827,0.795077383518219,-0.026481444016098976,0.39023086428642273,0.8265677094459534,-0.033810388296842575,0.3800137937068939,0.8210936188697815,-0.024716515094041824,0.3685123920440674,0.8118773698806763,-0.01670141890645027,0.34526675939559937,0.8156062364578247,-0.032601501792669296,0.3745882511138916,0.8388925790786743,-0.03167307749390602,0.3671485483646393,0.8335249423980713,-0.02166305109858513,0.356509804725647,0.8253078460693359,-0.014218016527593136
23,23,1,1,1,1.0,1.0,1.0,0.48163995146751404,0.34397727251052856,-0.8933473825454712,0.9994109272956848,0.5039187669754028,0.3023914694786072,-0.8498784899711609,0.998925507068634,0.5178229212760925,0.30223384499549866,-0.8500853776931763,0.9988840818405151,0.5267778635025024,0.3019740879535675,-0.8497085571289062,0.9987695217132568,0.4639800488948822,0.30513671040534973,-0.8538005948066711,0.999212920665741,0.45203909277915955,0.3064514100551605,-0.8539077043533325,0.9993320107460022,0.44231629371643066,0.30734002590179443,-0.8543572425842285,0.9994521737098694,0.5472536683082581,0.32306140661239624,-0.5041853785514832,0.9984307289123535,0.43587177991867065,0.3332434594631195,-0.5159061551094055,0.9993730187416077,0.5097347497940063,0.3865657150745392,-0.7609812617301941,0.9995806217193604,0.46169590950012207,0.38770899176597595,-0.7650536894798279,0.9997619986534119,0.6473751664161682,0.560511589050293,-0.22951003909111023,0.994879961013794,0.3542857766151428,0.5620033740997314,-0.27521777153015137,0.9991795420646667,0.7050422430038452,0.9177792072296143,-0.4853556752204895,0.8451403379440308,0.2630181908607483,0.9157364964485168,-0.5598978400230408,0.9299545884132385,0.6244558095932007,0.8077707886695862,-1.2244036197662354,0.6125571727752686,0.32953059673309326,0.7656256556510925,-1.3313660621643066,0.6780033707618713,0.5988024473190308,0.8035253286361694,-1.3604562282562256,0.5910352468490601,0.3586178123950958,0.7691371440887451,-1.4641826152801514,0.6319659948348999,0.5838860273361206,0.7616799473762512,-1.3514881134033203,0.607523500919342,0.3749009966850281,0.7320407629013062,-1.4705616235733032,0.6561363935470581,0.5863831043243408,0.756414532661438,-1.233122706413269,0.6059723496437073,0.3713204264640808,0.7286975383758545,-1.345395803451538,0.6521629095077515,0.5793708562850952,1.0575467348098755,0.004984274506568909,0.3209620714187622,0.39636409282684326,1.0556873083114624,-0.0030710555147379637,0.3371827304363251,0.5687075853347778,1.4931663274765015,0.10934673249721527,0.038799941539764404,0.36881574988365173,1.476475477218628,0.05918300896883011,0.031951792538166046,0.5543324947357178,1.8467868566513062,0.551830530166626,0.006151291076093912,0.3714293837547302,1.8344473838806152,0.40746641159057617,0.008894489146769047,0.556867778301239,1.8953518867492676,0.5737579464912415,0.0038788202218711376,0.3672838807106018,1.8838311433792114,0.42759203910827637,0.010691997595131397,0.5251093506813049,1.962708592414856,0.14493344724178314,0.004834636114537716,0.40550661087036133,1.949358344078064,-0.016705168411135674,0.012540158815681934,0.6429698467254639,0.7968795895576477,-3.67800190304024e-08,0.6158117651939392,0.7654326558113098,-0.0035692460369318724,0.578213095664978,0.7613152861595154,-0.008593900129199028,0.5490921139717102,0.7754528522491455,-0.013034186325967312,0.5313288569450378,0.7959306836128235,-0.0182023998349905,0.5762690901756287,0.748184859752655,-0.01436832919716835,0.5385212302207947,0.7591476440429688,-0.023723438382148743,0.514512300491333,0.7662018537521362,-0.029342858120799065,0.49497342109680176,0.7727516293525696,-0.03325235843658447,0.5801082253456116,0.7731943130493164,-0.017786798998713493,0.5440434813499451,0.7949307560920715,-0.029766308143734932,0.5549406409263611,0.7960277199745178,-0.03158779814839363,0.5694339871406555,0.7904385924339294,-0.03105558082461357,0.5859668254852295,0.7992103099822998,-0.020636003464460373,0.5543646812438965,0.8180219531059265,-0.029615871608257294,0.5639586448669434,0.8161283731460571,-0.023786693811416626,0.5770419239997864,0.8103780150413513,-0.01835937798023224,0.5930221080780029,0.823933482170105,-0.02370239794254303,0.5670472383499146,0.8351173996925354,-0.02826220728456974,0.5755362510681152,0.8324863910675049,-0.02234654687345028,0.5870561003684998,0.8282123804092407,-0.01722905971109867,0.3054947257041931,0.751072108745575,8.834831533022225e-08,0.3407139778137207,0.7327396273612976,0.0018580706091597676,0.37628573179244995,0.7403369545936584,-0.0029057939536869526,0.40043094754219055,0.7600842714309692,-0.00868163537234068,0.4156578779220581,0.780950665473938,-0.014126535505056381,0.38026776909828186,0.7193700671195984,-0.012950417585670948,0.4171569347381592,0.7295514941215515,-0.02208966203033924,0.44109368324279785,0.7359131574630737,-0.027756372466683388,0.46148061752319336,0.7419867515563965,-0.031709637492895126,0.3723181188106537,0.7388451099395752,-0.019879566505551338,0.4047932028770447,0.7752730250358582,-0.030089160427451134,0.39484530687332153,0.774911642074585,-0.029588667675852776,0.3835431635379791,0.7654634714126587,-0.027800165116786957,0.36163395643234253,0.7621721029281616,-0.02593562938272953,0.3915368318557739,0.7943868637084961,-0.030222808942198753,0.38160353899002075,0.790732204914093,-0.020852038636803627,0.3705970346927643,0.7818695306777954,-0.013942043296992779,0.34962978959083557,0.7838925719261169,-0.032504547387361526,0.3763713240623474,0.8074824213981628,-0.029808660969138145,0.36885133385658264,0.8033948540687561,-0.019832907244563103,0.35832077264785767,0.795037567615509,-0.012993613258004189
24,24,1,1,1,1.0,1.0,1.0,0.48165249824523926,0.3422638773918152,-0.8954969644546509,0.9994686841964722,0.5041170120239258,0.30064427852630615,-0.8507641553878784,0.9990312457084656,0.5180893540382385,0.300495445728302,-0.8509127497673035,0.9989942908287048,0.5270401835441589,0.30021435022354126,-0.8503255844116211,0.9988904595375061,0.4642813801765442,0.30324193835258484,-0.8542101979255676,0.9992896318435669,0.4523588716983795,0.3044884502887726,-0.8543615341186523,0.9993972182273865,0.4428365230560303,0.3052752912044525,-0.8548933863639832,0.999504804611206,0.5478630065917969,0.32180601358413696,-0.5146846175193787,0.9985860586166382,0.4364985525608063,0.3311823010444641,-0.5250269174575806,0.9994339942932129,0.5096989870071411,0.3849566876888275,-0.7647582292556763,0.9996219277381897,0.4617133140563965,0.3859277367591858,-0.7689606547355652,0.9997851252555847,0.6473316550254822,0.558948814868927,-0.2424657642841339,0.9953880310058594,0.3549172878265381,0.557776153087616,-0.28042173385620117,0.9992483854293823,0.704806923866272,0.9208454489707947,-0.5197747349739075,0.8603143095970154,0.2595643997192383,0.9180908799171448,-0.568968653678894,0.9362368583679199,0.6250496506690979,0.7903356552124023,-1.259939432144165,0.6512118577957153,0.3290044963359833,0.7452515959739685,-1.3452988862991333,0.709874153137207,0.5971694588661194,0.7828159928321838,-1.3969435691833496,0.6316329836845398,0.35875648260116577,0.7363606095314026,-1.4788563251495361,0.6679337620735168,0.5833793878555298,0.7420753240585327,-1.384366750717163,0.6464936137199402,0.3749595284461975,0.7050713300704956,-1.4829387664794922,0.6897133588790894,0.5863267183303833,0.7387434840202332,-1.266849160194397,0.6448878049850464,0.37139058113098145,0.7042912840843201,-1.3585855960845947,0.685870349407196,0.5777101516723633,1.0603995323181152,0.004454558715224266,0.3348117768764496,0.39661145210266113,1.0537625551223755,-0.0025728102773427963,0.3514752686023712,0.5677224397659302,1.4868948459625244,0.10587501525878906,0.03777163848280907,0.3707127571105957,1.4673031568527222,0.029581114649772644,0.030505863949656487,0.5538330078125,1.8376957178115845,0.5292538404464722,0.005797583609819412,0.37244415283203125,1.8252607583999634,0.3693165183067322,0.00821242667734623,0.5561137199401855,1.8859957456588745,0.545870840549469,0.003657252760604024,0.3676359951496124,1.876204252243042,0.38850662112236023,0.00998679082840681,0.5254422426223755,1.9523922204971313,0.12781839072704315,0.0045498753897845745,0.40667328238487244,1.9365125894546509,-0.05378904193639755,0.011822505854070187,0.6413260102272034,0.7756258249282837,-3.785420688018348e-08,0.6159952878952026,0.7451868653297424,-0.00266403635032475,0.5791635513305664,0.7403676509857178,-0.007830402813851833,0.5497612953186035,0.7535101771354675,-0.012718415819108486,0.5301095843315125,0.7707508206367493,-0.01827269233763218,0.5762804746627808,0.723336398601532,-0.014872588217258453,0.5364452004432678,0.734728217124939,-0.024402592331171036,0.5119267702102661,0.7411646842956543,-0.029575124382972717,0.4925399124622345,0.7465200424194336,-0.03307613357901573,0.5796046257019043,0.7485014200210571,-0.018980707973241806,0.5421024560928345,0.7701098918914795,-0.030854886397719383,0.5525577068328857,0.7728103399276733,-0.031807415187358856,0.5661985874176025,0.7682327032089233,-0.030904017388820648,0.5851648449897766,0.7747786641120911,-0.022511472925543785,0.5529531836509705,0.7934123873710632,-0.031962648034095764,0.5626837015151978,0.7931332588195801,-0.025790797546505928,0.5751723647117615,0.7881277203559875,-0.0201115645468235,0.5913673639297485,0.800276517868042,-0.026125077158212662,0.5641237497329712,0.81053227186203,-0.031143663451075554,0.5725324749946594,0.8088305592536926,-0.02518191933631897,0.5837472677230835,0.8050557374954224,-0.019963407889008522,0.30693989992141724,0.7296000123023987,1.1840640468108177e-07,0.3402661383152008,0.7095614671707153,0.00243712542578578,0.3760102093219757,0.7163210511207581,-0.0021494003012776375,0.4002535939216614,0.7361155152320862,-0.00796217005699873,0.4155220091342926,0.7550567388534546,-0.013479986228048801,0.3823797404766083,0.6940150856971741,-0.012317127548158169,0.41897231340408325,0.7029386162757874,-0.02109723538160324,0.4427506625652313,0.707410991191864,-0.02634328044950962,0.4625226855278015,0.7114130258560181,-0.029952500015497208,0.37502458691596985,0.712918758392334,-0.019516972824931145,0.40832197666168213,0.7476953268051147,-0.028183920308947563,0.4020727872848511,0.7525853514671326,-0.027171503752470016,0.39371463656425476,0.7485939860343933,-0.025659384205937386,0.36454111337661743,0.7359133362770081,-0.025892086327075958,0.3941386640071869,0.76796954870224,-0.02938198484480381,0.3846778869628906,0.7653825283050537,-0.020160887390375137,0.3742915093898773,0.756686270236969,-0.013796065002679825,0.3523557782173157,0.7580690979957581,-0.0327548123896122,0.37816739082336426,0.7806665301322937,-0.029707837849855423,0.3710143566131592,0.7770357728004456,-0.019889138638973236,0.36111700534820557,0.7683972716331482,-0.013395212590694427
25,25,1,1,1,1.0,1.0,1.0,0.4818105697631836,0.342051237821579,-0.894323468208313,0.9995208382606506,0.5046057105064392,0.3004441261291504,-0.8517504930496216,0.999126672744751,0.518511176109314,0.3002156913280487,-0.8519037961959839,0.9990937113761902,0.5274479985237122,0.3000040352344513,-0.8514544367790222,0.9989996552467346,0.4650123715400696,0.30276674032211304,-0.8543286323547363,0.9993589520454407,0.45317211747169495,0.30386462807655334,-0.8544535636901855,0.9994561076164246,0.44367656111717224,0.304715633392334,-0.8549197912216187,0.9995524287223816,0.548622190952301,0.32156404852867126,-0.513362467288971,0.9987261295318604,0.4374597668647766,0.330058217048645,-0.5202933549880981,0.9994890093803406,0.509712815284729,0.3844943344593048,-0.7632964849472046,0.9996591806411743,0.4619215428829193,0.385389506816864,-0.7662439346313477,0.9998059868812561,0.6473149061203003,0.5581888556480408,-0.2437480390071869,0.9958460927009583,0.35516566038131714,0.5543531775474548,-0.2684348225593567,0.9993106126785278,0.7048340439796448,0.9252915978431702,-0.5304694175720215,0.8740530014038086,0.25686413049697876,0.9195954203605652,-0.5570968985557556,0.9417709708213806,0.6253021955490112,0.7763577699661255,-1.2616961002349854,0.6860334277153015,0.32860761880874634,0.730690598487854,-1.3231327533721924,0.7385159730911255,0.5922790169715881,0.7600130438804626,-1.3961703777313232,0.6682673096656799,0.35910892486572266,0.7181298136711121,-1.4534213542938232,0.7002110481262207,0.5810633897781372,0.7213817834854126,-1.378886342048645,0.6816536784172058,0.3756463825702667,0.684734582901001,-1.4518067836761475,0.719834566116333,0.5850940346717834,0.7198046445846558,-1.2660269737243652,0.6800513863563538,0.3719346523284912,0.6844668984413147,-1.3340742588043213,0.7160699367523193,0.5758511424064636,1.0585649013519287,0.004256340675055981,0.346498042345047,0.3968414068222046,1.0514092445373535,-0.002430283697322011,0.36250388622283936,0.5659315586090088,1.4843660593032837,0.08903085440397263,0.03677969053387642,0.3708687722682953,1.4621081352233887,0.010350329801440239,0.02916792966425419,0.5514695644378662,1.8343336582183838,0.494821697473526,0.005444828886538744,0.3725416660308838,1.8187237977981567,0.3338460624217987,0.0075807166285812855,0.5533621907234192,1.882526159286499,0.5089429616928101,0.003427797229960561,0.366839200258255,1.8697130680084229,0.3514482080936432,0.0092988982796669,0.5245851874351501,1.9490578174591064,0.09791525453329086,0.004281985107809305,0.40630775690078735,1.9298502206802368,-0.08471141755580902,0.011137021705508232,0.6402926445007324,0.7601240277290344,-5.055822782651376e-08,0.6152942180633545,0.7293658256530762,-0.0027705952525138855,0.5778403878211975,0.7214841246604919,-0.007719486951828003,0.5478730201721191,0.7342436909675598,-0.012351073324680328,0.5290066003799438,0.7538600564002991,-0.017567187547683716,0.575282871723175,0.7034627199172974,-0.0133792320266366,0.5357630252838135,0.7141130566596985,-0.02241174876689911,0.5111663937568665,0.7208030819892883,-0.027460170909762383,0.4914700984954834,0.7257706522941589,-0.031124379485845566,0.5783101320266724,0.7279980182647705,-0.017538217827677727,0.5406748056411743,0.7490142583847046,-0.029322244226932526,0.5515934824943542,0.7532627582550049,-0.030453180894255638,0.5652820467948914,0.7491116523742676,-0.029645366594195366,0.5838239192962646,0.7543265223503113,-0.021177122369408607,0.5515949726104736,0.7734792828559875,-0.030957408249378204,0.5618150234222412,0.7744876146316528,-0.025067590177059174,0.5739758014678955,0.7698548436164856,-0.019515831023454666,0.5900650024414062,0.7802447080612183,-0.02489115670323372,0.5637654066085815,0.7906397581100464,-0.03028835915029049,0.5726408958435059,0.7899840474128723,-0.02455149032175541,0.5838443636894226,0.7864986062049866,-0.019482215866446495,0.3082994222640991,0.7099344730377197,1.245554557272044e-07,0.3412442207336426,0.6888265609741211,0.0024069277569651604,0.37736499309539795,0.6949471235275269,-0.0025381671730428934,0.4013179838657379,0.7163991928100586,-0.008863607421517372,0.41486549377441406,0.738231897354126,-0.015037613920867443,0.38521087169647217,0.6731572151184082,-0.012280430644750595,0.4225575923919678,0.6811307668685913,-0.020451469346880913,0.4458884000778198,0.6848065257072449,-0.025250481441617012,0.4650722146034241,0.6870568990707397,-0.028775040060281754,0.3780824840068817,0.6921870708465576,-0.020079368725419044,0.41304585337638855,0.7239242792129517,-0.028979439288377762,0.40657225251197815,0.7306315302848816,-0.028512893244624138,0.39792248606681824,0.727492094039917,-0.027243906632065773,0.3680778443813324,0.7158728837966919,-0.02691441774368286,0.3979194164276123,0.7460114359855652,-0.030789969488978386,0.38786327838897705,0.744452953338623,-0.022123895585536957,0.37749722599983215,0.7356820106506348,-0.01607905514538288,0.3563826084136963,0.7392879128456116,-0.03419779986143112,0.38182157278060913,0.7592207193374634,-0.0319148488342762,0.3737379014492035,0.7562395930290222,-0.022343313321471214,0.3636170029640198,0.7482050061225891,-0.015870921313762665
26,26,1,1,1,1.0,1.0,1.0,0.482835590839386,0.34207719564437866,-0.8789688348770142,0.9995678663253784,0.5062814950942993,0.3005232810974121,-0.8372278213500977,0.9992126226425171,0.5197871327400208,0.30029556155204773,-0.8373808860778809,0.9991832971572876,0.5285671353340149,0.300067275762558,-0.8369868397712708,0.9990980625152588,0.4667482376098633,0.3028286397457123,-0.839794933795929,0.9994214177131653,0.45504140853881836,0.303891122341156,-0.8399164080619812,0.9995091557502747,0.44494763016700745,0.30477696657180786,-0.8403390645980835,0.9995953440666199,0.5497152209281921,0.3215966820716858,-0.4992137551307678,0.9988522529602051,0.4384509027004242,0.3296055495738983,-0.5068496465682983,0.9995386004447937,0.5106124877929688,0.3843687176704407,-0.7483633160591125,0.9996927380561829,0.46286606788635254,0.38522759079933167,-0.7513775825500488,0.9998247623443604,0.6473763585090637,0.557348370552063,-0.2339976578950882,0.9962581396102905,0.3551800549030304,0.5531847476959229,-0.25357943773269653,0.99936443567276,0.7046831250190735,0.9278948307037354,-0.5249220132827759,0.8864010572433472,0.2551441490650177,0.9193934202194214,-0.5348358154296875,0.9465538859367371,0.6255937218666077,0.766251266002655,-1.2518842220306396,0.7173790335655212,0.32685586810112,0.7192119359970093,-1.2799183130264282,0.7642698884010315,0.5923515558242798,0.7472165822982788,-1.384791612625122,0.7012667655944824,0.35915371775627136,0.7033568620681763,-1.407048225402832,0.7292447090148926,0.5811277627944946,0.7061671614646912,-1.3656383752822876,0.7133240103721619,0.37560877203941345,0.6694915294647217,-1.4039337635040283,0.7469375133514404,0.5850385427474976,0.7056134939193726,-1.2555488348007202,0.711746096611023,0.37198975682258606,0.6696990132331848,-1.290131688117981,0.743240237236023,0.5748928189277649,1.0552964210510254,0.003910132683813572,0.3496342897415161,0.3970238268375397,1.0508513450622559,-0.0020971253979951143,0.36472898721694946,0.5656619071960449,1.4838340282440186,0.0745299831032753,0.03517698124051094,0.3709809482097626,1.4614710807800293,-0.00022197219368536025,0.02754265069961548,0.5513519048690796,1.8331739902496338,0.47372403740882874,0.005065507255494595,0.3726814389228821,1.8167953491210938,0.3122543692588806,0.006960997823625803,0.553137481212616,1.8818269968032837,0.4872760772705078,0.003178368555381894,0.36660200357437134,1.8681614398956299,0.3287040889263153,0.008584776893258095,0.5247153043746948,1.9469170570373535,0.08066006749868393,0.004008630756288767,0.40639835596084595,1.9273016452789307,-0.10204770416021347,0.010427546687424183,0.6387852430343628,0.7489267587661743,-6.483924153144471e-08,0.6133751273155212,0.7175441384315491,-0.0013839901657775044,0.5773386359214783,0.7092447876930237,-0.006129824556410313,0.5482184886932373,0.7206187844276428,-0.011118633672595024,0.5290589332580566,0.7382026314735413,-0.016565872356295586,0.5741667747497559,0.6875652074813843,-0.01057245023548603,0.535075843334198,0.6983191967010498,-0.019411960616707802,0.5110105276107788,0.7049403786659241,-0.024569788947701454,0.4920051097869873,0.7092416286468506,-0.028285110369324684,0.5767955183982849,0.7106629014015198,-0.015386231243610382,0.5405951142311096,0.7320075035095215,-0.026864446699619293,0.5495297908782959,0.7387614250183105,-0.028275039047002792,0.5617870688438416,0.7363680005073547,-0.02771740034222603,0.5820255279541016,0.7366728782653809,-0.019766319543123245,0.5512071251869202,0.7568857073783875,-0.029314326122403145,0.5608065724372864,0.7597219944000244,-0.0239876676350832,0.5721421837806702,0.7553108334541321,-0.01877926103770733,0.5881985425949097,0.7623570561408997,-0.024173306301236153,0.5629838109016418,0.7746018767356873,-0.02925671450793743,0.5708698630332947,0.7750052213668823,-0.0239245668053627,0.5810475945472717,0.7710627317428589,-0.019078539684414864,0.3097400665283203,0.6964102983474731,8.129549655677692e-08,0.3423404097557068,0.6739295125007629,0.00238484307192266,0.37895140051841736,0.6788572072982788,-0.003256262978538871,0.40403106808662415,0.7004408836364746,-0.010138447396457195,0.41824933886528015,0.7237464785575867,-0.01670193485915661,0.3878180980682373,0.6550079584121704,-0.01372685469686985,0.4256729781627655,0.6641733646392822,-0.022081024944782257,0.44866201281547546,0.6679060459136963,-0.026736266911029816,0.46804672479629517,0.6698821187019348,-0.030500072985887527,0.3811925947666168,0.6736263036727905,-0.021840842440724373,0.4147411584854126,0.711429238319397,-0.03181257098913193,0.4031105041503906,0.7142201662063599,-0.03072703629732132,0.39124879240989685,0.7052220702171326,-0.02898366190493107,0.3715479373931885,0.6972675919532776,-0.02895047329366207,0.4000488519668579,0.7308534979820251,-0.032973144203424454,0.3882667124271393,0.728280782699585,-0.023310044780373573,0.3778935968875885,0.7176473736763,-0.01702723652124405,0.3601479232311249,0.7207785844802856,-0.03658011928200722,0.3837723433971405,0.7432068586349487,-0.03432006388902664,0.37443721294403076,0.7397329807281494,-0.024627946317195892,0.3647749125957489,0.730417788028717,-0.018389759585261345
27,27,1,1,1,1.0,1.0,1.0,0.48323529958724976,0.34249699115753174,-0.8253083229064941,0.9996101260185242,0.5072149634361267,0.301148384809494,-0.7843824028968811,0.9992899298667908,0.5205708146095276,0.30093443393707275,-0.7845357656478882,0.9992638230323792,0.5294257998466492,0.30101296305656433,-0.784164547920227,0.9991865158081055,0.4676991105079651,0.30316469073295593,-0.7861464619636536,0.9994775056838989,0.4560416638851166,0.3042001724243164,-0.7862492799758911,0.9995567798614502,0.44566330313682556,0.3051014840602875,-0.7866626381874084,0.9996338486671448,0.5504805445671082,0.32229357957839966,-0.4528723359107971,0.9989656805992126,0.4390907883644104,0.32964208722114563,-0.4569173753261566,0.9995830655097961,0.5110981464385986,0.3844241499900818,-0.6970046758651733,0.9997228384017944,0.4631737768650055,0.3852546513080597,-0.6990480422973633,0.999841570854187,0.6473801732063293,0.5562039017677307,-0.19451697170734406,0.9966288805007935,0.3551909923553467,0.5513438582420349,-0.21326382458209991,0.9994128942489624,0.7045454382896423,0.9283279776573181,-0.5027130842208862,0.8975591659545898,0.2540361285209656,0.9188756346702576,-0.5278773903846741,0.9508877396583557,0.6257752180099487,0.7528105974197388,-1.2183196544647217,0.7455994486808777,0.3269548714160919,0.7056186199188232,-1.233622670173645,0.787445604801178,0.5917696356773376,0.7313449382781982,-1.3473249673843384,0.7309919595718384,0.359224796295166,0.6889522671699524,-1.3571044206619263,0.7553681135177612,0.5813336372375488,0.6881345510482788,-1.3234317302703857,0.7418480515480042,0.3757200837135315,0.6517258286476135,-1.35780668258667,0.7713071703910828,0.585196852684021,0.689208447933197,-1.2196321487426758,0.7403083443641663,0.3723222315311432,0.6523535847663879,-1.243572473526001,0.7676659226417542,0.5740906596183777,1.0518592596054077,0.004662493709474802,0.3582642674446106,0.39716437458992004,1.049582600593567,-0.0027997298166155815,0.3725544214248657,0.5655115842819214,1.4833228588104248,0.06624271720647812,0.03404996544122696,0.37165936827659607,1.461175799369812,-0.0076067885383963585,0.02657988667488098,0.5510151982307434,1.8321250677108765,0.4576290547847748,0.004732195287942886,0.37277358770370483,1.816375970840454,0.2910868525505066,0.00644526444375515,0.5525108575820923,1.8810657262802124,0.47055619955062866,0.0029518608935177326,0.3665377199649811,1.8680163621902466,0.3061157166957855,0.00799738708883524,0.5251387357711792,1.9451956748962402,0.06936188042163849,0.003789719194173813,0.40725693106651306,1.926768183708191,-0.11880560964345932,0.009871724992990494,0.6370756030082703,0.7392403483390808,-6.35707095852922e-08,0.6119944453239441,0.7069794535636902,-0.0009837360121309757,0.57634437084198,0.6975106000900269,-0.005654036998748779,0.5474254488945007,0.7093061804771423,-0.01081180665642023,0.5292494297027588,0.7276493310928345,-0.016626739874482155,0.5723841190338135,0.6762332320213318,-0.00941066350787878,0.5342203974723816,0.6861096620559692,-0.01786770671606064,0.5100911259651184,0.6918997168540955,-0.023223215714097023,0.49094700813293457,0.6963555216789246,-0.0272010900080204,0.5752090215682983,0.6990269422531128,-0.014508658088743687,0.5407184958457947,0.7195926904678345,-0.025455666705965996,0.5495361089706421,0.7257440090179443,-0.027171380817890167,0.56163489818573,0.7236973643302917,-0.027066078037023544,0.5808268785476685,0.7251752018928528,-0.019142307341098785,0.5513286590576172,0.7447148561477661,-0.028326908126473427,0.5606760382652283,0.7474192380905151,-0.023424334824085236,0.5722098350524902,0.7434681057929993,-0.01863797754049301,0.5873361825942993,0.7513960599899292,-0.023761991411447525,0.5617387294769287,0.7629061341285706,-0.028487127274274826,0.5693939328193665,0.7636018395423889,-0.023064006119966507,0.5800250768661499,0.7601320743560791,-0.018247054889798164,0.3112534284591675,0.6847971677780151,7.782657718280461e-08,0.34485721588134766,0.6638985276222229,0.0024821546394377947,0.381817102432251,0.6679580211639404,-0.0029593457002192736,0.40712305903434753,0.6882584691047668,-0.009837029501795769,0.4213935136795044,0.7093890309333801,-0.01635308377444744,0.39098402857780457,0.6418550610542297,-0.012047823518514633,0.428398996591568,0.6528425812721252,-0.02021404728293419,0.4509153664112091,0.6561883687973022,-0.024876262992620468,0.4701719284057617,0.6572997570037842,-0.02875163033604622,0.38412946462631226,0.6596648097038269,-0.020297421142458916,0.4170072078704834,0.69889235496521,-0.030286036431789398,0.40502747893333435,0.7026589512825012,-0.02961883693933487,0.3933069705963135,0.6941288709640503,-0.028224961832165718,0.3746196925640106,0.6825520396232605,-0.02764240652322769,0.4016062021255493,0.7179418802261353,-0.03168173134326935,0.38974329829216003,0.7161616086959839,-0.022506671026349068,0.37991172075271606,0.7057007551193237,-0.016699030995368958,0.3635514974594116,0.7055186629295349,-0.035576771944761276,0.3854307234287262,0.729502260684967,-0.033360082656145096,0.37564098834991455,0.7269577980041504,-0.024117745459079742,0.36624181270599365,0.7180703282356262,-0.018262619152665138
28,28,1,1,1,1.0,1.0,1.0,0.4835626184940338,0.3428473472595215,-0.8249654769897461,0.9996483325958252,0.5079673528671265,0.3016701340675354,-0.7846940755844116,0.9993597865104675,0.5212023258209229,0.3015357255935669,-0.7848319411277771,0.9993364810943604,0.5301653146743774,0.3019055724143982,-0.7844705581665039,0.9992664456367493,0.46835988759994507,0.303470641374588,-0.7856700420379639,0.9995282888412476,0.45673733949661255,0.304551899433136,-0.78575599193573,0.9995998740196228,0.4461778700351715,0.3054679334163666,-0.786148726940155,0.9996688365936279,0.5512086153030396,0.32291844487190247,-0.4550902247428894,0.999068021774292,0.4394635260105133,0.32967203855514526,-0.4560733735561371,0.9996233582496643,0.5114564299583435,0.38449007272720337,-0.6975780725479126,0.9997500777244568,0.4633975625038147,0.3852804899215698,-0.6986681222915649,0.9998568296432495,0.6473838090896606,0.5557191371917725,-0.20179016888141632,0.9969629049301147,0.3551899790763855,0.5501564145088196,-0.21052709221839905,0.9994579553604126,0.7044926881790161,0.9282131791114807,-0.517048716545105,0.9076073169708252,0.25273022055625916,0.9181710481643677,-0.5161162614822388,0.9549291729927063,0.6259441375732422,0.745635986328125,-1.2376513481140137,0.7710010409355164,0.3270460069179535,0.6969409584999084,-1.2352794408798218,0.808354377746582,0.5913926362991333,0.7173267602920532,-1.3673865795135498,0.7577524781227112,0.35928240418434143,0.6788290143013,-1.3568118810653687,0.7789597511291504,0.5816202759742737,0.675960898399353,-1.3402268886566162,0.7675265073776245,0.37619414925575256,0.6423956751823425,-1.3491100072860718,0.7933123707771301,0.5854186415672302,0.67951899766922,-1.2377854585647583,0.7660305500030518,0.3727584481239319,0.6436845660209656,-1.242658019065857,0.7897569537162781,0.5736632347106934,1.0504823923110962,0.003806294873356819,0.3700219690799713,0.3972744941711426,1.0488516092300415,-0.0018925599288195372,0.38350626826286316,0.5651603937149048,1.4817440509796143,0.06455755978822708,0.032818328589200974,0.37170496582984924,1.4605413675308228,-0.00699084997177124,0.025524498894810677,0.5504450798034668,1.8296552896499634,0.46592479944229126,0.0044172657653689384,0.3728838562965393,1.8144822120666504,0.3136911690235138,0.005952317733317614,0.5518231987953186,1.8785350322723389,0.4803072512149811,0.00274086557328701,0.36633190512657166,1.8657740354537964,0.3302710950374603,0.007431896403431892,0.5253471732139587,1.942608118057251,0.08027006685733795,0.003565817838534713,0.4072361886501312,1.9255964756011963,-0.09774743020534515,0.009295457042753696,0.6351063251495361,0.7314801216125488,-6.70739694896838e-08,0.6103089451789856,0.6988190412521362,-0.0003437570994719863,0.5747432112693787,0.6889404058456421,-0.004678892903029919,0.5466895699501038,0.7007335424423218,-0.009708848781883717,0.5294439196586609,0.7193092703819275,-0.015459195710718632,0.5704408288002014,0.6671032905578613,-0.00840197317302227,0.5324113368988037,0.6770129203796387,-0.01646723970770836,0.5086562633514404,0.6822860836982727,-0.021746542304754257,0.48987287282943726,0.6866739392280579,-0.025745753198862076,0.5732855796813965,0.6896365284919739,-0.013726300559937954,0.5395735502243042,0.7120481729507446,-0.024203181266784668,0.5484467148780823,0.7174347043037415,-0.025818947702646255,0.560185432434082,0.7147298455238342,-0.025892460718750954,0.5789087414741516,0.7158583402633667,-0.018608998507261276,0.5494772791862488,0.7363582849502563,-0.027729803696274757,0.5589765906333923,0.7386839389801025,-0.02298598363995552,0.5703611969947815,0.7344767451286316,-0.01842297613620758,0.58549964427948,0.7422187924385071,-0.023420745506882668,0.5601019859313965,0.7540278434753418,-0.02829899825155735,0.5679373741149902,0.7545338273048401,-0.02306768298149109,0.5785233378410339,0.7511585354804993,-0.018433282151818275,0.3129659593105316,0.675656795501709,8.136763796073865e-08,0.3464549779891968,0.6557489633560181,0.0026513428892940283,0.38321641087532043,0.6592181324958801,-0.0025971774011850357,0.40896710753440857,0.6794916391372681,-0.009484871290624142,0.42447131872177124,0.6991301774978638,-0.015926487743854523,0.39366623759269714,0.632046639919281,-0.01046585664153099,0.4312751293182373,0.6424993276596069,-0.018344441428780556,0.453864723443985,0.6463348865509033,-0.02286890149116516,0.47287896275520325,0.6478943824768066,-0.02663959562778473,0.38664689660072327,0.6490365862846375,-0.018874090164899826,0.41962653398513794,0.6889937520027161,-0.028762420639395714,0.407781183719635,0.6947116255760193,-0.02833271399140358,0.3962312936782837,0.6872518658638,-0.027210474014282227,0.37688055634498596,0.6712491512298584,-0.026502355933189392,0.403430312871933,0.708065390586853,-0.030746720731258392,0.391317754983902,0.7069747447967529,-0.021979231387376785,0.3817368447780609,0.6964475512504578,-0.016537992283701897,0.3653983473777771,0.6937385201454163,-0.03470059111714363,0.3869972825050354,0.719833493232727,-0.032778576016426086,0.37715011835098267,0.7176427245140076,-0.023894265294075012,0.3679315745830536,0.7081893682479858,-0.01836264505982399
29,29,1,1,1,1.0,1.0,1.0,0.48435014486312866,0.34289616346359253,-0.8216567039489746,0.9996827244758606,0.5091175436973572,0.3017740547657013,-0.780829668045044,0.9994226694107056,0.5220635533332825,0.30165407061576843,-0.7809629440307617,0.9994019269943237,0.5309532880783081,0.3021257817745209,-0.7806129455566406,0.9993384480476379,0.46936139464378357,0.30354049801826477,-0.7821934819221497,0.9995741248130798,0.45781034231185913,0.3047112822532654,-0.782293975353241,0.9996387362480164,0.4468768537044525,0.3056953251361847,-0.7826699614524841,0.9997004270553589,0.5519200563430786,0.32297229766845703,-0.45105624198913574,0.9991601705551147,0.4398420453071594,0.3296298384666443,-0.45434585213661194,0.9996597170829773,0.5121049880981445,0.38448598980903625,-0.6944864392280579,0.9997745752334595,0.4639056324958801,0.3852825462818146,-0.6962333917617798,0.9998705983161926,0.6473959684371948,0.5553027987480164,-0.20070643723011017,0.9972636103630066,0.35536009073257446,0.5498974323272705,-0.2091011255979538,0.9994981288909912,0.7043996453285217,0.9279670715332031,-0.5158628225326538,0.9166512489318848,0.25193700194358826,0.916813313961029,-0.5108736753463745,0.9586001634597778,0.6260508298873901,0.7412460446357727,-1.2324905395507812,0.7938653826713562,0.32667186856269836,0.6898226141929626,-1.2355186939239502,0.8272055983543396,0.5918440818786621,0.7105215191841125,-1.3615609407424927,0.7818478941917419,0.35918331146240234,0.670075535774231,-1.3564069271087646,0.8002541661262512,0.5819395780563354,0.6693320870399475,-1.3350623846054077,0.7906469702720642,0.37620872259140015,0.6341593265533447,-1.3455389738082886,0.8131746053695679,0.5855334997177124,0.6737804412841797,-1.2327888011932373,0.7891966700553894,0.372810423374176,0.6362318396568298,-1.2419236898422241,0.8097095489501953,0.573340117931366,1.0494388341903687,0.0034728851169347763,0.3866741359233856,0.39734169840812683,1.0475184917449951,-0.0015639399643987417,0.39895766973495483,0.5649580955505371,1.4781012535095215,0.06601449102163315,0.032074134796857834,0.37192076444625854,1.458117127418518,0.0006881594308651984,0.024824995547533035,0.5503706932067871,1.824844241142273,0.47340425848960876,0.0041630929335951805,0.37335115671157837,1.8101590871810913,0.32363834977149963,0.005532542709261179,0.5517042875289917,1.8735480308532715,0.4885050654411316,0.0025646276772022247,0.3663838505744934,1.8607685565948486,0.340743750333786,0.006948012392967939,0.5256472229957581,1.936856746673584,0.08939200639724731,0.003387502394616604,0.4077722132205963,1.9212063550949097,-0.09238164126873016,0.008806673809885979,0.6350964307785034,0.7260962128639221,-8.421186947771275e-08,0.6106080412864685,0.6930606961250305,0.00015624538355041295,0.5749692320823669,0.6834405660629272,-0.0037844509351998568,0.5464881062507629,0.6949476003646851,-0.008457593619823456,0.5277077555656433,0.7127243876457214,-0.013837606646120548,0.5707988142967224,0.6600692868232727,-0.007948094978928566,0.5330149531364441,0.669247567653656,-0.01612342707812786,0.5088701248168945,0.6735184788703918,-0.02143637277185917,0.48963186144828796,0.6777418851852417,-0.02549869753420353,0.5733330249786377,0.6817439794540405,-0.01334268320351839,0.539277195930481,0.7065410614013672,-0.0238614771515131,0.548666775226593,0.7113257050514221,-0.025259891524910927,0.5604883432388306,0.7078989148139954,-0.025251051411032677,0.578689455986023,0.7073823809623718,-0.018314942717552185,0.5491795539855957,0.7294034957885742,-0.027443893253803253,0.5586983561515808,0.7312743663787842,-0.02248246967792511,0.5697462558746338,0.7268500924110413,-0.017830852419137955,0.585096538066864,0.7333366870880127,-0.02320469357073307,0.5605834126472473,0.7462906837463379,-0.028250524774193764,0.56864994764328,0.7466824054718018,-0.02319139987230301,0.5789408683776855,0.7432847619056702,-0.018650226294994354,0.3151533901691437,0.6656726002693176,8.166834675193968e-08,0.3487609922885895,0.6453379988670349,0.002836412051692605,0.385484516620636,0.6489546298980713,-0.002166199730709195,0.4110742211341858,0.6689094305038452,-0.008901401422917843,0.4254547655582428,0.6894136667251587,-0.01522715575993061,0.39640387892723083,0.6234195828437805,-0.010035689920186996,0.43343642354011536,0.6353001594543457,-0.017730357125401497,0.45554688572883606,0.6399421691894531,-0.022216198965907097,0.4740051031112671,0.6423541307449341,-0.02597135864198208,0.38942888379096985,0.6400280594825745,-0.018297303467988968,0.42067477107048035,0.6804313063621521,-0.027605852112174034,0.40965431928634644,0.6858696341514587,-0.027079124003648758,0.3990894556045532,0.6789774894714355,-0.026139741763472557,0.3794926106929779,0.6616493463516235,-0.025784440338611603,0.4044913649559021,0.6994532942771912,-0.029637495055794716,0.3929872214794159,0.6978195905685425,-0.021278640255331993,0.3838634490966797,0.6873306035995483,-0.016304586082696915,0.36774542927742004,0.6834129691123962,-0.03386193513870239,0.38807323575019836,0.7109640836715698,-0.03183939680457115,0.37850421667099,0.7079306840896606,-0.023464977741241455,0.3694723844528198,0.6978760361671448,-0.018358414992690086
30,30,1,1,1,1.0,1.0,1.0,0.4849836230278015,0.3429115414619446,-0.8219730257987976,0.9997137188911438,0.5097688436508179,0.30184945464134216,-0.7811972498893738,0.9994792938232422,0.5225615501403809,0.30172598361968994,-0.7813327312469482,0.9994608163833618,0.5313960909843445,0.30224546790122986,-0.7809821367263794,0.9994032382965088,0.4700719714164734,0.3036005198955536,-0.7819079160690308,0.9996153116226196,0.4586566984653473,0.3048492968082428,-0.7820035219192505,0.9996736645698547,0.4475049078464508,0.3059290051460266,-0.7823737859725952,0.9997287392616272,0.5523637533187866,0.32299327850341797,-0.45179495215415955,0.9992430806159973,0.440232515335083,0.32961368560791016,-0.4521866738796234,0.9996923804283142,0.5126510262489319,0.3844326436519623,-0.6951203346252441,0.9997966289520264,0.4644742012023926,0.38523954153060913,-0.6960573196411133,0.9998829364776611,0.6474485993385315,0.5549050569534302,-0.2019004076719284,0.9975343346595764,0.3561331629753113,0.5487585663795471,-0.20556339621543884,0.9995341897010803,0.7043251991271973,0.9277639389038086,-0.516413688659668,0.9247866272926331,0.2515271306037903,0.9133979082107544,-0.508621335029602,0.9619042873382568,0.626473069190979,0.7394711375236511,-1.2276666164398193,0.8144448399543762,0.3267327547073364,0.6786567568778992,-1.2368245124816895,0.8441900014877319,0.5922552943229675,0.7074499726295471,-1.3558340072631836,0.8035402297973633,0.359868586063385,0.6596134901046753,-1.357421636581421,0.8194523453712463,0.5827529430389404,0.6654126644134521,-1.3297016620635986,0.8114619851112366,0.3779025673866272,0.6251809000968933,-1.343394160270691,0.8310722708702087,0.5866427421569824,0.6699270606040955,-1.2280054092407227,0.8100569844245911,0.37442007660865784,0.6271744966506958,-1.242009162902832,0.8276994824409485,0.5731338858604431,1.047577977180481,0.0028110530693084,0.39743825793266296,0.3976650834083557,1.0455925464630127,-0.0008933154167607427,0.4091149866580963,0.5649288892745972,1.474584937095642,0.06496692448854446,0.031107885763049126,0.37236613035202026,1.4550955295562744,0.0037975229788571596,0.024071674793958664,0.5503324866294861,1.8206229209899902,0.4693937301635742,0.003927529789507389,0.3740192949771881,1.8062529563903809,0.3232822120189667,0.0051443204283714294,0.5516156554222107,1.868913173675537,0.4841366410255432,0.002403345424681902,0.36663252115249634,1.8564467430114746,0.3399296700954437,0.006505001801997423,0.5259686708450317,1.9321619272232056,0.08684781938791275,0.0032085576094686985,0.40819185972213745,1.9168851375579834,-0.08638153225183487,0.008339938707649708,0.6347709894180298,0.721539318561554,-8.244737159657234e-08,0.6105870008468628,0.6880561709403992,0.00030800592503510416,0.5752273797988892,0.6774888038635254,-0.0037525398656725883,0.5468206405639648,0.6885163187980652,-0.00862827617675066,0.527999997138977,0.7055244445800781,-0.014253220520913601,0.5708644390106201,0.6545447111129761,-0.008017209358513355,0.5330944657325745,0.6632465124130249,-0.01631399430334568,0.5089923143386841,0.6670064926147461,-0.02174653857946396,0.48979344964027405,0.670843243598938,-0.02586298994719982,0.5731566548347473,0.676213264465332,-0.013449609279632568,0.5398463010787964,0.7009626626968384,-0.024089602753520012,0.5492560267448425,0.7051261067390442,-0.02553079091012478,0.5607843995094299,0.7016090750694275,-0.025585832074284554,0.5783673524856567,0.7018214464187622,-0.018449559807777405,0.5489014983177185,0.723456084728241,-0.0276385135948658,0.5584313869476318,0.7248712778091431,-0.022739358246326447,0.5694280862808228,0.7204686999320984,-0.018114659935235977,0.5846816301345825,0.7277429103851318,-0.023349128663539886,0.5599896311759949,0.739853024482727,-0.028452729806303978,0.5678496360778809,0.739827036857605,-0.02351580746471882,0.5780248045921326,0.7363215684890747,-0.019014792516827583,0.3181729316711426,0.6583976745605469,8.50969428256576e-08,0.3526637852191925,0.6392160058021545,0.0024234848096966743,0.389324426651001,0.6433984041213989,-0.003106284188106656,0.4145743250846863,0.6642494201660156,-0.010334046557545662,0.4277540445327759,0.6853539943695068,-0.017143188044428825,0.39962828159332275,0.6172151565551758,-0.01131417602300644,0.4361674189567566,0.6297858953475952,-0.019599229097366333,0.45801466703414917,0.6348766088485718,-0.02444169670343399,0.47655636072158813,0.6376542448997498,-0.028465256094932556,0.3919985592365265,0.6328833699226379,-0.01966968923807144,0.42340147495269775,0.6744129061698914,-0.029539113864302635,0.4120229184627533,0.6793394088745117,-0.02902398817241192,0.4016377031803131,0.6717143058776855,-0.028064263984560966,0.3813096880912781,0.6538711190223694,-0.02727266028523445,0.4062267541885376,0.6928984522819519,-0.031654831022024155,0.39465293288230896,0.6906307339668274,-0.023474348708987236,0.38582760095596313,0.6791913509368896,-0.018566614016890526,0.3689066469669342,0.6754435896873474,-0.035477373749017715,0.3892063796520233,0.7042480111122131,-0.033735036849975586,0.37984663248062134,0.7006125450134277,-0.025539055466651917,0.370974600315094,0.68947434425354,-0.020601989701390266
31,31,1,1,1,1.0,1.0,1.0,0.48606497049331665,0.3430034816265106,-0.8082594871520996,0.9997416734695435,0.5105991363525391,0.30207517743110657,-0.768311619758606,0.9995303750038147,0.5231658816337585,0.30191051959991455,-0.7684260606765747,0.9995139241218567,0.5320966839790344,0.3024556040763855,-0.7680819034576416,0.9994617104530334,0.4710518717765808,0.3038896918296814,-0.767690896987915,0.9996525049209595,0.45989790558815,0.3053183853626251,-0.7677580118179321,0.9997051954269409,0.44857096672058105,0.3065741956233978,-0.7681065201759338,0.9997543692588806,0.5529941320419312,0.3230142295360565,-0.44324272871017456,0.9993178248405457,0.4407669007778168,0.32966625690460205,-0.4381438195705414,0.9997218251228333,0.5136926770210266,0.38441941142082214,-0.6833606958389282,0.9998165369033813,0.46599307656288147,0.38524433970451355,-0.6826570630073547,0.9998940825462341,0.6476531624794006,0.5544913411140442,-0.2020357847213745,0.9977782964706421,0.35730838775634766,0.547402024269104,-0.19228622317314148,0.9995681643486023,0.7041691541671753,0.9277014136314392,-0.521725058555603,0.9321337342262268,0.25153765082359314,0.9081979393959045,-0.5083008408546448,0.9649845957756042,0.6265679001808167,0.7349855303764343,-1.2279129028320312,0.832970380783081,0.32699236273765564,0.67170250415802,-1.228088140487671,0.8595189452171326,0.5925642848014832,0.7012510299682617,-1.3558995723724365,0.8230748772621155,0.360287606716156,0.6515264511108398,-1.3486796617507935,0.8368147015571594,0.5832513570785522,0.6599921584129333,-1.3283932209014893,0.8302054405212402,0.3792756497859955,0.6190544962882996,-1.3423244953155518,0.8472568392753601,0.5869076251983643,0.6647738218307495,-1.2276283502578735,0.8288536667823792,0.3763865828514099,0.6212129592895508,-1.234191656112671,0.8440056443214417,0.5730705261230469,1.0475088357925415,0.00012186289677629247,0.41362589597702026,0.39773744344711304,1.0438274145126343,0.0018078573048114777,0.4244236350059509,0.5643972754478455,1.4722503423690796,0.06363775581121445,0.03002237156033516,0.3724391758441925,1.4530638456344604,0.01655743271112442,0.023286642506718636,0.5492478013038635,1.8181145191192627,0.4682028889656067,0.0036863957066088915,0.37387633323669434,1.8033485412597656,0.3267817795276642,0.004765754099935293,0.5504473447799683,1.8661081790924072,0.48334988951683044,0.002243672963231802,0.3663596510887146,1.852974534034729,0.34388089179992676,0.006055023521184921,0.5257314443588257,1.9298473596572876,0.08809112012386322,0.0030207450035959482,0.40710678696632385,1.9147870540618896,-0.08094684034585953,0.00783291645348072,0.6349309682846069,0.7180607914924622,-8.546123808628181e-08,0.6116653084754944,0.6844204664230347,0.0003261316742282361,0.5759650468826294,0.673346221446991,-0.003737842896953225,0.5472438931465149,0.6839839220046997,-0.008558959700167179,0.5280871391296387,0.7003329992294312,-0.014161724597215652,0.571219801902771,0.6500014066696167,-0.008540255017578602,0.5335146188735962,0.6584463715553284,-0.01682920567691326,0.5096876621246338,0.6616266369819641,-0.02209363505244255,0.49079152941703796,0.6646414399147034,-0.026067474856972694,0.5733563899993896,0.6720686554908752,-0.013999486342072487,0.5392833948135376,0.6954328417778015,-0.024729866534471512,0.5485747456550598,0.7006226778030396,-0.026080964133143425,0.5603708624839783,0.6980906128883362,-0.025971518829464912,0.5784585475921631,0.6981061100959778,-0.018961388617753983,0.5484105944633484,0.7190269231796265,-0.028223900124430656,0.5580956935882568,0.7206005454063416,-0.023299487307667732,0.5694550275802612,0.716148316860199,-0.018609387800097466,0.584818422794342,0.724108099937439,-0.023782026022672653,0.5596821308135986,0.7359327673912048,-0.02899801917374134,0.5674441456794739,0.7358266115188599,-0.02410697191953659,0.5778926610946655,0.7320203185081482,-0.019607914611697197,0.3190622329711914,0.6528813242912292,8.075670621110476e-08,0.3533115088939667,0.6333865523338318,0.003107908181846142,0.38949328660964966,0.6362945437431335,-0.0018033889355137944,0.413822203874588,0.6557711362838745,-0.00864463672041893,0.42663395404815674,0.6763867735862732,-0.015157051384449005,0.4006291329860687,0.6118206977844238,-0.009581989608705044,0.4363877773284912,0.6242538690567017,-0.017778560519218445,0.45789065957069397,0.6294015645980835,-0.02268689125776291,0.47626566886901855,0.6321735382080078,-0.026687532663345337,0.3931925594806671,0.6269211173057556,-0.01811709813773632,0.4248536229133606,0.6680536270141602,-0.027613118290901184,0.41393208503723145,0.6731394529342651,-0.0273481123149395,0.4040934145450592,0.6659694910049438,-0.026525814086198807,0.38259175419807434,0.6474729180335999,-0.025927098467946053,0.4081503748893738,0.6869484782218933,-0.03029453381896019,0.3968176245689392,0.6849313974380493,-0.022613482549786568,0.3881976306438446,0.6737891435623169,-0.017894593998789787,0.37014803290367126,0.668870747089386,-0.034253038465976715,0.390776664018631,0.698367178440094,-0.03260498493909836,0.38178750872612,0.6948658227920532,-0.024712644517421722,0.37310516834259033,0.6836860775947571,-0.0198887400329113
32,32,1,1,1,1.0,1.0,1.0,0.4872893691062927,0.3432765305042267,-0.8045404553413391,0.9997668266296387,0.5114486217498779,0.30250030755996704,-0.7662801742553711,0.9995763897895813,0.5237834453582764,0.30225786566734314,-0.7663834691047668,0.9995617270469666,0.5328723192214966,0.3028056025505066,-0.7660523653030396,0.9995144009590149,0.47214561700820923,0.3043581545352936,-0.7635402679443359,0.9996860027313232,0.46113285422325134,0.3059357702732086,-0.7635779976844788,0.999733567237854,0.44971179962158203,0.3073122799396515,-0.7639074325561523,0.9997774362564087,0.5537365674972534,0.32309046387672424,-0.44583559036254883,0.9993851780891418,0.4414080083370209,0.3298298716545105,-0.4317750930786133,0.9997483491897583,0.5146955251693726,0.3844911754131317,-0.6816046237945557,0.9998344779014587,0.4677222669124603,0.38529345393180847,-0.6781786680221558,0.9999041557312012,0.6482031345367432,0.5542043447494507,-0.2060285061597824,0.9979978799819946,0.35900354385375977,0.5463896989822388,-0.18204408884048462,0.999599814414978,0.7040250897407532,0.9275462031364441,-0.543724536895752,0.9387494325637817,0.2520042955875397,0.9027966260910034,-0.5038829445838928,0.967796266078949,0.6264677047729492,0.7296283841133118,-1.2497385740280151,0.8496453762054443,0.32834845781326294,0.665894091129303,-1.2240928411483765,0.8733505606651306,0.5925272703170776,0.6941654682159424,-1.3785910606384277,0.84066241979599,0.36109137535095215,0.6458837985992432,-1.344374179840088,0.8525152206420898,0.5833524465560913,0.6535094380378723,-1.3488821983337402,0.8470796346664429,0.3808176815509796,0.6132342219352722,-1.3369295597076416,0.8618896007537842,0.5870286226272583,0.6588332653045654,-1.248584508895874,0.8457849025726318,0.3788599371910095,0.6157838702201843,-1.2301218509674072,0.8587832450866699,0.5731218457221985,1.0472410917282104,-0.0056745922192931175,0.43176865577697754,0.39780765771865845,1.0416282415390015,0.007612763438373804,0.44186487793922424,0.5639258027076721,1.4704393148422241,0.06133197993040085,0.02871365286409855,0.3723028302192688,1.4516781568527222,0.04143171012401581,0.022402016445994377,0.5481362342834473,1.8160585165023804,0.4696879982948303,0.003446959424763918,0.3733838200569153,1.8008253574371338,0.3473115563392639,0.0043972451239824295,0.5493937134742737,1.8638261556625366,0.4855039119720459,0.00209113210439682,0.3658355176448822,1.849768877029419,0.36479634046554565,0.0056118955835700035,0.5248888731002808,1.928131103515625,0.09058747440576553,0.002822773065418005,0.40485063195228577,1.9135692119598389,-0.04961568862199783,0.007310439366847277,0.6349517107009888,0.7144895195960999,-8.33700823932304e-08,0.6112232208251953,0.6804633140563965,0.0003725926799234003,0.5755517482757568,0.6688799858093262,-0.0038319132290780544,0.5468643307685852,0.6791839599609375,-0.008833852596580982,0.5283203125,0.6963276267051697,-0.0146574005484581,0.5721160769462585,0.6460787057876587,-0.008831781335175037,0.5340481996536255,0.6542528867721558,-0.01734706200659275,0.5101433992385864,0.6575032472610474,-0.022721875458955765,0.491118460893631,0.6604726910591125,-0.026788335293531418,0.5746996998786926,0.6679983735084534,-0.014548569917678833,0.5399501919746399,0.6907689571380615,-0.02554425038397312,0.5490970611572266,0.6965035796165466,-0.027011100202798843,0.5610204339027405,0.6939952969551086,-0.02698027901351452,0.5800090432167053,0.6941193342208862,-0.019758693873882294,0.5495182871818542,0.7145805954933167,-0.029316196218132973,0.5590468645095825,0.7164899110794067,-0.02444753423333168,0.5705857872962952,0.7120442986488342,-0.019764568656682968,0.5863553881645203,0.7202235460281372,-0.024821700528264046,0.5610779523849487,0.7316828966140747,-0.03029179386794567,0.568789005279541,0.7316732406616211,-0.025437049567699432,0.5793894529342651,0.7278472185134888,-0.020978843793272972,0.3201584219932556,0.6482256054878235,7.664154821895863e-08,0.35365650057792664,0.627985954284668,0.003098186571151018,0.3893851339817047,0.6293717622756958,-0.0016120490618050098,0.4134618639945984,0.6473685503005981,-0.008220018818974495,0.42605966329574585,0.6669929623603821,-0.014496021904051304,0.40167516469955444,0.6060017943382263,-0.009123633615672588,0.43717074394226074,0.6186447143554688,-0.017203552648425102,0.4581766724586487,0.6238394975662231,-0.02186751738190651,0.4759848415851593,0.6268606185913086,-0.025649890303611755,0.3941594064235687,0.6216001510620117,-0.01753508299589157,0.4256763756275177,0.6631937026977539,-0.027286101132631302,0.41405001282691956,0.6673754453659058,-0.02674485743045807,0.40398290753364563,0.6595470309257507,-0.0254877507686615,0.3836151957511902,0.6422867774963379,-0.025293773040175438,0.4084746539592743,0.6819785237312317,-0.029953259974718094,0.39687442779541016,0.6794873476028442,-0.022289395332336426,0.3885134756565094,0.6681562066078186,-0.01737944781780243,0.3713144361972809,0.663673460483551,-0.03354058787226677,0.3911776840686798,0.6932282447814941,-0.032113492488861084,0.3821105659008026,0.6896085739135742,-0.024358242750167847,0.373902827501297,0.6782771944999695,-0.019491108134388924
33,33,1,1,1,1.0,1.0,1.0,0.4883425235748291,0.3437303900718689,-0.7962912917137146,0.9997895956039429,0.5122684836387634,0.3031021058559418,-0.7601708173751831,0.999617874622345,0.5244531035423279,0.30274543166160583,-0.7602428197860718,0.9996048808097839,0.5337986946105957,0.3032580614089966,-0.7599256634712219,0.9995619654655457,0.4731504023075104,0.3050641417503357,-0.7550159692764282,0.9997163414955139,0.46222200989723206,0.3067324757575989,-0.7550466656684875,0.9997592568397522,0.4508179724216461,0.30817174911499023,-0.7553602457046509,0.9997983574867249,0.5547276139259338,0.32325467467308044,-0.4477108120918274,0.999445915222168,0.44214582443237305,0.3300914466381073,-0.42413973808288574,0.9997723698616028,0.5156534910202026,0.38472869992256165,-0.6766213178634644,0.9998506903648376,0.4691891074180603,0.38554811477661133,-0.6700915098190308,0.9999132752418518,0.6492840051651001,0.5540649890899658,-0.2115863859653473,0.9981958270072937,0.36078256368637085,0.545750617980957,-0.1733131855726242,0.9996302127838135,0.703944742679596,0.9273803234100342,-0.5631168484687805,0.9447351098060608,0.25234514474868774,0.9000359177589417,-0.487216055393219,0.9703415632247925,0.6253191828727722,0.723659336566925,-1.2698545455932617,0.8646577000617981,0.32839369773864746,0.665686309337616,-1.2164785861968994,0.8858311772346497,0.5910311341285706,0.6880201101303101,-1.397567868232727,0.856507420539856,0.36103010177612305,0.6435343027114868,-1.3320475816726685,0.8667311668395996,0.5831795334815979,0.6479460597038269,-1.3663923740386963,0.8622815012931824,0.38066673278808594,0.611051619052887,-1.3097760677337646,0.8751437664031982,0.5865984559059143,0.6535823345184326,-1.2675790786743164,0.861051082611084,0.3788418173789978,0.6144284009933472,-1.2180931568145752,0.8722006678581238,0.5731394290924072,1.0472275018692017,-0.009254596196115017,0.45495831966400146,0.3978641927242279,1.0406911373138428,0.011173726990818977,0.4644150137901306,0.5633611679077148,1.4694758653640747,0.061239056289196014,0.027310404926538467,0.3715735673904419,1.4511345624923706,0.05635348707437515,0.021450381726026535,0.5472577214241028,1.8148974180221558,0.4708085060119629,0.003215018892660737,0.37231940031051636,1.7991054058074951,0.358937531709671,0.0040436903946101665,0.5486605167388916,1.8629480600357056,0.48723316192626953,0.0019475426524877548,0.36479663848876953,1.8475650548934937,0.3763476014137268,0.005172039847820997,0.5242142677307129,1.92686927318573,0.09135356545448303,0.002630830742418766,0.40264591574668884,1.9130674600601196,-0.031899578869342804,0.006774419918656349,0.6361891031265259,0.7112683057785034,-8.630252779084913e-08,0.6131734848022461,0.6769326329231262,0.0004758836003020406,0.5770733952522278,0.6648907661437988,-0.003561890684068203,0.5480359196662903,0.6755611300468445,-0.008364401757717133,0.5295470952987671,0.6929051280021667,-0.013969921506941319,0.5736663937568665,0.6425631046295166,-0.009030809625983238,0.5354753136634827,0.6503950357437134,-0.01731748878955841,0.5116026997566223,0.653177797794342,-0.02242404967546463,0.4926040470600128,0.655463457107544,-0.026382284238934517,0.5758810043334961,0.6645902991294861,-0.014697001315653324,0.5406213998794556,0.6874495148658752,-0.025402922183275223,0.550096333026886,0.6928843259811401,-0.02661997638642788,0.5624709725379944,0.6899799108505249,-0.026503968983888626,0.5810909271240234,0.6905984878540039,-0.01981917954981327,0.5502634048461914,0.7107375860214233,-0.028970394283533096,0.559990644454956,0.7123802304267883,-0.024099035188555717,0.5716924071311951,0.7076295614242554,-0.019599243998527527,0.5874979496002197,0.716555118560791,-0.024808082729578018,0.5622934103012085,0.7282337546348572,-0.030042536556720734,0.5697100162506104,0.7281456589698792,-0.025443222373723984,0.5801824927330017,0.724115788936615,-0.021316908299922943,0.32052168250083923,0.6441705226898193,7.684977276767313e-08,0.3554162383079529,0.6261065602302551,0.0029208955820649862,0.3915378153324127,0.6292628049850464,-0.0025525575038045645,0.41587600111961365,0.6491920948028564,-0.010041449218988419,0.4289368689060211,0.6692623496055603,-0.017146246507763863,0.4015256464481354,0.6011978983879089,-0.00978958047926426,0.4370265007019043,0.6131125688552856,-0.018742576241493225,0.45839768648147583,0.6182791590690613,-0.024335309863090515,0.476421058177948,0.6210808157920837,-0.028786955401301384,0.39328843355178833,0.6159138083457947,-0.018781878054142,0.4255481958389282,0.6581366658210754,-0.02935045026242733,0.41407454013824463,0.6627119779586792,-0.02927786111831665,0.4037832021713257,0.654668390750885,-0.028466954827308655,0.38199520111083984,0.6363166570663452,-0.027185406535863876,0.40897369384765625,0.6766397953033447,-0.03238437697291374,0.39749249815940857,0.6746711134910583,-0.024382449686527252,0.38881149888038635,0.663739025592804,-0.019326334819197655,0.3691610097885132,0.6579741835594177,-0.03615570440888405,0.3917943239212036,0.6880656480789185,-0.035011108964681625,0.38294878602027893,0.6846616864204407,-0.026858804747462273,0.3740978538990021,0.6734554767608643,-0.021838730201125145
34,34,1,1,1,1.0,1.0,1.0,0.489257276058197,0.34444406628608704,-0.7821849584579468,0.9998100399971008,0.5130544900894165,0.3038868010044098,-0.7464925050735474,0.9996551871299744,0.5251477956771851,0.30338019132614136,-0.7465521097183228,0.9996436834335327,0.5346924066543579,0.30381760001182556,-0.7462352514266968,0.9996047019958496,0.4740462899208069,0.30601027607917786,-0.7405155897140503,0.9997435212135315,0.46311816573143005,0.3076394498348236,-0.7405339479446411,0.9997823238372803,0.4517415165901184,0.30904150009155273,-0.7408543825149536,0.9998171329498291,0.5556871294975281,0.3234337270259857,-0.4378651976585388,0.9995005130767822,0.4429282248020172,0.33036908507347107,-0.4088563024997711,0.9997939467430115,0.5164967775344849,0.3850645124912262,-0.6634358763694763,0.9998652338981628,0.4704611897468567,0.3858832120895386,-0.655683159828186,0.999921441078186,0.6505972146987915,0.5539238452911377,-0.2111472189426422,0.998373806476593,0.362754225730896,0.5445131063461304,-0.16320489346981049,0.9996574521064758,0.7039175033569336,0.9271431565284729,-0.5584009885787964,0.9501169323921204,0.25260740518569946,0.8982539772987366,-0.47569388151168823,0.972614586353302,0.6252652406692505,0.7196437120437622,-1.2613252401351929,0.8781680464744568,0.32857757806777954,0.6631964445114136,-1.1971185207366943,0.8970499634742737,0.5904487371444702,0.6832930445671082,-1.3886034488677979,0.8707655072212219,0.3611867129802704,0.6408146619796753,-1.310773491859436,0.8794941306114197,0.5832338929176331,0.6428071856498718,-1.3565000295639038,0.8759604096412659,0.3807643949985504,0.6074326634407043,-1.2847707271575928,0.8870370388031006,0.5865581035614014,0.6484240889549255,-1.258772373199463,0.8747851848602295,0.3792036175727844,0.6103017330169678,-1.1977473497390747,0.8842319250106812,0.5731638073921204,1.04739511013031,-0.009563093073666096,0.47367897629737854,0.397916316986084,1.040520191192627,0.011484697461128235,0.48303887248039246,0.5626566410064697,1.468945860862732,0.060485173016786575,0.025993794202804565,0.3708176612854004,1.4504592418670654,0.05662562698125839,0.02060970850288868,0.5460857152938843,1.8137928247451782,0.4679035544395447,0.0030053218360990286,0.37091052532196045,1.797944188117981,0.35820823907852173,0.003728729672729969,0.5475093126296997,1.8620426654815674,0.4845333993434906,0.001817618845961988,0.36297744512557983,1.846506118774414,0.3754752278327942,0.004781195428222418,0.5236005783081055,1.925101399421692,0.09253479540348053,0.0024641521740704775,0.4011912941932678,1.9117971658706665,-0.033999137580394745,0.006304146256297827,0.6371381282806396,0.7085914611816406,-8.693432107520493e-08,0.6140754818916321,0.674168586730957,0.0005857984651811421,0.578069806098938,0.6618399620056152,-0.0034843888133764267,0.5492293834686279,0.6723485589027405,-0.008370582945644855,0.5307062268257141,0.6897202730178833,-0.014070218428969383,0.5754802227020264,0.6390742063522339,-0.008983620442450047,0.5370784997940063,0.6464288234710693,-0.01724865846335888,0.5133382678031921,0.6493042707443237,-0.022289838641881943,0.49440106749534607,0.6516664624214172,-0.026209119707345963,0.5778698921203613,0.6610094904899597,-0.014798307791352272,0.5421665906906128,0.6840461492538452,-0.02549377642571926,0.551372230052948,0.6896129250526428,-0.026741541922092438,0.5634738206863403,0.6864967942237854,-0.026715654879808426,0.5829840898513794,0.6872128844261169,-0.020062608644366264,0.5513562560081482,0.7075574398040771,-0.02944321744143963,0.5611144304275513,0.7093397378921509,-0.024563712999224663,0.5728334784507751,0.7044236660003662,-0.020041650161147118,0.5890992283821106,0.7134891748428345,-0.02515595220029354,0.5631527304649353,0.7252888083457947,-0.030696453526616096,0.5707248449325562,0.7253323197364807,-0.0260620079934597,0.5814281702041626,0.7212554812431335,-0.021877387538552284,0.3200130760669708,0.6426276564598083,8.12862168686479e-08,0.3553451597690582,0.6244982481002808,0.0026024358812719584,0.39202702045440674,0.6276953220367432,-0.0031365652102977037,0.41692879796028137,0.648364782333374,-0.010950064286589622,0.42944133281707764,0.6691369414329529,-0.01830359362065792,0.4006549119949341,0.5965427160263062,-0.009445982053875923,0.436136931180954,0.6083982586860657,-0.01849289983510971,0.45759183168411255,0.6126046180725098,-0.024195803329348564,0.475752055644989,0.6144317984580994,-0.02879713475704193,0.39232194423675537,0.611020028591156,-0.01850845292210579,0.4255707859992981,0.6524534225463867,-0.02954450249671936,0.4140476584434509,0.6576297283172607,-0.029859162867069244,0.4034344553947449,0.6499820947647095,-0.029168730601668358,0.38129767775535583,0.6312915682792664,-0.027042925357818604,0.40953370928764343,0.6712428331375122,-0.0327465757727623,0.39800938963890076,0.6699376702308655,-0.0250072181224823,0.38906171917915344,0.659248948097229,-0.01993105746805668,0.36872604489326477,0.6530710458755493,-0.03618084639310837,0.3925558030605316,0.6831700205802917,-0.03530148044228554,0.3837808072566986,0.6804051399230957,-0.02730119414627552,0.37456512451171875,0.6695694923400879,-0.022347159683704376
35,35,1,1,1,1.0,1.0,1.0,0.4904635548591614,0.34472930431365967,-0.7608147859573364,0.9998283982276917,0.513900876045227,0.304343581199646,-0.725105881690979,0.9996887445449829,0.5258674621582031,0.3037082850933075,-0.7251756191253662,0.9996785521507263,0.5354523062705994,0.3040509521961212,-0.7248520255088806,0.9996431469917297,0.4751151502132416,0.30666765570640564,-0.7188461422920227,0.9997679591178894,0.46433600783348083,0.30822867155075073,-0.7188059091567993,0.9998030066490173,0.4529532492160797,0.3095747232437134,-0.7191303372383118,0.9998339414596558,0.5562262535095215,0.3234642446041107,-0.41841205954551697,0.9995496869087219,0.4439307749271393,0.3305237889289856,-0.3872811198234558,0.9998133182525635,0.5174700617790222,0.38507410883903503,-0.6431599855422974,0.9998783469200134,0.4722662568092346,0.38592663407325745,-0.6350036263465881,0.9999287724494934,0.6514958739280701,0.5536838173866272,-0.20236368477344513,0.9985341429710388,0.364604651927948,0.5435941219329834,-0.14524635672569275,0.9996824264526367,0.7038896083831787,0.9270352125167847,-0.5510432720184326,0.9549607038497925,0.2527018189430237,0.897339940071106,-0.46437472105026245,0.9747255444526672,0.6260547637939453,0.7199248671531677,-1.2500686645507812,0.8903294205665588,0.32924944162368774,0.6582532525062561,-1.1794899702072144,0.9071653485298157,0.590984046459198,0.6824938654899597,-1.3771066665649414,0.8836040496826172,0.3615110218524933,0.6368710994720459,-1.2918850183486938,0.8910292983055115,0.5850926637649536,0.6422816514968872,-1.3456339836120605,0.8882769346237183,0.381274938583374,0.6030393838882446,-1.26607346534729,0.8977826237678528,0.5880519151687622,0.647983193397522,-1.2477810382843018,0.8871595859527588,0.3800804018974304,0.6054952144622803,-1.1809636354446411,0.8951295018196106,0.5731991529464722,1.0476031303405762,-0.010513494722545147,0.48869022727012634,0.3980250060558319,1.040525197982788,0.012468216009438038,0.49795594811439514,0.5624533891677856,1.468946099281311,0.05204629898071289,0.024464700371026993,0.3705677390098572,1.450549602508545,0.05610637739300728,0.019604157656431198,0.5452120900154114,1.8139300346374512,0.45396509766578674,0.0027926871553063393,0.36995261907577515,1.7983537912368774,0.3576996326446533,0.003428301541134715,0.5467017889022827,1.8618353605270386,0.469947874546051,0.0016886353259906173,0.3618606925010681,1.8467117547988892,0.374428391456604,0.004407503642141819,0.5226820707321167,1.925294041633606,0.07996879518032074,0.00229950831271708,0.3991885781288147,1.9123021364212036,-0.036576174199581146,0.0058571347035467625,0.6392524242401123,0.7066057324409485,-9.758005603544007e-08,0.6165294051170349,0.67258620262146,0.0010234389919787645,0.5800795555114746,0.661705493927002,-0.002981326077133417,0.550877034664154,0.6733929514884949,-0.007864786311984062,0.5315991640090942,0.6897308826446533,-0.01345906499773264,0.577147364616394,0.6358317136764526,-0.008147130720317364,0.5392144918441772,0.6434004306793213,-0.016604261472821236,0.515654981136322,0.646479606628418,-0.021853750571608543,0.4970548152923584,0.6492677330970764,-0.025869952514767647,0.5792600512504578,0.6574463248252869,-0.014162075705826283,0.5428748726844788,0.6804112195968628,-0.024779759347438812,0.5525940656661987,0.6866775751113892,-0.025993043556809425,0.5650968551635742,0.6837390065193176,-0.02591894380748272,0.5842193961143494,0.6836694478988647,-0.019674014300107956,0.5526361465454102,0.7040348649024963,-0.028805991634726524,0.5628364086151123,0.7061394453048706,-0.023842686787247658,0.5745000839233398,0.7010833621025085,-0.019374510273337364,0.5902897715568542,0.7102639675140381,-0.025015652179718018,0.5646148920059204,0.7223269939422607,-0.030457310378551483,0.5723104476928711,0.7227927446365356,-0.025891045108437538,0.582847535610199,0.7186427116394043,-0.021810045465826988,0.3197324573993683,0.6408174633979797,9.339771622762782e-08,0.3550388216972351,0.6225860714912415,0.0027128609362989664,0.39185237884521484,0.6250437498092651,-0.003350286278873682,0.41746920347213745,0.6448103785514832,-0.011556748300790787,0.42985254526138306,0.6648268699645996,-0.01934749260544777,0.39904576539993286,0.5924295783042908,-0.010055527091026306,0.4355141520500183,0.6023713946342468,-0.019416362047195435,0.45788800716400146,0.6060317158699036,-0.02521083503961563,0.4767942726612091,0.6075831055641174,-0.029866285622119904,0.39092695713043213,0.6063925623893738,-0.019332796335220337,0.4256451725959778,0.6470704078674316,-0.030473215505480766,0.4141252636909485,0.6540918350219727,-0.0304612647742033,0.40349358320236206,0.6476011872291565,-0.029614007100462914,0.38018301129341125,0.6265940070152283,-0.02806844189763069,0.4099469482898712,0.665919840335846,-0.03385907784104347,0.3983970582485199,0.6660310626029968,-0.025709593668580055,0.38915717601776123,0.6559678912162781,-0.020412418991327286,0.36799484491348267,0.6485852003097534,-0.037413615733385086,0.392934650182724,0.6779289245605469,-0.03654111176729202,0.3843243420124054,0.6763421297073364,-0.028293371200561523,0.3749733567237854,0.6661524772644043,-0.023225408047437668
36,36,1,1,1,1.0,1.0,1.0,0.491666316986084,0.3452860414981842,-0.7621362209320068,0.9998449087142944,0.5147718191146851,0.30483439564704895,-0.7275315523147583,0.9997189044952393,0.5266483426094055,0.304040789604187,-0.7276030778884888,0.9997099041938782,0.5361958742141724,0.3042740225791931,-0.7272853255271912,0.9996777176856995,0.4761686325073242,0.30758100748062134,-0.7205972075462341,0.9997898936271667,0.46552425622940063,0.30903369188308716,-0.7205418348312378,0.9998214840888977,0.45418858528137207,0.31027910113334656,-0.720869243144989,0.9998489022254944,0.5569157600402832,0.3234976828098297,-0.4222084879875183,0.9995939135551453,0.44487518072128296,0.3309706747531891,-0.388244092464447,0.9998306632041931,0.5185419321060181,0.38515356183052063,-0.6450121998786926,0.9998900890350342,0.47404083609580994,0.38624781370162964,-0.6358548402786255,0.9999353289604187,0.6524441242218018,0.5534706711769104,-0.20457753539085388,0.9986783862113953,0.36587026715278625,0.5434709191322327,-0.14465641975402832,0.9997050166130066,0.7035220861434937,0.9269310235977173,-0.5593689680099487,0.9593096375465393,0.2530215382575989,0.8966633677482605,-0.462388277053833,0.9766287207603455,0.6268326640129089,0.72026526927948,-1.257729411125183,0.9012764096260071,0.32971394062042236,0.6551387906074524,-1.1772642135620117,0.9162898659706116,0.591632604598999,0.6818382740020752,-1.3848387002944946,0.8951648473739624,0.36220473051071167,0.6334304213523865,-1.2899887561798096,0.9014537930488586,0.5877608060836792,0.6407535076141357,-1.3518123626708984,0.8993675112724304,0.38160833716392517,0.5987076163291931,-1.2657701969146729,0.9074956178665161,0.590483546257019,0.6468557715415955,-1.2552199363708496,0.898310661315918,0.3803803026676178,0.6014388799667358,-1.179821252822876,0.9050026535987854,0.5732337236404419,1.047702670097351,-0.012250693514943123,0.5044026374816895,0.39815011620521545,1.0407246351242065,0.014266086742281914,0.5137681365013123,0.5624228715896606,1.4691994190216064,0.044215261936187744,0.02284337393939495,0.3701935410499573,1.4507609605789185,0.06636649370193481,0.018471401184797287,0.5444949865341187,1.814618468284607,0.4444736838340759,0.002582426881417632,0.3684092164039612,1.7989418506622314,0.3712138831615448,0.0031381677836179733,0.5461355447769165,1.8624627590179443,0.4603576064109802,0.00156593753490597,0.3603310286998749,1.8472678661346436,0.38887691497802734,0.004044989123940468,0.5211321115493774,1.9262975454330444,0.0692291259765625,0.0021330106537789106,0.395710289478302,1.9131512641906738,-0.022910578176379204,0.005416928790509701,0.6402814388275146,0.7066493034362793,-8.372354898256162e-08,0.6181899309158325,0.6708728671073914,0.0005568210617639124,0.5824694633483887,0.6574472188949585,-0.003555307863280177,0.5532572865486145,0.6669674515724182,-0.008396483026444912,0.5345137119293213,0.6838774681091309,-0.014095073565840721,0.5799906849861145,0.6347144246101379,-0.009390809573233128,0.5420213341712952,0.6401651501655579,-0.017609763890504837,0.5184705853462219,0.6416295170783997,-0.022684453055262566,0.49960315227508545,0.6426272988319397,-0.026657268404960632,0.581514835357666,0.6568388342857361,-0.015088928863406181,0.5453312993049622,0.6776112914085388,-0.02554263360798359,0.5543702840805054,0.6835325956344604,-0.026702269911766052,0.5667439103126526,0.6811898946762085,-0.026650816202163696,0.5858984589576721,0.6834606528282166,-0.020182035863399506,0.5543940663337708,0.7016597390174866,-0.02905365452170372,0.5640569925308228,0.703537106513977,-0.024153895676136017,0.5758962035179138,0.6993700861930847,-0.01978660188615322,0.5914231538772583,0.7101197242736816,-0.025127818807959557,0.5659026503562927,0.720381498336792,-0.0302970539778471,0.5732449293136597,0.7206414341926575,-0.025707533583045006,0.5837762355804443,0.7172650694847107,-0.02165445312857628,0.31917834281921387,0.6418445706367493,6.125875984253071e-08,0.35363978147506714,0.6216974854469299,0.0032271554227918386,0.39027294516563416,0.6215810179710388,-0.002364416141062975,0.41639482975006104,0.6393086910247803,-0.010179826058447361,0.43042901158332825,0.6583124399185181,-0.017557507380843163,0.39806199073791504,0.5892940759658813,-0.008806061930954456,0.432933509349823,0.5958389043807983,-0.017466947436332703,0.45406436920166016,0.5965592861175537,-0.02272891439497471,0.47186461091041565,0.5953906178474426,-0.027108976617455482,0.39068344235420227,0.6031954288482666,-0.018250450491905212,0.4246438145637512,0.6412053108215332,-0.02900209091603756,0.4126277267932892,0.6486627459526062,-0.02919095754623413,0.4016939103603363,0.6424499154090881,-0.02847527712583542,0.38055917620658875,0.6235758066177368,-0.02709794044494629,0.40986984968185425,0.6610643267631531,-0.0330495648086071,0.3977595865726471,0.6620023250579834,-0.025236470624804497,0.3884068429470062,0.6524967551231384,-0.020055437460541725,0.36883461475372314,0.6458051204681396,-0.03643801435828209,0.3937319815158844,0.6741191148757935,-0.035789743065834045,0.3849433958530426,0.6731809377670288,-0.02769860439002514,0.3754606246948242,0.6634635925292969,-0.022631922736763954
37,37,1,1,1,1.0,1.0,1.0,0.4932263493537903,0.34601718187332153,-0.7748288512229919,0.9998597502708435,0.516152024269104,0.3054916560649872,-0.7374955415725708,0.9997461438179016,0.5279554128646851,0.3045670688152313,-0.7376091480255127,0.9997381567955017,0.5376614928245544,0.3046756386756897,-0.7372812628746033,0.9997089505195618,0.4775363802909851,0.3083523213863373,-0.7336394786834717,0.9998096823692322,0.46682077646255493,0.30961892008781433,-0.7336351871490479,0.9998381733894348,0.45548486709594727,0.3107670545578003,-0.733980119228363,0.9998624324798584,0.5587422847747803,0.3236926794052124,-0.4328341484069824,0.9996337890625,0.44567036628723145,0.33140215277671814,-0.4019186496734619,0.999846339225769,0.5200369358062744,0.38557302951812744,-0.6544008255004883,0.999900758266449,0.47562891244888306,0.38700997829437256,-0.6486096978187561,0.9999412894248962,0.6535948514938354,0.5534535050392151,-0.22527579963207245,0.9988086819648743,0.36706095933914185,0.5434989333152771,-0.15548303723335266,0.9997265934944153,0.7029227018356323,0.9273403882980347,-0.5780755877494812,0.9632410407066345,0.2535906732082367,0.8960120677947998,-0.46393561363220215,0.9783854484558105,0.6272299885749817,0.7198742628097534,-1.2804467678070068,0.9111332297325134,0.3300928771495819,0.6550356149673462,-1.187334656715393,0.9245278835296631,0.5923312902450562,0.6809731125831604,-1.409160852432251,0.9055837988853455,0.3628824055194855,0.6313589811325073,-1.2985084056854248,0.9108885526657104,0.5904943346977234,0.6389303803443909,-1.3763092756271362,0.9093629717826843,0.3816033899784088,0.595199465751648,-1.2672098875045776,0.916291356086731,0.5930845737457275,0.6457366347312927,-1.2780712842941284,0.908372700214386,0.3803686201572418,0.5986605882644653,-1.18992280960083,0.9139652848243713,0.5732635259628296,1.0512313842773438,-0.013485248200595379,0.5254843235015869,0.39821529388427734,1.0415937900543213,0.015559087507426739,0.5345029830932617,0.562305748462677,1.46953547000885,0.041747596114873886,0.02118687704205513,0.36933737993240356,1.4510691165924072,0.08966020494699478,0.01726497709751129,0.5432664155960083,1.8152011632919312,0.446915864944458,0.0023706008214503527,0.36645206809043884,1.7996172904968262,0.4196835160255432,0.002856750041246414,0.5450478196144104,1.8630790710449219,0.46333104372024536,0.0014454940101131797,0.3583592474460602,1.8480638265609741,0.44037967920303345,0.0036917361430823803,0.5190724730491638,1.9269382953643799,0.07068115472793579,0.0019630335737019777,0.3924739956855774,1.913745641708374,0.026467274874448776,0.004973108880221844,0.641128420829773,0.7050546407699585,-9.0835918342691e-08,0.6193895936012268,0.6697260737419128,0.0015286890557035804,0.584061861038208,0.6560932993888855,-0.0022472769487649202,0.5550568699836731,0.6652191281318665,-0.006925597321242094,0.53603196144104,0.6811174154281616,-0.012417596764862537,0.5816934704780579,0.6329006552696228,-0.008595048449933529,0.5435878038406372,0.6370959281921387,-0.016595933586359024,0.5203330516815186,0.6383670568466187,-0.021366292610764503,0.5019339919090271,0.6394070386886597,-0.025060400366783142,0.5834410786628723,0.6543051600456238,-0.014593460597097874,0.5471102595329285,0.6746035218238831,-0.02481977269053459,0.5557597279548645,0.6810315251350403,-0.025694459676742554,0.567769467830658,0.6791425347328186,-0.025461245328187943,0.587665319442749,0.6803370118141174,-0.019955633208155632,0.5561071634292603,0.6992038488388062,-0.02857874147593975,0.5657152533531189,0.7010229825973511,-0.023642990738153458,0.5772979855537415,0.6967278122901917,-0.01930154673755169,0.5930010080337524,0.7062428593635559,-0.025075523182749748,0.567546010017395,0.7171488404273987,-0.030045978724956512,0.5751343965530396,0.7172900438308716,-0.02551017515361309,0.5856115221977234,0.7135329246520996,-0.021532973274588585,0.3179161846637726,0.6455914378166199,6.784242145840835e-08,0.35070309042930603,0.622751772403717,0.003228028304874897,0.3868883550167084,0.6189303994178772,-0.002556577092036605,0.41312241554260254,0.634196937084198,-0.010579531081020832,0.4284978210926056,0.6521914601325989,-0.018138723447918892,0.3939022719860077,0.5852232575416565,-0.010019544512033463,0.4293917417526245,0.5856159925460815,-0.020006215199828148,0.4514651894569397,0.5827459096908569,-0.02600674144923687,0.4701176881790161,0.579131007194519,-0.030694812536239624,0.3869815170764923,0.5994833111763,-0.0197320356965065,0.42453059554100037,0.6366425156593323,-0.03209897130727768,0.4121593236923218,0.6444271802902222,-0.03229134529829025,0.4000714421272278,0.6385501623153687,-0.031028231605887413,0.3775678873062134,0.6205878853797913,-0.028844226151704788,0.40960296988487244,0.656566321849823,-0.03592091426253319,0.3973717987537384,0.6581373810768127,-0.027503913268446922,0.3873138129711151,0.6489115357398987,-0.021448489278554916,0.36659881472587585,0.6438155770301819,-0.038446344435214996,0.39337319135665894,0.6707565188407898,-0.03831285238265991,0.38430535793304443,0.6704930663108826,-0.029625456780195236,0.37444549798965454,0.6608811616897583,-0.0238554198294878
38,38,1,1,1,1.0,1.0,1.0,0.4951862692832947,0.34708279371261597,-0.7790140509605408,0.999873161315918,0.5177955031394958,0.30641284584999084,-0.7496151328086853,0.9997707009315491,0.5294761657714844,0.3053584098815918,-0.7496490478515625,0.9997636675834656,0.5392441153526306,0.30528008937835693,-0.7493352293968201,0.9997370839118958,0.4791629910469055,0.3093307316303253,-0.7397650480270386,0.9998275637626648,0.46825718879699707,0.31035909056663513,-0.7396336793899536,0.999853253364563,0.4568840563297272,0.3113848865032196,-0.7399330139160156,0.9998747110366821,0.5605682134628296,0.32402998208999634,-0.4550173282623291,0.9996697306632996,0.4465559422969818,0.3319847285747528,-0.40461674332618713,0.9998605251312256,0.5219392776489258,0.38650771975517273,-0.6641801595687866,0.9999103546142578,0.47727733850479126,0.3883104622364044,-0.6504111886024475,0.9999467134475708,0.6555365324020386,0.5534583330154419,-0.24366240203380585,0.998926043510437,0.36796167492866516,0.5435461401939392,-0.1615656465291977,0.9997466802597046,0.7018688917160034,0.9276779294013977,-0.5904149413108826,0.9667655229568481,0.2548299729824066,0.8958188891410828,-0.4728464186191559,0.9799878001213074,0.6279729008674622,0.7195369005203247,-1.2983686923980713,0.920002818107605,0.3305620551109314,0.6566320657730103,-1.2076160907745361,0.9319422245025635,0.5938903093338013,0.680720865726471,-1.4271924495697021,0.9149544835090637,0.3632039427757263,0.6311560869216919,-1.3200105428695679,0.9193763732910156,0.5933324694633484,0.6391632556915283,-1.3960843086242676,0.9183527231216431,0.38142895698547363,0.594821035861969,-1.2927477359771729,0.9242074489593506,0.5958424210548401,0.6464520692825317,-1.2967325448989868,0.9174201488494873,0.3800916075706482,0.5989473462104797,-1.211449384689331,0.9220303297042847,0.573289155960083,1.0542844533920288,-0.015033312141895294,0.5451699495315552,0.39834150671958923,1.043270230293274,0.017170239239931107,0.5540851354598999,0.5622707605361938,1.4697861671447754,0.03810243681073189,0.01964840106666088,0.36868545413017273,1.451233148574829,0.10497472435235977,0.01611931622028351,0.5421909093856812,1.815349817276001,0.4456633925437927,0.002172832377254963,0.36466389894485474,1.8000082969665527,0.4474775791168213,0.002598945517092943,0.5440792441368103,1.8631852865219116,0.4624541699886322,0.0013331614900380373,0.3567087650299072,1.848583698272705,0.46948957443237305,0.003367733210325241,0.516775369644165,1.9277546405792236,0.06832058727741241,0.0018046688055619597,0.38922688364982605,1.9144234657287598,0.05440276116132736,0.004562855698168278,0.6420742273330688,0.704109251499176,-9.879914841803838e-08,0.6214339137077332,0.6688246726989746,0.0016021024202927947,0.5864725708961487,0.6534793376922607,-0.0019864344503730536,0.5575390458106995,0.6606485247612,-0.006425248458981514,0.5382835268974304,0.6754395365715027,-0.011702225543558598,0.5842069387435913,0.6295576095581055,-0.008694312535226345,0.5466250777244568,0.6331514120101929,-0.016234353184700012,0.5238891243934631,0.6345285773277283,-0.02074539102613926,0.5059603452682495,0.6351947784423828,-0.02434139885008335,0.5856894254684448,0.6516330242156982,-0.014710466377437115,0.5478535890579224,0.6707239747047424,-0.024452796205878258,0.555027186870575,0.6780701279640198,-0.025367386639118195,0.5665812492370605,0.6775735020637512,-0.025283772498369217,0.5896036028862,0.6781623363494873,-0.02001321315765381,0.5571855306625366,0.6963337659835815,-0.028485089540481567,0.5666991472244263,0.6983166933059692,-0.023800333961844444,0.5786770582199097,0.6948099732398987,-0.019679177552461624,0.5947204232215881,0.7042677402496338,-0.025033365935087204,0.568342387676239,0.7146590352058411,-0.030177365988492966,0.576033890247345,0.7148449420928955,-0.02581903338432312,0.5870662331581116,0.7114399671554565,-0.02197827585041523,0.31646931171417236,0.6515327095985413,6.219896420134319e-08,0.350088506937027,0.6266451478004456,0.0027709221467375755,0.38687554001808167,0.6206511855125427,-0.0036839290987700224,0.4153223931789398,0.6345779299736023,-0.012397894635796547,0.43244534730911255,0.6520281434059143,-0.020573100075125694,0.38893190026283264,0.5838766098022461,-0.010080697014927864,0.4226316511631012,0.5772767066955566,-0.02003813162446022,0.44370320439338684,0.5700457692146301,-0.026106493547558784,0.4613990783691406,0.5636748671531677,-0.030951887369155884,0.38275837898254395,0.5981424450874329,-0.019908584654331207,0.4218415319919586,0.6307657957077026,-0.03236096724867821,0.41119611263275146,0.6420813798904419,-0.032933950424194336,0.4000962972640991,0.6393061876296997,-0.03203233331441879,0.37457704544067383,0.6197662949562073,-0.029196057468652725,0.40882551670074463,0.6529901623725891,-0.036294277757406235,0.3973658084869385,0.6568077802658081,-0.02779894694685936,0.38707849383354187,0.6491686701774597,-0.021764304488897324,0.36511754989624023,0.6437951326370239,-0.03908487781882286,0.39409101009368896,0.6686188578605652,-0.038905590772628784,0.3855377733707428,0.6704564690589905,-0.030134014785289764,0.3754168748855591,0.6626774668693542,-0.024395540356636047
39,39,1,1,1,1.0,1.0,1.0,0.49712830781936646,0.3482036292552948,-0.7819803953170776,0.9998852014541626,0.5195432305335999,0.30721616744995117,-0.7530654668807983,0.9997926950454712,0.5310633182525635,0.3060052692890167,-0.7530741095542908,0.9997864961624146,0.5407968759536743,0.30570363998413086,-0.7527636885643005,0.9997622966766357,0.4811369478702545,0.31045567989349365,-0.7408904433250427,0.9998435378074646,0.47006312012672424,0.31129151582717896,-0.7408680319786072,0.9998666644096375,0.4586942791938782,0.3122330605983734,-0.7411754131317139,0.9998855590820312,0.5623247623443604,0.3243115544319153,-0.4639156758785248,0.999701976776123,0.44786858558654785,0.3327775299549103,-0.4063405990600586,0.999873161315918,0.5238479375839233,0.38750773668289185,-0.6664081811904907,0.9999189972877502,0.4792320728302002,0.38969483971595764,-0.6542850136756897,0.9999515414237976,0.6577838659286499,0.5534652471542358,-0.2515205144882202,0.9990316033363342,0.369428813457489,0.5437753796577454,-0.16515140235424042,0.9997652173042297,0.701275110244751,0.9277095198631287,-0.5958651304244995,0.9699269533157349,0.25684964656829834,0.8950405120849609,-0.4749661386013031,0.9814062118530273,0.628257691860199,0.7179888486862183,-1.3026092052459717,0.927982747554779,0.3309538960456848,0.6592174172401428,-1.2093462944030762,0.9386096000671387,0.5959236025810242,0.6782914996147156,-1.4307692050933838,0.9233757853507996,0.36348313093185425,0.6312974095344543,-1.3221827745437622,0.9269986152648926,0.5947684645652771,0.6380959153175354,-1.3996134996414185,0.9264302849769592,0.38109686970710754,0.5959550738334656,-1.2975713014602661,0.9313127994537354,0.5968329310417175,0.6463295221328735,-1.3008625507354736,0.9255467057228088,0.3796936273574829,0.6007887721061707,-1.2139742374420166,0.9292760491371155,0.5733084678649902,1.0574568510055542,-0.01617511175572872,0.5600358247756958,0.39859890937805176,1.0440776348114014,0.018351268023252487,0.569146990776062,0.5622692704200745,1.4700138568878174,0.03781717270612717,0.01811959035694599,0.3682129979133606,1.4514102935791016,0.11784602701663971,0.014938939362764359,0.541648268699646,1.815595269203186,0.44682779908180237,0.001987097319215536,0.3632153272628784,1.8003102540969849,0.47093454003334045,0.0023618105333298445,0.5435523986816406,1.8635306358337402,0.4638650417327881,0.0012272624298930168,0.3554229438304901,1.8489744663238525,0.494168221950531,0.003068059915676713,0.5155553817749023,1.9283232688903809,0.06899994611740112,0.0016565272817388177,0.38709884881973267,1.914942979812622,0.0781596377491951,0.004183686804026365,0.643577516078949,0.7034345865249634,-9.770249675966625e-08,0.6230552792549133,0.6675219535827637,0.0013332804664969444,0.5889101624488831,0.6516588926315308,-0.0020773170981556177,0.5599618554115295,0.6585434675216675,-0.006391604896634817,0.539766788482666,0.6719740629196167,-0.011480752378702164,0.5864707827568054,0.6270522475242615,-0.0067615024745464325,0.5504129528999329,0.6295451521873474,-0.013961638323962688,0.5280801653862,0.6293078064918518,-0.018442457541823387,0.5105007290840149,0.6292415261268616,-0.022057045251131058,0.587064802646637,0.6489076018333435,-0.012502946890890598,0.5507544279098511,0.6680740118026733,-0.02182770147919655,0.5591676831245422,0.674893319606781,-0.022882400080561638,0.5709335207939148,0.6738388538360596,-0.02297276072204113,0.5901845097541809,0.6753476858139038,-0.017707526683807373,0.5587802529335022,0.6928882598876953,-0.02615409903228283,0.5681085586547852,0.6953403949737549,-0.021611103788018227,0.5794832110404968,0.6921499371528625,-0.017571983858942986,0.5944605469703674,0.7019959092140198,-0.022662149742245674,0.5688639879226685,0.7117410898208618,-0.027839336544275284,0.5764324069023132,0.7124462127685547,-0.023517798632383347,0.586950421333313,0.7096124291419983,-0.019641485065221786,0.31685468554496765,0.658955991268158,6.870815383308582e-08,0.34997886419296265,0.6312644481658936,0.002997637027874589,0.3852251470088959,0.6216540336608887,-0.0036693857982754707,0.41351401805877686,0.6333304047584534,-0.012695317156612873,0.4310716390609741,0.6505451798439026,-0.021202988922595978,0.38429394364356995,0.5850409269332886,-0.010294884443283081,0.41567206382751465,0.5728626847267151,-0.02052266150712967,0.4350132346153259,0.5620002746582031,-0.0266734566539526,0.45150643587112427,0.5530925989151001,-0.03155108541250229,0.37849846482276917,0.5994044542312622,-0.020380161702632904,0.41984766721725464,0.62607342004776,-0.032728247344493866,0.4114513695240021,0.639903724193573,-0.03321051597595215,0.4015626609325409,0.6407450437545776,-0.03232801705598831,0.37122902274131775,0.6213222742080688,-0.029946787282824516,0.4069995582103729,0.6511954069137573,-0.03708990290760994,0.39592239260673523,0.6557974219322205,-0.028692206367850304,0.38518670201301575,0.6493830680847168,-0.022742070257663727,0.3629269003868103,0.6459607481956482,-0.04009726643562317,0.3924314081668854,0.6676357984542847,-0.03985742852091789,0.3839016854763031,0.6698922514915466,-0.03111773170530796,0.3734310567378998,0.6627228856086731,-0.02549281157553196
40,40,1,1,1,1.0,1.0,1.0,0.5001765489578247,0.3497411608695984,-0.797025203704834,0.9998959898948669,0.5225142240524292,0.3083902895450592,-0.7707828283309937,0.9998124241828918,0.5337043404579163,0.3071560561656952,-0.7707992196083069,0.9998070001602173,0.5433744788169861,0.30669718980789185,-0.7704979181289673,0.9997849464416504,0.4842461943626404,0.3114389181137085,-0.7599932551383972,0.9998579025268555,0.4729531407356262,0.3120189607143402,-0.759882390499115,0.9998787045478821,0.4616513252258301,0.3127908706665039,-0.7602015733718872,0.9998952746391296,0.5648822784423828,0.3258272707462311,-0.4789615571498871,0.9997310042381287,0.44995278120040894,0.3332889974117279,-0.43033725023269653,0.9998846054077148,0.526239275932312,0.38912835717201233,-0.6824319362640381,0.999926745891571,0.48141270875930786,0.3912651836872101,-0.6697577238082886,0.9999558925628662,0.6587601900100708,0.5536537170410156,-0.26060256361961365,0.9991265535354614,0.37037912011146545,0.5439332127571106,-0.17893698811531067,0.9997824430465698,0.7003655433654785,0.9281502366065979,-0.5964508056640625,0.9727299809455872,0.25804370641708374,0.8950728178024292,-0.48574861884117126,0.9826632738113403,0.6297644376754761,0.71711665391922,-1.3029778003692627,0.9351623058319092,0.33181825280189514,0.6615542769432068,-1.2168595790863037,0.9445891380310059,0.599590539932251,0.67522794008255,-1.4318383932113647,0.9309456944465637,0.3640647828578949,0.6339021921157837,-1.330082893371582,0.9337918758392334,0.5973193049430847,0.6354188323020935,-1.4021430015563965,0.9336898326873779,0.381089448928833,0.5982769131660461,-1.3104503154754639,0.9376400113105774,0.5989507436752319,0.644792377948761,-1.3020986318588257,0.9328489899635315,0.3796817660331726,0.6032755970954895,-1.2226635217666626,0.9357274770736694,0.573329746723175,1.0628442764282227,-0.016307873651385307,0.5735728144645691,0.3988437056541443,1.0449135303497314,0.018497608602046967,0.5826503038406372,0.5622370839118958,1.4701411724090576,0.03932157903909683,0.016691386699676514,0.36747151613235474,1.4516828060150146,0.12864400446414948,0.013809091411530972,0.540982723236084,1.8158681392669678,0.44852524995803833,0.0018185367807745934,0.3622127175331116,1.8004403114318848,0.4923483431339264,0.002144585130736232,0.5428208112716675,1.86366605758667,0.4652501046657562,0.0011345517123118043,0.35449251532554626,1.849182367324829,0.5169646739959717,0.0027953803073614836,0.5146762728691101,1.9294102191925049,0.07052982598543167,0.0015228843549266458,0.3864590525627136,1.916038155555725,0.10049009323120117,0.0038363703060895205,0.6444234251976013,0.7006208896636963,-8.989795929892352e-08,0.6246535778045654,0.6651604175567627,0.0012330209137871861,0.5904803276062012,0.6493223309516907,-0.0024515846744179726,0.5614728927612305,0.6566143035888672,-0.0069605447351932526,0.5414044857025146,0.6696016788482666,-0.012214295566082,0.5884107947349548,0.6246721744537354,-0.007996725849807262,0.5513272285461426,0.6258416175842285,-0.015787798911333084,0.5287917256355286,0.6251659393310547,-0.020345360040664673,0.5113602876663208,0.6249615550041199,-0.02381286770105362,0.5890792012214661,0.6464744210243225,-0.013734587468206882,0.5521456599235535,0.6649477481842041,-0.02368018589913845,0.5607551336288452,0.6723279356956482,-0.02451952174305916,0.572752833366394,0.6711561679840088,-0.024249520152807236,0.5920133590698242,0.6728954315185547,-0.01893005147576332,0.5601005554199219,0.6901223063468933,-0.02786191552877426,0.5696240663528442,0.693124532699585,-0.02312847413122654,0.5809696316719055,0.6895896792411804,-0.018781015649437904,0.5960647463798523,0.6994550824165344,-0.023854784667491913,0.5707408785820007,0.7083595395088196,-0.02932324819266796,0.5786919593811035,0.7094513773918152,-0.02493172325193882,0.5892037749290466,0.706591010093689,-0.020897310227155685,0.3173351585865021,0.6685994863510132,7.302018900645635e-08,0.3497634530067444,0.6390172839164734,0.0024987119249999523,0.38224196434020996,0.6258634328842163,-0.004280132241547108,0.40925300121307373,0.6345005035400391,-0.013505523093044758,0.42698827385902405,0.6509581208229065,-0.02227461338043213,0.3789061903953552,0.5893968939781189,-0.009970039129257202,0.4067172110080719,0.5736255049705505,-0.02070973627269268,0.4238901734352112,0.5597478747367859,-0.027611032128334045,0.4384724199771881,0.5482842326164246,-0.032920099794864655,0.3725634515285492,0.6037071347236633,-0.019862283021211624,0.41388988494873047,0.624289870262146,-0.03292645514011383,0.40870749950408936,0.6388033628463745,-0.03456655889749527,0.4005623757839203,0.6420537233352661,-0.03431384637951851,0.3654769957065582,0.6256208419799805,-0.0293264240026474,0.4019985795021057,0.6519493460655212,-0.03739283233880997,0.3919845521450043,0.6572783589363098,-0.03012273646891117,0.3812589943408966,0.6526591777801514,-0.024438833817839622,0.3576350808143616,0.6507025957107544,-0.03940604627132416,0.38843202590942383,0.6701762676239014,-0.04005981236696243,0.38137131929397583,0.6729593276977539,-0.032019808888435364,0.37107956409454346,0.6670082807540894,-0.026525750756263733
41,41,1,1,1,1.0,1.0,1.0,0.5015054941177368,0.3508981466293335,-0.7975932359695435,0.999905526638031,0.5241423845291138,0.3094404637813568,-0.771124541759491,0.9998299479484558,0.5353356003761292,0.30816614627838135,-0.7711455821990967,0.9998252987861633,0.5450105667114258,0.30751821398735046,-0.7708503603935242,0.9998050928115845,0.4858313202857971,0.312279611825943,-0.7601696252822876,0.9998705387115479,0.47449588775634766,0.3125781714916229,-0.7600398659706116,0.9998893141746521,0.4632464051246643,0.31319358944892883,-0.7603638768196106,0.9999037384986877,0.5664920806884766,0.3267727494239807,-0.4813407361507416,0.999756932258606,0.4518989026546478,0.33346328139305115,-0.4349866807460785,0.9998947381973267,0.5274649858474731,0.39015817642211914,-0.682595431804657,0.999933660030365,0.48253679275512695,0.39235445857048035,-0.6704117059707642,0.9999597668647766,0.6594866514205933,0.5537341237068176,-0.2605780065059662,0.999211847782135,0.3717050850391388,0.5439879298210144,-0.1832987517118454,0.999798595905304,0.6990327835083008,0.9287129640579224,-0.5879908800125122,0.975216805934906,0.2597806453704834,0.8951091170310974,-0.48319917917251587,0.9838106632232666,0.6323639154434204,0.7174044251441956,-1.293426275253296,0.9416219592094421,0.33255547285079956,0.6647613048553467,-1.1957142353057861,0.9499692320823669,0.6029853224754333,0.6745423078536987,-1.4182655811309814,0.9377515912055969,0.36411088705062866,0.6365190744400024,-1.3054522275924683,0.939896821975708,0.6014953255653381,0.63438880443573,-1.3913220167160034,0.9402149319648743,0.3805391192436218,0.6010339260101318,-1.2905198335647583,0.9433237910270691,0.6029554605484009,0.6440584659576416,-1.2936331033706665,0.939414381980896,0.3793424963951111,0.6052306890487671,-1.2027137279510498,0.9415330290794373,0.5734096765518188,1.0673333406448364,-0.016260236501693726,0.5877569317817688,0.39948025345802307,1.0454258918762207,0.018460899591445923,0.597204327583313,0.5625477433204651,1.470273733139038,0.04021809995174408,0.015333404764533043,0.3673868775367737,1.451886773109436,0.1353025585412979,0.012727742083370686,0.5409669280052185,1.8163203001022339,0.4496501386165619,0.0016588957514613867,0.36220768094062805,1.8007615804672241,0.5060552954673767,0.0019451071275398135,0.5427478551864624,1.8639246225357056,0.4659420847892761,0.001045851269736886,0.3545474112033844,1.8492759466171265,0.5317729115486145,0.0025430817622691393,0.5147226452827454,1.9306210279464722,0.07311911880970001,0.0013979824725538492,0.3867640197277069,1.91718590259552,0.11933793872594833,0.00351243675686419,0.6455333232879639,0.7005419135093689,-8.667125683814447e-08,0.6266962289810181,0.6645408272743225,0.0009947397047653794,0.5929786562919617,0.6475302577018738,-0.0028423990588635206,0.5637519359588623,0.6537174582481384,-0.007487563416361809,0.5430188775062561,0.6660796403884888,-0.012913776561617851,0.5906297564506531,0.6218582391738892,-0.008505858480930328,0.5533218383789062,0.6212251782417297,-0.016385670751333237,0.5301956534385681,0.6192304491996765,-0.020984148606657982,0.5120325088500977,0.6178200244903564,-0.024586569517850876,0.5910660028457642,0.6435126066207886,-0.014372335746884346,0.5536512136459351,0.6606556177139282,-0.024473734200000763,0.5622349977493286,0.6682931184768677,-0.0253660436719656,0.5742349028587341,0.6671280860900879,-0.025171542540192604,0.5938499569892883,0.6702244877815247,-0.01966816373169422,0.5615054965019226,0.6860828995704651,-0.0289430171251297,0.5711419582366943,0.6893340945243835,-0.024019062519073486,0.5825314521789551,0.6858587861061096,-0.019544901326298714,0.597642719745636,0.6972652077674866,-0.024703094735741615,0.5717740058898926,0.7051143646240234,-0.030650606378912926,0.5798941850662231,0.7065392732620239,-0.02609722502529621,0.5905565023422241,0.7040997743606567,-0.02188045345246792,0.3194790482521057,0.6815635561943054,1.5907876615983696e-07,0.35126250982284546,0.6509606838226318,0.002779572270810604,0.38040071725845337,0.6359766125679016,-0.005307861138135195,0.4041854739189148,0.6406749486923218,-0.016058767214417458,0.41806846857070923,0.6557071805000305,-0.026891423389315605,0.3747312128543854,0.5981568694114685,-0.01397594902664423,0.40108320116996765,0.5782470107078552,-0.026129325851798058,0.4183668792247772,0.562292218208313,-0.03442682698369026,0.4326035678386688,0.5497980713844299,-0.04078998044133186,0.36641499400138855,0.6106988191604614,-0.02423766255378723,0.40609270334243774,0.6311866044998169,-0.037192024290561676,0.4122443199157715,0.6473696827888489,-0.03920024260878563,0.41372692584991455,0.6540094614028931,-0.04035167768597603,0.35770663619041443,0.6324478387832642,-0.03381073474884033,0.3952885568141937,0.6595061421394348,-0.04183673858642578,0.38737085461616516,0.6641994118690491,-0.0345163494348526,0.3765501379966736,0.660031795501709,-0.029506996273994446,0.34915828704833984,0.6580839157104492,-0.04401622712612152,0.3805376887321472,0.6768898963928223,-0.04590240493416786,0.3761821985244751,0.6798055768013,-0.03811650350689888,0.3669765293598175,0.675054669380188,-0.032743096351623535
42,42,1,1,1,1.0,1.0,1.0,0.5021221041679382,0.35263165831565857,-0.7989181280136108,0.9999139308929443,0.5253208875656128,0.3112031817436218,-0.7752286195755005,0.9998455047607422,0.5367133617401123,0.3099718987941742,-0.7752594947814941,0.999841570854187,0.5465789437294006,0.3091047704219818,-0.7749790549278259,0.9998229146003723,0.4866315424442291,0.31353265047073364,-0.7647500038146973,0.9998816847801208,0.4753803610801697,0.3134482800960541,-0.7646265625953674,0.9998986124992371,0.4642091691493988,0.3138850927352905,-0.764970064163208,0.9999110698699951,0.5682689547538757,0.3284268081188202,-0.491627037525177,0.9997800588607788,0.4534793794155121,0.3340020477771759,-0.4470160901546478,0.9999037384986877,0.5282329320907593,0.39185425639152527,-0.6861779689788818,0.9999397993087769,0.4830015301704407,0.3937206566333771,-0.6734453439712524,0.9999632239341736,0.6602422595024109,0.5540469288825989,-0.2670961022377014,0.9992879629135132,0.37255018949508667,0.5436582565307617,-0.19441911578178406,0.9998130202293396,0.6974993348121643,0.9291276931762695,-0.5845073461532593,0.9773801565170288,0.260895311832428,0.8952759504318237,-0.4794624447822571,0.9847741723060608,0.6329824328422546,0.7163833975791931,-1.259548544883728,0.9474309086799622,0.3326479494571686,0.6768803000450134,-1.1721580028533936,0.9547888040542603,0.6041519641876221,0.6725764870643616,-1.3814555406570435,0.9438602924346924,0.3634639084339142,0.6412163376808167,-1.2797168493270874,0.9453203678131104,0.6031671762466431,0.632649302482605,-1.3560888767242432,0.9460691809654236,0.37917131185531616,0.607415497303009,-1.2682898044586182,0.9483697414398193,0.6046468019485474,0.6431062817573547,-1.2599704265594482,0.9453024864196777,0.3785161077976227,0.6155340075492859,-1.1800150871276855,0.9466878771781921,0.5740278959274292,1.0697150230407715,-0.015864776447415352,0.5999412536621094,0.400301456451416,1.0455350875854492,0.018065737560391426,0.6099691390991211,0.563149094581604,1.4703303575515747,0.04349518567323685,0.014087921939790249,0.36739546060562134,1.4520174264907837,0.14928820729255676,0.011709832586348057,0.5411062240600586,1.8165196180343628,0.45292526483535767,0.0015144206117838621,0.36230844259262085,1.8009415864944458,0.5347346067428589,0.0017639427678659558,0.5428594350814819,1.8641544580459595,0.47114309668540955,0.0009673023014329374,0.3546116054058075,1.8495304584503174,0.5624398589134216,0.002313917735591531,0.5148342251777649,1.9312787055969238,0.084430992603302,0.001285777660086751,0.3870188593864441,1.9175641536712646,0.15471482276916504,0.0032191842328757048,0.6467347741127014,0.6998863220214844,-9.090115327126114e-08,0.6283858418464661,0.6631445288658142,0.0015510937664657831,0.5944975018501282,0.6446307301521301,-0.0020049158483743668,0.565329372882843,0.6502736210823059,-0.0064355782233178616,0.5447565913200378,0.6624665260314941,-0.01172942016273737,0.5931585431098938,0.6185311079025269,-0.008469031192362309,0.5555018782615662,0.6166407465934753,-0.01593121886253357,0.5325756669044495,0.6136369109153748,-0.020287085324525833,0.5144663453102112,0.6109006404876709,-0.023802291601896286,0.5931152105331421,0.6402618288993835,-0.014454980380833149,0.5551788806915283,0.6563495993614197,-0.02399742603302002,0.5632876753807068,0.6647022366523743,-0.024664679542183876,0.5752005577087402,0.6643500924110413,-0.024495527148246765,0.595241904258728,0.667141318321228,-0.019762760028243065,0.5618804693222046,0.6820040345191956,-0.028420869261026382,0.5715588331222534,0.6858678460121155,-0.023451969027519226,0.583257794380188,0.6831094622612,-0.019177066162228584,0.5985525846481323,0.6942277550697327,-0.024772007018327713,0.572156548500061,0.7008656859397888,-0.030385933816432953,0.5802731513977051,0.7026292681694031,-0.02577054873108864,0.5913375020027161,0.7008708715438843,-0.021625149995088577,0.31962040066719055,0.6957072019577026,1.061150598502536e-07,0.3552844524383545,0.6650986671447754,0.000813883903902024,0.3851124942302704,0.649985134601593,-0.006745066028088331,0.40692567825317383,0.6545509099960327,-0.016906121745705605,0.4134640097618103,0.6707704067230225,-0.027062449604272842,0.3718627691268921,0.61085444688797,-0.010096787475049496,0.3955773711204529,0.5931031703948975,-0.020586470142006874,0.409948468208313,0.5783246159553528,-0.028359966352581978,0.42243605852127075,0.5663785934448242,-0.034661006182432175,0.361276239156723,0.6247891783714294,-0.019418004900217056,0.3982223570346832,0.6457362174987793,-0.03230879083275795,0.3995671272277832,0.6583424210548401,-0.03502868488430977,0.39647769927978516,0.6619861125946045,-0.03638232871890068,0.35112738609313965,0.6464095115661621,-0.02861323393881321,0.3878686726093292,0.6729440093040466,-0.03647909685969353,0.3809177577495575,0.6752746105194092,-0.031289681792259216,0.37092089653015137,0.6709403395652771,-0.02756396122276783,0.34160298109054565,0.6710126996040344,-0.0387544110417366,0.3723130226135254,0.6893910765647888,-0.040209632366895676,0.36891138553619385,0.690880537033081,-0.03419648855924606,0.35947084426879883,0.6865437030792236,-0.03027443028986454
43,43,1,1,1,1.0,1.0,1.0,0.502898097038269,0.3539566397666931,-0.8017845153808594,0.9999215006828308,0.5263845920562744,0.31255677342414856,-0.7804299592971802,0.9998595118522644,0.5379904508590698,0.3113478422164917,-0.7804492712020874,0.9998562335968018,0.5479639768600464,0.3103349804878235,-0.7801830172538757,0.9998389482498169,0.4872659742832184,0.3144771456718445,-0.7710302472114563,0.9998917579650879,0.47612816095352173,0.31415700912475586,-0.7709336876869202,0.9999070167541504,0.46501436829566956,0.3144732415676117,-0.7712781429290771,0.99991774559021,0.569682240486145,0.3295615613460541,-0.5025836229324341,0.9998008608818054,0.4547572135925293,0.3344804048538208,-0.4624570310115814,0.999911904335022,0.5292898416519165,0.3928709030151367,-0.691227912902832,0.999945342540741,0.4835664629936218,0.39440014958381653,-0.6791585683822632,0.9999663233757019,0.6607975959777832,0.5545931458473206,-0.27324289083480835,0.9993565082550049,0.37325331568717957,0.543362557888031,-0.20831866562366486,0.9998260140419006,0.695976734161377,0.9297028183937073,-0.5690370798110962,0.9792657494544983,0.261781245470047,0.8953017592430115,-0.47366952896118164,0.9855441451072693,0.6336562037467957,0.7159480452537537,-1.2128099203109741,0.9526574611663818,0.33267003297805786,0.6918595433235168,-1.1478363275527954,0.9590615630149841,0.6055242419242859,0.6708648204803467,-1.3333799839019775,0.9493544697761536,0.3628535866737366,0.657905638217926,-1.2532436847686768,0.9500125646591187,0.6050326228141785,0.6312444806098938,-1.3108340501785278,0.9513341784477234,0.3781275451183319,0.6286839246749878,-1.2450093030929565,0.9527261853218079,0.606399655342102,0.6421545743942261,-1.2138111591339111,0.9505952000617981,0.3778359889984131,0.6364099383354187,-1.156280755996704,0.9511163234710693,0.5745270848274231,1.0707645416259766,-0.015087704174220562,0.6133473515510559,0.40085968375205994,1.0455576181411743,0.017262352630496025,0.6231477856636047,0.5632802248001099,1.4698365926742554,0.05175817757844925,0.01300974190235138,0.3674094080924988,1.4520467519760132,0.15516021847724915,0.010798012837767601,0.5411561131477356,1.8168175220489502,0.45710405707359314,0.0013898859033361077,0.3623385727405548,1.8011345863342285,0.5424175262451172,0.001602165400981903,0.5429080724716187,1.8644802570343018,0.4766176640987396,0.0009057536954060197,0.35474351048469543,1.8496922254562378,0.5707412958145142,0.0021123101469129324,0.5148158669471741,1.9314885139465332,0.09900130331516266,0.0011913934722542763,0.3872019052505493,1.9177976846694946,0.17069503664970398,0.0029615911189466715,0.647441565990448,0.6982262134552002,-9.156381253205836e-08,0.6291151642799377,0.6605632901191711,0.0017045902786776423,0.5957818031311035,0.6405972242355347,-0.0018457515398040414,0.5668050646781921,0.6448462605476379,-0.0064127519726753235,0.5462175607681274,0.6568543910980225,-0.011856579221785069,0.5950125455856323,0.6159105896949768,-0.008282672613859177,0.557263195514679,0.612454354763031,-0.015840837731957436,0.5343225002288818,0.6091400384902954,-0.020278656855225563,0.5161870121955872,0.6062033772468567,-0.02383498102426529,0.5946640968322754,0.6372269988059998,-0.014371405355632305,0.5570599436759949,0.6524335741996765,-0.024092961102724075,0.5647009611129761,0.66099613904953,-0.024922968819737434,0.5763882994651794,0.6611527800559998,-0.024876592680811882,0.5964545607566833,0.6638790369033813,-0.019802670925855637,0.5634002089500427,0.6782956719398499,-0.02854754775762558,0.5729029774665833,0.68235844373703,-0.02386915497481823,0.5848276615142822,0.6800650954246521,-0.019796954467892647,0.5994174480438232,0.690847635269165,-0.024950480088591576,0.5730326771736145,0.697394073009491,-0.03057047165930271,0.5807926058769226,0.6994221210479736,-0.026243042200803757,0.5920037627220154,0.6980075240135193,-0.022326944395899773,0.32226499915122986,0.6984943151473999,1.749890259361564e-07,0.35273560881614685,0.6794641613960266,-0.00017878392827697098,0.37976914644241333,0.6702113747596741,-0.008450551889836788,0.3985634744167328,0.6792178750038147,-0.018642734736204147,0.4034697711467743,0.6963167190551758,-0.02950361929833889,0.3706718385219574,0.6319297552108765,-0.014826258644461632,0.3901025354862213,0.6183127164840698,-0.02511446177959442,0.40454477071762085,0.6049970984458923,-0.03265148401260376,0.41703715920448303,0.5953862071037292,-0.03907493129372597,0.3583635091781616,0.640329897403717,-0.023627450689673424,0.3913431167602539,0.6693679094314575,-0.035428669303655624,0.39676228165626526,0.6881718635559082,-0.03754783794283867,0.3978656232357025,0.695778489112854,-0.03897525370121002,0.34552904963493347,0.6593912243843079,-0.031969211995601654,0.37696608901023865,0.6954030990600586,-0.03889249265193939,0.37167367339134216,0.699461817741394,-0.0336482860147953,0.3629985749721527,0.6933649182319641,-0.030670208856463432,0.33387917280197144,0.6830259561538696,-0.04124443978071213,0.35962897539138794,0.7094265818595886,-0.044265732169151306,0.3573179543018341,0.7127347588539124,-0.03898005560040474,0.34962791204452515,0.7070494890213013,-0.03559551015496254
44,44,1,1,1,1.0,1.0,1.0,0.5038405060768127,0.3550855219364166,-0.8017550706863403,0.9999281167984009,0.5271415710449219,0.3134412467479706,-0.7805446982383728,0.9998718500137329,0.5389041900634766,0.31222209334373474,-0.7805609107017517,0.999869167804718,0.548797607421875,0.3110889494419098,-0.78029865026474,0.9998530745506287,0.487893670797348,0.31511786580085754,-0.77158123254776,0.9999005794525146,0.476884663105011,0.3146713674068451,-0.7714967131614685,0.9999143481254578,0.46582502126693726,0.3149227499961853,-0.7718448638916016,0.9999234676361084,0.5704495310783386,0.32983827590942383,-0.5067203640937805,0.9998193383216858,0.45579004287719727,0.33502256870269775,-0.4683333933353424,0.999919056892395,0.5304790735244751,0.3938131630420685,-0.6913522481918335,0.9999502301216125,0.4842604696750641,0.3952067792415619,-0.6794891953468323,0.9999690651893616,0.6617364287376404,0.5549213886260986,-0.27523884177207947,0.9994180202484131,0.3733835518360138,0.5426827073097229,-0.21613562107086182,0.9998383522033691,0.6947909593582153,0.9301581978797913,-0.5459262728691101,0.9808807969093323,0.26237714290618896,0.8955522775650024,-0.464979887008667,0.9861565232276917,0.634231448173523,0.7153471112251282,-1.1668627262115479,0.9573530554771423,0.33268871903419495,0.7108108997344971,-1.1214085817337036,0.9628309607505798,0.6068006157875061,0.6694765686988831,-1.2846336364746094,0.9542672634124756,0.36203518509864807,0.681655764579773,-1.2248388528823853,0.9540098309516907,0.6068791151046753,0.6306244134902954,-1.2634748220443726,0.9560378789901733,0.3765779435634613,0.6542013883590698,-1.2192438840866089,0.9564211368560791,0.6078706383705139,0.6417812705039978,-1.1679177284240723,0.9553142189979553,0.3765428364276886,0.6601381301879883,-1.13045334815979,0.954853892326355,0.5749750137329102,1.0714118480682373,-0.013423832133412361,0.6265615820884705,0.4012385904788971,1.0456185340881348,0.015546826645731926,0.636560320854187,0.5634614825248718,1.469111680984497,0.0648810863494873,0.01205979660153389,0.3674280047416687,1.4520525932312012,0.16395337879657745,0.009988123551011086,0.5414350032806396,1.8168952465057373,0.4690053462982178,0.0012804791331291199,0.36239737272262573,1.8013131618499756,0.5572702884674072,0.0014584579039365053,0.5431612133979797,1.864591121673584,0.48994430899620056,0.0008572526858188212,0.3549591898918152,1.8498786687850952,0.5866607427597046,0.001935861655510962,0.5148771405220032,1.931597113609314,0.12064212560653687,0.0011135349050164223,0.387380450963974,1.9180045127868652,0.19315972924232483,0.0027392427437007427,0.6482778787612915,0.6966021060943604,-9.31900316913925e-08,0.6301602721214294,0.6589899659156799,0.0016215076902881265,0.5969947576522827,0.6388704776763916,-0.002070288173854351,0.5677036046981812,0.6432293057441711,-0.006772719789296389,0.5469084978103638,0.6547088623046875,-0.012342709116637707,0.5971315503120422,0.6125433444976807,-0.008431765250861645,0.5595455169677734,0.6082877516746521,-0.01609770394861698,0.5367265939712524,0.6042570471763611,-0.02057938650250435,0.5185708999633789,0.6007022857666016,-0.02423207461833954,0.5969653129577637,0.6335824728012085,-0.014655149541795254,0.5576961040496826,0.6490250825881958,-0.024439794942736626,0.5655659437179565,0.6576822400093079,-0.02521074190735817,0.5775711536407471,0.6576094627380371,-0.025174293667078018,0.5988274216651917,0.6602422595024109,-0.02023138664662838,0.5643669962882996,0.6747007369995117,-0.029219472780823708,0.574199914932251,0.6787027716636658,-0.02439931593835354,0.5863792896270752,0.6759702563285828,-0.020230013877153397,0.6016075611114502,0.6875735521316528,-0.025522790849208832,0.5741733312606812,0.6945064663887024,-0.03154722601175308,0.582270622253418,0.6964530348777771,-0.027235692366957664,0.5937716960906982,0.6945130228996277,-0.023292599245905876,0.31839075684547424,0.718421220779419,6.392014739731167e-08,0.35503849387168884,0.7044045925140381,0.0006029300857335329,0.3834681808948517,0.6971150636672974,-0.004898430779576302,0.3963603973388672,0.7115310430526733,-0.012825334444642067,0.3958348035812378,0.7315151691436768,-0.02169080078601837,0.3710904121398926,0.6559041738510132,-0.008185395039618015,0.38849514722824097,0.6500022411346436,-0.017553120851516724,0.4025247097015381,0.6435774564743042,-0.025302350521087646,0.41330400109291077,0.6378573775291443,-0.0316443145275116,0.35625192523002625,0.6622864007949829,-0.016413863748311996,0.3868553340435028,0.7015860080718994,-0.026526527479290962,0.38473689556121826,0.715533971786499,-0.02931320294737816,0.37798404693603516,0.7146726846694946,-0.03121631219983101,0.3412132263183594,0.6797474026679993,-0.024671319872140884,0.3677482306957245,0.7228302955627441,-0.031846143305301666,0.36457359790802,0.7249025106430054,-0.029839636757969856,0.3585515022277832,0.7146568894386292,-0.02850400097668171,0.3269228935241699,0.7004193067550659,-0.03362228348851204,0.3478814959526062,0.7334516644477844,-0.03699500486254692,0.34697648882865906,0.7337116003036499,-0.033945608884096146,0.3406928777694702,0.7236142754554749,-0.03198399394750595
45,45,1,1,1,1.0,1.0,1.0,0.5043889284133911,0.35519370436668396,-0.7950021624565125,0.9999340176582336,0.5278629660606384,0.3134710192680359,-0.7767462730407715,0.9998827576637268,0.5397804975509644,0.3122707009315491,-0.7767429351806641,0.9998806715011597,0.549543023109436,0.31115734577178955,-0.776486337184906,0.9998655915260315,0.4883498549461365,0.3151235282421112,-0.7670735120773315,0.9999082684516907,0.47736334800720215,0.314682275056839,-0.766954243183136,0.999920666217804,0.4663509726524353,0.31494298577308655,-0.7673021554946899,0.9999281764030457,0.5710850954055786,0.32985222339630127,-0.5046263337135315,0.9998358488082886,0.4567256569862366,0.3350430428981781,-0.46462303400039673,0.9999251961708069,0.531204104423523,0.3938457667827606,-0.6879709959030151,0.9999546408653259,0.48450008034706116,0.39525219798088074,-0.6750244498252869,0.9999715089797974,0.6625790596008301,0.5551941990852356,-0.2766144871711731,0.999473512172699,0.37354910373687744,0.5405499935150146,-0.21335181593894958,0.9998496770858765,0.6936482787132263,0.9303019046783447,-0.5304065346717834,0.9822516441345215,0.2639976143836975,0.8954637050628662,-0.4429987072944641,0.9865589737892151,0.6354057192802429,0.7141010165214539,-1.1335413455963135,0.9615758061408997,0.3328738808631897,0.7247439622879028,-1.0874245166778564,0.9661548733711243,0.6092188358306885,0.6677476763725281,-1.248481273651123,0.9586787223815918,0.35791173577308655,0.7107948064804077,-1.1891345977783203,0.957452654838562,0.6089792847633362,0.6288105249404907,-1.2286207675933838,0.9602603912353516,0.3738267719745636,0.6813851594924927,-1.1863738298416138,0.9595938920974731,0.60954749584198,0.6399141550064087,-1.1348867416381836,0.9595537781715393,0.375450074672699,0.6823412179946899,-1.0978764295578003,0.9580803513526917,0.5752586126327515,1.0711872577667236,-0.013339690864086151,0.6334264874458313,0.40126675367355347,1.0455243587493896,0.015469519421458244,0.6434168219566345,0.5634480714797974,1.4682964086532593,0.06891138851642609,0.011097630485892296,0.36741700768470764,1.4518382549285889,0.1765892058610916,0.009182297624647617,0.5411375761032104,1.8166621923446655,0.47530969977378845,0.0011760029010474682,0.3619203269481659,1.801274061203003,0.5821985006332397,0.0013239114778116345,0.5428099036216736,1.8642719984054565,0.4965200424194336,0.0008072778582572937,0.35457128286361694,1.8498221635818481,0.6130427718162537,0.0017705264035612345,0.5132034420967102,1.9318480491638184,0.12502864003181458,0.0010346285998821259,0.38632845878601074,1.918121337890625,0.21690726280212402,0.0025247279554605484,0.648893415927887,0.6957042217254639,-9.249629329133313e-08,0.6329339742660522,0.6574833393096924,0.0015377429081127048,0.6013314723968506,0.6351261734962463,-0.0022582514211535454,0.572655975818634,0.6360602974891663,-0.006907355040311813,0.5523155331611633,0.6458717584609985,-0.012537343427538872,0.6001003980636597,0.6104980111122131,-0.010613558813929558,0.5615838170051575,0.6042909026145935,-0.018483376130461693,0.5382958650588989,0.6003652215003967,-0.022827282547950745,0.5197910070419312,0.5967350006103516,-0.026264578104019165,0.5994718074798584,0.6320134997367859,-0.01681608147919178,0.5583729147911072,0.6443979740142822,-0.026310037821531296,0.5620477199554443,0.6539850831031799,-0.026888644322752953,0.5716251730918884,0.6562442779541016,-0.02687465399503708,0.6007172465324402,0.6592233777046204,-0.022225771099328995,0.5655804872512817,0.6717334389686584,-0.031072428449988365,0.5750923752784729,0.6757093071937561,-0.026396552100777626,0.5878133773803711,0.6738665699958801,-0.02236757054924965,0.6031068563461304,0.686782956123352,-0.02731437422335148,0.5747312903404236,0.6924725770950317,-0.033514220267534256,0.582581639289856,0.6942940354347229,-0.02931322529911995,0.5944687128067017,0.69284588098526,-0.025414083153009415,0.32879090309143066,0.7392339110374451,1.2063927101735317e-07,0.3559551537036896,0.7330596446990967,-0.00474153459072113,0.3807154595851898,0.729893684387207,-0.011155937798321247,0.39172351360321045,0.7448307275772095,-0.018802089616656303,0.38685342669487,0.7628393173217773,-0.027388866990804672,0.36493799090385437,0.6857137084007263,-0.011534813791513443,0.37927114963531494,0.6894195079803467,-0.02347506582736969,0.39373427629470825,0.6914819478988647,-0.03319783881306648,0.4085029661655426,0.696061372756958,-0.03981354832649231,0.3476482331752777,0.6886171102523804,-0.016417326405644417,0.3708713948726654,0.7352074384689331,-0.026575276628136635,0.37218204140663147,0.745038628578186,-0.029664019122719765,0.37058308720588684,0.7435140013694763,-0.031874701380729675,0.33005714416503906,0.7032902240753174,-0.02221057377755642,0.35157647728919983,0.74775630235672,-0.031042490154504776,0.35300448536872864,0.74930739402771,-0.028602421283721924,0.35212442278862,0.742343008518219,-0.02596898376941681,0.3143877685070038,0.7214455604553223,-0.029172668233513832,0.3313797116279602,0.7508746385574341,-0.035453539341688156,0.3351402282714844,0.7530810832977295,-0.032668985426425934,0.335237979888916,0.7500757575035095,-0.029449008405208588
46,46,1,1,1,1.0,1.0,1.0,0.5051994323730469,0.355172723531723,-0.785059928894043,0.999939501285553,0.5285823941230774,0.31337183713912964,-0.7668632864952087,0.9998928308486938,0.5406560897827148,0.31219398975372314,-0.7668436765670776,0.9998912215232849,0.5502277612686157,0.3111095726490021,-0.7665702104568481,0.9998772144317627,0.48902255296707153,0.31496429443359375,-0.7573636770248413,0.9999154806137085,0.47803473472595215,0.31457963585853577,-0.7571702003479004,0.9999265074729919,0.46709537506103516,0.31483983993530273,-0.7575176954269409,0.9999326467514038,0.5716065764427185,0.3298499882221222,-0.5027265548706055,0.9998509287834167,0.4578340947628021,0.3350333273410797,-0.4596593976020813,0.9999309182167053,0.531857430934906,0.3938405215740204,-0.6791380643844604,0.9999586939811707,0.4848923087120056,0.3952377736568451,-0.666114091873169,0.9999737739562988,0.6633132100105286,0.5555557608604431,-0.27363187074661255,0.9995239973068237,0.3736107051372528,0.5388942956924438,-0.21087267994880676,0.9998601675033569,0.6932874917984009,0.9302828907966614,-0.51603102684021,0.9834700226783752,0.26558917760849,0.8941014409065247,-0.4173174500465393,0.986667275428772,0.6360078454017639,0.7126207947731018,-1.1223347187042236,0.9653748869895935,0.3316006064414978,0.7402092814445496,-1.0699740648269653,0.9689890146255493,0.6110709309577942,0.6660829186439514,-1.2394177913665771,0.9626431465148926,0.3504869043827057,0.7411085963249207,-1.1728107929229736,0.9602189064025879,0.6099157929420471,0.6275284290313721,-1.2179648876190186,0.9640581607818604,0.3662455379962921,0.7071946263313293,-1.177769422531128,0.9621504545211792,0.6102226972579956,0.6383187770843506,-1.1236423254013062,0.9633677005767822,0.3693416714668274,0.7034635543823242,-1.0845036506652832,0.9607064723968506,0.5761141777038574,1.0710734128952026,-0.013295752927660942,0.6312652826309204,0.4021947979927063,1.0455584526062012,0.015425153076648712,0.6408687829971313,0.5653342008590698,1.4673370122909546,0.06865006685256958,0.010120758786797523,0.3691253662109375,1.4515650272369385,0.17473942041397095,0.008363828994333744,0.5416117906570435,1.8162953853607178,0.4729340672492981,0.001070602796971798,0.3619823753833771,1.8012291193008423,0.5781427025794983,0.0011972578940913081,0.5434817671775818,1.8636361360549927,0.49419504404067993,0.0007461181376129389,0.35460397601127625,1.849831223487854,0.6084684729576111,0.001609138329513371,0.5128147602081299,1.9320343732833862,0.12450094521045685,0.000949686742387712,0.3863799273967743,1.9181572198867798,0.20641887187957764,0.0023079244419932365,0.6497222781181335,0.6954925060272217,-9.971012815412905e-08,0.6336049437522888,0.6563106179237366,0.0027227767277508974,0.6026643514633179,0.6333181262016296,-0.0006163939251564443,0.5746835470199585,0.6342885494232178,-0.005102619528770447,0.555659830570221,0.645689845085144,-0.01068761944770813,0.6020681262016296,0.609319806098938,-0.009417152032256126,0.5641075372695923,0.603031575679779,-0.016991309821605682,0.5409272313117981,0.5994023680686951,-0.021232547238469124,0.5225591063499451,0.5959644913673401,-0.024595418944954872,0.6015858054161072,0.630390465259552,-0.016232091933488846,0.5599180459976196,0.6401581764221191,-0.025014370679855347,0.5603895783424377,0.6505521535873413,-0.02543884702026844,0.5676994323730469,0.6549890041351318,-0.025458846241235733,0.6028760075569153,0.657290518283844,-0.022212959825992584,0.5669820308685303,0.6691381931304932,-0.030172552913427353,0.5759185552597046,0.6725468635559082,-0.025733936578035355,0.5888999104499817,0.6708430647850037,-0.02208326943218708,0.6051706671714783,0.6846299767494202,-0.027840232476592064,0.5761536955833435,0.6906359195709229,-0.03328587859869003,0.5835244655609131,0.6919898986816406,-0.02917967177927494,0.5957188606262207,0.6901410222053528,-0.025581475347280502,0.34182417392730713,0.7353807687759399,7.418333325404092e-08,0.3631521165370941,0.7420744299888611,-0.0071152797900140285,0.3812192380428314,0.7577624320983887,-0.016222471371293068,0.3858950436115265,0.779880702495575,-0.026922279968857765,0.38068825006484985,0.8024687767028809,-0.0393042229115963,0.3745327889919281,0.7172641158103943,-0.013760075904428959,0.3836688697338104,0.7295491695404053,-0.026230860501527786,0.3903469443321228,0.7413803339004517,-0.03639853373169899,0.3959430158138275,0.7552396655082703,-0.04255653917789459,0.3531419336795807,0.7160642743110657,-0.018107840791344643,0.3624628484249115,0.7421849370002747,-0.029299190267920494,0.3663526773452759,0.7600417137145996,-0.03475846350193024,0.3667164444923401,0.7732972502708435,-0.038084182888269424,0.332634299993515,0.7212705016136169,-0.023214038461446762,0.34082522988319397,0.7514053583145142,-0.03303419426083565,0.3445533215999603,0.7678080201148987,-0.03362839296460152,0.3450745940208435,0.7773117423057556,-0.0326489619910717,0.31522876024246216,0.7298881411552429,-0.029334746301174164,0.3210476040840149,0.7552958130836487,-0.03419440612196922,0.3252175450325012,0.7696104645729065,-0.03098844736814499,0.3262401521205902,0.7783483862876892,-0.02804594859480858
47,47,1,1,1,1.0,1.0,1.0,0.5054196119308472,0.3550274670124054,-0.773811399936676,0.9999444484710693,0.5287657976150513,0.31332769989967346,-0.7521110773086548,0.9999018907546997,0.541008472442627,0.3121812045574188,-0.7520971894264221,0.9999006986618042,0.5505463480949402,0.3111121952533722,-0.7517774105072021,0.9998876452445984,0.4892844259738922,0.31487491726875305,-0.744072437286377,0.9999218583106995,0.4783126711845398,0.3145366907119751,-0.7438290119171143,0.9999317526817322,0.46758732199668884,0.3148079216480255,-0.7442110180854797,0.9999365210533142,0.5719313621520996,0.3299121856689453,-0.4811597466468811,0.999864399433136,0.4590190052986145,0.3350992500782013,-0.4411860406398773,0.999936044216156,0.5322424173355103,0.393732488155365,-0.6655263900756836,0.999962329864502,0.48508062958717346,0.39516890048980713,-0.65423184633255,0.9999758005142212,0.6636114716529846,0.5561516880989075,-0.25242120027542114,0.9995695352554321,0.37436506152153015,0.5379825234413147,-0.2013331651687622,0.9998691082000732,0.6931353807449341,0.92999666929245,-0.49705806374549866,0.984576940536499,0.2663567066192627,0.8887659907341003,-0.4105176329612732,0.9866639375686646,0.636894166469574,0.7112389206886292,-1.1220412254333496,0.968796968460083,0.3332953155040741,0.743436872959137,-1.0668939352035522,0.9713757038116455,0.6128658056259155,0.6645305752754211,-1.243215799331665,0.9662165641784668,0.3496797978878021,0.7628097534179688,-1.171887755393982,0.9622892141342163,0.6103693246841431,0.626673698425293,-1.220123529434204,0.9674838781356812,0.36676648259162903,0.7332656979560852,-1.1781280040740967,0.9640433192253113,0.61034095287323,0.6370413899421692,-1.1235460042953491,0.9668019413948059,0.3696523904800415,0.7234293818473816,-1.0818954706192017,0.9626366496086121,0.5767790079116821,1.0703542232513428,-0.012156137265264988,0.6211519837379456,0.40380844473838806,1.0445736646652222,0.014421544969081879,0.6299613118171692,0.5670766234397888,1.466374158859253,0.06735881417989731,0.009209653362631798,0.3698354959487915,1.4505374431610107,0.16560375690460205,0.00759494211524725,0.5416410565376282,1.8152899742126465,0.4760509133338928,0.0009729969315230846,0.3614369034767151,1.8005021810531616,0.5662405490875244,0.0010818913578987122,0.5435127019882202,1.86222243309021,0.496590793132782,0.0006860302528366446,0.3537195324897766,1.849292516708374,0.595789909362793,0.0014600838767364621,0.5119270086288452,1.9319267272949219,0.12058241665363312,0.0008704460342414677,0.3854840397834778,1.9170509576797485,0.18339930474758148,0.0021095643751323223,0.6505348086357117,0.6959978938102722,-9.627621722074764e-08,0.6343797445297241,0.6566049456596375,0.0020843332167714834,0.6036474704742432,0.6331539750099182,-0.0016385831404477358,0.5754001140594482,0.6331358551979065,-0.0063738152384757996,0.5557519793510437,0.6430756449699402,-0.012143050320446491,0.6047922372817993,0.6093398332595825,-0.009644992649555206,0.5672848224639893,0.6014860272407532,-0.017728330567479134,0.544166088104248,0.5976464152336121,-0.022362949326634407,0.5255699157714844,0.5944517254829407,-0.02592887356877327,0.6043274998664856,0.6303147673606873,-0.01628613844513893,0.5620640516281128,0.6389366984367371,-0.02560913935303688,0.5631479024887085,0.649344801902771,-0.026398150250315666,0.5709806680679321,0.6538680791854858,-0.026584632694721222,0.6052426695823669,0.6574463844299316,-0.022172313183546066,0.5690954327583313,0.6682482361793518,-0.031073130667209625,0.5784429311752319,0.6724467277526855,-0.026757771149277687,0.5914412140846252,0.6715017557144165,-0.022897347807884216,0.606971263885498,0.6852332353591919,-0.027687234804034233,0.577987790107727,0.6900894641876221,-0.033830735832452774,0.5857484936714172,0.6919171214103699,-0.02974994108080864,0.5978381633758545,0.6905571222305298,-0.02599637396633625,0.3286054730415344,0.7069026827812195,1.53706395167319e-07,0.3583243191242218,0.7210347652435303,-0.001725408947095275,0.37730926275253296,0.7639870047569275,-0.00816777441650629,0.3809264004230499,0.8043066263198853,-0.014558563940227032,0.38147327303886414,0.8310604691505432,-0.020895451307296753,0.3804435729980469,0.7464735507965088,-0.02025512605905533,0.3885234594345093,0.7736887335777283,-0.02991849184036255,0.3924922049045563,0.7939308881759644,-0.035513315349817276,0.3940292298793793,0.8113760948181152,-0.03909114748239517,0.36064350605010986,0.7501919865608215,-0.026348408311605453,0.3671257793903351,0.8080033659934998,-0.036654919385910034,0.3678887188434601,0.8137761950492859,-0.03670179843902588,0.36739808320999146,0.8094550371170044,-0.036412883549928665,0.3399823009967804,0.753978967666626,-0.03185475617647171,0.3459811806678772,0.810728907585144,-0.03924413397908211,0.3453415632247925,0.799338698387146,-0.033311955630779266,0.3448503017425537,0.7816129922866821,-0.028763826936483383,0.31958287954330444,0.7572154402732849,-0.03768754005432129,0.3279271721839905,0.8028891682624817,-0.03918246552348137,0.32878994941711426,0.7935217618942261,-0.03262001648545265,0.32819175720214844,0.7770228385925293,-0.028429877012968063
48,48,1,1,1,1.0,1.0,1.0,0.506770133972168,0.355018675327301,-0.765084981918335,0.9999489784240723,0.5297960042953491,0.3134298622608185,-0.7402028441429138,0.9999102354049683,0.5420958995819092,0.31232601404190063,-0.7401959896087646,0.9999093413352966,0.5515791177749634,0.31129783391952515,-0.7398635149002075,0.9998972415924072,0.49030008912086487,0.31494420766830444,-0.7353476881980896,0.999927818775177,0.47942280769348145,0.31463560461997986,-0.735114574432373,0.9999366402626038,0.4688705503940582,0.31490594148635864,-0.7355062961578369,0.9999403357505798,0.5726646184921265,0.33040204644203186,-0.46160203218460083,0.9998766779899597,0.46020761132240295,0.3359242081642151,-0.43620142340660095,0.9999409317970276,0.5338493585586548,0.3937583267688751,-0.6546424627304077,0.9999656677246094,0.48611417412757874,0.39517125487327576,-0.6476665139198303,0.999977707862854,0.6637933254241943,0.5570332407951355,-0.23117372393608093,0.9996107816696167,0.37460458278656006,0.5377992391586304,-0.1995408535003662,0.9998769760131836,0.6930700540542603,0.9299308657646179,-0.4713580012321472,0.985617458820343,0.26711100339889526,0.8862320780754089,-0.4056502878665924,0.9866586327552795,0.6380083560943604,0.7104021906852722,-1.0972130298614502,0.9718808531761169,0.3350912630558014,0.7458442449569702,-1.0453195571899414,0.9732674360275269,0.6145886182785034,0.6634318828582764,-1.2185571193695068,0.9694445729255676,0.3490690588951111,0.7775734663009644,-1.1475183963775635,0.9635092616081238,0.6109496355056763,0.6258744597434998,-1.1941189765930176,0.9705780744552612,0.3670385479927063,0.7521942853927612,-1.1557955741882324,0.9651332497596741,0.6106067895889282,0.6361410617828369,-1.0983554124832153,0.969904363155365,0.370897114276886,0.7383384704589844,-1.0602716207504272,0.9637489914894104,0.5778369903564453,1.0700794458389282,-0.008509762585163116,0.6173901557922363,0.40646639466285706,1.044042944908142,0.010872317478060722,0.6242499947547913,0.5690035820007324,1.466203212738037,0.06953546404838562,0.008400052785873413,0.37071484327316284,1.4504512548446655,0.16146646440029144,0.006905143614858389,0.5417539477348328,1.8149867057800293,0.48798173666000366,0.0008851771126501262,0.3613693118095398,1.8002562522888184,0.5530620813369751,0.0009784656576812267,0.543563961982727,1.8616522550582886,0.5086911916732788,0.0006311570759862661,0.35355666279792786,1.848976492881775,0.5811938643455505,0.00132663082331419,0.5117382407188416,1.931970477104187,0.12460348755121231,0.0008007383439689875,0.3855093717575073,1.9167174100875854,0.17429503798484802,0.0019335869001224637,0.6515433192253113,0.6976028680801392,-9.616047691451968e-08,0.6357082724571228,0.6586218476295471,0.0016878406750038266,0.605446994304657,0.6349517107009888,-0.0024644052609801292,0.5768154859542847,0.6346957683563232,-0.0076000564731657505,0.556341826915741,0.6436719298362732,-0.013707603327929974,0.6081058979034424,0.6102267503738403,-0.00989000778645277,0.5707225203514099,0.6017397046089172,-0.018552249297499657,0.5470839142799377,0.5973017811775208,-0.023666784167289734,0.5280957818031311,0.5936468839645386,-0.027596520259976387,0.6073600053787231,0.6308462619781494,-0.016584236174821854,0.5644387602806091,0.639093279838562,-0.02695225179195404,0.5684517025947571,0.649250864982605,-0.028149858117103577,0.5789449214935303,0.6524957418441772,-0.028339091688394547,0.6075927019119263,0.6578481197357178,-0.022569702938199043,0.5704501867294312,0.6680653095245361,-0.032427504658699036,0.5799018144607544,0.6731064915657043,-0.02808588743209839,0.5929061770439148,0.6719900965690613,-0.023969309404492378,0.6082679033279419,0.6858969330787659,-0.028194576501846313,0.5791129469871521,0.6904901266098022,-0.03504173085093498,0.5872583985328674,0.6932157278060913,-0.03099268302321434,0.5995525121688843,0.6921360492706299,-0.02709091268479824,0.33841168880462646,0.716072142124176,1.1775770758504223e-07,0.36612018942832947,0.7346474528312683,-0.0019172372994944453,0.38119611144065857,0.7780922055244446,-0.007001038175076246,0.38393405079841614,0.8175950050354004,-0.011831746436655521,0.3842894434928894,0.8446794748306274,-0.01600472256541252,0.38489997386932373,0.7678607702255249,-0.01474330760538578,0.39386630058288574,0.8065462708473206,-0.023188391700387,0.39973562955856323,0.8335980772972107,-0.0267458725720644,0.4036131203174591,0.854982852935791,-0.02854657918214798,0.3657272458076477,0.7737894058227539,-0.019479678943753242,0.36855465173721313,0.831112265586853,-0.0317392461001873,0.3637238144874573,0.820363461971283,-0.030693234875798225,0.36116617918014526,0.7992993593215942,-0.026753995567560196,0.3454417586326599,0.7776492238044739,-0.023766420781612396,0.34895455837249756,0.8264060616493225,-0.031844090670347214,0.34496456384658813,0.8133769035339355,-0.023539949208498,0.34319043159484863,0.7970154285430908,-0.015396906062960625,0.32560521364212036,0.778888463973999,-0.028326628729701042,0.33114850521087646,0.8224405646324158,-0.02848043665289879,0.3298778533935547,0.8123146891593933,-0.019568108022212982,0.32855504751205444,0.796325147151947,-0.012628591619431973
49,49,1,1,1,1.0,1.0,1.0,0.5077966451644897,0.3550860285758972,-0.7523715496063232,0.9999527335166931,0.530410885810852,0.31376391649246216,-0.7265061736106873,0.9999172687530518,0.5427900552749634,0.3127362132072449,-0.7265101075172424,0.9999167323112488,0.5522450804710388,0.31173089146614075,-0.7261971235275269,0.9999054670333862,0.49115172028541565,0.3151673376560211,-0.7231623530387878,0.999932587146759,0.48036760091781616,0.3148577809333801,-0.7229447960853577,0.9999403953552246,0.4699050784111023,0.3151369094848633,-0.7233391404151917,0.99994295835495,0.573213517665863,0.331120103597641,-0.4484052062034607,0.9998873472213745,0.4611762464046478,0.3368830382823944,-0.42993292212486267,0.9999449253082275,0.5350391864776611,0.3940162658691406,-0.6423358917236328,0.9999685287475586,0.4871482849121094,0.3952304720878601,-0.6375959515571594,0.9999793171882629,0.6638638973236084,0.5575792789459229,-0.21912546455860138,0.9996479749679565,0.3749370276927948,0.5377950668334961,-0.19737030565738678,0.999883770942688,0.6929519176483154,0.9299240708351135,-0.44728150963783264,0.9865724444389343,0.267167866230011,0.8833231329917908,-0.3967425227165222,0.9868723154067993,0.6395362615585327,0.7105605006217957,-1.0503580570220947,0.9746571779251099,0.34089258313179016,0.7467201352119446,-1.0019242763519287,0.9748784899711609,0.6161120533943176,0.6634147763252258,-1.1681227684020996,0.972344160079956,0.3511091470718384,0.7833309173583984,-1.0989811420440674,0.9641051888465881,0.6119517087936401,0.6256316304206848,-1.1440576314926147,0.9733523726463318,0.37249428033828735,0.7617362141609192,-1.1050578355789185,0.9655430316925049,0.6114321351051331,0.6358897686004639,-1.0510449409484863,0.9726889133453369,0.37701624631881714,0.7460472583770752,-1.0148494243621826,0.9642451405525208,0.5783507823944092,1.0699383020401,-0.0033863787539303303,0.6213748455047607,0.4084588885307312,1.0440611839294434,0.005753585137426853,0.6259568929672241,0.5703805685043335,1.4660389423370361,0.07118485122919083,0.007674941793084145,0.3715783953666687,1.450339436531067,0.15497098863124847,0.006294228136539459,0.5420676469802856,1.814879059791565,0.49217310547828674,0.0008061005501076579,0.3616475462913513,1.8000075817108154,0.5467060804367065,0.0008858043001964688,0.5437489151954651,1.8614481687545776,0.5128602385520935,0.0005820184014737606,0.35376209020614624,1.8485767841339111,0.5741474628448486,0.0012079225853085518,0.5118000507354736,1.9320062398910522,0.12692734599113464,0.0007377429865300655,0.3862513601779938,1.9165706634521484,0.1695622205734253,0.0017776390304788947,0.6525866985321045,0.6995506286621094,-9.385860977317861e-08,0.6369833946228027,0.6610631942749023,0.0010062481742352247,0.606497049331665,0.6382444500923157,-0.0036369338631629944,0.5777953267097473,0.6382749080657959,-0.00923609547317028,0.556755542755127,0.6450746059417725,-0.0156065309420228,0.6086346507072449,0.6115549206733704,-0.008886930532753468,0.5719608068466187,0.603793203830719,-0.017919104546308517,0.5482872724533081,0.5983771085739136,-0.02347121387720108,0.5296289324760437,0.5941803455352783,-0.02771032601594925,0.6081042289733887,0.6321289539337158,-0.015446866862475872,0.566838264465332,0.6430195569992065,-0.026610655710101128,0.5736903548240662,0.6527172923088074,-0.028317850083112717,0.5858216881752014,0.653667151927948,-0.028695277869701385,0.6084226369857788,0.6591023206710815,-0.021501293405890465,0.5718991756439209,0.6699504852294922,-0.032189883291721344,0.5816181898117065,0.6759096384048462,-0.027785738930106163,0.5942855477333069,0.6741551756858826,-0.02339622564613819,0.609158456325531,0.6872808337211609,-0.02724815160036087,0.5801530480384827,0.6916487216949463,-0.03453453257679939,0.5885170102119446,0.6951320171356201,-0.030378950759768486,0.6005247831344604,0.6937317848205566,-0.02622506581246853,0.3460117280483246,0.7249398231506348,9.64814645953993e-08,0.37264484167099,0.7423877716064453,-0.0022082359064370394,0.38887080550193787,0.7829334139823914,-0.0058096032589674,0.3923271894454956,0.8213492035865784,-0.008588539436459541,0.3891637325286865,0.8497554659843445,-0.010640033520758152,0.3918045163154602,0.7772355079650879,-0.014086890034377575,0.4025954008102417,0.8201081156730652,-0.022360408678650856,0.4089246690273285,0.849266767501831,-0.025974521413445473,0.41324394941329956,0.8726481199264526,-0.027906225994229317,0.3728201985359192,0.7846787571907043,-0.018095185980200768,0.37707021832466125,0.8405786752700806,-0.029508888721466064,0.37282663583755493,0.8294974565505981,-0.02848849818110466,0.3699536919593811,0.8094158172607422,-0.024282408878207207,0.352871835231781,0.789261519908905,-0.021564502269029617,0.3583607077598572,0.8363549113273621,-0.029569357633590698,0.3547651469707489,0.8234174847602844,-0.02149907872080803,0.35290977358818054,0.8083718419075012,-0.013244072906672955,0.3341105878353119,0.7907357811927795,-0.02518463507294655,0.34063971042633057,0.8293261528015137,-0.026134449988603592,0.33823350071907043,0.8189371824264526,-0.017055850476026535,0.3357991576194763,0.8051317930221558,-0.009541603736579418
50,50,1,1,1,1.0,1.0,1.0,0.5083315372467041,0.3551751673221588,-0.7494677305221558,0.9999563097953796,0.530872106552124,0.31411752104759216,-0.7223998308181763,0.9999239444732666,0.5433250069618225,0.31317251920700073,-0.7224137783050537,0.9999237060546875,0.5527895092964172,0.312200129032135,-0.7220950722694397,0.999913215637207,0.4917186200618744,0.31532177329063416,-0.7192531824111938,0.9999372959136963,0.4809298515319824,0.3149651288986206,-0.7190311551094055,0.9999442100524902,0.4705243706703186,0.31522172689437866,-0.7194193601608276,0.999945878982544,0.5737538933753967,0.33173543214797974,-0.44267401099205017,0.9998972415924072,0.4620121419429779,0.33714109659194946,-0.4255426824092865,0.9999487996101379,0.5357686877250671,0.3942112922668457,-0.6391937732696533,0.9999712109565735,0.4876682162284851,0.3952431380748749,-0.6347704529762268,0.9999808073043823,0.6638873219490051,0.5581831336021423,-0.21255680918693542,0.9996814727783203,0.3751341700553894,0.537860095500946,-0.19334907829761505,0.9998890161514282,0.6929380893707275,0.9300247430801392,-0.4483429491519928,0.9874488115310669,0.26708221435546875,0.8835164308547974,-0.3947422504425049,0.9870417714118958,0.6401335000991821,0.7107419371604919,-1.0598337650299072,0.9771580100059509,0.3461631238460541,0.7451954483985901,-1.0003365278244019,0.9764078259468079,0.6164904832839966,0.6638953685760498,-1.1783616542816162,0.9749652743339539,0.35770782828330994,0.7820432186126709,-1.097806692123413,0.9648792743682861,0.6122312545776367,0.6259926557540894,-1.1518768072128296,0.9758639931678772,0.3822290301322937,0.7609334588050842,-1.098980188369751,0.9661648273468018,0.6116403341293335,0.636173665523529,-1.0595571994781494,0.9752050638198853,0.38535940647125244,0.7440691590309143,-1.010986089706421,0.9648413062095642,0.5783642530441284,1.0698944330215454,-0.0020081237889826298,0.6191666722297668,0.40932974219322205,1.0442957878112793,0.0043943836353719234,0.6213511824607849,0.570462703704834,1.4661825895309448,0.0686444342136383,0.0070332554168999195,0.3721109926700592,1.45036780834198,0.13540330529212952,0.0057444339618086815,0.5419992804527283,1.8149181604385376,0.49053412675857544,0.0007355756242759526,0.36167943477630615,1.7999049425125122,0.5208457112312317,0.0008023842819966376,0.5435432195663452,1.8614754676818848,0.5109618306159973,0.000537221203558147,0.353791207075119,1.8484266996383667,0.5482056736946106,0.0011006556451320648,0.5116077661514282,1.9320743083953857,0.12231554836034775,0.0006809248006902635,0.3862711489200592,1.9162650108337402,0.13529980182647705,0.0016381469322368503,0.6532493829727173,0.702616274356842,-9.918076671056042e-08,0.6374318599700928,0.663881242275238,0.0011633237591013312,0.6076807975769043,0.640268087387085,-0.0035195432137697935,0.5794664025306702,0.6390678882598877,-0.0091506103053689,0.5587564706802368,0.6456164717674255,-0.015543503686785698,0.6105797290802002,0.6143799424171448,-0.00899749156087637,0.5735025405883789,0.6067497730255127,-0.01804957538843155,0.5493271946907043,0.601626992225647,-0.02365030348300934,0.5305173993110657,0.5976499915122986,-0.027960537001490593,0.6100507974624634,0.635223388671875,-0.01563888043165207,0.568565845489502,0.6453665494918823,-0.026880605146288872,0.575933575630188,0.6553011536598206,-0.02846514992415905,0.58878093957901,0.6564878225326538,-0.02873845212161541,0.6103821992874146,0.6621782183647156,-0.021744288504123688,0.5734223127365112,0.6722278594970703,-0.03229807689785957,0.582942545413971,0.6784371137619019,-0.027581144124269485,0.5958366990089417,0.6771202087402344,-0.023031100630760193,0.6111853718757629,0.6903629302978516,-0.027560794726014137,0.5825636386871338,0.6943974494934082,-0.03456743061542511,0.5906335115432739,0.6977296471595764,-0.030247678980231285,0.6025851964950562,0.6964066028594971,-0.02607513777911663,0.3455187976360321,0.7293826937675476,6.985109024526537e-08,0.37374159693717957,0.7391037344932556,-0.002719282638281584,0.39578932523727417,0.7729266285896301,-0.0069891829043626785,0.4055013060569763,0.8076753616333008,-0.010544891469180584,0.4060177206993103,0.8348591327667236,-0.013357617892324924,0.4003461003303528,0.7708344459533691,-0.014853364787995815,0.4158558249473572,0.8137450814247131,-0.02402656525373459,0.42520761489868164,0.842074453830719,-0.027887986972928047,0.43148428201675415,0.865509033203125,-0.03010695055127144,0.3823320269584656,0.7809093594551086,-0.018771063536405563,0.3910647928714752,0.8387096524238586,-0.032132361084222794,0.3875703513622284,0.8253946900367737,-0.03179187700152397,0.38443952798843384,0.8033457398414612,-0.02743535302579403,0.3627588748931885,0.7883537411689758,-0.022104837000370026,0.3719225227832794,0.835658073425293,-0.031094394624233246,0.3684091866016388,0.8215010762214661,-0.022818583995103836,0.3654879033565521,0.8046780228614807,-0.014083444140851498,0.3448241651058197,0.7919654250144958,-0.025698399171233177,0.35421672463417053,0.8270846009254456,-0.028231242671608925,0.3516966700553894,0.8157835602760315,-0.02014378271996975,0.34825605154037476,0.8021100163459778,-0.012867550365626812
51,51,1,1,1,1.0,1.0,1.0,0.5090723037719727,0.3553308844566345,-0.7469756007194519,0.9999598264694214,0.5314782857894897,0.31455448269844055,-0.7184914350509644,0.9999303221702576,0.5439175367355347,0.31370511651039124,-0.7185271978378296,0.9999303221702576,0.5533055663108826,0.31276974081993103,-0.7182091474533081,0.9999205470085144,0.49250417947769165,0.31553584337234497,-0.7161374092102051,0.9999420046806335,0.4817328453063965,0.31511974334716797,-0.7159475088119507,0.9999482035636902,0.4713256359100342,0.3153558373451233,-0.7163278460502625,0.9999492168426514,0.5741249322891235,0.3323636054992676,-0.43586963415145874,0.9999064803123474,0.4628141522407532,0.3374764621257782,-0.4226763844490051,0.9999526739120483,0.5364438891410828,0.39438873529434204,-0.6359872221946716,0.999973714351654,0.48842334747314453,0.39526262879371643,-0.6326488256454468,0.9999822974205017,0.6638795137405396,0.5584266781806946,-0.20367905497550964,0.9997117519378662,0.37524428963661194,0.538046658039093,-0.19092603027820587,0.9998936653137207,0.6929606199264526,0.9302917718887329,-0.4472920894622803,0.9882413148880005,0.26625216007232666,0.8837432861328125,-0.39966994524002075,0.9872385859489441,0.6411697864532471,0.7109206318855286,-1.071350336074829,0.9794102907180786,0.3517616391181946,0.7431339621543884,-1.0115630626678467,0.9778836965560913,0.6173993349075317,0.6642149090766907,-1.1917039155960083,0.9773381948471069,0.3699856102466583,0.7758342027664185,-1.1098731756210327,0.9658809900283813,0.6132567524909973,0.6263040900230408,-1.1650493144989014,0.9781413078308105,0.39469343423843384,0.7531741261482239,-1.1066510677337646,0.9670267105102539,0.6124497652053833,0.636250913143158,-1.0711615085601807,0.9774824380874634,0.3950481116771698,0.7374019026756287,-1.0200066566467285,0.9655972719192505,0.5783324241638184,1.0698503255844116,-0.001435501384548843,0.6098496317863464,0.40940970182418823,1.0443165302276611,0.003824299667030573,0.6100336909294128,0.570457935333252,1.466166377067566,0.050152890384197235,0.00648202421143651,0.37300723791122437,1.4501838684082031,0.10893478244543076,0.005265000741928816,0.5420576333999634,1.8145959377288818,0.449553906917572,0.0006753759225830436,0.36240890622138977,1.7991684675216675,0.46972283720970154,0.000729220628272742,0.5435550212860107,1.860851526260376,0.4670095443725586,0.0004998242948204279,0.35433346033096313,1.8477113246917725,0.4947969317436218,0.0010080693755298853,0.5118749141693115,1.931611180305481,0.08185998350381851,0.0006344949943013489,0.38686415553092957,1.9141677618026733,0.08535505831241608,0.0015226341784000397,0.6544570326805115,0.706290602684021,-9.687173019301554e-08,0.6385388374328613,0.6670829653739929,0.0012523733312264085,0.6079322099685669,0.6436296701431274,-0.003539089346304536,0.5790067315101624,0.6434646248817444,-0.009296983480453491,0.5583766102790833,0.6506340503692627,-0.01581447944045067,0.6114010810852051,0.6187997460365295,-0.009231312200427055,0.5737711787223816,0.6119788885116577,-0.01855943165719509,0.5489426255226135,0.6076406240463257,-0.024266475811600685,0.5298119187355042,0.6049928069114685,-0.028650611639022827,0.6110961437225342,0.6404953002929688,-0.016084695234894753,0.5694513916969299,0.6518588662147522,-0.02736659161746502,0.5781697630882263,0.6608186960220337,-0.028901701793074608,0.5917527079582214,0.660342276096344,-0.029295064508914948,0.6117586493492126,0.6678474545478821,-0.0224052295088768,0.5744434595108032,0.6775844097137451,-0.03299746662378311,0.5843830108642578,0.6831585168838501,-0.028026511892676353,0.5974972248077393,0.6808931231498718,-0.023417003452777863,0.6128641963005066,0.6962571740150452,-0.028440674766898155,0.5840127468109131,0.6994143724441528,-0.035436879843473434,0.5922009348869324,0.7025566697120667,-0.030867770314216614,0.6041306257247925,0.7011831402778625,-0.02658027969300747,0.348473459482193,0.7260814309120178,7.655411593532335e-08,0.37764427065849304,0.731335461139679,-0.0021742680110037327,0.4022386968135834,0.7630010843276978,-0.007495785132050514,0.41455385088920593,0.7986497282981873,-0.012432174757122993,0.42030131816864014,0.8268794417381287,-0.01670488528907299,0.4120061993598938,0.7540820240974426,-0.016642466187477112,0.432468980550766,0.7954423427581787,-0.02635505236685276,0.4452669024467468,0.8220053315162659,-0.03079797886312008,0.4554096460342407,0.8444586396217346,-0.03348383679986,0.39566951990127563,0.766293466091156,-0.021122800186276436,0.4075756371021271,0.8229174613952637,-0.03440525010228157,0.4002135694026947,0.8135754466056824,-0.0343790203332901,0.39469704031944275,0.794734537601471,-0.0310968030244112,0.3769882023334503,0.7785143852233887,-0.024874906986951828,0.38915178179740906,0.826697587966919,-0.03308578208088875,0.3822680413722992,0.815199077129364,-0.024468354880809784,0.37731674313545227,0.7994833588600159,-0.0161955114454031,0.35918664932250977,0.7884578108787537,-0.028973471373319626,0.3719179332256317,0.8256922960281372,-0.030660133808851242,0.3665641248226166,0.8156915903091431,-0.022314736619591713,0.36122193932533264,0.8028210401535034,-0.01527986116707325
52,52,1,1,1,1.0,1.0,1.0,0.5093042254447937,0.35539767146110535,-0.7623268365859985,0.9999628663063049,0.5317030549049377,0.3147945702075958,-0.7300310134887695,0.9999359250068665,0.5441710948944092,0.31405577063560486,-0.7301132678985596,0.9999361634254456,0.5535361170768738,0.3131914734840393,-0.7297838926315308,0.9999269843101501,0.4928976595401764,0.31557682156562805,-0.7311022281646729,0.9999459981918335,0.48209047317504883,0.31513479351997375,-0.7310236692428589,0.9999516010284424,0.4717358648777008,0.31536665558815,-0.7314484119415283,0.9999518990516663,0.5742357969284058,0.3328055441379547,-0.4405127167701721,0.9999147057533264,0.4632549285888672,0.33752915263175964,-0.4334799647331238,0.9999558925628662,0.536529541015625,0.39453932642936707,-0.644931435585022,0.9999758005142212,0.4886102080345154,0.3952648937702179,-0.6459535360336304,0.9999834895133972,0.6639290452003479,0.5587877035140991,-0.20194406807422638,0.9997382760047913,0.37525954842567444,0.538253903388977,-0.19823184609413147,0.9998947381973267,0.693010687828064,0.9312528371810913,-0.45738673210144043,0.9889249801635742,0.2662469446659088,0.8871622681617737,-0.41459351778030396,0.987026572227478,0.6422644853591919,0.7135219573974609,-1.0972394943237305,0.9814318418502808,0.35152217745780945,0.7417322397232056,-1.0387638807296753,0.9791319370269775,0.6184874176979065,0.6679534912109375,-1.2233102321624756,0.979465126991272,0.3764140009880066,0.7687684893608093,-1.1379066705703735,0.9668943881988525,0.615660548210144,0.629447340965271,-1.1953381299972534,0.9801865220069885,0.39735597372055054,0.7453209161758423,-1.1348559856414795,0.9679812788963318,0.6150718927383423,0.6389653086662292,-1.0981210470199585,0.9795107841491699,0.395881712436676,0.7328774333000183,-1.0457557439804077,0.9663286805152893,0.5782924294471741,1.0700020790100098,0.0019882561173290014,0.5946587324142456,0.409540593624115,1.0476125478744507,0.00036037323297932744,0.5940864682197571,0.5704538226127625,1.467124104499817,0.04542979598045349,0.00611540861427784,0.37483400106430054,1.4502685070037842,0.08308589458465576,0.004922373220324516,0.5421046018600464,1.8148373365402222,0.43975305557250977,0.0006291436147876084,0.3636162281036377,1.7992140054702759,0.4284091591835022,0.0006709935260005295,0.5435415506362915,1.8611552715301514,0.4563179910182953,0.0004728347121272236,0.35471436381340027,1.8480907678604126,0.45115527510643005,0.0009407302713952959,0.5131947994232178,1.931572675704956,0.07210652530193329,0.0006082164472900331,0.3896494507789612,1.9131314754486084,0.0434211865067482,0.0014494837960228324,0.6552202105522156,0.7114708423614502,-9.303402492832902e-08,0.638331413269043,0.672162652015686,0.0017682801699265838,0.6073825359344482,0.6482357978820801,-0.0030898917466402054,0.5788335204124451,0.6494707465171814,-0.008928397670388222,0.5595096945762634,0.6604734063148499,-0.015614807605743408,0.6130961775779724,0.6235434412956238,-0.009666875004768372,0.5743700265884399,0.6181204915046692,-0.01841949298977852,0.5493123531341553,0.6147674918174744,-0.02360321208834648,0.5302056670188904,0.6120645999908447,-0.02777089923620224,0.6132369637489319,0.6459172964096069,-0.016984540969133377,0.5701592564582825,0.6558655500411987,-0.028165189549326897,0.5785831212997437,0.6644988656044006,-0.02966208942234516,0.5924550890922546,0.6640504002571106,-0.029963700100779533,0.6139851212501526,0.6736096143722534,-0.02355422079563141,0.5752691626548767,0.6832385063171387,-0.03411898389458656,0.5852108001708984,0.6881354451179504,-0.02922469936311245,0.5987541675567627,0.6853839755058289,-0.02460658736526966,0.6149652004241943,0.7021968960762024,-0.029737386852502823,0.5848357677459717,0.7049049735069275,-0.03660735487937927,0.5930985808372498,0.7078036069869995,-0.03175903111696243,0.6056308150291443,0.7065343856811523,-0.027343731373548508,0.34887266159057617,0.7213906049728394,7.500072030097726e-08,0.3798215091228485,0.7183086276054382,3.400265995878726e-05,0.4092578887939453,0.7426469922065735,-0.004013560246676207,0.4256632924079895,0.7714388966560364,-0.008323675952851772,0.4354568421840668,0.7954518795013428,-0.012210448272526264,0.4205727279186249,0.735663652420044,-0.013989093713462353,0.4460012912750244,0.7726355791091919,-0.022823603823781013,0.4629223644733429,0.7950855493545532,-0.027026405557990074,0.47703269124031067,0.8140844702720642,-0.029752202332019806,0.4070902168750763,0.7497223019599915,-0.01990465261042118,0.42806482315063477,0.80318284034729,-0.0323672853410244,0.41993042826652527,0.794741153717041,-0.03200425207614899,0.4111377000808716,0.7775895595550537,-0.02854510024189949,0.38989967107772827,0.7647209763526917,-0.025013688951730728,0.40837404131889343,0.8087564706802368,-0.03209159895777702,0.4005926847457886,0.7982734441757202,-0.02351618930697441,0.39297401905059814,0.7842470407485962,-0.015566191636025906,0.37215656042099,0.778046727180481,-0.03041359782218933,0.3889906406402588,0.8114040493965149,-0.030979692935943604,0.38360846042633057,0.8013811707496643,-0.022533800452947617,0.37671229243278503,0.788261353969574,-0.01576387509703636
53,53,1,1,1,1.0,1.0,1.0,0.5093289613723755,0.3554520308971405,-0.7918764352798462,0.9999657273292542,0.5317673087120056,0.31501197814941406,-0.7604845762252808,0.9999410510063171,0.5442796349525452,0.3143573999404907,-0.7605733275413513,0.9999415278434753,0.5536359548568726,0.3135436475276947,-0.7602222561836243,0.9999328255653381,0.493084192276001,0.3155980408191681,-0.7605306506156921,0.9999496936798096,0.48226848244667053,0.31514647603034973,-0.760472297668457,0.9999548196792603,0.4719821810722351,0.3153793215751648,-0.7609207630157471,0.9999544620513916,0.5742848515510559,0.3330233693122864,-0.4593966603279114,0.9999221563339233,0.46367520093917847,0.337514191865921,-0.4541262984275818,0.999958872795105,0.5364900827407837,0.39470174908638,-0.6716850399971008,0.999977707862854,0.4886346757411957,0.3952654302120209,-0.6715089678764343,0.9999845623970032,0.664109468460083,0.5589481592178345,-0.2073037177324295,0.9997619390487671,0.3752872347831726,0.5382806658744812,-0.21334004402160645,0.9998953938484192,0.6930290460586548,0.9326492547988892,-0.47213467955589294,0.9894911646842957,0.26625001430511475,0.8901501893997192,-0.44466638565063477,0.9868344664573669,0.643571138381958,0.7186985611915588,-1.1666234731674194,0.9832426905632019,0.3533242344856262,0.7407791018486023,-1.0893539190292358,0.9803320169448853,0.6197707056999207,0.676354706287384,-1.292542576789856,0.9813498854637146,0.38506951928138733,0.7668028473854065,-1.1919718980789185,0.9680041670799255,0.618331253528595,0.6376519799232483,-1.2649973630905151,0.9820013046264648,0.40336304903030396,0.736903190612793,-1.1846177577972412,0.9690406918525696,0.6181181073188782,0.6456754207611084,-1.167853593826294,0.9812911152839661,0.40004587173461914,0.7249285578727722,-1.0955426692962646,0.9671410918235779,0.5779324769973755,1.0699447393417358,0.0018308410653844476,0.5683949589729309,0.4095286428928375,1.0488314628601074,0.0005183950997889042,0.5677263140678406,0.5698472857475281,1.4687539339065552,0.0407651849091053,0.005789498798549175,0.37481045722961426,1.4504427909851074,0.07694603502750397,0.004623116925358772,0.5416450500488281,1.8159421682357788,0.43743839859962463,0.0005876668728888035,0.36354681849479675,1.7995001077651978,0.41854754090309143,0.0006196409813128412,0.5426416993141174,1.8626139163970947,0.453740656375885,0.00044679289567284286,0.3544785976409912,1.848864197731018,0.4405418038368225,0.0008792679873295128,0.513201117515564,1.9319764375686646,0.06442098319530487,0.0005862408434040844,0.3896302282810211,1.913034439086914,0.027502024546265602,0.0013933134032413363,0.6563429832458496,0.7163814902305603,-9.494212349636655e-08,0.6386445760726929,0.6773293018341064,0.0015755102504044771,0.6069429516792297,0.65433669090271,-0.0033343348186463118,0.5778172016143799,0.6565718054771423,-0.00916567724198103,0.5585054159164429,0.6683092713356018,-0.015864107757806778,0.6130939722061157,0.6285828948020935,-0.009370705112814903,0.5744419097900391,0.6254862546920776,-0.018098866567015648,0.549303412437439,0.6234865188598633,-0.023541836068034172,0.5300641059875488,0.6213525533676147,-0.027963872998952866,0.6133136749267578,0.6509700417518616,-0.016660217195749283,0.5693277716636658,0.6611791253089905,-0.027739638462662697,0.5771204829216003,0.6705256700515747,-0.029402360320091248,0.5906831622123718,0.6708380579948425,-0.029813354834914207,0.6142516732215881,0.6785822510719299,-0.023226654157042503,0.5752158164978027,0.6892136931419373,-0.03353893756866455,0.5849210619926453,0.6942138075828552,-0.028822924941778183,0.5985625982284546,0.6914041638374329,-0.024354973807930946,0.6154682040214539,0.7070980668067932,-0.02943745069205761,0.5847274661064148,0.7112501263618469,-0.036042068153619766,0.593008816242218,0.7140855193138123,-0.031227465718984604,0.6057454347610474,0.7123576402664185,-0.026892561465501785,0.35110101103782654,0.7111530303955078,6.895790249927813e-08,0.382535845041275,0.7018311619758606,0.002829246921464801,0.41337788105010986,0.7198259234428406,0.000269817013759166,0.4293590188026428,0.7446296215057373,-0.003410169156268239,0.436800092458725,0.7670325636863708,-0.006940694060176611,0.427990585565567,0.715124249458313,-0.008402887731790543,0.45739051699638367,0.7460389733314514,-0.015576894395053387,0.475870281457901,0.765290379524231,-0.019081389531493187,0.491097092628479,0.7806448936462402,-0.021366704255342484,0.41752421855926514,0.7327257394790649,-0.014993179589509964,0.4411277770996094,0.7767548561096191,-0.024460650980472565,0.4306906461715698,0.7716379165649414,-0.023302637040615082,0.42057594656944275,0.7576878070831299,-0.020108509808778763,0.40303710103034973,0.751078188419342,-0.020857539027929306,0.4219095706939697,0.7872582674026489,-0.025581659749150276,0.4124561846256256,0.7800157070159912,-0.01748042367398739,0.40417882800102234,0.7678400278091431,-0.010751321911811829,0.3871726393699646,0.7670308351516724,-0.026922408491373062,0.4035450220108032,0.7934699058532715,-0.02593988925218582,0.3961625397205353,0.7859030365943909,-0.017639556899666786,0.3888438940048218,0.7750546336174011,-0.011412100866436958
54,54,1,1,1,1.0,1.0,1.0,0.509306013584137,0.3555089235305786,-0.8023563623428345,0.9999681711196899,0.531753420829773,0.3152863681316376,-0.7748817205429077,0.9999455213546753,0.5442606806755066,0.3146764636039734,-0.7749438285827637,0.9999462366104126,0.5536221861839294,0.31395742297172546,-0.7746331691741943,0.9999379515647888,0.49311313033103943,0.31565991044044495,-0.7726677656173706,0.9999529123306274,0.48228129744529724,0.31515952944755554,-0.7726343870162964,0.9999575614929199,0.4720546305179596,0.3153909742832184,-0.7730149030685425,0.9999566078186035,0.5742707252502441,0.3332817256450653,-0.486519992351532,0.9999288320541382,0.46407848596572876,0.3374738395214081,-0.4719749391078949,0.9999613761901855,0.5364109873771667,0.39473867416381836,-0.6870222687721252,0.9999794363975525,0.4886181354522705,0.39525729417800903,-0.683714747428894,0.9999855160713196,0.6640067100524902,0.5590458512306213,-0.23652708530426025,0.9997837543487549,0.3753376603126526,0.5386573672294617,-0.22329755127429962,0.9998980760574341,0.6930176615715027,0.9338170886039734,-0.4788835048675537,0.9899681210517883,0.26635998487472534,0.8947583436965942,-0.44609197974205017,0.9869540333747864,0.6441985368728638,0.7267094254493713,-1.1584970951080322,0.9848697781562805,0.35325151681900024,0.7380165457725525,-1.087143063545227,0.9816691279411316,0.6205036044120789,0.6885989308357239,-1.2788515090942383,0.9830388426780701,0.3908023536205292,0.7490282654762268,-1.1905964612960815,0.9694453477859497,0.6192113161087036,0.6508739590644836,-1.259738802909851,0.9836233854293823,0.40498924255371094,0.7100818753242493,-1.182474136352539,0.9703766107559204,0.619228720664978,0.6564280986785889,-1.1612211465835571,0.9828954339027405,0.40032345056533813,0.7064765095710754,-1.0946733951568604,0.9683899283409119,0.5779446959495544,1.0699063539505005,7.741214358247817e-05,0.5586634278297424,0.4094723165035248,1.0500669479370117,0.002243402414023876,0.5573661923408508,0.5694182515144348,1.4687507152557373,0.03812333941459656,0.005517509765923023,0.3747906982898712,1.4504563808441162,0.0804048478603363,0.004364838823676109,0.5416571497917175,1.815956473350525,0.4303855299949646,0.0005572804366238415,0.3643587827682495,1.7994872331619263,0.4371713101863861,0.000572916935198009,0.5426471829414368,1.862626314163208,0.44726020097732544,0.00043507912778295577,0.35566723346710205,1.8488132953643799,0.4608932435512543,0.0008258052403107285,0.5133100748062134,1.9320719242095947,0.06580951809883118,0.0005652015097439289,0.38996440172195435,1.9130655527114868,0.03845958039164543,0.001328565296716988,0.656290590763092,0.7187945246696472,-9.435398595769584e-08,0.6378941535949707,0.6806769371032715,0.0019721812568604946,0.6055487394332886,0.6597265601158142,-0.003099111607298255,0.5767880082130432,0.6633727550506592,-0.009092037566006184,0.5580345988273621,0.6751763820648193,-0.01594439521431923,0.6108250617980957,0.6332576870918274,-0.00937032513320446,0.5731305480003357,0.632561206817627,-0.017952686175704002,0.5489146113395691,0.6320469379425049,-0.02357235550880432,0.5304263234138489,0.6315077543258667,-0.02821110561490059,0.6118077039718628,0.6563616991043091,-0.016909411177039146,0.5691190958023071,0.6680831909179688,-0.027448076754808426,0.5773595571517944,0.6762662529945374,-0.02906809374690056,0.5906795263290405,0.6755729913711548,-0.02982410043478012,0.6136579513549805,0.6845262050628662,-0.02369544468820095,0.5752058029174805,0.6954906582832336,-0.03340254724025726,0.5849661827087402,0.6996142268180847,-0.028537677600979805,0.5981944799423218,0.6961233615875244,-0.024373842403292656,0.6159546375274658,0.7132827639579773,-0.030113907530903816,0.5853754281997681,0.7174979448318481,-0.03651496767997742,0.593433678150177,0.7195972800254822,-0.03171565756201744,0.6057889461517334,0.717354416847229,-0.02761601097881794,0.360436350107193,0.7020211815834045,1.0971934472081557e-07,0.38517147302627563,0.6866324543952942,0.0009471569792367518,0.41567039489746094,0.6970865726470947,-0.0023270966485142708,0.4330299496650696,0.7172770500183105,-0.006176138296723366,0.44391047954559326,0.7367479801177979,-0.010007614269852638,0.43081173300743103,0.69232177734375,-0.01023687981069088,0.4608028531074524,0.7140384912490845,-0.018870612606406212,0.4819936752319336,0.730812132358551,-0.024446966126561165,0.4987165033817291,0.7437072992324829,-0.02802971750497818,0.42277461290359497,0.7124748229980469,-0.016024237498641014,0.44934386014938354,0.7494136691093445,-0.02665582299232483,0.4394932687282562,0.7460106015205383,-0.027009695768356323,0.42830222845077515,0.7340235710144043,-0.024780085310339928,0.4105913043022156,0.7331564426422119,-0.021203909069299698,0.4321132302284241,0.7643352150917053,-0.02749113366007805,0.4224132299423218,0.7576548457145691,-0.020326336845755577,0.41385722160339355,0.7463779449462891,-0.01387802790850401,0.3961698114871979,0.7508478164672852,-0.026568593457341194,0.41515976190567017,0.7737600803375244,-0.02655595727264881,0.4076130986213684,0.7675617337226868,-0.01797330379486084,0.399374395608902,0.7569491267204285,-0.01125492062419653
55,55,1,1,1,1.0,1.0,1.0,0.5091707706451416,0.3555223345756531,-0.8001611828804016,0.9999702572822571,0.5317384004592896,0.3153352439403534,-0.7739507555961609,0.9999494552612305,0.5442454814910889,0.3147432506084442,-0.7739971280097961,0.9999504089355469,0.5536082983016968,0.31406280398368835,-0.7737017273902893,0.9999424815177917,0.4931224286556244,0.3156677186489105,-0.7705920934677124,0.9999557137489319,0.4822857975959778,0.31516775488853455,-0.7705435752868652,0.9999599456787109,0.4721260666847229,0.3153914213180542,-0.7709032297134399,0.9999583959579468,0.5742143988609314,0.33334460854530334,-0.4934345781803131,0.999934732913971,0.4643584191799164,0.33736878633499146,-0.4726114869117737,0.9999635219573975,0.5361369848251343,0.39474397897720337,-0.6875237226486206,0.9999809861183167,0.488513320684433,0.39522457122802734,-0.6825171709060669,0.9999863505363464,0.6640030145645142,0.559467613697052,-0.25004610419273376,0.999803364276886,0.3753473162651062,0.5394821763038635,-0.22364501655101776,0.9999010562896729,0.6929977536201477,0.936086118221283,-0.4791678786277771,0.9904035925865173,0.267013281583786,0.8994050621986389,-0.4444236755371094,0.9871546626091003,0.6442092657089233,0.7330304384231567,-1.122199296951294,0.9863386154174805,0.35293281078338623,0.7344404458999634,-1.080430030822754,0.983000636100769,0.6203615665435791,0.6949476599693298,-1.2353527545928955,0.9845717549324036,0.3923492133617401,0.7308348417282104,-1.1782701015472412,0.971030056476593,0.6191650629043579,0.6573112607002258,-1.2152531147003174,0.9850929379463196,0.40515512228012085,0.6895014047622681,-1.166141152381897,0.9718365669250488,0.6193033456802368,0.6622647047042847,-1.1230089664459229,0.9843646883964539,0.40009427070617676,0.6896727085113525,-1.0850484371185303,0.9698454141616821,0.5779532194137573,1.0698814392089844,-0.0012888590572401881,0.5562825798988342,0.4091425836086273,1.0523617267608643,0.0035955372732132673,0.5545918345451355,0.5691697001457214,1.4688246250152588,0.03521968051791191,0.005201059393584728,0.37476369738578796,1.4508111476898193,0.10388866811990738,0.0041006747633218765,0.5416703820228577,1.8164576292037964,0.42672643065452576,0.0005229850648902357,0.36467382311820984,1.8000679016113281,0.4664698541164398,0.0005272720591165125,0.5426697134971619,1.863291621208191,0.4442947804927826,0.0004184371791779995,0.35614538192749023,1.84945547580719,0.49241432547569275,0.0007690615020692348,0.5135365724563599,1.9330906867980957,0.06787911057472229,0.0005382637609727681,0.3900015950202942,1.9141587018966675,0.09705619513988495,0.0012543172342702746,0.6550078988075256,0.7227141261100769,-9.220162411338606e-08,0.6377149820327759,0.6852868795394897,0.0013521629152819514,0.6059318780899048,0.6655219793319702,-0.0037897012662142515,0.5774073600769043,0.6686781644821167,-0.00964894238859415,0.558039665222168,0.6765669584274292,-0.016224196180701256,0.6101968288421631,0.6391656994819641,-0.01021461933851242,0.5731161832809448,0.6381540894508362,-0.018997803330421448,0.5492497086524963,0.6376230120658875,-0.024674035608768463,0.5307861566543579,0.6373306512832642,-0.029208961874246597,0.6106125712394714,0.6621918082237244,-0.017110444605350494,0.5691000819206238,0.6747837662696838,-0.027494439855217934,0.5780541896820068,0.6817007660865784,-0.028835676610469818,0.5916698575019836,0.680094301700592,-0.029406070709228516,0.6122958660125732,0.6900116205215454,-0.023279063403606415,0.5748898386955261,0.700726330280304,-0.03274117037653923,0.5844554305076599,0.7043967843055725,-0.027390355244278908,0.5973069667816162,0.7012177109718323,-0.022953171283006668,0.6145092844963074,0.7185167670249939,-0.029164079576730728,0.5850439667701721,0.7226143479347229,-0.03553788736462593,0.5930286645889282,0.724365770816803,-0.030629592016339302,0.6050928831100464,0.7224950194358826,-0.026368197053670883,0.35468918085098267,0.6970069408416748,3.7972675670516765e-08,0.38187354803085327,0.6745588183403015,0.00457066809758544,0.41394808888435364,0.6801111102104187,0.0033094706013798714,0.4337126314640045,0.6961030960083008,0.0005514909862540662,0.4447390139102936,0.714552104473114,-0.002227001590654254,0.4315762221813202,0.6707102060317993,-0.004316970240324736,0.46405792236328125,0.687210202217102,-0.01008989941328764,0.48578551411628723,0.6976597309112549,-0.013189616613090038,0.5036038756370544,0.7056876420974731,-0.015392093919217587,0.42711934447288513,0.6912710666656494,-0.010851319879293442,0.4547652006149292,0.7221335172653198,-0.017850840464234352,0.44317835569381714,0.7216167449951172,-0.016627304255962372,0.4309755265712738,0.7125874161720276,-0.013946804217994213,0.417697548866272,0.7142720222473145,-0.016620492562651634,0.43980810046195984,0.7389177680015564,-0.01947890967130661,0.4290752410888672,0.7363210916519165,-0.011991431005299091,0.4188954532146454,0.7281512022018433,-0.0062207309529185295,0.40608739852905273,0.7347935438156128,-0.022459587082266808,0.42472127079963684,0.7519809007644653,-0.02020113170146942,0.41548991203308105,0.7483473420143127,-0.012091660872101784,0.40650123357772827,0.740962028503418,-0.006232381798326969
56,56,1,1,1,1.0,1.0,1.0,0.5091482400894165,0.3554908335208893,-0.7982751727104187,0.9999720454216003,0.531840980052948,0.3152994215488434,-0.7716221809387207,0.9999528527259827,0.5443288683891296,0.3147369623184204,-0.7716633081436157,0.9999539852142334,0.5536603331565857,0.3140767514705658,-0.7713602781295776,0.9999464154243469,0.4933285713195801,0.31560805439949036,-0.7681260704994202,0.9999580979347229,0.482494056224823,0.3151039183139801,-0.7680528163909912,0.9999618530273438,0.4723808169364929,0.31529751420021057,-0.7684232592582703,0.9999597668647766,0.5742047429084778,0.333354651927948,-0.4898417592048645,0.9999399185180664,0.46452146768569946,0.33712202310562134,-0.46874794363975525,0.9999651908874512,0.536105751991272,0.39469635486602783,-0.6851366758346558,0.9999822974205017,0.48849692940711975,0.39503902196884155,-0.68000328540802,0.999987006187439,0.663873553276062,0.5594863295555115,-0.2509768605232239,0.9998208284378052,0.37534740567207336,0.539825975894928,-0.2211039811372757,0.9999029636383057,0.6929775476455688,0.9382421374320984,-0.48419636487960815,0.9908015131950378,0.2694810926914215,0.9038905501365662,-0.4476693272590637,0.9873780608177185,0.6441799402236938,0.7359577417373657,-1.121852159500122,0.9876588582992554,0.35286086797714233,0.7237743735313416,-1.0871407985687256,0.984239935874939,0.6201931238174438,0.697709858417511,-1.2359226942062378,0.9859455823898315,0.3940829336643219,0.7096195220947266,-1.1844182014465332,0.9725728034973145,0.6190598607063293,0.6594979763031006,-1.2144261598587036,0.9864102005958557,0.40601882338523865,0.6682068109512329,-1.1705313920974731,0.9732721447944641,0.6192092299461365,0.6645162105560303,-1.1223292350769043,0.9856781363487244,0.4007245898246765,0.670478105545044,-1.0912201404571533,0.9712870121002197,0.5779366493225098,1.069904088973999,-0.003320039715617895,0.5553722381591797,0.4091182351112366,1.0551912784576416,0.005609553307294846,0.5538024306297302,0.5691989064216614,1.4689184427261353,0.028438284993171692,0.004975359421223402,0.3755207657814026,1.4513976573944092,0.11959381401538849,0.003910094499588013,0.5421486496925354,1.8169811964035034,0.4184374213218689,0.0004942976520396769,0.3666461408138275,1.800886869430542,0.48583921790122986,0.0004891926073469222,0.5430797338485718,1.863923192024231,0.4360247254371643,0.0004043176886625588,0.3581812083721161,1.8503594398498535,0.5125902891159058,0.0007239108090288937,0.5149744749069214,1.934003233909607,0.06363246589899063,0.0005169697105884552,0.39116737246513367,1.915230631828308,0.12410132586956024,0.001196607481688261,0.6533095240592957,0.725933313369751,-8.884529023589494e-08,0.6365563869476318,0.6886579394340515,0.0008126306929625571,0.6038333177566528,0.6688753366470337,-0.004166259430348873,0.5747081637382507,0.6736316680908203,-0.009674050845205784,0.5552166700363159,0.6843550801277161,-0.015860209241509438,0.6079879403114319,0.6434433460235596,-0.010100622661411762,0.5708526372909546,0.6434949040412903,-0.0186616200953722,0.5476099848747253,0.6435579061508179,-0.024047132581472397,0.529630184173584,0.6436622142791748,-0.028356486931443214,0.6083205938339233,0.666218638420105,-0.016568059101700783,0.5673280358314514,0.6794988512992859,-0.027041511610150337,0.576533317565918,0.6867683529853821,-0.02843300998210907,0.5899462103843689,0.6854318380355835,-0.028846867382526398,0.6099428534507751,0.6936840415000916,-0.022363195195794106,0.5733556151390076,0.7056965827941895,-0.031919240951538086,0.583456814289093,0.7093674540519714,-0.026922279968857765,0.5960863828659058,0.7060469388961792,-0.022570546716451645,0.6120907664299011,0.7217895984649658,-0.0278843455016613,0.5830023288726807,0.7267948985099792,-0.03426747769117355,0.5913485288619995,0.728863000869751,-0.029595864936709404,0.6031060814857483,0.7269248962402344,-0.02547435089945793,0.3515715003013611,0.692045271396637,4.360043348583531e-08,0.37954843044281006,0.6643288135528564,0.002725340658798814,0.4144520163536072,0.6636919975280762,0.0004906494286842644,0.4382959306240082,0.6764401197433472,-0.003080408088862896,0.4533568024635315,0.6929192543029785,-0.0063050915487110615,0.42728811502456665,0.6509737372398376,-0.005512882489711046,0.4632919728755951,0.6605948209762573,-0.012003659270703793,0.4865260720252991,0.6671625375747681,-0.015603757463395596,0.5053055286407471,0.6715308427810669,-0.01811889000236988,0.42434370517730713,0.6733229756355286,-0.01163229439407587,0.4555780291557312,0.699982762336731,-0.02001357078552246,0.4447546601295471,0.7015897035598755,-0.01944049261510372,0.4316355586051941,0.6940450072288513,-0.0170887503772974,0.41765347123146057,0.6982883214950562,-0.01719185709953308,0.4426976144313812,0.7194767594337463,-0.021171720698475838,0.43262559175491333,0.7183479070663452,-0.01390008069574833,0.4217231273651123,0.7111987471580505,-0.008106236346065998,0.40878233313560486,0.7207441926002502,-0.023047596216201782,0.430040568113327,0.7357155680656433,-0.021445758640766144,0.4209572374820709,0.7333945035934448,-0.013454725034534931,0.4105253219604492,0.7269700765609741,-0.007576120086014271
57,57,1,1,1,1.0,1.0,1.0,0.5094589591026306,0.35547348856925964,-0.7919338345527649,0.999973714351654,0.5324207544326782,0.3152107000350952,-0.7645865082740784,0.9999560713768005,0.5447104573249817,0.31470856070518494,-0.7646418213844299,0.9999573230743408,0.5539261698722839,0.31408819556236267,-0.7643673419952393,0.999950110912323,0.49396929144859314,0.3155054748058319,-0.761933445930481,0.9999604225158691,0.4831128716468811,0.31501516699790955,-0.7618989944458008,0.9999637603759766,0.4729028344154358,0.31518787145614624,-0.7622325420379639,0.999961256980896,0.5742353200912476,0.3334607183933258,-0.48351383209228516,0.9999446868896484,0.4646637439727783,0.33691638708114624,-0.46699056029319763,0.9999668598175049,0.5361171960830688,0.39467328786849976,-0.679853081703186,0.999983549118042,0.4887123107910156,0.3949935734272003,-0.6757351160049438,0.9999876618385315,0.6636631488800049,0.5594953894615173,-0.2490660399198532,0.9998366236686707,0.37533923983573914,0.540055513381958,-0.22029022872447968,0.9999045133590698,0.6929579973220825,0.9390279054641724,-0.4875034689903259,0.991222620010376,0.27321523427963257,0.9053077101707458,-0.4543142318725586,0.9876545071601868,0.6427546143531799,0.7365087866783142,-1.1240289211273193,0.9888510704040527,0.3531976640224457,0.7140956521034241,-1.106003999710083,0.9854352474212646,0.6190856695175171,0.6995673775672913,-1.2380672693252563,0.9871973991394043,0.39494264125823975,0.692634642124176,-1.2053074836730957,0.9741843342781067,0.6177550554275513,0.6601722240447998,-1.2159299850463867,0.9876111149787903,0.4058336317539215,0.6493234634399414,-1.1903741359710693,0.9747850894927979,0.6175289154052734,0.6653825044631958,-1.1240967512130737,0.9868813157081604,0.400641530752182,0.6538442969322205,-1.10996675491333,0.9728305339813232,0.5780040621757507,1.0700589418411255,-0.004444494843482971,0.5596981048583984,0.40910521149635315,1.0564395189285278,0.00671995896846056,0.558025062084198,0.5691853761672974,1.4690744876861572,0.024969246238470078,0.004796980880200863,0.37580448389053345,1.4520843029022217,0.12585921585559845,0.0037602006923407316,0.5423185229301453,1.8175773620605469,0.41593846678733826,0.00046764977741986513,0.3677576780319214,1.8015635013580322,0.4935605525970459,0.0004550369339995086,0.5431936979293823,1.8646374940872192,0.43365517258644104,0.0003892422828357667,0.3593429625034332,1.8510057926177979,0.5203808546066284,0.0006811700877733529,0.51587975025177,1.9346505403518677,0.06243613362312317,0.0004958746721968055,0.39180809259414673,1.9160828590393066,0.1320282518863678,0.0011387137928977609,0.6513152718544006,0.7275986671447754,-8.107141269420026e-08,0.6344784498214722,0.6909580826759338,0.0005357810878194869,0.6019464731216431,0.6717236638069153,-0.004721169825643301,0.5731467008590698,0.6766480803489685,-0.01046009548008442,0.5532453656196594,0.6864393949508667,-0.01689528301358223,0.6058454513549805,0.6462527513504028,-0.011534851044416428,0.5669808387756348,0.6466136574745178,-0.02067512273788452,0.5423819422721863,0.6470511555671692,-0.026353023946285248,0.5231353044509888,0.6476677656173706,-0.030798951163887978,0.6064503192901611,0.6695656180381775,-0.01799568347632885,0.5650723576545715,0.6831147074699402,-0.029212459921836853,0.574810266494751,0.6898265480995178,-0.030775921419262886,0.5887035131454468,0.6879708170890808,-0.03112110123038292,0.6084033250808716,0.6972430944442749,-0.02372109517455101,0.5716394186019897,0.7094400525093079,-0.03359128534793854,0.5820501446723938,0.7129505276679993,-0.028351260349154472,0.5949293971061707,0.709357738494873,-0.02373807691037655,0.6109375953674316,0.7254416346549988,-0.029206614941358566,0.5813128352165222,0.7304699420928955,-0.03571430593729019,0.589870274066925,0.7325820922851562,-0.030783528462052345,0.6017748713493347,0.7304964661598206,-0.026388339698314667,0.34770888090133667,0.6918721199035645,2.9084485930752635e-08,0.3722354471683502,0.6590309143066406,0.0012720439117401838,0.40703243017196655,0.6518814563751221,-0.0012469836510717869,0.43300771713256836,0.6606272459030151,-0.004948875866830349,0.4497353732585907,0.675227701663971,-0.008049850352108479,0.42190849781036377,0.6371975541114807,-0.005555908195674419,0.45944297313690186,0.6403440237045288,-0.011591463349759579,0.48250314593315125,0.6432047486305237,-0.014756955206394196,0.5004871487617493,0.6443571448326111,-0.016970926895737648,0.4211408495903015,0.660647988319397,-0.011051049456000328,0.45337629318237305,0.6813443899154663,-0.01968797668814659,0.4419005513191223,0.6836839914321899,-0.019496439024806023,0.42850619554519653,0.6781009435653687,-0.017328700050711632,0.4168352484703064,0.6868691444396973,-0.01609453372657299,0.44283512234687805,0.7026195526123047,-0.020911607891321182,0.4317687451839447,0.7025759816169739,-0.014126100577414036,0.4201303720474243,0.6975970268249512,-0.008434041403234005,0.40996620059013367,0.7104710936546326,-0.02149799093604088,0.43080782890319824,0.7210730314254761,-0.0205546785145998,0.4220486283302307,0.7198755145072937,-0.012935196980834007,0.4114401936531067,0.7153759002685547,-0.007059169001877308
58,58,1,1,1,1.0,1.0,1.0,0.5101781487464905,0.35564810037612915,-0.8095656633377075,0.9999752044677734,0.5333457589149475,0.31525641679763794,-0.7812374830245972,0.9999589920043945,0.5453304648399353,0.31480690836906433,-0.7813125848770142,0.9999603033065796,0.5543528199195862,0.3143022954463959,-0.781035304069519,0.9999533891677856,0.49480900168418884,0.31553155183792114,-0.777990460395813,0.9999624490737915,0.48390311002731323,0.3150310814380646,-0.7779477834701538,0.9999654293060303,0.4735434949398041,0.31519031524658203,-0.778276801109314,0.999962568283081,0.5744038820266724,0.3340432047843933,-0.49115410447120667,0.999949038028717,0.4648464322090149,0.3368484377861023,-0.47258639335632324,0.9999683499336243,0.5363826751708984,0.39481812715530396,-0.6946660876274109,0.9999846816062927,0.4892616868019104,0.3951058089733124,-0.6898811459541321,0.9999881982803345,0.6635221242904663,0.55954509973526,-0.2584024965763092,0.9998506307601929,0.3756048083305359,0.540078341960907,-0.22097420692443848,0.9999057054519653,0.6928578615188599,0.9393325448036194,-0.5219070315361023,0.9916195273399353,0.2768433392047882,0.9059979319572449,-0.4752601087093353,0.9880122542381287,0.641243040561676,0.737582802772522,-1.187470555305481,0.9899296164512634,0.3533379137516022,0.7066320776939392,-1.1563159227371216,0.986602246761322,0.6163991093635559,0.7018194198608398,-1.310064673423767,0.9883427619934082,0.3947574496269226,0.68129563331604,-1.26217782497406,0.9758817553520203,0.6152764558792114,0.6613724827766418,-1.2892847061157227,0.9887105226516724,0.4050620198249817,0.6382514238357544,-1.249502182006836,0.9763941764831543,0.6153119206428528,0.6663265228271484,-1.189346432685852,0.9879928231239319,0.4002149701118469,0.644044816493988,-1.1620898246765137,0.9745004177093506,0.5780168771743774,1.0703684091567993,-0.00609330739825964,0.5652308464050293,0.40908974409103394,1.056809663772583,0.008343656547367573,0.5641025304794312,0.5691434144973755,1.4692902565002441,0.02691628597676754,0.0046188062988221645,0.37570998072624207,1.4524866342544556,0.1367596685886383,0.0036335731856524944,0.5423239469528198,1.8182176351547241,0.4271738529205322,0.00044436650932766497,0.36777347326278687,1.8020565509796143,0.5223499536514282,0.0004239178088027984,0.5431467294692993,1.8654476404190063,0.4462089538574219,0.00037762473220936954,0.3593858778476715,1.8514474630355835,0.5504962205886841,0.0006428957567550242,0.5162782073020935,1.9351441860198975,0.06849470734596252,0.0004766387864947319,0.3918142020702362,1.9167243242263794,0.149249866604805,0.0010900823399424553,0.6496576070785522,0.729345977306366,-8.716265398334144e-08,0.6321094632148743,0.6929503679275513,0.0008523997385054827,0.599389910697937,0.6741774082183838,-0.004306774120777845,0.5704802870750427,0.6793519854545593,-0.010042351670563221,0.5505045056343079,0.689759373664856,-0.016505146399140358,0.6040013432502747,0.6486040949821472,-0.011092820204794407,0.565067708492279,0.6487012505531311,-0.02032206952571869,0.5403804779052734,0.649533748626709,-0.02603515237569809,0.5212600231170654,0.6507506966590881,-0.03041871078312397,0.604657769203186,0.6716944575309753,-0.017742415890097618,0.5627328753471375,0.6850507855415344,-0.028950069099664688,0.5721811652183533,0.6920902132987976,-0.03063293732702732,0.5862320065498352,0.6905471682548523,-0.03102843277156353,0.6066988706588745,0.6991689801216125,-0.02364751324057579,0.5694343447685242,0.7116212248802185,-0.033665262162685394,0.5796383619308472,0.715522289276123,-0.028576327487826347,0.5927872061729431,0.7121621966362,-0.023975208401679993,0.6091256737709045,0.7275067567825317,-0.02926013059914112,0.5790475606918335,0.7330541610717773,-0.035879191011190414,0.5873605012893677,0.7351866960525513,-0.031036676838994026,0.5995040535926819,0.7330335378646851,-0.026663677766919136,0.34446609020233154,0.6902374625205994,2.8962213960426197e-08,0.368275910615921,0.6549506783485413,0.0028038385789841413,0.4025334119796753,0.6447208523750305,0.0006826109020039439,0.4276111423969269,0.6521434783935547,-0.0029362686909735203,0.44254931807518005,0.6676979660987854,-0.00627192622050643,0.41758885979652405,0.6293433904647827,-0.005375215318053961,0.4561691880226135,0.6295521259307861,-0.01057271659374237,0.4793809652328491,0.6285116076469421,-0.01298804022371769,0.4973882734775543,0.6268131732940674,-0.014761936850845814,0.41819998621940613,0.6539173722267151,-0.011467737145721912,0.4506673216819763,0.670833945274353,-0.019181067124009132,0.4393722414970398,0.6731396317481995,-0.018161093816161156,0.42517995834350586,0.6693193912506104,-0.015473541803658009,0.41532185673713684,0.6808162331581116,-0.016838112846016884,0.441013902425766,0.6942514181137085,-0.019773148000240326,0.43042439222335815,0.6943701505661011,-0.012312357313930988,0.41848480701446533,0.6901370882987976,-0.0066722058691084385,0.4097021520137787,0.7050125598907471,-0.022587575018405914,0.42951053380966187,0.7138963341712952,-0.019555795937776566,0.4207328259944916,0.7126937508583069,-0.011256473138928413,0.4107174277305603,0.7086901664733887,-0.005265914369374514
59,59,1,1,1,1.0,1.0,1.0,0.5104572772979736,0.3565102219581604,-0.8162497282028198,0.9999765753746033,0.533867597579956,0.31588971614837646,-0.7883240580558777,0.9999615550041199,0.5457767248153687,0.31553396582603455,-0.7884091138839722,0.9999629855155945,0.5546749234199524,0.3152245879173279,-0.7881245017051697,0.9999563694000244,0.49516671895980835,0.31592825055122375,-0.7837474346160889,0.9999642372131348,0.4842497408390045,0.31530526280403137,-0.7836764454841614,0.9999669194221497,0.4738597869873047,0.31536468863487244,-0.7840054035186768,0.999963641166687,0.5747123956680298,0.3352387845516205,-0.4980577826499939,0.9999529123306274,0.46497011184692383,0.33684656023979187,-0.4738970398902893,0.9999696016311646,0.536462664604187,0.3956851363182068,-0.7018858790397644,0.9999856948852539,0.4894653856754303,0.3956547677516937,-0.6954054236412048,0.9999887347221375,0.6634141206741333,0.5596310496330261,-0.2714388072490692,0.99986332654953,0.37583884596824646,0.5400980710983276,-0.22026395797729492,0.9999076724052429,0.6926323771476746,0.9402238130569458,-0.5450712442398071,0.9920167922973633,0.2803899049758911,0.9062658548355103,-0.4781607985496521,0.9884465932846069,0.6389251947402954,0.7389710545539856,-1.210556983947754,0.9909042716026306,0.35326099395751953,0.7032948732376099,-1.1626297235488892,0.9877110123634338,0.6121991872787476,0.7033827304840088,-1.3336772918701172,0.989382803440094,0.3937910199165344,0.6775684356689453,-1.2688560485839844,0.9775495529174805,0.6118268370628357,0.6616305112838745,-1.312457799911499,0.9897074103355408,0.40469008684158325,0.634814977645874,-1.256591558456421,0.9779725074768066,0.6123523116111755,0.6667340397834778,-1.2122228145599365,0.989010751247406,0.400111585855484,0.640407383441925,-1.1688987016677856,0.9761704802513123,0.5780450701713562,1.0704234838485718,-0.008352362550795078,0.5721744894981384,0.40896254777908325,1.0567816495895386,0.010581856593489647,0.5717746019363403,0.5691132545471191,1.469385027885437,0.02823810651898384,0.004388410598039627,0.37521055340766907,1.4526504278182983,0.15177199244499207,0.0034827811177819967,0.5423027873039246,1.8187389373779297,0.4377714693546295,0.0004189147148281336,0.367564857006073,1.802408218383789,0.550458550453186,0.0003931741521228105,0.543076753616333,1.8660858869552612,0.45764413475990295,0.0003636553883552551,0.35918283462524414,1.8516956567764282,0.5798439383506775,0.0006035288097336888,0.5164691805839539,1.9358268976211548,0.07431873679161072,0.0004531604645308107,0.39171257615089417,1.9176393747329712,0.17263153195381165,0.0010386083740741014,0.6475401520729065,0.7297530770301819,-8.03419766270963e-08,0.6302095055580139,0.6936689019203186,0.0004994684713892639,0.5969155430793762,0.6754572987556458,-0.004814803134649992,0.5675459504127502,0.6813364624977112,-0.01060521975159645,0.5474311113357544,0.6924506425857544,-0.01716657355427742,0.60092693567276,0.651217520236969,-0.011901546269655228,0.5616328716278076,0.6510431170463562,-0.02122383937239647,0.5371370315551758,0.6515522003173828,-0.026958301663398743,0.5180757641792297,0.6524607539176941,-0.03135286644101143,0.6018326878547668,0.6746178269386292,-0.0184469074010849,0.5598572492599487,0.6873040199279785,-0.029839664697647095,0.5695141553878784,0.6939454078674316,-0.031478747725486755,0.583656370639801,0.692524254322052,-0.03179217875003815,0.6043944954872131,0.702265202999115,-0.024231817573308945,0.5669527053833008,0.7137054800987244,-0.03435205668210983,0.5772503018379211,0.717156708240509,-0.029152119532227516,0.5904263854026794,0.714072048664093,-0.024449054151773453,0.6073724031448364,0.7304914593696594,-0.02974872849881649,0.5771197080612183,0.7351430654525757,-0.036523494869470596,0.5853135585784912,0.7368570566177368,-0.03168196231126785,0.5973305702209473,0.7349759936332703,-0.027300741523504257,0.3405805230140686,0.6931758522987366,1.7186582823569552e-08,0.3639395236968994,0.6552636027336121,0.0014410123694688082,0.39822301268577576,0.6420775651931763,-0.0012604838702827692,0.4256906509399414,0.6468968987464905,-0.005234383512288332,0.4429512917995453,0.6609501838684082,-0.00866678822785616,0.41047582030296326,0.6279221177101135,-0.006152723915874958,0.44874972105026245,0.6255124807357788,-0.011948744766414165,0.4716654419898987,0.6237257122993469,-0.014716912992298603,0.4892188310623169,0.6215523481369019,-0.016664236783981323,0.4118891954421997,0.6531426310539246,-0.01185453962534666,0.4457703232765198,0.6669824123382568,-0.02054830640554428,0.43487533926963806,0.6700316667556763,-0.020197076722979546,0.4205981492996216,0.6672890186309814,-0.01778477430343628,0.410118967294693,0.6807639002799988,-0.016951531171798706,0.43729081749916077,0.6906014084815979,-0.021152561530470848,0.4264681041240692,0.6914027333259583,-0.013904361985623837,0.41419562697410583,0.6886270642280579,-0.008052187971770763,0.4056960344314575,0.7054924964904785,-0.022463029250502586,0.4266497790813446,0.7110241055488586,-0.020202893763780594,0.41794919967651367,0.7103915214538574,-0.01190358866006136,0.4074918329715729,0.7083320617675781,-0.00574322696775198
60,60,1,1,1,1.0,1.0,1.0,0.5105386972427368,0.35809090733528137,-0.8303319215774536,0.9999778866767883,0.5341407060623169,0.3173179626464844,-0.8035937547683716,0.9999639391899109,0.546090841293335,0.3169953227043152,-0.8036808967590332,0.999965488910675,0.5549251437187195,0.31683388352394104,-0.803382396697998,0.9999591112136841,0.49530839920043945,0.3169527053833008,-0.7981345653533936,0.9999659061431885,0.48438817262649536,0.3160547614097595,-0.798043966293335,0.9999682903289795,0.4739888608455658,0.31596261262893677,-0.7983744740486145,0.9999645948410034,0.575055718421936,0.33687824010849,-0.5128675699234009,0.9999564290046692,0.4650324881076813,0.33701786398887634,-0.4839054048061371,0.9999707937240601,0.5364766120910645,0.39723965525627136,-0.7155741453170776,0.9999866485595703,0.48951593041419983,0.3967847526073456,-0.7078803777694702,0.9999892115592957,0.6633878946304321,0.5596635341644287,-0.285582035779953,0.9998748898506165,0.3760078549385071,0.5400953888893127,-0.22408254444599152,0.9999097585678101,0.6924646496772766,0.94072425365448,-0.5546541213989258,0.9923524856567383,0.2826958894729614,0.9075323343276978,-0.48188358545303345,0.9888027906417847,0.6365074515342712,0.7413358092308044,-1.2169647216796875,0.9917824268341064,0.3532107174396515,0.7033051252365112,-1.1691292524337769,0.9887271523475647,0.6079527139663696,0.7078125476837158,-1.3400516510009766,0.9903218150138855,0.39305251836776733,0.6781326532363892,-1.2757213115692139,0.9790956377983093,0.6077802181243896,0.6641821265220642,-1.320263385772705,0.9906089305877686,0.4042765200138092,0.6360607147216797,-1.2646541595458984,0.9794405698776245,0.6089268922805786,0.6686167120933533,-1.2190638780593872,0.9899352192878723,0.3992440700531006,0.6413778066635132,-1.1760081052780151,0.9777371287345886,0.5780912637710571,1.0706937313079834,-0.009951705113053322,0.5736536979675293,0.4087064266204834,1.0567357540130615,0.012186812236905098,0.5739383697509766,0.5692430734634399,1.469759225845337,0.028630340471863747,0.004128577187657356,0.3748890459537506,1.4531989097595215,0.16670763492584229,0.0032918245997279882,0.5423299074172974,1.8196371793746948,0.4513742923736572,0.0003922731848433614,0.3670383095741272,1.8031539916992188,0.5812019109725952,0.00036241725319996476,0.5430835485458374,1.8672258853912354,0.4717351794242859,0.00034722581040114164,0.358586847782135,1.8524534702301025,0.6122866868972778,0.0005621742457151413,0.5166308283805847,1.9374638795852661,0.08218783885240555,0.0004265642201062292,0.3913951516151428,1.919347882270813,0.20009103417396545,0.0009820418199524283,0.6456190943717957,0.7329932451248169,-7.775417287803066e-08,0.6288269758224487,0.6964665651321411,-0.0003798878751695156,0.5955857038497925,0.6771012544631958,-0.005708951503038406,0.5659279227256775,0.682592511177063,-0.011254061944782734,0.5458751916885376,0.6942846179008484,-0.01747887395322323,0.5997241139411926,0.6525078415870667,-0.012279283255338669,0.5606284141540527,0.6527405977249146,-0.021439451724290848,0.5359272956848145,0.652944803237915,-0.02690388634800911,0.5165432095527649,0.6531135439872742,-0.031143924221396446,0.5999976396560669,0.6757045984268188,-0.01832888089120388,0.557621955871582,0.6890901327133179,-0.029807554557919502,0.5668818354606628,0.6960394978523254,-0.0313926599919796,0.580843448638916,0.6948323845863342,-0.03151610866189003,0.6019179821014404,0.7033455967903137,-0.02365393191576004,0.5647474527359009,0.7154436111450195,-0.03421718254685402,0.5748922228813171,0.7192056179046631,-0.029095042496919632,0.5879031419754028,0.7164868116378784,-0.02418866567313671,0.6042417287826538,0.731819212436676,-0.02874399907886982,0.5749509334564209,0.7366110682487488,-0.03588050976395607,0.583423376083374,0.7385777831077576,-0.03115539252758026,0.5954104065895081,0.7369253635406494,-0.026699600741267204,0.33599984645843506,0.6945467591285706,2.7180393047387952e-08,0.3588915169239044,0.656672477722168,0.0009983618510887027,0.39354971051216125,0.6429658532142639,-0.002121581928804517,0.4210135042667389,0.64705890417099,-0.006343196611851454,0.4390791952610016,0.6597130298614502,-0.009997939690947533,0.4048645496368408,0.6299839019775391,-0.007332527078688145,0.44289350509643555,0.6264767050743103,-0.013683284632861614,0.46573829650878906,0.6241886019706726,-0.016838211566209793,0.4838058352470398,0.6220527291297913,-0.019067710265517235,0.40622395277023315,0.6550275087356567,-0.01316615380346775,0.4431361258029938,0.6673042178153992,-0.02301606722176075,0.4316520690917969,0.6701530814170837,-0.023037858307361603,0.4167627692222595,0.6680643558502197,-0.02050199545919895,0.40461596846580505,0.6826772093772888,-0.01836082525551319,0.43437454104423523,0.6921495199203491,-0.02316049486398697,0.423262357711792,0.6922615170478821,-0.015917664393782616,0.41095638275146484,0.689742386341095,-0.009817409329116344,0.40043917298316956,0.707832396030426,-0.02400021441280842,0.42290085554122925,0.7130508422851562,-0.022079862654209137,0.4139576256275177,0.7117156386375427,-0.013900102116167545,0.4034120440483093,0.7097118496894836,-0.007764606270939112
61,61,1,1,1,1.0,1.0,1.0,0.5105572938919067,0.35927635431289673,-0.8290436863899231,0.9999789595603943,0.5342438817024231,0.31853342056274414,-0.8024477958679199,0.9999659061431885,0.5462526679039001,0.3182147443294525,-0.8025414347648621,0.999967634677887,0.5550443530082703,0.31812793016433716,-0.8022297620773315,0.9999613761901855,0.495383083820343,0.3178459107875824,-0.797993540763855,0.9999671578407288,0.484485924243927,0.31674110889434814,-0.7979080677032471,0.9999693632125854,0.4741038382053375,0.3165365159511566,-0.7982599139213562,0.9999651312828064,0.5752533078193665,0.33820152282714844,-0.5129929184913635,0.9999594688415527,0.4651286005973816,0.3372918367385864,-0.4884661138057709,0.9999716281890869,0.5364731550216675,0.3985103368759155,-0.7145274877548218,0.9999874234199524,0.48954662680625916,0.3977240025997162,-0.7081425189971924,0.9999895095825195,0.6633482575416565,0.5597337484359741,-0.28284749388694763,0.999885082244873,0.37602120637893677,0.5400944352149963,-0.22840924561023712,0.9999099373817444,0.6922881603240967,0.9411224722862244,-0.5448618531227112,0.9925609827041626,0.2850522994995117,0.9092609882354736,-0.4780541956424713,0.9888256192207336,0.6347721815109253,0.7420996427536011,-1.2008625268936157,0.9925671815872192,0.35278040170669556,0.7041619420051575,-1.1537729501724243,0.9895394444465637,0.6052354574203491,0.709267795085907,-1.3225520849227905,0.9911507964134216,0.39259007573127747,0.6814680099487305,-1.2585076093673706,0.9802334308624268,0.6050920486450195,0.6649054288864136,-1.3024550676345825,0.9914055466651917,0.40337103605270386,0.6401239037513733,-1.2487242221832275,0.9805161356925964,0.6066453456878662,0.6691868305206299,-1.202855110168457,0.9907414317131042,0.3978137671947479,0.6443525552749634,-1.160839319229126,0.9788654446601868,0.578108012676239,1.0707632303237915,-0.009922766126692295,0.5644670128822327,0.40849846601486206,1.056617021560669,0.012158958241343498,0.5649237632751465,0.5693422555923462,1.4699796438217163,0.029627054929733276,0.0038854358717799187,0.3748137652873993,1.453408122062683,0.15984998643398285,0.0030906377360224724,0.5422863960266113,1.8198994398117065,0.4513682723045349,0.0003668052377179265,0.36632823944091797,1.8032926321029663,0.5622509717941284,0.0003341620322316885,0.542892336845398,1.8674792051315308,0.4713737964630127,0.0003296396171208471,0.3576873242855072,1.8526053428649902,0.5919090509414673,0.000523062190040946,0.5166380405426025,1.9379764795303345,0.08228772133588791,0.00040316226659342647,0.39072030782699585,1.9194412231445312,0.18200913071632385,0.0009303230326622725,0.6440279483795166,0.733765721321106,-7.425774128932972e-08,0.6270991563796997,0.6971156001091003,-8.395133045269176e-05,0.5936963558197021,0.6785127520561218,-0.005504931323230267,0.5641746520996094,0.6847307682037354,-0.011276830919086933,0.5438214540481567,0.6954904198646545,-0.017745139077305794,0.5977700352668762,0.6536765694618225,-0.012252852320671082,0.5582150816917419,0.6541143655776978,-0.02136603370308876,0.5336921215057373,0.6546470522880554,-0.026867972686886787,0.5144814848899841,0.6549195051193237,-0.031172534450888634,0.5980764627456665,0.6772662997245789,-0.018422869965434074,0.555467963218689,0.6901219487190247,-0.029946111142635345,0.5649701952934265,0.6967000961303711,-0.03159542381763458,0.5790603756904602,0.6950265169143677,-0.031779635697603226,0.6000377535820007,0.7049773931503296,-0.02383791282773018,0.5624796152114868,0.7168825268745422,-0.033942777663469315,0.572817325592041,0.7201531529426575,-0.02876458875834942,0.5859100818634033,0.7166741490364075,-0.024002427235245705,0.6025943756103516,0.7332342863082886,-0.029040291905403137,0.5727415680885315,0.738085925579071,-0.03578267619013786,0.5812777876853943,0.7397918105125427,-0.0310027115046978,0.5933651924133301,0.7377260327339172,-0.026617765426635742,0.33377110958099365,0.6992815732955933,2.8784485905930524e-08,0.3558317720890045,0.6602675914764404,0.0009725071722641587,0.3908921778202057,0.6473138332366943,-0.002340831561014056,0.419129878282547,0.652336061000824,-0.006577050779014826,0.4380962550640106,0.6642149686813354,-0.01032254472374916,0.401991069316864,0.6349611282348633,-0.008629634976387024,0.4404163360595703,0.6309967041015625,-0.015159621834754944,0.46396055817604065,0.6291919350624084,-0.018456242978572845,0.4828979969024658,0.627348780632019,-0.02078285999596119,0.40388816595077515,0.6607772707939148,-0.014141806401312351,0.44032031297683716,0.6729024648666382,-0.02374524250626564,0.4286245107650757,0.6759908199310303,-0.023698894307017326,0.4135564863681793,0.6736717224121094,-0.021316511556506157,0.4027032256126404,0.6886133551597595,-0.01887199468910694,0.43163105845451355,0.6966479420661926,-0.02325040102005005,0.42052772641181946,0.6973409652709961,-0.015657128766179085,0.4081568419933319,0.6950727105140686,-0.009500164538621902,0.3987334072589874,0.7133002281188965,-0.024027144536376,0.420841246843338,0.7172067165374756,-0.021727055311203003,0.41180241107940674,0.7160990238189697,-0.013186847791075706,0.40119031071662903,0.7142080664634705,-0.006894114892929792
62,62,1,1,1,1.0,1.0,1.0,0.5104048848152161,0.3598373830318451,-0.8258159756660461,0.9999799132347107,0.5342210531234741,0.31929558515548706,-0.7993239164352417,0.9999675750732422,0.546255350112915,0.3189796805381775,-0.7994223833084106,0.999969482421875,0.5550515651702881,0.31895411014556885,-0.7991059422492981,0.9999633431434631,0.4953698515892029,0.3183544874191284,-0.7950228452682495,0.9999682307243347,0.4844779968261719,0.3171486556529999,-0.7949367761611938,0.9999702572822571,0.4741075932979584,0.31692367792129517,-0.795301079750061,0.999965488910675,0.5752943754196167,0.3391846716403961,-0.5108857154846191,0.9999621510505676,0.46515244245529175,0.3376188278198242,-0.48692217469215393,0.9999722838401794,0.5363761186599731,0.39923515915870667,-0.7116180062294006,0.9999880790710449,0.48946958780288696,0.39816200733184814,-0.7054346799850464,0.9999898076057434,0.6633339524269104,0.5598963499069214,-0.2800346612930298,0.9998942613601685,0.37601998448371887,0.54010409116745,-0.2279605120420456,0.9999099373817444,0.6922100782394409,0.9412574768066406,-0.5392671823501587,0.9927302002906799,0.28625279664993286,0.9102888703346252,-0.4753958284854889,0.9887560606002808,0.6331247091293335,0.7435172200202942,-1.1929075717926025,0.9932711720466614,0.35196322202682495,0.7043566107749939,-1.1467639207839966,0.9902591705322266,0.6020642518997192,0.712647557258606,-1.3141436576843262,0.9918903708457947,0.3916192948818207,0.6842769384384155,-1.2509585618972778,0.9812448620796204,0.6027715802192688,0.667108416557312,-1.2939255237579346,0.992117166519165,0.4013296961784363,0.6433413028717041,-1.2420361042022705,0.9814766645431519,0.6048266291618347,0.670790433883667,-1.1948355436325073,0.9914584159851074,0.39577463269233704,0.6467735767364502,-1.1541112661361694,0.9798711538314819,0.5781238675117493,1.070877194404602,-0.009908730164170265,0.5528426766395569,0.4084269106388092,1.0565844774246216,0.012143798172473907,0.5536786317825317,0.5695687532424927,1.4702478647232056,0.029854243621230125,0.003651808016002178,0.3747992217540741,1.453691005706787,0.15616555511951447,0.0028947528917342424,0.5423074960708618,1.8201584815979004,0.4508207440376282,0.0003422588051762432,0.36607760190963745,1.8034673929214478,0.5548046827316284,0.00030802813125774264,0.5428889393806458,1.8676906824111938,0.470731645822525,0.0003115074650850147,0.35735461115837097,1.852805733680725,0.5841178297996521,0.0004858570755459368,0.5167258977890015,1.9384485483169556,0.08014866709709167,0.0003804769366979599,0.39046531915664673,1.919473648071289,0.17448914051055908,0.0008804475073702633,0.6429769396781921,0.7351306676864624,-8.040485255378371e-08,0.6261301040649414,0.6982421875,-0.0001591546315466985,0.5926929116249084,0.6797094941139221,-0.005501320119947195,0.5628765821456909,0.684762716293335,-0.011206641793251038,0.5423694849014282,0.6955198049545288,-0.017604416236281395,0.596259593963623,0.6542451977729797,-0.011653585359454155,0.5574377775192261,0.6547775268554688,-0.02092226780951023,0.5328580141067505,0.6547560691833496,-0.026577018201351166,0.5135489106178284,0.6545795798301697,-0.030984709039330482,0.5966925024986267,0.6773521900177002,-0.017879648134112358,0.5543711185455322,0.691510021686554,-0.02960360236465931,0.5637000203132629,0.6981816291809082,-0.0313967689871788,0.5776007771492004,0.6968657970428467,-0.031654927879571915,0.5987663865089417,0.704963207244873,-0.023428762331604958,0.5618598461151123,0.7179651856422424,-0.03419572114944458,0.5723348259925842,0.7215105891227722,-0.029219619929790497,0.5853416919708252,0.7184551954269409,-0.024389108642935753,0.6013550758361816,0.7332939505577087,-0.02873801440000534,0.5716440081596375,0.7390681505203247,-0.03601968660950661,0.5803868174552917,0.7410132884979248,-0.03142138570547104,0.5923656821250916,0.7389250993728638,-0.02703855000436306,0.3318440020084381,0.7021883130073547,2.5932212821544454e-08,0.35478854179382324,0.6645028591156006,0.0007659403490833938,0.38992783427238464,0.6523687243461609,-0.002830966142937541,0.41834214329719543,0.6578295230865479,-0.007389719132333994,0.4375021159648895,0.6688989996910095,-0.011418036185204983,0.39935097098350525,0.6397894620895386,-0.008749479427933693,0.43828442692756653,0.637012243270874,-0.015447289682924747,0.4620434641838074,0.6354712247848511,-0.018814371898770332,0.48100951313972473,0.6337490677833557,-0.021183772012591362,0.4005398750305176,0.6654366254806519,-0.014403400011360645,0.43739861249923706,0.6782369017601013,-0.024705061689019203,0.42555108666419983,0.6811476945877075,-0.024927200749516487,0.4102995693683624,0.6786671876907349,-0.022614024579524994,0.3991248607635498,0.6932231783866882,-0.019310317933559418,0.42985859513282776,0.7016583681106567,-0.02436520718038082,0.4186137318611145,0.7022867202758789,-0.016752565279603004,0.406037837266922,0.7002121806144714,-0.0104295639321208,0.39526140689849854,0.7179405093193054,-0.024643873795866966,0.419100821018219,0.7223692536354065,-0.022962532937526703,0.41000300645828247,0.7212429642677307,-0.014565308578312397,0.39930295944213867,0.7197361588478088,-0.008295384235680103
63,63,1,1,1,1.0,1.0,1.0,0.5100656747817993,0.36049094796180725,-0.8231205940246582,0.9999809265136719,0.5341123342514038,0.32015636563301086,-0.7966339588165283,0.9999693036079407,0.5462435483932495,0.31980833411216736,-0.7967287302017212,0.999971330165863,0.5550493597984314,0.31981104612350464,-0.7964109778404236,0.9999653100967407,0.49528592824935913,0.3189939856529236,-0.7923375368118286,0.9999694228172302,0.48439374566078186,0.31768161058425903,-0.7922477126121521,0.9999712705612183,0.474086195230484,0.3174683153629303,-0.7926120758056641,0.9999661445617676,0.575297474861145,0.34001070261001587,-0.5089002251625061,0.999964714050293,0.46515345573425293,0.3380831480026245,-0.4848347306251526,0.9999731183052063,0.5361701846122742,0.4000789523124695,-0.7091654539108276,0.9999887943267822,0.4892455041408539,0.398712694644928,-0.7029938101768494,0.9999901056289673,0.6632586121559143,0.560167133808136,-0.27878889441490173,0.9999027848243713,0.3759952187538147,0.540367066860199,-0.2272920310497284,0.999910831451416,0.6921793222427368,0.9412634372711182,-0.5368605256080627,0.9928967356681824,0.2868158519268036,0.9109779000282288,-0.47353583574295044,0.9887224435806274,0.6315639615058899,0.7440865635871887,-1.1892485618591309,0.9939066171646118,0.35116398334503174,0.705691933631897,-1.1444730758666992,0.9909300804138184,0.599321186542511,0.7146909832954407,-1.3101836442947388,0.9925615191459656,0.38925039768218994,0.6852327585220337,-1.2485469579696655,0.982213020324707,0.5996466875076294,0.6683881878852844,-1.290196418762207,0.9927635788917542,0.39874446392059326,0.6452217102050781,-1.2405153512954712,0.9824007749557495,0.6021565198898315,0.6717822551727295,-1.1912508010864258,0.9921126365661621,0.39366215467453003,0.6479507088661194,-1.1523103713989258,0.9808467626571655,0.5781276226043701,1.071114182472229,-0.0098784314468503,0.5406878590583801,0.40824094414711,1.056900143623352,0.01211646106094122,0.5418263077735901,0.5699196457862854,1.4706692695617676,0.028395619243383408,0.003418252570554614,0.37484002113342285,1.4542317390441895,0.153865784406662,0.002699049422517419,0.5424191355705261,1.8204602003097534,0.4460380971431732,0.00031881016911938787,0.3659880757331848,1.803756594657898,0.5525461435317993,0.00028325445600785315,0.5429316759109497,1.867856502532959,0.4651588797569275,0.00029356032609939575,0.3572154641151428,1.8530595302581787,0.5818760991096497,0.0004497913469094783,0.5168918371200562,1.9389194250106812,0.07295762747526169,0.00035815927549265325,0.39037254452705383,1.919542908668518,0.17149533331394196,0.0008304679649882019,0.6421436667442322,0.7345108389854431,-7.17521331239368e-08,0.6248982548713684,0.6975061893463135,6.18564517935738e-05,0.5912503600120544,0.6794046759605408,-0.005072382744401693,0.5616678595542908,0.6847997903823853,-0.010635262355208397,0.5414292812347412,0.6963517665863037,-0.017024317756295204,0.5936736464500427,0.6565401554107666,-0.011582178995013237,0.5557688474655151,0.6557672023773193,-0.020585719496011734,0.531497061252594,0.6549347043037415,-0.02614210732281208,0.5123345255851746,0.6546470522880554,-0.03046303801238537,0.5942460894584656,0.6795017123222351,-0.01772265136241913,0.5533287525177002,0.6930443644523621,-0.028859704732894897,0.5624831914901733,0.699432909488678,-0.030460670590400696,0.5760232210159302,0.6982417702674866,-0.03072761930525303,0.5967838168144226,0.7069408297538757,-0.02314048632979393,0.5606666803359985,0.7188766002655029,-0.03338266536593437,0.5706498622894287,0.7219057083129883,-0.028507709503173828,0.5834136009216309,0.7191777229309082,-0.023861156776547432,0.5999937653541565,0.7348528504371643,-0.028286393731832504,0.5707706212997437,0.739416241645813,-0.03516978397965431,0.5789336562156677,0.7407677173614502,-0.030518101528286934,0.5907415747642517,0.739093542098999,-0.02613259106874466,0.33130156993865967,0.704973042011261,3.5760368888304583e-08,0.35443562269210815,0.6679812073707581,-0.00025887787342071533,0.38972654938697815,0.6562858819961548,-0.004495300818234682,0.41864731907844543,0.6625930666923523,-0.009525162167847157,0.43814945220947266,0.6738007068634033,-0.013981858268380165,0.3964986205101013,0.6446051001548767,-0.010829722508788109,0.43624162673950195,0.6425493359565735,-0.018395395949482918,0.46047914028167725,0.6417086124420166,-0.022173844277858734,0.4799414873123169,0.6407087445259094,-0.024687832221388817,0.3970080614089966,0.6707009673118591,-0.016283126547932625,0.435108482837677,0.6833838224411011,-0.027757976204156876,0.42371392250061035,0.6851276159286499,-0.028207898139953613,0.4082067310810089,0.6820775866508484,-0.02577356807887554,0.3951469361782074,0.6985684633255005,-0.020991617813706398,0.42727595567703247,0.7063559889793396,-0.027095573022961617,0.41616135835647583,0.7064025402069092,-0.0193093940615654,0.40324974060058594,0.704345166683197,-0.012509053573012352,0.39108142256736755,0.7232797741889954,-0.02617558464407921,0.41662710905075073,0.7273288369178772,-0.02531086839735508,0.4076882004737854,0.7256791591644287,-0.016784753650426865,0.39633917808532715,0.7242199182510376,-0.01021864265203476
64,64,1,1,1,1.0,1.0,1.0,0.5094230771064758,0.3612218499183655,-0.8248741030693054,0.9999818205833435,0.5337502956390381,0.32100388407707214,-0.799230694770813,0.9999708533287048,0.5461069345474243,0.32055842876434326,-0.7993204593658447,0.999972939491272,0.5549945831298828,0.3205321729183197,-0.7989853620529175,0.999967098236084,0.49500522017478943,0.3197005093097687,-0.7948983907699585,0.9999704957008362,0.48405900597572327,0.3183060884475708,-0.7947964072227478,0.9999721646308899,0.4739473760128021,0.3181590735912323,-0.7951656579971313,0.9999666810035706,0.5752604007720947,0.3406091034412384,-0.513093113899231,0.9999670386314392,0.46512874960899353,0.33859387040138245,-0.48838987946510315,0.9999737739562988,0.5357900857925415,0.4008972942829132,-0.7112648487091064,0.99998939037323,0.4888392388820648,0.399318665266037,-0.7049194574356079,0.9999904036521912,0.6630534529685974,0.5603238344192505,-0.28266042470932007,0.9999104738235474,0.37579667568206787,0.5406992435455322,-0.2317579686641693,0.9999114871025085,0.6921581029891968,0.9412574172019958,-0.5374985933303833,0.993002712726593,0.2871129512786865,0.9116448760032654,-0.47438421845436096,0.988562822341919,0.6300191283226013,0.7440086007118225,-1.1873319149017334,0.994476318359375,0.35042399168014526,0.709184467792511,-1.1437952518463135,0.9915022850036621,0.597929060459137,0.714789628982544,-1.3080006837844849,0.9931591749191284,0.3873958885669708,0.6896082162857056,-1.247678518295288,0.983012855052948,0.5970319509506226,0.6686868667602539,-1.288404941558838,0.9933394193649292,0.3968028724193573,0.6477867960929871,-1.2405695915222168,0.9831655621528625,0.5995883941650391,0.6720350384712219,-1.1894618272781372,0.9926941394805908,0.3920472264289856,0.6505324244499207,-1.1520744562149048,0.98165363073349,0.5780980587005615,1.0712337493896484,-0.009823990054428577,0.5275987982749939,0.4079531133174896,1.0568844079971313,0.012071823701262474,0.5289014577865601,0.5700269937515259,1.4707257747650146,0.02885180339217186,0.003199745900928974,0.3748323321342468,1.4544334411621094,0.153090238571167,0.0025131653528660536,0.5424927473068237,1.8204753398895264,0.4459872841835022,0.00029759001336060464,0.3657577931880951,1.8038840293884277,0.5552809834480286,0.00026054258341901004,0.5429663062095642,1.867868185043335,0.4650852084159851,0.00027788965962827206,0.3569677174091339,1.853241205215454,0.5848915576934814,0.0004165502032265067,0.5169662237167358,1.9390193223953247,0.07314111292362213,0.0003384720184840262,0.3900635838508606,1.9195466041564941,0.17386071383953094,0.0007837848970666528,0.6414486765861511,0.7349967360496521,-6.374089878136147e-08,0.6237753033638,0.6971508264541626,-0.00042516260873526335,0.5899873375892639,0.6786231994628906,-0.005554548930376768,0.5606644749641418,0.6842616200447083,-0.011003083549439907,0.5408878922462463,0.6966854929924011,-0.017307553440332413,0.5927738547325134,0.6568306088447571,-0.01223500445485115,0.5546805262565613,0.6565350890159607,-0.021227778866887093,0.5304505228996277,0.6556226015090942,-0.026730669662356377,0.5111507773399353,0.6552203893661499,-0.031011365354061127,0.5930235385894775,0.6800656914710999,-0.018033474683761597,0.5533259510993958,0.694279670715332,-0.029173700138926506,0.5623084902763367,0.699550449848175,-0.030794071033596992,0.5753738880157471,0.6977894306182861,-0.03114147111773491,0.5952427387237549,0.7077642679214478,-0.02310507372021675,0.5594000220298767,0.7203807234764099,-0.03320270776748657,0.569304347038269,0.7228979468345642,-0.0282489862293005,0.5819453001022339,0.7201470732688904,-0.023611078038811684,0.5982496738433838,0.735741376876831,-0.027956647798419,0.5692005157470703,0.740917444229126,-0.034587569534778595,0.5770443677902222,0.7417025566101074,-0.02991010621190071,0.5886309146881104,0.7398446202278137,-0.02558419667184353,0.3307429552078247,0.7075655460357666,4.383804252938717e-08,0.35330015420913696,0.6715479493141174,-0.000315173645503819,0.3888177275657654,0.6605534553527832,-0.004636684898287058,0.41745346784591675,0.6669854521751404,-0.009601474739611149,0.43711405992507935,0.6780903935432434,-0.014075618237257004,0.39586278796195984,0.6484928727149963,-0.011527218855917454,0.4353734254837036,0.6467018723487854,-0.01935303770005703,0.4599374234676361,0.6464329957962036,-0.023364797234535217,0.4795248508453369,0.6459360718727112,-0.026015058159828186,0.3962811827659607,0.6745625734329224,-0.016968145966529846,0.43477001786231995,0.6875543594360352,-0.028682664036750793,0.42343294620513916,0.689639151096344,-0.02935287170112133,0.40793949365615845,0.6859716773033142,-0.02703958749771118,0.3942667245864868,0.7025628089904785,-0.021593328565359116,0.4265306890010834,0.7108685374259949,-0.027896717190742493,0.4153345227241516,0.7113608121871948,-0.02015639841556549,0.40250498056411743,0.7087737917900085,-0.013351776637136936,0.3900560140609741,0.7272667288780212,-0.026637792587280273,0.4158056080341339,0.7310842871665955,-0.02601660043001175,0.40646445751190186,0.7298625707626343,-0.017436224967241287,0.39499908685684204,0.7280892133712769,-0.010805318132042885
65,65,1,1,1,1.0,1.0,1.0,0.5087465643882751,0.3616003096103668,-0.8250159025192261,0.9999827146530151,0.5333120822906494,0.3214688003063202,-0.799592137336731,0.9999723434448242,0.5458789467811584,0.32097530364990234,-0.7996827363967896,0.9999744892120361,0.5549013018608093,0.3209323287010193,-0.7993472218513489,0.9999688267707825,0.49470701813697815,0.3200705349445343,-0.7952255010604858,0.9999715685844421,0.48370352387428284,0.318666934967041,-0.7951173782348633,0.9999730587005615,0.47379493713378906,0.3185857832431793,-0.7954843044281006,0.9999672770500183,0.5751612186431885,0.340964138507843,-0.5140717029571533,0.9999692440032959,0.4651089608669281,0.33893126249313354,-0.48910218477249146,0.9999744892120361,0.5353383421897888,0.40137922763824463,-0.7116062045097351,0.9999899864196777,0.4884420335292816,0.39960977435112,-0.7051816582679749,0.999990701675415,0.6628617644309998,0.5604324340820312,-0.28354692459106445,0.9999176263809204,0.3756696581840515,0.5408703684806824,-0.2323673963546753,0.9999120831489563,0.6921426057815552,0.941251814365387,-0.5360839366912842,0.9931312203407288,0.28712305426597595,0.9118761420249939,-0.47343355417251587,0.9884272813796997,0.6293177604675293,0.7441244125366211,-1.185971736907959,0.9949910640716553,0.3500440716743469,0.7126034498214722,-1.1421725749969482,0.9920072555541992,0.5974113941192627,0.7151615023612976,-1.3062505722045898,0.9937033653259277,0.38660407066345215,0.6945686340332031,-1.245940923690796,0.9837018847465515,0.5957926511764526,0.6690856218338013,-1.2878059148788452,0.9938640594482422,0.39599543809890747,0.6512748599052429,-1.238651990890503,0.9838218688964844,0.5982800722122192,0.6723665595054626,-1.1887083053588867,0.993225634098053,0.3913436830043793,0.6538580060005188,-1.150263786315918,0.9823443293571472,0.5780285596847534,1.0712738037109375,-0.00979779101908207,0.5170282125473022,0.40745505690574646,1.0567686557769775,0.01204718928784132,0.5179910659790039,0.5700269341468811,1.4707317352294922,0.029122889041900635,0.003005413804203272,0.3747672736644745,1.454448938369751,0.15275397896766663,0.0023469077423214912,0.5424996614456177,1.8204542398452759,0.4451671242713928,0.00027874886291101575,0.3655312657356262,1.803903579711914,0.5558651089668274,0.0002402273821644485,0.5429683923721313,1.8677963018417358,0.46411505341529846,0.0002641408354975283,0.35677850246429443,1.853254795074463,0.585491955280304,0.0003870247455779463,0.5169738531112671,1.9390219449996948,0.07227714359760284,0.0003206291876267642,0.38972169160842896,1.919464111328125,0.17464010417461395,0.0007422015769407153,0.6410055160522461,0.7357905507087708,-6.475208635947638e-08,0.6230242848396301,0.6976027488708496,-0.0006455702241510153,0.589151918888092,0.6799310445785522,-0.005898893345147371,0.5596839189529419,0.6863380670547485,-0.011415627785027027,0.5400171875953674,0.698175847530365,-0.017734920606017113,0.5919005274772644,0.6570549607276917,-0.01215460803359747,0.5540034770965576,0.6572681069374084,-0.02148180827498436,0.529687762260437,0.6567121148109436,-0.02718576230108738,0.5103474855422974,0.6563518047332764,-0.03156159445643425,0.5922789573669434,0.680438220500946,-0.017882393673062325,0.5522140860557556,0.6950254440307617,-0.029230935499072075,0.5611407160758972,0.7009863257408142,-0.030859585851430893,0.5742627382278442,0.6991817951202393,-0.03114009089767933,0.5946030616760254,0.7083420157432556,-0.02297210320830345,0.5588307976722717,0.721128523349762,-0.03338569402694702,0.5686110854148865,0.724002480506897,-0.028419507667422295,0.5812277793884277,0.7209901213645935,-0.023626532405614853,0.5976914167404175,0.7366034388542175,-0.027853835374116898,0.5685656666755676,0.7415218353271484,-0.03465571254491806,0.5764115452766418,0.7425050139427185,-0.029955163598060608,0.5880253911018372,0.7405447959899902,-0.025530831888318062,0.330940842628479,0.710541844367981,4.794881292013997e-08,0.3532536029815674,0.6738675236701965,-0.000139570765895769,0.38834866881370544,0.6635586619377136,-0.003904270939528942,0.4169974625110626,0.6701716780662537,-0.008226005360484123,0.43648838996887207,0.6815810799598694,-0.011961987242102623,0.3970159590244293,0.6508497595787048,-0.010159947909414768,0.435962051153183,0.6494802832603455,-0.017194189131259918,0.4604373276233673,0.6491668224334717,-0.020600296556949615,0.47987455129623413,0.648642897605896,-0.02284979447722435,0.39820125699043274,0.6771300435066223,-0.015054909512400627,0.4350588917732239,0.6890138983726501,-0.025628380477428436,0.42402371764183044,0.691710352897644,-0.02601209282875061,0.40884891152381897,0.6889224648475647,-0.023560088127851486,0.3965790867805481,0.7051859498023987,-0.019161555916070938,0.4259669780731201,0.7135261297225952,-0.024535436183214188,0.4153887927532196,0.7143062949180603,-0.01726938970386982,0.40308311581611633,0.7118009924888611,-0.010867771692574024,0.39256206154823303,0.7296274900436401,-0.02367275208234787,0.4153129458427429,0.734022855758667,-0.022344784811139107,0.40665513277053833,0.7332267761230469,-0.014237683266401291,0.39614221453666687,0.7315069437026978,-0.007938441820442677
66,66,1,1,1,1.0,1.0,1.0,0.5080831050872803,0.36174944043159485,-0.8260294198989868,0.9999836087226868,0.5327969789505005,0.3217778503894806,-0.8005760312080383,0.9999738335609436,0.5455545783042908,0.32125261425971985,-0.8006661534309387,0.9999760389328003,0.5547627806663513,0.3211887776851654,-0.8003263473510742,0.999970555305481,0.4943147599697113,0.3202957808971405,-0.7960773706436157,0.9999727010726929,0.4832342267036438,0.3189125657081604,-0.7959650754928589,0.9999740719795227,0.47358226776123047,0.3188934326171875,-0.7963293790817261,0.9999681115150452,0.5749995112419128,0.3411675691604614,-0.5151183009147644,0.999971330165863,0.465057909488678,0.3391484320163727,-0.48958858847618103,0.999975323677063,0.5348941087722778,0.40161362290382385,-0.712722659111023,0.9999905824661255,0.4879748821258545,0.3997163772583008,-0.7061236500740051,0.9999910593032837,0.662569522857666,0.5605143308639526,-0.28497985005378723,0.9999240636825562,0.37550976872444153,0.5410546064376831,-0.2321799248456955,0.9999127388000488,0.6921348571777344,0.9412521719932556,-0.5364264249801636,0.9932768940925598,0.2870098054409027,0.9125115871429443,-0.47299885749816895,0.9882982969284058,0.6285566091537476,0.7440080642700195,-1.1846821308135986,0.995457112789154,0.3496862053871155,0.7155386209487915,-1.1411802768707275,0.9924598336219788,0.596981406211853,0.7148972153663635,-1.3050000667572021,0.9942019581794739,0.3863847851753235,0.6979009509086609,-1.2448642253875732,0.9843215942382812,0.5945202112197876,0.6689832806587219,-1.286256194114685,0.9943450689315796,0.39560243487358093,0.6539009213447571,-1.2374207973480225,0.9844133853912354,0.5968208909034729,0.6722971796989441,-1.187256097793579,0.9937153458595276,0.39088866114616394,0.6565683484077454,-1.149143099784851,0.9829656481742859,0.577894389629364,1.0714060068130493,-0.009861908853054047,0.5074982047080994,0.40720611810684204,1.0567502975463867,0.012122809886932373,0.508446991443634,0.5700122117996216,1.4707530736923218,0.029339183121919632,0.0028351701330393553,0.37472113966941833,1.4546513557434082,0.1551215946674347,0.0021994907874614,0.5424865484237671,1.820464015007019,0.44515281915664673,0.0002623640757519752,0.36531999707221985,1.8040794134140015,0.5630875825881958,0.00022227500448934734,0.5429145097732544,1.8677921295166016,0.4640920162200928,0.00025253527564927936,0.3566180467605591,1.8535140752792358,0.5932079553604126,0.000361428945325315,0.5169673562049866,1.9390300512313843,0.07246407121419907,0.00030559286824427545,0.3892900049686432,1.9194787740707397,0.18256023526191711,0.0007077485788613558,0.641235888004303,0.736630916595459,-6.809210617575445e-08,0.6225860714912415,0.6981719136238098,-0.000590809213463217,0.5885583162307739,0.6805735230445862,-0.0059023755602538586,0.5590805411338806,0.6868573427200317,-0.01150326244533062,0.5396491885185242,0.699402391910553,-0.01786990649998188,0.5919492244720459,0.6575385332107544,-0.011925959959626198,0.5538840293884277,0.6578731536865234,-0.021350426599383354,0.5293463468551636,0.6575028896331787,-0.027141934260725975,0.5098588466644287,0.6573807001113892,-0.03160587325692177,0.5924414992332458,0.6807674765586853,-0.017802035436034203,0.5522134900093079,0.6960504055023193,-0.02931816317141056,0.5614559054374695,0.7021805644035339,-0.030977260321378708,0.5747984647750854,0.7001780867576599,-0.031297165900468826,0.59480881690979,0.7086247205734253,-0.023079032078385353,0.5590585470199585,0.7220579385757446,-0.0336943194270134,0.5692003965377808,0.7250398397445679,-0.028672780841588974,0.5819616317749023,0.7218730449676514,-0.023865874856710434,0.597894012928009,0.7369499802589417,-0.028154881671071053,0.5689156651496887,0.7428252100944519,-0.035040829330682755,0.5770825743675232,0.743941068649292,-0.030313432216644287,0.5886933207511902,0.7416718006134033,-0.025922048836946487,0.33101558685302734,0.7115944623947144,5.145314219134889e-08,0.35369008779525757,0.6750437021255493,-0.00018187960085924715,0.38903263211250305,0.6646744608879089,-0.004091848619282246,0.41761907935142517,0.6716157793998718,-0.008580894209444523,0.4366408586502075,0.6831811666488647,-0.012439784593880177,0.39743056893348694,0.6519649624824524,-0.010063786059617996,0.43624258041381836,0.6506168246269226,-0.0173758827149868,0.46080994606018066,0.6503288149833679,-0.02107924222946167,0.48039817810058594,0.6499451398849487,-0.023562908172607422,0.3982352614402771,0.678257405757904,-0.015261809341609478,0.43591034412384033,0.69139164686203,-0.02663487009704113,0.4242275357246399,0.6941307783126831,-0.027187656611204147,0.40864837169647217,0.6912069916725159,-0.024598080664873123,0.3962482213973999,0.7062829732894897,-0.019714105874300003,0.4262419641017914,0.7149230241775513,-0.0257390346378088,0.4153895378112793,0.7158029675483704,-0.018322359770536423,0.40313977003097534,0.7133870720863342,-0.011617698706686497,0.39200958609580994,0.7308831810951233,-0.024579836055636406,0.4151548147201538,0.7350678443908691,-0.023495616391301155,0.4064096510410309,0.734462320804596,-0.015126519836485386,0.3960178792476654,0.7329938411712646,-0.00859865639358759
67,67,1,1,1,1.0,1.0,1.0,0.5075615048408508,0.36181148886680603,-0.8285778164863586,0.9999844431877136,0.5323169231414795,0.32191234827041626,-0.8030174374580383,0.9999752044677734,0.5452309250831604,0.3213742971420288,-0.8031039237976074,0.9999774694442749,0.5546146631240845,0.32130226492881775,-0.8027611970901489,0.9999721646308899,0.49390196800231934,0.3203912079334259,-0.7983536124229431,0.9999738335609436,0.48271751403808594,0.3190458416938782,-0.7982345223426819,0.9999750852584839,0.4733346104621887,0.3190825283527374,-0.798590362071991,0.999968945980072,0.5748184323310852,0.34127652645111084,-0.517607569694519,0.9999732375144958,0.4649624824523926,0.3393091559410095,-0.491367906332016,0.9999760985374451,0.5345005393028259,0.40170684456825256,-0.7154269218444824,0.9999911189079285,0.48754754662513733,0.3997592329978943,-0.7086072564125061,0.9999913573265076,0.6623049974441528,0.560632050037384,-0.2887757420539856,0.9999299049377441,0.37527626752853394,0.5412904620170593,-0.23293904960155487,0.999913215637207,0.6921365857124329,0.9412652254104614,-0.540907084941864,0.9934064745903015,0.28687649965286255,0.9130649566650391,-0.47243180871009827,0.988169252872467,0.6281847953796387,0.7439146637916565,-1.1866481304168701,0.9958773851394653,0.34944862127304077,0.7186082005500793,-1.1403120756149292,0.9928655028343201,0.596795916557312,0.7147062420845032,-1.3072810173034668,0.9946532845497131,0.3863353133201599,0.7014003992080688,-1.2439899444580078,0.9848724007606506,0.5935482978820801,0.6690095067024231,-1.2884794473648071,0.9947804808616638,0.39545246958732605,0.6570797562599182,-1.2365690469741821,0.9849403500556946,0.5956527590751648,0.672303318977356,-1.1889474391937256,0.9941599369049072,0.3906465172767639,0.6596729159355164,-1.1482900381088257,0.9835165143013,0.5777686834335327,1.0715185403823853,-0.01013731025159359,0.49913737177848816,0.406760036945343,1.0567495822906494,0.012414457276463509,0.49987348914146423,0.5698152780532837,1.4707849025726318,0.02965264394879341,0.0026806711684912443,0.374475359916687,1.4547818899154663,0.15736588835716248,0.002066850196570158,0.5422844290733337,1.820468544960022,0.4468904137611389,0.00024775852216407657,0.3648500442504883,1.8041255474090576,0.5675384998321533,0.00020592243527062237,0.5426366925239563,1.867786169052124,0.4659945070743561,0.00024247163673862815,0.3562065362930298,1.8535945415496826,0.5978814959526062,0.0003381798160262406,0.5167678594589233,1.9390366077423096,0.07447580248117447,0.000292003940558061,0.38864293694496155,1.9194780588150024,0.18744046986103058,0.0006765633588656783,0.6413632035255432,0.7371671199798584,-7.089182219033319e-08,0.6225782036781311,0.6987084150314331,-0.00038150124601088464,0.5883467197418213,0.680881917476654,-0.005646431352943182,0.5590780973434448,0.6869550943374634,-0.011262275278568268,0.5398217439651489,0.6997398138046265,-0.017663178965449333,0.5917670726776123,0.6580036282539368,-0.011785493232309818,0.5533218383789062,0.6586163640022278,-0.021088985726237297,0.5286868810653687,0.6583112478256226,-0.026836952194571495,0.5091949105262756,0.658280611038208,-0.031317293643951416,0.5924290418624878,0.6811628937721252,-0.01777566410601139,0.5523519515991211,0.6973735094070435,-0.02920030616223812,0.5620304942131042,0.7032016515731812,-0.03082774206995964,0.5755895376205444,0.7008548378944397,-0.0312103983014822,0.5949479937553406,0.7089990377426147,-0.023142093792557716,0.5590885877609253,0.7229356169700623,-0.03355233371257782,0.5694594979286194,0.7258586883544922,-0.028452333062887192,0.5822601318359375,0.7225906848907471,-0.023743297904729843,0.5982042551040649,0.7373297214508057,-0.02831444703042507,0.5692397356033325,0.7438462376594543,-0.03509907051920891,0.5775726437568665,0.7449608445167542,-0.030353892594575882,0.5892074704170227,0.7425795793533325,-0.02603582851588726,0.33138328790664673,0.7129306197166443,5.543271797137095e-08,0.3537273406982422,0.676314651966095,-0.0005725360824726522,0.3889847695827484,0.6655458211898804,-0.004650973714888096,0.4177912473678589,0.6725273728370667,-0.009185712784528732,0.4368422329425812,0.6843497157096863,-0.013089228421449661,0.39758044481277466,0.6531826853752136,-0.010921413078904152,0.4366045594215393,0.6519395112991333,-0.01837502419948578,0.4613195061683655,0.6519830226898193,-0.02209833450615406,0.4809587001800537,0.6519811749458313,-0.024553770199418068,0.3983607888221741,0.6795712113380432,-0.01584732159972191,0.4361647963523865,0.6923105716705322,-0.027304891496896744,0.4247288107872009,0.6947447061538696,-0.027793876826763153,0.4091910719871521,0.6920093894004822,-0.02514539659023285,0.3963865041732788,0.7076429128646851,-0.02001793682575226,0.4264988601207733,0.7163988351821899,-0.026050224900245667,0.41578108072280884,0.7168739438056946,-0.01865399070084095,0.4035201668739319,0.714486837387085,-0.011947408318519592,0.3921544551849365,0.7322622537612915,-0.02462509460747242,0.4154043197631836,0.7368608713150024,-0.023596463724970818,0.40678665041923523,0.7358209490776062,-0.015359043143689632,0.39643365144729614,0.7342007160186768,-0.008893332444131374
68,68,1,1,1,1.0,1.0,1.0,0.5073373913764954,0.3615293800830841,-0.8285679817199707,0.9999851584434509,0.532055675983429,0.32170650362968445,-0.8027029037475586,0.999976396560669,0.5450331568717957,0.3211899697780609,-0.802789568901062,0.9999787211418152,0.5545088052749634,0.321153461933136,-0.8024479150772095,0.9999735951423645,0.4936501085758209,0.32016006112098694,-0.7981472611427307,0.99997478723526,0.48237213492393494,0.31891554594039917,-0.7980278730392456,0.9999759197235107,0.4731597304344177,0.318991094827652,-0.7983804941177368,0.9999696612358093,0.5746411681175232,0.3412575125694275,-0.5172098875045776,0.9999749660491943,0.4648340344429016,0.33928459882736206,-0.4915470480918884,0.9999767541885376,0.5343021750450134,0.4014670252799988,-0.715570867061615,0.9999915957450867,0.4871780276298523,0.39949831366539,-0.7089282274246216,0.9999916553497314,0.6620291471481323,0.5607879161834717,-0.28882700204849243,0.9999350905418396,0.37508395314216614,0.5415322184562683,-0.2328527867794037,0.9999134540557861,0.6921592354774475,0.9413690567016602,-0.5399293899536133,0.9935328960418701,0.28678497672080994,0.9139943718910217,-0.470658540725708,0.9881104826927185,0.6280061602592468,0.7439266443252563,-1.1829242706298828,0.9962566494941711,0.3492199778556824,0.7205013036727905,-1.1351252794265747,0.9932376146316528,0.5966039896011353,0.714731752872467,-1.3026663064956665,0.9950613379478455,0.3862808346748352,0.7034396529197693,-1.237897515296936,0.9853730201721191,0.5930593013763428,0.6691892147064209,-1.2838636636734009,0.9951733946800232,0.39537888765335083,0.6590278744697571,-1.2307326793670654,0.985415518283844,0.5950970649719238,0.672458291053772,-1.184819221496582,0.9945629835128784,0.39047878980636597,0.6615471243858337,-1.1432232856750488,0.9840174913406372,0.5776894688606262,1.0717008113861084,-0.01018218882381916,0.4946175813674927,0.4064580798149109,1.0568068027496338,0.01246105507016182,0.49517133831977844,0.5696603059768677,1.4708234071731567,0.030119773000478745,0.00254596839658916,0.37432965636253357,1.4550495147705078,0.15991182625293732,0.0019514599116519094,0.5420790910720825,1.8204762935638428,0.4490811824798584,0.00023513239284511656,0.3645661473274231,1.8043450117111206,0.5731034278869629,0.00019154763140249997,0.542363703250885,1.8677898645401,0.46844369173049927,0.00023438069911208004,0.3559629023075104,1.8538589477539062,0.6037933230400085,0.00031828516512177885,0.5166211128234863,1.9390426874160767,0.07816440612077713,0.0002805033582262695,0.3882075548171997,1.9195393323898315,0.1942899525165558,0.0006510070525109768,0.6413863301277161,0.7378228306770325,-7.359665943340588e-08,0.6223952174186707,0.6992648839950562,-0.00012565830547828227,0.5881233811378479,0.6814464330673218,-0.0051964339800179005,0.5588511824607849,0.6876033544540405,-0.010700426064431667,0.539555549621582,0.701102614402771,-0.017007336020469666,0.5915672183036804,0.6592211723327637,-0.011056911200284958,0.5534495711326599,0.6597711443901062,-0.020059948787093163,0.5288945436477661,0.6594298481941223,-0.025713393464684486,0.5094361305236816,0.6596105694770813,-0.030188212171196938,0.5921819806098938,0.6824857592582703,-0.01717069372534752,0.5522016286849976,0.6979426741600037,-0.028368018567562103,0.562114417552948,0.7034504413604736,-0.030074911192059517,0.5757099986076355,0.7013365626335144,-0.03053239732980728,0.594785749912262,0.7102306485176086,-0.02263522706925869,0.559090256690979,0.7236705422401428,-0.032851554453372955,0.5695582032203674,0.7263685464859009,-0.027819735929369926,0.582278311252594,0.7234044075012207,-0.023209793493151665,0.5980837345123291,0.7383909821510315,-0.027890950441360474,0.5692362189292908,0.7445232272148132,-0.034534066915512085,0.5776377320289612,0.7455397844314575,-0.029733097180724144,0.5892521739006042,0.743437647819519,-0.02542564831674099,0.33115309476852417,0.7139174938201904,5.1240490961390606e-08,0.3537222146987915,0.6772982478141785,-0.00027630635304376483,0.38890430331230164,0.6666317582130432,-0.0040677874349057674,0.4175475537776947,0.6733425259590149,-0.00839907955378294,0.4365592300891876,0.6852867007255554,-0.01210762932896614,0.3978445827960968,0.6546826362609863,-0.010096514597535133,0.4364470839500427,0.6528449654579163,-0.017280543223023415,0.46091118454933167,0.6524105668067932,-0.02086976356804371,0.4803721606731415,0.6520798802375793,-0.023271964862942696,0.3989828824996948,0.6809025406837463,-0.01501853670924902,0.43624165654182434,0.6931112408638,-0.025969309732317924,0.42487746477127075,0.6957700848579407,-0.02631782926619053,0.40950626134872437,0.693436861038208,-0.023685414344072342,0.39716634154319763,0.708821177482605,-0.01921050436794758,0.4268031418323517,0.7171298265457153,-0.024847134947776794,0.41612252593040466,0.7176123261451721,-0.017490262165665627,0.40388983488082886,0.7154611349105835,-0.01091145072132349,0.3929751515388489,0.7333599925041199,-0.0238399226218462,0.4155392050743103,0.7376620173454285,-0.02258540876209736,0.4072386622428894,0.7365617156028748,-0.014469212852418423,0.39711692929267883,0.7350843548774719,-0.008134058676660061
69,69,1,1,1,1.0,1.0,1.0,0.507132887840271,0.36063429713249207,-0.8282912969589233,0.9999858140945435,0.5317537784576416,0.3206177353858948,-0.8018791079521179,0.9999774694442749,0.5447898507118225,0.3201945722103119,-0.8019725680351257,0.9999797940254211,0.5543743371963501,0.3202826678752899,-0.8016287684440613,0.9999748468399048,0.4933099150657654,0.31927406787872314,-0.7975515127182007,0.9999756217002869,0.4819113314151764,0.3183354139328003,-0.7974303364753723,0.999976634979248,0.4729309678077698,0.31854984164237976,-0.7977777123451233,0.9999701976776123,0.5744384527206421,0.3409798741340637,-0.5169063806533813,0.9999764561653137,0.4645271301269531,0.33913877606391907,-0.49105438590049744,0.9999772906303406,0.5341500639915466,0.4005890190601349,-0.7152572870254517,0.9999920129776001,0.4868082106113434,0.3988507390022278,-0.7084747552871704,0.9999918937683105,0.6617263555526733,0.5609384179115295,-0.28783172369003296,0.9999397993087769,0.37490442395210266,0.5417540669441223,-0.23227567970752716,0.9999129176139832,0.6922327876091003,0.9415668249130249,-0.5342019200325012,0.9936768412590027,0.2867085933685303,0.9149655103683472,-0.46171998977661133,0.9880078434944153,0.627929151058197,0.7441973090171814,-1.170462727546692,0.996598482131958,0.3489099442958832,0.7222464680671692,-1.12302827835083,0.993556797504425,0.5962492227554321,0.715127170085907,-1.289240837097168,0.995430588722229,0.3861677348613739,0.7048948407173157,-1.224931001663208,0.9857996702194214,0.5929616689682007,0.6695163249969482,-1.270531415939331,0.9955291152000427,0.39516481757164,0.660585343837738,-1.218446135520935,0.9858185052871704,0.5950579643249512,0.672755241394043,-1.1720515489578247,0.9949277639389038,0.3902021646499634,0.6630547642707825,-1.1313880681991577,0.9844368696212769,0.5776350498199463,1.0718134641647339,-0.010176321491599083,0.4903733432292938,0.4061950743198395,1.0569370985031128,0.012455916032195091,0.4899958670139313,0.5694333910942078,1.4708367586135864,0.030271265655755997,0.002430127002298832,0.3740742802619934,1.4550923109054565,0.1585560441017151,0.0018517610151320696,0.5418428182601929,1.820482850074768,0.44898730516433716,0.0002237270527984947,0.3642813563346863,1.8043830394744873,0.5681467056274414,0.00017889348964672536,0.5421113967895508,1.8677934408187866,0.46836191415786743,0.00022687565069645643,0.35568031668663025,1.8538916110992432,0.5982688665390015,0.0003006623301189393,0.5164490938186646,1.9390455484390259,0.0784066915512085,0.0002702818310353905,0.3879544138908386,1.9195398092269897,0.1909905970096588,0.0006280940724536777,0.6414221525192261,0.7388277649879456,-6.836047106162368e-08,0.6224359273910522,0.700102686882019,-0.00031267711892724037,0.588000476360321,0.6819801330566406,-0.005197786260396242,0.558633029460907,0.6882061958312988,-0.010400848463177681,0.5396727323532104,0.7021244168281555,-0.016429932788014412,0.5918291807174683,0.6607839465141296,-0.01146379578858614,0.5538906455039978,0.6610819697380066,-0.020322028547525406,0.5292631387710571,0.6605534553527832,-0.02580544538795948,0.5095559358596802,0.6606624126434326,-0.030150435864925385,0.5922173857688904,0.6842823624610901,-0.01736197993159294,0.5517781376838684,0.6985833048820496,-0.028429657220840454,0.5615832805633545,0.7039417028427124,-0.029986457899212837,0.5752230286598206,0.702084481716156,-0.03023114800453186,0.5946832895278931,0.7120486497879028,-0.022556576877832413,0.5587285757064819,0.7245172262191772,-0.032666683197021484,0.5690025687217712,0.7269688248634338,-0.02763395570218563,0.5817524790763855,0.7242026925086975,-0.022899175062775612,0.5978686213493347,0.7401273250579834,-0.027535658329725266,0.5689504146575928,0.7453015446662903,-0.03403537720441818,0.577114462852478,0.7459072470664978,-0.0291917622089386,0.5887249112129211,0.7440007328987122,-0.024800293147563934,0.3311206102371216,0.7156028747558594,4.7943736092292966e-08,0.353657603263855,0.678467869758606,-0.00011280685430392623,0.38870561122894287,0.6677746176719666,-0.0037611015141010284,0.4173276424407959,0.674370288848877,-0.00800193753093481,0.43626660108566284,0.6862727999687195,-0.011634272523224354,0.398186594247818,0.6555913686752319,-0.009621220640838146,0.4365304112434387,0.6537770628929138,-0.016641266644001007,0.4607669413089752,0.6531201004981995,-0.0201589222997427,0.48021215200424194,0.6527279019355774,-0.022532999515533447,0.3993094265460968,0.6818086504936218,-0.014555959962308407,0.4361981749534607,0.6936286091804504,-0.025167610496282578,0.42498376965522766,0.6962175369262695,-0.025430571287870407,0.40984565019607544,0.6941649317741394,-0.022811900824308395,0.3974059224128723,0.7098150849342346,-0.01877000741660595,0.42673200368881226,0.7176119685173035,-0.02427004836499691,0.4160342812538147,0.718154788017273,-0.016956452280282974,0.40380358695983887,0.7163577675819397,-0.010417606681585312,0.3931541442871094,0.7345550656318665,-0.023407883942127228,0.41571030020713806,0.738376259803772,-0.02215912565588951,0.4074491560459137,0.7372685670852661,-0.014072121120989323,0.39726001024246216,0.7360832691192627,-0.007729868870228529
70,70,1,1,1,1.0,1.0,1.0,0.5066800713539124,0.3601299524307251,-0.8284398913383484,0.9999863505363464,0.5311716794967651,0.3200749158859253,-0.8019965887069702,0.9999784231185913,0.5443245768547058,0.31963375210762024,-0.8020898699760437,0.9999808073043823,0.5541329979896545,0.31974154710769653,-0.801749587059021,0.9999759793281555,0.4927367568016052,0.318907231092453,-0.7976606488227844,0.9999763369560242,0.48125553131103516,0.3181343376636505,-0.7975417375564575,0.9999772310256958,0.4726032614707947,0.3184314966201782,-0.7978847026824951,0.9999706149101257,0.5741654634475708,0.3407881557941437,-0.517718493938446,0.9999778270721436,0.46407145261764526,0.3391284644603729,-0.4924085736274719,0.999977707862854,0.5338246822357178,0.40002039074897766,-0.7159284949302673,0.9999923706054688,0.4862635135650635,0.3984125554561615,-0.7093071937561035,0.9999920725822449,0.6613278388977051,0.5609599351882935,-0.2896510660648346,0.9999441504478455,0.3746531903743744,0.5421454310417175,-0.2322467863559723,0.9999126195907593,0.6922658681869507,0.9418105483055115,-0.5327222347259521,0.9938070178031921,0.28665709495544434,0.9160279035568237,-0.45740851759910583,0.9879433512687683,0.6278970241546631,0.7446486353874207,-1.1628785133361816,0.9969073534011841,0.3485870063304901,0.7244531512260437,-1.1154327392578125,0.9938466548919678,0.595953106880188,0.7157919406890869,-1.2806001901626587,0.9957667589187622,0.38611599802970886,0.7068288922309875,-1.216481328010559,0.9861763715744019,0.5929185748100281,0.67000412940979,-1.2624543905258179,0.9958528280258179,0.39489588141441345,0.6627286672592163,-1.2102560997009277,0.9861708879470825,0.5950819253921509,0.6731923818588257,-1.1643306016921997,0.9952616691589355,0.38979387283325195,0.6651296615600586,-1.123803734779358,0.9848051071166992,0.5776141285896301,1.0718413591384888,-0.010219058021903038,0.48881834745407104,0.4059593081474304,1.056971549987793,0.012496119365096092,0.48746150732040405,0.5692615509033203,1.4708143472671509,0.0313895083963871,0.0023358557373285294,0.3739648461341858,1.4551138877868652,0.15801934897899628,0.001769965747371316,0.5417199730873108,1.8204416036605835,0.45014482736587524,0.00021534388361033052,0.364242285490036,1.8044018745422363,0.5659204125404358,0.00016807550855446607,0.5420030355453491,1.8677259683609009,0.4696003496646881,0.00022317911498248577,0.35565727949142456,1.8539141416549683,0.5958627462387085,0.0002866405702661723,0.516373872756958,1.9389904737472534,0.08224008232355118,0.0002628524962347001,0.38792648911476135,1.9195423126220703,0.18829336762428284,0.000611142604611814,0.6417310833930969,0.7398130893707275,-6.951580644454225e-08,0.6229404211044312,0.7012937068939209,-0.00047921057557687163,0.5879647731781006,0.6835664510726929,-0.005475704092532396,0.5584654211997986,0.6899926066398621,-0.010697571560740471,0.5391300916671753,0.703559160232544,-0.0167246013879776,0.5915148854255676,0.6617230772972107,-0.012030916288495064,0.5531893968582153,0.6628017425537109,-0.021048691123723984,0.5286355018615723,0.6624981164932251,-0.026617633178830147,0.5090592503547668,0.6628530621528625,-0.03100975975394249,0.5921121835708618,0.6852060556411743,-0.017801949754357338,0.5522719025611877,0.7019852995872498,-0.028769470751285553,0.5621634721755981,0.7073687314987183,-0.03010600619018078,0.5756478309631348,0.7048924565315247,-0.030421815812587738,0.5946919322013855,0.7131876945495605,-0.022914905101060867,0.5589585304260254,0.7271041870117188,-0.032968468964099884,0.5691546201705933,0.7298523783683777,-0.027691001072525978,0.5817258358001709,0.7268372178077698,-0.02301154099404812,0.5979257822036743,0.7415811419487,-0.02783389575779438,0.5692235827445984,0.7477861046791077,-0.03445206582546234,0.5775184631347656,0.7489019632339478,-0.029606834053993225,0.5890691876411438,0.7468811273574829,-0.025302307680249214,0.3299749493598938,0.7171986699104309,4.354807359163715e-08,0.35247597098350525,0.6800861358642578,-0.00010031854617409408,0.3877180814743042,0.6687765717506409,-0.003959916532039642,0.4164755344390869,0.6747673749923706,-0.008383970707654953,0.43589484691619873,0.6860853433609009,-0.012241681106388569,0.3963284194469452,0.6574816703796387,-0.010145310312509537,0.43506139516830444,0.6547755002975464,-0.01746281236410141,0.4596889019012451,0.6540350914001465,-0.021105371415615082,0.479348361492157,0.6536569595336914,-0.02354763075709343,0.39762404561042786,0.6838075518608093,-0.015320315957069397,0.4353308081626892,0.6956029534339905,-0.026501333341002464,0.42345675826072693,0.698431134223938,-0.02685767598450184,0.4079069197177887,0.6963218450546265,-0.024216560646891594,0.39589160680770874,0.7119110226631165,-0.01975349523127079,0.4261603355407715,0.7192462086677551,-0.025643592700362206,0.4152423143386841,0.7198328375816345,-0.01804114505648613,0.40300697088241577,0.7180219888687134,-0.011295163072645664,0.39183491468429565,0.7365307211875916,-0.02458447776734829,0.415138840675354,0.7394388914108276,-0.023434113711118698,0.4064583480358124,0.7384545207023621,-0.014981924556195736,0.3961784243583679,0.7373065948486328,-0.00844652485102415
71,71,1,1,1,1.0,1.0,1.0,0.5062119960784912,0.35975298285484314,-0.8327597379684448,0.9999868869781494,0.5305615067481995,0.31957194209098816,-0.8066056966781616,0.9999793767929077,0.5438410639762878,0.31911560893058777,-0.8066962957382202,0.9999817609786987,0.553874135017395,0.3192574083805084,-0.8063584566116333,0.9999770522117615,0.4921272397041321,0.31858527660369873,-0.8020111322402954,0.9999770522117615,0.4805515706539154,0.31796929240226746,-0.8018925786018372,0.9999778866767883,0.47221431136131287,0.318353533744812,-0.8022230267524719,0.9999711513519287,0.5738583207130432,0.34063664078712463,-0.5230485200881958,0.9999791383743286,0.4633270800113678,0.33914071321487427,-0.49689826369285583,0.9999781847000122,0.5334746241569519,0.399618536233902,-0.7206856608390808,0.9999927282333374,0.48569172620773315,0.39817938208580017,-0.7138301134109497,0.9999922513961792,0.6607149839401245,0.5610616207122803,-0.2956545352935791,0.9999481439590454,0.3742416203022003,0.5428625345230103,-0.23395662009716034,0.9999125003814697,0.6922811269760132,0.9420835375785828,-0.5344142317771912,0.9939106702804565,0.28664106130599976,0.9168261289596558,-0.45765748620033264,0.987841010093689,0.6277581453323364,0.74513179063797,-1.163030743598938,0.9971862435340881,0.34846946597099304,0.7280449271202087,-1.1164201498031616,0.9941149353981018,0.5957660675048828,0.7163500189781189,-1.2814019918441772,0.9960741400718689,0.3860754370689392,0.7096430659294128,-1.2179217338562012,0.9865411520004272,0.5926694869995117,0.6709467768669128,-1.262643575668335,0.9961496591567993,0.39464569091796875,0.6660814881324768,-1.2115185260772705,0.9865177273750305,0.5948029160499573,0.674065887928009,-1.1645177602767944,0.9955693483352661,0.3894038796424866,0.6683507561683655,-1.1247466802597046,0.9851658940315247,0.5775739550590515,1.071932077407837,-0.01069805771112442,0.4865480959415436,0.405731201171875,1.057000994682312,0.012965922243893147,0.4842187166213989,0.5691060423851013,1.4708184003829956,0.03320347145199776,0.0022486501839011908,0.3738899230957031,1.4552199840545654,0.15965057909488678,0.00169293989893049,0.5416308641433716,1.8204268217086792,0.45308876037597656,0.0002084709267364815,0.3642151355743408,1.8044826984405518,0.5678834319114685,0.0001581320830155164,0.5419365167617798,1.8676888942718506,0.47274914383888245,0.00022069763508625329,0.35564756393432617,1.8539725542068481,0.598025381565094,0.0002736631140578538,0.5162764191627502,1.9389876127243042,0.0866737961769104,0.00025630032178014517,0.38788241147994995,1.9196261167526245,0.19070656597614288,0.0005954480147920549,0.6417877674102783,0.7424823045730591,-7.429008519466151e-08,0.6229369044303894,0.7042633891105652,-0.00016246568702626973,0.5884549617767334,0.686404824256897,-0.004914865829050541,0.5589513182640076,0.6925157308578491,-0.009957239963114262,0.5391738414764404,0.7056784629821777,-0.015844691544771194,0.5914154648780823,0.6651659607887268,-0.011534817516803741,0.553575873374939,0.6658936738967896,-0.02036307193338871,0.5289903879165649,0.6656073927879333,-0.02579171396791935,0.5094388127326965,0.6660715341567993,-0.03002612479031086,0.5919227600097656,0.6887237429618835,-0.017385486513376236,0.5519837737083435,0.7035893201828003,-0.02816252037882805,0.5615488886833191,0.7091366648674011,-0.02957046777009964,0.5750713348388672,0.7074571847915649,-0.029803551733493805,0.5944679975509644,0.7165511250495911,-0.022526098415255547,0.558934211730957,0.7290880680084229,-0.032411955296993256,0.5688883066177368,0.7314335107803345,-0.027334192767739296,0.5815219879150391,0.7286754846572876,-0.02265659160912037,0.5976310968399048,0.7446995973587036,-0.02741699293255806,0.5687239766120911,0.7495163679122925,-0.03388899192214012,0.5767481327056885,0.7501180171966553,-0.028988737612962723,0.5884510278701782,0.7484367489814758,-0.02453235164284706,0.3286187946796417,0.7191464304924011,4.0425931047138874e-08,0.3512630760669708,0.682076096534729,8.295931911561638e-05,0.38651466369628906,0.6711626648902893,-0.0035387235693633556,0.41511863470077515,0.6772378087043762,-0.0077019426971673965,0.43426963686943054,0.6875935792922974,-0.011226402595639229,0.3952008783817291,0.6595367789268494,-0.009847844950854778,0.43433836102485657,0.6568636894226074,-0.01673862896859646,0.4588315486907959,0.6559465527534485,-0.019961601123213768,0.4782857596874237,0.6554117202758789,-0.022099079564213753,0.3966914713382721,0.6859644651412964,-0.014829643070697784,0.4343799650669098,0.697110116481781,-0.025424355641007423,0.4226132929325104,0.6999971270561218,-0.02546152099967003,0.4072175920009613,0.6981258988380432,-0.02268373966217041,0.3952649235725403,0.7140877842903137,-0.01905805803835392,0.4253668785095215,0.7213940620422363,-0.024423329159617424,0.4145427346229553,0.722172737121582,-0.016879690811038017,0.40237587690353394,0.7204766273498535,-0.010255957022309303,0.39153388142585754,0.7386689186096191,-0.023670341819524765,0.41473838686943054,0.7420395612716675,-0.022189056500792503,0.4063321352005005,0.741221010684967,-0.013903138227760792,0.39626750349998474,0.7400749325752258,-0.007507876493036747
72,72,1,1,1,1.0,1.0,1.0,0.5051700472831726,0.35928091406822205,-0.8321760296821594,0.9999874234199524,0.5293847322463989,0.31892046332359314,-0.8059675097465515,0.9999802112579346,0.5428885817527771,0.3184371888637543,-0.8060559034347534,0.9999826550483704,0.5533291101455688,0.31858983635902405,-0.805720329284668,0.9999780654907227,0.49090179800987244,0.3182225823402405,-0.801779568195343,0.9999776482582092,0.47937411069869995,0.3177964985370636,-0.8016753196716309,0.9999784231185913,0.47155046463012695,0.31826332211494446,-0.8020127415657043,0.9999715685844421,0.5733495354652405,0.3404155671596527,-0.5220696926116943,0.9999802708625793,0.46235227584838867,0.33917567133903503,-0.4947330355644226,0.9999785423278809,0.5326880216598511,0.3991795480251312,-0.7198868989944458,0.999993085861206,0.4846010208129883,0.39791402220726013,-0.7134588956832886,0.9999924302101135,0.6601894497871399,0.5616265535354614,-0.2956199645996094,0.9999517798423767,0.37363213300704956,0.543619692325592,-0.22971168160438538,0.9999125599861145,0.6923192739486694,0.9424588084220886,-0.5347254872322083,0.9940105676651001,0.2866351008415222,0.9178099036216736,-0.45144492387771606,0.9877203106880188,0.6275198459625244,0.7471503615379333,-1.1636908054351807,0.9974364042282104,0.3479038178920746,0.7322489619255066,-1.116409420967102,0.9943633675575256,0.5952825546264648,0.7176198959350586,-1.2824041843414307,0.9963476061820984,0.3851153552532196,0.7147804498672485,-1.218216896057129,0.9868962168693542,0.5924058556556702,0.6732243299484253,-1.2635834217071533,0.9964142441749573,0.39346081018447876,0.6714571714401245,-1.211626410484314,0.9868559837341309,0.5946319103240967,0.6763615012168884,-1.165300726890564,0.9958427548408508,0.38824063539505005,0.6729699969291687,-1.1248210668563843,0.9855260848999023,0.5775688886642456,1.0727348327636719,-0.012087376788258553,0.4805907905101776,0.4055258631706238,1.0575553178787231,0.014361915178596973,0.4776518940925598,0.5690547227859497,1.4713870286941528,0.033406272530555725,0.0021513947285711765,0.37385013699531555,1.4561525583267212,0.1617112159729004,0.001613816013559699,0.5414708256721497,1.8207772970199585,0.4550110697746277,0.00020126615709159523,0.3640140891075134,1.8051257133483887,0.5715423226356506,0.00014847249258309603,0.5418317914009094,1.8679522275924683,0.4746739864349365,0.00021654090960510075,0.3554672300815582,1.8544726371765137,0.6019070148468018,0.00026080210227519274,0.5158368349075317,1.9393978118896484,0.08715932071208954,0.00024810139439068735,0.3875889182090759,1.9204484224319458,0.192546546459198,0.0005781181971542537,0.6415112614631653,0.7453487515449524,-7.239297161731884e-08,0.6226791739463806,0.7077794075012207,-9.928402141667902e-05,0.5879578590393066,0.6902098059654236,-0.00481839245185256,0.558659553527832,0.6961922645568848,-0.009790990501642227,0.538841724395752,0.7082019448280334,-0.015603645704686642,0.5910366773605347,0.6696719527244568,-0.011871673166751862,0.5529246926307678,0.6700698137283325,-0.020537225529551506,0.5281088948249817,0.6698172092437744,-0.025832073763012886,0.5083989500999451,0.6705492734909058,-0.029940638691186905,0.5915515422821045,0.6935203671455383,-0.017638379707932472,0.5515022873878479,0.7076446413993835,-0.028259940445423126,0.5611327886581421,0.7125617265701294,-0.029581088572740555,0.5749508738517761,0.7108755707740784,-0.029703890904784203,0.5942816734313965,0.721246063709259,-0.0225996021181345,0.5583927631378174,0.7324217557907104,-0.032150641083717346,0.568406343460083,0.7344247698783875,-0.02683066762983799,0.5812377333641052,0.7319457530975342,-0.022054709494113922,0.5977585315704346,0.7491167187690735,-0.027313100174069405,0.5688183903694153,0.7529884576797485,-0.03368121758103371,0.5770412683486938,0.7533643841743469,-0.02863042987883091,0.5890156030654907,0.7519856095314026,-0.024055274203419685,0.32618004083633423,0.7244662642478943,3.8168632698898364e-08,0.34799259901046753,0.6864445805549622,-0.0007058953051455319,0.38376352190971375,0.6743149757385254,-0.004608861170709133,0.4133158326148987,0.6801811456680298,-0.008943936787545681,0.43311163783073425,0.6906762719154358,-0.012594402767717838,0.3918570280075073,0.6642535924911499,-0.010843509808182716,0.43196120858192444,0.6610711216926575,-0.018284613266587257,0.4567963182926178,0.6601969003677368,-0.02166835404932499,0.47657090425491333,0.659826397895813,-0.023812171071767807,0.39370042085647583,0.6909822821617126,-0.015675673261284828,0.4329415559768677,0.7008317112922668,-0.027157312259078026,0.4211132824420929,0.7030602097511292,-0.027339398860931396,0.4052419066429138,0.7010529637336731,-0.024350695312023163,0.3926575779914856,0.7188810110092163,-0.019826432690024376,0.4240867793560028,0.7251459360122681,-0.026077663525938988,0.41309723258018494,0.7255316376686096,-0.01858360692858696,0.40058866143226624,0.7238871455192566,-0.011670946143567562,0.3892565071582794,0.7429691553115845,-0.024410953745245934,0.41367417573928833,0.7461215853691101,-0.023654744029045105,0.40495240688323975,0.7450847029685974,-0.015474596992135048,0.3943198323249817,0.7439205646514893,-0.008976508863270283
73,73,1,1,1,1.0,1.0,1.0,0.5033241510391235,0.35799679160118103,-0.8337891697883606,0.999987781047821,0.5271667242050171,0.31759971380233765,-0.8081100583076477,0.9999808073043823,0.5409162640571594,0.31718915700912476,-0.8082054257392883,0.9999833703041077,0.5520147085189819,0.3173976242542267,-0.8078693151473999,0.9999788403511047,0.48896971344947815,0.3172830641269684,-0.8027830123901367,0.9999780654907227,0.47781243920326233,0.3172423243522644,-0.8026615977287292,0.99997878074646,0.4706045687198639,0.3178901672363281,-0.8029977679252625,0.9999716877937317,0.5722298622131348,0.33989816904067993,-0.525753915309906,0.9999812245368958,0.46128931641578674,0.33918750286102295,-0.49437087774276733,0.9999787211418152,0.531218409538269,0.3981475234031677,-0.7222561240196228,0.9999933838844299,0.48286667466163635,0.3969646096229553,-0.7142083644866943,0.9999925494194031,0.6598575711250305,0.5620849132537842,-0.2999425530433655,0.9999549388885498,0.37281709909439087,0.5438788533210754,-0.22997772693634033,0.9999126195907593,0.6923931837081909,0.9425268173217773,-0.5349479913711548,0.9940033555030823,0.286609411239624,0.9181482195854187,-0.451845645904541,0.9875674843788147,0.627160906791687,0.7503202557563782,-1.1620696783065796,0.9976571798324585,0.3474575877189636,0.736000657081604,-1.1165258884429932,0.9945880770683289,0.5942832231521606,0.7214427590370178,-1.279664158821106,0.9965779781341553,0.3836413323879242,0.7219268679618835,-1.2184404134750366,0.9871881604194641,0.5914755463600159,0.6783113479614258,-1.2617175579071045,0.9966367483139038,0.391895592212677,0.6772950291633606,-1.2120811939239502,0.9871307611465454,0.5940033197402954,0.6806137561798096,-1.1635754108428955,0.9960711002349854,0.38685616850852966,0.677891731262207,-1.1251660585403442,0.9858304262161255,0.5775716304779053,1.0732982158660889,-0.012495387345552444,0.4751231372356415,0.4051709771156311,1.0575904846191406,0.01475469022989273,0.47246164083480835,0.5690467357635498,1.4715030193328857,0.03710058704018593,0.002049036556854844,0.373807817697525,1.4568802118301392,0.178798645734787,0.0015296321362257004,0.5414761304855347,1.8208383321762085,0.4662421643733978,0.0001952184975380078,0.36398106813430786,1.8059632778167725,0.612909197807312,0.00013917955220676959,0.5418684482574463,1.8679970502853394,0.48660168051719666,0.00021453121735248715,0.3554539382457733,1.8553155660629272,0.6459063291549683,0.00024812232004478574,0.5157720446586609,1.9395390748977661,0.09494756162166595,0.00024068808124866337,0.3874358832836151,1.9212902784347534,0.23252733051776886,0.0005618003197014332,0.6416584849357605,0.7499078512191772,-6.88131152060123e-08,0.622424840927124,0.7120649218559265,-0.0005812927265651524,0.5870422124862671,0.694972038269043,-0.005340869538486004,0.5569353103637695,0.7019479274749756,-0.01014493964612484,0.5369459390640259,0.7159377336502075,-0.015714338049292564,0.5905795097351074,0.6742676496505737,-0.011564576998353004,0.5529665350914001,0.6759514212608337,-0.020151451230049133,0.528159499168396,0.6764469742774963,-0.025448070839047432,0.5083961486816406,0.6775280237197876,-0.02961331233382225,0.590817391872406,0.6979579925537109,-0.0170439463108778,0.550173819065094,0.7115785479545593,-0.027696294710040092,0.5597144365310669,0.7173367738723755,-0.02913857437670231,0.5735785961151123,0.716160237789154,-0.02920512855052948,0.5932286381721497,0.7255678176879883,-0.02176845446228981,0.5576655864715576,0.737044095993042,-0.03136817365884781,0.5675492286682129,0.7391353249549866,-0.026168309152126312,0.5801750421524048,0.7367435693740845,-0.021376028656959534,0.5962697267532349,0.7534522414207458,-0.02626168355345726,0.5681201815605164,0.757727861404419,-0.03247246891260147,0.5764010548591614,0.7582409381866455,-0.027376122772693634,0.5880400538444519,0.7567716240882874,-0.022783732041716576,0.325321763753891,0.728005051612854,4.177109858005679e-08,0.3479474186897278,0.690859854221344,-0.00015290988085325807,0.383691668510437,0.6793482899665833,-0.003911013249307871,0.4125465750694275,0.6856252551078796,-0.008149161003530025,0.4319010078907013,0.6959121227264404,-0.011711756698787212,0.3918376863002777,0.6686655282974243,-0.010714811272919178,0.431716650724411,0.6661666035652161,-0.017836544662714005,0.4562273621559143,0.6658264398574829,-0.02100456692278385,0.4757913053035736,0.6655701398849487,-0.022996293380856514,0.39305874705314636,0.6951842904090881,-0.015669701620936394,0.43266117572784424,0.7055816054344177,-0.026557963341474533,0.4210028648376465,0.7080568075180054,-0.02650105580687523,0.4055212438106537,0.7059922218322754,-0.023506788536906242,0.3916722238063812,0.7229549884796143,-0.019838698208332062,0.4235629737377167,0.7302432060241699,-0.02546933852136135,0.4124680459499359,0.7306608557701111,-0.01785505935549736,0.40007367730140686,0.7287487387657166,-0.011018062941730022,0.38796988129615784,0.7470829486846924,-0.024393027648329735,0.41284868121147156,0.7510068416595459,-0.02306981384754181,0.404179185628891,0.7498384118080139,-0.014728587120771408,0.39363324642181396,0.7483563423156738,-0.008234433829784393
74,74,1,1,1,1.0,1.0,1.0,0.5018023252487183,0.3564729392528534,-0.8346684575080872,0.9999880194664001,0.5251452922821045,0.31607550382614136,-0.809238612651825,0.9999812245368958,0.5390257835388184,0.31573474407196045,-0.8093387484550476,0.9999839067459106,0.5505669116973877,0.3160039186477661,-0.8090017437934875,0.9999794363975525,0.4874309003353119,0.31629714369773865,-0.8030713796615601,0.9999783039093018,0.47659578919410706,0.3166559636592865,-0.8029348254203796,0.9999790191650391,0.46979060769081116,0.31748729944229126,-0.8032708168029785,0.9999716877937317,0.5709004402160645,0.33917534351348877,-0.5289614796638489,0.9999819993972778,0.4604243338108063,0.339206337928772,-0.4940512180328369,0.99997878074646,0.5299095511436462,0.39664703607559204,-0.724191427230835,0.999993622303009,0.4816240668296814,0.3956682085990906,-0.7147142291069031,0.9999926090240479,0.6596226692199707,0.5627567768096924,-0.305990606546402,0.9999575614929199,0.37242165207862854,0.5442818403244019,-0.23163335025310516,0.9999127984046936,0.6924481391906738,0.9425902962684631,-0.5367098450660706,0.9938758015632629,0.28659647703170776,0.9183790683746338,-0.45206108689308167,0.9874804019927979,0.626755952835083,0.7548878192901611,-1.1583744287490845,0.9978477954864502,0.34645015001296997,0.7391319274902344,-1.1183885335922241,0.9947817325592041,0.5936145186424255,0.7280629277229309,-1.2748768329620361,0.9967570304870605,0.38149431347846985,0.7284442782402039,-1.2210769653320312,0.9874055981636047,0.5902472734451294,0.6861677765846252,-1.2577370405197144,0.9968098402023315,0.3898840546607971,0.6827062964439392,-1.2162314653396606,0.9873417019844055,0.5928701162338257,0.6869945526123047,-1.1598411798477173,0.9962420463562012,0.3849199414253235,0.6823870539665222,-1.1278913021087646,0.9860628843307495,0.5776036381721497,1.074006199836731,-0.013131000101566315,0.47055110335350037,0.4051550030708313,1.0577826499938965,0.01537285279482603,0.4685712158679962,0.5690933465957642,1.4715293645858765,0.041740912944078445,0.0019595595076680183,0.37388861179351807,1.4575690031051636,0.19324979186058044,0.001452776836231351,0.541915774345398,1.8208414316177368,0.47511762380599976,0.0001909033744595945,0.36427825689315796,1.8064666986465454,0.6406062841415405,0.00013058495824225247,0.5425489544868469,1.8679932355880737,0.4958062767982483,0.0002150135551346466,0.35611361265182495,1.8557764291763306,0.6750496625900269,0.0002368241548538208,0.515827476978302,1.9395443201065063,0.10193228721618652,0.00023412512382492423,0.38756540417671204,1.9217495918273926,0.261325478553772,0.0005480379331856966,0.6401378512382507,0.7548344135284424,-5.971406835669768e-08,0.6212730407714844,0.7172706127166748,-0.0006641268846578896,0.5857257843017578,0.7003023624420166,-0.005755576770752668,0.5556873083114624,0.707373857498169,-0.010780866257846355,0.535906970500946,0.722108781337738,-0.016570325940847397,0.5889949798583984,0.6807613968849182,-0.013122908771038055,0.5499599575996399,0.6833133697509766,-0.02175533026456833,0.5252565145492554,0.6842612624168396,-0.026922602206468582,0.5056566596031189,0.6855226159095764,-0.03094778023660183,0.5896495580673218,0.7049568295478821,-0.01850358583033085,0.5481137633323669,0.7188654541969299,-0.029211314395070076,0.5576706528663635,0.7237697243690491,-0.030375933274626732,0.5716891288757324,0.7222089171409607,-0.03025481477379799,0.592420756816864,0.732570469379425,-0.023004043847322464,0.5560281276702881,0.7443826198577881,-0.03251567482948303,0.5658280849456787,0.7459332346916199,-0.027142534032464027,0.5785265564918518,0.7434275150299072,-0.022271260619163513,0.5957086682319641,0.7600326538085938,-0.02725658006966114,0.5670140385627747,0.7642524838447571,-0.03342989459633827,0.5754812359809875,0.76448655128479,-0.02821686677634716,0.5872719883918762,0.7630652785301208,-0.02356223575770855,0.3235919177532196,0.7350384593009949,4.227652539157134e-08,0.34569472074508667,0.6975388526916504,-0.0005116562824696302,0.38164374232292175,0.6855695843696594,-0.004610252566635609,0.41080671548843384,0.6916220784187317,-0.009274023585021496,0.430033415555954,0.7027170658111572,-0.01339894812554121,0.3889252245426178,0.6759676337242126,-0.011972945183515549,0.4294312596321106,0.6733625531196594,-0.019858460873365402,0.4545084536075592,0.6727859377861023,-0.023516656830906868,0.47469082474708557,0.672583281993866,-0.02580537647008896,0.389814555644989,0.7023828029632568,-0.01719125546514988,0.4307572543621063,0.7126215100288391,-0.02910080924630165,0.4190177619457245,0.7140941023826599,-0.029269695281982422,0.4029480814933777,0.7118402123451233,-0.02622709423303604,0.38801756501197815,0.7300548553466797,-0.021605823189020157,0.4219232201576233,0.7366785407066345,-0.028194129467010498,0.4106427729129791,0.7367439270019531,-0.02036113664507866,0.3975137174129486,0.7352750301361084,-0.013121229596436024,0.38395199179649353,0.7542490363121033,-0.02643354795873165,0.41115474700927734,0.7579955458641052,-0.025952721014618874,0.4023527503013611,0.7562702894210815,-0.017458561807870865,0.39072903990745544,0.7546851634979248,-0.010717831552028656
75,75,1,1,1,1.0,1.0,1.0,0.5002872347831726,0.354779988527298,-0.8286845088005066,0.9999882578849792,0.5229416489601135,0.31443893909454346,-0.8033318519592285,0.9999816417694092,0.5368923544883728,0.3141888976097107,-0.8034359216690063,0.9999843835830688,0.548822283744812,0.3145092725753784,-0.8030891418457031,0.9999799728393555,0.4858608841896057,0.31505295634269714,-0.7953735589981079,0.9999786019325256,0.4754449427127838,0.31574976444244385,-0.7951966524124146,0.9999792575836182,0.46887797117233276,0.31673866510391235,-0.7955237627029419,0.9999718070030212,0.569334864616394,0.338032066822052,-0.5276148915290833,0.9999827146530151,0.45945724844932556,0.3391808569431305,-0.4831560552120209,0.9999788999557495,0.5285013318061829,0.394894003868103,-0.7208024263381958,0.9999938607215881,0.48057764768600464,0.39386433362960815,-0.708756685256958,0.9999926686286926,0.6594027280807495,0.5631833672523499,-0.3045561909675598,0.9999600648880005,0.37197956442832947,0.5450419783592224,-0.22996096312999725,0.9999135136604309,0.6926443576812744,0.942663311958313,-0.5340913534164429,0.9937451481819153,0.2865946888923645,0.9186345338821411,-0.4499020576477051,0.9874376058578491,0.6265265941619873,0.7591177225112915,-1.1404614448547363,0.9980166554450989,0.34559741616249084,0.7419372200965881,-1.1172034740447998,0.9949566721916199,0.5918423533439636,0.7347499132156372,-1.255290150642395,0.9969093203544617,0.37866073846817017,0.7359655499458313,-1.2202019691467285,0.9876007437705994,0.5880531072616577,0.6930733323097229,-1.2384332418441772,0.9969578385353088,0.38726305961608887,0.6898171305656433,-1.2157882452011108,0.9875311255455017,0.5910549759864807,0.6925430297851562,-1.141752004623413,0.9963871836662292,0.3827749490737915,0.6880086064338684,-1.1271218061447144,0.9862799048423767,0.5777016878128052,1.074984073638916,-0.013571454212069511,0.4654982089996338,0.4051362872123718,1.059500813484192,0.01581781916320324,0.46412453055381775,0.5696786642074585,1.471623182296753,0.04205285385251045,0.0018591793486848474,0.3745286166667938,1.4584803581237793,0.19320477545261383,0.0013724140590056777,0.5433040857315063,1.82090425491333,0.4741848111152649,0.00018466185429133475,0.36558854579925537,1.807291030883789,0.6349654197692871,0.00012191201676614583,0.5444616675376892,1.8680318593978882,0.4946266710758209,0.00021230100537650287,0.3579553961753845,1.856505036354065,0.6687383651733398,0.00022430313401855528,0.5165205001831055,1.9395697116851807,0.10103312879800797,0.00022578936477657408,0.38867586851119995,1.9224698543548584,0.25546836853027344,0.0005296651506796479,0.6408140659332275,0.7601726055145264,-6.341284830568839e-08,0.6200830340385437,0.7232705950737,-0.00022793604875914752,0.5835611820220947,0.7073395252227783,-0.0050848983228206635,0.5527439117431641,0.7166316509246826,-0.010061647742986679,0.5332891941070557,0.7328158020973206,-0.01581789180636406,0.5867515802383423,0.6885395646095276,-0.011258416809141636,0.5488587617874146,0.6932144165039062,-0.01968448795378208,0.5245972871780396,0.6957110166549683,-0.024883916601538658,0.505335807800293,0.697996973991394,-0.029068438336253166,0.587865948677063,0.7127273082733154,-0.01695968583226204,0.5472895503044128,0.7285661697387695,-0.02771935984492302,0.5576283931732178,0.7326759099960327,-0.029088174924254417,0.5716790556907654,0.7296938896179199,-0.029179828241467476,0.5911019444465637,0.7402352690696716,-0.02188063971698284,0.5552939772605896,0.7536423206329346,-0.03159156069159508,0.5654697418212891,0.7549013495445251,-0.026314906775951385,0.5782902240753174,0.7515715956687927,-0.021493954584002495,0.5946578979492188,0.7681105732917786,-0.02653915248811245,0.5656684041023254,0.7741533517837524,-0.03278832882642746,0.5741898417472839,0.7739942073822021,-0.027677521109580994,0.5858732461929321,0.7719205617904663,-0.023133238777518272,0.3220893144607544,0.743217408657074,4.315175061719856e-08,0.34446850419044495,0.7060810327529907,-0.0009230008581653237,0.38098427653312683,0.6949828863143921,-0.005448811687529087,0.41116607189178467,0.7013660073280334,-0.010415023192763329,0.4316299259662628,0.7113332748413086,-0.014824735932052135,0.38575488328933716,0.6847362518310547,-0.013886482454836369,0.4276282787322998,0.6827577948570251,-0.022237973287701607,0.45290395617485046,0.6825820803642273,-0.025868434458971024,0.4732173681259155,0.6822698712348938,-0.02800557017326355,0.38615426421165466,0.7114031314849854,-0.01909511536359787,0.4291849136352539,0.7207326292991638,-0.03161974251270294,0.4174492061138153,0.7217346429824829,-0.03146219253540039,0.40104350447654724,0.7194300293922424,-0.028072506189346313,0.38420283794403076,0.7389031648635864,-0.023457013070583344,0.42079681158065796,0.7441796064376831,-0.03062235563993454,0.4092227518558502,0.7438778877258301,-0.022331498563289642,0.39555689692497253,0.7428527474403381,-0.014608081430196762,0.3803372383117676,0.7629952430725098,-0.028226133435964584,0.41001713275909424,0.7656794190406799,-0.028224004432559013,0.4013577699661255,0.7638055086135864,-0.019530218094587326,0.3890689015388489,0.7627990245819092,-0.012571539729833603
76,76,1,1,1,1.0,1.0,1.0,0.4989713132381439,0.354129433631897,-0.8327081799507141,0.9999884366989136,0.5211585164070129,0.3138873875141144,-0.8068128824234009,0.9999819993972778,0.5352385640144348,0.313549667596817,-0.8069249987602234,0.9999848008155823,0.5475388765335083,0.31376418471336365,-0.8065856099128723,0.9999804496765137,0.4844375550746918,0.3147796094417572,-0.799039900302887,0.9999788403511047,0.4744080901145935,0.3155909478664398,-0.798847496509552,0.9999794960021973,0.4680156707763672,0.3166203796863556,-0.7991812825202942,0.9999719858169556,0.5682411789894104,0.3372119665145874,-0.5288290977478027,0.9999833703041077,0.458768755197525,0.3392057418823242,-0.484307199716568,0.9999791383743286,0.5274757146835327,0.39431506395339966,-0.7241808176040649,0.9999940991401672,0.4798460900783539,0.39331552386283875,-0.7121766209602356,0.9999927878379822,0.659149706363678,0.5632212162017822,-0.30675503611564636,0.9999622106552124,0.3719090521335602,0.5458899140357971,-0.23730942606925964,0.9999138712882996,0.6928054094314575,0.9426764249801636,-0.5341500043869019,0.9935755133628845,0.28658124804496765,0.9186446070671082,-0.46113499999046326,0.9873955249786377,0.6259087920188904,0.763003408908844,-1.143465518951416,0.9981576204299927,0.344569593667984,0.7499484419822693,-1.1406984329223633,0.9950716495513916,0.5902776122093201,0.7443285584449768,-1.2598812580108643,0.9970051646232605,0.3774935007095337,0.7453834414482117,-1.2492655515670776,0.9876506328582764,0.5835222005844116,0.7043161988258362,-1.2428343296051025,0.9970535039901733,0.38569125533103943,0.6990746259689331,-1.2492811679840088,0.9875904321670532,0.5868173241615295,0.7022632956504822,-1.1452162265777588,0.9964656829833984,0.38135939836502075,0.6965360045433044,-1.1529594659805298,0.9863448739051819,0.5776864886283875,1.075276494026184,-0.013567803427577019,0.4620533883571625,0.40546998381614685,1.0594290494918823,0.01581447198987007,0.4613169729709625,0.5698865056037903,1.4716343879699707,0.047976572066545486,0.0017903674161061645,0.3747221529483795,1.4586955308914185,0.19825264811515808,0.0013075682800263166,0.5439948439598083,1.8208907842636108,0.4836793541908264,0.00018137949518859386,0.36632198095321655,1.8075648546218872,0.6482345461845398,0.00011472160258563235,0.5452952980995178,1.867997407913208,0.5042354464530945,0.00021335671772249043,0.3592591881752014,1.8567780256271362,0.682620108127594,0.0002142233424820006,0.5168079733848572,1.9395281076431274,0.10631940513849258,0.00022034278663340956,0.38909462094306946,1.9226163625717163,0.2657882571220398,0.0005169915966689587,0.6392135620117188,0.7685079574584961,-5.869152275295164e-08,0.6180484890937805,0.7328785061836243,-0.00041612761560827494,0.5820409059524536,0.7184611558914185,-0.005496905650943518,0.5519387722015381,0.7275131940841675,-0.010637695901095867,0.532361626625061,0.7431236505508423,-0.016506796702742577,0.5849389433860779,0.6990872621536255,-0.012559260241687298,0.5463256239891052,0.7039480805397034,-0.021454380825161934,0.5215839147567749,0.7070940732955933,-0.02691872976720333,0.5019037127494812,0.7098453640937805,-0.03120892122387886,0.5863855481147766,0.723395824432373,-0.018275413662195206,0.5449771881103516,0.739371120929718,-0.02948387898504734,0.5548848509788513,0.7434561848640442,-0.03092660754919052,0.5688043236732483,0.7404677867889404,-0.03097771294414997,0.5899531841278076,0.7506260275840759,-0.023159973323345184,0.5531376004219055,0.7648113369941711,-0.0330442376434803,0.563083291053772,0.7659376263618469,-0.02750827558338642,0.5759946703910828,0.762374758720398,-0.022486494854092598,0.5938897132873535,0.7779465913772583,-0.027807166799902916,0.5644704699516296,0.785190224647522,-0.03423836827278137,0.5729993581771851,0.7847613096237183,-0.028978945687413216,0.5848924517631531,0.7822362780570984,-0.02428319863975048,0.31892162561416626,0.7535078525543213,5.203238728768156e-08,0.341854453086853,0.7171950340270996,-0.00025699377874843776,0.3778024911880493,0.7066746354103088,-0.004228321835398674,0.4068974554538727,0.7131974101066589,-0.008821089752018452,0.42673248052597046,0.72359299659729,-0.012946796603500843,0.3837908208370209,0.6958988904953003,-0.011982041411101818,0.42473170161247253,0.694218635559082,-0.02006501890718937,0.4500569999217987,0.6943333148956299,-0.024065373465418816,0.47031596302986145,0.6943860054016113,-0.026487935334444046,0.38468655943870544,0.7222636342048645,-0.017250515520572662,0.4274502694606781,0.7314829230308533,-0.028608698397874832,0.417720228433609,0.7333482503890991,-0.0288670863956213,0.40254583954811096,0.7314732074737549,-0.026002109050750732,0.38301974534988403,0.749557614326477,-0.02168610692024231,0.41882190108299255,0.7560637593269348,-0.0277370847761631,0.40857425332069397,0.755830705165863,-0.020154234021902084,0.39529019594192505,0.7541409134864807,-0.013182103633880615,0.3790895640850067,0.7733395099639893,-0.026558030396699905,0.4073414206504822,0.7770713567733765,-0.026064222678542137,0.39913421869277954,0.7756001949310303,-0.017900018021464348,0.38715672492980957,0.7739790678024292,-0.011384141631424427
77,77,1,1,1,1.0,1.0,1.0,0.49818530678749084,0.35354501008987427,-0.8556687235832214,0.9999883770942688,0.5200735926628113,0.3134390413761139,-0.8288285136222839,0.9999820590019226,0.5342391729354858,0.31294167041778564,-0.8289359211921692,0.9999849796295166,0.5467349290847778,0.313012033700943,-0.8286118507385254,0.999980628490448,0.48339715600013733,0.3146238327026367,-0.8224133253097534,0.9999786615371704,0.47361770272254944,0.3154870867729187,-0.8222355842590332,0.9999793767929077,0.46731358766555786,0.31651630997657776,-0.8225662112236023,0.9999716281890869,0.5673531293869019,0.33610591292381287,-0.546290934085846,0.9999837875366211,0.45827069878578186,0.3392033278942108,-0.5069941878318787,0.9999790191650391,0.5268710851669312,0.3937686085700989,-0.7456859946250916,0.9999942183494568,0.4794025421142578,0.3928077518939972,-0.735056459903717,0.9999927282333374,0.6589983701705933,0.5632529854774475,-0.32129615545272827,0.9999639391899109,0.3717818260192871,0.5469065308570862,-0.2636495530605316,0.9999127984046936,0.6929126381874084,0.9427929520606995,-0.5378991961479187,0.9931358098983765,0.28656500577926636,0.9183120131492615,-0.481445848941803,0.9871479868888855,0.6254762411117554,0.7711507081985474,-1.144152283668518,0.998259961605072,0.3435346484184265,0.7623189687728882,-1.1578631401062012,0.9950355887413025,0.59004807472229,0.7566432356834412,-1.2647780179977417,0.9970130920410156,0.37618163228034973,0.7576603293418884,-1.268829107284546,0.9872810244560242,0.5814055800437927,0.7171634435653687,-1.255916953086853,0.9970665574073792,0.3842596411705017,0.7100604772567749,-1.2730849981307983,0.9872506260871887,0.5846525430679321,0.7139826416969299,-1.149388074874878,0.9964427947998047,0.3801705241203308,0.7066096663475037,-1.1718249320983887,0.9859919548034668,0.5776993036270142,1.0752921104431152,-0.012718083336949348,0.45818811655044556,0.4058162569999695,1.0583328008651733,0.014940159395337105,0.4576539695262909,0.5701751112937927,1.471532940864563,0.06620194762945175,0.0017398633062839508,0.3750030994415283,1.458740472793579,0.19798430800437927,0.0012505385093390942,0.5453174114227295,1.8207981586456299,0.5129204392433167,0.00018237203767057508,0.3674091696739197,1.8076359033584595,0.6506955623626709,0.00010837622539838776,0.546862781047821,1.8679343461990356,0.5344550013542175,0.0002204066695412621,0.36091262102127075,1.8568543195724487,0.6851807832717896,0.00020564957230817527,0.5177019238471985,1.9393450021743774,0.13333523273468018,0.0002178081776946783,0.39038148522377014,1.9226924180984497,0.26449066400527954,0.0005066965240985155,0.639127254486084,0.7788729667663574,-5.420826099111764e-08,0.6171600818634033,0.743765115737915,-0.0006545408978126943,0.5800964832305908,0.7303961515426636,-0.005632102955132723,0.5497661232948303,0.7393699884414673,-0.010598074644804,0.5311746001243591,0.7560755610466003,-0.0162742268294096,0.5835169553756714,0.7124788761138916,-0.01257679145783186,0.5448169708251953,0.7179082036018372,-0.0214098934084177,0.5197087526321411,0.7222808599472046,-0.02670009434223175,0.4999478757381439,0.7259862422943115,-0.030796803534030914,0.5850197076797485,0.736689031124115,-0.01821957342326641,0.542180061340332,0.7510031461715698,-0.029496103525161743,0.5508642792701721,0.7557981610298157,-0.03088359721004963,0.5647938847541809,0.7541638016700745,-0.030648263171315193,0.588717520236969,0.763761579990387,-0.023032506927847862,0.551462709903717,0.7772614359855652,-0.03308091312646866,0.5614587664604187,0.777915358543396,-0.027718106284737587,0.5751083493232727,0.7743607759475708,-0.02255025878548622,0.5928420424461365,0.790499746799469,-0.027627568691968918,0.5627760887145996,0.7978308200836182,-0.03405555710196495,0.5710380673408508,0.7969799041748047,-0.02889144979417324,0.5835216045379639,0.7943783402442932,-0.024189207702875137,0.3184085488319397,0.7657957673072815,5.326092988866549e-08,0.34176644682884216,0.7296368479728699,-0.0008061219705268741,0.37845343351364136,0.7211081385612488,-0.005480677355080843,0.4087387025356293,0.7293990850448608,-0.010507754981517792,0.4300580322742462,0.7387217283248901,-0.015035608783364296,0.3816796541213989,0.7093735933303833,-0.014798265881836414,0.42391782999038696,0.7097631692886353,-0.023010265082120895,0.4495261311531067,0.7111740112304688,-0.026628246530890465,0.4697078466415405,0.7120726108551025,-0.028646128252148628,0.38188326358795166,0.7363713383674622,-0.019750649109482765,0.4260799288749695,0.7475998997688293,-0.030968375504016876,0.4168906509876251,0.7486050128936768,-0.030467648059129715,0.40135541558265686,0.7459788918495178,-0.027220137417316437,0.37992042303085327,0.764186680316925,-0.02377362921833992,0.4177871346473694,0.7717776894569397,-0.029420075938105583,0.40778848528862,0.7706895470619202,-0.021054334938526154,0.3940590023994446,0.7689991593360901,-0.013700774870812893,0.3758924901485443,0.7885910868644714,-0.02824750542640686,0.4062027335166931,0.7924916744232178,-0.027344102039933205,0.39825135469436646,0.7901465892791748,-0.018646450713276863,0.3857007622718811,0.7886105179786682,-0.011861404404044151
78,78,1,1,1,1.0,1.0,1.0,0.4978448450565338,0.35298675298690796,-0.9162660837173462,0.999988317489624,0.5193387866020203,0.31271523237228394,-0.8865119814872742,0.9999821186065674,0.5335069894790649,0.31208327412605286,-0.8866429328918457,0.9999851584434509,0.5460206270217896,0.3120691180229187,-0.8863440752029419,0.9999808073043823,0.4826013147830963,0.3143981099128723,-0.8828527331352234,0.9999785423278809,0.47294220328330994,0.31538763642311096,-0.8827068209648132,0.9999794363975525,0.46665501594543457,0.3164587616920471,-0.8830434679985046,0.9999714493751526,0.5663725733757019,0.3345928192138672,-0.5846548676490784,0.9999842047691345,0.4574051797389984,0.33935844898223877,-0.5565122961997986,0.9999791383743286,0.526795506477356,0.393272340297699,-0.7988158464431763,0.9999943375587463,0.4792059361934662,0.3925890326499939,-0.7912930250167847,0.9999927282333374,0.6587188243865967,0.5634896755218506,-0.34220433235168457,0.9999651908874512,0.37145137786865234,0.5483177900314331,-0.3058012127876282,0.9999100565910339,0.6929461359977722,0.9425683617591858,-0.5436592102050781,0.9924517273902893,0.2865516245365143,0.9183152318000793,-0.51807701587677,0.9868128299713135,0.6241376996040344,0.7845014929771423,-1.1643579006195068,0.9982965588569641,0.34276941418647766,0.7882004380226135,-1.202138066291809,0.9947293996810913,0.5887993574142456,0.7764938473701477,-1.2935402393341064,0.9968429207801819,0.37507885694503784,0.7809757590293884,-1.3203295469284058,0.9861946702003479,0.580124020576477,0.7330353260040283,-1.2939682006835938,0.9969144463539124,0.3829415440559387,0.7321513295173645,-1.3311855792999268,0.9862272143363953,0.5838501453399658,0.7282648682594299,-1.1749235391616821,0.9962102770805359,0.3789689242839813,0.7285894751548767,-1.218793272972107,0.9849381446838379,0.5775948166847229,1.0754631757736206,-0.01116899587213993,0.4504615366458893,0.4060102105140686,1.0585706233978271,0.013383254408836365,0.45002347230911255,0.5706150531768799,1.472515344619751,0.0913364589214325,0.0016981975641101599,0.3750004768371582,1.4605830907821655,0.2052323818206787,0.0011965017765760422,0.546144425868988,1.8214325904846191,0.5639732480049133,0.00018844177247956395,0.3673967719078064,1.8096801042556763,0.6798776388168335,0.00010353620018577203,0.5476579070091248,1.8687759637832642,0.5871192216873169,0.00023411045549437404,0.36101025342941284,1.8590872287750244,0.7158958911895752,0.0002008415904128924,0.518169641494751,1.9398609399795532,0.17206916213035583,0.0002174899709643796,0.3904227018356323,1.9253965616226196,0.27955883741378784,0.000504310941323638,0.6375251412391663,0.7908192276954651,-4.6179554402669964e-08,0.6154588460922241,0.7562437057495117,-0.000864058209117502,0.5783767700195312,0.7447987794876099,-0.005737815983593464,0.5483949780464172,0.7537707090377808,-0.010512254200875759,0.5300689935684204,0.7710092663764954,-0.016001714393496513,0.5810453295707703,0.7287364602088928,-0.013052145019173622,0.5414289236068726,0.7347816228866577,-0.021592095494270325,0.5167364478111267,0.7393301725387573,-0.02652495913207531,0.49732866883277893,0.7428597807884216,-0.030308863148093224,0.5827144384384155,0.7534420490264893,-0.018429532647132874,0.5395468473434448,0.7674628496170044,-0.0293425265699625,0.5477049946784973,0.7714632749557495,-0.030622992664575577,0.5612760186195374,0.7701457738876343,-0.030308274552226067,0.5868778228759766,0.7802993655204773,-0.022913843393325806,0.5494009256362915,0.7937513589859009,-0.032551754266023636,0.5590277314186096,0.7934824228286743,-0.027272244915366173,0.5725439786911011,0.7903160452842712,-0.022220158949494362,0.5915870666503906,0.806420087814331,-0.027189912274479866,0.5614870190620422,0.8140944838523865,-0.033471863716840744,0.5696773529052734,0.812358021736145,-0.02842128276824951,0.5822556614875793,0.8094226717948914,-0.023841558024287224,0.3186703622341156,0.7777189016342163,6.121300799577511e-08,0.34331047534942627,0.7423732280731201,-0.0011504015419632196,0.379869282245636,0.734435498714447,-0.00548380333930254,0.40806105732917786,0.7444159388542175,-0.010197131894528866,0.42739343643188477,0.7564311027526855,-0.014467460103332996,0.3820597231388092,0.7279142141342163,-0.01389685645699501,0.42285701632499695,0.7293998599052429,-0.02252047508955002,0.44792890548706055,0.7317177057266235,-0.026153147220611572,0.46750307083129883,0.7346888780593872,-0.027909262105822563,0.38131120800971985,0.7558010816574097,-0.019102895632386208,0.4285719394683838,0.764035165309906,-0.032200898975133896,0.41918274760246277,0.7623062133789062,-0.0322963148355484,0.4021604657173157,0.7601661682128906,-0.028222491964697838,0.3783293664455414,0.7838371396064758,-0.023514797911047935,0.4167933166027069,0.7888511419296265,-0.0308731347322464,0.4066469371318817,0.7855181097984314,-0.023382263258099556,0.3931567072868347,0.7843351364135742,-0.015519877895712852,0.37362149357795715,0.8082218170166016,-0.028327010571956635,0.4044641852378845,0.8097390532493591,-0.02832457609474659,0.39681920409202576,0.8059208989143372,-0.01995914988219738,0.38487279415130615,0.8051981329917908,-0.012926725670695305
79,79,1,1,1,1.0,1.0,1.0,0.4977175295352936,0.352261483669281,-0.9718326330184937,0.9999886155128479,0.5190315842628479,0.31203344464302063,-0.9416341781616211,0.9999825954437256,0.5332132577896118,0.31139513850212097,-0.941753089427948,0.9999857544898987,0.5456891655921936,0.31140708923339844,-0.9414550065994263,0.9999814033508301,0.4821651875972748,0.313961386680603,-0.9393237829208374,0.9999789595603943,0.47253575921058655,0.3151228725910187,-0.9392038583755493,0.9999800324440002,0.4663143754005432,0.3162630796432495,-0.9394983053207397,0.9999719262123108,0.5656386613845825,0.33358198404312134,-0.6296312212944031,0.9999849796295166,0.45682334899902344,0.3393893241882324,-0.6087471842765808,0.9999797344207764,0.5267988443374634,0.3928312361240387,-0.8503408432006836,0.9999945759773254,0.47903141379356384,0.39224773645401,-0.8446000218391418,0.9999929070472717,0.6584120988845825,0.5636047124862671,-0.3722391724586487,0.9999672770500183,0.3712088167667389,0.5498250722885132,-0.34154200553894043,0.9999088644981384,0.6931627988815308,0.9419668912887573,-0.5432626008987427,0.9920210242271423,0.28633859753608704,0.9181696176528931,-0.5403927564620972,0.9864686727523804,0.6229482293128967,0.7955468893051147,-1.1615666151046753,0.9983515739440918,0.341275155544281,0.8067466616630554,-1.2378036975860596,0.9944831728935242,0.5888695120811462,0.7939626574516296,-1.2922180891036987,0.996772825717926,0.3710062503814697,0.799605131149292,-1.3600637912750244,0.9853434562683105,0.5800756216049194,0.749747097492218,-1.2932583093643188,0.9968618750572205,0.3804326355457306,0.7507475018501282,-1.3775441646575928,0.9854356646537781,0.5836326479911804,0.7427127361297607,-1.1741840839385986,0.9961109161376953,0.37764573097229004,0.7470626831054688,-1.2570778131484985,0.9841655492782593,0.5775601267814636,1.075324535369873,-0.010479772463440895,0.4444238841533661,0.40601974725723267,1.058496117591858,0.012672183103859425,0.4423108696937561,0.5707462430000305,1.4725284576416016,0.11938361078500748,0.0016716296086087823,0.37491148710250854,1.4611769914627075,0.21416763961315155,0.001144138048402965,0.546665370464325,1.8213019371032715,0.611763596534729,0.00020655123807955533,0.3673267066478729,1.8101046085357666,0.7007834911346436,9.987696103053167e-05,0.5482697486877441,1.8686679601669312,0.6367436051368713,0.00026866214466281235,0.3609795868396759,1.859545350074768,0.7379647493362427,0.0002001107786782086,0.5182815790176392,1.9398051500320435,0.2215222418308258,0.00022145267575979233,0.3904115855693817,1.926216721534729,0.29682981967926025,0.0005047956365160644,0.6349737644195557,0.8018010854721069,-3.874392007219285e-08,0.6112379431724548,0.7690966129302979,-0.0012049763463437557,0.5740816593170166,0.7602548003196716,-0.006460203323513269,0.5447028875350952,0.7717723846435547,-0.011615172028541565,0.5269151329994202,0.7905082702636719,-0.017525456845760345,0.5767924189567566,0.7455800175666809,-0.013937396928668022,0.5372104644775391,0.7545279860496521,-0.02259841561317444,0.5130617618560791,0.760504961013794,-0.027460649609565735,0.49385151267051697,0.7654041051864624,-0.031224669888615608,0.579870879650116,0.7704746127128601,-0.019314328208565712,0.5382804870605469,0.7864691615104675,-0.030366618186235428,0.5478042960166931,0.788715124130249,-0.03159656003117561,0.5613703727722168,0.7857667803764343,-0.03138643503189087,0.5853087902069092,0.797150731086731,-0.023801058530807495,0.5487402677536011,0.8119240999221802,-0.033595118671655655,0.5586711764335632,0.8106472492218018,-0.02792978659272194,0.5716903209686279,0.806850254535675,-0.02272300235927105,0.5908748507499695,0.8233556747436523,-0.028104152530431747,0.560817301273346,0.8317537307739258,-0.034407373517751694,0.5691831111907959,0.8292204141616821,-0.02897431142628193,0.5814621448516846,0.8260321617126465,-0.02423015423119068,0.3189292848110199,0.7918002605438232,4.868349634534752e-08,0.3437146246433258,0.7587906718254089,-0.0013765288749709725,0.3795498311519623,0.7526869177818298,-0.00554139818996191,0.40642404556274414,0.7641451954841614,-0.009765313938260078,0.424163818359375,0.7778626680374146,-0.01364054437726736,0.38331830501556396,0.7494855523109436,-0.015367193147540092,0.42333632707595825,0.7540529370307922,-0.023356400430202484,0.4468196630477905,0.7571503520011902,-0.026417186483740807,0.4649692177772522,0.7606300711631775,-0.02792077139019966,0.3810198903083801,0.7777188420295715,-0.019933896139264107,0.4266353249549866,0.7884072065353394,-0.03186045587062836,0.41777071356773376,0.7848715782165527,-0.031100554391741753,0.401739239692688,0.7815610766410828,-0.02688872255384922,0.3765125274658203,0.8050824403762817,-0.023644398897886276,0.41524630784988403,0.8124335408210754,-0.030434103682637215,0.40555712580680847,0.8071582317352295,-0.022939614951610565,0.3921552002429962,0.8048888444900513,-0.015363279730081558,0.37053945660591125,0.8284521698951721,-0.02767341025173664,0.4011037051677704,0.8320443630218506,-0.02815072052180767,0.39417698979377747,0.8265705108642578,-0.020424440503120422,0.38261523842811584,0.8244563341140747,-0.01388848852366209
80,80,1,1,1,1.0,1.0,1.0,0.4977342486381531,0.3513507843017578,-0.9514977335929871,0.9999892711639404,0.5190897583961487,0.3112330734729767,-0.917159378528595,0.999983549118042,0.5332526564598083,0.3107474744319916,-0.9172977209091187,0.9999865889549255,0.5456651449203491,0.31092146039009094,-0.9169628024101257,0.999982476234436,0.4821467399597168,0.3131837546825409,-0.9168037176132202,0.9999800324440002,0.472430557012558,0.31448590755462646,-0.9166361093521118,0.9999811053276062,0.46620720624923706,0.3157079815864563,-0.9169541597366333,0.9999732375144958,0.565170168876648,0.33312714099884033,-0.6013383865356445,0.999985933303833,0.4564860761165619,0.3392757177352905,-0.5858421325683594,0.9999808073043823,0.5269094109535217,0.39233794808387756,-0.8279191851615906,0.9999949336051941,0.4790137708187103,0.39170700311660767,-0.8251808881759644,0.9999933242797852,0.6581442356109619,0.5640614032745361,-0.3600209057331085,0.9999695420265198,0.37108659744262695,0.551169216632843,-0.32801946997642517,0.9999090433120728,0.6938854455947876,0.9397250413894653,-0.49584347009658813,0.9919106960296631,0.28604957461357117,0.914881706237793,-0.5367556810379028,0.986133337020874,0.6210212707519531,0.8090076446533203,-1.1140098571777344,0.9984161853790283,0.3400754928588867,0.8193843364715576,-1.2513989210128784,0.9942051768302917,0.5888867974281311,0.8115167617797852,-1.2479737997055054,0.996746838092804,0.36708909273147583,0.8192511796951294,-1.3786358833312988,0.9845219850540161,0.5796240568161011,0.7673671245574951,-1.258622407913208,0.9968582987785339,0.37896502017974854,0.77150958776474,-1.3999056816101074,0.9847097992897034,0.5830181837081909,0.7580541968345642,-1.1284427642822266,0.9960631728172302,0.3769693374633789,0.7645828127861023,-1.2728115320205688,0.9834550619125366,0.5775071382522583,1.0759785175323486,-0.007578229997307062,0.4336451292037964,0.406027227640152,1.0590150356292725,0.00981422420591116,0.42926526069641113,0.5709760189056396,1.4737162590026855,0.1275305300951004,0.0016174691263586283,0.3747715353965759,1.4627704620361328,0.21247534453868866,0.001076635206118226,0.5466451048851013,1.8215757608413696,0.6320813298225403,0.00021020218264311552,0.36666569113731384,1.8112068176269531,0.6833432912826538,9.481159213464707e-05,0.5481488704681396,1.8688856363296509,0.6571716070175171,0.00027766788844019175,0.36071398854255676,1.8607069253921509,0.7192602157592773,0.00019373920804355294,0.5181963443756104,1.939915418624878,0.23513099551200867,0.00021869174088351429,0.3897877037525177,1.9266655445098877,0.2837618887424469,0.0004956130287609994,0.6331091523170471,0.8164375424385071,-3.906394496766552e-08,0.6079198122024536,0.7858610153198242,-0.000899149919860065,0.5714501142501831,0.7802737355232239,-0.005923556163907051,0.5427777171134949,0.7940464019775391,-0.010940836742520332,0.5249705910682678,0.8115408420562744,-0.016652528196573257,0.5741797089576721,0.7649369835853577,-0.013849069364368916,0.5344213843345642,0.7769664525985718,-0.02269338071346283,0.5100898146629333,0.7852488160133362,-0.02754863351583481,0.49096760153770447,0.792314350605011,-0.031149640679359436,0.5786007642745972,0.7904490828514099,-0.019344622269272804,0.5360797643661499,0.8086576461791992,-0.03065372444689274,0.5456313490867615,0.8098089098930359,-0.0319502055644989,0.5595874786376953,0.8057188391685486,-0.031497158110141754,0.5852213501930237,0.8167075514793396,-0.02388007566332817,0.5485568642616272,0.8335896134376526,-0.033598028123378754,0.5580497980117798,0.8310225605964661,-0.02766997553408146,0.570968508720398,0.8258997201919556,-0.022117242217063904,0.5918348431587219,0.841967761516571,-0.02821403555572033,0.5617721080780029,0.8518386483192444,-0.034147780388593674,0.5696513652801514,0.8481276631355286,-0.02823527716100216,0.5817587971687317,0.8438884615898132,-0.02306724153459072,0.3190288245677948,0.8090711236000061,5.269121672313304e-08,0.34495508670806885,0.7772668600082397,-0.0013038829201832414,0.38145050406455994,0.7740085124969482,-0.005250688176602125,0.4071436822414398,0.7881628274917603,-0.00913134403526783,0.42318448424339294,0.8046361207962036,-0.012613281607627869,0.384409636259079,0.7718173265457153,-0.015973500907421112,0.42389917373657227,0.7817845344543457,-0.022983988747000694,0.44603753089904785,0.7867748141288757,-0.025246726348996162,0.46294105052948,0.7915746569633484,-0.026302339509129524,0.37960895895957947,0.8004223108291626,-0.020422210916876793,0.4257793426513672,0.8146094083786011,-0.03146204724907875,0.4190809428691864,0.8082087635993958,-0.030523845925927162,0.40413400530815125,0.8029802441596985,-0.026376254856586456,0.37355944514274597,0.8274850845336914,-0.02383963018655777,0.41342008113861084,0.8382046818733215,-0.029898282140493393,0.40512263774871826,0.8304871320724487,-0.022581856697797775,0.3919563293457031,0.8268054723739624,-0.015247886069118977,0.36672574281692505,0.8501744270324707,-0.02753683552145958,0.3985329866409302,0.856513261795044,-0.027624933049082756,0.3924299478530884,0.8496602773666382,-0.019938955083489418,0.38056835532188416,0.8466163277626038,-0.01348546240478754
81,81,1,1,1,1.0,1.0,1.0,0.49775177240371704,0.3512285649776459,-0.9438030123710632,0.999989926815033,0.5190953612327576,0.31103745102882385,-0.9076123237609863,0.9999845027923584,0.5332436561584473,0.3105578124523163,-0.9077860713005066,0.9999874234199524,0.5456005334854126,0.31076398491859436,-0.9074164628982544,0.9999834895133972,0.482084184885025,0.31300076842308044,-0.9083051681518555,0.9999811053276062,0.47229623794555664,0.3143357038497925,-0.908100426197052,0.9999821782112122,0.4660336971282959,0.3155532777309418,-0.9084646105766296,0.9999746680259705,0.5647436380386353,0.3328601121902466,-0.5896790027618408,0.9999868869781494,0.4560248851776123,0.33922451734542847,-0.5740603804588318,0.9999819397926331,0.5269583463668823,0.39230355620384216,-0.8176040649414062,0.9999952912330627,0.47900885343551636,0.3916759192943573,-0.8162945508956909,0.9999936819076538,0.6580498814582825,0.5641350150108337,-0.3372719883918762,0.9999715089797974,0.3707599341869354,0.5524011254310608,-0.3205330967903137,0.9999083876609802,0.6955925822257996,0.9349852204322815,-0.457783043384552,0.9917269945144653,0.28603509068489075,0.9082096219062805,-0.5313904881477356,0.9853537082672119,0.6190961003303528,0.8207871913909912,-1.070928692817688,0.998449444770813,0.3398464620113373,0.8366584777832031,-1.2584320306777954,0.9934713244438171,0.5889240503311157,0.8288267850875854,-1.2040011882781982,0.9966506958007812,0.3673537075519562,0.844816267490387,-1.3898192644119263,0.9828847050666809,0.5778713822364807,0.7879563570022583,-1.2156851291656494,0.996798038482666,0.37913697957992554,0.7972443699836731,-1.4148550033569336,0.9832813143730164,0.5802884101867676,0.775257408618927,-1.085496425628662,0.995930552482605,0.3770313560962677,0.788123369216919,-1.2818883657455444,0.9819942712783813,0.5774427056312561,1.0764753818511963,-0.006252233870327473,0.4163776934146881,0.4061826169490814,1.0592739582061768,0.008552616462111473,0.410902738571167,0.5715746283531189,1.4746730327606201,0.1291174441576004,0.0015662402147427201,0.37485846877098083,1.4641026258468628,0.2052881419658661,0.001014792243950069,0.5464602112770081,1.8215807676315308,0.6363314390182495,0.00021022287546657026,0.36661285161972046,1.81192946434021,0.6740990281105042,9.081917960429564e-05,0.5474559664726257,1.8688496351242065,0.6609737873077393,0.0002802251256071031,0.3607117235660553,1.8617687225341797,0.70952308177948,0.00018979878223035485,0.5179637670516968,1.9399611949920654,0.23406259715557098,0.00021657142497133464,0.389528751373291,1.926661729812622,0.27724695205688477,0.0004947332199662924,0.631817102432251,0.8314108848571777,-3.5366738870834524e-08,0.6070036888122559,0.803270697593689,-0.0005950363702140749,0.5708822011947632,0.8012179136276245,-0.005575810559093952,0.5434152483940125,0.8152887225151062,-0.010345524176955223,0.5238432288169861,0.8286158442497253,-0.01591918058693409,0.5704408884048462,0.7878458499908447,-0.016136204823851585,0.5302760004997253,0.8037299513816833,-0.024581022560596466,0.5062275528907776,0.81365966796875,-0.028980646282434464,0.4875989258289337,0.8222801089286804,-0.032191935926675797,0.5757876038551331,0.8145210146903992,-0.02114560641348362,0.5331742763519287,0.8349958658218384,-0.03139020875096321,0.5425654053688049,0.8331334590911865,-0.031827330589294434,0.5567360520362854,0.8274983167648315,-0.03112490102648735,0.5836811661720276,0.8402066230773926,-0.02496984414756298,0.5456443428993225,0.8572508096694946,-0.0333990752696991,0.5551745891571045,0.8530988097190857,-0.027020474895834923,0.5681339502334595,0.8477601408958435,-0.02167675271630287,0.5919657349586487,0.8635342121124268,-0.028538262471556664,0.5609635710716248,0.8740785121917725,-0.03424684703350067,0.568803071975708,0.8690643310546875,-0.028419431298971176,0.5808980464935303,0.8645178079605103,-0.02342064678668976,0.3194226026535034,0.8264305591583252,4.155335986411046e-08,0.34817779064178467,0.7976101040840149,-0.0030880204867571592,0.3871511220932007,0.8003630638122559,-0.007435562089085579,0.41551849246025085,0.8181367516517639,-0.011225219815969467,0.4348190128803253,0.8349694013595581,-0.014340431429445744,0.38425084948539734,0.796558678150177,-0.017336590215563774,0.42133983969688416,0.8108974099159241,-0.025175034999847412,0.4430065453052521,0.8176842331886292,-0.027501888573169708,0.4600842595100403,0.8242583870887756,-0.028669673949480057,0.37737828493118286,0.8249652981758118,-0.02162845991551876,0.4231190085411072,0.8447273969650269,-0.03507864847779274,0.41381701827049255,0.8367639780044556,-0.0340941958129406,0.3974299728870392,0.8295344114303589,-0.02930651418864727,0.36958059668540955,0.8513823747634888,-0.02519078366458416,0.4097720682621002,0.8664772510528564,-0.03343363478779793,0.4005090594291687,0.8579254150390625,-0.02517572045326233,0.38730859756469727,0.8532747626304626,-0.016668036580085754,0.3611292243003845,0.873235821723938,-0.0291527658700943,0.3933626115322113,0.882713258266449,-0.029795119538903236,0.38712865114212036,0.8748785257339478,-0.021390484645962715,0.37543484568595886,0.8710509538650513,-0.014465692453086376
82,82,1,1,1,1.0,1.0,1.0,0.4977499544620514,0.35119348764419556,-0.9777283668518066,0.9999905824661255,0.5189015865325928,0.3109372854232788,-0.9400266408920288,0.9999854564666748,0.5330445170402527,0.3104563057422638,-0.940217137336731,0.9999882578849792,0.5453352332115173,0.31066152453422546,-0.9398394823074341,0.9999845027923584,0.48191332817077637,0.31294000148773193,-0.9401494860649109,0.9999822378158569,0.4720851480960846,0.31430768966674805,-0.9399533271789551,0.9999833106994629,0.46568113565444946,0.31552985310554504,-0.9403476715087891,0.9999760985374451,0.564220130443573,0.3326554298400879,-0.6029110550880432,0.9999878406524658,0.4553222060203552,0.33923107385635376,-0.5919827222824097,0.9999831318855286,0.5269631147384644,0.3923119306564331,-0.8466521501541138,0.9999956488609314,0.47898411750793457,0.3917138874530792,-0.8448586463928223,0.9999940991401672,0.6580358743667603,0.5644639134407043,-0.3362446427345276,0.9999732375144958,0.37019792199134827,0.554161787033081,-0.33504390716552734,0.9999076128005981,0.6973909139633179,0.9297285676002502,-0.44570326805114746,0.991520881652832,0.287056028842926,0.8995004892349243,-0.5427945256233215,0.9843315482139587,0.6191210150718689,0.845470130443573,-1.0339324474334717,0.9984236359596252,0.3398568034172058,0.8531313538551331,-1.2857567071914673,0.9923757910728455,0.5889449715614319,0.8647539615631104,-1.165611982345581,0.9963864684104919,0.36704719066619873,0.8787087798118591,-1.4224177598953247,0.980459451675415,0.5767983198165894,0.8248953223228455,-1.181976079940796,0.9965909123420715,0.37929099798202515,0.8310109972953796,-1.4514873027801514,0.9811005592346191,0.5794798731803894,0.8119639158248901,-1.0496834516525269,0.9956293702125549,0.3774028718471527,0.8190363645553589,-1.3114638328552246,0.9798622131347656,0.5778557062149048,1.07821524143219,-0.006095764692872763,0.407121866941452,0.40622448921203613,1.05928373336792,0.008409774862229824,0.40085896849632263,0.5727558732032776,1.4787310361862183,0.14724817872047424,0.0015560670290142298,0.3750098943710327,1.468944787979126,0.20924758911132812,0.0009707043645903468,0.5465799570083618,1.824123740196228,0.6720691919326782,0.00021649400878231972,0.3665773868560791,1.8169792890548706,0.7064945101737976,8.941256965044886e-05,0.5474615097045898,1.8714853525161743,0.6983000636100769,0.0002921017585322261,0.3607485890388489,1.86835515499115,0.7443667650222778,0.0001913521409733221,0.5178539752960205,1.9443978071212769,0.26668161153793335,0.0002170255611417815,0.3894175887107849,1.930679202079773,0.29302114248275757,0.0005047028535045683,0.6324324011802673,0.8523184657096863,-3.886017907461792e-08,0.6062414646148682,0.8241640329360962,-0.0011528965551406145,0.5683663487434387,0.8235034942626953,-0.005334683693945408,0.5405299067497253,0.8397624492645264,-0.00921665970236063,0.5210623741149902,0.8555243015289307,-0.014062958769500256,0.5662710666656494,0.814225435256958,-0.015107866376638412,0.5288192629814148,0.8329260945320129,-0.022745845839381218,0.5053865313529968,0.8454160094261169,-0.026821043342351913,0.48724228143692017,0.8569334149360657,-0.029962407425045967,0.573032557964325,0.8404759764671326,-0.01956852898001671,0.5344098806381226,0.8632977604866028,-0.02919028326869011,0.5444426536560059,0.8597652912139893,-0.029725901782512665,0.5583540797233582,0.8535768389701843,-0.029192114248871803,0.582455575466156,0.8651473522186279,-0.022923488169908524,0.5463019609451294,0.8849183320999146,-0.030727719888091087,0.5557524561882019,0.8798410892486572,-0.024309325963258743,0.568708598613739,0.8739819526672363,-0.019123675301671028,0.5924177169799805,0.8873056769371033,-0.026091905310750008,0.5620275139808655,0.9001816511154175,-0.031298551708459854,0.5698367953300476,0.8949403166770935,-0.025306157767772675,0.5820732116699219,0.8901551961898804,-0.020297393202781677,0.3206787705421448,0.8450884222984314,6.04011134441862e-08,0.3514731526374817,0.8180841207504272,-0.003942184615880251,0.38850101828575134,0.8229456543922424,-0.007547534536570311,0.41237106919288635,0.842803955078125,-0.010255287401378155,0.42550817131996155,0.8628882765769958,-0.012148182839155197,0.3847138583660126,0.8232275247573853,-0.016463803127408028,0.4192548394203186,0.8423972725868225,-0.024171216413378716,0.4395690858364105,0.8526111245155334,-0.027038445696234703,0.45559632778167725,0.8632771372795105,-0.028528371825814247,0.3759400248527527,0.8527121543884277,-0.02037808671593666,0.42052993178367615,0.8759433627128601,-0.03349056467413902,0.41336697340011597,0.8651562333106995,-0.03316713497042656,0.3977215588092804,0.8565875887870789,-0.028662916272878647,0.36704492568969727,0.8784171342849731,-0.0237437654286623,0.4057391881942749,0.8962627649307251,-0.0319540835916996,0.3982674777507782,0.8852048516273499,-0.024952083826065063,0.38538312911987305,0.8788110613822937,-0.01695096120238304,0.357511043548584,0.8989729285240173,-0.0276472344994545,0.3895391821861267,0.9109350442886353,-0.02834501676261425,0.3845688998699188,0.9017280340194702,-0.02035035938024521,0.3718714714050293,0.8959181308746338,-0.013540227897465229
83,83,1,1,1,1.0,1.0,1.0,0.49776116013526917,0.35105547308921814,-0.9737995266914368,0.9999909996986389,0.5186618566513062,0.31070491671562195,-0.9350847005844116,0.9999860525131226,0.5327633619308472,0.31022801995277405,-0.9352803230285645,0.9999887943267822,0.5449416041374207,0.3104384243488312,-0.9349393844604492,0.9999851584434509,0.4818362593650818,0.3128623068332672,-0.9329960942268372,0.9999828934669495,0.47197961807250977,0.3142971694469452,-0.9328624606132507,0.9999839663505554,0.4654979705810547,0.31551820039749146,-0.9332557916641235,0.9999768733978271,0.5635647177696228,0.3323935866355896,-0.6004346609115601,0.9999884963035583,0.45490598678588867,0.339456707239151,-0.5831706523895264,0.9999838471412659,0.5269688963890076,0.3922719359397888,-0.8456515073776245,0.9999959468841553,0.4790056645870209,0.3917147219181061,-0.8410916328430176,0.9999943971633911,0.6580246686935425,0.5652485489845276,-0.3445567488670349,0.99997478723526,0.3695944845676422,0.5563849210739136,-0.3270508050918579,0.9999063611030579,0.6995850205421448,0.9258202910423279,-0.446796715259552,0.9917955994606018,0.29118579626083374,0.8905812501907349,-0.5339626669883728,0.984101414680481,0.6195282340049744,0.8592655658721924,-1.0117621421813965,0.9983587861061096,0.34090039134025574,0.8733348250389099,-1.2612981796264648,0.9906185269355774,0.5896665453910828,0.8889345526695251,-1.1422287225723267,0.9959338307380676,0.3669872581958771,0.904689610004425,-1.3963361978530884,0.9761936068534851,0.5761505961418152,0.8535277247428894,-1.1638959646224976,0.9961908459663391,0.3800559639930725,0.8597491979598999,-1.4256397485733032,0.9770254492759705,0.5785369873046875,0.8402528762817383,-1.02840256690979,0.9951239824295044,0.379339337348938,0.8470088839530945,-1.2861583232879639,0.976108729839325,0.5778831243515015,1.0811799764633179,-0.008929327130317688,0.42419806122779846,0.4060822129249573,1.0593994855880737,0.011187704280018806,0.4157710671424866,0.5726214051246643,1.4826014041900635,0.15429677069187164,0.001722301240079105,0.3746454119682312,1.4707247018814087,0.220801442861557,0.0010162562830373645,0.5453510284423828,1.8275007009506226,0.6796764135360718,0.00025210040621459484,0.36467787623405457,1.8190803527832031,0.717200517654419,0.00010121709055965766,0.5463217496871948,1.8751795291900635,0.706560492515564,0.00034623517422005534,0.3593009412288666,1.8704651594161987,0.7546406984329224,0.00023239667643792927,0.5141974091529846,1.9492032527923584,0.2802581787109375,0.0002272829442517832,0.3875595033168793,1.9355144500732422,0.3055593967437744,0.000546457536984235,0.6334440112113953,0.8710418343544006,-7.146517599920799e-09,0.6037061214447021,0.843129575252533,-0.001037750393152237,0.5660388469696045,0.8440005779266357,-0.005259272642433643,0.5394442677497864,0.8616981506347656,-0.009171501733362675,0.5238339900970459,0.8801206946372986,-0.014000928029417992,0.5663132667541504,0.8395261168479919,-0.014850253239274025,0.5303677916526794,0.861388087272644,-0.022608188912272453,0.5070800185203552,0.8766251802444458,-0.027058131992816925,0.48915866017341614,0.8920214176177979,-0.030508115887641907,0.57362300157547,0.8668824434280396,-0.019443826749920845,0.5319046974182129,0.8916293382644653,-0.0292945709079504,0.5404853224754333,0.8846492767333984,-0.029947668313980103,0.5547403693199158,0.8772203922271729,-0.02919505350291729,0.5832483172416687,0.8913954496383667,-0.022850938141345978,0.5449480414390564,0.9126319885253906,-0.030438991263508797,0.5531726479530334,0.9043899774551392,-0.023899471387267113,0.5665405988693237,0.8973725438117981,-0.01839265041053295,0.5932632088661194,0.9124898314476013,-0.02614360675215721,0.5618051290512085,0.9261610507965088,-0.030550720170140266,0.5682597756385803,0.9179332852363586,-0.024175411090254784,0.5804345011711121,0.9119788408279419,-0.01894712634384632,0.32112419605255127,0.8642505407333374,4.927862562453811e-08,0.3524758219718933,0.8388797044754028,-0.0032684782054275274,0.3907134234905243,0.8435342311859131,-0.006307650823146105,0.4150736927986145,0.8622846603393555,-0.0086063826456666,0.4291951656341553,0.8807821273803711,-0.010346655733883381,0.3829149007797241,0.8552834391593933,-0.01641152985394001,0.417326420545578,0.8786035776138306,-0.02298501692712307,0.4369693696498871,0.8903177380561829,-0.024608563631772995,0.4514882564544678,0.9020006060600281,-0.02525804191827774,0.3725488483905792,0.8829121589660645,-0.019874943420290947,0.4185130000114441,0.9101061224937439,-0.03229203820228577,0.4138021469116211,0.8978633284568787,-0.03187935799360275,0.3989546597003937,0.8878694772720337,-0.027322057634592056,0.3625372648239136,0.9066047668457031,-0.02238709107041359,0.4027358889579773,0.9282901883125305,-0.03025728650391102,0.39736539125442505,0.9154531359672546,-0.023393966257572174,0.38474854826927185,0.907704770565033,-0.015586024150252342,0.35274985432624817,0.924504280090332,-0.025225035846233368,0.3860010802745819,0.9407918453216553,-0.026935558766126633,0.38210055232048035,0.9294257164001465,-0.019718043506145477,0.36928948760032654,0.9215813279151917,-0.013287395238876343
84,84,1,1,1,1.0,1.0,1.0,0.49774685502052307,0.35106709599494934,-0.9687584638595581,0.9999911189079285,0.5183497071266174,0.31070634722709656,-0.9299526214599609,0.9999861717224121,0.5323995351791382,0.31022903323173523,-0.9301575422286987,0.999988853931427,0.5445291996002197,0.3104369342327118,-0.9298664927482605,0.9999852776527405,0.4816208481788635,0.3128889203071594,-0.9270796775817871,0.999983012676239,0.4717695713043213,0.31437593698501587,-0.9269959330558777,0.999984085559845,0.4651552736759186,0.31566134095191956,-0.927392303943634,0.9999769926071167,0.5630670189857483,0.3324044346809387,-0.5984354615211487,0.9999887347221375,0.45433956384658813,0.34020039439201355,-0.5784958004951477,0.9999840259552002,0.5269724726676941,0.3923960030078888,-0.8420195579528809,0.9999961256980896,0.4789908826351166,0.39196306467056274,-0.8366755247116089,0.9999945759773254,0.6579855680465698,0.5671999454498291,-0.34978926181793213,0.9999758005142212,0.368751585483551,0.5588187575340271,-0.32061588764190674,0.999903678894043,0.7029941082000732,0.9221956133842468,-0.43267637491226196,0.9921861886978149,0.29460281133651733,0.8815343379974365,-0.4858850836753845,0.9839147329330444,0.6179049611091614,0.876348614692688,-0.9683157205581665,0.998248279094696,0.34099021553993225,0.8912781476974487,-1.1906923055648804,0.9882739186286926,0.588195264339447,0.9134593605995178,-1.096505880355835,0.9952837228775024,0.36678922176361084,0.9266907572746277,-1.332326054573059,0.9706299901008606,0.5722218751907349,0.8779023885726929,-1.1214238405227661,0.9955897331237793,0.38013237714767456,0.8848816752433777,-1.3808481693267822,0.9717010259628296,0.5749399065971375,0.8632432818412781,-0.9848955869674683,0.9944176077842712,0.37981918454170227,0.8706530928611755,-1.2205382585525513,0.971189022064209,0.5778995752334595,1.0856239795684814,-0.010324976406991482,0.45497459173202515,0.40600505471229553,1.063102126121521,0.012475539930164814,0.44488707184791565,0.5726099014282227,1.4887158870697021,0.16642281413078308,0.001990261022001505,0.3744771480560303,1.4744187593460083,0.2286016047000885,0.0011467284057289362,0.5450326204299927,1.8329750299453735,0.7061978578567505,0.0002772218140307814,0.3642822802066803,1.8229588270187378,0.7270345091819763,0.00012205224629724398,0.5460019707679749,1.8813557624816895,0.736067533493042,0.00038428851985372603,0.35916242003440857,1.874391794204712,0.7648925185203552,0.00028787553310394287,0.5132939219474792,1.9557584524154663,0.32149916887283325,0.00023580588458571583,0.3872935473918915,1.9423798322677612,0.326501727104187,0.0005976279499009252,0.6270175576210022,0.8870602250099182,3.9429778553312644e-08,0.596234917640686,0.8619035482406616,-0.0017185958568006754,0.56069016456604,0.8623192310333252,-0.006311315577477217,0.53751540184021,0.8762480616569519,-0.010235100984573364,0.525820791721344,0.8948243260383606,-0.01521639246493578,0.5622100234031677,0.8715507388114929,-0.018419528380036354,0.5273232460021973,0.8993415236473083,-0.025205165147781372,0.5059590935707092,0.9145038723945618,-0.028538774698972702,0.4896217882633209,0.9291743636131287,-0.03114219196140766,0.5729997754096985,0.8980588912963867,-0.02224608324468136,0.5334174633026123,0.9250422120094299,-0.03072880581021309,0.5401201248168945,0.9131113886833191,-0.030370496213436127,0.5541719198226929,0.9028767943382263,-0.029363952577114105,0.5850120186805725,0.9203062057495117,-0.024683361873030663,0.5486049056053162,0.9440906047821045,-0.03065132535994053,0.5545220375061035,0.9320985078811646,-0.024024339392781258,0.5666719675064087,0.9227114915847778,-0.019020983949303627,0.5961258411407471,0.9389715194702148,-0.02707822434604168,0.5649870038032532,0.9559623003005981,-0.030474981293082237,0.5700568556785583,0.944697380065918,-0.024118203669786453,0.58160400390625,0.9366992115974426,-0.019316114485263824,0.31985437870025635,0.8861339092254639,4.2341110173538254e-08,0.35452473163604736,0.8632596731185913,-0.0038409740664064884,0.39214950799942017,0.8687282800674438,-0.007306699175387621,0.41584184765815735,0.8910244703292847,-0.01011032797396183,0.4278356730937958,0.9143990278244019,-0.012216449715197086,0.3795735836029053,0.8838353157043457,-0.015232199802994728,0.41205793619155884,0.9131975769996643,-0.02172066830098629,0.4316047728061676,0.9275513291358948,-0.023438505828380585,0.4456689953804016,0.9406036734580994,-0.02416186034679413,0.36796706914901733,0.9123854041099548,-0.018178245052695274,0.41275376081466675,0.9450634717941284,-0.03031199984252453,0.41178712248802185,0.9313990473747253,-0.030519668012857437,0.3987312614917755,0.9184690713882446,-0.02641003020107746,0.3578413128852844,0.9357475638389587,-0.020209096372127533,0.3975223898887634,0.962173342704773,-0.027988029643893242,0.3953263759613037,0.9475440979003906,-0.021681005135178566,0.38321396708488464,0.9373433589935303,-0.014039346016943455,0.34891021251678467,0.952035129070282,-0.022594958543777466,0.38181260228157043,0.9717768430709839,-0.0242963545024395,0.38059383630752563,0.9599355459213257,-0.017406977713108063,0.36844363808631897,0.9509899616241455,-0.010984391905367374
85,85,1,1,1,1.0,1.0,1.0,0.4975907802581787,0.3513297736644745,-0.8961938619613647,0.999991238117218,0.5180167555809021,0.31086212396621704,-0.8527156114578247,0.9999861121177673,0.5320044755935669,0.31038281321525574,-0.8530220985412598,0.9999887943267822,0.5441272854804993,0.3105679750442505,-0.8527409434318542,0.9999851584434509,0.4811863899230957,0.31316807866096497,-0.8520981073379517,0.9999830722808838,0.4713438153266907,0.31473907828330994,-0.8520947694778442,0.9999843239784241,0.46438437700271606,0.3161270022392273,-0.852554440498352,0.9999773502349854,0.5624909400939941,0.33266961574554443,-0.519192099571228,0.9999887347221375,0.45351704955101013,0.3411400020122528,-0.5073578357696533,0.9999845027923584,0.5269408822059631,0.3929876387119293,-0.7705983519554138,0.9999963045120239,0.47865691781044006,0.3927161991596222,-0.7682269811630249,0.9999948143959045,0.6579723954200745,0.5682074427604675,-0.2932681441307068,0.9999764561653137,0.368170827627182,0.5603378415107727,-0.2751612067222595,0.999906063079834,0.7048203349113464,0.9151387810707092,-0.3612322211265564,0.9925859570503235,0.2950412631034851,0.875337541103363,-0.41191649436950684,0.9842820763587952,0.6179370284080505,0.9008846879005432,-0.8863585591316223,0.9980388879776001,0.3455354869365692,0.9073137640953064,-1.0871214866638184,0.987044632434845,0.5885592103004456,0.9396563172340393,-1.0136926174163818,0.9944107532501221,0.3675146698951721,0.9483976364135742,-1.2237244844436646,0.9679060578346252,0.5725084543228149,0.9035405516624451,-1.0439283847808838,0.9948092103004456,0.3820764124393463,0.9123792052268982,-1.2650632858276367,0.9690858721733093,0.5752195119857788,0.8880239129066467,-0.9059538841247559,0.9935348629951477,0.38250643014907837,0.8945394158363342,-1.11541748046875,0.9689028859138489,0.5829189419746399,1.083951473236084,-0.011454842984676361,0.4625113904476166,0.4046759605407715,1.080074667930603,0.013493433594703674,0.45274004340171814,0.5804848074913025,1.4949748516082764,0.16343440115451813,0.002023936016485095,0.37703049182891846,1.4834883213043213,0.17814132571220398,0.001186136738397181,0.5550858974456787,1.8448013067245483,0.6662099361419678,0.0002855868951883167,0.3720057010650635,1.8380855321884155,0.6205410361289978,0.00014100773842073977,0.5568154454231262,1.892966389656067,0.6934582591056824,0.00038341799518093467,0.3690017759799957,1.8877760171890259,0.6516214609146118,0.0003211186558473855,0.5253409147262573,1.9685115814208984,0.2781645953655243,0.0002361720980843529,0.3981480896472931,1.961279273033142,0.20019368827342987,0.0006387543980963528,0.6247649192810059,0.9073817729949951,5.952326276315034e-08,0.591537356376648,0.8847729563713074,-0.004950772039592266,0.5532649755477905,0.8901962041854858,-0.009468977339565754,0.5300003290176392,0.9103027582168579,-0.012117504142224789,0.5231330990791321,0.9321029186248779,-0.01574600674211979,0.5608426332473755,0.9014885425567627,-0.02245050109922886,0.5284960269927979,0.9352033138275146,-0.028425009921193123,0.5092325806617737,0.9529643058776855,-0.03066871501505375,0.4944193363189697,0.9686154127120972,-0.03249092027544975,0.575043261051178,0.9276440739631653,-0.024129988625645638,0.537851870059967,0.9592699408531189,-0.03171354904770851,0.5423980355262756,0.9453436732292175,-0.030985325574874878,0.5555849075317383,0.9328377842903137,-0.02977682836353779,0.5889622569084167,0.9482845664024353,-0.02441946044564247,0.5537813901901245,0.9767749309539795,-0.029371745884418488,0.5578562617301941,0.9628288149833679,-0.023288974538445473,0.5694242715835571,0.9511675834655762,-0.018902024254202843,0.6008358597755432,0.9644346833229065,-0.024929208680987358,0.5713878870010376,0.985916018486023,-0.027930930256843567,0.5747227668762207,0.9737755060195923,-0.022455792874097824,0.5856529474258423,0.9644230604171753,-0.018518099561333656,0.32034066319465637,0.9066346883773804,8.196785472591728e-08,0.3597993850708008,0.8891955614089966,-0.0039231861010193825,0.3941228985786438,0.9006963968276978,-0.006556217558681965,0.41668134927749634,0.9285250306129456,-0.008783218450844288,0.42773252725601196,0.9550454020500183,-0.01000221073627472,0.38006722927093506,0.9151923060417175,-0.00841615255922079,0.4097592234611511,0.950172483921051,-0.011807647533714771,0.42696094512939453,0.9664650559425354,-0.012248201295733452,0.4389532506465912,0.9790847301483154,-0.012391746044158936,0.36560505628585815,0.9416624903678894,-0.010053886100649834,0.40421557426452637,0.9750041961669922,-0.017415044829249382,0.4096694588661194,0.9652842283248901,-0.01785876601934433,0.40304282307624817,0.9520878791809082,-0.015725241973996162,0.3543626070022583,0.9615235924720764,-0.011280716396868229,0.3901020586490631,0.9891630411148071,-0.016167964786291122,0.3926789462566376,0.9763582348823547,-0.011759117245674133,0.38391780853271484,0.963464081287384,-0.006604188121855259,0.3462374806404114,0.9746166467666626,-0.012936798855662346,0.37379735708236694,0.994270920753479,-0.013417534530162811,0.37582889199256897,0.9845365881919861,-0.008205120451748371,0.366568386554718,0.9738731980323792,-0.003465497400611639
86,86,1,1,1,1.0,1.0,1.0,0.49704185128211975,0.35188302397727966,-0.7896944284439087,0.9999908208847046,0.5174631476402283,0.3112487196922302,-0.751559853553772,0.9999848008155823,0.531287670135498,0.3107592463493347,-0.7518169283866882,0.9999877214431763,0.5434460043907166,0.3108983635902405,-0.7514984011650085,0.999983549118042,0.480365514755249,0.31365320086479187,-0.7519568204879761,0.9999819397926331,0.470542848110199,0.3152008056640625,-0.7519465684890747,0.9999836683273315,0.46299004554748535,0.3165983557701111,-0.7524105310440063,0.9999763369560242,0.5616311430931091,0.33305180072784424,-0.4483143389225006,0.9999876618385315,0.45199519395828247,0.3416900038719177,-0.4414811134338379,0.9999842643737793,0.5264427065849304,0.3941521942615509,-0.6753904819488525,0.9999961256980896,0.47764578461647034,0.39397796988487244,-0.67406165599823,0.9999947547912598,0.6578999757766724,0.5682756900787354,-0.2602030634880066,0.999975860118866,0.36710458993911743,0.5619080662727356,-0.24838706851005554,0.9999054670333862,0.7054209113121033,0.9069766402244568,-0.34726741909980774,0.992711067199707,0.29433006048202515,0.8746076226234436,-0.3889637589454651,0.9836025834083557,0.6138967871665955,0.9185524582862854,-0.8418797254562378,0.9976286888122559,0.35009828209877014,0.9287042617797852,-1.0108749866485596,0.9850428104400635,0.5875160098075867,0.9680659174919128,-0.9650079011917114,0.9933905601501465,0.3689448833465576,0.9803941249847412,-1.1371147632598877,0.9651426672935486,0.5667418241500854,0.9429363012313843,-0.9931737780570984,0.9939659237861633,0.3860763907432556,0.9538249373435974,-1.1737101078033447,0.966817319393158,0.5676319599151611,0.9228560924530029,-0.8605735898017883,0.9926241636276245,0.38551872968673706,0.9302958250045776,-1.0362845659255981,0.9670669436454773,0.5875939130783081,1.0733895301818848,-0.011857598088681698,0.4503762722015381,0.40348997712135315,1.087897777557373,0.013860533013939857,0.4406883418560028,0.5828445553779602,1.4981602430343628,0.15108320116996765,0.002056111814454198,0.37908050417900085,1.4875990152359009,0.1380765587091446,0.0011795037426054478,0.5590423941612244,1.8528505563735962,0.612917423248291,0.0002930058690253645,0.37612059712409973,1.843137502670288,0.5052777528762817,0.00014752446440979838,0.5609521269798279,1.9018690586090088,0.6381404995918274,0.0003839721903204918,0.37376290559768677,1.8925697803497314,0.5309537649154663,0.00033247805549763143,0.5290617942810059,1.9777418375015259,0.27723369002342224,0.00023569344193674624,0.4022688865661621,1.9661991596221924,0.11522477865219116,0.0006316030630841851,0.6188684105873108,0.9259671568870544,2.5687647564609506e-08,0.5833157896995544,0.9087353944778442,-0.0049514612182974815,0.5480805039405823,0.9206079840660095,-0.009301682002842426,0.5265687108039856,0.9492824673652649,-0.011977741494774818,0.5213517546653748,0.9754254221916199,-0.014975501224398613,0.5601020455360413,0.9336960315704346,-0.021142587065696716,0.5310102105140686,0.9727710485458374,-0.02817055769264698,0.529151976108551,0.9750961661338806,-0.030902553349733353,0.5303354263305664,0.9698067903518677,-0.031903401017189026,0.5764337778091431,0.9565544724464417,-0.020954841747879982,0.5457826256752014,0.9941509366035461,-0.025394102558493614,0.5431112051010132,0.9953053593635559,-0.0259296465665102,0.5473541617393494,0.9895456433296204,-0.02720537967979908,0.5901406407356262,0.9743255376815796,-0.019857577979564667,0.5596561431884766,1.0076230764389038,-0.02233443409204483,0.5577392578125,1.0078924894332886,-0.020238833501935005,0.562913179397583,1.0020183324813843,-0.01949385553598404,0.6005005836486816,0.9870163202285767,-0.018746646121144295,0.5772313475608826,1.0125497579574585,-0.019577573984861374,0.5750094056129456,1.01180899143219,-0.016710776835680008,0.5797473192214966,1.0073953866958618,-0.015005839988589287,0.32499539852142334,0.920606255531311,1.3494239681222098e-07,0.36009934544563293,0.9105432033538818,-0.003915900364518166,0.3910922110080719,0.9252762198448181,-0.006651523057371378,0.41206198930740356,0.949942946434021,-0.008470253087580204,0.42303431034088135,0.972814679145813,-0.009708232246339321,0.3814777433872223,0.9469125866889954,-0.009630242362618446,0.40366774797439575,0.9788758754730225,-0.013399559073150158,0.4169953167438507,0.9953054785728455,-0.015021352097392082,0.42748987674713135,1.0064374208450317,-0.015764858573675156,0.3672330379486084,0.9674290418624878,-0.00977582111954689,0.39032936096191406,0.9996177554130554,-0.011046936735510826,0.40443697571754456,1.014695644378662,-0.011058364063501358,0.41360393166542053,1.0242689847946167,-0.011742105707526207,0.3543127775192261,0.9836367964744568,-0.009659106843173504,0.3756380081176758,1.0110998153686523,-0.010260188952088356,0.38943174481391907,1.0266985893249512,-0.007586379069834948,0.39872097969055176,1.0379416942596436,-0.00624505989253521,0.3440109193325043,0.9944234490394592,-0.009879926219582558,0.35977864265441895,1.0172704458236694,-0.009366893209517002,0.37048637866973877,1.030758261680603,-0.005906068254262209,0.3781306743621826,1.0404359102249146,-0.003376177279278636
87,87,1,1,1,1.0,1.0,1.0,0.4961296617984772,0.3521118760108948,-0.6931298971176147,0.9999887943267822,0.516632616519928,0.3115314543247223,-0.6507221460342407,0.9999802708625793,0.5303918123245239,0.31102755665779114,-0.6510321497917175,0.999983549118042,0.5426152348518372,0.3111077547073364,-0.6507394909858704,0.9999783039093018,0.47933927178382874,0.31400951743125916,-0.6494094729423523,0.9999774098396301,0.46960321068763733,0.3155532479286194,-0.6493209004402161,0.9999799132347107,0.46158891916275024,0.31696194410324097,-0.6498256921768188,0.9999716877937317,0.5607736706733704,0.3332730829715729,-0.34763938188552856,0.9999833106994629,0.4504273533821106,0.3421214520931244,-0.3320097327232361,0.999981701374054,0.5256353616714478,0.394643634557724,-0.5806839466094971,0.9999952912330627,0.4764963686466217,0.3947603106498718,-0.5769467949867249,0.9999940395355225,0.6578074097633362,0.569021463394165,-0.185237854719162,0.9999721050262451,0.3662872910499573,0.5630783438682556,-0.16217835247516632,0.9998961091041565,0.7049365043640137,0.9055784940719604,-0.2981071472167969,0.9923340678215027,0.2942219078540802,0.8744006752967834,-0.3221229910850525,0.9820398092269897,0.6075264811515808,0.9511525630950928,-0.791986882686615,0.9965883493423462,0.35115548968315125,0.9543476700782776,-0.9537269473075867,0.9800444841384888,0.5828506350517273,1.0039926767349243,-0.919966995716095,0.99103844165802,0.36946722865104675,1.0130629539489746,-1.0857644081115723,0.9584988951683044,0.5610532164573669,0.9768325686454773,-0.9470327496528625,0.9920021295547485,0.3873940110206604,0.9852960705757141,-1.1251835823059082,0.961366593837738,0.5623760223388672,0.9560109972953796,-0.8123195767402649,0.9905635118484497,0.3857610523700714,0.9619185328483582,-0.9825717806816101,0.9623151421546936,0.589267373085022,1.073426604270935,-0.015225711278617382,0.4374418258666992,0.40138816833496094,1.1022182703018188,0.017409024760127068,0.4269954562187195,0.5831204056739807,1.508196473121643,0.11612237989902496,0.0019750765059143305,0.37927958369255066,1.4981153011322021,0.12397363036870956,0.0011235809652134776,0.559330403804779,1.8654730319976807,0.5855657458305359,0.0002766487014014274,0.3758450150489807,1.854123592376709,0.48847222328186035,0.00014172143710311502,0.5614563822746277,1.9152436256408691,0.6108231544494629,0.0003592084103729576,0.37324923276901245,1.9048097133636475,0.5140289068222046,0.00031758329714648426,0.528559684753418,1.9900116920471191,0.24235808849334717,0.00022313144290819764,0.4016033113002777,1.9756251573562622,0.0932706668972969,0.0005993616650812328,0.6183294653892517,0.9459859132766724,4.699894873283483e-08,0.587414026260376,0.9369862079620361,-0.0025314949452877045,0.5580116510391235,0.9504470229148865,-0.004338410217314959,0.539323627948761,0.9746196269989014,-0.005661621689796448,0.5327051281929016,0.9979761838912964,-0.0073210992850363255,0.5571805834770203,0.9570510387420654,-0.007977792993187904,0.5343669056892395,0.9903581142425537,-0.013702398166060448,0.5285249948501587,1.0102596282958984,-0.01742718555033207,0.5281820893287659,1.021893858909607,-0.018962664529681206,0.5715780258178711,0.9748449921607971,-0.008548707701265812,0.5495345592498779,1.008695125579834,-0.01225245837122202,0.5449799299240112,1.0230739116668701,-0.014790600165724754,0.5458012819290161,1.0290868282318115,-0.01672610454261303,0.5853718519210815,0.9898406267166138,-0.00895532127469778,0.5650627017021179,1.0198497772216797,-0.011391199193894863,0.5616374611854553,1.030725121498108,-0.010780731216073036,0.5625312924385071,1.034172534942627,-0.01043231412768364,0.5974244475364685,1.0019865036010742,-0.009336057119071484,0.5800405144691467,1.0249472856521606,-0.010575944557785988,0.5773364305496216,1.0317597389221191,-0.008276158943772316,0.5786081552505493,1.03386390209198,-0.006261541973799467,0.3324644863605499,0.9369776248931885,1.562793556786346e-07,0.362222820520401,0.937649667263031,-0.0001936665503308177,0.38692548871040344,0.9621632099151611,-0.0006308219744823873,0.3997655212879181,0.9876814484596252,-0.0012003063457086682,0.4046591818332672,1.0081923007965088,-0.0013973998138681054,0.388178288936615,0.9669549465179443,-0.0019564717076718807,0.40280207991600037,0.9972031116485596,-0.0057809134013950825,0.41041508316993713,1.0193636417388916,-0.00888049229979515,0.41526105999946594,1.0364121198654175,-0.010475446470081806,0.3776732385158539,0.9775007367134094,-0.0031402825843542814,0.3921375870704651,1.0074303150177002,-0.004648902919143438,0.39958488941192627,1.0269675254821777,-0.00628571305423975,0.4046787619590759,1.043645977973938,-0.007691440172493458,0.36589446663856506,0.9882351160049438,-0.00416315533220768,0.38052165508270264,1.0153898000717163,-0.004976615309715271,0.3886893391609192,1.032734751701355,-0.0032840415369719267,0.39455243945121765,1.047599196434021,-0.002291533164680004,0.3543863892555237,0.9971327781677246,-0.005342008080333471,0.36645349860191345,1.0195294618606567,-0.003967078402638435,0.3731268644332886,1.0340263843536377,-0.0005141381989233196,0.37800267338752747,1.0462995767593384,0.0019694503862410784
88,88,1,0,0,1.0,0.0,0.0,0.493856281042099,0.3521496653556824,-0.7378355264663696,0.9999619722366333,0.5150524377822876,0.31158682703971863,-0.6963889002799988,0.9999239444732666,0.5289730429649353,0.31107282638549805,-0.6967504620552063,0.9999269843101501,0.5415454506874084,0.3111392557621002,-0.6965643167495728,0.9999099969863892,0.47684797644615173,0.3142148554325104,-0.6967848539352417,0.9999297261238098,0.4674524664878845,0.31575679779052734,-0.6968562006950378,0.9999386668205261,0.4583241939544678,0.3172241449356079,-0.6974226236343384,0.9999313354492188,0.5599871277809143,0.3333287239074707,-0.38831955194473267,0.9999181628227234,0.4474765360355377,0.34256550669670105,-0.37839043140411377,0.9999530911445618,0.5241152048110962,0.39474037289619446,-0.6199787855148315,0.9999828338623047,0.4741726815700531,0.3949074447154999,-0.6179527044296265,0.9999855756759644,0.6577279567718506,0.5699612498283386,-0.18924552202224731,0.9999061822891235,0.36488649249076843,0.5645332932472229,-0.18059059977531433,0.9998365044593811,0.7005833387374878,0.9065873622894287,-0.24932241439819336,0.9887440204620361,0.29423263669013977,0.875914454460144,-0.22090932726860046,0.9784753322601318,0.5812044143676758,0.9933860301971436,-0.6955297589302063,0.9824454188346863,0.3711821436882019,1.0049761533737183,-0.7081828117370605,0.9509871006011963,0.5550175309181213,1.0575928688049316,-0.8213278651237488,0.9672592878341675,0.386263906955719,1.0744370222091675,-0.831053614616394,0.9232252240180969,0.530776858329773,1.0203585624694824,-0.8541536331176758,0.9712328314781189,0.40898337960243225,1.0338112115859985,-0.8792892694473267,0.9309836030006409,0.534668505191803,0.9950773119926453,-0.7190383672714233,0.9685978889465332,0.4056825041770935,1.0042617321014404,-0.7367762923240662,0.9314374327659607,0.5896892547607422,1.0834556818008423,-0.01712983101606369,0.42009371519088745,0.4011842608451843,1.1189906597137451,0.01928408071398735,0.41229864954948425,0.5830448865890503,1.5288647413253784,0.07228602468967438,0.003225690219551325,0.38067328929901123,1.5138252973556519,0.08599575608968735,0.0017745725344866514,0.5607852935791016,1.881894826889038,0.5633357167243958,0.00041162906563840806,0.37877577543258667,1.8692703247070312,0.45155400037765503,0.0003035144763998687,0.5631444454193115,1.9321476221084595,0.5900720953941345,0.00044513720786198974,0.3772552013397217,1.9213086366653442,0.47649630904197693,0.0006350019830279052,0.528884768486023,2.005776882171631,0.21003322303295135,0.0003393024380784482,0.40334853529930115,1.9925730228424072,0.06394758075475693,0.0009611208224669099,nan,nan,nan,nan,nan,nan,nan,nan,nan,nan,nan,nan,nan,nan,nan,nan,nan,nan,nan,nan,nan,nan,nan,nan,nan,nan,nan,nan,nan,nan,nan,nan,nan,nan,nan,nan,nan,nan,nan,nan,nan,nan,nan,nan,nan,nan,nan,nan,nan,nan,nan,nan,nan,nan,nan,nan,nan,nan,nan,nan,nan,nan,nan,nan,nan,nan,nan,nan,nan,nan,nan,nan,nan,nan,nan,nan,nan,nan,nan,nan,nan,nan,nan,nan,nan,nan,nan,nan,nan,nan,nan,nan,nan,nan,nan,nan,nan,nan,nan,nan,nan,nan,nan,nan,nan,nan,nan,nan,nan,nan,nan,nan,nan,nan,nan,nan,nan,nan,nan,nan,nan,nan,nan,nan,nan,nan
89,89,1,0,0,1.0,0.0,0.0,0.491447389125824,0.35062652826309204,-0.7815264463424683,0.9998875260353088,0.5128282308578491,0.31043925881385803,-0.7412739396095276,0.9997796416282654,0.5268348455429077,0.3099527955055237,-0.7416377663612366,0.9997937679290771,0.5399025678634644,0.3103632628917694,-0.7414255738258362,0.9997420907020569,0.47410231828689575,0.3135676383972168,-0.740594744682312,0.99980628490448,0.4648783802986145,0.3152180314064026,-0.7406479120254517,0.9998391270637512,0.4548342823982239,0.3168705403804779,-0.7412534952163696,0.9998309016227722,0.5588057041168213,0.33287617564201355,-0.4315625727176666,0.9997590780258179,0.44436636567115784,0.3425123393535614,-0.41618674993515015,0.9998870491981506,0.5224815607070923,0.3936105966567993,-0.662833034992218,0.9999439716339111,0.4717136323451996,0.39419612288475037,-0.6593021750450134,0.9999601244926453,0.6578241586685181,0.5724127292633057,-0.22289738059043884,0.9996579885482788,0.36252740025520325,0.5681654214859009,-0.20715363323688507,0.9997302889823914,0.6912633180618286,0.9076767563819885,-0.31194961071014404,0.9722418785095215,0.29777103662490845,0.8763265609741211,-0.27503934502601624,0.968432605266571,0.5856199860572815,1.0185233354568481,-0.7986609935760498,0.9360905885696411,0.37438780069351196,1.029318928718567,-0.7777302861213684,0.90058833360672,0.5705189108848572,1.0924537181854248,-0.9255580902099609,0.9111959338188171,0.39144644141197205,1.1028008460998535,-0.9004067182540894,0.8686584234237671,0.5529242157936096,1.0528944730758667,-0.9608246088027954,0.9205201268196106,0.4120686650276184,1.0520166158676147,-0.9516063928604126,0.8820117115974426,0.5421339273452759,1.0076335668563843,-0.8253704309463501,0.9186679720878601,0.40609389543533325,1.022538423538208,-0.8096327781677246,0.8832193613052368,0.5910440683364868,1.0976704359054565,-0.020448224619030952,0.387527734041214,0.412517786026001,1.1122263669967651,0.022736404091119766,0.383495032787323,0.5869885683059692,1.535892128944397,0.060889989137649536,0.003497985191643238,0.38395240902900696,1.519345998764038,0.05457785725593567,0.0019344582688063383,0.565813422203064,1.8937305212020874,0.5502267479896545,0.0004259926499798894,0.3800685405731201,1.8828316926956177,0.4230416715145111,0.0003453866229392588,0.5684021711349487,1.9466930627822876,0.575506865978241,0.0004570213204715401,0.37865784764289856,1.9395769834518433,0.4471147954463959,0.0007252215291373432,0.5328468084335327,2.018049478530884,0.17607982456684113,0.0003723492263816297,0.4036542773246765,2.003312587738037,0.01723800227046013,0.0011088079772889614,nan,nan,nan,nan,nan,nan,nan,nan,nan,nan,nan,nan,nan,nan,nan,nan,nan,nan,nan,nan,nan,nan,nan,nan,nan,nan,nan,nan,nan,nan,nan,nan,nan,nan,nan,nan,nan,nan,nan,nan,nan,nan,nan,nan,nan,nan,nan,nan,nan,nan,nan,nan,nan,nan,nan,nan,nan,nan,nan,nan,nan,nan,nan,nan,nan,nan,nan,nan,nan,nan,nan,nan,nan,nan,nan,nan,nan,nan,nan,nan,nan,nan,nan,nan,nan,nan,nan,nan,nan,nan,nan,nan,nan,nan,nan,nan,nan,nan,nan,nan,nan,nan,nan,nan,nan,nan,nan,nan,nan,nan,nan,nan,nan,nan,nan,nan,nan,nan,nan,nan,nan,nan,nan,nan,nan,nan
90,90,1,0,0,1.0,0.0,0.0,0.4892002046108246,0.34670397639274597,-0.8564804792404175,0.99971604347229,0.5107472538948059,0.30774423480033875,-0.8188474774360657,0.9994046688079834,0.5248559713363647,0.30754077434539795,-0.8192152976989746,0.9994476437568665,0.5381247401237488,0.3085193634033203,-0.8191704750061035,0.9993405938148499,0.4716828465461731,0.31072676181793213,-0.8163177371025085,0.9994996190071106,0.46266764402389526,0.3125578761100769,-0.8165537118911743,0.999581515789032,0.45206698775291443,0.31456759572029114,-0.8172578811645508,0.9995901584625244,0.5572171807289124,0.3318626582622528,-0.5273703336715698,0.9993221759796143,0.44205063581466675,0.3409896194934845,-0.5020764470100403,0.9996352195739746,0.5201883912086487,0.3898334503173828,-0.7421305179595947,0.9998359680175781,0.46929535269737244,0.3906349241733551,-0.7361167669296265,0.9998812079429626,0.6578293442726135,0.5739707350730896,-0.3132193386554718,0.9990992546081543,0.3605724573135376,0.570076048374176,-0.26469406485557556,0.9995362162590027,0.6839487552642822,0.9074047207832336,-0.2891526520252228,0.9501205682754517,0.29912978410720825,0.8770245313644409,-0.17104707658290863,0.9589757919311523,0.5887616872787476,1.0347527265548706,-0.6258503794670105,0.8713786005973816,0.3782210052013397,1.034013271331787,-0.47294655442237854,0.8433021306991577,0.5795406103134155,1.1157455444335938,-0.7173194885253906,0.8408651947975159,0.3926562964916229,1.1052486896514893,-0.5659558773040771,0.8061720728874207,0.5662505030632019,1.0837973356246948,-0.7732451558113098,0.8529186844825745,0.41154614090919495,1.0579384565353394,-0.6183875799179077,0.8230398893356323,0.5463755130767822,1.0255831480026245,-0.6563751697540283,0.8520653247833252,0.4076545834541321,1.0313372611999512,-0.5011388659477234,0.8237789869308472,0.5914047956466675,1.1010583639144897,-0.027622148394584656,0.35950782895088196,0.41853219270706177,1.1095629930496216,0.029641473665833473,0.3597975969314575,0.590728759765625,1.5333061218261719,0.02660360559821129,0.004232782404869795,0.39439481496810913,1.515923023223877,0.029378850013017654,0.002691879402846098,0.5756310224533081,1.8896147012710571,0.5235479474067688,0.000502027862239629,0.3920162618160248,1.879404902458191,0.3930133283138275,0.0005607230705209076,0.5782045722007751,1.9414037466049194,0.5506693124771118,0.0005188471986912191,0.3917141556739807,1.935503602027893,0.41603797674179077,0.001112614874728024,0.5446776747703552,2.0145843029022217,0.15068088471889496,0.00048260422772727907,0.4135751724243164,1.9998676776885986,-0.0047576939687132835,0.0016574164619669318,nan,nan,nan,nan,nan,nan,nan,nan,nan,nan,nan,nan,nan,nan,nan,nan,nan,nan,nan,nan,nan,nan,nan,nan,nan,nan,nan,nan,nan,nan,nan,nan,nan,nan,nan,nan,nan,nan,nan,nan,nan,nan,nan,nan,nan,nan,nan,nan,nan,nan,nan,nan,nan,nan,nan,nan,nan,nan,nan,nan,nan,nan,nan,nan,nan,nan,nan,nan,nan,nan,nan,nan,nan,nan,nan,nan,nan,nan,nan,nan,nan,nan,nan,nan,nan,nan,nan,nan,nan,nan,nan,nan,nan,nan,nan,nan,nan,nan,nan,nan,nan,nan,nan,nan,nan,nan,nan,nan,nan,nan,nan,nan,nan,nan,nan,nan,nan,nan,nan,nan,nan,nan,nan,nan,nan,nan
91,91,1,0,0,1.0,0.0,0.0,0.48578447103500366,0.3445344567298889,-0.908434271812439,0.999587893486023,0.5080249309539795,0.30651676654815674,-0.8728632926940918,0.999129056930542,0.522055447101593,0.30661144852638245,-0.873144268989563,0.9991894960403442,0.5354613065719604,0.30796682834625244,-0.8731188774108887,0.9990513920783997,0.46924442052841187,0.3090451657772064,-0.8712427020072937,0.9992879629135132,0.4604063034057617,0.310871422290802,-0.8714602589607239,0.999406635761261,0.44947943091392517,0.3129105865955353,-0.8721038103103638,0.9994297027587891,0.5551645755767822,0.3317449986934662,-0.5806804299354553,0.9989886283874512,0.44055527448654175,0.3398582339286804,-0.5600823163986206,0.9994774460792542,0.5161989331245422,0.388095885515213,-0.794180154800415,0.9997622966766357,0.4663624167442322,0.38865891098976135,-0.7891219854354858,0.9998270273208618,0.6577255725860596,0.5759581923484802,-0.3572547733783722,0.9984832406044006,0.3588053584098816,0.5713440179824829,-0.3326878845691681,0.9993862509727478,0.6780989766120911,0.9063194394111633,-0.27508848905563354,0.9269914627075195,0.3004459738731384,0.8777243494987488,-0.20318198204040527,0.9522486925125122,0.5946258902549744,1.0493032932281494,-0.5696677565574646,0.8053085803985596,0.37583741545677185,1.036843180656433,-0.4756912291049957,0.7942879796028137,0.5922118425369263,1.1384613513946533,-0.6551331281661987,0.7727662920951843,0.39060619473457336,1.1200238466262817,-0.5639950633049011,0.7521106004714966,0.581385612487793,1.1110261678695679,-0.7212921380996704,0.7863584756851196,0.41044244170188904,1.0789169073104858,-0.6207054257392883,0.7716950178146362,0.5734370350837708,1.0760166645050049,-0.6038382649421692,0.7876963019371033,0.4070938527584076,1.039306640625,-0.5048922896385193,0.7735601663589478,0.5904735922813416,1.1039278507232666,-0.026822935789823532,0.3426193296909332,0.41932496428489685,1.114073634147644,0.028841232880949974,0.3495447039604187,0.5902635455131531,1.5345507860183716,0.043383169919252396,0.004596570506691933,0.39356282353401184,1.5172287225723267,0.06608100235462189,0.0031740900594741106,0.573466420173645,1.8890610933303833,0.6126490831375122,0.0005675630527548492,0.3904779553413391,1.8794723749160767,0.4472582936286926,0.0006989305256865919,0.5758354663848877,1.9389901161193848,0.6487990021705627,0.0005709647084586322,0.3891446590423584,1.9333727359771729,0.4686205983161926,0.0013306204928085208,0.5425171852111816,2.0160701274871826,0.2552788257598877,0.0005426147836260498,0.41213494539260864,2.002328872680664,0.0276951901614666,0.001890573650598526,nan,nan,nan,nan,nan,nan,nan,nan,nan,nan,nan,nan,nan,nan,nan,nan,nan,nan,nan,nan,nan,nan,nan,nan,nan,nan,nan,nan,nan,nan,nan,nan,nan,nan,nan,nan,nan,nan,nan,nan,nan,nan,nan,nan,nan,nan,nan,nan,nan,nan,nan,nan,nan,nan,nan,nan,nan,nan,nan,nan,nan,nan,nan,nan,nan,nan,nan,nan,nan,nan,nan,nan,nan,nan,nan,nan,nan,nan,nan,nan,nan,nan,nan,nan,nan,nan,nan,nan,nan,nan,nan,nan,nan,nan,nan,nan,nan,nan,nan,nan,nan,nan,nan,nan,nan,nan,nan,nan,nan,nan,nan,nan,nan,nan,nan,nan,nan,nan,nan,nan,nan,nan,nan,nan,nan,nan
92,92,1,0,0,1.0,0.0,0.0,0.48402485251426697,0.343869149684906,-0.9258532524108887,0.9994100332260132,0.5065101981163025,0.3061629831790924,-0.8904258012771606,0.9987304210662842,0.5204217433929443,0.3063890337944031,-0.8907344937324524,0.9988146424293518,0.5339316129684448,0.3078984320163727,-0.8907302618026733,0.9986301064491272,0.4677908420562744,0.308614581823349,-0.8875517845153809,0.9989664554595947,0.45894527435302734,0.310482382774353,-0.8877632021903992,0.9991357922554016,0.4479699730873108,0.31256598234176636,-0.8884015083312988,0.9991808533668518,0.5540060997009277,0.3317527174949646,-0.595695436000824,0.9984664916992188,0.4391701817512512,0.3395933210849762,-0.569271445274353,0.9992063045501709,0.5143464803695679,0.3878844380378723,-0.810564398765564,0.9996454119682312,0.46467024087905884,0.3882567286491394,-0.8036555051803589,0.999737560749054,0.6573899984359741,0.5768728256225586,-0.3692651093006134,0.9976586699485779,0.3570944666862488,0.5731613636016846,-0.3365713059902191,0.9991492033004761,0.6750757098197937,0.9051995873451233,-0.28405243158340454,0.9029632210731506,0.3017059862613678,0.8781155943870544,-0.1967262476682663,0.9432428479194641,0.6132029891014099,1.0486384630203247,-0.5903741121292114,0.745589554309845,0.374294251203537,1.0472866296768188,-0.46851205825805664,0.7498636245727539,0.6194870471954346,1.1488641500473022,-0.6766601204872131,0.7125606536865234,0.38374537229537964,1.144066572189331,-0.5562795996665955,0.7047522664070129,0.609017014503479,1.1259093284606934,-0.7476956248283386,0.7278646230697632,0.3963736891746521,1.107995629310608,-0.6171373128890991,0.7271509170532227,0.5839201807975769,1.0631797313690186,-0.6271712779998779,0.7310346961021423,0.3975786566734314,1.0742106437683105,-0.4996790289878845,0.7300649285316467,0.5895282030105591,1.1045974493026733,-0.028200939297676086,0.32482606172561646,0.41305309534072876,1.1191306114196777,0.030018487945199013,0.3363887369632721,0.5877929925918579,1.5385277271270752,0.03872242569923401,0.005300252698361874,0.39231356978416443,1.5192509889602661,0.06070714443922043,0.004006823990494013,0.5730191469192505,1.8918179273605347,0.6105672121047974,0.0006854324601590633,0.3874989151954651,1.8821111917495728,0.47509390115737915,0.0009460541768930852,0.5751045346260071,1.940925121307373,0.6456228494644165,0.0006373923970386386,0.3870622515678406,1.9350439310073853,0.5021370649337769,0.0016889754915609956,0.5421948432922363,2.019752264022827,0.24856647849082947,0.0006317603401839733,0.40704211592674255,2.007695198059082,0.07061935216188431,0.0022877610754221678,nan,nan,nan,nan,nan,nan,nan,nan,nan,nan,nan,nan,nan,nan,nan,nan,nan,nan,nan,nan,nan,nan,nan,nan,nan,nan,nan,nan,nan,nan,nan,nan,nan,nan,nan,nan,nan,nan,nan,nan,nan,nan,nan,nan,nan,nan,nan,nan,nan,nan,nan,nan,nan,nan,nan,nan,nan,nan,nan,nan,nan,nan,nan,nan,nan,nan,nan,nan,nan,nan,nan,nan,nan,nan,nan,nan,nan,nan,nan,nan,nan,nan,nan,nan,nan,nan,nan,nan,nan,nan,nan,nan,nan,nan,nan,nan,nan,nan,nan,nan,nan,nan,nan,nan,nan,nan,nan,nan,nan,nan,nan,nan,nan,nan,nan,nan,nan,nan,nan,nan,nan,nan,nan,nan,nan,nan
93,93,1,0,0,1.0,0.0,0.0,0.4832187592983246,0.3434675931930542,-0.9471142888069153,0.9993504881858826,0.505790650844574,0.3060097396373749,-0.9113335609436035,0.9985758066177368,0.5196042060852051,0.30631428956985474,-0.911605179309845,0.9986761808395386,0.5331832766532898,0.30789703130722046,-0.9116175770759583,0.9984703063964844,0.4669032692909241,0.30845147371292114,-0.9086410403251648,0.9988360404968262,0.45792531967163086,0.31035131216049194,-0.9087932705879211,0.9990268349647522,0.44688257575035095,0.3124780058860779,-0.909424901008606,0.9990755319595337,0.5532367825508118,0.3318120241165161,-0.6122695207595825,0.9982645511627197,0.43768510222435,0.33956483006477356,-0.586936354637146,0.9991021752357483,0.5136746168136597,0.3877829909324646,-0.830584704875946,0.9995977282524109,0.4635016918182373,0.38811367750167847,-0.8236754536628723,0.9996986389160156,0.6568672060966492,0.5789114236831665,-0.3810071051120758,0.9971680641174316,0.35512575507164,0.5753551721572876,-0.36336594820022583,0.9990131258964539,0.6712965965270996,0.9057702422142029,-0.2924199402332306,0.8801262974739075,0.3032654821872711,0.8791930675506592,-0.233341783285141,0.9309025406837463,0.6264411211013794,1.0801522731781006,-0.6044744849205017,0.6884680986404419,0.36239227652549744,1.084485650062561,-0.5270432829856873,0.7064339518547058,0.6391807794570923,1.1877326965332031,-0.6925909519195557,0.6570535898208618,0.3661682903766632,1.1731014251708984,-0.6187463402748108,0.6611499786376953,0.6282026171684265,1.1711219549179077,-0.7693947553634644,0.6746163964271545,0.3775549530982971,1.1438947916030884,-0.6861777901649475,0.6865102648735046,0.6149834394454956,1.1349200010299683,-0.6449590921401978,0.6794325113296509,0.3828853368759155,1.1109580993652344,-0.5617780685424805,0.6910388469696045,0.5879856944084167,1.1071668863296509,-0.028389284387230873,0.3022993803024292,0.40817123651504517,1.1234209537506104,0.030177343636751175,0.31630051136016846,0.5816497206687927,1.5478229522705078,0.04590589925646782,0.005656822584569454,0.3876303732395172,1.5286937952041626,0.062300603836774826,0.00439046835526824,0.5661451816558838,1.9069459438323975,0.6068342924118042,0.0007779148872941732,0.3806820511817932,1.8971728086471558,0.47683200240135193,0.0010419493773952127,0.5682652592658997,1.9578756093978882,0.6396664977073669,0.000676569587085396,0.3811321556568146,1.9501386880874634,0.504178524017334,0.0017996093956753612,0.5344486236572266,2.032792806625366,0.2428240329027176,0.0006937190191820264,0.39717787504196167,2.0244359970092773,0.06412024050951004,0.0023967530578374863,nan,nan,nan,nan,nan,nan,nan,nan,nan,nan,nan,nan,nan,nan,nan,nan,nan,nan,nan,nan,nan,nan,nan,nan,nan,nan,nan,nan,nan,nan,nan,nan,nan,nan,nan,nan,nan,nan,nan,nan,nan,nan,nan,nan,nan,nan,nan,nan,nan,nan,nan,nan,nan,nan,nan,nan,nan,nan,nan,nan,nan,nan,nan,nan,nan,nan,nan,nan,nan,nan,nan,nan,nan,nan,nan,nan,nan,nan,nan,nan,nan,nan,nan,nan,nan,nan,nan,nan,nan,nan,nan,nan,nan,nan,nan,nan,nan,nan,nan,nan,nan,nan,nan,nan,nan,nan,nan,nan,nan,nan,nan,nan,nan,nan,nan,nan,nan,nan,nan,nan,nan,nan,nan,nan,nan,nan
94,94,1,0,0,1.0,0.0,0.0,0.4828079640865326,0.3427962362766266,-0.9304862022399902,0.9992897510528564,0.5052921175956726,0.30580055713653564,-0.893464207649231,0.9984198808670044,0.5190509557723999,0.3061901926994324,-0.8937671780586243,0.9985429048538208,0.5326453447341919,0.30787256360054016,-0.8937641978263855,0.9983051419258118,0.46616753935813904,0.30813297629356384,-0.8910857439041138,0.9986940622329712,0.4570084512233734,0.31006374955177307,-0.8912345767021179,0.9989120364189148,0.44585108757019043,0.31225350499153137,-0.8918635249137878,0.99895840883255,0.5524260997772217,0.3318060040473938,-0.5900534987449646,0.9980403780937195,0.4360387921333313,0.33932486176490784,-0.566704273223877,0.9989920258522034,0.5133575797080994,0.387352854013443,-0.8126166462898254,0.9995476007461548,0.4626958966255188,0.3875141441822052,-0.8061779737472534,0.9996616244316101,0.6560109853744507,0.5792601704597473,-0.360607385635376,0.9968281984329224,0.3529556393623352,0.5769869685173035,-0.3443866968154907,0.9988865256309509,0.670660138130188,0.9061091542243958,-0.2952762544155121,0.8579965233802795,0.3039216995239258,0.8814694285392761,-0.22593291103839874,0.9212194681167603,0.6383689045906067,1.0696560144424438,-0.6616438031196594,0.6392460465431213,0.3521918058395386,1.0916341543197632,-0.5309714078903198,0.6701934337615967,0.6646994352340698,1.1606065034866333,-0.7599549889564514,0.609439492225647,0.35515350103378296,1.1781445741653442,-0.6282379627227783,0.6237801313400269,0.6558128595352173,1.1425917148590088,-0.8292824625968933,0.6292530298233032,0.3676222264766693,1.1489601135253906,-0.6978244781494141,0.651982843875885,0.6170414090156555,1.0884826183319092,-0.7013452053070068,0.6350399255752563,0.37348103523254395,1.1162961721420288,-0.5671336650848389,0.6581824421882629,0.5866406559944153,1.1099014282226562,-0.028170784935355186,0.28603285551071167,0.40491652488708496,1.128627061843872,0.02995343878865242,0.3028683662414551,0.5797435641288757,1.5512651205062866,0.047038041055202484,0.0065341186709702015,0.38623350858688354,1.5336374044418335,0.06641608476638794,0.0052588642574846745,0.5659584999084473,1.910068392753601,0.6230899691581726,0.0009686284465715289,0.37984761595726013,1.9008393287658691,0.48619168996810913,0.0012542542535811663,0.5681570172309875,1.961687445640564,0.6559057235717773,0.0007787864888086915,0.38051939010620117,1.953603982925415,0.5141781568527222,0.0020904000848531723,0.5343888401985168,2.0347931385040283,0.24714048206806183,0.0008044946007430553,0.39660197496414185,2.027409076690674,0.07784657180309296,0.0026338989846408367,nan,nan,nan,nan,nan,nan,nan,nan,nan,nan,nan,nan,nan,nan,nan,nan,nan,nan,nan,nan,nan,nan,nan,nan,nan,nan,nan,nan,nan,nan,nan,nan,nan,nan,nan,nan,nan,nan,nan,nan,nan,nan,nan,nan,nan,nan,nan,nan,nan,nan,nan,nan,nan,nan,nan,nan,nan,nan,nan,nan,nan,nan,nan,nan,nan,nan,nan,nan,nan,nan,nan,nan,nan,nan,nan,nan,nan,nan,nan,nan,nan,nan,nan,nan,nan,nan,nan,nan,nan,nan,nan,nan,nan,nan,nan,nan,nan,nan,nan,nan,nan,nan,nan,nan,nan,nan,nan,nan,nan,nan,nan,nan,nan,nan,nan,nan,nan,nan,nan,nan,nan,nan,nan,nan,nan,nan
95,95,1,0,0,1.0,0.0,0.0,0.48188328742980957,0.3412656784057617,-0.903026282787323,0.999262273311615,0.5041024684906006,0.30515432357788086,-0.8630214929580688,0.9983317852020264,0.5178915858268738,0.3057004511356354,-0.8633635640144348,0.9984685778617859,0.5314756631851196,0.3075563609600067,-0.8634865880012512,0.9982151985168457,0.4650249481201172,0.30717605352401733,-0.8619217872619629,0.9986090660095215,0.4557896554470062,0.3091602921485901,-0.8620597720146179,0.9988430142402649,0.4444595277309418,0.31144097447395325,-0.8627282977104187,0.9988836050033569,0.5512442588806152,0.3317319452762604,-0.5668441653251648,0.997908890247345,0.434546560049057,0.3388465344905853,-0.549348771572113,0.9989225268363953,0.512275218963623,0.3862181603908539,-0.7894753217697144,0.9995152354240417,0.46161890029907227,0.38620832562446594,-0.7840150594711304,0.9996371269226074,0.6549845933914185,0.5797153115272522,-0.34292590618133545,0.996557354927063,0.3514702022075653,0.5787329077720642,-0.33401021361351013,0.998724639415741,0.6702556014060974,0.9075013399124146,-0.260924369096756,0.8352397084236145,0.3047564625740051,0.8860234022140503,-0.23593370616436005,0.9041318297386169,0.6515503525733948,1.0947433710098267,-0.5972782373428345,0.5947801470756531,0.3420421779155731,1.095874309539795,-0.5462709665298462,0.6304373145103455,0.6644676923751831,1.184342861175537,-0.6890894174575806,0.5672597289085388,0.3432113528251648,1.1781063079833984,-0.6434544920921326,0.585738480091095,0.6711344122886658,1.1747965812683105,-0.7700999975204468,0.5901500582695007,0.35596325993537903,1.1508418321609497,-0.7143558859825134,0.6167923212051392,0.6521361470222473,1.1418386697769165,-0.6417182087898254,0.5966792106628418,0.36307695508003235,1.12058424949646,-0.5836256146430969,0.624217689037323,0.5864648222923279,1.1090210676193237,-0.0280641820281744,0.2646113932132721,0.4037061631679535,1.1351183652877808,0.029852012172341347,0.2813210189342499,0.5785529613494873,1.5567708015441895,0.07036024332046509,0.006981472484767437,0.3856489062309265,1.5420126914978027,0.06742511689662933,0.0055633243173360825,0.5658887624740601,1.921016812324524,0.6217442750930786,0.0010723959421738982,0.3794751465320587,1.9124908447265625,0.4672504961490631,0.001319513306953013,0.5679678320884705,1.9750492572784424,0.6528515219688416,0.0008251069812104106,0.3804270327091217,1.9668635129928589,0.49284499883651733,0.0021673403680324554,0.5342265963554382,2.0438473224639893,0.24101603031158447,0.0008645138586871326,0.395813524723053,2.0374157428741455,0.05805986002087593,0.0026827496476471424,nan,nan,nan,nan,nan,nan,nan,nan,nan,nan,nan,nan,nan,nan,nan,nan,nan,nan,nan,nan,nan,nan,nan,nan,nan,nan,nan,nan,nan,nan,nan,nan,nan,nan,nan,nan,nan,nan,nan,nan,nan,nan,nan,nan,nan,nan,nan,nan,nan,nan,nan,nan,nan,nan,nan,nan,nan,nan,nan,nan,nan,nan,nan,nan,nan,nan,nan,nan,nan,nan,nan,nan,nan,nan,nan,nan,nan,nan,nan,nan,nan,nan,nan,nan,nan,nan,nan,nan,nan,nan,nan,nan,nan,nan,nan,nan,nan,nan,nan,nan,nan,nan,nan,nan,nan,nan,nan,nan,nan,nan,nan,nan,nan,nan,nan,nan,nan,nan,nan,nan,nan,nan,nan,nan,nan,nan
96,96,1,0,0,1.0,0.0,0.0,0.480942964553833,0.3406238555908203,-0.902274489402771,0.9992573857307434,0.5031577944755554,0.3049386143684387,-0.8603373765945435,0.9982984066009521,0.5170291662216187,0.3055652379989624,-0.8606845736503601,0.9984387159347534,0.5305932760238647,0.3074977695941925,-0.8608536720275879,0.9981769919395447,0.4640069007873535,0.30666249990463257,-0.859648585319519,0.9985785484313965,0.45475873351097107,0.30859142541885376,-0.859759509563446,0.9988196492195129,0.4433649480342865,0.31084272265434265,-0.8604522943496704,0.9988570809364319,0.5502464175224304,0.3317262530326843,-0.5618821382522583,0.9978389143943787,0.43316227197647095,0.33824530243873596,-0.5464886426925659,0.9989079236984253,0.5109886527061462,0.385681688785553,-0.7889277935028076,0.9995033144950867,0.46045389771461487,0.3855072855949402,-0.7834281921386719,0.9996296763420105,0.6537972688674927,0.5800430774688721,-0.3368006944656372,0.9964309930801392,0.3496253490447998,0.5800091028213501,-0.33263203501701355,0.998674213886261,0.6699475049972534,0.9086981415748596,-0.25855809450149536,0.8204712867736816,0.30508530139923096,0.8896172642707825,-0.24470897018909454,0.8945015072822571,0.656411349773407,1.1029902696609497,-0.6054629683494568,0.5576832890510559,0.3353002667427063,1.1078680753707886,-0.566641092300415,0.6034234762191772,0.6664360761642456,1.1911741495132446,-0.7007631063461304,0.5315901637077332,0.33522137999534607,1.1917989253997803,-0.6654530763626099,0.5588372349739075,0.6754549741744995,1.185542345046997,-0.7814990282058716,0.557534396648407,0.3493652939796448,1.166845440864563,-0.7397788166999817,0.5929809808731079,0.6598585844039917,1.155409574508667,-0.6504074335098267,0.5653024911880493,0.35726282000541687,1.1362698078155518,-0.6055834889411926,0.602539598941803,0.5926678776741028,1.1342432498931885,-0.027820993214845657,0.24653655290603638,0.40277329087257385,1.1387386322021484,0.029619287699460983,0.2639986276626587,0.5785132050514221,1.5609581470489502,0.07704142481088638,0.0069911424070596695,0.3854798376560211,1.5493581295013428,0.067018523812294,0.005547341890633106,0.5656096935272217,1.9298068284988403,0.619192361831665,0.0010993567993864417,0.3793191611766815,1.923513412475586,0.46385273337364197,0.0013051668647676706,0.5678195357322693,1.9847406148910522,0.6460368037223816,0.0008238021982833743,0.3800022006034851,1.9786567687988281,0.48921164870262146,0.0021272364538162947,0.533984363079071,2.0520787239074707,0.22273974120616913,0.0008694602292962372,0.3958164155483246,2.0476770401000977,0.04467526450753212,0.0026127283927053213,nan,nan,nan,nan,nan,nan,nan,nan,nan,nan,nan,nan,nan,nan,nan,nan,nan,nan,nan,nan,nan,nan,nan,nan,nan,nan,nan,nan,nan,nan,nan,nan,nan,nan,nan,nan,nan,nan,nan,nan,nan,nan,nan,nan,nan,nan,nan,nan,nan,nan,nan,nan,nan,nan,nan,nan,nan,nan,nan,nan,nan,nan,nan,nan,nan,nan,nan,nan,nan,nan,nan,nan,nan,nan,nan,nan,nan,nan,nan,nan,nan,nan,nan,nan,nan,nan,nan,nan,nan,nan,nan,nan,nan,nan,nan,nan,nan,nan,nan,nan,nan,nan,nan,nan,nan,nan,nan,nan,nan,nan,nan,nan,nan,nan,nan,nan,nan,nan,nan,nan,nan,nan,nan,nan,nan,nan
97,97,1,0,0,1.0,0.0,0.0,0.48058024048805237,0.34020134806632996,-0.9064741134643555,0.999295711517334,0.5026264786720276,0.3048756718635559,-0.8650628924369812,0.9983699917793274,0.5164607763290405,0.30554455518722534,-0.8653613328933716,0.9985067248344421,0.5299299955368042,0.3074987828731537,-0.8654389381408691,0.9982518553733826,0.46339601278305054,0.3063261806964874,-0.8648906946182251,0.9986363053321838,0.45419639348983765,0.3081732988357544,-0.8649206161499023,0.9988706707954407,0.44289669394493103,0.31039899587631226,-0.8655532002449036,0.9989007115364075,0.5491269826889038,0.33172303438186646,-0.5606343150138855,0.9979236721992493,0.4323273301124573,0.3376908004283905,-0.5458112359046936,0.9989604949951172,0.5102428197860718,0.38529226183891296,-0.7906497716903687,0.9995256662368774,0.45973318815231323,0.3849470913410187,-0.7859776616096497,0.9996457099914551,0.6528396606445312,0.580372154712677,-0.335918664932251,0.9965437650680542,0.3479626774787903,0.5810151696205139,-0.3542516827583313,0.9987091422080994,0.6698803901672363,0.910815954208374,-0.261660099029541,0.8175735473632812,0.30525314807891846,0.8933902382850647,-0.27080464363098145,0.8902837038040161,0.6610411405563354,1.125854730606079,-0.6018978953361511,0.530470609664917,0.3289793133735657,1.1185861825942993,-0.5952047109603882,0.5875616669654846,0.6842659711837769,1.2298424243927002,-0.698168158531189,0.5043689608573914,0.32625851035118103,1.2035775184631348,-0.6937910318374634,0.5430275797843933,0.6769230961799622,1.2217637300491333,-0.7794438004493713,0.5339037179946899,0.3418391942977905,1.1815268993377686,-0.7680975794792175,0.5799577832221985,0.6616759896278381,1.1907976865768433,-0.6471701860427856,0.5439283847808838,0.3509509563446045,1.1511597633361816,-0.6341307163238525,0.592889666557312,0.5918230414390564,1.1241934299468994,-0.027730101719498634,0.23081143200397491,0.4036160409450531,1.1108207702636719,0.0295290257781744,0.24877089262008667,0.5785137414932251,1.566354751586914,0.09467872232198715,0.006673220079392195,0.3853705823421478,1.5608723163604736,0.09704131633043289,0.005277526099234819,0.5653908252716064,1.9388582706451416,0.640794575214386,0.0010911310091614723,0.3792368769645691,1.9376238584518433,0.5180121660232544,0.0012433069059625268,0.5676543712615967,1.993772029876709,0.6691247224807739,0.0008051014156080782,0.3797270953655243,1.992349624633789,0.5459859371185303,0.0020283928606659174,0.5337186455726624,2.062234401702881,0.24242112040519714,0.0008490752661600709,0.39572492241859436,2.062959909439087,0.08105326443910599,0.002469862811267376,nan,nan,nan,nan,nan,nan,nan,nan,nan,nan,nan,nan,nan,nan,nan,nan,nan,nan,nan,nan,nan,nan,nan,nan,nan,nan,nan,nan,nan,nan,nan,nan,nan,nan,nan,nan,nan,nan,nan,nan,nan,nan,nan,nan,nan,nan,nan,nan,nan,nan,nan,nan,nan,nan,nan,nan,nan,nan,nan,nan,nan,nan,nan,nan,nan,nan,nan,nan,nan,nan,nan,nan,nan,nan,nan,nan,nan,nan,nan,nan,nan,nan,nan,nan,nan,nan,nan,nan,nan,nan,nan,nan,nan,nan,nan,nan,nan,nan,nan,nan,nan,nan,nan,nan,nan,nan,nan,nan,nan,nan,nan,nan,nan,nan,nan,nan,nan,nan,nan,nan,nan,nan,nan,nan,nan,nan
98,98,1,0,0,1.0,0.0,0.0,0.48068419098854065,0.34012556076049805,-0.9419740438461304,0.9993426203727722,0.5026865005493164,0.30491748452186584,-0.8996865153312683,0.9984709024429321,0.5165160894393921,0.30567416548728943,-0.8999038934707642,0.9985994100570679,0.5299143195152283,0.3077338933944702,-0.899926483631134,0.9983597993850708,0.4633581042289734,0.306270956993103,-0.901797890663147,0.9987183213233948,0.45406848192214966,0.3080509901046753,-0.9017227292060852,0.9989392757415771,0.4429935812950134,0.31026962399482727,-0.9022893905639648,0.9989638328552246,0.5484825372695923,0.3317800462245941,-0.5820877552032471,0.9980468153953552,0.43189162015914917,0.33734098076820374,-0.5779613256454468,0.9990275502204895,0.5103582739830017,0.38520804047584534,-0.8216659426689148,0.9995555281639099,0.4596622586250305,0.38468068838119507,-0.8202844858169556,0.999667227268219,0.6519243717193604,0.5807963609695435,-0.3526601195335388,0.9967359304428101,0.3464518189430237,0.5820220708847046,-0.3939639627933502,0.9987677931785583,0.6700865626335144,0.9131633043289185,-0.2690702974796295,0.8169149160385132,0.30530059337615967,0.8986892104148865,-0.3177686333656311,0.8872988224029541,0.6661198139190674,1.1398295164108276,-0.6000747084617615,0.5054183006286621,0.3274872601032257,1.1371310949325562,-0.6057683229446411,0.571942150592804,0.6807428002357483,1.2368392944335938,-0.6955779790878296,0.4789128303527832,0.32422953844070435,1.224631905555725,-0.7103893756866455,0.5272565484046936,0.6805744767189026,1.24405837059021,-0.776979386806488,0.5118879079818726,0.3413380980491638,1.2057737112045288,-0.7857195734977722,0.5664780735969543,0.6652127504348755,1.2125898599624634,-0.6453335881233215,0.5240232944488525,0.3504578471183777,1.1746827363967896,-0.6395577788352966,0.5827503800392151,0.5912003517150879,1.1218618154525757,-0.027690494433045387,0.2157333642244339,0.4020189642906189,1.1336461305618286,0.029469940811395645,0.23367483913898468,0.5788968205451965,1.5730063915252686,0.10704091936349869,0.0062219067476689816,0.3856373429298401,1.5711448192596436,0.11726351827383041,0.004908478353172541,0.56513512134552,1.9476475715637207,0.6698914766311646,0.001041922951117158,0.37917059659957886,1.948795199394226,0.5587407946586609,0.001155319856479764,0.5672828555107117,2.0021276473999023,0.7000102996826172,0.000763813266530633,0.3795051574707031,2.0034873485565186,0.5892518758773804,0.0018895373214036226,0.5334295034408569,2.0730066299438477,0.26903876662254333,0.000805684132501483,0.39572617411613464,2.0746824741363525,0.11756569147109985,0.002293693833053112,nan,nan,nan,nan,nan,nan,nan,nan,nan,nan,nan,nan,nan,nan,nan,nan,nan,nan,nan,nan,nan,nan,nan,nan,nan,nan,nan,nan,nan,nan,nan,nan,nan,nan,nan,nan,nan,nan,nan,nan,nan,nan,nan,nan,nan,nan,nan,nan,nan,nan,nan,nan,nan,nan,nan,nan,nan,nan,nan,nan,nan,nan,nan,nan,nan,nan,nan,nan,nan,nan,nan,nan,nan,nan,nan,nan,nan,nan,nan,nan,nan,nan,nan,nan,nan,nan,nan,nan,nan,nan,nan,nan,nan,nan,nan,nan,nan,nan,nan,nan,nan,nan,nan,nan,nan,nan,nan,nan,nan,nan,nan,nan,nan,nan,nan,nan,nan,nan,nan,nan,nan,nan,nan,nan,nan,nan
99,99,1,0,0,1.0,0.0,0.0,0.48081517219543457,0.3398052155971527,-0.9377053380012512,0.9993706345558167,0.502738356590271,0.30488795042037964,-0.8949626088142395,0.9985294342041016,0.5165742039680481,0.3056790232658386,-0.8952111005783081,0.9986538290977478,0.5299583673477173,0.3077697455883026,-0.8951992988586426,0.9984226822853088,0.46339869499206543,0.30598732829093933,-0.8973485231399536,0.9987631440162659,0.4539453387260437,0.3076559007167816,-0.8973116874694824,0.9989777207374573,0.44307976961135864,0.30992791056632996,-0.8978875279426575,0.9989959001541138,0.5479816794395447,0.33180445432662964,-0.576936662197113,0.9981143474578857,0.43127959966659546,0.33690014481544495,-0.5736954808235168,0.9990650415420532,0.5104491114616394,0.3849494755268097,-0.8168963193893433,0.9995715618133545,0.4596603512763977,0.3842364549636841,-0.8161996603012085,0.9996778964996338,0.6510804295539856,0.5813089609146118,-0.3497467637062073,0.9968541264533997,0.34513241052627563,0.5829360485076904,-0.38507717847824097,0.9987846612930298,0.6704453825950623,0.9143574237823486,-0.26927706599235535,0.8158184885978699,0.30527159571647644,0.9013763070106506,-0.3149007558822632,0.8846824765205383,0.6697342991828918,1.1292983293533325,-0.6058050394058228,0.48607438802719116,0.3241298198699951,1.1325244903564453,-0.6165493726730347,0.5555151700973511,0.6849912405014038,1.223909854888916,-0.7017073035240173,0.45799770951271057,0.32062476873397827,1.2184516191482544,-0.7186506986618042,0.5104382634162903,0.6857708692550659,1.227156162261963,-0.7837604284286499,0.4936191141605377,0.33658114075660706,1.1976395845413208,-0.7860479354858398,0.5517309308052063,0.669808030128479,1.1965603828430176,-0.6513493061065674,0.5079257488250732,0.34589776396751404,1.1667811870574951,-0.6491134762763977,0.571107029914856,0.5910846590995789,1.1203163862228394,-0.0275083277374506,0.2064954787492752,0.40134578943252563,1.1434073448181152,0.02929653786122799,0.22482500970363617,0.5794044733047485,1.5744919776916504,0.1133565753698349,0.006031876429915428,0.385890394449234,1.5735931396484375,0.12227970361709595,0.0047254739329218864,0.5649758577346802,1.9485889673233032,0.6773827075958252,0.001040688599459827,0.37974435091018677,1.9502028226852417,0.5654696226119995,0.0011092870263382792,0.5671045184135437,2.0030205249786377,0.7079403400421143,0.0007566667627543211,0.3799338638782501,2.0045177936553955,0.5957081913948059,0.0018252839799970388,0.5336288213729858,2.07401704788208,0.2801268994808197,0.0007954011089168489,0.3962881565093994,2.07631254196167,0.12992379069328308,0.002190165687352419,nan,nan,nan,nan,nan,nan,nan,nan,nan,nan,nan,nan,nan,nan,nan,nan,nan,nan,nan,nan,nan,nan,nan,nan,nan,nan,nan,nan,nan,nan,nan,nan,nan,nan,nan,nan,nan,nan,nan,nan,nan,nan,nan,nan,nan,nan,nan,nan,nan,nan,nan,nan,nan,nan,nan,nan,nan,nan,nan,nan,nan,nan,nan,nan,nan,nan,nan,nan,nan,nan,nan,nan,nan,nan,nan,nan,nan,nan,nan,nan,nan,nan,nan,nan,nan,nan,nan,nan,nan,nan,nan,nan,nan,nan,nan,nan,nan,nan,nan,nan,nan,nan,nan,nan,nan,nan,nan,nan,nan,nan,nan,nan,nan,nan,nan,nan,nan,nan,nan,nan,nan,nan,nan,nan,nan,nan
100,100,1,0,0,1.0,0.0,0.0,0.4809003472328186,0.3382350504398346,-0.9392694234848022,0.9993999004364014,0.5027490258216858,0.3042774796485901,-0.8952845335006714,0.9985899329185486,0.5165438652038574,0.305269330739975,-0.8955140113830566,0.9987097382545471,0.5298634767532349,0.3074072003364563,-0.8954828977584839,0.9984875917434692,0.4631643295288086,0.3048054575920105,-0.8982580304145813,0.9988129734992981,0.4535309374332428,0.3063766658306122,-0.8982194662094116,0.9990212321281433,0.44295939803123474,0.3086412847042084,-0.8987936973571777,0.9990343451499939,0.5471490621566772,0.33169659972190857,-0.5778852701187134,0.9981836676597595,0.43059879541397095,0.3361859917640686,-0.5788468718528748,0.9991073608398438,0.5103932619094849,0.38360339403152466,-0.8199312090873718,0.9995882511138916,0.4593503475189209,0.3825491666793823,-0.8202869296073914,0.9996891021728516,0.6496016979217529,0.5813919901847839,-0.35226815938949585,0.9969438314437866,0.3443225026130676,0.583511471748352,-0.40142637491226196,0.9988048672676086,0.6705774664878845,0.9149953126907349,-0.2672918736934662,0.8170263171195984,0.305278480052948,0.9039661884307861,-0.33769625425338745,0.8819096088409424,0.6718350052833557,1.1316500902175903,-0.5797080397605896,0.47021257877349854,0.3229351341724396,1.1386138200759888,-0.6244758367538452,0.5467814207077026,0.687360942363739,1.224973440170288,-0.6692889332771301,0.4411420524120331,0.31833794713020325,1.2241917848587036,-0.720053493976593,0.5018298625946045,0.6868605613708496,1.2426714897155762,-0.7501077055931091,0.47959545254707336,0.3341715931892395,1.2059969902038574,-0.8040117025375366,0.5449652671813965,0.6706100702285767,1.2117249965667725,-0.6242142915725708,0.4961646497249603,0.3442224860191345,1.175356388092041,-0.665443480014801,0.5670773983001709,0.5906515717506409,1.1193900108337402,-0.025556931272149086,0.19751186668872833,0.401040643453598,1.1456207036972046,0.027383413165807724,0.21591916680335999,0.5796437859535217,1.5759788751602173,0.11012400686740875,0.005750106181949377,0.38606467843055725,1.5753387212753296,0.11813542991876602,0.004475150723010302,0.5648218989372253,1.9517253637313843,0.6640180349349976,0.001014990033581853,0.3800196945667267,1.9533650875091553,0.5530697703361511,0.0010468319524079561,0.5669507384300232,2.0063953399658203,0.6935979723930359,0.0007318473071791232,0.38002753257751465,2.0076098442077637,0.5827525854110718,0.0017217781860381365,0.5336675643920898,2.076711416244507,0.2698177695274353,0.000770959653891623,0.3967909812927246,2.0799996852874756,0.12415915727615356,0.0020596010144799948,nan,nan,nan,nan,nan,nan,nan,nan,nan,nan,nan,nan,nan,nan,nan,nan,nan,nan,nan,nan,nan,nan,nan,nan,nan,nan,nan,nan,nan,nan,nan,nan,nan,nan,nan,nan,nan,nan,nan,nan,nan,nan,nan,nan,nan,nan,nan,nan,nan,nan,nan,nan,nan,nan,nan,nan,nan,nan,nan,nan,nan,nan,nan,nan,nan,nan,nan,nan,nan,nan,nan,nan,nan,nan,nan,nan,nan,nan,nan,nan,nan,nan,nan,nan,nan,nan,nan,nan,nan,nan,nan,nan,nan,nan,nan,nan,nan,nan,nan,nan,nan,nan,nan,nan,nan,nan,nan,nan,nan,nan,nan,nan,nan,nan,nan,nan,nan,nan,nan,nan,nan,nan,nan,nan,nan,nan
101,101,1,0,0,1.0,0.0,0.0,0.4808827340602875,0.3369898796081543,-0.9357681274414062,0.9994151592254639,0.5025748610496521,0.30374154448509216,-0.8922666311264038,0.9986199140548706,0.5163311958312988,0.3048720359802246,-0.8924975395202637,0.9987378120422363,0.5295974016189575,0.3070012629032135,-0.8924709558486938,0.9985203742980957,0.4626089930534363,0.30391982197761536,-0.8951523900032043,0.9988375306129456,0.4528122544288635,0.30547112226486206,-0.8951307535171509,0.9990443587303162,0.44255536794662476,0.30777648091316223,-0.8957070112228394,0.9990531802177429,0.5460630655288696,0.3315865397453308,-0.5779966115951538,0.9982163906097412,0.4295728802680969,0.33587220311164856,-0.5798909068107605,0.9991320967674255,0.5101730227470398,0.38250967860221863,-0.8178073763847351,0.999596357345581,0.45878639817237854,0.3812459409236908,-0.818138599395752,0.9996938109397888,0.6482153534889221,0.5814048051834106,-0.3543318212032318,0.9969799518585205,0.34356489777565,0.5839087963104248,-0.40428584814071655,0.9988090991973877,0.6706688404083252,0.9151227474212646,-0.2667770981788635,0.8181614875793457,0.3053153455257416,0.9061111807823181,-0.3437444567680359,0.8786640167236328,0.6722615957260132,1.1303883790969849,-0.569015383720398,0.45491936802864075,0.3203027844429016,1.13878333568573,-0.6312829852104187,0.5371060371398926,0.6953166723251343,1.2409335374832153,-0.6560169458389282,0.424458384513855,0.3143298923969269,1.2233226299285889,-0.7205675840377808,0.4917808175086975,0.6872518658638,1.2419549226760864,-0.7355974912643433,0.46492999792099,0.32927027344703674,1.2053920030593872,-0.8142905235290527,0.5363020896911621,0.6707298755645752,1.2109410762786865,-0.612636923789978,0.4836153984069824,0.34021225571632385,1.1749367713928223,-0.6761500239372253,0.5609180927276611,0.5901111960411072,1.117380142211914,-0.02359135076403618,0.19262468814849854,0.4006878435611725,1.1458113193511963,0.0253993459045887,0.2113962024450302,0.5796444416046143,1.5757689476013184,0.10844574868679047,0.005617436021566391,0.38603633642196655,1.5742160081863403,0.11270661652088165,0.004321628715842962,0.5646969079971313,1.9517462253570557,0.6566051244735718,0.0010149087756872177,0.3800099194049835,1.952553153038025,0.5396143198013306,0.0010077414335682988,0.5668363571166992,2.006474494934082,0.6860632300376892,0.0007233857759274542,0.3799514174461365,2.0068066120147705,0.5678085684776306,0.0016525104874745011,0.5337650179862976,2.0765421390533447,0.2647463381290436,0.0007597055518999696,0.3969210386276245,2.0796124935150146,0.10437798500061035,0.001961602596566081,nan,nan,nan,nan,nan,nan,nan,nan,nan,nan,nan,nan,nan,nan,nan,nan,nan,nan,nan,nan,nan,nan,nan,nan,nan,nan,nan,nan,nan,nan,nan,nan,nan,nan,nan,nan,nan,nan,nan,nan,nan,nan,nan,nan,nan,nan,nan,nan,nan,nan,nan,nan,nan,nan,nan,nan,nan,nan,nan,nan,nan,nan,nan,nan,nan,nan,nan,nan,nan,nan,nan,nan,nan,nan,nan,nan,nan,nan,nan,nan,nan,nan,nan,nan,nan,nan,nan,nan,nan,nan,nan,nan,nan,nan,nan,nan,nan,nan,nan,nan,nan,nan,nan,nan,nan,nan,nan,nan,nan,nan,nan,nan,nan,nan,nan,nan,nan,nan,nan,nan,nan,nan,nan,nan,nan,nan
102,102,1,0,0,1.0,0.0,0.0,0.4806719422340393,0.33494898676872253,-0.9348805546760559,0.9994256496429443,0.5021759271621704,0.3025377690792084,-0.8884557485580444,0.9986444711685181,0.5159177780151367,0.30384165048599243,-0.8886821866035461,0.9987611770629883,0.5291808247566223,0.30581536889076233,-0.8886731266975403,0.998549222946167,0.46169885993003845,0.30250126123428345,-0.8927187919616699,0.9988554120063782,0.451823890209198,0.3041018545627594,-0.892681896686554,0.9990602731704712,0.4417526125907898,0.3064141273498535,-0.893263041973114,0.9990653395652771,0.5450721979141235,0.3311080038547516,-0.5759932398796082,0.9982441067695618,0.42822566628456116,0.3355106711387634,-0.5753459930419922,0.9991476535797119,0.5098305940628052,0.3809863328933716,-0.8160082697868347,0.9996020197868347,0.4580296576023102,0.37970277667045593,-0.8147061467170715,0.9996962547302246,0.6470603942871094,0.5814031958580017,-0.35226306319236755,0.9970094561576843,0.3429681062698364,0.5844081044197083,-0.3934840261936188,0.9987990260124207,0.6707199811935425,0.9151769876480103,-0.26705408096313477,0.8192077279090881,0.30536338686943054,0.9077543020248413,-0.3347395658493042,0.8749638795852661,0.6720535755157471,1.130044937133789,-0.5760408639907837,0.44382408261299133,0.3191622197628021,1.1378432512283325,-0.6324257850646973,0.526851236820221,0.6962225437164307,1.2402061223983765,-0.6646429896354675,0.4114144742488861,0.31334155797958374,1.2219393253326416,-0.723964273929596,0.48084965348243713,0.6864091157913208,1.2369464635849,-0.7438551187515259,0.4536316990852356,0.3271714746952057,1.2034664154052734,-0.8142549395561218,0.5265802145004272,0.6697123646736145,1.2060102224349976,-0.6195204854011536,0.474161297082901,0.3381919264793396,1.1729683876037598,-0.676514208316803,0.5533190965652466,0.5893663167953491,1.1110464334487915,-0.022358063608407974,0.1925911158323288,0.4021998941898346,1.1098867654800415,0.024161668494343758,0.21189402043819427,0.5796445608139038,1.574867606163025,0.10678239166736603,0.005635485518723726,0.38602006435394287,1.5725055932998657,0.09616856276988983,0.004270654171705246,0.5648447275161743,1.9506632089614868,0.6503697633743286,0.0010342539753764868,0.38006144762039185,1.9515494108200073,0.5086866617202759,0.0009913798421621323,0.5671588182449341,2.0054404735565186,0.6778696775436401,0.0007299991557374597,0.37997734546661377,2.006155252456665,0.5350638628005981,0.0016119956271722913,0.5345560312271118,2.075256824493408,0.2569034695625305,0.0007656199159100652,0.3971060812473297,2.0781073570251465,0.07561326771974564,0.0019048822578042746,nan,nan,nan,nan,nan,nan,nan,nan,nan,nan,nan,nan,nan,nan,nan,nan,nan,nan,nan,nan,nan,nan,nan,nan,nan,nan,nan,nan,nan,nan,nan,nan,nan,nan,nan,nan,nan,nan,nan,nan,nan,nan,nan,nan,nan,nan,nan,nan,nan,nan,nan,nan,nan,nan,nan,nan,nan,nan,nan,nan,nan,nan,nan,nan,nan,nan,nan,nan,nan,nan,nan,nan,nan,nan,nan,nan,nan,nan,nan,nan,nan,nan,nan,nan,nan,nan,nan,nan,nan,nan,nan,nan,nan,nan,nan,nan,nan,nan,nan,nan,nan,nan,nan,nan,nan,nan,nan,nan,nan,nan,nan,nan,nan,nan,nan,nan,nan,nan,nan,nan,nan,nan,nan,nan,nan,nan
103,103,1,0,0,1.0,0.0,0.0,0.4801119267940521,0.3326510488986969,-0.9177402257919312,0.9994209408760071,0.5015143752098083,0.30107298493385315,-0.8706345558166504,0.998636782169342,0.515276312828064,0.3025316894054413,-0.8708904385566711,0.9987558722496033,0.5285465121269226,0.30430734157562256,-0.8708788156509399,0.9985443353652954,0.46053892374038696,0.30089038610458374,-0.8746324777603149,0.9988468289375305,0.4506630003452301,0.3024618923664093,-0.8746468424797058,0.9990556240081787,0.44058719277381897,0.30462005734443665,-0.875248908996582,0.9990575313568115,0.5440191626548767,0.33032846450805664,-0.5609572529792786,0.9982243776321411,0.4268467426300049,0.33494192361831665,-0.5640643835067749,0.9991415739059448,0.5091896653175354,0.3793407082557678,-0.801967978477478,0.9995951056480408,0.4569975435733795,0.3780324161052704,-0.8021023869514465,0.9996898770332336,0.6460820436477661,0.5813391208648682,-0.34408479928970337,0.9969552755355835,0.3424510955810547,0.5850263833999634,-0.3881602883338928,0.9987600445747375,0.6707972884178162,0.9152003526687622,-0.2602253258228302,0.8182424902915955,0.30541637539863586,0.909033477306366,-0.3301650583744049,0.8705453872680664,0.6710960268974304,1.1286025047302246,-0.572047233581543,0.43214571475982666,0.3195255398750305,1.135940670967102,-0.6266711950302124,0.5151464343070984,0.6917018890380859,1.2301430702209473,-0.6599869132041931,0.3984919786453247,0.31474387645721436,1.2191325426101685,-0.7188417315483093,0.46883779764175415,0.686003565788269,1.2288844585418701,-0.7397109270095825,0.4420605003833771,0.3277612030506134,1.199519395828247,-0.8067315220832825,0.5156834125518799,0.6691786050796509,1.1982178688049316,-0.615725040435791,0.46413516998291016,0.33836430311203003,1.1691677570343018,-0.6704099178314209,0.5440990924835205,0.593988835811615,1.1329423189163208,-0.020465277135372162,0.19452185928821564,0.4030577540397644,1.0965659618377686,0.0222387183457613,0.21456699073314667,0.579629123210907,1.5738790035247803,0.10569794476032257,0.005834696814417839,0.38598567247390747,1.5708833932876587,0.08498059213161469,0.004335969220846891,0.565231204032898,1.9490540027618408,0.637367308139801,0.0010961827356368303,0.38027384877204895,1.9498155117034912,0.48795658349990845,0.0010104947723448277,0.5678434371948242,2.003725528717041,0.6636278629302979,0.0007638070383109152,0.3801954388618469,2.004441499710083,0.5132325291633606,0.0016214570496231318,0.5354454517364502,2.0734381675720215,0.2472878247499466,0.0008007074939087033,0.39732977747917175,2.0759665966033936,0.06041597202420235,0.001903472701087594,nan,nan,nan,nan,nan,nan,nan,nan,nan,nan,nan,nan,nan,nan,nan,nan,nan,nan,nan,nan,nan,nan,nan,nan,nan,nan,nan,nan,nan,nan,nan,nan,nan,nan,nan,nan,nan,nan,nan,nan,nan,nan,nan,nan,nan,nan,nan,nan,nan,nan,nan,nan,nan,nan,nan,nan,nan,nan,nan,nan,nan,nan,nan,nan,nan,nan,nan,nan,nan,nan,nan,nan,nan,nan,nan,nan,nan,nan,nan,nan,nan,nan,nan,nan,nan,nan,nan,nan,nan,nan,nan,nan,nan,nan,nan,nan,nan,nan,nan,nan,nan,nan,nan,nan,nan,nan,nan,nan,nan,nan,nan,nan,nan,nan,nan,nan,nan,nan,nan,nan,nan,nan,nan,nan,nan,nan
104,104,1,0,0,1.0,0.0,0.0,0.47920235991477966,0.3316206634044647,-0.9166196584701538,0.999413788318634,0.5004892349243164,0.30041685700416565,-0.8697911500930786,0.9986228942871094,0.5143054127693176,0.30192115902900696,-0.8700507879257202,0.9987444281578064,0.5276375412940979,0.3036046028137207,-0.8700377345085144,0.998532235622406,0.45916152000427246,0.3001616597175598,-0.8733723759651184,0.9988336563110352,0.44938525557518005,0.30172693729400635,-0.8734060525894165,0.9990472793579102,0.43920406699180603,0.30381378531455994,-0.8740115165710449,0.999047040939331,0.5430801510810852,0.32998862862586975,-0.5608456134796143,0.9981948137283325,0.4255850315093994,0.33469802141189575,-0.563749372959137,0.9991291761398315,0.5082896947860718,0.37842652201652527,-0.801681637763977,0.9995843768119812,0.4558461308479309,0.3771030306816101,-0.8018923997879028,0.9996803402900696,0.6452732682228088,0.5811534523963928,-0.3438050448894501,0.9968603253364563,0.3422037959098816,0.5852235555648804,-0.38411617279052734,0.9987131357192993,0.6708681583404541,0.9151477813720703,-0.26073259115219116,0.8163817524909973,0.3054768443107605,0.909817099571228,-0.3293173015117645,0.8659653663635254,0.6702316403388977,1.127191424369812,-0.5719102621078491,0.4202968180179596,0.3198705017566681,1.133430004119873,-0.6214585900306702,0.5038316249847412,0.6892104148864746,1.2250959873199463,-0.658505916595459,0.38601619005203247,0.31578096747398376,1.2158381938934326,-0.7134479880332947,0.45770955085754395,0.68537437915802,1.2234454154968262,-0.7388220429420471,0.43073663115501404,0.32819610834121704,1.195318579673767,-0.7992123365402222,0.5056398510932922,0.6685548424720764,1.192909836769104,-0.6155812740325928,0.45409703254699707,0.33850187063217163,1.1651368141174316,-0.6646054983139038,0.5353724956512451,0.5960289239883423,1.1396610736846924,-0.020134517922997475,0.19403095543384552,0.40378284454345703,1.0907779932022095,0.02189544215798378,0.2148740142583847,0.5795491933822632,1.5731593370437622,0.1028594821691513,0.006037472747266293,0.38595467805862427,1.5697225332260132,0.07977999746799469,0.0044222548604011536,0.5653601884841919,1.9478240013122559,0.6201876997947693,0.001162713742814958,0.38048335909843445,1.9483582973480225,0.4767661988735199,0.0010385598288848996,0.5681473016738892,2.002387046813965,0.6458026766777039,0.0007952050073072314,0.38042858242988586,2.0029077529907227,0.5014210939407349,0.0016444808570668101,0.5357750654220581,2.0720527172088623,0.23089270293712616,0.000839972693938762,0.3974549174308777,2.0743610858917236,0.05103198438882828,0.0019215570064261556,nan,nan,nan,nan,nan,nan,nan,nan,nan,nan,nan,nan,nan,nan,nan,nan,nan,nan,nan,nan,nan,nan,nan,nan,nan,nan,nan,nan,nan,nan,nan,nan,nan,nan,nan,nan,nan,nan,nan,nan,nan,nan,nan,nan,nan,nan,nan,nan,nan,nan,nan,nan,nan,nan,nan,nan,nan,nan,nan,nan,nan,nan,nan,nan,nan,nan,nan,nan,nan,nan,nan,nan,nan,nan,nan,nan,nan,nan,nan,nan,nan,nan,nan,nan,nan,nan,nan,nan,nan,nan,nan,nan,nan,nan,nan,nan,nan,nan,nan,nan,nan,nan,nan,nan,nan,nan,nan,nan,nan,nan,nan,nan,nan,nan,nan,nan,nan,nan,nan,nan,nan,nan,nan,nan,nan,nan
