frame,timestamp_ms,pose_present,left_hand_present,right_hand_present,pose_score,left_hand_score,right_hand_score,pose_lm0_x,pose_lm0_y,pose_lm0_z,pose_lm0_vis,pose_lm1_x,pose_lm1_y,pose_lm1_z,pose_lm1_vis,pose_lm2_x,pose_lm2_y,pose_lm2_z,pose_lm2_vis,pose_lm3_x,pose_lm3_y,pose_lm3_z,pose_lm3_vis,pose_lm4_x,pose_lm4_y,pose_lm4_z,pose_lm4_vis,pose_lm5_x,pose_lm5_y,pose_lm5_z,pose_lm5_vis,pose_lm6_x,pose_lm6_y,pose_lm6_z,pose_lm6_vis,pose_lm7_x,pose_lm7_y,pose_lm7_z,pose_lm7_vis,pose_lm8_x,pose_lm8_y,pose_lm8_z,pose_lm8_vis,pose_lm9_x,pose_lm9_y,pose_lm9_z,pose_lm9_vis,pose_lm10_x,pose_lm10_y,pose_lm10_z,pose_lm10_vis,pose_lm11_x,pose_lm11_y,pose_lm11_z,pose_lm11_vis,pose_lm12_x,pose_lm12_y,pose_lm12_z,pose_lm12_vis,pose_lm13_x,pose_lm13_y,pose_lm13_z,pose_lm13_vis,pose_lm14_x,pose_lm14_y,pose_lm14_z,pose_lm14_vis,pose_lm15_x,pose_lm15_y,pose_lm15_z,pose_lm15_vis,pose_lm16_x,pose_lm16_y,pose_lm16_z,pose_lm16_vis,pose_lm17_x,pose_lm17_y,pose_lm17_z,pose_lm17_vis,pose_lm18_x,pose_lm18_y,pose_lm18_z,pose_lm18_vis,pose_lm19_x,pose_lm19_y,pose_lm19_z,pose_lm19_vis,pose_lm20_x,pose_lm20_y,pose_lm20_z,pose_lm20_vis,pose_lm21_x,pose_lm21_y,pose_lm21_z,pose_lm21_vis,pose_lm22_x,pose_lm22_y,pose_lm22_z,pose_lm22_vis,pose_lm23_x,pose_lm23_y,pose_lm23_z,pose_lm23_vis,pose_lm24_x,pose_lm24_y,pose_lm24_z,pose_lm24_vis,pose_lm25_x,pose_lm25_y,pose_lm25_z,pose_lm25_vis,pose_lm26_x,pose_lm26_y,pose_lm26_z,pose_lm26_vis,pose_lm27_x,pose_lm27_y,pose_lm27_z,pose_lm27_vis,pose_lm28_x,pose_lm28_y,pose_lm28_z,pose_lm28_vis,pose_lm29_x,pose_lm29_y,pose_lm29_z,pose_lm29_vis,pose_lm30_x,pose_lm30_y,pose_lm30_z,pose_lm30_vis,pose_lm31_x,pose_lm31_y,pose_lm31_z,pose_lm31_vis,pose_lm32_x,pose_lm32_y,pose_lm32_z,pose_lm32_vis,left_lm0_x,left_lm0_y,left_lm0_z,left_lm1_x,left_lm1_y,left_lm1_z,left_lm2_x,left_lm2_y,left_lm2_z,left_lm3_x,left_lm3_y,left_lm3_z,left_lm4_x,left_lm4_y,left_lm4_z,left_lm5_x,left_lm5_y,left_lm5_z,left_lm6_x,left_lm6_y,left_lm6_z,left_lm7_x,left_lm7_y,left_lm7_z,left_lm8_x,left_lm8_y,left_lm8_z,left_lm9_x,left_lm9_y,left_lm9_z,left_lm10_x,left_lm10_y,left_lm10_z,left_lm11_x,left_lm11_y,left_lm11_z,left_lm12_x,left_lm12_y,left_lm12_z,left_lm13_x,left_lm13_y,left_lm13_z,left_lm14_x,left_lm14_y,left_lm14_z,left_lm15_x,left_lm15_y,left_lm15_z,left_lm16_x,left_lm16_y,left_lm16_z,left_lm17_x,left_lm17_y,left_lm17_z,left_lm18_x,left_lm18_y,left_lm18_z,left_lm19_x,left_lm19_y,left_lm19_z,left_lm20_x,left_lm20_y,left_lm20_z,right_lm0_x,right_lm0_y,right_lm0_z,right_lm1_x,right_lm1_y,right_lm1_z,right_lm2_x,right_lm2_y,right_lm2_z,right_lm3_x,right_lm3_y,right_lm3_z,right_lm4_x,right_lm4_y,right_lm4_z,right_lm5_x,right_lm5_y,right_lm5_z,right_lm6_x,right_lm6_y,right_lm6_z,right_lm7_x,right_lm7_y,right_lm7_z,right_lm8_x,right_lm8_y,right_lm8_z,right_lm9_x,right_lm9_y,right_lm9_z,right_lm10_x,right_lm10_y,right_lm10_z,right_lm11_x,right_lm11_y,right_lm11_z,right_lm12_x,right_lm12_y,right_lm12_z,right_lm13_x,right_lm13_y,right_lm13_z,right_lm14_x,right_lm14_y,right_lm14_z,right_lm15_x,right_lm15_y,right_lm15_z,right_lm16_x,right_lm16_y,right_lm16_z,right_lm17_x,right_lm17_y,right_lm17_z,right_lm18_x,right_lm18_y,right_lm18_z,right_lm19_x,right_lm19_y,right_lm19_z,right_lm20_x,right_lm20_y,right_lm20_z
0,0,1,0,0,1.0,0.0,0.0,0.5096826553344727,0.2777833640575409,-0.7910779118537903,0.9999303221702576,0.5258354544639587,0.23941968381404877,-0.7519891262054443,0.9999164938926697,0.5344852805137634,0.2391640692949295,-0.7520021796226501,0.9999082684516907,0.5441508889198303,0.23840177059173584,-0.7518692016601562,0.9999039173126221,0.49774229526519775,0.24280628561973572,-0.7502701878547668,0.9999046325683594,0.4870205819606781,0.24497373402118683,-0.7500519752502441,0.9998978972434998,0.47840219736099243,0.24782152473926544,-0.7503236532211304,0.9998983144760132,0.5596792697906494,0.2567363977432251,-0.4812014400959015,0.9999029040336609,0.46940743923187256,0.27083471417427063,-0.46070989966392517,0.9998996257781982,0.5278648734092712,0.3211739659309387,-0.6914207339286804,0.9999819397926331,0.49252647161483765,0.3248990774154663,-0.6861200332641602,0.9999780058860779,0.6516714692115784,0.5287958383560181,-0.32317253947257996,0.9998525977134705,0.38812488317489624,0.5364099740982056,-0.2879851460456848,0.9997857809066772,0.7071375250816345,0.8553467392921448,-0.2884005010128021,0.9576849341392517,0.33380696177482605,0.8373233079910278,-0.20460624992847443,0.9744967222213745,0.703787624835968,1.1471973657608032,-0.5420140027999878,0.900978684425354,0.32940661907196045,1.1304339170455933,-0.4819123148918152,0.8982295393943787,0.7139047980308533,1.2392631769180298,-0.6253542900085449,0.889799952507019,0.30520492792129517,1.2244592905044556,-0.5417709350585938,0.8763830661773682,0.6896747946739197,1.2419997453689575,-0.6597648859024048,0.9005932211875916,0.33165061473846436,1.2207165956497192,-0.6186471581459045,0.8874562382698059,0.6776121258735657,1.2105270624160767,-0.5737139582633972,0.8962236642837524,0.3397482633590698,1.1882518529891968,-0.5074770450592041,0.8864612579345703,0.6023799777030945,1.1178709268569946,-0.058996882289648056,0.8175294995307922,0.4380369484424591,1.173938274383545,0.06172391027212143,0.824166476726532,0.6027100086212158,1.6565152406692505,0.04691590741276741,0.02705949917435646,0.44492819905281067,1.6686758995056152,0.173047736287117,0.022239714860916138,0.5949957370758057,2.0770225524902344,0.5917855501174927,0.0017316990997642279,0.44645097851753235,2.0920441150665283,0.6043129563331604,0.0008410917944274843,0.5974816679954529,2.1401495933532715,0.6229838132858276,0.0016842520562931895,0.4471934139728546,2.1569559574127197,0.6353839039802551,0.002221387345343828,0.5665960311889648,2.21688175201416,0.23954471945762634,0.0006840917048975825,0.4611762464046478,2.227043390274048,0.22359006106853485,0.004746907856315374,nan,nan,nan,nan,nan,nan,nan,nan,nan,nan,nan,nan,nan,nan,nan,nan,nan,nan,nan,nan,nan,nan,nan,nan,nan,nan,nan,nan,nan,nan,nan,nan,nan,nan,nan,nan,nan,nan,nan,nan,nan,nan,nan,nan,nan,nan,nan,nan,nan,nan,nan,nan,nan,nan,nan,nan,nan,nan,nan,nan,nan,nan,nan,nan,nan,nan,nan,nan,nan,nan,nan,nan,nan,nan,nan,nan,nan,nan,nan,nan,nan,nan,nan,nan,nan,nan,nan,nan,nan,nan,nan,nan,nan,nan,nan,nan,nan,nan,nan,nan,nan,nan,nan,nan,nan,nan,nan,nan,nan,nan,nan,nan,nan,nan,nan,nan,nan,nan,nan,nan,nan,nan,nan,nan,nan,nan
1,1,1,0,0,1.0,0.0,0.0,0.517172634601593,0.2990686297416687,-0.8301749229431152,0.9999346137046814,0.5324618220329285,0.25691744685173035,-0.7941774129867554,0.9999173879623413,0.5429080724716187,0.2559303641319275,-0.7941803932189941,0.9999106526374817,0.5507223606109619,0.25595444440841675,-0.7942169308662415,0.9999051690101624,0.5050458908081055,0.2596965730190277,-0.790850818157196,0.9999071955680847,0.4958563446998596,0.26101070642471313,-0.7907478213310242,0.9999021291732788,0.4891177713871002,0.26358935236930847,-0.7910361289978027,0.9999018907546997,0.5671868324279785,0.2768302857875824,-0.5352330207824707,0.9999014735221863,0.48568204045295715,0.2849537134170532,-0.5091623663902283,0.9999035000801086,0.5365995764732361,0.3415088951587677,-0.7336664199829102,0.9999817609786987,0.5034160614013672,0.34576648473739624,-0.7263563275337219,0.9999783635139465,0.6609208583831787,0.5566484332084656,-0.35936468839645386,0.9998273253440857,0.40277910232543945,0.5523974895477295,-0.33002880215644836,0.9997844696044922,0.7172355651855469,0.8708691596984863,-0.2999217212200165,0.9516928791999817,0.34725669026374817,0.8569524884223938,-0.20810584723949432,0.9697368741035461,0.703180193901062,1.1431833505630493,-0.545546293258667,0.8318120837211609,0.3471309244632721,1.1221613883972168,-0.4735035002231598,0.8407191634178162,0.7164161801338196,1.2345478534698486,-0.6244563460350037,0.8132792711257935,0.3263675570487976,1.2063745260238647,-0.541817307472229,0.810260534286499,0.6905953884124756,1.2363392114639282,-0.6727298498153687,0.8291530013084412,0.350056529045105,1.2013556957244873,-0.612457275390625,0.827905535697937,0.6810495853424072,1.1995736360549927,-0.5759859085083008,0.8260246515274048,0.35669344663619995,1.1691491603851318,-0.5061452388763428,0.8293362259864807,0.6059221625328064,1.139655590057373,-0.05350419506430626,0.7368181943893433,0.4422859251499176,1.1376333236694336,0.05577417090535164,0.7430608868598938,0.5893462300300598,1.5931264162063599,0.09125818312168121,0.02445175126194954,0.43549415469169617,1.5905468463897705,0.2100456804037094,0.020081249997019768,0.5775163173675537,1.972048044204712,0.599833607673645,0.0015699564246460795,0.43269044160842896,1.978126883506775,0.6540513038635254,0.0007615634240210056,0.5799846649169922,2.0363645553588867,0.6290430426597595,0.001523803686723113,0.43181419372558594,2.0406126976013184,0.6863225102424622,0.002011988777667284,0.5499505996704102,2.105168342590332,0.26020580530166626,0.0006273802137002349,0.45292431116104126,2.1177117824554443,0.28348028659820557,0.004288521595299244,nan,nan,nan,nan,nan,nan,nan,nan,nan,nan,nan,nan,nan,nan,nan,nan,nan,nan,nan,nan,nan,nan,nan,nan,nan,nan,nan,nan,nan,nan,nan,nan,nan,nan,nan,nan,nan,nan,nan,nan,nan,nan,nan,nan,nan,nan,nan,nan,nan,nan,nan,nan,nan,nan,nan,nan,nan,nan,nan,nan,nan,nan,nan,nan,nan,nan,nan,nan,nan,nan,nan,nan,nan,nan,nan,nan,nan,nan,nan,nan,nan,nan,nan,nan,nan,nan,nan,nan,nan,nan,nan,nan,nan,nan,nan,nan,nan,nan,nan,nan,nan,nan,nan,nan,nan,nan,nan,nan,nan,nan,nan,nan,nan,nan,nan,nan,nan,nan,nan,nan,nan,nan,nan,nan,nan,nan
2,2,1,0,0,1.0,0.0,0.0,0.5257148146629333,0.3004598915576935,-0.8151369690895081,0.9999375343322754,0.5383381843566895,0.2585829794406891,-0.7799108624458313,0.9999160766601562,0.5486379265785217,0.2575232982635498,-0.7800081968307495,0.9999107122421265,0.556800127029419,0.2572801113128662,-0.7801523208618164,0.9999041557312012,0.5103726983070374,0.26444146037101746,-0.7778834700584412,0.9999070763587952,0.5003122687339783,0.26655182242393494,-0.7776991724967957,0.9999034404754639,0.49134838581085205,0.26852691173553467,-0.7779783606529236,0.9999023079872131,0.5730284452438354,0.2799498438835144,-0.5121956467628479,0.999898374080658,0.47974467277526855,0.28906282782554626,-0.48757314682006836,0.999905526638031,0.5436494946479797,0.3463370203971863,-0.7146753072738647,0.9999817609786987,0.509007453918457,0.3498965799808502,-0.7074301838874817,0.9999787211418152,0.6607232689857483,0.5511372089385986,-0.344243586063385,0.999826192855835,0.40243613719940186,0.5581648349761963,-0.31480157375335693,0.9997900724411011,0.7174656391143799,0.8803830146789551,-0.29388874769210815,0.9424344301223755,0.34938135743141174,0.8766993880271912,-0.2218794971704483,0.9663504958152771,0.7125882506370544,1.1714831590652466,-0.5563983917236328,0.7729015946388245,0.34005990624427795,1.1777079105377197,-0.5045189261436462,0.7944588661193848,0.7294484376907349,1.265976071357727,-0.6390987634658813,0.7474789619445801,0.3269595205783844,1.2709585428237915,-0.5816699266433716,0.7525961995124817,0.7054270505905151,1.2668534517288208,-0.7026396989822388,0.7690190672874451,0.3507567346096039,1.2658365964889526,-0.6646133661270142,0.7756391763687134,0.6937503814697266,1.230576992034912,-0.5854285359382629,0.7670684456825256,0.35912656784057617,1.2322498559951782,-0.5463056564331055,0.7811625599861145,0.6269497871398926,1.1686171293258667,-0.05753345414996147,0.6646097898483276,0.4573840796947479,1.1795392036437988,0.05974585562944412,0.670588493347168,0.6221131086349487,1.6564030647277832,0.07539933919906616,0.022144628688693047,0.46748411655426025,1.6747996807098389,0.2346528321504593,0.01813977211713791,0.6204715371131897,2.0751395225524902,0.575204074382782,0.0014619863359257579,0.4656673073768616,2.103205919265747,0.6812109351158142,0.0006963893538340926,0.6260098814964294,2.141906261444092,0.603001594543457,0.0014017671346664429,0.4632556438446045,2.174077033996582,0.7151806354522705,0.0018464222084730864,0.5898423790931702,2.225001573562622,0.23806944489479065,0.0005865644779987633,0.4857335686683655,2.2479639053344727,0.3014627993106842,0.0038909404538571835,nan,nan,nan,nan,nan,nan,nan,nan,nan,nan,nan,nan,nan,nan,nan,nan,nan,nan,nan,nan,nan,nan,nan,nan,nan,nan,nan,nan,nan,nan,nan,nan,nan,nan,nan,nan,nan,nan,nan,nan,nan,nan,nan,nan,nan,nan,nan,nan,nan,nan,nan,nan,nan,nan,nan,nan,nan,nan,nan,nan,nan,nan,nan,nan,nan,nan,nan,nan,nan,nan,nan,nan,nan,nan,nan,nan,nan,nan,nan,nan,nan,nan,nan,nan,nan,nan,nan,nan,nan,nan,nan,nan,nan,nan,nan,nan,nan,nan,nan,nan,nan,nan,nan,nan,nan,nan,nan,nan,nan,nan,nan,nan,nan,nan,nan,nan,nan,nan,nan,nan,nan,nan,nan,nan,nan,nan
3,3,1,0,0,1.0,0.0,0.0,0.5186911225318909,0.29947763681411743,-0.7769240736961365,0.9999274611473083,0.5349478125572205,0.2598549723625183,-0.7405134439468384,0.9998832941055298,0.545158326625824,0.2597104012966156,-0.7406964898109436,0.9998793005943298,0.5524255633354187,0.26061367988586426,-0.7408409714698792,0.9998689293861389,0.504664421081543,0.26323938369750977,-0.7362698912620544,0.9998751878738403,0.49639183282852173,0.2654114067554474,-0.736065149307251,0.9998754262924194,0.48817184567451477,0.267423540353775,-0.7364386916160583,0.999872088432312,0.570521891117096,0.2852746844291687,-0.47225266695022583,0.9998446106910706,0.4808276295661926,0.2894884943962097,-0.44175347685813904,0.9998777508735657,0.5406844615936279,0.3429590165615082,-0.6762464642524719,0.9999760985374451,0.502311646938324,0.3451205790042877,-0.6670433282852173,0.9999729990959167,0.6599377393722534,0.547650933265686,-0.3132381737232208,0.999792754650116,0.4066627621650696,0.5542528629302979,-0.27331992983818054,0.999770998954773,0.7178764343261719,0.8797283172607422,-0.23885038495063782,0.9325197339057922,0.35224559903144836,0.8665515184402466,-0.20149867236614227,0.9613505601882935,0.7136896848678589,1.1661356687545776,-0.5158330202102661,0.7268344759941101,0.34481942653656006,1.1471312046051025,-0.5030266642570496,0.7531213760375977,0.7305675148963928,1.2665778398513794,-0.6043568253517151,0.6944115161895752,0.3287113308906555,1.2516330480575562,-0.5750847458839417,0.7029484510421753,0.7241686582565308,1.2659235000610352,-0.6864296793937683,0.7217026352882385,0.35758379101753235,1.2304229736328125,-0.6538861393928528,0.7303726673126221,0.7105715274810791,1.2309991121292114,-0.5522058010101318,0.7202513813972473,0.36549657583236694,1.1984063386917114,-0.5369357466697693,0.7385357618331909,0.6274309158325195,1.1766135692596436,-0.058547019958496094,0.6004430651664734,0.4590054452419281,1.1823656558990479,0.060642920434474945,0.6062098145484924,0.6157655119895935,1.6617506742477417,0.06765946000814438,0.02010836824774742,0.4576071798801422,1.672598123550415,0.20954743027687073,0.016436802223324776,0.6072394251823425,2.0823562145233154,0.5622423887252808,0.0013801103923469782,0.4503598213195801,2.104405164718628,0.6389056444168091,0.0006502695614472032,0.6111427545547485,2.1463732719421387,0.5891284346580505,0.0012980368919670582,0.44814643263816833,2.172941207885742,0.671149492263794,0.0017248564399778843,0.5780168175697327,2.228355646133423,0.2348867803812027,0.0005617437418550253,0.46796751022338867,2.24464750289917,0.2855490744113922,0.0035678015556186438,nan,nan,nan,nan,nan,nan,nan,nan,nan,nan,nan,nan,nan,nan,nan,nan,nan,nan,nan,nan,nan,nan,nan,nan,nan,nan,nan,nan,nan,nan,nan,nan,nan,nan,nan,nan,nan,nan,nan,nan,nan,nan,nan,nan,nan,nan,nan,nan,nan,nan,nan,nan,nan,nan,nan,nan,nan,nan,nan,nan,nan,nan,nan,nan,nan,nan,nan,nan,nan,nan,nan,nan,nan,nan,nan,nan,nan,nan,nan,nan,nan,nan,nan,nan,nan,nan,nan,nan,nan,nan,nan,nan,nan,nan,nan,nan,nan,nan,nan,nan,nan,nan,nan,nan,nan,nan,nan,nan,nan,nan,nan,nan,nan,nan,nan,nan,nan,nan,nan,nan,nan,nan,nan,nan,nan,nan
4,4,1,0,0,1.0,0.0,0.0,0.518898606300354,0.29669901728630066,-0.7741314172744751,0.9999218583106995,0.5352663397789001,0.25654512643814087,-0.737142026424408,0.9998612999916077,0.5462815761566162,0.2567395269870758,-0.737308919429779,0.9998603463172913,0.5541571974754333,0.2578379511833191,-0.7374388575553894,0.9998471140861511,0.5050368309020996,0.2597247064113617,-0.7338725328445435,0.9998539090156555,0.49635615944862366,0.26193273067474365,-0.7336457967758179,0.9998574256896973,0.4875979423522949,0.2642803490161896,-0.7340248227119446,0.9998513460159302,0.570688784122467,0.28311657905578613,-0.4691964089870453,0.9998095035552979,0.4823368489742279,0.28693661093711853,-0.4427778124809265,0.9998608827590942,0.541939377784729,0.3405482769012451,-0.6747063398361206,0.9999716877937317,0.502220094203949,0.34280309081077576,-0.66690593957901,0.9999687671661377,0.6612716317176819,0.5511871576309204,-0.3032294809818268,0.9997639060020447,0.40622350573539734,0.559944212436676,-0.27892881631851196,0.9997539520263672,0.716965913772583,0.888343870639801,-0.24019241333007812,0.9219996929168701,0.3519427478313446,0.8735653758049011,-0.20528307557106018,0.954911470413208,0.7171038389205933,1.1705256700515747,-0.5216609835624695,0.6849631071090698,0.34243831038475037,1.1705342531204224,-0.5014753937721252,0.7168452739715576,0.7278809547424316,1.2742784023284912,-0.6077365279197693,0.647627055644989,0.3308084309101105,1.2672924995422363,-0.5770218968391418,0.6598568558692932,0.72749263048172,1.2647147178649902,-0.680243194103241,0.6802978515625,0.35416555404663086,1.2584660053253174,-0.6550115942955017,0.6910141706466675,0.7138360142707825,1.2307898998260498,-0.5567021369934082,0.6798866391181946,0.3631257712841034,1.2254605293273926,-0.5376861095428467,0.7023179531097412,0.632253110408783,1.1791027784347534,-0.05679912492632866,0.542493999004364,0.45952895283699036,1.18729829788208,0.05856263265013695,0.5480567216873169,0.6254004836082458,1.67264986038208,0.07518178969621658,0.01820744201540947,0.4629720151424408,1.6881248950958252,0.19230183959007263,0.01486270222812891,0.6202548146247864,2.1017470359802246,0.575217604637146,0.0012803300051018596,0.4576871693134308,2.1280033588409424,0.6030042171478271,0.0005987274926155806,0.6251704096794128,2.1674225330352783,0.6022628545761108,0.0011924384161829948,0.4552120566368103,2.1972787380218506,0.6337727308273315,0.001583291799761355,0.5915369987487793,2.2497899532318115,0.2299814671278,0.0005267524975351989,0.4781447947025299,2.271190881729126,0.23452311754226685,0.0032502999529242516,nan,nan,nan,nan,nan,nan,nan,nan,nan,nan,nan,nan,nan,nan,nan,nan,nan,nan,nan,nan,nan,nan,nan,nan,nan,nan,nan,nan,nan,nan,nan,nan,nan,nan,nan,nan,nan,nan,nan,nan,nan,nan,nan,nan,nan,nan,nan,nan,nan,nan,nan,nan,nan,nan,nan,nan,nan,nan,nan,nan,nan,nan,nan,nan,nan,nan,nan,nan,nan,nan,nan,nan,nan,nan,nan,nan,nan,nan,nan,nan,nan,nan,nan,nan,nan,nan,nan,nan,nan,nan,nan,nan,nan,nan,nan,nan,nan,nan,nan,nan,nan,nan,nan,nan,nan,nan,nan,nan,nan,nan,nan,nan,nan,nan,nan,nan,nan,nan,nan,nan,nan,nan,nan,nan,nan,nan
5,5,1,0,0,1.0,0.0,0.0,0.518706202507019,0.2962321937084198,-0.7456992864608765,0.9999155402183533,0.5352758169174194,0.2554837167263031,-0.708340048789978,0.9998383522033691,0.5463783144950867,0.2557850182056427,-0.7085263133049011,0.9998414516448975,0.5552378296852112,0.25673115253448486,-0.7086673974990845,0.9998248219490051,0.5051040053367615,0.25835946202278137,-0.7050739526748657,0.9998311400413513,0.49562111496925354,0.2604115605354309,-0.7048148512840271,0.9998376965522766,0.4877053499221802,0.26268768310546875,-0.7051966786384583,0.9998277425765991,0.5700950026512146,0.280953586101532,-0.4462580382823944,0.9997737407684326,0.48271968960762024,0.28507572412490845,-0.42021697759628296,0.999843418598175,0.54169762134552,0.34081608057022095,-0.6465547680854797,0.9999672770500183,0.5017126798629761,0.34210205078125,-0.6387019157409668,0.9999645352363586,0.6600161790847778,0.5494253635406494,-0.2851526737213135,0.9997454285621643,0.4051550626754761,0.5601522922515869,-0.26548755168914795,0.9997427463531494,0.7161358594894409,0.8794075846672058,-0.21931517124176025,0.9102574586868286,0.35135704278945923,0.8737945556640625,-0.18255403637886047,0.9504666924476624,0.7137282490730286,1.152077555656433,-0.516367495059967,0.641366183757782,0.3466145992279053,1.1597875356674194,-0.4715461730957031,0.6829677224159241,0.7255541682243347,1.25277841091156,-0.6044787764549255,0.5999935865402222,0.33736202120780945,1.252523422241211,-0.5542136430740356,0.6178609132766724,0.7254632711410522,1.2207683324813843,-0.6794976592063904,0.635786235332489,0.35872596502304077,1.241083025932312,-0.6357666254043579,0.6513636112213135,0.7126904726028442,1.1878008842468262,-0.5522624254226685,0.6361823678016663,0.3661556541919708,1.2078171968460083,-0.5142492055892944,0.6656033396720886,0.634097695350647,1.179132342338562,-0.05472656339406967,0.490786075592041,0.45911547541618347,1.191617488861084,0.056444697082042694,0.4961630702018738,0.6310936212539673,1.6704107522964478,0.07541702687740326,0.0164971761405468,0.46447956562042236,1.6901359558105469,0.2070722132921219,0.01344955712556839,0.6301009058952332,2.1013541221618652,0.5718721747398376,0.0011878430377691984,0.46376118063926697,2.130788564682007,0.6449767351150513,0.0005524630541913211,0.6351495385169983,2.168654441833496,0.5990325212478638,0.0010992330498993397,0.4611625373363495,2.201606035232544,0.6780746579170227,0.001457355683669448,0.603751003742218,2.2517809867858887,0.2254393845796585,0.0004937430494464934,0.4883195757865906,2.2731575965881348,0.25735336542129517,0.0029626688919961452,nan,nan,nan,nan,nan,nan,nan,nan,nan,nan,nan,nan,nan,nan,nan,nan,nan,nan,nan,nan,nan,nan,nan,nan,nan,nan,nan,nan,nan,nan,nan,nan,nan,nan,nan,nan,nan,nan,nan,nan,nan,nan,nan,nan,nan,nan,nan,nan,nan,nan,nan,nan,nan,nan,nan,nan,nan,nan,nan,nan,nan,nan,nan,nan,nan,nan,nan,nan,nan,nan,nan,nan,nan,nan,nan,nan,nan,nan,nan,nan,nan,nan,nan,nan,nan,nan,nan,nan,nan,nan,nan,nan,nan,nan,nan,nan,nan,nan,nan,nan,nan,nan,nan,nan,nan,nan,nan,nan,nan,nan,nan,nan,nan,nan,nan,nan,nan,nan,nan,nan,nan,nan,nan,nan,nan,nan
6,6,1,0,0,1.0,0.0,0.0,0.5194025039672852,0.29584452509880066,-0.7160413861274719,0.9999054074287415,0.5357341766357422,0.25495073199272156,-0.6797311305999756,0.9998061656951904,0.5468182563781738,0.25514528155326843,-0.6798717379570007,0.9998157620429993,0.5554732084274292,0.2559565007686615,-0.6799877882003784,0.9997934103012085,0.5054978132247925,0.2577899694442749,-0.6771392822265625,0.9997985363006592,0.4959579110145569,0.2598170042037964,-0.67690110206604,0.9998115301132202,0.4877549111843109,0.2621546685695648,-0.677266538143158,0.9997954368591309,0.5697862505912781,0.279586523771286,-0.42213958501815796,0.9997252821922302,0.4823658764362335,0.28437340259552,-0.4090064465999603,0.9998186230659485,0.5423259139060974,0.3402177393436432,-0.6214213967323303,0.9999607801437378,0.502140998840332,0.3414122462272644,-0.6144654750823975,0.9999581575393677,0.6592874526977539,0.5490930080413818,-0.24288618564605713,0.9997334480285645,0.4045301079750061,0.5573962926864624,-0.2594129741191864,0.999737024307251,0.7146037817001343,0.8812252879142761,-0.16190242767333984,0.9041904211044312,0.350389689207077,0.8746463060379028,-0.1755901426076889,0.9454113245010376,0.7166855931282043,1.1504381895065308,-0.4376518130302429,0.6044512987136841,0.34365391731262207,1.1644848585128784,-0.45759111642837524,0.6527659296989441,0.7298367619514465,1.254140853881836,-0.5176731944084167,0.5597707629203796,0.32635608315467834,1.2616256475448608,-0.5386947393417358,0.5821439623832703,0.7329737544059753,1.2204351425170898,-0.5855786800384521,0.5991495847702026,0.3615017831325531,1.238835096359253,-0.631767749786377,0.6177754998207092,0.7189062237739563,1.187732458114624,-0.47479841113090515,0.5993638038635254,0.3688780963420868,1.2045460939407349,-0.49911803007125854,0.6338599324226379,0.6227096319198608,1.1765944957733154,-0.05116423964500427,0.4460946321487427,0.4491836428642273,1.1808037757873535,0.053220346570014954,0.45130959153175354,0.6124309301376343,1.6611523628234863,0.08120638132095337,0.015022264793515205,0.44701847434043884,1.6723524332046509,0.1979309320449829,0.012209681794047356,0.6059834957122803,2.089545249938965,0.5662440657615662,0.001136080943979323,0.4422721862792969,2.1099042892456055,0.6009390354156494,0.0005191376549191773,0.6097592115402222,2.155758857727051,0.5926458239555359,0.001037049456499517,0.4395490288734436,2.1784284114837646,0.6316851377487183,0.0013598138466477394,0.5801348090171814,2.234973192214966,0.22483156621456146,0.00047896013711579144,0.4640602469444275,2.2502188682556152,0.20853763818740845,0.0027123065665364265,nan,nan,nan,nan,nan,nan,nan,nan,nan,nan,nan,nan,nan,nan,nan,nan,nan,nan,nan,nan,nan,nan,nan,nan,nan,nan,nan,nan,nan,nan,nan,nan,nan,nan,nan,nan,nan,nan,nan,nan,nan,nan,nan,nan,nan,nan,nan,nan,nan,nan,nan,nan,nan,nan,nan,nan,nan,nan,nan,nan,nan,nan,nan,nan,nan,nan,nan,nan,nan,nan,nan,nan,nan,nan,nan,nan,nan,nan,nan,nan,nan,nan,nan,nan,nan,nan,nan,nan,nan,nan,nan,nan,nan,nan,nan,nan,nan,nan,nan,nan,nan,nan,nan,nan,nan,nan,nan,nan,nan,nan,nan,nan,nan,nan,nan,nan,nan,nan,nan,nan,nan,nan,nan,nan,nan,nan
7,7,1,0,0,1.0,0.0,0.0,0.5201355218887329,0.2958313226699829,-0.7467032670974731,0.999900221824646,0.5365844964981079,0.2546819746494293,-0.7091205716133118,0.9997872710227966,0.5477012395858765,0.2548035681247711,-0.7093168497085571,0.9997987747192383,0.5562072396278381,0.25562143325805664,-0.7094519734382629,0.9997735619544983,0.506113588809967,0.25767040252685547,-0.7064546346664429,0.9997807145118713,0.4966367185115814,0.2597517669200897,-0.7061900496482849,0.999796450138092,0.48833003640174866,0.2622062563896179,-0.7065762281417847,0.9997786283493042,0.5705351233482361,0.2796323299407959,-0.43707144260406494,0.9996940493583679,0.4827439486980438,0.284549355506897,-0.41580814123153687,0.9998061060905457,0.5430693030357361,0.34047573804855347,-0.6461527347564697,0.9999574422836304,0.5026766657829285,0.3419543504714966,-0.6387799382209778,0.9999553561210632,0.6610821485519409,0.5525081753730774,-0.24918381869792938,0.9997116923332214,0.40423282980918884,0.5599638223648071,-0.2595938444137573,0.9997271299362183,0.7167712450027466,0.8897770047187805,-0.20095962285995483,0.8948515057563782,0.3512576222419739,0.8807329535484314,-0.1837037354707718,0.9418449401855469,0.716220498085022,1.1603174209594727,-0.48071467876434326,0.5718596577644348,0.3453453779220581,1.165727138519287,-0.4670266807079315,0.6284794807434082,0.7285031080245972,1.2619706392288208,-0.55657958984375,0.524392306804657,0.334442138671875,1.2610745429992676,-0.5548146367073059,0.5523515343666077,0.7304349541664124,1.2413229942321777,-0.6023885011672974,0.5672603845596313,0.35926881432533264,1.2470558881759644,-0.6420117020606995,0.590758740901947,0.7167111039161682,1.2080636024475098,-0.5098128914833069,0.5681096315383911,0.36747339367866516,1.2140121459960938,-0.5138679146766663,0.609283983707428,0.6317275762557983,1.1870877742767334,-0.0504317432641983,0.40372174978256226,0.4562797248363495,1.1968034505844116,0.052447609603405,0.4087778925895691,0.6254639625549316,1.6809678077697754,0.08819650113582611,0.013674424961209297,0.4611128568649292,1.6988096237182617,0.1978820413351059,0.011089036241173744,0.6219936609268188,2.113872766494751,0.5961979031562805,0.001083308830857277,0.4596809446811676,2.140104293823242,0.6270809769630432,0.00048686840455047786,0.6263203620910645,2.1801064014434814,0.6242210268974304,0.0009725496056489646,0.4574940502643585,2.209195613861084,0.6600590944290161,0.0012746049324050546,0.5959299802780151,2.2636444568634033,0.24401609599590302,0.0004598318482749164,0.48210257291793823,2.2836382389068604,0.227214053273201,0.0024932066444307566,nan,nan,nan,nan,nan,nan,nan,nan,nan,nan,nan,nan,nan,nan,nan,nan,nan,nan,nan,nan,nan,nan,nan,nan,nan,nan,nan,nan,nan,nan,nan,nan,nan,nan,nan,nan,nan,nan,nan,nan,nan,nan,nan,nan,nan,nan,nan,nan,nan,nan,nan,nan,nan,nan,nan,nan,nan,nan,nan,nan,nan,nan,nan,nan,nan,nan,nan,nan,nan,nan,nan,nan,nan,nan,nan,nan,nan,nan,nan,nan,nan,nan,nan,nan,nan,nan,nan,nan,nan,nan,nan,nan,nan,nan,nan,nan,nan,nan,nan,nan,nan,nan,nan,nan,nan,nan,nan,nan,nan,nan,nan,nan,nan,nan,nan,nan,nan,nan,nan,nan,nan,nan,nan,nan,nan,nan
8,8,1,0,0,1.0,0.0,0.0,0.5196611881256104,0.2947129011154175,-0.7349716424942017,0.9998884201049805,0.5358049869537354,0.25418180227279663,-0.6972477436065674,0.9997528791427612,0.5467544794082642,0.254425972700119,-0.697396993637085,0.9997681379318237,0.5556386113166809,0.2552673816680908,-0.6975394487380981,0.9997394680976868,0.5059682130813599,0.2571713626384735,-0.6948328614234924,0.9997475147247314,0.4966334402561188,0.2592720091342926,-0.6945937871932983,0.9997678399085999,0.48829400539398193,0.2617892622947693,-0.6949670314788818,0.9997469186782837,0.5699384808540344,0.2794428765773773,-0.4325055480003357,0.9996338486671448,0.4827229380607605,0.28475072979927063,-0.4107034504413605,0.9997808337211609,0.5426027774810791,0.3394209146499634,-0.6368219256401062,0.9999507665634155,0.5026636123657227,0.3409159183502197,-0.6301521062850952,0.999949038028717,0.6604201197624207,0.5500283241271973,-0.25338873267173767,0.9996985197067261,0.4037292003631592,0.5596460103988647,-0.2553960680961609,0.9997241497039795,0.7169040441513062,0.8852099776268005,-0.19927459955215454,0.8896766304969788,0.3499794602394104,0.877866268157959,-0.1850852370262146,0.9400208592414856,0.7180013656616211,1.1573600769042969,-0.4848635792732239,0.5459729433059692,0.3442929685115814,1.1596920490264893,-0.4658295214176178,0.6100412011146545,0.7282921671867371,1.2598538398742676,-0.5657946467399597,0.49427494406700134,0.3352120816707611,1.2557930946350098,-0.5493974089622498,0.5262582302093506,0.7073935866355896,1.245255470275879,-0.617969810962677,0.5400751829147339,0.3587801158428192,1.2465087175369263,-0.6354541182518005,0.5665629506111145,0.7189788818359375,1.192474126815796,-0.5181155204772949,0.5417370200157166,0.36642277240753174,1.2125810384750366,-0.5088736414909363,0.5872637629508972,0.6324504613876343,1.1796009540557861,-0.04913659021258354,0.3673798739910126,0.45787930488586426,1.1897187232971191,0.05124221369624138,0.3725692927837372,0.6281886100769043,1.6750245094299316,0.08672365546226501,0.012393610551953316,0.4615604877471924,1.6944091320037842,0.19296883046627045,0.010037773288786411,0.6237233877182007,2.1132872104644775,0.5889853835105896,0.001003728830255568,0.4591207802295685,2.1404383182525635,0.6111739873886108,0.0004479565832298249,0.6287494897842407,2.180896043777466,0.6170497536659241,0.0008960322011262178,0.4563440680503845,2.2095794677734375,0.6425296068191528,0.001169951050542295,0.5968220829963684,2.261389970779419,0.2427322119474411,0.0004288583295419812,0.48283377289772034,2.285723924636841,0.22289586067199707,0.0022696033120155334,nan,nan,nan,nan,nan,nan,nan,nan,nan,nan,nan,nan,nan,nan,nan,nan,nan,nan,nan,nan,nan,nan,nan,nan,nan,nan,nan,nan,nan,nan,nan,nan,nan,nan,nan,nan,nan,nan,nan,nan,nan,nan,nan,nan,nan,nan,nan,nan,nan,nan,nan,nan,nan,nan,nan,nan,nan,nan,nan,nan,nan,nan,nan,nan,nan,nan,nan,nan,nan,nan,nan,nan,nan,nan,nan,nan,nan,nan,nan,nan,nan,nan,nan,nan,nan,nan,nan,nan,nan,nan,nan,nan,nan,nan,nan,nan,nan,nan,nan,nan,nan,nan,nan,nan,nan,nan,nan,nan,nan,nan,nan,nan,nan,nan,nan,nan,nan,nan,nan,nan,nan,nan,nan,nan,nan,nan
9,9,1,0,0,1.0,0.0,0.0,0.5197756886482239,0.2949487864971161,-0.7269802689552307,0.9998828768730164,0.536169707775116,0.2543592154979706,-0.6897138357162476,0.9997355341911316,0.5473126173019409,0.25463399291038513,-0.6898439526557922,0.9997531771659851,0.555823028087616,0.25555944442749023,-0.6899809241294861,0.9997214674949646,0.5059093832969666,0.2572292983531952,-0.6881095170974731,0.9997315406799316,0.49661052227020264,0.259269654750824,-0.6878670454025269,0.9997554421424866,0.4880714416503906,0.2617236375808716,-0.6882349252700806,0.999732494354248,0.5707799196243286,0.2802935540676117,-0.4305160939693451,0.9996066689491272,0.48219239711761475,0.2847868800163269,-0.40901467204093933,0.9997727870941162,0.5428084135055542,0.3398599922657013,-0.6299832463264465,0.9999469518661499,0.5023590922355652,0.341220885515213,-0.6244729161262512,0.9999459385871887,0.6604889035224915,0.5513007640838623,-0.2525142431259155,0.9996856451034546,0.40258118510246277,0.5609776377677917,-0.2545005679130554,0.9997221827507019,0.7178464531898499,0.8851069808006287,-0.18000899255275726,0.8864355683326721,0.3461821973323822,0.8779135346412659,-0.18567407131195068,0.9381923675537109,0.7191811203956604,1.1604807376861572,-0.4471556842327118,0.5246217846870422,0.34022483229637146,1.1548635959625244,-0.4637298583984375,0.5960620641708374,0.7317964434623718,1.2646880149841309,-0.5255532264709473,0.46954649686813354,0.3241611123085022,1.268187165260315,-0.5433937311172485,0.5066988468170166,0.728871762752533,1.2293431758880615,-0.586607813835144,0.5186618566513062,0.354464590549469,1.2416810989379883,-0.6342509388923645,0.5494474172592163,0.7182636857032776,1.1937001943588257,-0.482413649559021,0.5213462114334106,0.36258313059806824,1.2075623273849487,-0.5045220255851746,0.5719831585884094,0.6281855702400208,1.1809260845184326,-0.045726239681243896,0.33394622802734375,0.45364922285079956,1.1880202293395996,0.047944117337465286,0.33908355236053467,0.6216970682144165,1.6769109964370728,0.07923674583435059,0.01123526506125927,0.4536057710647583,1.692030429840088,0.14841577410697937,0.009084452874958515,0.6140985488891602,2.1156954765319824,0.5762749910354614,0.0009275528718717396,0.44884923100471497,2.1374738216400146,0.5303598642349243,0.0004115460906177759,0.6185717582702637,2.1826865673065186,0.6063562631607056,0.0008233951521106064,0.4463157653808594,2.2062151432037354,0.5564976334571838,0.0010707132751122117,0.5866053700447083,2.2637619972229004,0.21254093945026398,0.00039892573840916157,0.4709327816963196,2.2817325592041016,0.1393478959798813,0.0020631791558116674,nan,nan,nan,nan,nan,nan,nan,nan,nan,nan,nan,nan,nan,nan,nan,nan,nan,nan,nan,nan,nan,nan,nan,nan,nan,nan,nan,nan,nan,nan,nan,nan,nan,nan,nan,nan,nan,nan,nan,nan,nan,nan,nan,nan,nan,nan,nan,nan,nan,nan,nan,nan,nan,nan,nan,nan,nan,nan,nan,nan,nan,nan,nan,nan,nan,nan,nan,nan,nan,nan,nan,nan,nan,nan,nan,nan,nan,nan,nan,nan,nan,nan,nan,nan,nan,nan,nan,nan,nan,nan,nan,nan,nan,nan,nan,nan,nan,nan,nan,nan,nan,nan,nan,nan,nan,nan,nan,nan,nan,nan,nan,nan,nan,nan,nan,nan,nan,nan,nan,nan,nan,nan,nan,nan,nan,nan
10,10,1,0,0,1.0,0.0,0.0,0.5194903612136841,0.2962837815284729,-0.7230479121208191,0.9998771548271179,0.5355966687202454,0.25549399852752686,-0.6877034306526184,0.9997181296348572,0.5465616583824158,0.25585129857063293,-0.6878728270530701,0.9997396469116211,0.5552977919578552,0.2567747235298157,-0.6880322098731995,0.9997033476829529,0.5057762861251831,0.25852763652801514,-0.6856778264045715,0.9997158050537109,0.49681633710861206,0.26070481538772583,-0.6854751706123352,0.9997439980506897,0.4883299469947815,0.2630215883255005,-0.6857561469078064,0.9997166395187378,0.5705280303955078,0.2816537916660309,-0.41144153475761414,0.99958336353302,0.4831843078136444,0.28592047095298767,-0.4010138213634491,0.9997655749320984,0.5423818230628967,0.3412686586380005,-0.6237438917160034,0.99994295835495,0.5025188326835632,0.3427759110927582,-0.6221922039985657,0.9999426603317261,0.6616175174713135,0.5513450503349304,-0.23665529489517212,0.9996816515922546,0.40337681770324707,0.5618064403533936,-0.25044000148773193,0.9997187852859497,0.7199330925941467,0.8767346739768982,-0.1677865833044052,0.8864859342575073,0.3404064178466797,0.8711261749267578,-0.1830579787492752,0.9372866153717041,0.7177085876464844,1.1351609230041504,-0.442473828792572,0.5157626271247864,0.3341706097126007,1.1566871404647827,-0.4588892161846161,0.581244170665741,0.7298866510391235,1.2364540100097656,-0.5214880704879761,0.45465192198753357,0.3187781274318695,1.2572945356369019,-0.5359175801277161,0.4864955246448517,0.709140419960022,1.2122564315795898,-0.5808675289154053,0.5073910355567932,0.3523485064506531,1.223544955253601,-0.6211659908294678,0.5309175848960876,0.7134227156639099,1.1613177061080933,-0.4765351712703705,0.5099236965179443,0.3596525490283966,1.1894497871398926,-0.4974461793899536,0.5553888082504272,0.627348780632019,1.1805912256240845,-0.04275941476225853,0.3038753271102905,0.4525194466114044,1.1873576641082764,0.045013315975666046,0.30885225534439087,0.6185954213142395,1.6708134412765503,0.07310063391923904,0.010212504304945469,0.4497203826904297,1.6850050687789917,0.14077767729759216,0.00823945738375187,0.6101690530776978,2.1074445247650146,0.5457413792610168,0.0008685991051606834,0.44545626640319824,2.128833770751953,0.5126072764396667,0.0003832412476185709,0.6139189600944519,2.1739139556884766,0.5709875226020813,0.0007666941964998841,0.4432832896709442,2.1975255012512207,0.5382162928581238,0.0009913993999361992,0.5846518278121948,2.254021644592285,0.19239236414432526,0.0003791772178374231,0.4672745168209076,2.26973557472229,0.13475853204727173,0.0018859910778701305,nan,nan,nan,nan,nan,nan,nan,nan,nan,nan,nan,nan,nan,nan,nan,nan,nan,nan,nan,nan,nan,nan,nan,nan,nan,nan,nan,nan,nan,nan,nan,nan,nan,nan,nan,nan,nan,nan,nan,nan,nan,nan,nan,nan,nan,nan,nan,nan,nan,nan,nan,nan,nan,nan,nan,nan,nan,nan,nan,nan,nan,nan,nan,nan,nan,nan,nan,nan,nan,nan,nan,nan,nan,nan,nan,nan,nan,nan,nan,nan,nan,nan,nan,nan,nan,nan,nan,nan,nan,nan,nan,nan,nan,nan,nan,nan,nan,nan,nan,nan,nan,nan,nan,nan,nan,nan,nan,nan,nan,nan,nan,nan,nan,nan,nan,nan,nan,nan,nan,nan,nan,nan,nan,nan,nan,nan
11,11,1,0,0,1.0,0.0,0.0,0.5191284418106079,0.29715806245803833,-0.7117650508880615,0.99986732006073,0.5349123477935791,0.2563687562942505,-0.6750414371490479,0.9997007250785828,0.545661985874176,0.2567209303379059,-0.6752237677574158,0.999716579914093,0.554836094379425,0.25754764676094055,-0.6753112077713013,0.9996812343597412,0.5055073499679565,0.259728342294693,-0.6735547780990601,0.9997028708457947,0.4966048300266266,0.262027382850647,-0.6733940839767456,0.9997302293777466,0.48834529519081116,0.26431235671043396,-0.6737327575683594,0.9997074007987976,0.5698907375335693,0.28231269121170044,-0.3983466625213623,0.9995540380477905,0.4835525453090668,0.2872474193572998,-0.3842579424381256,0.9997624754905701,0.5421153903007507,0.3425379991531372,-0.6090399622917175,0.9999403953552246,0.5026378631591797,0.3442719280719757,-0.6057451367378235,0.9999416470527649,0.6623368859291077,0.5503739714622498,-0.2331118881702423,0.9996804594993591,0.40474316477775574,0.563057541847229,-0.22519554197788239,0.9997235536575317,0.7232352495193481,0.8652015924453735,-0.18556372821331024,0.8903725147247314,0.33604082465171814,0.8596624732017517,-0.16563259065151215,0.9405224323272705,0.715104341506958,1.116819143295288,-0.5024757981300354,0.520563542842865,0.3407481014728546,1.1242504119873047,-0.45816367864608765,0.5819328427314758,0.7262130975723267,1.2215715646743774,-0.6008415818214417,0.4534214437007904,0.32444828748703003,1.219937801361084,-0.5367845296859741,0.48062485456466675,0.7026660442352295,1.1927608251571655,-0.6608007550239563,0.5085252523422241,0.3609665036201477,1.1862974166870117,-0.6182591915130615,0.5270989537239075,0.7049596309661865,1.1439406871795654,-0.5387787818908691,0.5110347867012024,0.365529328584671,1.1543478965759277,-0.4946223497390747,0.5530968904495239,0.6296850442886353,1.1804113388061523,-0.04319098964333534,0.2789336144924164,0.45818743109703064,1.18726646900177,0.04536937177181244,0.2845290005207062,0.6199815273284912,1.6667383909225464,0.07257654517889023,0.009321626275777817,0.45240509510040283,1.6822519302368164,0.13957682251930237,0.007512841839343309,0.6109181046485901,2.102695941925049,0.5476553440093994,0.0008263290510512888,0.4502844214439392,2.1217894554138184,0.5130984783172607,0.0003622840449679643,0.614540696144104,2.1649391651153564,0.573588490486145,0.0007173671037890017,0.4494079649448395,2.1843101978302,0.5393012762069702,0.0009355638758279383,0.5861889719963074,2.2450318336486816,0.19317521154880524,0.0003644878452178091,0.4690934121608734,2.2638535499572754,0.1339576542377472,0.001738833962008357,nan,nan,nan,nan,nan,nan,nan,nan,nan,nan,nan,nan,nan,nan,nan,nan,nan,nan,nan,nan,nan,nan,nan,nan,nan,nan,nan,nan,nan,nan,nan,nan,nan,nan,nan,nan,nan,nan,nan,nan,nan,nan,nan,nan,nan,nan,nan,nan,nan,nan,nan,nan,nan,nan,nan,nan,nan,nan,nan,nan,nan,nan,nan,nan,nan,nan,nan,nan,nan,nan,nan,nan,nan,nan,nan,nan,nan,nan,nan,nan,nan,nan,nan,nan,nan,nan,nan,nan,nan,nan,nan,nan,nan,nan,nan,nan,nan,nan,nan,nan,nan,nan,nan,nan,nan,nan,nan,nan,nan,nan,nan,nan,nan,nan,nan,nan,nan,nan,nan,nan,nan,nan,nan,nan,nan,nan
12,12,1,0,0,1.0,0.0,0.0,0.5191437005996704,0.29886749386787415,-0.7135450839996338,0.9998209476470947,0.5343809127807617,0.2586260139942169,-0.6769989728927612,0.9996042847633362,0.5450507402420044,0.2590595483779907,-0.677173912525177,0.9996107220649719,0.5543966293334961,0.2597883343696594,-0.6772350072860718,0.9995677471160889,0.5053656101226807,0.26212069392204285,-0.6753466725349426,0.9996383190155029,0.49652791023254395,0.2643779516220093,-0.6752644181251526,0.9996744990348816,0.4884156584739685,0.26656219363212585,-0.6756572127342224,0.9996635317802429,0.5692846179008484,0.2840578258037567,-0.4001814126968384,0.9993962645530701,0.4833870232105255,0.2890956401824951,-0.3849267363548279,0.9997289180755615,0.5419428944587708,0.344197154045105,-0.6099101305007935,0.9999257326126099,0.5028334259986877,0.34597501158714294,-0.6061438918113708,0.9999337792396545,0.6624919772148132,0.5474659204483032,-0.2272353321313858,0.9996395707130432,0.40505632758140564,0.5604134202003479,-0.20401592552661896,0.9997257590293884,0.7304949164390564,0.86328125,-0.1683230996131897,0.8967192769050598,0.332785427570343,0.853280246257782,-0.1361684799194336,0.9453120827674866,0.7059094905853271,1.111474633216858,-0.50151127576828,0.5270237922668457,0.3696243166923523,1.0740817785263062,-0.4401181638240814,0.599751353263855,0.7126261591911316,1.2007744312286377,-0.5971768498420715,0.44959595799446106,0.3699965178966522,1.1633754968643188,-0.5271703600883484,0.4896635115146637,0.6910709738731384,1.1782339811325073,-0.656400740146637,0.5032336711883545,0.39798876643180847,1.120352029800415,-0.5880758762359619,0.535266101360321,0.6900466084480286,1.1355863809585571,-0.5386618375778198,0.5062061548233032,0.39826855063438416,1.081922173500061,-0.4692109525203705,0.5603554844856262,0.6306623220443726,1.1656094789505005,-0.0418766587972641,0.27868515253067017,0.46443018317222595,1.1719094514846802,0.04377336800098419,0.29246821999549866,0.6259477138519287,1.637235403060913,0.08525115996599197,0.008912700228393078,0.4596254527568817,1.6478331089019775,0.12782442569732666,0.007296090479940176,0.622833788394928,2.059642791748047,0.5581808090209961,0.0009111221879720688,0.46408310532569885,2.074916124343872,0.49853652715682983,0.00046822530566714704,0.6262297034263611,2.1196930408477783,0.5844432711601257,0.0007702987641096115,0.4641513526439667,2.135435104370117,0.5240589380264282,0.001177331549115479,0.6006140112876892,2.1983485221862793,0.21071560680866241,0.0004063943342771381,0.4838739037513733,2.213331937789917,0.12558889389038086,0.0017932734917849302,nan,nan,nan,nan,nan,nan,nan,nan,nan,nan,nan,nan,nan,nan,nan,nan,nan,nan,nan,nan,nan,nan,nan,nan,nan,nan,nan,nan,nan,nan,nan,nan,nan,nan,nan,nan,nan,nan,nan,nan,nan,nan,nan,nan,nan,nan,nan,nan,nan,nan,nan,nan,nan,nan,nan,nan,nan,nan,nan,nan,nan,nan,nan,nan,nan,nan,nan,nan,nan,nan,nan,nan,nan,nan,nan,nan,nan,nan,nan,nan,nan,nan,nan,nan,nan,nan,nan,nan,nan,nan,nan,nan,nan,nan,nan,nan,nan,nan,nan,nan,nan,nan,nan,nan,nan,nan,nan,nan,nan,nan,nan,nan,nan,nan,nan,nan,nan,nan,nan,nan,nan,nan,nan,nan,nan,nan
13,13,1,0,0,1.0,0.0,0.0,0.5186052918434143,0.30769646167755127,-0.6440872550010681,0.9998301863670349,0.5332590341567993,0.2671046555042267,-0.6076895594596863,0.9996219873428345,0.543997049331665,0.2665652930736542,-0.6078841090202332,0.9996321201324463,0.5533642172813416,0.26670435070991516,-0.6077913641929626,0.9995883703231812,0.5053998231887817,0.2695862948894501,-0.60721755027771,0.9996570944786072,0.49702632427215576,0.270814448595047,-0.6073216199874878,0.9996944069862366,0.4891587197780609,0.27268168330192566,-0.6077879667282104,0.9996822476387024,0.568477988243103,0.2877863049507141,-0.33236151933670044,0.9994331002235413,0.484488308429718,0.29380372166633606,-0.3269716501235962,0.9997468590736389,0.5407184958457947,0.35207515954971313,-0.5396828055381775,0.9999301433563232,0.5035961866378784,0.35411620140075684,-0.5387879610061646,0.9999381303787231,0.662006139755249,0.5433899164199829,-0.15075786411762238,0.999666154384613,0.4071793556213379,0.5559980869293213,-0.13464179635047913,0.9997435212135315,0.7407770752906799,0.8428331613540649,-0.17654472589492798,0.906417191028595,0.33060377836227417,0.8373265266418457,-0.17426180839538574,0.9500623345375061,0.700027585029602,0.9939054846763611,-0.5923596620559692,0.5721062421798706,0.3844926655292511,0.9553340673446655,-0.6602534651756287,0.6360636949539185,0.671587347984314,1.0587048530578613,-0.7031000256538391,0.49857082962989807,0.3986510932445526,1.0003600120544434,-0.7708754539489746,0.5316604971885681,0.6471433639526367,1.0359086990356445,-0.7380059361457825,0.5473175644874573,0.4122215807437897,0.961537778377533,-0.8034177422523499,0.5732759833335876,0.6514360904693604,1.0096698999404907,-0.6150016784667969,0.5490020513534546,0.41131511330604553,0.9451079368591309,-0.6818311214447021,0.5961915850639343,0.6327298879623413,1.1336590051651,-0.020033081993460655,0.3008432686328888,0.46971428394317627,1.1596441268920898,0.02154242806136608,0.32096824049949646,0.6317054629325867,1.6217037439346313,0.0844019427895546,0.00967423152178526,0.46218207478523254,1.6453901529312134,0.04066535457968712,0.0074805826880037785,0.633665144443512,2.0350935459136963,0.4662233889102936,0.0011500736000016332,0.4746396839618683,2.057091236114502,0.3200600743293762,0.0006712876493111253,0.637161135673523,2.0958950519561768,0.4834398925304413,0.0010157215874642134,0.4753841757774353,2.1234734058380127,0.3352488875389099,0.001475745695643127,0.6144316792488098,2.1748709678649902,0.13857369124889374,0.000526873511262238,0.5018349289894104,2.2007150650024414,-0.03435187786817551,0.0019764306489378214,nan,nan,nan,nan,nan,nan,nan,nan,nan,nan,nan,nan,nan,nan,nan,nan,nan,nan,nan,nan,nan,nan,nan,nan,nan,nan,nan,nan,nan,nan,nan,nan,nan,nan,nan,nan,nan,nan,nan,nan,nan,nan,nan,nan,nan,nan,nan,nan,nan,nan,nan,nan,nan,nan,nan,nan,nan,nan,nan,nan,nan,nan,nan,nan,nan,nan,nan,nan,nan,nan,nan,nan,nan,nan,nan,nan,nan,nan,nan,nan,nan,nan,nan,nan,nan,nan,nan,nan,nan,nan,nan,nan,nan,nan,nan,nan,nan,nan,nan,nan,nan,nan,nan,nan,nan,nan,nan,nan,nan,nan,nan,nan,nan,nan,nan,nan,nan,nan,nan,nan,nan,nan,nan,nan,nan,nan
14,14,1,1,0,1.0,1.0,0.0,0.5200462937355042,0.31276509165763855,-0.5968776941299438,0.9998463988304138,0.5344968438148499,0.2714623510837555,-0.5626306533813477,0.9996581077575684,0.5449632406234741,0.27017542719841003,-0.56281578540802,0.9996675252914429,0.5541948676109314,0.2695816159248352,-0.5627297163009644,0.9996277093887329,0.5067168474197388,0.27363914251327515,-0.5645843744277954,0.999690055847168,0.49845200777053833,0.27413409948349,-0.5644475817680359,0.9997239112854004,0.49046769738197327,0.2754356861114502,-0.5648152232170105,0.9997127652168274,0.5687601566314697,0.28788071870803833,-0.2794345021247864,0.999488353729248,0.4856504797935486,0.29467326402664185,-0.2850852310657501,0.9997715950012207,0.5417879223823547,0.3542060852050781,-0.48861661553382874,0.9999369382858276,0.505308210849762,0.3568602502346039,-0.4912016689777374,0.9999441504478455,0.6586798429489136,0.5362162590026855,-0.09111994504928589,0.9996988773345947,0.4112088084220886,0.5496177077293396,-0.10582954436540604,0.9997682571411133,0.7475894689559937,0.8160427808761597,-0.1580079346895218,0.9155905246734619,0.3225884437561035,0.7965446710586548,-0.3096825182437897,0.9549745321273804,0.6863306164741516,0.8962376117706299,-0.6250020265579224,0.6147546768188477,0.370913028717041,0.8166424632072449,-0.941455602645874,0.672349214553833,0.6532421708106995,0.9463040232658386,-0.7350501418113708,0.5481627583503723,0.3900677561759949,0.8548696637153625,-1.0633965730667114,0.5780633687973022,0.6384210586547852,0.9102368354797363,-0.7570610642433167,0.5920526385307312,0.4032357931137085,0.8221051096916199,-1.075533151626587,0.6154883503913879,0.6429793238639832,0.8933526873588562,-0.6412597894668579,0.5934579968452454,0.401665061712265,0.8088134527206421,-0.9566253423690796,0.6361222267150879,0.628641664981842,1.096886157989502,-0.005479324609041214,0.34192803502082825,0.4668511152267456,1.1092709302902222,0.00700670201331377,0.3649403154850006,0.6301038265228271,1.5791871547698975,0.09286122769117355,0.009005053900182247,0.46090710163116455,1.58607816696167,0.07559771835803986,0.0069579328410327435,0.6294192671775818,1.993554949760437,0.45970508456230164,0.001088825287297368,0.4754858613014221,2.0023856163024902,0.3853423595428467,0.000636531098280102,0.6327318549156189,2.044428825378418,0.47602835297584534,0.0009900443255901337,0.47457343339920044,2.055183172225952,0.40530896186828613,0.0013951172586530447,0.6105307340621948,2.129079818725586,0.13370807468891144,0.0004982271930202842,0.5043121576309204,2.1371989250183105,0.030169053003191948,0.0018525335472077131,0.6787639260292053,0.8766528964042664,-6.179525513516637e-08,0.6594682931900024,0.8522868752479553,-0.0075897634960711,0.6332374215126038,0.8520181775093079,-0.013582730665802956,0.6105836033821106,0.867283284664154,-0.017958825454115868,0.5964275598526001,0.8883128762245178,-0.02198551967740059,0.640869140625,0.8709183931350708,-0.02350655198097229,0.6123501658439636,0.8967840075492859,-0.03383345901966095,0.6142857074737549,0.8870334029197693,-0.037969719618558884,0.6220917105674744,0.8746435642242432,-0.03886791691184044,0.6504226326942444,0.8962962627410889,-0.02211925946176052,0.6224856376647949,0.9198322892189026,-0.02951580472290516,0.6261206269264221,0.9087555408477783,-0.029906999319791794,0.6358954310417175,0.8978245258331299,-0.030168700963258743,0.6575410962104797,0.9189214706420898,-0.02066025324165821,0.6315656900405884,0.9402134418487549,-0.025688789784908295,0.635658860206604,0.929253876209259,-0.02188398689031601,0.644806444644928,0.919584333896637,-0.019397467374801636,0.6623682975769043,0.9382994174957275,-0.01946909725666046,0.6420543193817139,0.9578345417976379,-0.02270716242492199,0.6456500291824341,0.9471420049667358,-0.019383680075407028,0.6536946892738342,0.9379367828369141,-0.016851121559739113,nan,nan,nan,nan,nan,nan,nan,nan,nan,nan,nan,nan,nan,nan,nan,nan,nan,nan,nan,nan,nan,nan,nan,nan,nan,nan,nan,nan,nan,nan,nan,nan,nan,nan,nan,nan,nan,nan,nan,nan,nan,nan,nan,nan,nan,nan,nan,nan,nan,nan,nan,nan,nan,nan,nan,nan,nan,nan,nan,nan,nan,nan,nan
15,15,1,1,0,1.0,1.0,0.0,0.5205131769180298,0.31662070751190186,-0.6130056381225586,0.9998611211776733,0.5352967381477356,0.2746514678001404,-0.5790319442749023,0.9996909499168396,0.5455822348594666,0.27335312962532043,-0.5792192816734314,0.9996997714042664,0.5546824336051941,0.2723239064216614,-0.5791392922401428,0.9996634721755981,0.5071671605110168,0.27600616216659546,-0.5814633965492249,0.9997198581695557,0.49877339601516724,0.2761012315750122,-0.5813148617744446,0.9997506737709045,0.4906948208808899,0.27700114250183105,-0.5816815495491028,0.9997403025627136,0.5687088966369629,0.2884455919265747,-0.28861257433891296,0.9995386004447937,0.4850841462612152,0.29450875520706177,-0.295178085565567,0.9997939467430115,0.5414642691612244,0.3572620153427124,-0.5017187595367432,0.9999430775642395,0.5055528879165649,0.35910388827323914,-0.5046393871307373,0.9999495148658752,0.65436851978302,0.5304266810417175,-0.09125809371471405,0.9997281432151794,0.41425788402557373,0.5272109508514404,-0.11956518143415451,0.9997901916503906,0.7531663775444031,0.8055275678634644,-0.2451309859752655,0.9238364100456238,0.30918198823928833,0.7801396250724792,-0.4146907329559326,0.959376335144043,0.6686422824859619,0.8041844367980957,-0.7975133061408997,0.6531851887702942,0.37049010396003723,0.7037783861160278,-1.0720930099487305,0.705025851726532,0.6372795701026917,0.8295961022377014,-0.9037124514579773,0.592911958694458,0.38545456528663635,0.7317036986351013,-1.1868387460708618,0.6198305487632751,0.6236010789871216,0.7900465130805969,-0.893075704574585,0.6324201226234436,0.40556788444519043,0.7036340236663818,-1.1766088008880615,0.6534640192985535,0.6272775530815125,0.7783677577972412,-0.800442099571228,0.6335503458976746,0.4080262780189514,0.6958866119384766,-1.0774197578430176,0.6720466017723083,0.6236041188240051,1.0818690061569214,-0.005815243814140558,0.35375380516052246,0.46203523874282837,1.0865153074264526,0.007338084280490875,0.38183876872062683,0.6255028247833252,1.5627766847610474,0.0912451446056366,0.008427444845438004,0.45682844519615173,1.5658760070800781,0.10663599520921707,0.006513076368719339,0.6260300874710083,1.9729620218276978,0.449247270822525,0.0010626382427290082,0.4692469835281372,1.9832775592803955,0.40751123428344727,0.0006086549255996943,0.6290727257728577,2.0211493968963623,0.46485430002212524,0.001008291495963931,0.4680275321006775,2.034182548522949,0.4290083646774292,0.001342078554444015,0.608775794506073,2.1131949424743652,0.11402371525764465,0.0004739377764053643,0.49676552414894104,2.117814779281616,0.05317786708474159,0.0017550839111208916,0.6663678288459778,0.7992502450942993,-8.184267130673106e-08,0.644875705242157,0.7731389403343201,-0.001974131679162383,0.618209183216095,0.7679881453514099,-0.0052194418385624886,0.5959196090698242,0.7734721302986145,-0.008354725316166878,0.5815024971961975,0.7794385552406311,-0.011867985129356384,0.6225098967552185,0.7890655994415283,-0.01256017480045557,0.6020370125770569,0.808820903301239,-0.020372364670038223,0.6074952483177185,0.8031997084617615,-0.025250906124711037,0.6159185767173767,0.7932340502738953,-0.02753973938524723,0.6320869326591492,0.8132395148277283,-0.014347008429467678,0.6117011904716492,0.8300033211708069,-0.019525934010744095,0.6171707510948181,0.8230959177017212,-0.02080979011952877,0.626535952091217,0.8137160539627075,-0.022229723632335663,0.6409105658531189,0.8354541659355164,-0.015870478004217148,0.6213836073875427,0.8514888286590576,-0.020533544942736626,0.6265833377838135,0.8444913625717163,-0.017384914681315422,0.6351782083511353,0.8351909518241882,-0.015471040271222591,0.6486248970031738,0.8565475344657898,-0.017258238047361374,0.63132244348526,0.8709973692893982,-0.020807987079024315,0.6371811032295227,0.8636143803596497,-0.01700492389500141,0.6455039978027344,0.8552970886230469,-0.013932961039245129,nan,nan,nan,nan,nan,nan,nan,nan,nan,nan,nan,nan,nan,nan,nan,nan,nan,nan,nan,nan,nan,nan,nan,nan,nan,nan,nan,nan,nan,nan,nan,nan,nan,nan,nan,nan,nan,nan,nan,nan,nan,nan,nan,nan,nan,nan,nan,nan,nan,nan,nan,nan,nan,nan,nan,nan,nan,nan,nan,nan,nan,nan,nan
16,16,1,1,1,1.0,1.0,1.0,0.5178182721138,0.3220190107822418,-0.6844803094863892,0.9998745918273926,0.532737672328949,0.2776678800582886,-0.6474407911300659,0.999721109867096,0.5430097579956055,0.27608612179756165,-0.6476083397865295,0.9997291564941406,0.5523063540458679,0.27459749579429626,-0.6473538875579834,0.9996961355209351,0.5049261450767517,0.2798956632614136,-0.6444027423858643,0.9997471570968628,0.49651095271110535,0.28038322925567627,-0.6442652940750122,0.9997751116752625,0.4892430305480957,0.28189441561698914,-0.6446645855903625,0.9997655749320984,0.5682533979415894,0.2892960011959076,-0.30354076623916626,0.9995841383934021,0.4845788776874542,0.29838481545448303,-0.31490835547447205,0.9998142719268799,0.5389874577522278,0.36164626479148865,-0.5561752915382385,0.9999486207962036,0.5039830207824707,0.36542508006095886,-0.5512794256210327,0.999954342842102,0.6541203856468201,0.5248897075653076,-0.11675368249416351,0.999754011631012,0.42043155431747437,0.5219036340713501,-0.135138139128685,0.9998098015785217,0.7590938210487366,0.8026207089424133,-0.337470680475235,0.9312636852264404,0.2970210313796997,0.7716400027275085,-0.4548146426677704,0.9633753299713135,0.6572610139846802,0.7421784996986389,-0.9085448980331421,0.6878310441970825,0.3728088438510895,0.6439446806907654,-1.077085256576538,0.734492301940918,0.6270540952682495,0.7553317546844482,-1.0089776515960693,0.6334582567214966,0.3961665630340576,0.6454103589057922,-1.1799758672714233,0.657676637172699,0.6121804714202881,0.7167271971702576,-0.9861428737640381,0.6690137386322021,0.4167254865169525,0.6170459389686584,-1.1519643068313599,0.6879185438156128,0.6151215434074402,0.7106033563613892,-0.9071213603019714,0.6699645519256592,0.4153662919998169,0.6180856227874756,-1.0747686624526978,0.7046369910240173,0.6208162307739258,1.0712840557098389,-0.00964698102325201,0.35234951972961426,0.4600253105163574,1.0716309547424316,0.011213645339012146,0.38740667700767517,0.6255874037742615,1.555158257484436,0.04853574559092522,0.007749560754746199,0.4546174705028534,1.5572813749313354,0.10814742743968964,0.006008320488035679,0.62462317943573,1.9685218334197998,0.38686367869377136,0.0010179262608289719,0.4659402072429657,1.9787728786468506,0.4328067898750305,0.0005693372222594917,0.6282333135604858,2.0159711837768555,0.3992188274860382,0.0009854751406237483,0.46440595388412476,2.029700756072998,0.45577239990234375,0.0012618446489796042,0.6062194108963013,2.1085352897644043,0.0317472368478775,0.00044837986933998764,0.49316078424453735,2.1121981143951416,0.0809297189116478,0.0016713324002921581,0.6575981974601746,0.7497778534889221,-8.978064514053585e-09,0.6367431879043579,0.7169787883758545,0.0008875188650563359,0.6108571290969849,0.7057116627693176,0.0002003624103963375,0.5907256007194519,0.7129462361335754,-0.0016049646073952317,0.5790249705314636,0.7289418578147888,-0.0041283415630459785,0.607469379901886,0.6991907954216003,2.901108564401511e-05,0.5871815085411072,0.6975196599960327,-0.0052011520601809025,0.5779162049293518,0.6953645944595337,-0.009688596241176128,0.5726245045661926,0.6901154518127441,-0.012840223498642445,0.6098805665969849,0.7251999974250793,-0.0032733508851379156,0.5921204686164856,0.7376877665519714,-0.00920788012444973,0.598000168800354,0.737761378288269,-0.012185817584395409,0.6060739159584045,0.7319951057434082,-0.01360609382390976,0.6147364377975464,0.7519230246543884,-0.006505665834993124,0.5995444655418396,0.7610644698143005,-0.011997226625680923,0.6068910956382751,0.7619265913963318,-0.00955246202647686,0.6155455708503723,0.7588119506835938,-0.007097428198903799,0.6213874816894531,0.7774551510810852,-0.009570920839905739,0.6090204119682312,0.7820326685905457,-0.012755293399095535,0.6160986423492432,0.7802939414978027,-0.009054464288055897,0.6238892078399658,0.7772384285926819,-0.005586885381489992,0.3595461845397949,0.642362117767334,5.7282480980802575e-08,0.37378543615341187,0.6105015873908997,-0.0015018119011074305,0.4011313021183014,0.5926508903503418,-0.0056273057125508785,0.4243020713329315,0.5909947156906128,-0.009829786606132984,0.44162213802337646,0.5968866348266602,-0.013691647909581661,0.39900001883506775,0.587130606174469,-0.015021812170743942,0.4297301471233368,0.5905609726905823,-0.02234587073326111,0.4452614486217499,0.5992116332054138,-0.025495709851384163,0.45556697249412537,0.6066985130310059,-0.02735063061118126,0.3953694701194763,0.6089473366737366,-0.019007612019777298,0.4279252290725708,0.6191308498382568,-0.026784660294651985,0.42704010009765625,0.6265891790390015,-0.026229828596115112,0.42106419801712036,0.6273345351219177,-0.025289757177233696,0.39205440878868103,0.6370357871055603,-0.022423261776566505,0.42274776101112366,0.6480600833892822,-0.028267772868275642,0.4170254170894623,0.6519264578819275,-0.022793198004364967,0.4078807532787323,0.6491579413414001,-0.01867993175983429,0.38918524980545044,0.6669301986694336,-0.026024241000413895,0.4137587249279022,0.6758080124855042,-0.029367519542574883,0.407466322183609,0.6757080554962158,-0.024821486324071884,0.3977629542350769,0.6711636185646057,-0.021233730018138885
17,17,1,1,1,1.0,1.0,1.0,0.5172505378723145,0.3223513662815094,-0.5977017879486084,0.9998856782913208,0.5321051478385925,0.2775939404964447,-0.5676429867744446,0.9997460842132568,0.5424115657806396,0.27587759494781494,-0.5677644610404968,0.9997542500495911,0.5510775446891785,0.2743755280971527,-0.5675463080406189,0.9997233748435974,0.5036818981170654,0.28051459789276123,-0.5587990880012512,0.999769389629364,0.49490177631378174,0.28147533535957336,-0.5586228966712952,0.9997956156730652,0.48771265149116516,0.2834677994251251,-0.559005081653595,0.9997860789299011,0.5668817162513733,0.28948140144348145,-0.28573155403137207,0.9996237754821777,0.48373401165008545,0.30101606249809265,-0.24147018790245056,0.9998316168785095,0.5377522706985474,0.36295193433761597,-0.49136534333229065,0.9999531507492065,0.5021551847457886,0.36758214235305786,-0.4785124361515045,0.9999580383300781,0.6528226733207703,0.5177261233329773,-0.10633443295955658,0.9997766613960266,0.42398571968078613,0.5191054940223694,-0.07858573645353317,0.999825656414032,0.7564712762832642,0.7934076189994812,-0.344213604927063,0.9379976987838745,0.2975868582725525,0.760549008846283,-0.40315476059913635,0.9669404625892639,0.6424404382705688,0.7042480707168579,-0.8394714593887329,0.719020426273346,0.3734261393547058,0.5887691378593445,-0.9628548622131348,0.7610172629356384,0.6109994053840637,0.6944602727890015,-0.9280821084976196,0.6699941158294678,0.40579330921173096,0.5698485374450684,-1.0582506656646729,0.6917803883552551,0.5994551181793213,0.6594823598861694,-0.9043993353843689,0.7019885182380676,0.4216567873954773,0.5442978143692017,-1.0214372873306274,0.7189688682556152,0.6034209728240967,0.6602979302406311,-0.8357851505279541,0.7028031349182129,0.4173961281776428,0.5525351166725159,-0.9574968218803406,0.7340192198753357,0.6202963590621948,1.0522805452346802,-0.011986271478235722,0.3666090965270996,0.4590356945991516,1.0554559230804443,0.013594786636531353,0.40588870644569397,0.6238592267036438,1.5351377725601196,0.039218880236148834,0.0071233599446713924,0.45360031723976135,1.5367730855941772,0.10743588209152222,0.005544806364923716,0.6228981614112854,1.94890558719635,0.3599591851234436,0.0009740835521370173,0.4645511209964752,1.9613078832626343,0.40212303400039673,0.0005336908507160842,0.6273698806762695,1.9950430393218994,0.37215641140937805,0.000959196884650737,0.4629698395729065,2.0120551586151123,0.42231711745262146,0.0011766653042286634,0.6027871966362,2.0902397632598877,0.02128024771809578,0.0004214689543005079,0.4901629090309143,2.0954761505126953,0.045846521854400635,0.0015614881413057446,0.6478617191314697,0.6884081959724426,-5.042952366807185e-08,0.6239241361618042,0.6644555926322937,-0.0002346833935007453,0.5951189994812012,0.656470000743866,-0.003301674732938409,0.5757123827934265,0.6670044660568237,-0.0068910554982721806,0.5668249726295471,0.6862512230873108,-0.01145562157034874,0.6030214428901672,0.6288228034973145,-0.007750010117888451,0.5779920220375061,0.6250244975090027,-0.015271699987351894,0.5622391104698181,0.6247960925102234,-0.020303653553128242,0.5497086644172668,0.6221722364425659,-0.024065064266324043,0.6084449291229248,0.6466432213783264,-0.012369809672236443,0.5772492289543152,0.672929048538208,-0.022679345682263374,0.5837923288345337,0.684840738773346,-0.02536737360060215,0.5941569805145264,0.6826351284980774,-0.025864219292998314,0.6140594482421875,0.6708385348320007,-0.016619857400655746,0.5853185057640076,0.6947047710418701,-0.026518603786826134,0.5917203426361084,0.7025426030158997,-0.023734906688332558,0.6019191741943359,0.6999788284301758,-0.019812237471342087,0.6189108490943909,0.6973220109939575,-0.020562799647450447,0.5945228934288025,0.7153361439704895,-0.027463888749480247,0.6003261208534241,0.720180094242096,-0.024412687867879868,0.610444962978363,0.7184850573539734,-0.020872892811894417,0.36953526735305786,0.5806617140769958,2.670235588198011e-08,0.3846075236797333,0.5513088703155518,0.00044879704364575446,0.41021618247032166,0.5339659452438354,-0.0032401594799011946,0.4316466748714447,0.5350520014762878,-0.007900558412075043,0.44727763533592224,0.5432007312774658,-0.01237318105995655,0.4101913273334503,0.5171751976013184,-0.010170836932957172,0.4390029013156891,0.5128183364868164,-0.01708836667239666,0.4546321630477905,0.5149277448654175,-0.020684128627181053,0.4653574228286743,0.5168644785881042,-0.02285873517394066,0.4064725339412689,0.5334745049476624,-0.015011455863714218,0.43881142139434814,0.5429155230522156,-0.02282690443098545,0.43852928280830383,0.5547732710838318,-0.023037996143102646,0.43185529112815857,0.5584338903427124,-0.022367078810930252,0.4030095636844635,0.5565372109413147,-0.01944388635456562,0.4323273301124573,0.5684940218925476,-0.02511400543153286,0.42806029319763184,0.5775799751281738,-0.020646750926971436,0.41996797919273376,0.5779480338096619,-0.017054293304681778,0.39992666244506836,0.5823123455047607,-0.023974426090717316,0.42451608180999756,0.5930964946746826,-0.02550354227423668,0.42043066024780273,0.5987167358398438,-0.020731443539261818,0.4121353030204773,0.5981187224388123,-0.01736498810350895
18,18,1,1,1,1.0,1.0,1.0,0.5168076157569885,0.32260456681251526,-0.5417181849479675,0.9998952746391296,0.5318132638931274,0.2776957154273987,-0.5125638246536255,0.999768078327179,0.5422221422195435,0.2756310999393463,-0.5127105116844177,0.9997763633728027,0.5506095290184021,0.27405205368995667,-0.5125241279602051,0.999747633934021,0.5027057528495789,0.2817191481590271,-0.5034193396568298,0.9997886419296265,0.4938008189201355,0.28298255801200867,-0.5032296180725098,0.9998133182525635,0.4868883490562439,0.2854052782058716,-0.5035801529884338,0.9998036026954651,0.5657893419265747,0.289421945810318,-0.24737198650836945,0.9996590614318848,0.4832713305950165,0.30262452363967896,-0.1948545277118683,0.9998465180397034,0.536662757396698,0.36323851346969604,-0.4417627155780792,0.9999570846557617,0.5009877681732178,0.36874890327453613,-0.4281063377857208,0.9999608993530273,0.6518452763557434,0.5081452131271362,-0.09653869271278381,0.9997972249984741,0.425973504781723,0.5177360773086548,-0.0449250154197216,0.9998387694358826,0.7509853839874268,0.7819007635116577,-0.3708760440349579,0.9440931081771851,0.2991226613521576,0.7480937838554382,-0.3816661834716797,0.9701524376869202,0.6333935856819153,0.6714279055595398,-0.8613700270652771,0.7470971345901489,0.3788839876651764,0.5377054810523987,-0.9209797978401184,0.7848895788192749,0.6005905866622925,0.6575087904930115,-0.9504568576812744,0.7028972506523132,0.4135848581790924,0.4942166805267334,-1.0136690139770508,0.7224699258804321,0.5898023843765259,0.6192014813423157,-0.9188616275787354,0.7316861748695374,0.4270269572734833,0.47013285756111145,-0.9743481874465942,0.7469069957733154,0.5934250950813293,0.6201464533805847,-0.8547177910804749,0.732383668422699,0.42378243803977966,0.4890800416469574,-0.914924681186676,0.7604570388793945,0.6186857223510742,1.037906527519226,-0.01385660469532013,0.39463549852371216,0.4583982229232788,1.0389482975006104,0.015338284894824028,0.4344728887081146,0.6240932941436768,1.5151147842407227,0.030458398163318634,0.006597454659640789,0.4550730288028717,1.5210189819335938,0.12156059592962265,0.005184736102819443,0.6228997111320496,1.9255058765411377,0.343095600605011,0.0009334635105915368,0.46553975343704224,1.9430968761444092,0.4230981469154358,0.0005085623124614358,0.6279582381248474,1.9702262878417969,0.3557116687297821,0.000930731010157615,0.4638482332229614,1.9931089878082275,0.44469931721687317,0.0011113084619864821,0.6017648577690125,2.067547082901001,0.012977139092981815,0.0003981613554060459,0.4898247718811035,2.077503204345703,0.06800808757543564,0.0014718766324222088,0.6280790567398071,0.6450987458229065,-3.237223111796084e-08,0.610760509967804,0.6229149103164673,-0.0006793183856643736,0.5845041871070862,0.6145486235618591,-0.004208573140203953,0.5650637149810791,0.6258834004402161,-0.008061017841100693,0.5542818903923035,0.641586422920227,-0.012852601706981659,0.5901927351951599,0.5870347023010254,-0.009996483102440834,0.5645501017570496,0.5788772106170654,-0.018177784979343414,0.5479418635368347,0.5750250816345215,-0.022972282022237778,0.5352913737297058,0.5702418684959412,-0.02640184946358204,0.5942831039428711,0.6029489040374756,-0.014177132397890091,0.5619196891784668,0.622528612613678,-0.025392761453986168,0.5684354901313782,0.6389239430427551,-0.027706924825906754,0.5790818929672241,0.639724612236023,-0.02749675139784813,0.5989185571670532,0.6251676678657532,-0.017902415245771408,0.5694698691368103,0.642957329750061,-0.029212243854999542,0.5760179162025452,0.6542025208473206,-0.02672003023326397,0.5864663124084473,0.6524561047554016,-0.022437142208218575,0.6025469303131104,0.6497365832328796,-0.021158339455723763,0.5779491662979126,0.6641299724578857,-0.02970130369067192,0.5834389328956604,0.6714709401130676,-0.027349775657057762,0.5938748121261597,0.6698716878890991,-0.023853303864598274,0.3818907141685486,0.5214246511459351,-6.278838071693826e-08,0.400091290473938,0.4994107782840729,0.0027537366840988398,0.42669424414634705,0.4840770661830902,0.0029845046810805798,0.44491803646087646,0.4903879761695862,0.0016567789716646075,0.4561133086681366,0.5059964060783386,0.00042207606020383537,0.43158435821533203,0.4627610146999359,5.9670451264537405e-06,0.4564463198184967,0.456046462059021,-0.0020024601835757494,0.4669996500015259,0.45787951350212097,-0.0023721593897789717,0.4738708734512329,0.4592629671096802,-0.0030323422979563475,0.4251538813114166,0.47435492277145386,-0.004042891785502434,0.448123574256897,0.4879118800163269,-0.007906010374426842,0.44306299090385437,0.5048249363899231,-0.007197961211204529,0.43558502197265625,0.5113953948020935,-0.006355185527354479,0.41824814677238464,0.4925532042980194,-0.007918249815702438,0.440689355134964,0.5100900530815125,-0.011486370116472244,0.43474122881889343,0.5219749212265015,-0.00879764650017023,0.4266887307167053,0.5230695009231567,-0.006790316663682461,0.411182165145874,0.5130876302719116,-0.011590620502829552,0.4310581088066101,0.5294033885002136,-0.011965657584369183,0.42728081345558167,0.5359170436859131,-0.008626074530184269,0.41982516646385193,0.53448486328125,-0.006494694855064154
19,19,1,1,1,1.0,1.0,1.0,0.5144298076629639,0.3271104097366333,-0.4809083342552185,0.999903678894043,0.5290333032608032,0.2808610498905182,-0.45474034547805786,0.9997875094413757,0.5389779806137085,0.27781784534454346,-0.45486241579055786,0.9997960925102234,0.5479848980903625,0.27546510100364685,-0.4547194540500641,0.9997693300247192,0.5022256970405579,0.28720080852508545,-0.4436127245426178,0.9998052716255188,0.4932023286819458,0.28852379322052,-0.44336360692977905,0.9998287558555603,0.4861995279788971,0.2905285954475403,-0.44373393058776855,0.9998188018798828,0.5651150941848755,0.28989189863204956,-0.20647680759429932,0.9996908903121948,0.4833783805370331,0.30445340275764465,-0.14295744895935059,0.9998598694801331,0.5356572270393372,0.3681381642818451,-0.38685715198516846,0.9999606013298035,0.500492513179779,0.3747156858444214,-0.3703334331512451,0.9999633431434631,0.6510077714920044,0.5025037527084351,-0.06479038298130035,0.9998155832290649,0.4322437345981598,0.5070379376411438,-0.01590595580637455,0.9998509287834167,0.7468227744102478,0.7716966271400452,-0.3420184552669525,0.9495787620544434,0.3010174334049225,0.7255020141601562,-0.35723936557769775,0.9730469584465027,0.621945858001709,0.6431382894515991,-0.787357747554779,0.7723680138587952,0.3838135302066803,0.5078790187835693,-0.862007200717926,0.8063774108886719,0.5861451625823975,0.6205459833145142,-0.8735746741294861,0.7325109243392944,0.4170222282409668,0.45688706636428833,-0.9582771062850952,0.7500964403152466,0.5772409439086914,0.5796195268630981,-0.904636561870575,0.7584123015403748,0.4295506775379181,0.4367910623550415,-0.9038965702056885,0.7720534801483154,0.5813724398612976,0.583519458770752,-0.785693883895874,0.7590086460113525,0.4274393320083618,0.45770397782325745,-0.8780129551887512,0.784252941608429,0.6184311509132385,1.0350427627563477,-0.015024264343082905,0.4284308850765228,0.45883527398109436,1.0360935926437378,0.01653440110385418,0.46825525164604187,0.6231575012207031,1.5074257850646973,0.029518816620111465,0.00606262544170022,0.4546298086643219,1.5111758708953857,0.12171901017427444,0.004824456293135881,0.6216007471084595,1.9123800992965698,0.33615317940711975,0.0008735070005059242,0.46427133679389954,1.9297168254852295,0.4155975878238678,0.00047732898383401334,0.6269293427467346,1.956254005432129,0.3482055962085724,0.0008787417318671942,0.46274998784065247,1.980345606803894,0.4364548623561859,0.0010297218104824424,0.6004995107650757,2.05499529838562,0.0062645357102155685,0.0003716564388014376,0.48862627148628235,2.0630416870117188,0.06884162873029709,0.0013766506453976035,0.617907702922821,0.6152772307395935,-5.2852939802505716e-08,0.5991553068161011,0.5891984701156616,-0.0002960248675663024,0.572240948677063,0.5811789035797119,-0.004165285266935825,0.5514206886291504,0.5958698391914368,-0.00860162079334259,0.5397947430610657,0.6125504374504089,-0.01385114062577486,0.5787840485572815,0.5546043515205383,-0.00916757620871067,0.5511734485626221,0.5460343956947327,-0.01710554212331772,0.53485506772995,0.5414863228797913,-0.021207576617598534,0.5222625136375427,0.5353676080703735,-0.02410995215177536,0.5821331739425659,0.5701436400413513,-0.013853989541530609,0.5486423969268799,0.5847664475440979,-0.025207623839378357,0.5545260310173035,0.6019545197486877,-0.027160532772541046,0.5652021169662476,0.6057229042053223,-0.026498598977923393,0.5861030220985413,0.5919343829154968,-0.018147163093090057,0.5562292337417603,0.6073351502418518,-0.028835147619247437,0.5624879598617554,0.618143618106842,-0.026133885607123375,0.5724958181381226,0.6172786355018616,-0.02185816317796707,0.5891198515892029,0.6166004538536072,-0.022051924839615822,0.5645743012428284,0.6308125257492065,-0.029375163838267326,0.5695017576217651,0.6368176937103271,-0.02681528963148594,0.5791283249855042,0.6348247528076172,-0.02345992997288704,0.3873148560523987,0.5001226663589478,-3.504248624608408e-08,0.4065995216369629,0.47754421830177307,0.0015087011270225048,0.43048110604286194,0.45846232771873474,-0.0016234421636909246,0.45031359791755676,0.45710641145706177,-0.006606629118323326,0.462881475687027,0.46329638361930847,-0.011590546928346157,0.4298105537891388,0.42337891459465027,-0.004578728228807449,0.45704174041748047,0.4177555739879608,-0.010007452219724655,0.47147759795188904,0.4161966145038605,-0.012722357176244259,0.48194703459739685,0.412372887134552,-0.015001309104263783,0.4246659576892853,0.43592536449432373,-0.010442857630550861,0.45261067152023315,0.450438529253006,-0.01829800382256508,0.44868171215057373,0.4712657034397125,-0.018902910873293877,0.4404723346233368,0.4766841232776642,-0.018558070063591003,0.41993051767349243,0.4565807282924652,-0.01608242280781269,0.44523847103118896,0.47313666343688965,-0.022490261122584343,0.44038254022598267,0.4880765676498413,-0.018743619322776794,0.4323890507221222,0.4878250062465668,-0.015715565532445908,0.4155563712120056,0.4806916117668152,-0.021783705800771713,0.437092661857605,0.4928465485572815,-0.023424189537763596,0.43396008014678955,0.5026978254318237,-0.018871400505304337,0.4266398251056671,0.502292275428772,-0.01581227220594883
20,20,1,1,1,1.0,1.0,1.0,0.5108176469802856,0.33200550079345703,-0.47489631175994873,0.9999116063117981,0.526183009147644,0.2859939634799957,-0.4510232210159302,0.9998056888580322,0.5363420844078064,0.2829788327217102,-0.4511307179927826,0.9998140931129456,0.5456973314285278,0.28075435757637024,-0.4509819746017456,0.9997894167900085,0.5011090040206909,0.2912752330303192,-0.43630799651145935,0.9998210072517395,0.4929157793521881,0.29207074642181396,-0.43603837490081787,0.9998428821563721,0.48574671149253845,0.29334303736686707,-0.4363657236099243,0.9998331069946289,0.5647346377372742,0.29252415895462036,-0.21303190290927887,0.9997199773788452,0.4831227958202362,0.305478572845459,-0.1328742653131485,0.9998719096183777,0.532458484172821,0.3751157820224762,-0.3853612244129181,0.9999639391899109,0.49934670329093933,0.3786594271659851,-0.36410853266716003,0.9999658465385437,0.6507485508918762,0.4967056214809418,-0.09010342508554459,0.9998321533203125,0.4324330687522888,0.5013440847396851,-0.0026429130230098963,0.9998627305030823,0.7458375692367554,0.7630935907363892,-0.3992776572704315,0.9544976353645325,0.30386918783187866,0.7049863338470459,-0.34708356857299805,0.9756520390510559,0.6096754670143127,0.6199982166290283,-0.824133574962616,0.7951028943061829,0.38967350125312805,0.4867088198661804,-0.8427413105964661,0.8256999254226685,0.5724712014198303,0.5923351049423218,-0.9035398960113525,0.7591214179992676,0.41911569237709045,0.4384751617908478,-0.9382749795913696,0.7748705148696899,0.5635474920272827,0.552854061126709,-0.8768290877342224,0.782421886920929,0.43177083134651184,0.4221622049808502,-0.8726296424865723,0.7945773005485535,0.5687556862831116,0.5576738119125366,-0.8143952488899231,0.782913863658905,0.43098360300064087,0.44117817282676697,-0.87264084815979,0.8055685758590698,0.6174103021621704,1.0223668813705444,-0.024297915399074554,0.4526309072971344,0.46495115756988525,1.0294811725616455,0.025782238692045212,0.49450066685676575,0.6256811618804932,1.4914841651916504,0.021560613065958023,0.0055894628167152405,0.4611538052558899,1.4988332986831665,0.14043167233467102,0.004522061441093683,0.6265425682067871,1.8930449485778809,0.3196134865283966,0.000828909978736192,0.47216325998306274,1.9146233797073364,0.42562827467918396,0.0004535432963166386,0.6329733729362488,1.9373332262039185,0.33192315697669983,0.0008493929635733366,0.4706325829029083,1.964626431465149,0.44727224111557007,0.0009722989634610713,0.604164183139801,2.035429000854492,-0.005000357050448656,0.0003510338719934225,0.49468332529067993,2.0495193004608154,0.07734629511833191,0.0013103991514071822,0.6109196543693542,0.594738245010376,-8.985475119516195e-08,0.5922366380691528,0.5698611736297607,0.001053434330970049,0.566301167011261,0.5596663355827332,-0.0026043609250336885,0.5444724559783936,0.5718160271644592,-0.0071480232290923595,0.5311919450759888,0.5875679850578308,-0.012323200702667236,0.5690993070602417,0.5297794342041016,-0.0072644674219191074,0.5406907796859741,0.5221941471099854,-0.014222951605916023,0.525753915309906,0.5178840756416321,-0.0176444910466671,0.5142642855644226,0.5105641484260559,-0.020221062004566193,0.5722907781600952,0.5441157817840576,-0.012491811066865921,0.5394075512886047,0.5587852001190186,-0.022214967757463455,0.5446358919143677,0.577106237411499,-0.023005273193120956,0.5543199777603149,0.5810890793800354,-0.022252719849348068,0.5759643316268921,0.5661789178848267,-0.017358792945742607,0.5464103817939758,0.5810458064079285,-0.026429951190948486,0.5520590543746948,0.5939270853996277,-0.022892732173204422,0.5610562562942505,0.5940915942192078,-0.018868636339902878,0.5785761475563049,0.5912886261940002,-0.02186271920800209,0.5543972849845886,0.6034489870071411,-0.027645323425531387,0.5584831237792969,0.6109668612480164,-0.024534182623028755,0.5668312907218933,0.6108927726745605,-0.02132062427699566,0.3899960517883301,0.4770694673061371,1.7303751487229846e-10,0.4067862927913666,0.45487329363822937,0.0005650199018418789,0.4292139410972595,0.4376157820224762,-0.004028409719467163,0.44927525520324707,0.4363482594490051,-0.009999440051615238,0.46479547023773193,0.4383876621723175,-0.01589968614280224,0.427823007106781,0.4026488959789276,-0.008118737488985062,0.4534215033054352,0.39315900206565857,-0.015445990487933159,0.4689564108848572,0.38854649662971497,-0.019341422244906425,0.48004159331321716,0.38366761803627014,-0.02206241898238659,0.4239406883716583,0.41479820013046265,-0.013892046175897121,0.45389339327812195,0.432321697473526,-0.022469663992524147,0.44947704672813416,0.4517280161380768,-0.022589771077036858,0.4411212205886841,0.45310789346694946,-0.02193625085055828,0.4204694628715515,0.43612682819366455,-0.019488362595438957,0.4476741850376129,0.45451581478118896,-0.026568248867988586,0.44190314412117004,0.4676520824432373,-0.02186037041246891,0.43386369943618774,0.4643247425556183,-0.018178666010499,0.41746285557746887,0.4617827236652374,-0.02518712542951107,0.44036659598350525,0.47513917088508606,-0.02764706127345562,0.43600863218307495,0.484711617231369,-0.022503627464175224,0.42827001214027405,0.48238295316696167,-0.018869411200284958
21,21,1,1,1,1.0,1.0,1.0,0.5071176886558533,0.33246222138404846,-0.4444759488105774,0.999919056892395,0.5228269100189209,0.287916898727417,-0.4245225191116333,0.9998218417167664,0.533186137676239,0.28518959879875183,-0.42456212639808655,0.9998304843902588,0.5427567958831787,0.28326916694641113,-0.4243677854537964,0.9998072981834412,0.49963781237602234,0.2922213077545166,-0.40525326132774353,0.9998350739479065,0.4928472340106964,0.29263821244239807,-0.4050181210041046,0.9998559355735779,0.4855166971683502,0.2935678958892822,-0.40532857179641724,0.9998460412025452,0.5643697381019592,0.2929688096046448,-0.20352241396903992,0.9997462034225464,0.4829677939414978,0.3051535487174988,-0.10391534119844437,0.9998831152915955,0.5291770696640015,0.37574151158332825,-0.3610561490058899,0.9999669194221497,0.4979780912399292,0.37793591618537903,-0.33398205041885376,0.9999681711196899,0.6505316495895386,0.4926794171333313,-0.09758581221103668,0.9998471140861511,0.4335933327674866,0.4937933683395386,0.016607291996479034,0.9998745322227478,0.7402245402336121,0.7561975121498108,-0.4276237487792969,0.9589289426803589,0.3080366253852844,0.6904236674308777,-0.34187525510787964,0.9779976606369019,0.5979515314102173,0.5884266495704651,-0.8558437824249268,0.8155757188796997,0.3867029845714569,0.4933758080005646,-0.8559877872467041,0.8431124091148376,0.5635324120521545,0.5568366050720215,-0.9382418394088745,0.7831359505653381,0.4149647653102875,0.4434933364391327,-0.9509106874465942,0.7972967028617859,0.5550975799560547,0.5245484113693237,-0.8981525897979736,0.8040987849235535,0.42861828207969666,0.42284315824508667,-0.8877308368682861,0.8150108456611633,0.5606664419174194,0.530825674533844,-0.8449214696884155,0.8045182228088379,0.42814162373542786,0.4421173930168152,-0.859444260597229,0.8249064087867737,0.6167906522750854,1.0205620527267456,-0.02772129699587822,0.4718029201030731,0.467029869556427,1.0230507850646973,0.029176613315939903,0.5176588296890259,0.6266620755195618,1.480658769607544,0.02779725193977356,0.0051517365500330925,0.46311938762664795,1.4871219396591187,0.16226153075695038,0.004225929267704487,0.6285040378570557,1.8752169609069824,0.33261317014694214,0.0007921985234133899,0.4731311798095703,1.8961070775985718,0.4372088611125946,0.0004290120559744537,0.6356914639472961,1.9194939136505127,0.3450988829135895,0.0008448816370218992,0.4714139401912689,1.9452673196792603,0.4578190743923187,0.0009212411241605878,0.6037547588348389,2.0160598754882812,0.011864487081766129,0.0003325479046907276,0.4943099915981293,2.030477523803711,0.1150139793753624,0.0012345374561846256,0.6037173271179199,0.5771539211273193,-5.1961873026584726e-08,0.5871855020523071,0.5521326661109924,-0.0007014110451564193,0.5620949864387512,0.5417832732200623,-0.004488289821892977,0.5403931140899658,0.5529778003692627,-0.008736956864595413,0.5264683961868286,0.5674147009849548,-0.013438687659800053,0.5633004903793335,0.5103670954704285,-0.007626549806445837,0.5370656251907349,0.5012041926383972,-0.015625223517417908,0.5215185880661011,0.4941542148590088,-0.019736438989639282,0.5098896026611328,0.48493722081184387,-0.022472446784377098,0.565600574016571,0.5241491198539734,-0.011900795623660088,0.5340312719345093,0.5400377511978149,-0.02245006524026394,0.5403926372528076,0.5580804347991943,-0.02354128286242485,0.5508062839508057,0.5598734617233276,-0.022503865882754326,0.568790078163147,0.5454678535461426,-0.016085844486951828,0.5417103171348572,0.5632238984107971,-0.025898173451423645,0.5481102466583252,0.575542688369751,-0.02223692089319229,0.5571034550666809,0.5735347270965576,-0.017692185938358307,0.5714874267578125,0.5700995922088623,-0.020109720528125763,0.5493277907371521,0.5841195583343506,-0.02639324776828289,0.5547561049461365,0.5920313000679016,-0.02316095493733883,0.563506007194519,0.5903118848800659,-0.019530292600393295,0.38361021876335144,0.4816722571849823,4.1065451483746074e-08,0.40230607986450195,0.4597392678260803,0.0016018867027014494,0.4259541630744934,0.44223499298095703,-0.0025166040286421776,0.44592052698135376,0.44168639183044434,-0.008460390381515026,0.4616897702217102,0.4433845579624176,-0.014518234878778458,0.42389416694641113,0.40547651052474976,-0.0068162837997078896,0.4487591087818146,0.3963125944137573,-0.015043756924569607,0.4655687212944031,0.39005354046821594,-0.020005304366350174,0.4778943955898285,0.3828091025352478,-0.023447154089808464,0.419147789478302,0.41816845536231995,-0.013673188164830208,0.45015621185302734,0.4376259744167328,-0.023368030786514282,0.44569918513298035,0.4556981325149536,-0.024333475157618523,0.43680980801582336,0.4556134045124054,-0.02409754879772663,0.4145083427429199,0.440761536359787,-0.020379353314638138,0.44324856996536255,0.4602953791618347,-0.028268560767173767,0.43726369738578796,0.4726584553718567,-0.023361535742878914,0.42887938022613525,0.4686291515827179,-0.019301295280456543,0.4102320671081543,0.4682548940181732,-0.027190154418349266,0.4350704252719879,0.48123887181282043,-0.029981382191181183,0.430446058511734,0.48984211683273315,-0.024415047839283943,0.42202627658843994,0.4870513677597046,-0.02039380744099617
22,22,1,1,1,1.0,1.0,1.0,0.5056302547454834,0.3321933448314667,-0.4389292299747467,0.9999256730079651,0.5213748216629028,0.2885359525680542,-0.4159362018108368,0.9998353123664856,0.5317808985710144,0.2861706614494324,-0.4159735441207886,0.9998446702957153,0.5414270758628845,0.284565269947052,-0.4157390296459198,0.9998222589492798,0.49924126267433167,0.29206961393356323,-0.39722198247909546,0.9998466968536377,0.4924232065677643,0.2923802435398102,-0.39705514907836914,0.9998672604560852,0.4851970970630646,0.29318928718566895,-0.39735761284828186,0.9998568296432495,0.5642492175102234,0.2932707667350769,-0.19097760319709778,0.9997692108154297,0.4830469787120819,0.3048873543739319,-0.0942830741405487,0.9998928308486938,0.5273385643959045,0.3754567801952362,-0.35485517978668213,0.9999693632125854,0.4974004030227661,0.37711623311042786,-0.3287578523159027,0.9999699592590332,0.6501973867416382,0.4921932518482208,-0.0961211621761322,0.9998598694801331,0.4332517087459564,0.4936785399913788,0.02741958759725094,0.9998850226402283,0.734350860118866,0.7518335580825806,-0.4324519634246826,0.9629038572311401,0.3086560368537903,0.681569516658783,-0.34067609906196594,0.9800870418548584,0.5914430618286133,0.5698209404945374,-0.8655416965484619,0.8340035080909729,0.3844520151615143,0.5054833889007568,-0.8646878600120544,0.8587818741798401,0.5582789778709412,0.5377228260040283,-0.9501497149467468,0.8047593235969543,0.412324994802475,0.45973819494247437,-0.9621495604515076,0.8174780607223511,0.5508018732070923,0.5093377828598022,-0.9097139835357666,0.8236173391342163,0.42608726024627686,0.4367637634277344,-0.9060674905776978,0.8333978056907654,0.5570101737976074,0.5160658359527588,-0.8558859825134277,0.8239756226539612,0.42548227310180664,0.4554145336151123,-0.8630111813545227,0.842307448387146,0.6165474653244019,1.0196174383163452,-0.029631052166223526,0.482069194316864,0.4668498933315277,1.0184727907180786,0.031050560995936394,0.5325291156768799,0.6259269714355469,1.4769413471221924,0.03107357583940029,0.004751702770590782,0.4626843333244324,1.480808138847351,0.16083866357803345,0.0039483350701630116,0.6272103786468506,1.866364598274231,0.33416053652763367,0.0007648478494957089,0.4718659222126007,1.8847308158874512,0.4350987374782562,0.0004089907160960138,0.6340066194534302,1.9113458395004272,0.34625154733657837,0.0008546954486519098,0.4701129198074341,1.9343054294586182,0.4552749991416931,0.0008887037984095514,0.6034062504768372,2.0046420097351074,0.016045860946178436,0.0003191536816302687,0.49335402250289917,2.017848253250122,0.11273448914289474,0.0011810293653979897,0.6021231412887573,0.5649323463439941,-4.995797198148466e-08,0.5845972895622253,0.5408556461334229,0.0013967895647510886,0.5602067708969116,0.5307720303535461,-0.0020356245804578066,0.5391666889190674,0.5405576825141907,-0.006379098631441593,0.5245800018310547,0.5513362884521484,-0.011248650960624218,0.5611691474914551,0.49671489000320435,-0.0063844118267297745,0.5349721908569336,0.4880276024341583,-0.013644964434206486,0.5199215412139893,0.4800698161125183,-0.01761464588344097,0.5085423588752747,0.4705033302307129,-0.020415060222148895,0.5643102526664734,0.5092916488647461,-0.011373285204172134,0.5329890251159668,0.5259754657745361,-0.020156972110271454,0.5363124012947083,0.5456498265266418,-0.020468728616833687,0.5447189211845398,0.5507837533950806,-0.019622929394245148,0.5680316686630249,0.5309144854545593,-0.016145311295986176,0.5397295355796814,0.5471302270889282,-0.024876929819583893,0.5443947315216064,0.560737669467926,-0.020970119163393974,0.5528046488761902,0.5606687068939209,-0.016691703349351883,0.5712518095970154,0.5563555955886841,-0.020511990413069725,0.5472611784934998,0.5678259134292603,-0.025974711403250694,0.5506279468536377,0.5766472220420837,-0.022508153691887856,0.5583222508430481,0.576744019985199,-0.01893145591020584,0.37498795986175537,0.5007782578468323,-6.75430866792226e-09,0.3935023546218872,0.4778030216693878,0.00024012653739191592,0.4192916452884674,0.46172964572906494,-0.0038321276661008596,0.4400024116039276,0.4642653167247772,-0.009172545745968819,0.45412498712539673,0.47085294127464294,-0.01446240022778511,0.4180847108364105,0.430284321308136,-0.009520233608782291,0.44522497057914734,0.4215380847454071,-0.01690572500228882,0.4600170850753784,0.41532590985298157,-0.02077633887529373,0.4720335304737091,0.4085346460342407,-0.023729367181658745,0.4125039875507355,0.44616788625717163,-0.015344694256782532,0.4431721270084381,0.4690788984298706,-0.025345349684357643,0.4353073239326477,0.48121127486228943,-0.025772210210561752,0.425484836101532,0.47888460755348206,-0.025094252079725266,0.4072231650352478,0.4696398377418518,-0.02087731473147869,0.434669554233551,0.49372270703315735,-0.028436554595828056,0.42644649744033813,0.5011429190635681,-0.023474641144275665,0.4183286428451538,0.4953575134277344,-0.019568929448723793,0.40210893750190735,0.49609312415122986,-0.02665218710899353,0.4253852367401123,0.5141491293907166,-0.029071779921650887,0.4189779758453369,0.5186113119125366,-0.023837942630052567,0.4107668697834015,0.5128655433654785,-0.020197635516524315
23,23,1,1,1,1.0,1.0,1.0,0.5056254863739014,0.3319438695907593,-0.42428871989250183,0.9999321103096008,0.5213256478309631,0.28854477405548096,-0.3975568413734436,0.9998489618301392,0.5317249894142151,0.2864346206188202,-0.3976213335990906,0.9998583197593689,0.5413182377815247,0.28502294421195984,-0.39736658334732056,0.9998371005058289,0.49880698323249817,0.2917328178882599,-0.3830723762512207,0.9998592138290405,0.49200958013534546,0.29207584261894226,-0.38295313715934753,0.9998787641525269,0.4849598705768585,0.2928633987903595,-0.3833235800266266,0.999868631362915,0.5638149380683899,0.29333412647247314,-0.16035079956054688,0.999790370464325,0.4829675555229187,0.30520907044410706,-0.08401107043027878,0.9999024868011475,0.5273144841194153,0.37476009130477905,-0.33556851744651794,0.9999716281890869,0.49708032608032227,0.37645840644836426,-0.31526458263397217,0.9999719858169556,0.6499723792076111,0.49280232191085815,-0.056012000888586044,0.9998703598976135,0.4317459464073181,0.49492496252059937,0.03612050786614418,0.999894380569458,0.7300810813903809,0.7512597441673279,-0.4026866555213928,0.9665119647979736,0.3058844804763794,0.6772627234458923,-0.33759376406669617,0.9819880723953247,0.5928442478179932,0.5672821998596191,-0.8769190311431885,0.8505865931510925,0.381303608417511,0.5403129458427429,-0.8765830993652344,0.8728779554367065,0.5595327615737915,0.532402515411377,-0.9664368629455566,0.824211061000824,0.41144219040870667,0.5122311115264893,-0.9747166037559509,0.8356155157089233,0.5522972345352173,0.502074658870697,-0.9254940748214722,0.8411749005317688,0.425751268863678,0.4856238067150116,-0.9252644181251526,0.8499161005020142,0.5587761998176575,0.5099449753761292,-0.8686283826828003,0.8414729237556458,0.4237726032733917,0.4979200065135956,-0.8733047246932983,0.8579427599906921,0.6164555549621582,1.0201091766357422,-0.027442481368780136,0.49786177277565,0.4665049612522125,1.0162218809127808,0.028791295364499092,0.5526522397994995,0.6255269646644592,1.4769784212112427,0.036697063595056534,0.004450265318155289,0.4623050391674042,1.477238655090332,0.1433618813753128,0.003735191421583295,0.626983642578125,1.863800048828125,0.33533862233161926,0.0007458816398866475,0.47126737236976624,1.8796688318252563,0.38729068636894226,0.0004000033368356526,0.633240818977356,1.9087692499160767,0.34666505455970764,0.0008613681420683861,0.47000232338905334,1.929854154586792,0.40443670749664307,0.0008702294435352087,0.5997780561447144,2.0016591548919678,0.020086199045181274,0.00031327392207458615,0.4924505352973938,2.010782241821289,0.06423941254615784,0.0011401389492675662,0.6032553911209106,0.559407114982605,-6.164850674394984e-08,0.5854526162147522,0.5332326889038086,0.001133027602918446,0.5610049366950989,0.5203324556350708,-0.002094339346513152,0.5397855043411255,0.5285106301307678,-0.006302091758698225,0.5254408121109009,0.5412080883979797,-0.011053856462240219,0.5624460577964783,0.48692426085472107,-0.005331163760274649,0.5367893576622009,0.4769975244998932,-0.012347828596830368,0.5212627649307251,0.46888765692710876,-0.016327133402228355,0.5094613432884216,0.4597303867340088,-0.01932230219244957,0.5653992891311646,0.49970701336860657,-0.010233926586806774,0.5342336893081665,0.5172891616821289,-0.0191957950592041,0.5373561382293701,0.5364372730255127,-0.019920462742447853,0.545508861541748,0.5409464240074158,-0.01945479027926922,0.5688503980636597,0.5218519568443298,-0.015010766685009003,0.5408177375793457,0.5395542979240417,-0.023986397311091423,0.545978844165802,0.55255126953125,-0.020412497222423553,0.55448979139328,0.5513694882392883,-0.01645735651254654,0.5717517733573914,0.5480307340621948,-0.01947941444814205,0.5477517247200012,0.5606250166893005,-0.025340832769870758,0.5516887903213501,0.5690460801124573,-0.022282375022768974,0.5597138404846191,0.5681228637695312,-0.01905016414821148,0.3624400496482849,0.5310575366020203,-8.689704067421644e-09,0.3812194764614105,0.5031378269195557,-0.0020672730170190334,0.41155651211738586,0.49113938212394714,-0.007197835482656956,0.4342966079711914,0.5050524473190308,-0.01300523430109024,0.4460628628730774,0.5261811017990112,-0.018693678081035614,0.40710294246673584,0.46937277913093567,-0.013530785217881203,0.4368850588798523,0.4629375636577606,-0.02050173468887806,0.4517006576061249,0.46177399158477783,-0.02403191663324833,0.46324706077575684,0.459890216588974,-0.027112316340208054,0.40099814534187317,0.49176275730133057,-0.018754633143544197,0.43179023265838623,0.512015700340271,-0.02935558184981346,0.4237244427204132,0.519061267375946,-0.030367393046617508,0.41293299198150635,0.51469486951828,-0.03022737056016922,0.39533740282058716,0.5195747017860413,-0.02360663004219532,0.4232911169528961,0.5414244532585144,-0.030929800122976303,0.41457775235176086,0.5434665679931641,-0.02670895680785179,0.4048910439014435,0.5341731309890747,-0.023675329983234406,0.39010515809059143,0.5486655831336975,-0.02889847569167614,0.41370919346809387,0.5667742490768433,-0.031093541532754898,0.40600404143333435,0.5666781663894653,-0.02636338211596012,0.3961995244026184,0.5574178695678711,-0.02350224368274212
24,24,1,1,1,1.0,1.0,1.0,0.5054883360862732,0.3329208493232727,-0.44399362802505493,0.999938428401947,0.5211576223373413,0.28927716612815857,-0.4183241128921509,0.9998630285263062,0.5316757559776306,0.287361204624176,-0.41835853457450867,0.9998717308044434,0.5412877798080444,0.2861061096191406,-0.41811519861221313,0.9998522400856018,0.4987078905105591,0.29214009642601013,-0.40589413046836853,0.9998722672462463,0.4917549192905426,0.2924041748046875,-0.40573352575302124,0.9998902082443237,0.48478996753692627,0.29312896728515625,-0.40614962577819824,0.999880850315094,0.5636186599731445,0.2937985360622406,-0.1770848035812378,0.999810516834259,0.4828189015388489,0.3055245876312256,-0.11149157583713531,0.999911904335022,0.5271485447883606,0.3748922348022461,-0.35219424962997437,0.9999741315841675,0.4968640208244324,0.37656331062316895,-0.3349964916706085,0.9999744892120361,0.6495784521102905,0.49293848872184753,-0.050105296075344086,0.9998809099197388,0.43072590231895447,0.49405044317245483,0.01324419304728508,0.9999037981033325,0.7274361252784729,0.7529003620147705,-0.39426857233047485,0.9697519540786743,0.302060067653656,0.6786174774169922,-0.34790295362472534,0.9837275147438049,0.5952625870704651,0.5653452277183533,-0.9115146994590759,0.8655099868774414,0.3729304075241089,0.5645759105682373,-0.9166828393936157,0.8855626583099365,0.5639364719390869,0.5292956829071045,-1.0069154500961304,0.8417107462882996,0.40529945492744446,0.5396518111228943,-1.0161412954330444,0.8519187569618225,0.5562111139297485,0.49767306447029114,-0.96599942445755,0.8569730520248413,0.4211544990539551,0.5170961022377014,-0.9717643857002258,0.8647646307945251,0.5620030164718628,0.5058126449584961,-0.9042591452598572,0.8572070002555847,0.41815388202667236,0.527513325214386,-0.912453293800354,0.8719920516014099,0.6157960295677185,1.0235027074813843,-0.02240212820470333,0.510453999042511,0.46603453159332275,1.0159378051757812,0.023787643760442734,0.571266770362854,0.6238769292831421,1.4798569679260254,0.05020216852426529,0.004200026858597994,0.46201443672180176,1.4748376607894897,0.11382866650819778,0.003513235365971923,0.6237175464630127,1.8660902976989746,0.3460860848426819,0.0007184793357737362,0.4668733775615692,1.8777709007263184,0.36119309067726135,0.00038069605943746865,0.6304880976676941,1.9109457731246948,0.35794898867607117,0.0008437047945335507,0.4634838104248047,1.9283772706985474,0.3777678310871124,0.0008238792070187628,0.5919477939605713,2.00406551361084,0.02674206905066967,0.0003057783469557762,0.48793649673461914,2.0083487033843994,0.027320493012666702,0.0010872194543480873,0.607042670249939,0.5593205094337463,-6.91480153136581e-08,0.5898123979568481,0.5309018492698669,0.0016238491516560316,0.5651935935020447,0.5164831876754761,-0.0016244184225797653,0.5435987114906311,0.5226181745529175,-0.005930997896939516,0.5286960005760193,0.5334720611572266,-0.010857781395316124,0.5680774450302124,0.4831269383430481,-0.005724980030208826,0.5415785908699036,0.4710603654384613,-0.012415191158652306,0.5260412693023682,0.46202558279037476,-0.01600281335413456,0.514434278011322,0.4524795114994049,-0.018718935549259186,0.5705403685569763,0.4973710775375366,-0.011088759638369083,0.5371860861778259,0.5094872117042542,-0.020035892724990845,0.5388076901435852,0.5295472741127014,-0.020724812522530556,0.5463911890983582,0.5365188717842102,-0.020099502056837082,0.5733903646469116,0.5204331874847412,-0.016142919659614563,0.5437566637992859,0.5328397154808044,-0.024743996560573578,0.5482860803604126,0.5448939800262451,-0.02097061648964882,0.5571174621582031,0.5446012616157532,-0.016929596662521362,0.5755739212036133,0.546890377998352,-0.02086029388010502,0.5510302186012268,0.5547739863395691,-0.026539383456110954,0.5546900629997253,0.5620094537734985,-0.023309752345085144,0.5631149411201477,0.5613731741905212,-0.019956596195697784,0.34940868616104126,0.5603739023208618,-1.2473679866786824e-08,0.37301912903785706,0.5415039658546448,-0.003165467642247677,0.4063364565372467,0.5422741174697876,-0.009487031027674675,0.4286045432090759,0.5657994151115417,-0.01624366082251072,0.43867287039756775,0.5911939144134521,-0.023027006536722183,0.4032125771045685,0.5231121182441711,-0.01787683553993702,0.43213626742362976,0.5287328958511353,-0.02664915844798088,0.44514867663383484,0.5369123220443726,-0.0311924759298563,0.4558291733264923,0.5443049073219299,-0.03478517010807991,0.3942358195781708,0.543452799320221,-0.023111730813980103,0.42523667216300964,0.5850731730461121,-0.03497796505689621,0.4159584045410156,0.5910319089889526,-0.03607819229364395,0.4054151177406311,0.5832916498184204,-0.0358726792037487,0.38485080003738403,0.5687888860702515,-0.02796168252825737,0.41260823607444763,0.6102204322814941,-0.036528535187244415,0.4028471112251282,0.6103057861328125,-0.03244439885020256,0.39362508058547974,0.5988786220550537,-0.029095595702528954,0.3760596513748169,0.5958608984947205,-0.03328051045536995,0.3989373743534088,0.6284123063087463,-0.036216434091329575,0.3917698264122009,0.6269552707672119,-0.03151373565196991,0.3830154836177826,0.6158835291862488,-0.02847428061068058
25,25,1,1,1,1.0,1.0,1.0,0.5054543614387512,0.3326350450515747,-0.41996246576309204,0.9999440908432007,0.5211402177810669,0.2891535460948944,-0.39310646057128906,0.9998757243156433,0.5316764116287231,0.28726813197135925,-0.3931674063205719,0.999883770942688,0.5412623286247253,0.2860429584980011,-0.39296188950538635,0.9998659491539001,0.49835097789764404,0.29199931025505066,-0.38387390971183777,0.9998841285705566,0.491493821144104,0.2922725975513458,-0.383746474981308,0.9999004602432251,0.48469531536102295,0.2929651737213135,-0.38422447443008423,0.9998919367790222,0.5633240938186646,0.29375484585762024,-0.1486615240573883,0.9998286366462708,0.4827128052711487,0.3054620325565338,-0.09928954392671585,0.9999203681945801,0.5271216630935669,0.37442073225975037,-0.3256109654903412,0.999976396560669,0.49665403366088867,0.3761584162712097,-0.3133326768875122,0.9999767541885376,0.649398684501648,0.4930175840854645,-0.009101783856749535,0.9998897314071655,0.43018123507499695,0.49170246720314026,0.02128465846180916,0.9999120235443115,0.7246701717376709,0.7533894181251526,-0.3679094910621643,0.9726555347442627,0.29948890209198,0.6764205694198608,-0.33637702465057373,0.9852921962738037,0.5967341661453247,0.5666112899780273,-0.8923185467720032,0.8789294362068176,0.3681648373603821,0.5663730502128601,-0.8923835754394531,0.8969286680221558,0.5667470097541809,0.5289377570152283,-0.9874076843261719,0.8574004173278809,0.4018345773220062,0.5904735326766968,-0.9887815713882446,0.8663617372512817,0.5595942735671997,0.4962400197982788,-0.947473406791687,0.8711283206939697,0.41894176602363586,0.5554192066192627,-0.9510331749916077,0.8778676986694336,0.5647749304771423,0.5040654540061951,-0.885563313961029,0.8712673783302307,0.4150981605052948,0.5450872778892517,-0.88958740234375,0.8843775391578674,0.6151980757713318,1.0256341695785522,-0.01869337074458599,0.5351489186286926,0.46662378311157227,1.0186959505081177,0.020112402737140656,0.5988547801971436,0.6207391619682312,1.4820809364318848,0.05419846624135971,0.0042396788485348225,0.4609222114086151,1.4739118814468384,0.0986367017030716,0.0035342539194971323,0.6185002326965332,1.866918683052063,0.35095298290252686,0.0007011587731540203,0.4626238942146301,1.877686619758606,0.348356157541275,0.000387833482818678,0.6246488094329834,1.9113240242004395,0.36306560039520264,0.0008334441808983684,0.4586256146430969,1.928717017173767,0.364387184381485,0.0008258394082076848,0.5860671997070312,2.0060160160064697,0.030391041189432144,0.00031050608959048986,0.483285129070282,2.0084023475646973,0.014495174400508404,0.0010882584610953927,0.6096806526184082,0.5592556595802307,-7.317853345512049e-08,0.5929156541824341,0.5297483801841736,0.0011832587188109756,0.5685580968856812,0.5137541890144348,-0.0023719591554254293,0.546565592288971,0.5202469825744629,-0.006852617021650076,0.5314884781837463,0.5317457914352417,-0.011948292143642902,0.5715516805648804,0.4801120162010193,-0.006152143701910973,0.5452340245246887,0.4690043330192566,-0.012932398356497288,0.5302967429161072,0.46008235216140747,-0.016548026353120804,0.519012987613678,0.4498322606086731,-0.019351232796907425,0.5739736557006836,0.49526429176330566,-0.01135674212127924,0.5403927564620972,0.507153332233429,-0.020540481433272362,0.5433357357978821,0.5271837115287781,-0.02118554711341858,0.5516024231910706,0.5335774421691895,-0.020473474636673927,0.5766201615333557,0.518745481967926,-0.016283325850963593,0.5472614169120789,0.53266841173172,-0.025036577135324478,0.5528550148010254,0.5446224808692932,-0.02122495137155056,0.5618523359298706,0.5434578657150269,-0.0171818807721138,0.5784905552864075,0.5452444553375244,-0.02091565541923046,0.5540814995765686,0.5544136762619019,-0.026524871587753296,0.5584163665771484,0.5618559122085571,-0.023220103234052658,0.5667048692703247,0.5608393549919128,-0.01990417204797268,0.34338635206222534,0.5950598120689392,-2.728921977279697e-09,0.3701387643814087,0.5796867609024048,-0.0002162604796467349,0.4009682536125183,0.5915141701698303,-0.004373159725219011,0.42207464575767517,0.6180189847946167,-0.009296426549553871,0.4355897903442383,0.6421874761581421,-0.013815861195325851,0.40281936526298523,0.5738962888717651,-0.011455562897026539,0.4290471374988556,0.5942696332931519,-0.01905069872736931,0.4439427852630615,0.6105486154556274,-0.023353680968284607,0.45607954263687134,0.623344361782074,-0.02625483088195324,0.39473965764045715,0.5952689051628113,-0.017120828852057457,0.42033708095550537,0.6451160907745361,-0.026731599122285843,0.4105977714061737,0.6463121771812439,-0.027244990691542625,0.4007890522480011,0.6329382658004761,-0.026219826191663742,0.3846287131309509,0.6202831864356995,-0.02237933687865734,0.40855303406715393,0.6646373271942139,-0.029191376641392708,0.39983662962913513,0.6631845831871033,-0.023866919800639153,0.39173921942710876,0.6522294282913208,-0.01914888247847557,0.3734546899795532,0.6448417901992798,-0.027874475345015526,0.3959749937057495,0.6815246939659119,-0.02884407341480255,0.3901101350784302,0.6786041855812073,-0.02239055559039116,0.38150554895401,0.6672885417938232,-0.017617013305425644
26,26,1,1,1,1.0,1.0,1.0,0.5060641169548035,0.33231881260871887,-0.4427470862865448,0.999949038028717,0.5216668248176575,0.28889182209968567,-0.4137427508831024,0.9998869895935059,0.5321126580238342,0.28699952363967896,-0.4137912690639496,0.999894380569458,0.5416005849838257,0.2857876121997833,-0.4135846495628357,0.9998779296875,0.4981430470943451,0.29182568192481995,-0.406051903963089,0.9998946785926819,0.4913844168186188,0.2921279966831207,-0.4059417247772217,0.9999096393585205,0.4848589301109314,0.2929016351699829,-0.4064163267612457,0.9999018311500549,0.563080906867981,0.29369956254959106,-0.1620814949274063,0.9998446106910706,0.48263630270957947,0.3051029443740845,-0.12015656381845474,0.9999279975891113,0.5275334119796753,0.37314289808273315,-0.3463701605796814,0.9999783635139465,0.4966477155685425,0.3746887147426605,-0.33610090613365173,0.99997878074646,0.6484462022781372,0.4932372570037842,-0.0028508862014859915,0.9998970627784729,0.42955920100212097,0.4911032021045685,0.006359055172652006,0.9999192953109741,0.7230278253555298,0.7534730434417725,-0.3290112316608429,0.9752353429794312,0.2916797995567322,0.6818084120750427,-0.3357170820236206,0.9867004156112671,0.598884642124176,0.5691106915473938,-0.8667683005332947,0.8910024166107178,0.36677050590515137,0.592613160610199,-0.8689576983451843,0.9071422219276428,0.5702435970306396,0.5322860479354858,-0.9590351581573486,0.8715042471885681,0.40166884660720825,0.6433689594268799,-0.9515765905380249,0.8792704939842224,0.5626577734947205,0.4984477758407593,-0.9361221194267273,0.8838465809822083,0.41851022839546204,0.6100389957427979,-0.9087002277374268,0.8895565271377563,0.5676179528236389,0.5060177445411682,-0.862294614315033,0.8838895559310913,0.4145439565181732,0.5933577418327332,-0.8591404557228088,0.8954265117645264,0.6135123372077942,1.0250946283340454,-0.010229820385575294,0.5545104742050171,0.4664131700992584,1.0183935165405273,0.011688543483614922,0.6212734580039978,0.6158233284950256,1.4844577312469482,0.06055501475930214,0.004189516417682171,0.4566652178764343,1.4760856628417969,0.057526085525751114,0.0034418506547808647,0.6116365194320679,1.8702527284622192,0.3590756356716156,0.0006871724035590887,0.45692193508148193,1.8781596422195435,0.29337915778160095,0.00038512522587552667,0.617502748966217,1.914933681488037,0.3705480694770813,0.0008144035818986595,0.45273643732070923,1.928192138671875,0.3079077899456024,0.0008062924607656896,0.5796365141868591,2.0094237327575684,0.049276284873485565,0.0003128426324110478,0.47864529490470886,2.0103495121002197,-0.04254349321126938,0.0010774191468954086,0.6121777296066284,0.5630401968955994,-6.253789308630076e-08,0.5949395895004272,0.534525454044342,0.0011082800338044763,0.570386528968811,0.518936276435852,-0.002692172070965171,0.5484511256217957,0.5259473323822021,-0.007504295092076063,0.5329498648643494,0.5356742143630981,-0.012953214347362518,0.5733077526092529,0.48304393887519836,-0.006560247857123613,0.5476524829864502,0.4705492854118347,-0.014142706990242004,0.5330153703689575,0.45956870913505554,-0.01826479285955429,0.5218978524208069,0.44771456718444824,-0.021256478503346443,0.5759373307228088,0.49767643213272095,-0.011903326958417892,0.5433037877082825,0.5090733170509338,-0.021373238414525986,0.5460418462753296,0.529590368270874,-0.021973678842186928,0.5544068217277527,0.5358981490135193,-0.021182524040341377,0.5788422226905823,0.521191418170929,-0.017040861770510674,0.5498988628387451,0.5351000428199768,-0.026255175471305847,0.554410994052887,0.5484431982040405,-0.02240840159356594,0.5629815459251404,0.5477035045623779,-0.018209001049399376,0.5810483694076538,0.5479807257652283,-0.02186918444931507,0.5564510822296143,0.5564700365066528,-0.02770368754863739,0.5601000785827637,0.5649405121803284,-0.024103209376335144,0.568465530872345,0.5645357370376587,-0.0204494446516037,0.3533729314804077,0.6224035024642944,-3.3662643783571866e-09,0.3787182867527008,0.6063096523284912,-0.0012686146656051278,0.40694817900657654,0.6239442825317383,-0.004971175920218229,0.4264148473739624,0.6524609327316284,-0.008805503137409687,0.4402480125427246,0.6740944981575012,-0.012145807966589928,0.412435382604599,0.608966588973999,-0.011004317551851273,0.43713217973709106,0.63325434923172,-0.018692998215556145,0.45253854990005493,0.6520206928253174,-0.022557908669114113,0.46475768089294434,0.6684246063232422,-0.024859577417373657,0.40394720435142517,0.6346586346626282,-0.015036351047456264,0.42753538489341736,0.6775525808334351,-0.024911697953939438,0.41778483986854553,0.6735714077949524,-0.024837573990225792,0.4077332019805908,0.6595781445503235,-0.02257389761507511,0.3932182192802429,0.6614614129066467,-0.01866747811436653,0.4165656566619873,0.6988480091094971,-0.02539832890033722,0.407072514295578,0.6913191676139832,-0.01821443811058998,0.3975910246372223,0.6790875196456909,-0.011543757282197475,0.38195493817329407,0.6835282444953918,-0.022583041340112686,0.4037838578224182,0.7144985198974609,-0.024270467460155487,0.3975984752178192,0.7074396014213562,-0.017239630222320557,0.38931262493133545,0.6964667439460754,-0.011379646137356758
27,27,1,1,1,1.0,1.0,1.0,0.5076317191123962,0.33205753564834595,-0.4833631217479706,0.9999535083770752,0.5229870080947876,0.28868159651756287,-0.44754308462142944,0.9998971819877625,0.5331459641456604,0.28687140345573425,-0.44752323627471924,0.9999039173126221,0.542473316192627,0.28568607568740845,-0.4472815990447998,0.9998887777328491,0.498477041721344,0.29160788655281067,-0.444255530834198,0.9999043345451355,0.4915708005428314,0.29192614555358887,-0.4441608786582947,0.9999179840087891,0.48536041378974915,0.2927348017692566,-0.4447060525417328,0.999910831451416,0.5629011988639832,0.2936483919620514,-0.17028117179870605,0.9998590350151062,0.4826159179210663,0.305051326751709,-0.15183120965957642,0.9999349117279053,0.5284543037414551,0.372841477394104,-0.3761986494064331,0.9999801516532898,0.4972269833087921,0.37445563077926636,-0.3732692003250122,0.999980628490448,0.6480549573898315,0.4931739568710327,-0.021287312731146812,0.9999036192893982,0.42909079790115356,0.4915992319583893,-0.017502043396234512,0.9999259114265442,0.7230511903762817,0.7526770234107971,-0.3314589262008667,0.9775683879852295,0.2842111885547638,0.6854615807533264,-0.3476361334323883,0.9879905581474304,0.599726140499115,0.5675287842750549,-0.8564637899398804,0.9018501043319702,0.3672201335430145,0.6098753213882446,-0.8562451004981995,0.9162921905517578,0.5720255374908447,0.5313217639923096,-0.9491783976554871,0.8840806484222412,0.40370669960975647,0.6619542837142944,-0.9316694736480713,0.8905853629112244,0.5645644068717957,0.49810791015625,-0.9118174314498901,0.8951601982116699,0.4227287769317627,0.6319558024406433,-0.8846608400344849,0.8997028470039368,0.5691960453987122,0.5061128735542297,-0.8543633222579956,0.8950533270835876,0.417874276638031,0.6176785230636597,-0.8426507115364075,0.9050158262252808,0.6134373545646667,1.025092601776123,-0.008209418505430222,0.5706775188446045,0.46685346961021423,1.0190681219100952,0.009671526029706001,0.6412880420684814,0.6146494746208191,1.486009955406189,0.06506163626909256,0.004180129151791334,0.454800546169281,1.4783855676651,0.055686406791210175,0.003423010464757681,0.6088711023330688,1.8723955154418945,0.38372036814689636,0.0006731024477630854,0.4538307189941406,1.8800779581069946,0.29831260442733765,0.0003929848608095199,0.614246129989624,1.9169811010360718,0.3970041871070862,0.0007901258068159223,0.44955533742904663,1.9296537637710571,0.31363967061042786,0.0008083329303190112,0.578156054019928,2.011923313140869,0.07383470237255096,0.00031686376314610243,0.4764865040779114,2.013252019882202,-0.041143693029880524,0.001093314029276371,0.6130182147026062,0.5676381587982178,-5.5143122068557204e-08,0.5955447554588318,0.5377917885780334,0.0013442558702081442,0.5705271363258362,0.5216975808143616,-0.002431998960673809,0.5484254360198975,0.5300142168998718,-0.007167479954659939,0.5334263443946838,0.5410542488098145,-0.012559918686747551,0.5741749405860901,0.4884182810783386,-0.006953815929591656,0.5481019616127014,0.47571611404418945,-0.014739388599991798,0.5334835052490234,0.46500903367996216,-0.018891803920269012,0.5223537683486938,0.45278769731521606,-0.02190425805747509,0.5771417617797852,0.5033523440361023,-0.012562690302729607,0.5437769889831543,0.5123173594474792,-0.022503774613142014,0.5463669300079346,0.5325314998626709,-0.02344301901757717,0.5546997785568237,0.5389387011528015,-0.022753821685910225,0.5800604224205017,0.5269349217414856,-0.017868198454380035,0.5508369207382202,0.5402111411094666,-0.027204401791095734,0.5554803609848022,0.552927553653717,-0.02347521297633648,0.5640110969543457,0.5515169501304626,-0.01927240565419197,0.5821346044540405,0.5535850524902344,-0.022827517241239548,0.5575120449066162,0.5618552565574646,-0.028510134667158127,0.5612121224403381,0.5701345801353455,-0.02486465312540531,0.5694484114646912,0.5693439841270447,-0.021229751408100128,0.36613208055496216,0.6274153590202332,7.711954452815917e-08,0.39212024211883545,0.6104356050491333,0.00019393526599742472,0.4194450080394745,0.6216456890106201,-0.002312969882041216,0.43670693039894104,0.6474003791809082,-0.005499634891748428,0.4474138021469116,0.6712627410888672,-0.00826763454824686,0.4251691997051239,0.6157203912734985,-0.005429306533187628,0.44931989908218384,0.6406943202018738,-0.01020733267068863,0.46408021450042725,0.6580880880355835,-0.012562654912471771,0.47589606046676636,0.6724781394004822,-0.014094939455389977,0.4176867604255676,0.6412772536277771,-0.009697136469185352,0.44089964032173157,0.6790429949760437,-0.017487570643424988,0.433213472366333,0.6746028065681458,-0.017547015100717545,0.4230780303478241,0.6616553068161011,-0.015329673886299133,0.40780574083328247,0.6671472191810608,-0.013606715947389603,0.42822447419166565,0.6980981230735779,-0.018087200820446014,0.4206033945083618,0.6916391849517822,-0.012432629242539406,0.4123360812664032,0.6811949610710144,-0.007175270933657885,0.39703744649887085,0.6897212862968445,-0.01775399222970009,0.4150937497615814,0.7135500311851501,-0.017649400979280472,0.40929242968559265,0.7067817449569702,-0.011412417516112328,0.40183764696121216,0.6973844766616821,-0.006386063061654568
28,28,1,1,1,1.0,1.0,1.0,0.5097628831863403,0.3318040072917938,-0.5395788550376892,0.9999576807022095,0.5245389938354492,0.2886854112148285,-0.4983724355697632,0.9999066591262817,0.5343453288078308,0.2870190441608429,-0.49840688705444336,0.9999127388000488,0.5436093807220459,0.28582823276519775,-0.49817705154418945,0.9998988509178162,0.4990229606628418,0.29148876667022705,-0.49864399433135986,0.9999132752418518,0.4917776882648468,0.2918369770050049,-0.4985406994819641,0.9999256730079651,0.48574548959732056,0.2926273047924042,-0.4990517199039459,0.9999192357063293,0.562799334526062,0.29367366433143616,-0.19630010426044464,0.9998722076416016,0.48258641362190247,0.3051099479198456,-0.20004723966121674,0.9999412298202515,0.5298271775245667,0.3726688623428345,-0.4268637001514435,0.9999818205833435,0.4982113838195801,0.3742317855358124,-0.42826274037361145,0.9999822974205017,0.6468426585197449,0.49275264143943787,-0.025127070024609566,0.999909520149231,0.4288350045681,0.49196478724479675,-0.04886366426944733,0.9999313950538635,0.7230273485183716,0.752332329750061,-0.3188962936401367,0.9796739220619202,0.2797344923019409,0.6869384050369263,-0.3464123606681824,0.9891610741615295,0.6009050011634827,0.5712822079658508,-0.838996946811676,0.9115975499153137,0.3689570128917694,0.6100130081176758,-0.7974293828010559,0.9244639873504639,0.5733129978179932,0.5383005142211914,-0.9196721315383911,0.8952643871307373,0.40755516290664673,0.6524500250816345,-0.865567684173584,0.9003161787986755,0.5656181573867798,0.5041651129722595,-0.8682283759117126,0.9051882028579712,0.42814940214157104,0.6239714622497559,-0.8159247636795044,0.9082739949226379,0.5702444911003113,0.5118749737739563,-0.8283483982086182,0.9048629403114319,0.4215516746044159,0.6137393116950989,-0.7822349667549133,0.9130824208259583,0.6132816076278687,1.0203120708465576,-0.006784891244024038,0.5805605053901672,0.470143586397171,1.0172429084777832,0.008217954076826572,0.6556710004806519,0.6156089305877686,1.4837003946304321,0.05674029514193535,0.004249654244631529,0.45577502250671387,1.4761993885040283,0.049234166741371155,0.0035244193859398365,0.6092492341995239,1.8700032234191895,0.38355639576911926,0.0006637856131419539,0.45545274019241333,1.8779995441436768,0.2945544719696045,0.0004271742654964328,0.6144448518753052,1.9139796495437622,0.3965945839881897,0.0007687643519602716,0.4511100649833679,1.9265621900558472,0.30980223417282104,0.0008656554855406284,0.5810015201568604,2.009220838546753,0.07139027118682861,0.00032892500166781247,0.48037970066070557,2.0118448734283447,-0.0504068061709404,0.0011895820498466492,0.6112588047981262,0.57277512550354,-5.8096336630342194e-08,0.592832088470459,0.5440501570701599,0.0015606331871822476,0.5680395364761353,0.5280479192733765,-0.001988935051485896,0.5465005040168762,0.5361371040344238,-0.006598916836082935,0.5331913828849792,0.5488901138305664,-0.011809639632701874,0.5724296569824219,0.49299925565719604,-0.005719655659049749,0.5461509227752686,0.4813936948776245,-0.012865101918578148,0.5314429998397827,0.47176989912986755,-0.01671789214015007,0.5202900171279907,0.4606640338897705,-0.019724061712622643,0.5756334662437439,0.507598876953125,-0.011471305973827839,0.5428415536880493,0.5203136801719666,-0.02112504281103611,0.5461190342903137,0.540341854095459,-0.02211225964128971,0.5548134446144104,0.5456366539001465,-0.0216298159211874,0.5785908699035645,0.5311581492424011,-0.016971755772829056,0.549719512462616,0.5468161702156067,-0.02622208185493946,0.555243730545044,0.5592275857925415,-0.022685348987579346,0.5642127990722656,0.5569595098495483,-0.018756704404950142,0.5806965827941895,0.5580457448959351,-0.022149574011564255,0.556541383266449,0.5692072510719299,-0.028163740411400795,0.560860276222229,0.5775094032287598,-0.024972783401608467,0.5693318247795105,0.5758978724479675,-0.02172801084816456,0.37820613384246826,0.6088853478431702,6.891627180038995e-08,0.40295925736427307,0.5901867747306824,0.002836573403328657,0.43034565448760986,0.5987398624420166,0.001762588624842465,0.4476022720336914,0.6188403964042664,-0.000531418714672327,0.4558676481246948,0.6425540447235107,-0.0025670696049928665,0.4424580931663513,0.5950467586517334,-0.0008220719173550606,0.463624507188797,0.6170473694801331,-0.004335558973252773,0.4770125448703766,0.6321011781692505,-0.0064581637270748615,0.4878811538219452,0.643494725227356,-0.008024520240724087,0.4365905225276947,0.6165465116500854,-0.005701967515051365,0.45465323328971863,0.6546578407287598,-0.011199652217328548,0.4455432891845703,0.6542530059814453,-0.011085297912359238,0.43675872683525085,0.6427749991416931,-0.009464194066822529,0.427272766828537,0.6405567526817322,-0.010231809690594673,0.44105851650238037,0.6753472089767456,-0.013226897455751896,0.433162122964859,0.671979546546936,-0.008683078922331333,0.42630425095558167,0.6609052419662476,-0.004776537884026766,0.4166349470615387,0.6622548699378967,-0.014798126183450222,0.42907488346099854,0.6916189789772034,-0.013551825657486916,0.4222647249698639,0.6864539384841919,-0.008081321604549885,0.4159437119960785,0.6748285293579102,-0.0039491550996899605
29,29,1,1,1,1.0,1.0,1.0,0.5112922191619873,0.33164477348327637,-0.5586243271827698,0.9999614357948303,0.5261753797531128,0.28879156708717346,-0.5176164507865906,0.9999151825904846,0.5358855724334717,0.2872810959815979,-0.51766437292099,0.9999207258224487,0.5453567504882812,0.28618067502975464,-0.5174470543861389,0.9999079704284668,0.4995591342449188,0.2914489507675171,-0.5159851908683777,0.9999212622642517,0.49196553230285645,0.29183778166770935,-0.515849769115448,0.9999325275421143,0.4860749840736389,0.29268649220466614,-0.5163028240203857,0.999926745891571,0.5631221532821655,0.29419180750846863,-0.2190835326910019,0.9998841881752014,0.482558012008667,0.3055940866470337,-0.21028991043567657,0.9999468922615051,0.5312007069587708,0.3724331259727478,-0.44846111536026,0.9999833106994629,0.4987345039844513,0.37464186549186707,-0.4464152753353119,0.9999837875366211,0.6465309858322144,0.4928469955921173,-0.027717119082808495,0.999915599822998,0.42877405881881714,0.49629440903663635,-0.06347786635160446,0.9999362826347351,0.7230907082557678,0.7520973682403564,-0.3260475695133209,0.9815910458564758,0.2791256904602051,0.6884564161300659,-0.37946900725364685,0.9902198314666748,0.6012272238731384,0.5801028609275818,-0.8378193974494934,0.9203795790672302,0.37918880581855774,0.5911832451820374,-0.8126269578933716,0.9318730235099792,0.5741568207740784,0.5493878126144409,-0.9173306226730347,0.9053822159767151,0.41900235414505005,0.612877368927002,-0.8888304829597473,0.9093002080917358,0.5664086937904358,0.5167491436004639,-0.8655596971511841,0.9142703413963318,0.43982404470443726,0.5886226296424866,-0.8373231887817383,0.9162133932113647,0.5709805488586426,0.523918867111206,-0.8252187371253967,0.9137981534004211,0.43301254510879517,0.5851160883903503,-0.800620436668396,0.9206166863441467,0.613202691078186,1.0201387405395508,-0.007529952097684145,0.5889131426811218,0.4698541462421417,1.0172810554504395,0.008962543681263924,0.6658623814582825,0.615582287311554,1.4831852912902832,0.05373098701238632,0.004210507497191429,0.4556470513343811,1.4769412279129028,0.05357253924012184,0.003521230537444353,0.6095348000526428,1.8695625066757202,0.38278907537460327,0.0006581470952369273,0.4556148052215576,1.878041386604309,0.29694661498069763,0.0004404472711030394,0.6146782636642456,1.9137989282608032,0.39600345492362976,0.0007515068864449859,0.45140916109085083,1.926711916923523,0.3122861981391907,0.000887518166564405,0.5811297297477722,2.0076396465301514,0.06526890397071838,0.0003324111457914114,0.48082515597343445,2.0108842849731445,-0.032048266381025314,0.0012236018665134907,0.6091790199279785,0.5766401886940002,-5.991444140818203e-08,0.591629683971405,0.5477863550186157,0.0017023170366883278,0.5670744180679321,0.5324843525886536,-0.0018621740164235234,0.5451487302780151,0.5415775179862976,-0.006508185062557459,0.5307917594909668,0.5536930561065674,-0.011728629469871521,0.5703781247138977,0.49779292941093445,-0.0052679115906357765,0.5441028475761414,0.48637571930885315,-0.012289809063076973,0.5291780829429626,0.4773017466068268,-0.016040444374084473,0.5178327560424805,0.4669693410396576,-0.01898890547454357,0.5732680559158325,0.5128413438796997,-0.011054083704948425,0.5403271317481995,0.5257691144943237,-0.020650027319788933,0.5438299179077148,0.5451221466064453,-0.02167648822069168,0.5525863766670227,0.5500763058662415,-0.02120986208319664,0.5759602189064026,0.5364956259727478,-0.01659511588513851,0.5471084117889404,0.5526988506317139,-0.025706833228468895,0.5531007647514343,0.5638719201087952,-0.02211661823093891,0.5620027184486389,0.5606460571289062,-0.018233105540275574,0.5777930617332458,0.5632831454277039,-0.021798064932227135,0.5541037321090698,0.5751899480819702,-0.027704503387212753,0.5592691898345947,0.5824443101882935,-0.024452783167362213,0.567786693572998,0.5796276330947876,-0.021186912432312965,0.3878892660140991,0.5829064846038818,5.439176931076872e-08,0.41229739785194397,0.5604842305183411,0.004280061461031437,0.43952199816703796,0.5644512176513672,0.00407581590116024,0.45432329177856445,0.5827271938323975,0.0019165512640029192,0.4577657878398895,0.606072723865509,-1.4587830264645163e-05,0.4539851248264313,0.5575683116912842,0.0037036428693681955,0.47592175006866455,0.573573648929596,0.0021262483205646276,0.4883294105529785,0.5847397446632385,0.0008948956965468824,0.49819326400756836,0.5943114757537842,-0.00043822010047733784,0.45035320520401,0.5780787467956543,-0.0019027692032977939,0.4657103717327118,0.6146711111068726,-0.006354156415909529,0.45601558685302734,0.6121823191642761,-0.006910382770001888,0.44761785864830017,0.6000627875328064,-0.005914140492677689,0.44324445724487305,0.6023527979850769,-0.00722808763384819,0.4549345374107361,0.6342856287956238,-0.009091752581298351,0.446208119392395,0.6293724775314331,-0.006060412153601646,0.43949782848358154,0.6177623271942139,-0.0034729139879345894,0.4345313310623169,0.6258025169372559,-0.012586874887347221,0.44353318214416504,0.6527455449104309,-0.009789534844458103,0.43623086810112,0.6472609639167786,-0.0050191814079880714,0.43042537569999695,0.6357628703117371,-0.0017340716440230608
30,30,1,1,1,1.0,1.0,1.0,0.5114759206771851,0.33152908086776733,-0.5405523777008057,0.9999638795852661,0.5264498591423035,0.28891921043395996,-0.505302369594574,0.9999213218688965,0.5362443923950195,0.2875036895275116,-0.5053650140762329,0.9999266266822815,0.5458293557167053,0.2864375114440918,-0.5051701664924622,0.9999146461486816,0.49947747588157654,0.29146620631217957,-0.4997188150882721,0.999926745891571,0.4919155538082123,0.2918834388256073,-0.49958306550979614,0.9999373555183411,0.48606911301612854,0.2927841246128082,-0.5000253319740295,0.9999319314956665,0.5632719397544861,0.29470717906951904,-0.21285994350910187,0.9998937845230103,0.48240992426872253,0.30609655380249023,-0.1986592561006546,0.9999514818191528,0.5316729545593262,0.37243732810020447,-0.4357801675796509,0.9999842047691345,0.49869346618652344,0.3754909038543701,-0.4297000467777252,0.999984622001648,0.6455567479133606,0.49329283833503723,-0.0336456261575222,0.9999203085899353,0.4284924864768982,0.49908626079559326,-0.07199262082576752,0.9999392628669739,0.7227182388305664,0.7524405121803284,-0.35999712347984314,0.9832951426506042,0.2809722125530243,0.6885432600975037,-0.4448787271976471,0.9911609888076782,0.6018453240394592,0.5849024057388306,-0.8556444048881531,0.9282881021499634,0.3971836566925049,0.5519550442695618,-0.8886013627052307,0.9385689496994019,0.5742283463478088,0.5554325580596924,-0.9394001364707947,0.9145623445510864,0.4378315806388855,0.5513067841529846,-0.968636155128479,0.917622447013855,0.5668187141418457,0.5233364701271057,-0.885773241519928,0.9225321412086487,0.45537638664245605,0.5353658199310303,-0.9022942185401917,0.9236497282981873,0.5709454417228699,0.5302255749702454,-0.8439909219741821,0.9219846725463867,0.44926831126213074,0.5405002236366272,-0.8712031245231628,0.9276712536811829,0.6123358607292175,1.0197128057479858,-0.007981773465871811,0.5903337001800537,0.46841591596603394,1.0171489715576172,0.009450205601751804,0.6671303510665894,0.6143469214439392,1.4830055236816406,0.05224145948886871,0.003993454854935408,0.4543030261993408,1.4777061939239502,0.0740756168961525,0.0033448042813688517,0.6088273525238037,1.868584394454956,0.37678179144859314,0.0006537594017572701,0.4544108808040619,1.8783085346221924,0.33967795968055725,0.0004329527437221259,0.6139103174209595,1.9130139350891113,0.38906481862068176,0.000743699842132628,0.4503229856491089,1.9274119138717651,0.3572775423526764,0.0008678481099195778,0.5815085768699646,2.0056984424591064,0.0496201366186142,0.00033231571433134377,0.4785464107990265,2.009976387023926,-0.004219117574393749,0.0012130470713600516,0.6049663424491882,0.5766656398773193,-4.945268372580358e-08,0.5875515937805176,0.5472368597984314,0.0011098411632701755,0.5632883906364441,0.5322046279907227,-0.002806442091241479,0.541337251663208,0.541368842124939,-0.007607648149132729,0.5264864563941956,0.5533992648124695,-0.013057450763881207,0.5663192272186279,0.49911805987358093,-0.006581908091902733,0.5400407910346985,0.48666995763778687,-0.013779216445982456,0.525253415107727,0.4772084057331085,-0.01760590448975563,0.5138908624649048,0.46640241146087646,-0.020579470321536064,0.5696662068367004,0.5143397450447083,-0.011964360252022743,0.5367346405982971,0.5290529727935791,-0.021596506237983704,0.5411518216133118,0.5480146408081055,-0.022427234798669815,0.5504178404808044,0.5516400337219238,-0.021919531747698784,0.572624921798706,0.5382235050201416,-0.017082128673791885,0.5436998009681702,0.5547728538513184,-0.02605082280933857,0.5501658916473389,0.5658730268478394,-0.022101053968071938,0.5591429471969604,0.5630353093147278,-0.018079452216625214,0.5745447874069214,0.5654664635658264,-0.021895863115787506,0.5507547855377197,0.5767149925231934,-0.027803512290120125,0.5563173294067383,0.5831431150436401,-0.024369029328227043,0.5648287534713745,0.580254852771759,-0.02095293253660202,0.39936625957489014,0.5364335179328918,-2.458329007026805e-08,0.41775792837142944,0.5104445219039917,0.0015149526298046112,0.442374050617218,0.5042444467544556,-0.0004142562102060765,0.4589233696460724,0.5175101161003113,-0.0037911226972937584,0.46554556488990784,0.5407912731170654,-0.006804358679801226,0.45628640055656433,0.4977857172489166,-0.0019651835318654776,0.48100176453590393,0.5087368488311768,-0.006509867031127214,0.494208425283432,0.5173305869102478,-0.00921865738928318,0.5028262138366699,0.5228384137153625,-0.011134949512779713,0.4543033242225647,0.5195176601409912,-0.00658458424732089,0.47169896960258484,0.5491422414779663,-0.012851666659116745,0.46362024545669556,0.5526588559150696,-0.01383549440652132,0.45488741993904114,0.5445927977561951,-0.013382920064032078,0.4494958519935608,0.5444194078445435,-0.011048570275306702,0.46381524205207825,0.5692695379257202,-0.014996998943388462,0.45597296953201294,0.5695759654045105,-0.011504306457936764,0.44830262660980225,0.5610164999961853,-0.008630488999187946,0.4428386986255646,0.5680368542671204,-0.015717914327979088,0.4542660117149353,0.59019535779953,-0.015830552205443382,0.44760632514953613,0.5890707969665527,-0.011406179517507553,0.4406851828098297,0.5807822942733765,-0.008044155314564705
31,31,1,1,1,1.0,1.0,1.0,0.5108327865600586,0.33145877718925476,-0.46391063928604126,0.999966561794281,0.5257647633552551,0.28886428475379944,-0.42710766196250916,0.999927282333374,0.5357257723808289,0.28745409846305847,-0.42715203762054443,0.9999325275421143,0.5452846884727478,0.28639140725135803,-0.4268859326839447,0.9999213218688965,0.49892494082450867,0.291400671005249,-0.42229872941970825,0.9999318718910217,0.49170270562171936,0.2918216586112976,-0.42210307717323303,0.9999420046806335,0.4858543276786804,0.29272422194480896,-0.42249324917793274,0.999936580657959,0.5630097985267639,0.29466068744659424,-0.15750230848789215,0.99990314245224,0.4822881817817688,0.3063545525074005,-0.1279401034116745,0.9999556541442871,0.5311045050621033,0.37238070368766785,-0.36662209033966064,0.9999853372573853,0.4980584383010864,0.37542736530303955,-0.35915616154670715,0.9999855160713196,0.6441912651062012,0.4933149814605713,-0.02772090956568718,0.9999265670776367,0.42835620045661926,0.4999734163284302,-0.040134891867637634,0.9999431371688843,0.7216036319732666,0.7527252435684204,-0.3604455292224884,0.9848132729530334,0.28628700971603394,0.6883571743965149,-0.41233447194099426,0.9919856786727905,0.5970979332923889,0.5854815244674683,-0.8518663048744202,0.9354245662689209,0.4021722078323364,0.51666659116745,-0.8769387006759644,0.944624125957489,0.5679551362991333,0.5532770752906799,-0.9388676881790161,0.9229403734207153,0.4415458142757416,0.4903830289840698,-0.9586788415908813,0.9253439903259277,0.5613499283790588,0.5214983224868774,-0.8834583759307861,0.9300984144210815,0.4557197093963623,0.4723081588745117,-0.8825334310531616,0.9306213855743408,0.5656947493553162,0.5292472243309021,-0.840266764163971,0.9295393824577332,0.45019862055778503,0.4881678521633148,-0.8560148477554321,0.9342977404594421,0.6123050451278687,1.0201719999313354,-0.008504349738359451,0.5828355550765991,0.468264102935791,1.0176700353622437,0.009958128444850445,0.6579157710075378,0.6156227588653564,1.4817887544631958,0.04702860489487648,0.0036892208736389875,0.4548374116420746,1.478409767150879,0.1102975457906723,0.00309383193962276,0.6113037467002869,1.8665317296981812,0.3601123094558716,0.0006259918445721269,0.45711058378219604,1.8780354261398315,0.3906330168247223,0.0004077188204973936,0.6169695854187012,1.9117997884750366,0.3713427186012268,0.000722385011613369,0.4533928632736206,1.9278091192245483,0.4101799428462982,0.0008214569534175098,0.5853203535079956,2.0023844242095947,0.027155086398124695,0.00031975042656995356,0.4804399311542511,2.0082318782806396,0.04821384698152542,0.001161248073913157,0.6024200916290283,0.5751190781593323,-4.452234136920197e-08,0.5846146941184998,0.5438466668128967,0.0011638987343758345,0.5594444870948792,0.5284744501113892,-0.002391635673120618,0.537167489528656,0.5376763939857483,-0.006877418607473373,0.5224517583847046,0.5508213639259338,-0.012043639086186886,0.5630291700363159,0.497417688369751,-0.005740148015320301,0.5380162596702576,0.48480167984962463,-0.012984761968255043,0.5232715606689453,0.4751233160495758,-0.01703290268778801,0.5117368698120117,0.4643682837486267,-0.020117122679948807,0.5656732320785522,0.5131571292877197,-0.010926906950771809,0.5335017442703247,0.5271293520927429,-0.020143723115324974,0.5373634099960327,0.5453789830207825,-0.020968109369277954,0.5461972951889038,0.5491893887519836,-0.020522411912679672,0.5683830380439758,0.5375085473060608,-0.01592157781124115,0.5402885675430298,0.5536224842071533,-0.024753021076321602,0.5461231470108032,0.5639421343803406,-0.021124640479683876,0.5549253821372986,0.56175297498703,-0.017226068302989006,0.570298433303833,0.5649604797363281,-0.02061229571700096,0.5467542409896851,0.5745711922645569,-0.02617727592587471,0.5517556667327881,0.5805097222328186,-0.02282935194671154,0.5601364970207214,0.5785449743270874,-0.019482307136058807,0.39629828929901123,0.5074821710586548,2.9349282115731512e-08,0.4142093360424042,0.47903209924697876,0.0029842182993888855,0.4398542642593384,0.47156935930252075,0.00232477905228734,0.45733803510665894,0.4803393483161926,-0.00010132527677342296,0.4670754373073578,0.4959522783756256,-0.0022391793318092823,0.45252159237861633,0.45748981833457947,0.0021441096905618906,0.47669166326522827,0.45663580298423767,-0.0013464608928188682,0.49189746379852295,0.4582614302635193,-0.0035296641290187836,0.5037153959274292,0.45996248722076416,-0.005186487454921007,0.4526505768299103,0.4758054316043854,-0.003309987485408783,0.47466230392456055,0.4980488121509552,-0.008666779845952988,0.4665594696998596,0.5042257905006409,-0.009324195794761181,0.45746007561683655,0.5003279447555542,-0.008477684110403061,0.449685662984848,0.499176561832428,-0.008734403178095818,0.4682130813598633,0.5208772420883179,-0.011805886402726173,0.4595732092857361,0.5232710242271423,-0.008078395389020443,0.4516070783138275,0.5176511406898499,-0.005013900808990002,0.4451162815093994,0.5232385993003845,-0.014372509904205799,0.4601723849773407,0.5437100529670715,-0.01302671991288662,0.4520292580127716,0.5433364510536194,-0.008188867941498756,0.44440558552742004,0.5358226895332336,-0.00488197011873126
32,32,1,1,1,1.0,1.0,1.0,0.5081565976142883,0.3313601613044739,-0.4585168659687042,0.9999690055847168,0.5238733291625977,0.28883063793182373,-0.42447152733802795,0.9999323487281799,0.5340327024459839,0.2874308228492737,-0.4245154559612274,0.9999377727508545,0.5434545278549194,0.2863946557044983,-0.42423537373542786,0.9999269843101501,0.4977506399154663,0.291341096162796,-0.41584789752960205,0.9999359846115112,0.49115562438964844,0.2917771339416504,-0.4156855344772339,0.9999459981918335,0.4851348102092743,0.29268893599510193,-0.41604024171829224,0.9999402165412903,0.5620008111000061,0.29468879103660583,-0.16623273491859436,0.9999115467071533,0.48214754462242126,0.30633029341697693,-0.1181919127702713,0.9999591112136841,0.5285208225250244,0.37236279249191284,-0.3648027181625366,0.9999862909317017,0.49627795815467834,0.37534618377685547,-0.3521953225135803,0.9999862313270569,0.6425920128822327,0.4932689964771271,-0.0444524772465229,0.9999321103096008,0.4280186593532562,0.5013245940208435,-0.02180640399456024,0.9999462962150574,0.7177401781082153,0.7529370784759521,-0.39729902148246765,0.9861385226249695,0.29040443897247314,0.6853261590003967,-0.39780959486961365,0.9926967620849609,0.5911955833435059,0.5819805264472961,-0.8694152235984802,0.941858172416687,0.40124160051345825,0.47366732358932495,-0.8691782355308533,0.950093686580658,0.5607583522796631,0.547137975692749,-0.9595569372177124,0.9305366277694702,0.4365203380584717,0.43554627895355225,-0.9584119915962219,0.9324427247047424,0.5555132031440735,0.5164844393730164,-0.914584755897522,0.9369692802429199,0.45093122124671936,0.41793832182884216,-0.8783038854598999,0.9370959401130676,0.5606285929679871,0.5238887071609497,-0.8613671064376831,0.9364187717437744,0.44634780287742615,0.43881988525390625,-0.8498606085777283,0.9404204487800598,0.6121978163719177,1.018593668937683,-0.013287262991070747,0.5662358403205872,0.4677885174751282,1.0177861452102661,0.014893663115799427,0.6412752270698547,0.6160421371459961,1.4786230325698853,0.03547283262014389,0.0034453975968062878,0.45588791370391846,1.4781394004821777,0.12755189836025238,0.002899876097217202,0.6134521961212158,1.8620972633361816,0.3303973376750946,0.0006184003432281315,0.45959293842315674,1.8767457008361816,0.40075966715812683,0.000391069013858214,0.6196659803390503,1.907973289489746,0.340918630361557,0.0007440056651830673,0.4561860263347626,1.9274924993515015,0.4200025200843811,0.0008058776147663593,0.5876452922821045,1.998460292816162,0.001592179760336876,0.0003150498087052256,0.48109856247901917,2.00575590133667,0.06479933112859726,0.0011434853076934814,0.5994817018508911,0.5712246894836426,-2.8475211522049904e-08,0.5827471017837524,0.5399360060691833,0.0006489302031695843,0.5581852197647095,0.5245921611785889,-0.003198070917278528,0.5358980298042297,0.5327918529510498,-0.00787725392729044,0.5204786658287048,0.5421544909477234,-0.013134927488863468,0.5605478286743164,0.4948665499687195,-0.006602362263947725,0.5350397825241089,0.4804290533065796,-0.014386346563696861,0.5200036764144897,0.4695483148097992,-0.01891990937292576,0.5082375407218933,0.45790737867355347,-0.022143488749861717,0.5627110004425049,0.5101021528244019,-0.011287558823823929,0.5318509340286255,0.5209164023399353,-0.020512158051133156,0.5347902774810791,0.5369151830673218,-0.021498611196875572,0.5423216223716736,0.5400340557098389,-0.02118868939578533,0.5648288130760193,0.5335227847099304,-0.015782156959176064,0.5372915267944336,0.5460026264190674,-0.024368107318878174,0.5426790118217468,0.5579661726951599,-0.02024342678487301,0.550794243812561,0.5572616457939148,-0.015935538336634636,0.5663938522338867,0.5609552264213562,-0.02002902142703533,0.542961061000824,0.5684154033660889,-0.02513337880373001,0.5479404330253601,0.5753554105758667,-0.021201131865382195,0.5559630393981934,0.5741554498672485,-0.01732811890542507,0.4049563407897949,0.4670359790325165,-4.061230285401507e-08,0.41896769404411316,0.43422478437423706,0.002810975071042776,0.4400022625923157,0.41754984855651855,0.0013723330339416862,0.4558177888393402,0.42488619685173035,-0.0016569055151194334,0.4650396704673767,0.4416577219963074,-0.004828746896237135,0.4511851668357849,0.40872302651405334,-0.0025418917648494244,0.4747692048549652,0.4059431850910187,-0.006258852779865265,0.4885418713092804,0.407943457365036,-0.008473776280879974,0.4986892342567444,0.4086325466632843,-0.01028747484087944,0.4523925185203552,0.42965343594551086,-0.007619054522365332,0.47250252962112427,0.448617160320282,-0.012808150611817837,0.4656127095222473,0.4581109881401062,-0.013130868785083294,0.4562755525112152,0.45588815212249756,-0.012663541361689568,0.4507421553134918,0.45539283752441406,-0.012245915830135345,0.4674851894378662,0.47335851192474365,-0.015727007761597633,0.46021655201911926,0.4781969487667084,-0.012367886491119862,0.4517887234687805,0.47344955801963806,-0.00984746590256691,0.44670847058296204,0.4800923764705658,-0.01688018999993801,0.461885929107666,0.49458104372024536,-0.017009835690259933,0.45493611693382263,0.496500164270401,-0.012557310052216053,0.4463900327682495,0.49093306064605713,-0.009298250079154968
33,33,1,1,1,1.0,1.0,1.0,0.5072145462036133,0.33143359422683716,-0.44301387667655945,0.999971330165863,0.5231795310974121,0.2890000343322754,-0.40842896699905396,0.9999372959136963,0.5332629680633545,0.28758156299591064,-0.4084680378437042,0.9999427199363708,0.5424291491508484,0.2865637242794037,-0.40818020701408386,0.9999325275421143,0.49736833572387695,0.291566401720047,-0.4013344943523407,0.9999402165412903,0.49098125100135803,0.29195407032966614,-0.401178777217865,0.9999498724937439,0.48503321409225464,0.2929404377937317,-0.4015500843524933,0.9999441504478455,0.560977578163147,0.2947792708873749,-0.148195281624794,0.9999192953109741,0.48210734128952026,0.3066263496875763,-0.10439880937337875,0.9999625086784363,0.5276270508766174,0.3725297451019287,-0.3476265072822571,0.9999872446060181,0.49545881152153015,0.3753029704093933,-0.3366369605064392,0.999987006187439,0.6414794325828552,0.4932747781276703,-0.026680508628487587,0.9999373555183411,0.42774611711502075,0.5012826919555664,-0.018704133108258247,0.9999498128890991,0.7154040932655334,0.7532722353935242,-0.39524319767951965,0.9873257279396057,0.2938397228717804,0.6751256585121155,-0.3951207101345062,0.9933527708053589,0.5876208543777466,0.5773869156837463,-0.8583207726478577,0.9476469159126282,0.40301525592803955,0.4495697319507599,-0.8485826253890991,0.9550225734710693,0.5563725233078003,0.53992760181427,-0.9491865634918213,0.9373603463172913,0.43589872121810913,0.41287094354629517,-0.9365999102592468,0.9388511180877686,0.5517928004264832,0.5093650221824646,-0.9001221656799316,0.9431409239768982,0.4494790732860565,0.39734387397766113,-0.8658987283706665,0.9429478049278259,0.5568814873695374,0.5168776512145996,-0.8501154780387878,0.9425879120826721,0.4456535875797272,0.4157599210739136,-0.8334360122680664,0.9459388256072998,0.6120393872261047,1.0160223245620728,-0.01305732224136591,0.5466564297676086,0.46740373969078064,1.018060326576233,0.01469194795936346,0.6218355894088745,0.6160515546798706,1.4762067794799805,0.02322397753596306,0.0032397815957665443,0.45608001947402954,1.475965976715088,0.12245763838291168,0.002731350949034095,0.6136071681976318,1.8590682744979858,0.30334359407424927,0.0006179306074045599,0.46054109930992126,1.8737443685531616,0.3956180512905121,0.0003788993926718831,0.6198387742042542,1.9055322408676147,0.31221261620521545,0.000785717333201319,0.45708274841308594,1.9255388975143433,0.41480880975723267,0.0008061095140874386,0.5882944464683533,1.9942805767059326,-0.028107836842536926,0.00031826316262595356,0.4817405343055725,2.000945568084717,0.05749944970011711,0.0011614917311817408,0.5962476134300232,0.565251886844635,-2.2689288670108e-08,0.579815685749054,0.5330464243888855,0.0019158490467816591,0.5554842352867126,0.5170522332191467,-0.0014623802853748202,0.5333774089813232,0.5255218148231506,-0.006024186033755541,0.5184085369110107,0.5368094444274902,-0.011317112483084202,0.5581386089324951,0.4890311360359192,-0.00584395369514823,0.5327943563461304,0.47178414463996887,-0.01313641294836998,0.5180667638778687,0.45978111028671265,-0.01692141965031624,0.5066139101982117,0.4476514458656311,-0.01961374655365944,0.5603079795837402,0.5042623281478882,-0.011281478218734264,0.5285195112228394,0.5146359205245972,-0.020369598641991615,0.5329278707504272,0.5306826233863831,-0.021025607362389565,0.5417176485061646,0.5332703590393066,-0.020415283739566803,0.5624131560325623,0.5279975533485413,-0.016392139717936516,0.5341157913208008,0.5389369130134583,-0.02529669925570488,0.539932370185852,0.5511967539787292,-0.021195191890001297,0.5485517382621765,0.5511182546615601,-0.016715100035071373,0.5637121200561523,0.5556976795196533,-0.021063534542918205,0.5393058061599731,0.5613721013069153,-0.02639998309314251,0.5439937710762024,0.5684962272644043,-0.02240988053381443,0.5522843599319458,0.5685127377510071,-0.018406379967927933,0.3997217118740082,0.4526742398738861,2.6724771728936503e-08,0.4133608937263489,0.4181681275367737,0.002282648114487529,0.4352259337902069,0.3996449410915375,0.0004914228920824826,0.453258752822876,0.4011083245277405,-0.00263114832341671,0.46535342931747437,0.4123455584049225,-0.005484386347234249,0.44503217935562134,0.3843066990375519,-0.0022535952739417553,0.4689580798149109,0.38244882225990295,-0.006605133879929781,0.4835502505302429,0.382860392332077,-0.00896721426397562,0.49515455961227417,0.3820340931415558,-0.010744819417595863,0.44527924060821533,0.4029756486415863,-0.007377661298960447,0.4708382785320282,0.42313051223754883,-0.01384032517671585,0.46249470114707947,0.43219515681266785,-0.013595451600849628,0.45228901505470276,0.4291897416114807,-0.0121293431147933,0.44342485070228577,0.4279947280883789,-0.012254786677658558,0.46622467041015625,0.44855448603630066,-0.016539353877305984,0.45791903138160706,0.4543667137622833,-0.011690188199281693,0.4490181803703308,0.45044514536857605,-0.007663172669708729,0.4401775002479553,0.4546739459037781,-0.017221985384821892,0.46050891280174255,0.4706142842769623,-0.017448367550969124,0.45338335633277893,0.4725381135940552,-0.012171518057584763,0.4449831247329712,0.4668802320957184,-0.008246158249676228
34,34,1,1,1,1.0,1.0,1.0,0.5066406726837158,0.33214256167411804,-0.40031594038009644,0.9999731183052063,0.522767186164856,0.28950250148773193,-0.36885493993759155,0.9999400973320007,0.5327440500259399,0.2880069315433502,-0.3688400685787201,0.9999462962150574,0.5417136549949646,0.28701356053352356,-0.36854562163352966,0.9999359846115112,0.4970206022262573,0.2922721803188324,-0.359451562166214,0.9999421834945679,0.4907119870185852,0.2925196886062622,-0.3593331575393677,0.9999524354934692,0.48477452993392944,0.29357850551605225,-0.35970112681388855,0.9999459981918335,0.5599983930587769,0.29493263363838196,-0.12536601722240448,0.9999253153800964,0.48170724511146545,0.3068971335887909,-0.07165170460939407,0.9999650120735168,0.5272611975669861,0.3731268346309662,-0.31039294600486755,0.9999876618385315,0.4948827028274536,0.3755400776863098,-0.29634788632392883,0.9999871850013733,0.6405190825462341,0.49309104681015015,-0.020610591396689415,0.999941885471344,0.4272743761539459,0.5001740455627441,0.0008239480084739625,0.9999532699584961,0.7132347226142883,0.7534089684486389,-0.38755708932876587,0.9884317517280579,0.2975407838821411,0.6673407554626465,-0.39485442638397217,0.9939396977424622,0.5799295902252197,0.5645925998687744,-0.8359233140945435,0.9528653025627136,0.4025411009788513,0.449101984500885,-0.8320878744125366,0.9594858884811401,0.5492014288902283,0.5234459042549133,-0.9274314641952515,0.9435443878173828,0.4345700442790985,0.41183432936668396,-0.9217650294303894,0.944771409034729,0.5451016426086426,0.49753063917160034,-0.8770448565483093,0.9487383961677551,0.44818323850631714,0.3952297866344452,-0.8581101894378662,0.948401153087616,0.5501868724822998,0.5064241886138916,-0.8265997171401978,0.9482067227363586,0.44485583901405334,0.41376617550849915,-0.8207263350486755,0.9510963559150696,0.6121054887771606,1.0160938501358032,-0.012138298712670803,0.5377436876296997,0.4668184518814087,1.0182700157165527,0.013742849230766296,0.6150627732276917,0.6176583766937256,1.4738656282424927,0.032911330461502075,0.0030296973418444395,0.4578573405742645,1.47393798828125,0.12457980960607529,0.002549187047407031,0.6161854267120361,1.8538192510604858,0.3175927996635437,0.0006115754949860275,0.4617629051208496,1.8696917295455933,0.3916099965572357,0.00036152094253338873,0.6226767897605896,1.9001152515411377,0.3276525139808655,0.0008251538965851068,0.4580535888671875,1.9220740795135498,0.41043490171432495,0.0007833092822693288,0.5903900861740112,1.989836573600769,-0.013896822929382324,0.0003145304217468947,0.48215365409851074,1.9964255094528198,0.061436720192432404,0.001129806274548173,0.5943183302879333,0.562025249004364,-2.4061694858801275e-08,0.578086793422699,0.5295940637588501,0.0013213168131187558,0.5537229180335999,0.5125318765640259,-0.0019051410490646958,0.5312483906745911,0.5195369124412537,-0.006252458784729242,0.5162211656570435,0.5300407409667969,-0.011232149787247181,0.5560985207557678,0.4841030538082123,-0.005081863608211279,0.5313668251037598,0.46664509177207947,-0.01263637188822031,0.5171980857849121,0.4531281888484955,-0.016894632950425148,0.5064831972122192,0.43957796692848206,-0.01984998770058155,0.5575992465019226,0.4989851415157318,-0.010102730244398117,0.5258569121360779,0.5088018774986267,-0.019386641681194305,0.5289996862411499,0.5258123278617859,-0.020379386842250824,0.5370611548423767,0.5302123427391052,-0.019853539764881134,0.5592882633209229,0.5224160552024841,-0.014953313395380974,0.5317457318305969,0.5336089730262756,-0.024020642042160034,0.5371484160423279,0.5463193655014038,-0.0202287919819355,0.5454739332199097,0.5467010140419006,-0.015802999958395958,0.5605049729347229,0.5498239994049072,-0.019478922709822655,0.5371612906455994,0.5557075142860413,-0.024896938353776932,0.5416318774223328,0.5635512471199036,-0.021161185577511787,0.5495684146881104,0.5641695857048035,-0.017255499958992004,0.39820581674575806,0.44469761848449707,3.330270814672076e-08,0.4131702482700348,0.41298621892929077,0.0009154817089438438,0.43751028180122375,0.39748579263687134,-0.00251652835868299,0.4585786759853363,0.4013877213001251,-0.006968587636947632,0.4733346104621887,0.4101743996143341,-0.011134558357298374,0.4423263370990753,0.3742038309574127,-0.0062262071296572685,0.4685240387916565,0.3718249797821045,-0.012123830616474152,0.48451703786849976,0.3716025948524475,-0.01542484387755394,0.4970097243785858,0.3703168034553528,-0.017838599160313606,0.4421618580818176,0.39472267031669617,-0.011634498834609985,0.47019636631011963,0.41655194759368896,-0.01988556981086731,0.461573988199234,0.4265159070491791,-0.02045951597392559,0.4509946405887604,0.42184484004974365,-0.01955985277891159,0.44043639302253723,0.4216003715991974,-0.016687804833054543,0.46458473801612854,0.4412345588207245,-0.022217635065317154,0.455473393201828,0.44756609201431274,-0.017069796100258827,0.4468720853328705,0.4420201778411865,-0.012846540659666061,0.437175452709198,0.4498710632324219,-0.021900851279497147,0.45839279890060425,0.46274080872535706,-0.022838130593299866,0.4506503641605377,0.46585768461227417,-0.017016438767313957,0.4420403838157654,0.4610861837863922,-0.0126914381980896
35,35,1,1,1,1.0,1.0,1.0,0.506271243095398,0.33215823769569397,-0.41349440813064575,0.9999749660491943,0.5222139954566956,0.2894846200942993,-0.38087525963783264,0.9999434351921082,0.5320978164672852,0.28799203038215637,-0.380829781293869,0.9999499917030334,0.5409162044525146,0.2870004177093506,-0.3805207908153534,0.9999397397041321,0.4967277944087982,0.2922481596469879,-0.37157246470451355,0.9999449253082275,0.490511953830719,0.2924969494342804,-0.3714759945869446,0.999955415725708,0.4846014380455017,0.2935580909252167,-0.37182435393333435,0.9999486804008484,0.5591893792152405,0.29488328099250793,-0.13412903249263763,0.9999312162399292,0.481620192527771,0.3068947196006775,-0.0817892849445343,0.999967634677887,0.5270659923553467,0.3731103241443634,-0.3225736618041992,0.9999882578849792,0.4946072995662689,0.3755822479724884,-0.3090135455131531,0.9999876618385315,0.6402885913848877,0.4932195246219635,-0.02490833029150963,0.9999461770057678,0.426891952753067,0.5001687407493591,-0.0042808991856873035,0.9999567866325378,0.7119307518005371,0.7534689903259277,-0.3850247263908386,0.9894205927848816,0.3001226484775543,0.6649516224861145,-0.3979736268520355,0.9944748282432556,0.5785236358642578,0.5593071579933167,-0.844341516494751,0.9575641751289368,0.401212215423584,0.4539511799812317,-0.8482665419578552,0.9635114669799805,0.5483349561691284,0.5167948007583618,-0.936410665512085,0.949122965335846,0.43387481570243835,0.41910457611083984,-0.9407975077629089,0.9501541256904602,0.5440281629562378,0.49221211671829224,-0.885772168636322,0.953790009021759,0.4475644826889038,0.40173786878585815,-0.8776493668556213,0.9533786773681641,0.5491238832473755,0.5019079446792603,-0.8351024985313416,0.9532808065414429,0.4443149268627167,0.41921836137771606,-0.8381949663162231,0.9558002948760986,0.6120681166648865,1.0164027214050293,-0.01202306617051363,0.5297910571098328,0.46659550070762634,1.0184764862060547,0.013624338433146477,0.6091697812080383,0.6177051067352295,1.4733302593231201,0.04080001264810562,0.00285229180008173,0.4581044912338257,1.4732179641723633,0.13060186803340912,0.0023986385203897953,0.616310179233551,1.8522011041641235,0.32229670882225037,0.0006081881583668292,0.4617577791213989,1.868174433708191,0.3963492214679718,0.00034743943251669407,0.6227951645851135,1.898378610610962,0.3329545259475708,0.0008683624328114092,0.4580427408218384,1.9206761121749878,0.41536691784858704,0.0007717047119513154,0.5903878808021545,1.9884223937988281,-0.0020867513958364725,0.0003130518307443708,0.48201239109039307,1.995115041732788,0.07009588181972504,0.0011059801327064633,0.592326283454895,0.5590041875839233,-3.0079483792633255e-08,0.5756790041923523,0.5259121060371399,0.0012671438744291663,0.5512715578079224,0.5086764693260193,-0.0019293557852506638,0.5285915732383728,0.5141042470932007,-0.006185899954289198,0.5133069157600403,0.5237516760826111,-0.011011885479092598,0.5558030605316162,0.478911817073822,-0.005057133734226227,0.5315765142440796,0.4596560001373291,-0.012571345083415508,0.5177066326141357,0.44518911838531494,-0.016719751060009003,0.5071757435798645,0.4304284155368805,-0.019650479778647423,0.5574433207511902,0.49358242750167847,-0.010139075107872486,0.5245696306228638,0.5016041994094849,-0.019638240337371826,0.5268519520759583,0.5214200019836426,-0.020561428740620613,0.5346782803535461,0.5275275707244873,-0.019923079758882523,0.5588113069534302,0.5171952247619629,-0.015083003789186478,0.530184268951416,0.5267987847328186,-0.024384165182709694,0.5348055958747864,0.54088294506073,-0.0205243993550539,0.5430058836936951,0.542045533657074,-0.0159800685942173,0.5594463348388672,0.5446484088897705,-0.019710198044776917,0.5352864861488342,0.5498133897781372,-0.025186866521835327,0.5390430688858032,0.5589441657066345,-0.021466122940182686,0.5468232035636902,0.5604794025421143,-0.017601458355784416,0.39794430136680603,0.4522227644920349,2.705114887646687e-08,0.4159941077232361,0.42138275504112244,0.0008536343812011182,0.44185417890548706,0.4087317883968353,-0.002612381475046277,0.4632108211517334,0.4135580062866211,-0.007193056866526604,0.47836849093437195,0.4215756058692932,-0.011374902911484241,0.44400790333747864,0.3821544647216797,-0.006408301182091236,0.4700343608856201,0.3806909918785095,-0.012077911756932735,0.4853297472000122,0.3814750909805298,-0.015127303078770638,0.4973388612270355,0.3813788890838623,-0.01740105450153351,0.4424808919429779,0.40368884801864624,-0.011776899918913841,0.47169229388237,0.42585647106170654,-0.019715702161192894,0.4639540910720825,0.43717288970947266,-0.02054939791560173,0.4543370306491852,0.43422460556030273,-0.019967136904597282,0.4398256540298462,0.43175679445266724,-0.01674666628241539,0.4651871919631958,0.45113372802734375,-0.022006336599588394,0.45645612478256226,0.4565667510032654,-0.017288323491811752,0.44789862632751465,0.45103973150253296,-0.013459114357829094,0.4360349774360657,0.46123939752578735,-0.02187914215028286,0.4587838351726532,0.4744372069835663,-0.022407731041312218,0.45230570435523987,0.4766920804977417,-0.01684863120317459,0.4439811110496521,0.47175201773643494,-0.01284592691808939
36,36,1,1,1,1.0,1.0,1.0,0.5052784085273743,0.32999488711357117,-0.3863910138607025,0.9999763369560242,0.5210697650909424,0.28814953565597534,-0.3520340919494629,0.9999452829360962,0.5310017466545105,0.28672367334365845,-0.3519800305366516,0.9999527335166931,0.5398802161216736,0.2858438789844513,-0.3516456186771393,0.9999421834945679,0.4960785210132599,0.2906954884529114,-0.3433203399181366,0.9999460577964783,0.49010878801345825,0.29095759987831116,-0.34325316548347473,0.9999573826789856,0.48412957787513733,0.2919277250766754,-0.3436150550842285,0.9999498724937439,0.5586188435554504,0.29387179017066956,-0.10854680091142654,0.9999358654022217,0.48145365715026855,0.30579954385757446,-0.05902246758341789,0.9999696612358093,0.5265064239501953,0.3712102770805359,-0.29771700501441956,0.9999884963035583,0.49400660395622253,0.3738831579685211,-0.28489813208580017,0.9999876022338867,0.6399843096733093,0.49338385462760925,-0.013203361071646214,0.9999498128890991,0.4264622926712036,0.5006593465805054,-0.002030942589044571,0.9999597072601318,0.7114185094833374,0.7535367608070374,-0.3828849792480469,0.9903435111045837,0.30224665999412537,0.6632602214813232,-0.4064968526363373,0.9949636459350586,0.5766082406044006,0.5548806190490723,-0.8516654968261719,0.9617968201637268,0.40180057287216187,0.46237972378730774,-0.8571135401725769,0.9671376943588257,0.5459194183349609,0.5115951895713806,-0.9454481601715088,0.9541598558425903,0.4352785348892212,0.4327453374862671,-0.9497837424278259,0.9550125002861023,0.5425496101379395,0.4870469570159912,-0.8941730260848999,0.9583531618118286,0.4489661753177643,0.4113926291465759,-0.8884843587875366,0.9578749537467957,0.5479230880737305,0.49708661437034607,-0.8422762751579285,0.957874059677124,0.44604623317718506,0.4271787703037262,-0.8473547101020813,0.9600582122802734,0.6121575832366943,1.017460584640503,-0.006302167195826769,0.5327604413032532,0.46631792187690735,1.0197572708129883,0.007804774679243565,0.6137700080871582,0.6185215711593628,1.4737008810043335,0.05572625622153282,0.0026821978390216827,0.45904502272605896,1.4734646081924438,0.12371256947517395,0.0022627112921327353,0.6176484227180481,1.8528906106948853,0.34511232376098633,0.0005985347088426352,0.4623880088329315,1.868622899055481,0.373153418302536,0.0003329747705720365,0.6243759989738464,1.8988800048828125,0.3566340506076813,0.0008927659364417195,0.4584682881832123,1.9208710193634033,0.39069488644599915,0.0007504925015382469,0.5913257598876953,1.9891188144683838,0.035436782985925674,0.00030684698140248656,0.48202505707740784,1.9957503080368042,0.05485527217388153,0.0010681848507374525,0.591253399848938,0.5567854642868042,-2.991837533272701e-08,0.5754068493843079,0.524351954460144,0.0011325753293931484,0.5507116317749023,0.5068178772926331,-0.001963148359209299,0.5279778242111206,0.512726366519928,-0.006140456069260836,0.5121452212333679,0.5212199687957764,-0.010881087742745876,0.5541565418243408,0.4772322475910187,-0.004407394211739302,0.5308229923248291,0.45694729685783386,-0.011891337111592293,0.5177187323570251,0.44166654348373413,-0.016045577824115753,0.5080942511558533,0.42636770009994507,-0.01890527829527855,0.5551316142082214,0.4920124411582947,-0.009162481874227524,0.5236389636993408,0.4992285966873169,-0.018381282687187195,0.5255038738250732,0.5184562802314758,-0.01926506869494915,0.5330470204353333,0.5243605971336365,-0.01858881115913391,0.5560604929924011,0.515293538570404,-0.013854528777301311,0.5283985733985901,0.5253668427467346,-0.022489003837108612,0.5331618189811707,0.5388023853302002,-0.01874275505542755,0.5412470698356628,0.5392674803733826,-0.01447685994207859,0.5565402507781982,0.5423147082328796,-0.01831340789794922,0.5335230231285095,0.5481023192405701,-0.023517027497291565,0.5377781987190247,0.556203305721283,-0.020042646676301956,0.5456833243370056,0.5561814308166504,-0.01635810360312462,0.39751696586608887,0.466182678937912,1.3754056560344452e-08,0.4169629216194153,0.43780717253685,0.0011529977200552821,0.4442410171031952,0.42698678374290466,-0.002172810025513172,0.4661473333835602,0.4340667426586151,-0.006849746219813824,0.4821459650993347,0.4428134262561798,-0.011266134679317474,0.44753217697143555,0.40045875310897827,-0.005606725811958313,0.47405746579170227,0.4023153483867645,-0.01182707492262125,0.48976653814315796,0.4032471776008606,-0.015382961370050907,0.5023193359375,0.4028860330581665,-0.01791243441402912,0.44493111968040466,0.42066892981529236,-0.0113652553409338,0.4741552472114563,0.4470039904117584,-0.01959558203816414,0.46563664078712463,0.45699623227119446,-0.02038942091166973,0.45557764172554016,0.4530892074108124,-0.01965394988656044,0.4410572648048401,0.4480349123477936,-0.016863888129591942,0.4670933485031128,0.472348153591156,-0.022849440574645996,0.4575336277484894,0.4766350984573364,-0.018320895731449127,0.4487738013267517,0.47039517760276794,-0.014340774156153202,0.43600994348526,0.477396696805954,-0.022489188238978386,0.45913103222846985,0.4949833154678345,-0.02359822951257229,0.4518459141254425,0.49666035175323486,-0.018061799928545952,0.44295012950897217,0.4910554587841034,-0.013884334824979305
37,37,1,1,1,1.0,1.0,1.0,0.504790723323822,0.32836270332336426,-0.4030165374279022,0.9999774098396301,0.5204091668128967,0.2870321273803711,-0.3696446418762207,0.9999462962150574,0.5303986668586731,0.28557249903678894,-0.3696173429489136,0.9999548196792603,0.5393649935722351,0.2846754789352417,-0.3692823052406311,0.9999436736106873,0.4956761598587036,0.2896645963191986,-0.3595210313796997,0.9999465942382812,0.48984891176223755,0.28998976945877075,-0.35945940017700195,0.9999589323997498,0.48388946056365967,0.29090413451194763,-0.35982832312583923,0.999950647354126,0.558445930480957,0.29249659180641174,-0.12412399798631668,0.9999397397041321,0.4814133942127228,0.304768443107605,-0.06950179487466812,0.9999712109565735,0.5264133214950562,0.3694285452365875,-0.31329047679901123,0.9999884963035583,0.49387502670288086,0.3726288676261902,-0.2990456223487854,0.9999874234199524,0.6399481296539307,0.4936230182647705,-0.015505863353610039,0.9999523758888245,0.426377534866333,0.5008338093757629,0.0022216911893337965,0.9999619126319885,0.7113250494003296,0.7535769939422607,-0.3964666724205017,0.9911720156669617,0.30309268832206726,0.6639788150787354,-0.4026278257369995,0.9953926801681519,0.5764294266700745,0.5549291372299194,-0.8731876015663147,0.9656057953834534,0.4011569917201996,0.47297096252441406,-0.8828884363174438,0.9703992009162903,0.5458016991615295,0.5125727653503418,-0.9653083086013794,0.9586928486824036,0.43543803691864014,0.44469642639160156,-0.9782698154449463,0.959389865398407,0.5419008135795593,0.48770973086357117,-0.9180745482444763,0.9624601006507874,0.4491443336009979,0.42229732871055603,-0.918556272983551,0.9619321227073669,0.5476855635643005,0.4979279637336731,-0.8644471168518066,0.9620057344436646,0.4466361701488495,0.4376257061958313,-0.874045729637146,0.9638926982879639,0.611889660358429,1.0176129341125488,-0.0064616878516972065,0.5280682444572449,0.4662647545337677,1.01751708984375,0.008003409020602703,0.6112112402915955,0.6179025769233704,1.4698692560195923,0.0548737458884716,0.002615289995446801,0.45904287695884705,1.4675296545028687,0.11968863755464554,0.0022362195886671543,0.6175333857536316,1.8482732772827148,0.33537420630455017,0.0006243218085728586,0.46271708607673645,1.8621402978897095,0.35027825832366943,0.0003434726968407631,0.6243051886558533,1.8942784070968628,0.34548071026802063,0.0009857338154688478,0.45890697836875916,1.9140089750289917,0.36574843525886536,0.0008043403504416347,0.5911237001419067,1.9827286005020142,0.02250758185982704,0.0003222325467504561,0.4820285439491272,1.9879462718963623,0.02797670289874077,0.00110574159771204,0.5899068713188171,0.5583453178405762,-3.409863680303715e-08,0.5736263990402222,0.5261459350585938,0.0014285206561908126,0.5493300557136536,0.508309006690979,-0.0017851892625913024,0.5271024703979492,0.5133289694786072,-0.0061334786005318165,0.511436939239502,0.5218900442123413,-0.011092133820056915,0.5536098480224609,0.47711968421936035,-0.004625482019037008,0.5304938554763794,0.45710283517837524,-0.012405754998326302,0.5175455212593079,0.44117510318756104,-0.016808802261948586,0.5084037780761719,0.42447197437286377,-0.01985413394868374,0.5552626252174377,0.49216800928115845,-0.009816538542509079,0.522705078125,0.5016435980796814,-0.019484704360365868,0.5255822539329529,0.521799623966217,-0.020450102165341377,0.5344634652137756,0.5262815952301025,-0.019805915653705597,0.5567357540130615,0.5160489082336426,-0.01491390261799097,0.5281679034233093,0.5279185175895691,-0.023852838203310966,0.5329951047897339,0.5410118699073792,-0.01981893740594387,0.5416316390037537,0.5401074886322021,-0.01536680106073618,0.5575747489929199,0.543323814868927,-0.019758427515625954,0.5335367918014526,0.5497211217880249,-0.025040576234459877,0.5377970933914185,0.5581957101821899,-0.021253392100334167,0.5460699796676636,0.5579124093055725,-0.017393330112099648,0.39843660593032837,0.4804377257823944,1.7918894812396502e-08,0.41916391253471375,0.45283716917037964,0.0005621330346912146,0.44673216342926025,0.44414740800857544,-0.0029533167835325003,0.4685683846473694,0.4518832862377167,-0.007629461120814085,0.48427245020866394,0.45955491065979004,-0.011904285289347172,0.44893980026245117,0.4172568619251251,-0.006661602761596441,0.47571590542793274,0.41584283113479614,-0.013054157607257366,0.4915556013584137,0.4143490493297577,-0.016503529623150826,0.5041610598564148,0.41176849603652954,-0.01891339011490345,0.4458301067352295,0.43820449709892273,-0.012200607918202877,0.4764045178890228,0.4640182852745056,-0.02115483209490776,0.46797195076942444,0.47293004393577576,-0.0218961164355278,0.4577380120754242,0.4686073958873749,-0.02086946740746498,0.441712349653244,0.46602529287338257,-0.017460472881793976,0.469135582447052,0.4908473491668701,-0.023639041930437088,0.4593472182750702,0.49365365505218506,-0.018527496606111526,0.4503477215766907,0.4871056079864502,-0.014028911478817463,0.4367460012435913,0.49562159180641174,-0.02294025756418705,0.46100419759750366,0.5130606889724731,-0.02394416369497776,0.4536566436290741,0.5134280920028687,-0.018024489283561707,0.44502198696136475,0.507535457611084,-0.013558667153120041
38,38,1,1,1,1.0,1.0,1.0,0.5046160817146301,0.327452152967453,-0.3890538811683655,0.9999781847000122,0.5201069116592407,0.28651726245880127,-0.3558506369590759,0.999947190284729,0.5301299691200256,0.28507357835769653,-0.35583001375198364,0.9999566078186035,0.5391306281089783,0.28418099880218506,-0.35549482703208923,0.9999449253082275,0.4955490529537201,0.28914597630500793,-0.34535256028175354,0.9999468326568604,0.48978322744369507,0.2895352840423584,-0.3452762961387634,0.9999600052833557,0.48386234045028687,0.2904566824436188,-0.3456677496433258,0.9999510049819946,0.5583819150924683,0.2919941246509552,-0.11300613731145859,0.9999428391456604,0.48144644498825073,0.30424442887306213,-0.056461770087480545,0.9999723434448242,0.5263456106185913,0.3681577444076538,-0.30034440755844116,0.9999882578849792,0.4938414990901947,0.3718869090080261,-0.285502165555954,0.999987006187439,0.6399973630905151,0.49374985694885254,-0.012151530012488365,0.9999537467956543,0.4266117811203003,0.5008623003959656,0.010822290554642677,0.9999630451202393,0.7114695906639099,0.7536138892173767,-0.39090219140052795,0.9918934106826782,0.3047647178173065,0.6649695038795471,-0.4009707272052765,0.9957541227340698,0.5766552686691284,0.556603729724884,-0.8706812262535095,0.9690292477607727,0.40114825963974,0.4741148352622986,-0.8956007361412048,0.9733228087425232,0.5466315150260925,0.5150449275970459,-0.9621772170066833,0.9627587199211121,0.4367191195487976,0.45202839374542236,-0.9927601218223572,0.963283360004425,0.5421099662780762,0.48977306485176086,-0.9168540239334106,0.9661429524421692,0.45021992921829224,0.4300611615180969,-0.934049665927887,0.9655318856239319,0.5478785634040833,0.4999931752681732,-0.8625946044921875,0.9657062888145447,0.4479171633720398,0.4446074962615967,-0.8868352174758911,0.9672948122024536,0.6114607453346252,1.0177024602890015,-0.006026280112564564,0.5200772881507874,0.46571990847587585,1.0164178609848022,0.007547890301793814,0.604895830154419,0.6161715388298035,1.4697394371032715,0.05454722046852112,0.002507387427613139,0.4581858813762665,1.4660686254501343,0.08863124996423721,0.002165851416066289,0.6158563494682312,1.8484524488449097,0.3328746259212494,0.0006316830404102802,0.4616796374320984,1.8608384132385254,0.30468663573265076,0.00034094927832484245,0.6226015090942383,1.894486904144287,0.3424559533596039,0.0010231311898678541,0.4580671489238739,1.9124103784561157,0.31829556822776794,0.0008019072702154517,0.5888319611549377,1.9829957485198975,0.02003096044063568,0.0003261772508267313,0.4783191680908203,1.9872841835021973,-0.020908061414957047,0.0010960767976939678,0.5905662178993225,0.5613057613372803,-3.627179268050895e-08,0.5747478008270264,0.5274450778961182,0.0017678799340501428,0.5503985285758972,0.5090734958648682,-0.0011497299419716,0.5280613303184509,0.5151672959327698,-0.005294978618621826,0.512650728225708,0.5259156823158264,-0.010126021690666676,0.5534359216690063,0.48083552718162537,-0.0041793412528932095,0.530622124671936,0.4613778293132782,-0.011465962044894695,0.5178862810134888,0.4457566738128662,-0.015390709042549133,0.5088281035423279,0.4300249516963959,-0.018137739971280098,0.5546938180923462,0.49593132734298706,-0.009335992857813835,0.5232366323471069,0.5057819485664368,-0.01874285750091076,0.5266357660293579,0.5246443748474121,-0.019829098135232925,0.5356881618499756,0.5288037657737732,-0.019258923828601837,0.5561708211898804,0.5193930864334106,-0.01431942731142044,0.5286375284194946,0.5322414636611938,-0.023248186334967613,0.5332409143447876,0.5449792146682739,-0.0199497751891613,0.5415881872177124,0.5437151789665222,-0.01599111221730709,0.5572386980056763,0.5459034442901611,-0.018947403877973557,0.5341777205467224,0.5545507073402405,-0.024187061935663223,0.5379608273506165,0.562524676322937,-0.020871391519904137,0.5459323525428772,0.561814546585083,-0.017386039718985558,0.3970765769481659,0.48867303133010864,1.8335585494355655e-08,0.4174239933490753,0.4580076336860657,0.00036879422259517014,0.4457443654537201,0.4486874043941498,-0.003114116145297885,0.4682009220123291,0.45749741792678833,-0.007520398590713739,0.4837155342102051,0.4684814512729645,-0.01155396830290556,0.44975608587265015,0.42515355348587036,-0.0068858228623867035,0.4759458005428314,0.42245057225227356,-0.012715259566903114,0.49144718050956726,0.41961631178855896,-0.0158974789083004,0.5040165781974792,0.4154086112976074,-0.01830918900668621,0.44748106598854065,0.44762733578681946,-0.012245831079781055,0.4781464636325836,0.4704682528972626,-0.020741311833262444,0.46902644634246826,0.479942262172699,-0.021391408517956734,0.45834025740623474,0.47570809721946716,-0.02027788572013378,0.44365113973617554,0.47612255811691284,-0.017229726538062096,0.4696822464466095,0.4956672787666321,-0.022801285609602928,0.45994895696640015,0.4994986057281494,-0.017555436119437218,0.4510355591773987,0.49345967173576355,-0.013075195252895355,0.43863528966903687,0.5054486393928528,-0.02245151437819004,0.4619031250476837,0.5190499424934387,-0.022774269804358482,0.45438501238822937,0.519745945930481,-0.016565484926104546,0.44558578729629517,0.5140548348426819,-0.01206238940358162
39,39,1,1,1,1.0,1.0,1.0,0.5045893788337708,0.32588690519332886,-0.38904839754104614,0.9999791383743286,0.5200870037078857,0.28561997413635254,-0.3540375530719757,0.9999490976333618,0.5301021337509155,0.28416797518730164,-0.3540418744087219,0.9999588131904602,0.5391120314598083,0.28318852186203003,-0.3536994159221649,0.999947190284729,0.49551230669021606,0.2883707582950592,-0.3461768627166748,0.9999484419822693,0.4897310137748718,0.28885728120803833,-0.34611132740974426,0.999961793422699,0.48381394147872925,0.28976452350616455,-0.3465022146701813,0.9999526143074036,0.5583646297454834,0.2910367548465729,-0.10318498313426971,0.9999463558197021,0.4814331829547882,0.3035739064216614,-0.05828607454895973,0.9999739527702332,0.5263493657112122,0.365879088640213,-0.2974603772163391,0.9999884366989136,0.49382200837135315,0.37012752890586853,-0.286075621843338,0.9999870657920837,0.6399770975112915,0.49367672204971313,0.0023287851363420486,0.9999561905860901,0.42664650082588196,0.5006631016731262,0.010199267417192459,0.9999648332595825,0.7114410996437073,0.7536447048187256,-0.38838639855384827,0.9925826191902161,0.30640819668769836,0.6667790412902832,-0.39935725927352905,0.9961125254631042,0.5763535499572754,0.5582479238510132,-0.8872308731079102,0.9721121191978455,0.4007658362388611,0.4767038822174072,-0.8888667821884155,0.9759594202041626,0.5459938645362854,0.5176105499267578,-0.9822385907173157,0.9664201736450195,0.43651872873306274,0.45626842975616455,-0.9839027523994446,0.966805636882782,0.5413039922714233,0.4915176033973694,-0.9367474913597107,0.969459056854248,0.4500178396701813,0.4344252049922943,-0.9283463358879089,0.9687904119491577,0.5476154088973999,0.5015945434570312,-0.8798759579658508,0.9690384268760681,0.4476274251937866,0.4486750662326813,-0.8803666234016418,0.9703768491744995,0.6114401817321777,1.0178961753845215,-0.0035897644702345133,0.526326596736908,0.4656883180141449,1.0163532495498657,0.005097060464322567,0.6106637716293335,0.6160902380943298,1.4665708541870117,0.05005597695708275,0.002450757659971714,0.4581693112850189,1.4633204936981201,0.085992731153965,0.002160751260817051,0.6158491969108582,1.8464051485061646,0.3189396858215332,0.0006262525566853583,0.46206071972846985,1.8582091331481934,0.31171539425849915,0.0003425903560128063,0.6225904226303101,1.8921955823898315,0.3273788094520569,0.001036883215419948,0.4585307240486145,1.9089616537094116,0.3260585069656372,0.0008175497059710324,0.5888670682907104,1.9804701805114746,0.0012099421583116055,0.000326069857692346,0.4786827862262726,1.9848301410675049,-0.01806154102087021,0.0010886527597904205,0.59157395362854,0.5652743577957153,-3.2308793862512175e-08,0.5755915641784668,0.5309269428253174,0.001733857672661543,0.5508168339729309,0.5133426189422607,-0.001494804979301989,0.528282642364502,0.5204029083251953,-0.005972422193735838,0.5131510496139526,0.5315513610839844,-0.011173509992659092,0.5546890497207642,0.48619353771209717,-0.005087006371468306,0.5309619307518005,0.4659862816333771,-0.012632600031793118,0.5175364017486572,0.4505334198474884,-0.01665692962706089,0.5077416300773621,0.4357301890850067,-0.01939743384718895,0.5567134618759155,0.5015422701835632,-0.010427472181618214,0.5251132249832153,0.5112137198448181,-0.02013653889298439,0.5294274091720581,0.5276843309402466,-0.021268343552947044,0.5387228727340698,0.5307323336601257,-0.020732838660478592,0.5584939122200012,0.5251846313476562,-0.015519714914262295,0.5303369760513306,0.5368786454200745,-0.024857796728610992,0.535666823387146,0.5486454367637634,-0.021291647106409073,0.5443512797355652,0.5477963089942932,-0.017004283145070076,0.5595782995223999,0.5517798662185669,-0.02019258216023445,0.5351747274398804,0.5583454966545105,-0.025647716596722603,0.5395291447639465,0.5657489895820618,-0.021937614306807518,0.5477217435836792,0.5656480193138123,-0.018077457323670387,0.39566028118133545,0.4917919337749481,1.6535006253093343e-08,0.416042685508728,0.4606626629829407,-0.00010444703366374597,0.44428524374961853,0.45226991176605225,-0.004031678661704063,0.4676509499549866,0.4602644443511963,-0.008843371644616127,0.48330381512641907,0.4693506956100464,-0.013205232098698616,0.4480213522911072,0.42778652906417847,-0.007887846790254116,0.47550711035728455,0.4256401062011719,-0.014297548681497574,0.491433322429657,0.42342957854270935,-0.017625965178012848,0.5042189955711365,0.4200226366519928,-0.02003060281276703,0.4454188346862793,0.4505493938922882,-0.013160770758986473,0.4763762056827545,0.4738181233406067,-0.022870874032378197,0.4669477343559265,0.4821963310241699,-0.02383689396083355,0.4558793902397156,0.47713860869407654,-0.022664064541459084,0.4414960443973541,0.47959011793136597,-0.018040426075458527,0.4691351354122162,0.49902498722076416,-0.024618281051516533,0.4587858319282532,0.5026838779449463,-0.019182847812771797,0.4492254853248596,0.49707847833633423,-0.014205209910869598,0.43664634227752686,0.5093369483947754,-0.023149823769927025,0.4611402153968811,0.5224794149398804,-0.024151986464858055,0.4537816047668457,0.5229015350341797,-0.017972134053707123,0.4449176490306854,0.517753005027771,-0.0132365757599473
40,40,1,1,1,1.0,1.0,1.0,0.5046975612640381,0.32509076595306396,-0.3990759551525116,0.9999801516532898,0.5201595425605774,0.28512856364250183,-0.36432477831840515,0.9999514818191528,0.5301775932312012,0.283772736787796,-0.36433207988739014,0.9999610781669617,0.5392095446586609,0.28282323479652405,-0.3640044331550598,0.9999497532844543,0.49550119042396545,0.2877695858478546,-0.3565524220466614,0.9999505877494812,0.4897027015686035,0.28832608461380005,-0.3564695715904236,0.9999637007713318,0.4837961792945862,0.28923845291137695,-0.3568609356880188,0.9999546408653259,0.558390736579895,0.29073524475097656,-0.111099973320961,0.9999498128890991,0.48141366243362427,0.3033793568611145,-0.06713540107011795,0.9999756217002869,0.5264649987220764,0.36498135328292847,-0.30657002329826355,0.9999887943267822,0.49383145570755005,0.36943697929382324,-0.295291930437088,0.9999873638153076,0.6400343179702759,0.4937934875488281,0.0010812230175361037,0.9999581575393677,0.4267643392086029,0.5006877183914185,0.007634091190993786,0.9999663233757019,0.7115173935890198,0.7547127604484558,-0.38464659452438354,0.9931981563568115,0.30744096636772156,0.6676832437515259,-0.4003211259841919,0.9964345693588257,0.5768705010414124,0.5589342713356018,-0.8862848877906799,0.9748852252960205,0.4006480872631073,0.4785897135734558,-0.8876049518585205,0.9783302545547485,0.5461920499801636,0.5190215706825256,-0.9812373518943787,0.9697085618972778,0.436193585395813,0.4586469531059265,-0.98204106092453,0.9699611663818359,0.5413017868995667,0.4928430914878845,-0.9360506534576416,0.9724365472793579,0.44991540908813477,0.436911940574646,-0.9270488023757935,0.9717060923576355,0.5478377342224121,0.5026363730430603,-0.8790923357009888,0.972027599811554,0.44748106598854065,0.450958788394928,-0.8789974451065063,0.9731341004371643,0.6113163828849792,1.0180476903915405,-0.002201613038778305,0.5291011929512024,0.46502867341041565,1.0164941549301147,0.0037263084668666124,0.6129189133644104,0.6153843998908997,1.4666857719421387,0.04929642006754875,0.0023637202102690935,0.45745739340782166,1.463063359260559,0.08595161885023117,0.0021092172246426344,0.6147345900535583,1.8467280864715576,0.32253649830818176,0.0006118256133049726,0.46156832575798035,1.8578286170959473,0.3215184807777405,0.00033634353894740343,0.6213476657867432,1.8924769163131714,0.331485778093338,0.0010223907884210348,0.4580496549606323,1.9084687232971191,0.33676475286483765,0.0008048667223192751,0.5879135727882385,1.980735182762146,0.0022837647702544928,0.0003215184551663697,0.47818222641944885,1.9843460321426392,-0.011012283153831959,0.0010700467973947525,0.5912667512893677,0.5667645335197449,-2.975265545046568e-08,0.5745483636856079,0.5334699153900146,0.002033758442848921,0.549763560295105,0.5159053206443787,-0.001004249439574778,0.5277628898620605,0.5235555171966553,-0.0053591192699968815,0.5128970742225647,0.534800112247467,-0.010452616959810257,0.5528520345687866,0.4889531135559082,-0.0046839783899486065,0.5298148393630981,0.46874696016311646,-0.012043372727930546,0.5167902708053589,0.45327863097190857,-0.015866775065660477,0.5073334574699402,0.43853288888931274,-0.018521767109632492,0.5553828477859497,0.5040352940559387,-0.010115491226315498,0.5246129035949707,0.5159446001052856,-0.01970972679555416,0.5293803811073303,0.5325761437416077,-0.02062348648905754,0.5388709902763367,0.5350480675697327,-0.01998528465628624,0.5577263236045837,0.5277058482170105,-0.015331069938838482,0.5302897691726685,0.5410645008087158,-0.024451972916722298,0.5358986854553223,0.5524169206619263,-0.020856041461229324,0.5445264577865601,0.550754189491272,-0.016663014888763428,0.5593941807746887,0.5544577836990356,-0.020116979256272316,0.5355612635612488,0.5619890093803406,-0.025416716933250427,0.5397709608078003,0.5690394639968872,-0.021813249215483665,0.5475797653198242,0.5682104825973511,-0.018094906583428383,0.3953718841075897,0.49324703216552734,1.7021715592591136e-08,0.4156045913696289,0.46190035343170166,0.00021447859762702137,0.44372496008872986,0.45357853174209595,-0.0036453448701649904,0.4667271375656128,0.4620465338230133,-0.008422627113759518,0.48273220658302307,0.47100067138671875,-0.012804229743778706,0.4479216933250427,0.4302147626876831,-0.007975876331329346,0.4755985140800476,0.428331583738327,-0.01421957928687334,0.49147477746009827,0.42707833647727966,-0.01739342138171196,0.5041705369949341,0.4246005117893219,-0.01965905725955963,0.4450559914112091,0.45309892296791077,-0.013310646638274193,0.47601810097694397,0.47583556175231934,-0.02270127460360527,0.46680212020874023,0.4839504659175873,-0.02351696789264679,0.4560890197753906,0.47902044653892517,-0.022409966215491295,0.4410059154033661,0.4820111393928528,-0.018197670578956604,0.4691333770751953,0.501235842704773,-0.024547012522816658,0.45895475149154663,0.5046547651290894,-0.019049830734729767,0.449440598487854,0.4990207254886627,-0.014174440875649452,0.4360934793949127,0.5112613439559937,-0.023266129195690155,0.4610372483730316,0.5244511365890503,-0.024142608046531677,0.4537060856819153,0.5250155925750732,-0.017911911010742188,0.4447818100452423,0.5202001929283142,-0.013214504346251488
41,41,1,1,1,1.0,1.0,1.0,0.5047079920768738,0.3245256841182709,-0.4013373851776123,0.9999810457229614,0.520166277885437,0.284769207239151,-0.3650440275669098,0.9999531507492065,0.5301879644393921,0.2834837734699249,-0.3650020956993103,0.9999629259109497,0.5392388701438904,0.2825612425804138,-0.3646206855773926,0.9999516010284424,0.49548959732055664,0.2872704863548279,-0.3575651943683624,0.9999520778656006,0.4896857738494873,0.2878347933292389,-0.35749784111976624,0.9999651908874512,0.48376452922821045,0.288702130317688,-0.35788586735725403,0.9999560713768005,0.5584078431129456,0.2905134856700897,-0.1121099665760994,0.9999526143074036,0.4813825488090515,0.3030027747154236,-0.06975405663251877,0.9999768733978271,0.5264661312103271,0.3644361197948456,-0.30957916378974915,0.9999889135360718,0.4938153624534607,0.3688672184944153,-0.2988210618495941,0.9999874830245972,0.6400349736213684,0.49394235014915466,0.00048017362132668495,0.9999594688415527,0.426594078540802,0.5007011890411377,0.0036940905265510082,0.9999673366546631,0.7116225957870483,0.7554634809494019,-0.3842552900314331,0.9937412738800049,0.3075597584247589,0.6680358052253723,-0.4068358540534973,0.9967029094696045,0.5773590207099915,0.5598465204238892,-0.8813685178756714,0.9773791432380676,0.40059328079223633,0.481595903635025,-0.9147009253501892,0.980461835861206,0.546684205532074,0.5195882320404053,-0.9755745530128479,0.9726648926734924,0.4359143078327179,0.45942914485931396,-1.0142251253128052,0.9728009700775146,0.5416839122772217,0.49344879388809204,-0.9312542676925659,0.9751135110855103,0.4497411847114563,0.4379137456417084,-0.9600450992584229,0.9743329286575317,0.5481778979301453,0.5027970671653748,-0.8741364479064941,0.9747149348258972,0.447249174118042,0.4519028067588806,-0.9071688055992126,0.975616455078125,0.6091530919075012,1.0203794240951538,-0.0024413520004600286,0.5220422744750977,0.46297186613082886,1.016613245010376,0.003977765794843435,0.606083869934082,0.61229407787323,1.46673583984375,0.05114937201142311,0.0022458049934357405,0.4549923837184906,1.461867094039917,0.07999237626791,0.002004470909014344,0.610215961933136,1.8467930555343628,0.3293083906173706,0.0005939808906987309,0.4577430188655853,1.8566113710403442,0.3116917014122009,0.00032170061604119837,0.6165127158164978,1.8927247524261475,0.33830520510673523,0.0009988900274038315,0.4540030062198639,1.9076648950576782,0.32592087984085083,0.0007687878678552806,0.5830441117286682,1.9800093173980713,0.009470030665397644,0.0003146121453028172,0.4738262891769409,1.982597827911377,-0.023067031055688858,0.0010284663876518607,0.5915132164955139,0.568114161491394,-3.2645257164176655e-08,0.57439786195755,0.5354076623916626,0.0017359983175992966,0.549397349357605,0.5186931490898132,-0.0013269309420138597,0.5275990962982178,0.5259977579116821,-0.005657135043293238,0.5121383666992188,0.5366427302360535,-0.010757188312709332,0.5524932146072388,0.4896734952926636,-0.004689166322350502,0.5296804904937744,0.46988803148269653,-0.012025119736790657,0.5167252421379089,0.4536617398262024,-0.01600051112473011,0.5073773860931396,0.4383372664451599,-0.01869700476527214,0.555348813533783,0.5043491125106812,-0.009928222745656967,0.523676335811615,0.5167103409767151,-0.019413268193602562,0.5274930000305176,0.5348865985870361,-0.02050558105111122,0.5367554426193237,0.5395241975784302,-0.019939128309488297,0.5579764246940613,0.5281316041946411,-0.014951599761843681,0.5301212668418884,0.5416616797447205,-0.023929156363010406,0.5351539254188538,0.5536959171295166,-0.020468151196837425,0.5438671112060547,0.5536897778511047,-0.016290588304400444,0.5597887635231018,0.5550771355628967,-0.019566252827644348,0.5355405807495117,0.5619262456893921,-0.024738697335124016,0.5392531752586365,0.5693610906600952,-0.02112298272550106,0.547138512134552,0.5697426199913025,-0.017314216122031212,0.40271875262260437,0.49031877517700195,-1.7141871921921847e-08,0.4190543293952942,0.46320730447769165,-0.0008570465142838657,0.44560426473617554,0.4556836187839508,-0.005024035926908255,0.46752670407295227,0.46396926045417786,-0.009590367786586285,0.4821113348007202,0.47221022844314575,-0.013820051215589046,0.4469654858112335,0.431863933801651,-0.011523375287652016,0.47419220209121704,0.4293150007724762,-0.01932481676340103,0.48992690443992615,0.4288867115974426,-0.023556513711810112,0.5028731822967529,0.42709577083587646,-0.026319079101085663,0.44478723406791687,0.4538070261478424,-0.016384217888116837,0.47521552443504333,0.4775940775871277,-0.025878511369228363,0.4660605490207672,0.48695263266563416,-0.02608351781964302,0.45512455701828003,0.48190274834632874,-0.024687178432941437,0.4413575232028961,0.482662558555603,-0.020881623029708862,0.46877574920654297,0.5036427974700928,-0.0276634581387043,0.4591478407382965,0.5084511041641235,-0.0218522772192955,0.4500690996646881,0.5024164319038391,-0.01677088253200054,0.4366840124130249,0.512017548084259,-0.025629693642258644,0.46156761050224304,0.5270556807518005,-0.02706400491297245,0.4539385735988617,0.5284455418586731,-0.020457305014133453,0.44447818398475647,0.523049533367157,-0.015446231700479984
42,42,1,1,1,1.0,1.0,1.0,0.5048680901527405,0.3243451416492462,-0.38713574409484863,0.9999817609786987,0.52029949426651,0.28457120060920715,-0.3510569930076599,0.9999547004699707,0.5303091406822205,0.28332844376564026,-0.3510471284389496,0.9999645948410034,0.5393673181533813,0.2824183702468872,-0.35072508454322815,0.9999533891677856,0.49550560116767883,0.28702640533447266,-0.3444449007511139,0.9999533295631409,0.48966458439826965,0.2876085937023163,-0.3443557918071747,0.9999664425849915,0.48376747965812683,0.28845536708831787,-0.344756543636322,0.9999572038650513,0.5584261417388916,0.29041117429733276,-0.09744146466255188,0.9999551773071289,0.4813671410083771,0.30291521549224854,-0.05839167535305023,0.9999780058860779,0.5265647172927856,0.36423107981681824,-0.29470309615135193,0.9999890327453613,0.49383628368377686,0.3687104880809784,-0.284917414188385,0.9999874830245972,0.6400282979011536,0.4939865171909332,0.009166653268039227,0.9999609589576721,0.4265193045139313,0.5010756254196167,0.008805976249277592,0.9999682307243347,0.7117036581039429,0.7563749551773071,-0.3731212615966797,0.9942505359649658,0.30743536353111267,0.6683332324028015,-0.4054698944091797,0.9969658255577087,0.5776420831680298,0.560422420501709,-0.8788847923278809,0.9796255826950073,0.4004354774951935,0.4836099147796631,-0.9109798669815063,0.9823848009109497,0.5468674302101135,0.5205962657928467,-0.9722819924354553,0.9753305315971375,0.43575215339660645,0.4596869647502899,-1.009243369102478,0.9753646850585938,0.5418015122413635,0.49426960945129395,-0.9278110861778259,0.9775272607803345,0.44967952370643616,0.4382511079311371,-0.9557649493217468,0.9767032265663147,0.5483493208885193,0.5035362243652344,-0.8714581727981567,0.9771420955657959,0.4471089541912079,0.4525608718395233,-0.9033845067024231,0.9778629541397095,0.6091257929801941,1.020633578300476,-0.0015271628508344293,0.5266480445861816,0.4629093110561371,1.0164164304733276,0.003064942080527544,0.610548734664917,0.6123185753822327,1.4667916297912598,0.04959668964147568,0.0021347706206142902,0.4549528658390045,1.462048053741455,0.07608114182949066,0.0019153272733092308,0.6103670597076416,1.8469070196151733,0.32553109526634216,0.0005710413097403944,0.45733341574668884,1.8567724227905273,0.30157920718193054,0.0003097357111983001,0.6166484355926514,1.8928228616714478,0.33437731862068176,0.0009629444684833288,0.4534589946269989,1.9077696800231934,0.31529736518859863,0.0007344146142713726,0.5832236409187317,1.9800983667373657,0.006593555677682161,0.00030283641535788774,0.4734608829021454,1.9830316305160522,-0.030947435647249222,0.0009833471849560738,0.5909594893455505,0.5670536160469055,-3.65424845938378e-08,0.5735341310501099,0.534760594367981,0.0017905107233673334,0.548589825630188,0.5183244943618774,-0.0014393347082659602,0.5268112421035767,0.5257976055145264,-0.005934965796768665,0.5114873647689819,0.5365728735923767,-0.011211957782506943,0.5523489713668823,0.48903176188468933,-0.004967278800904751,0.5292539596557617,0.4699365496635437,-0.012322057038545609,0.5163068175315857,0.4540753960609436,-0.01629689522087574,0.50697922706604,0.43854063749313354,-0.01905442588031292,0.555405855178833,0.5039365887641907,-0.010297209955751896,0.5235354900360107,0.5176873803138733,-0.01989956758916378,0.5267896056175232,0.5366379618644714,-0.020965225994586945,0.5356371402740479,0.541346549987793,-0.020469356328248978,0.5580217838287354,0.5278341174125671,-0.015404345467686653,0.529764711856842,0.5420854687690735,-0.02454616315662861,0.5348804593086243,0.5538949370384216,-0.021048927679657936,0.5436192154884338,0.5533579587936401,-0.016888409852981567,0.5597702860832214,0.5546890497207642,-0.020092792809009552,0.5353007912635803,0.5617049336433411,-0.025510892271995544,0.5394860506057739,0.5688084363937378,-0.021947303786873817,0.5476911067962646,0.5685549974441528,-0.018183598294854164,0.3983965516090393,0.4954823851585388,3.08519076952507e-08,0.4163892865180969,0.4663100838661194,-0.00017722971097100526,0.4438822567462921,0.4577849209308624,-0.004102775361388922,0.4668820798397064,0.4645906388759613,-0.008720685727894306,0.4823344349861145,0.4718628227710724,-0.012943851761519909,0.4461299479007721,0.4321727454662323,-0.008601076900959015,0.47332847118377686,0.43094632029533386,-0.015608162619173527,0.489911824464798,0.4295737147331238,-0.01933303102850914,0.5033106207847595,0.42742136120796204,-0.021932320669293404,0.4438892900943756,0.4541836977005005,-0.013741678558290005,0.4753532111644745,0.4766629934310913,-0.0235611442476511,0.4658501446247101,0.48641887307167053,-0.024312475696206093,0.455047607421875,0.48206374049186707,-0.02298939786851406,0.4407729208469391,0.4830026924610138,-0.01850578933954239,0.46870431303977966,0.5021563172340393,-0.025272764265537262,0.4583990275859833,0.5070739984512329,-0.019537966698408127,0.4492323100566864,0.5018377304077148,-0.01429072581231594,0.4367515444755554,0.5127600431442261,-0.0234737079590559,0.461050808429718,0.5255768895149231,-0.02480311319231987,0.45366114377975464,0.5273745656013489,-0.018525488674640656,0.44514957070350647,0.5227996706962585,-0.01363811269402504
43,43,1,1,1,1.0,1.0,1.0,0.5048419237136841,0.3243943750858307,-0.39190873503685,0.9999825358390808,0.5202391743659973,0.28458815813064575,-0.3565085530281067,0.9999565482139587,0.5302921533584595,0.2833462953567505,-0.3564985990524292,0.9999663829803467,0.5393660664558411,0.28244078159332275,-0.3561898171901703,0.999955415725708,0.4954156279563904,0.2870193421840668,-0.3496350347995758,0.9999549388885498,0.4895930886268616,0.2876001298427582,-0.34953179955482483,0.9999678730964661,0.48369428515434265,0.2884522080421448,-0.3499264717102051,0.9999586939811707,0.5584210157394409,0.29043594002723694,-0.10293561965227127,0.9999579191207886,0.48120275139808655,0.3029724955558777,-0.06226341426372528,0.9999792575836182,0.5265467166900635,0.3643051087856293,-0.2992822527885437,0.99998939037323,0.4937816560268402,0.3687486946582794,-0.28904274106025696,0.999987781047821,0.6400209665298462,0.49439048767089844,0.00441114092245698,0.9999625086784363,0.4263274669647217,0.5014042854309082,0.0077798026613891125,0.9999693036079407,0.7117255330085754,0.7566681504249573,-0.37438520789146423,0.9946784377098083,0.30753108859062195,0.6685221195220947,-0.4157106280326843,0.997194766998291,0.5778266191482544,0.5608890056610107,-0.8812689781188965,0.9816468954086304,0.40023520588874817,0.4839988350868225,-0.9200825095176697,0.9841169714927673,0.5469620823860168,0.5212830305099487,-0.9776269793510437,0.9777310490608215,0.43568241596221924,0.46063247323036194,-1.0184499025344849,0.9776781797409058,0.5418692827224731,0.49487268924713135,-0.9320597052574158,0.9797022938728333,0.4497491121292114,0.4393054246902466,-0.9647091627120972,0.9788459539413452,0.5484550595283508,0.504134476184845,-0.8739506006240845,0.979329526424408,0.44715410470962524,0.4535469710826874,-0.9125343561172485,0.9798951148986816,0.6092211604118347,1.0218806266784668,-0.0017434239853173494,0.5282748341560364,0.46290481090545654,1.0164875984191895,0.0032816401217132807,0.6119730472564697,0.612366795539856,1.4681496620178223,0.05087686702609062,0.0020293735433369875,0.4548167884349823,1.4638917446136475,0.08568592369556427,0.0018163035856559873,0.6107957363128662,1.847845435142517,0.33180761337280273,0.0005534883821383119,0.45740288496017456,1.857370138168335,0.3310599625110626,0.000293714867439121,0.6172857880592346,1.893699288368225,0.3412565290927887,0.0009366220911033452,0.45354533195495605,1.9083280563354492,0.34741461277008057,0.0006943907355889678,0.5832624435424805,1.9808517694473267,0.01196473278105259,0.0002913628413807601,0.47367244958877563,1.9831609725952148,0.001190882408991456,0.0009334155474789441,0.5907958745956421,0.5659249424934387,-3.822864513836066e-08,0.5742418766021729,0.5344180464744568,0.0018668577540665865,0.5496742129325867,0.5179229378700256,-0.0013525137910619378,0.5276897549629211,0.5252233743667603,-0.00578400120139122,0.5122961401939392,0.5351153612136841,-0.010975521989166737,0.5524343252182007,0.48816901445388794,-0.0053571914322674274,0.5289363265037537,0.46923673152923584,-0.012488708831369877,0.5157710313796997,0.4534813463687897,-0.01620156690478325,0.5063707232475281,0.43857458233833313,-0.018776195123791695,0.5551888346672058,0.5029962062835693,-0.010521386750042439,0.5235714316368103,0.5169143080711365,-0.019792281091213226,0.5275297164916992,0.5350582003593445,-0.02053690515458584,0.536740243434906,0.5394065976142883,-0.01985982619225979,0.5575988292694092,0.5266668200492859,-0.01539277657866478,0.5298168659210205,0.5411715507507324,-0.0241285040974617,0.5351335406303406,0.5529291033744812,-0.02041454426944256,0.5437231063842773,0.5523141026496887,-0.016244202852249146,0.5591809153556824,0.5532962083816528,-0.019834155216813087,0.535128116607666,0.5605350732803345,-0.024987507611513138,0.5392615795135498,0.5676311254501343,-0.02131841890513897,0.5471248626708984,0.5674747824668884,-0.017526905983686447,0.3965389132499695,0.49633634090423584,3.150411131969122e-08,0.4149458408355713,0.4642030894756317,-0.0002049721806542948,0.44279834628105164,0.45484137535095215,-0.004172929096966982,0.46633845567703247,0.46315714716911316,-0.008834760636091232,0.48256349563598633,0.472126841545105,-0.013150828890502453,0.44641736149787903,0.431244432926178,-0.008812304586172104,0.4740986227989197,0.429491251707077,-0.015192040242254734,0.4904405176639557,0.42793580889701843,-0.01842832751572132,0.5035573244094849,0.4254361391067505,-0.02075597643852234,0.44412651658058167,0.4545864462852478,-0.013907677493989468,0.47545987367630005,0.47684064507484436,-0.023300355300307274,0.46613025665283203,0.48598042130470276,-0.023959742859005928,0.4554504156112671,0.4813424050807953,-0.02276654914021492,0.4406488239765167,0.48382920026779175,-0.018544021993875504,0.46860378980636597,0.5021492838859558,-0.02518407441675663,0.4580632448196411,0.5064675211906433,-0.019565602764487267,0.44856613874435425,0.5008034110069275,-0.014522320590913296,0.4361210763454437,0.5133194327354431,-0.02333918772637844,0.4611000716686249,0.5253061056137085,-0.024620937183499336,0.45348796248435974,0.5266531705856323,-0.018276536837220192,0.44433873891830444,0.5218327641487122,-0.013403008691966534
44,44,1,1,1,1.0,1.0,1.0,0.5048347115516663,0.3249463737010956,-0.38911938667297363,0.999983012676239,0.5202067494392395,0.2848206162452698,-0.35319051146507263,0.9999579787254333,0.5302833318710327,0.28355872631073,-0.35318970680236816,0.9999677538871765,0.5393614768981934,0.28264424204826355,-0.35288313031196594,0.9999569654464722,0.4953618347644806,0.28718939423561096,-0.3472002148628235,0.9999560713768005,0.4895402789115906,0.28773796558380127,-0.3471039831638336,0.999968945980072,0.48364630341529846,0.2886148989200592,-0.34751012921333313,0.9999598264694214,0.5583822727203369,0.290528804063797,-0.09581776708364487,0.9999600052833557,0.4810318946838379,0.3031271994113922,-0.05906915292143822,0.9999802708625793,0.5264822840690613,0.36479103565216064,-0.29498985409736633,0.9999895691871643,0.49374449253082275,0.36920633912086487,-0.28582555055618286,0.9999879002571106,0.6399287581443787,0.4947008192539215,0.016368361189961433,0.9999638795852661,0.4260360598564148,0.5016488432884216,0.006612436845898628,0.9999702572822571,0.7117137312889099,0.7566996216773987,-0.36508479714393616,0.9950923323631287,0.3074779808521271,0.6687401533126831,-0.4136255085468292,0.9974128007888794,0.5779569149017334,0.5613003373146057,-0.8802391290664673,0.9834657907485962,0.4000377655029297,0.48477667570114136,-0.9121655821800232,0.985670804977417,0.5470858812332153,0.5219575762748718,-0.9772591590881348,0.9798853993415833,0.43567267060279846,0.461760938167572,-1.0091803073883057,0.9797329902648926,0.5419414043426514,0.4953373074531555,-0.9320042133331299,0.9816527366638184,0.4497840404510498,0.4404975175857544,-0.9555378556251526,0.9807406067848206,0.5485430955886841,0.5046352744102478,-0.8732067346572876,0.981286883354187,0.4472179114818573,0.45462459325790405,-0.9043117761611938,0.9816873073577881,0.6090702414512634,1.0235474109649658,0.00012267458077985793,0.5362640023231506,0.46248573064804077,1.0165820121765137,0.0013964730314910412,0.6188241839408875,0.6109820008277893,1.4706274271011353,0.05205594748258591,0.002001816174015403,0.45246797800064087,1.4653167724609375,0.08373480290174484,0.00180131196975708,0.608194887638092,1.8511046171188354,0.33327972888946533,0.0005565792671404779,0.454210102558136,1.8594492673873901,0.32593613862991333,0.00029243514291010797,0.6145584583282471,1.8967313766479492,0.34246960282325745,0.0009476755512878299,0.4502717852592468,1.9099525213241577,0.3415706753730774,0.0006900533335283399,0.58039391040802,1.9847536087036133,0.01229932438582182,0.000291905045742169,0.46993738412857056,1.9867030382156372,-0.007679684087634087,0.0009229027200490236,0.5912545919418335,0.5664765238761902,-3.9422168640612654e-08,0.5745351910591125,0.5347158312797546,0.0018070780206471682,0.5502145886421204,0.5177146196365356,-0.0014662058092653751,0.5281631350517273,0.5243443250656128,-0.005936422850936651,0.5127642154693604,0.5337975025177002,-0.011173700913786888,0.5536985397338867,0.48789042234420776,-0.0057618808932602406,0.5299913287162781,0.46872130036354065,-0.013246825896203518,0.5166975855827332,0.45330244302749634,-0.01715802401304245,0.5070297718048096,0.43865370750427246,-0.01978461630642414,0.5563772320747375,0.5026019811630249,-0.01096914429217577,0.5241638422012329,0.5145950317382812,-0.020488832145929337,0.5278059840202332,0.5324680209159851,-0.021349431946873665,0.5367276668548584,0.5367703437805176,-0.020668979734182358,0.5585744976997375,0.5261213183403015,-0.01587042585015297,0.5299389958381653,0.5398896336555481,-0.024867258965969086,0.5351072549819946,0.5522119998931885,-0.021135417744517326,0.543741762638092,0.55195552110672,-0.01682085543870926,0.5597788691520691,0.5527985095977783,-0.020335553213953972,0.5349808931350708,0.5600871443748474,-0.02565513178706169,0.5391877293586731,0.5673789978027344,-0.021967973560094833,0.547298014163971,0.5671122074127197,-0.018091848120093346,0.4037308990955353,0.4893423318862915,-2.8346509139964837e-08,0.4202788770198822,0.461107462644577,-0.00045090349158272147,0.4461110234260559,0.45364201068878174,-0.00458933599293232,0.4675878584384918,0.4620988965034485,-0.009191019460558891,0.4821663498878479,0.47099339962005615,-0.013462035916745663,0.4483262002468109,0.4300297796726227,-0.011372452601790428,0.4748609662055969,0.42789897322654724,-0.019347211346030235,0.49047932028770447,0.42795708775520325,-0.023787962272763252,0.5032660365104675,0.4266887605190277,-0.02662605233490467,0.44566309452056885,0.45214176177978516,-0.016392122954130173,0.4756414592266083,0.47637078166007996,-0.026060262694954872,0.46641653776168823,0.48534905910491943,-0.026507455855607986,0.4552440941333771,0.4803633689880371,-0.025141702964901924,0.441967636346817,0.4813901484012604,-0.020962778478860855,0.469156950712204,0.5027858018875122,-0.027855664491653442,0.4593978226184845,0.5074158310890198,-0.022067463025450706,0.44995197653770447,0.501979649066925,-0.01684080995619297,0.4373874366283417,0.5110983848571777,-0.025716647505760193,0.46186989545822144,0.5258172154426575,-0.02732144296169281,0.4541686177253723,0.5273330807685852,-0.020689258351922035,0.44489097595214844,0.5226657390594482,-0.01552001852542162
45,45,1,1,1,1.0,1.0,1.0,0.5048253536224365,0.32518595457077026,-0.38469311594963074,0.9999836683273315,0.5202009081840515,0.28487515449523926,-0.3490515649318695,0.9999596476554871,0.5302852392196655,0.28361138701438904,-0.3490629494190216,0.9999692440032959,0.539368212223053,0.28270208835601807,-0.3487689197063446,0.9999588131904602,0.49531856179237366,0.2872241735458374,-0.3433321714401245,0.9999576210975647,0.48949864506721497,0.28776025772094727,-0.34322017431259155,0.9999701976776123,0.48361536860466003,0.28864550590515137,-0.3436333239078522,0.9999613165855408,0.5583779811859131,0.29056671261787415,-0.09220799058675766,0.9999622106552124,0.4808906614780426,0.30314549803733826,-0.056371014565229416,0.9999813437461853,0.5264375805854797,0.36498573422431946,-0.29065051674842834,0.999989926815033,0.49368855357170105,0.36946341395378113,-0.2818664312362671,0.9999881982803345,0.6397879719734192,0.4947652518749237,0.017469990998506546,0.9999656081199646,0.4257744550704956,0.5017505288124084,0.007469555363059044,0.9999716281890869,0.711696982383728,0.756675660610199,-0.3639679253101349,0.9954890608787537,0.3074398636817932,0.6690921783447266,-0.4125664532184601,0.9976281523704529,0.5779764652252197,0.5614343285560608,-0.8830457925796509,0.985105574131012,0.3999750018119812,0.4858085513114929,-0.9128566384315491,0.9870811700820923,0.5470829606056213,0.5224037170410156,-0.9821863770484924,0.9818329215049744,0.43563854694366455,0.46228623390197754,-1.009813904762268,0.9816319942474365,0.5418404340744019,0.49567753076553345,-0.9354055523872375,0.9834159016609192,0.4497720003128052,0.44065943360328674,-0.9576609134674072,0.9825010895729065,0.5484882593154907,0.5049412846565247,-0.8757075071334839,0.9830616116523743,0.447182834148407,0.45490092039108276,-0.9053031802177429,0.9833590388298035,0.6090943217277527,1.0247925519943237,0.00032757161534391344,0.5529705882072449,0.4624153673648834,1.0165849924087524,0.0011784008238464594,0.6333367228507996,0.611091673374176,1.4706649780273438,0.05176595225930214,0.0019414693815633655,0.45219874382019043,1.4653643369674683,0.09113802015781403,0.0017620674334466457,0.6082767248153687,1.851206660270691,0.33198684453964233,0.000540902023203671,0.45364880561828613,1.8597172498703003,0.33732080459594727,0.0002871706383302808,0.6146683692932129,1.8967976570129395,0.341141015291214,0.0009211688884533942,0.44933828711509705,1.9102702140808105,0.35367220640182495,0.0006703265244141221,0.5806819200515747,1.9848703145980835,0.010716763325035572,0.00028378330171108246,0.47036612033843994,1.9869794845581055,0.006699265446513891,0.0008949604234658182,0.5906092524528503,0.5661369562149048,-3.43307000605364e-08,0.5745712518692017,0.5338193774223328,0.0016792225651443005,0.5502309203147888,0.5161193013191223,-0.0017632213421165943,0.5278741121292114,0.5228326916694641,-0.006329555530101061,0.5122770667076111,0.5335708260536194,-0.011711038649082184,0.5537119507789612,0.4874916076660156,-0.006254476495087147,0.5296654105186462,0.4683764576911926,-0.01369721069931984,0.5164795517921448,0.4525853395462036,-0.01769336871802807,0.5070824027061462,0.43704867362976074,-0.020452219992876053,0.5561449527740479,0.5028278231620789,-0.011437702924013138,0.5242003202438354,0.5135595202445984,-0.02067374996840954,0.5275961756706238,0.5316880345344543,-0.0214396920055151,0.5365467071533203,0.5362588167190552,-0.0208603348582983,0.558368444442749,0.5267776846885681,-0.016281545162200928,0.5300657749176025,0.5392535924911499,-0.024983692914247513,0.5350235104560852,0.5514434576034546,-0.021105201914906502,0.5437234044075012,0.5512291789054871,-0.016895487904548645,0.5597315430641174,0.5536605715751648,-0.020711857825517654,0.5351899862289429,0.5597248673439026,-0.025910180062055588,0.5393382906913757,0.5667687058448792,-0.022083792835474014,0.547505795955658,0.5665468573570251,-0.018221845850348473,0.39893579483032227,0.4928062856197357,3.287261662876517e-08,0.4172849655151367,0.4637944996356964,-2.793569365167059e-05,0.4447636604309082,0.4554250240325928,-0.0038949311710894108,0.46751484274864197,0.46219539642333984,-0.00843887310475111,0.4825054407119751,0.46963948011398315,-0.012659289874136448,0.44708824157714844,0.43057486414909363,-0.008667068555951118,0.4739547073841095,0.42870718240737915,-0.015682056546211243,0.490585058927536,0.4272400736808777,-0.019559722393751144,0.5040192008018494,0.4251197576522827,-0.022278422489762306,0.4445672333240509,0.453078031539917,-0.013930877670645714,0.47630783915519714,0.4746699929237366,-0.0238479096442461,0.4669567048549652,0.48429587483406067,-0.024751421064138412,0.45581188797950745,0.48017361760139465,-0.02348003163933754,0.44113609194755554,0.4821564555168152,-0.018770448863506317,0.46906498074531555,0.5004767179489136,-0.02542099356651306,0.45900237560272217,0.5051953196525574,-0.019722290337085724,0.4496937692165375,0.49999573826789856,-0.014516240917146206,0.43685629963874817,0.5118453502655029,-0.023805711418390274,0.46105092763900757,0.5235579013824463,-0.024965690448880196,0.45364055037498474,0.5251061320304871,-0.018579039722681046,0.44509997963905334,0.5204569697380066,-0.013652127236127853
46,46,1,1,1,1.0,1.0,1.0,0.5047491788864136,0.3251884877681732,-0.387458473443985,0.9999845623970032,0.5201192498207092,0.28486067056655884,-0.35188958048820496,0.9999619126319885,0.5302457809448242,0.28359776735305786,-0.35189083218574524,0.9999710917472839,0.5393449068069458,0.28269344568252563,-0.351596474647522,0.9999611973762512,0.49520084261894226,0.28719452023506165,-0.3454912304878235,0.9999598264694214,0.4894167184829712,0.2877224087715149,-0.3453724682331085,0.999971866607666,0.4835338890552521,0.2886035144329071,-0.34577056765556335,0.9999634027481079,0.5583353638648987,0.29055073857307434,-0.09614621102809906,0.9999647736549377,0.48074132204055786,0.3031068742275238,-0.05699363350868225,0.9999825954437256,0.5263428092002869,0.36499297618865967,-0.29404231905937195,0.9999904036521912,0.4935847818851471,0.36945465207099915,-0.28439900279045105,0.9999887347221375,0.6396645903587341,0.4949515163898468,0.013779841363430023,0.9999673366546631,0.42557522654533386,0.5017660856246948,0.008651794865727425,0.9999729990959167,0.7112525105476379,0.7566490173339844,-0.3668716847896576,0.9958449602127075,0.3073940873146057,0.6691852807998657,-0.4111109972000122,0.9978189468383789,0.5779580473899841,0.561842679977417,-0.8842803239822388,0.9865815043449402,0.39993399381637573,0.48656392097473145,-0.9099785685539246,0.988349199295044,0.5469904541969299,0.5228071808815002,-0.9835212826728821,0.9835894703865051,0.4355921447277069,0.4627496302127838,-1.0061664581298828,0.9833395481109619,0.541772723197937,0.4959515333175659,-0.9369497299194336,0.9850078821182251,0.449741393327713,0.4410746395587921,-0.9535596966743469,0.9840866923332214,0.548475980758667,0.5052356123924255,-0.8770201206207275,0.9846655130386353,0.4471402168273926,0.4554212987422943,-0.9021865725517273,0.9848648309707642,0.6088621616363525,1.0261070728302002,-0.0014996191021054983,0.5635873079299927,0.4619724154472351,1.0186264514923096,0.003046381054446101,0.6429667472839355,0.6108176112174988,1.4710278511047363,0.047984156757593155,0.0018659825436770916,0.45149749517440796,1.466070532798767,0.09584401547908783,0.0016994086327031255,0.6083906888961792,1.8515827655792236,0.3284164071083069,0.0005236262804828584,0.45355403423309326,1.8603050708770752,0.3398040235042572,0.00027547572972252965,0.6148593425750732,1.8970632553100586,0.33770591020584106,0.0008916701772250235,0.4492707848548889,1.9107768535614014,0.35587990283966064,0.000640491081867367,0.5806302428245544,1.9849543571472168,0.00690293125808239,0.00027367708389647305,0.47067710757255554,1.9872863292694092,0.008530468679964542,0.0008543762960471213,0.5902732610702515,0.5665439367294312,-3.723308239500511e-08,0.5740407705307007,0.5351610779762268,0.0016593353357166052,0.5499061346054077,0.5180656909942627,-0.0017073516501113772,0.5279866456985474,0.524043083190918,-0.006245048251003027,0.512455403804779,0.533067524433136,-0.011486551724374294,0.5536032915115356,0.48815667629241943,-0.0056700194254517555,0.5300115346908569,0.46826088428497314,-0.013187160715460777,0.5168096423149109,0.4526209831237793,-0.01720198057591915,0.5073352456092834,0.43743547797203064,-0.019927557557821274,0.555802583694458,0.5028052926063538,-0.010814261622726917,0.5244349241256714,0.5137011408805847,-0.020235616713762283,0.5274511575698853,0.532301664352417,-0.021069202572107315,0.5361140966415405,0.536997377872467,-0.020432990044355392,0.5576702952384949,0.5261067748069763,-0.01569516770541668,0.5299403071403503,0.5391671657562256,-0.02446327544748783,0.5348187685012817,0.5517914891242981,-0.020670389756560326,0.5432936549186707,0.5513384342193604,-0.016462629660964012,0.5587572455406189,0.5524656772613525,-0.020198611542582512,0.5349059104919434,0.5593308806419373,-0.025352127850055695,0.5390428304672241,0.5669988989830017,-0.021601583808660507,0.5470739603042603,0.5665486454963684,-0.017765749245882034,0.3967124819755554,0.4933083653450012,2.9460611727927244e-08,0.4156300127506256,0.4614770710468292,-0.00023685878841206431,0.4435764253139496,0.4527401924133301,-0.004072057083249092,0.4670490324497223,0.4609905183315277,-0.00861309189349413,0.48322662711143494,0.4700005352497101,-0.012745443731546402,0.4470347762107849,0.42990410327911377,-0.008196312002837658,0.4745495319366455,0.42872413992881775,-0.014445478096604347,0.4906966984272003,0.4275078773498535,-0.017613863572478294,0.503671407699585,0.42523565888404846,-0.0199049673974514,0.4450775682926178,0.4536706209182739,-0.013181998394429684,0.4759683310985565,0.4751184582710266,-0.022391298785805702,0.4667193591594696,0.4837381839752197,-0.023104125633835793,0.45609766244888306,0.4788234233856201,-0.021920422092080116,0.44187670946121216,0.4830537438392639,-0.017766863107681274,0.468979150056839,0.5001769661903381,-0.02422311156988144,0.45854273438453674,0.5040914416313171,-0.01882048137485981,0.44917032122612,0.4982605576515198,-0.013909826055169106,0.4375653564929962,0.5125272274017334,-0.022531583905220032,0.461292028427124,0.5237345099449158,-0.02371818572282791,0.4538573920726776,0.5247864723205566,-0.01765047013759613,0.4451404809951782,0.51985764503479,-0.012968577444553375
47,47,1,1,1,1.0,1.0,1.0,0.5047245621681213,0.3248538076877594,-0.38495174050331116,0.999984860420227,0.5200586318969727,0.2845485508441925,-0.3494413495063782,0.9999624490737915,0.5301645398139954,0.28329095244407654,-0.3494352400302887,0.999971866607666,0.5392604470252991,0.28240323066711426,-0.3491334915161133,0.9999618530273438,0.4951442778110504,0.28688737750053406,-0.3426661491394043,0.99996018409729,0.4893646538257599,0.28740599751472473,-0.34257394075393677,0.999972403049469,0.4834848642349243,0.28825151920318604,-0.34297165274620056,0.9999638199806213,0.5582388639450073,0.2902272939682007,-0.0962870791554451,0.999966025352478,0.4805894196033478,0.30267229676246643,-0.05578375980257988,0.9999831914901733,0.5262839794158936,0.36459431052207947,-0.2927630543708801,0.9999903440475464,0.49353036284446716,0.3691309988498688,-0.28259626030921936,0.9999886155128479,0.6394442915916443,0.4949803948402405,0.011110891588032246,0.9999681711196899,0.4252367615699768,0.5017759203910828,0.00885607860982418,0.999973714351654,0.7105715274810791,0.7565105557441711,-0.36790066957473755,0.9961521625518799,0.3073587715625763,0.6693170070648193,-0.41100841760635376,0.9979799389839172,0.5778188109397888,0.5622661709785461,-0.8835068345069885,0.9879092574119568,0.3995119631290436,0.48689988255500793,-0.9089614748954773,0.9894888401031494,0.546745240688324,0.5232197046279907,-0.9822998046875,0.9851694107055664,0.435533732175827,0.46294280886650085,-1.0042730569839478,0.9848725199699402,0.541535496711731,0.4959757328033447,-0.9362235069274902,0.9864389896392822,0.44969621300697327,0.44126248359680176,-0.9513460993766785,0.9855093955993652,0.5483649969100952,0.5054821968078613,-0.8763409852981567,0.9861076474189758,0.44705843925476074,0.45570212602615356,-0.9008915424346924,0.9862160086631775,0.6086822748184204,1.0271958112716675,-0.0015408825129270554,0.5734865665435791,0.46184682846069336,1.0186429023742676,0.0030806465074419975,0.6522920727729797,0.6100982427597046,1.4712953567504883,0.05338175967335701,0.0018257569754496217,0.4504415690898895,1.4664769172668457,0.09581911563873291,0.0016637651715427637,0.6078675389289856,1.8517165184020996,0.33898577094078064,0.0005186171038076282,0.45282182097435,1.8605538606643677,0.33880266547203064,0.00026854948373511434,0.6144976019859314,1.8971580266952515,0.34930291771888733,0.0008882948313839734,0.44864824414253235,1.9108810424804688,0.3547018766403198,0.0006226450786925852,0.579838752746582,1.9850143194198608,0.023823492228984833,0.0002687879605218768,0.4700648784637451,1.987610936164856,0.008394504897296429,0.0008247658261097968,0.5901749730110168,0.5665486454963684,-3.8502101062931615e-08,0.5740804076194763,0.5354273319244385,0.0015372560592368245,0.54984050989151,0.5180068612098694,-0.0018598464084789157,0.5278564095497131,0.5235146284103394,-0.00636701937764883,0.5120846033096313,0.5324901938438416,-0.011616058647632599,0.5528581142425537,0.4875369966030121,-0.006097213830798864,0.5292766094207764,0.4677622318267822,-0.013749680481851101,0.5158331990242004,0.4518543779850006,-0.017908230423927307,0.5060462355613708,0.43653959035873413,-0.020760545507073402,0.5552775263786316,0.5020041465759277,-0.011231535114347935,0.5235488414764404,0.5138682126998901,-0.020590564236044884,0.5268157124519348,0.5330371260643005,-0.02129346877336502,0.5356939435005188,0.5378327965736389,-0.02063601091504097,0.5575745105743408,0.5254656672477722,-0.016109131276607513,0.5293851494789124,0.5387699604034424,-0.02493024244904518,0.5340926051139832,0.5518214106559753,-0.020954005420207977,0.5425693988800049,0.5515256524085999,-0.016664741560816765,0.5591440796852112,0.5520387291908264,-0.020612290129065514,0.5345444083213806,0.5592392683029175,-0.025916902348399162,0.5384241342544556,0.5673439502716064,-0.02208484522998333,0.5465021729469299,0.5671119093894958,-0.018182652071118355,0.4029467701911926,0.48830482363700867,-2.5876230935750755e-08,0.419793963432312,0.46018198132514954,-0.000855668040458113,0.44577500224113464,0.45296481251716614,-0.005215508863329887,0.4675537347793579,0.46192654967308044,-0.009927259758114815,0.4821034073829651,0.4706541895866394,-0.01428535208106041,0.44753798842430115,0.4294136166572571,-0.011949611827731133,0.47466880083084106,0.42749685049057007,-0.01952640898525715,0.49022042751312256,0.427539199590683,-0.023577958345413208,0.5029970407485962,0.4260180592536926,-0.026266509667038918,0.44508957862854004,0.452317476272583,-0.016789454966783524,0.47511279582977295,0.4753696024417877,-0.026195507496595383,0.46616023778915405,0.4847238063812256,-0.026604076847434044,0.4552690386772156,0.4802037477493286,-0.025381149724125862,0.4415132701396942,0.4817717969417572,-0.02114483155310154,0.4686918556690216,0.5020034313201904,-0.027644049376249313,0.45922231674194336,0.5068685412406921,-0.021884512156248093,0.44993874430656433,0.5014801621437073,-0.01691431552171707,0.4369587004184723,0.5113966464996338,-0.025731947273015976,0.46132993698120117,0.525057315826416,-0.027045028284192085,0.45389825105667114,0.5263670086860657,-0.02054489031434059,0.4447232484817505,0.5214848518371582,-0.015639610588550568
48,48,1,1,1,1.0,1.0,1.0,0.5047385096549988,0.3247092366218567,-0.3869616985321045,0.99998539686203,0.5200556516647339,0.28442060947418213,-0.3515370190143585,0.9999635219573975,0.530159056186676,0.28317323327064514,-0.35152968764305115,0.9999729990959167,0.5392542481422424,0.2822948694229126,-0.35122573375701904,0.9999630451202393,0.49513402581214905,0.2867604196071625,-0.34463202953338623,0.9999611377716064,0.4893505573272705,0.2872979938983917,-0.3445379436016083,0.9999733567237854,0.4834690988063812,0.28815731406211853,-0.34493139386177063,0.9999646544456482,0.5581995248794556,0.2901632785797119,-0.0981299951672554,0.9999676942825317,0.4805733561515808,0.30267104506492615,-0.057401444762945175,0.9999839067459106,0.5262855291366577,0.36446017026901245,-0.2946169376373291,0.9999905228614807,0.49352455139160156,0.36903247237205505,-0.28437095880508423,0.9999887347221375,0.6393141150474548,0.4953099191188812,0.007783434819430113,0.9999692440032959,0.4252125322818756,0.5026064515113831,0.008463160134851933,0.9999743700027466,0.7097488641738892,0.7564234137535095,-0.3700289726257324,0.9964191913604736,0.307388037443161,0.6698569655418396,-0.41064292192459106,0.9981160163879395,0.5777057409286499,0.5625856518745422,-0.8818060755729675,0.9891068935394287,0.3993922770023346,0.4871582090854645,-0.9109872579574585,0.9905185103416443,0.546587347984314,0.52349853515625,-0.9797005653381348,0.9866039156913757,0.43549901247024536,0.4632648825645447,-1.007860779762268,0.9862789511680603,0.541411280632019,0.4960835576057434,-0.934673547744751,0.9877411127090454,0.4496897757053375,0.4417533874511719,-0.9545482993125916,0.9868240356445312,0.5482273101806641,0.5056990385055542,-0.874818742275238,0.9874239563941956,0.4470295310020447,0.4563022553920746,-0.9032809734344482,0.9874613881111145,0.608393669128418,1.0272860527038574,-0.0015891417860984802,0.5738933682441711,0.46168243885040283,1.0184463262557983,0.0031287730671465397,0.6525809168815613,0.6101324558258057,1.4715319871902466,0.05106815695762634,0.001755962148308754,0.4504871666431427,1.4666050672531128,0.08848515152931213,0.001601763884536922,0.6080590486526489,1.8518683910369873,0.32662445306777954,0.0005070011247880757,0.45296549797058105,1.8608125448226929,0.31631457805633545,0.00025920773623511195,0.6148226261138916,1.8973400592803955,0.3354733884334564,0.0008764706435613334,0.44876813888549805,1.9112293720245361,0.33021894097328186,0.00059945770772174,0.5799210667610168,1.985131859779358,0.008437602780759335,0.00026266087661497295,0.4703606963157654,1.987721562385559,-0.015522203408181667,0.0007969739963300526,0.5892778635025024,0.5666431784629822,-3.666755432618629e-08,0.5728069543838501,0.5349029898643494,0.0016249489272013307,0.5489118695259094,0.517842173576355,-0.0018104679184034467,0.5270593762397766,0.5231894254684448,-0.0064099133014678955,0.5113663077354431,0.5315305590629578,-0.011729375459253788,0.5527171492576599,0.48702889680862427,-0.005652818363159895,0.5293410420417786,0.46741724014282227,-0.013163818046450615,0.5161775350570679,0.4516834616661072,-0.017235245555639267,0.5067711472511292,0.43636924028396606,-0.02001102827489376,0.5550705790519714,0.5016493201255798,-0.01078528817743063,0.5231953263282776,0.5130612254142761,-0.020000210031867027,0.525952160358429,0.5314950942993164,-0.020754676312208176,0.5344895720481873,0.536188542842865,-0.020197909325361252,0.5570646524429321,0.5252642631530762,-0.01568068377673626,0.5291051864624023,0.5381168127059937,-0.024389423429965973,0.5339208841323853,0.5506408214569092,-0.0204793568700552,0.5423855185508728,0.5505211353302002,-0.016258172690868378,0.5582371354103088,0.5521895289421082,-0.020201286301016808,0.534164309501648,0.5584824085235596,-0.02536877803504467,0.5382932424545288,0.5660768747329712,-0.021549813449382782,0.5463434457778931,0.5659842491149902,-0.01769896224141121,0.39746686816215515,0.49490150809288025,2.534930843012262e-08,0.4154086709022522,0.46457886695861816,6.419925193767995e-05,0.4428095519542694,0.4554470181465149,-0.0037904540076851845,0.46584224700927734,0.4624432325363159,-0.00838667806237936,0.4817560315132141,0.47037944197654724,-0.012597253546118736,0.44543561339378357,0.4315386712551117,-0.008318127132952213,0.47241097688674927,0.4293685853481293,-0.015339987352490425,0.48891931772232056,0.4278794527053833,-0.019315466284751892,0.5022241473197937,0.42547714710235596,-0.022102968767285347,0.44341719150543213,0.45423951745033264,-0.01353873685002327,0.47477829456329346,0.47484540939331055,-0.023163026198744774,0.46578729152679443,0.48465022444725037,-0.024128533899784088,0.45478197932243347,0.4806184470653534,-0.02301824651658535,0.4405602812767029,0.48340192437171936,-0.01835440844297409,0.4686371982097626,0.5001813173294067,-0.02476896159350872,0.458627313375473,0.5054512619972229,-0.018975716084241867,0.4490807056427002,0.5008179545402527,-0.013760301284492016,0.4367523193359375,0.5131658911705017,-0.023377789184451103,0.46101629734039307,0.5236311554908752,-0.0244852676987648,0.45373958349227905,0.5257840156555176,-0.018048584461212158,0.4451598823070526,0.5220496654510498,-0.013054857030510902
49,49,1,1,1,1.0,1.0,1.0,0.5047450661659241,0.32475221157073975,-0.38802817463874817,0.9999856948852539,0.5200526714324951,0.28441500663757324,-0.35278427600860596,0.9999639987945557,0.5301561951637268,0.28316766023635864,-0.3527766168117523,0.999973714351654,0.5392487645149231,0.28228992223739624,-0.352472186088562,0.9999637007713318,0.49512049555778503,0.2867524325847626,-0.34579727053642273,0.9999614357948303,0.489329993724823,0.28728917241096497,-0.34570205211639404,0.9999737739562988,0.4834614098072052,0.28815004229545593,-0.3460941016674042,0.9999648332595825,0.55817711353302,0.2901581823825836,-0.09916069358587265,0.9999688267707825,0.4805634021759033,0.3026680052280426,-0.05838460475206375,0.9999843239784241,0.5262792110443115,0.3644871115684509,-0.2957827150821686,0.9999905228614807,0.4935278296470642,0.36905306577682495,-0.2854193449020386,0.9999886751174927,0.6392351984977722,0.49539244174957275,0.007028576452285051,0.9999696612358093,0.4252125322818756,0.5026155710220337,0.007968942634761333,0.9999744296073914,0.7095001339912415,0.7564342617988586,-0.37004753947257996,0.9966497421264648,0.30746471881866455,0.6704926490783691,-0.4102983772754669,0.9982243776321411,0.5777134895324707,0.5627751350402832,-0.8797370791435242,0.990182638168335,0.3993130624294281,0.48910167813301086,-0.905109167098999,0.9914370775222778,0.5465747714042664,0.5236411094665527,-0.9769319891929626,0.987887442111969,0.43546777963638306,0.46446505188941956,-1.0015913248062134,0.9875046610832214,0.5414248704910278,0.49619704484939575,-0.9332348108291626,0.9889050126075745,0.4496680796146393,0.4433123767375946,-0.947919487953186,0.9879580736160278,0.5482349991798401,0.5058636665344238,-0.8731275200843811,0.9885978102684021,0.4470103681087494,0.4577215313911438,-0.897163450717926,0.9885373711585999,0.6075395941734314,1.0280917882919312,-0.0006272300379350781,0.5739198327064514,0.4608968496322632,1.018445372581482,0.0021538743749260902,0.6519998908042908,0.609971821308136,1.4715933799743652,0.05161243677139282,0.001690137549303472,0.45035088062286377,1.4667125940322876,0.07947559654712677,0.0015420769341289997,0.6081566214561462,1.8519459962844849,0.32706785202026367,0.0005013360641896725,0.45303836464881897,1.860984444618225,0.30761295557022095,0.0002512506034690887,0.6149224638938904,1.8974097967147827,0.33613190054893494,0.0008711448754183948,0.44887885451316833,1.9114335775375366,0.32164904475212097,0.0005770066054537892,0.5800477266311646,1.9852374792099,0.008621199056506157,0.00025788793573156,0.4703839123249054,1.987898826599121,-0.02420797012746334,0.0007725923205725849,0.5891157984733582,0.5657876133918762,-3.7949451581198446e-08,0.5734809041023254,0.5328642725944519,0.0015712733147665858,0.5495629906654358,0.5153292417526245,-0.0018524302868172526,0.5272797346115112,0.5217161178588867,-0.006406585220247507,0.5116402506828308,0.5316497683525085,-0.011709418147802353,0.5529904365539551,0.48726412653923035,-0.0059472424909472466,0.5292567014694214,0.46784377098083496,-0.013384293764829636,0.5158587098121643,0.4527052044868469,-0.01730569265782833,0.5060914754867554,0.4380521774291992,-0.020020833238959312,0.5548956990242004,0.5022571086883545,-0.01102872658520937,0.5231329798698425,0.5135024189949036,-0.020250089466571808,0.5266596078872681,0.5310050249099731,-0.020891176536679268,0.5355657935142517,0.5347897410392761,-0.02026357315480709,0.5566440224647522,0.5256897211074829,-0.015848999843001366,0.5286349058151245,0.538508951663971,-0.0245986208319664,0.5337828993797302,0.5508036017417908,-0.020700747147202492,0.5423727631568909,0.5504465103149414,-0.01649388112127781,0.5576947927474976,0.5519829392433167,-0.020292511209845543,0.5334693789482117,0.5585727095603943,-0.025482729077339172,0.53767991065979,0.566187858581543,-0.021745387464761734,0.5456780791282654,0.5661169290542603,-0.017987048253417015,0.39603522419929504,0.49631595611572266,3.018909211505161e-08,0.41485199332237244,0.46437427401542664,-0.00034781088470481336,0.4427381455898285,0.45473676919937134,-0.0042485021986067295,0.46617063879966736,0.4626523554325104,-0.008916860446333885,0.48280492424964905,0.470998615026474,-0.013198570348322392,0.44540345668792725,0.432267963886261,-0.008229210041463375,0.4728604257106781,0.4299628436565399,-0.014702877029776573,0.4891337454319,0.427999347448349,-0.0179302878677845,0.5022230744361877,0.4252692461013794,-0.02017708122730255,0.44321614503860474,0.4561154544353485,-0.01327899843454361,0.47473517060279846,0.47579482197761536,-0.022993410006165504,0.46570563316345215,0.4842887818813324,-0.023865804076194763,0.45499759912490845,0.4804583191871643,-0.022565539926290512,0.4399731159210205,0.48561394214630127,-0.01794024370610714,0.46807608008384705,0.5017960667610168,-0.024937069043517113,0.45742419362068176,0.5056456327438354,-0.019483700394630432,0.4477294683456421,0.5005607008934021,-0.014257886447012424,0.43584954738616943,0.5153524279594421,-0.0227704718708992,0.4606160521507263,0.5259165167808533,-0.024259425699710846,0.4530966877937317,0.526854395866394,-0.01807841658592224,0.44416743516921997,0.5225895643234253,-0.01316489651799202
50,50,1,1,1,1.0,1.0,1.0,0.50473952293396,0.32467737793922424,-0.38931286334991455,0.999985933303833,0.5200240612030029,0.28435543179512024,-0.353443443775177,0.9999647736549377,0.5301412343978882,0.28312045335769653,-0.35344281792640686,0.9999744892120361,0.5392401814460754,0.2822551727294922,-0.3531416654586792,0.9999645352363586,0.49505698680877686,0.2866504490375519,-0.3473445773124695,0.9999620318412781,0.4892721474170685,0.28718265891075134,-0.34724533557891846,0.9999743700027466,0.4834044873714447,0.2880440950393677,-0.347646027803421,0.9999653697013855,0.558169424533844,0.2901187837123871,-0.10013764351606369,0.9999699592590332,0.48048219084739685,0.3025856614112854,-0.06000196561217308,0.999984860420227,0.5262693166732788,0.3644334077835083,-0.29605257511138916,0.9999906420707703,0.49352365732192993,0.3689993619918823,-0.2867514491081238,0.9999887347221375,0.6392205357551575,0.49541881680488586,0.007413981948047876,0.9999703168869019,0.42517128586769104,0.5025539994239807,0.005179429426789284,0.9999747276306152,0.7094959616661072,0.7565504312515259,-0.3700515031814575,0.9968737363815308,0.3078020513057709,0.6721961498260498,-0.4107249677181244,0.9983379244804382,0.5777326226234436,0.5628945827484131,-0.8873405456542969,0.9911511540412903,0.39924168586730957,0.4917493164539337,-0.9064874649047852,0.992267370223999,0.5465840101242065,0.5239424705505371,-0.985101044178009,0.9890421628952026,0.4354674518108368,0.466781884431839,-1.0026342868804932,0.9886206984519958,0.5414477586746216,0.49629005789756775,-0.9405152797698975,0.9899522662162781,0.44965660572052,0.445346474647522,-0.9493679404258728,0.9889941215515137,0.5482521653175354,0.5059930682182312,-0.8805531859397888,0.9896525144577026,0.4469919502735138,0.4592662751674652,-0.8984125852584839,0.9895194172859192,0.6075325012207031,1.0272847414016724,0.00028827597270719707,0.578842043876648,0.46076762676239014,1.018361210823059,0.0012208077823743224,0.6561815738677979,0.6102460622787476,1.4716076850891113,0.05145951732993126,0.0016352471429854631,0.4505745470523834,1.466813564300537,0.07974737137556076,0.001496958313509822,0.6088171005249023,1.8520106077194214,0.3276158273220062,0.0004933790187351406,0.45328885316848755,1.8611258268356323,0.3118757903575897,0.0002458005037624389,0.6156743168830872,1.8974404335021973,0.33675211668014526,0.0008578243432566524,0.44909006357192993,1.9115999937057495,0.3263123035430908,0.0005601993761956692,0.580696165561676,1.9853262901306152,0.008208943530917168,0.0002530200872570276,0.4706338346004486,1.9880331754684448,-0.019955473020672798,0.0007527008419856429,0.5889289379119873,0.5662204027175903,-3.0542000928335256e-08,0.5734221935272217,0.5330512523651123,0.0013768206117674708,0.5492033958435059,0.5155045390129089,-0.0018358564702793956,0.5270835161209106,0.5217711925506592,-0.00615348294377327,0.5115146636962891,0.5318903923034668,-0.01120630744844675,0.5522394776344299,0.4886991083621979,-0.005618077237159014,0.529044508934021,0.4686000645160675,-0.01276233047246933,0.5158848762512207,0.4534698724746704,-0.0165468230843544,0.5063725709915161,0.4389554262161255,-0.01913509890437126,0.553961992263794,0.503895103931427,-0.010449616238474846,0.5235340595245361,0.5132289528846741,-0.019339533522725105,0.5265218019485474,0.530320942401886,-0.02009223774075508,0.5350175499916077,0.5347257852554321,-0.019524401053786278,0.5557523965835571,0.5272403955459595,-0.015030771493911743,0.5289162397384644,0.5392528772354126,-0.02343503013253212,0.5336481928825378,0.5513744354248047,-0.01984984427690506,0.5420608520507812,0.5515074729919434,-0.015858536586165428,0.5570048689842224,0.5531913638114929,-0.01924760453402996,0.5335692167282104,0.5592700242996216,-0.024095751345157623,0.5372552871704102,0.5667135119438171,-0.020434511825442314,0.5449918508529663,0.5669973492622375,-0.016742419451475143,0.40232059359550476,0.49167925119400024,-1.545314809447973e-08,0.41820159554481506,0.4641492962837219,-0.0009431061334908009,0.4441967308521271,0.45751863718032837,-0.005475397687405348,0.466102659702301,0.46557292342185974,-0.010317014530301094,0.481073260307312,0.4729362428188324,-0.014870092272758484,0.44518473744392395,0.43335703015327454,-0.0128767229616642,0.47237980365753174,0.43042609095573425,-0.020792599767446518,0.48790931701660156,0.4287876486778259,-0.02502075582742691,0.5006376504898071,0.426311731338501,-0.027786100283265114,0.44290730357170105,0.45578497648239136,-0.01755809783935547,0.4733923077583313,0.4778745770454407,-0.026975952088832855,0.464812695980072,0.48800984025001526,-0.027158573269844055,0.45443031191825867,0.48449283838272095,-0.02587820775806904,0.43971550464630127,0.4850795567035675,-0.021718738600611687,0.46789035201072693,0.5046140551567078,-0.028310438618063927,0.4580734074115753,0.5099555850028992,-0.022171318531036377,0.4486267566680908,0.5052592754364014,-0.01695658639073372,0.43558165431022644,0.5145862698554993,-0.026112645864486694,0.46078231930732727,0.5284977555274963,-0.027636433020234108,0.45317673683166504,0.5299353003501892,-0.021082265302538872,0.44381386041641235,0.5254022479057312,-0.016098041087388992
51,51,1,1,1,1.0,1.0,1.0,0.5046839118003845,0.32480448484420776,-0.39775779843330383,0.9999864101409912,0.5198947191238403,0.28439027070999146,-0.36325615644454956,0.9999656677246094,0.530066192150116,0.28315508365631104,-0.36324119567871094,0.9999753832817078,0.5391870737075806,0.28228864073753357,-0.3629097044467926,0.9999654293060303,0.4949099123477936,0.28668320178985596,-0.3547664284706116,0.9999629259109497,0.4891712963581085,0.2872331738471985,-0.35467416048049927,0.9999752044677734,0.4832972586154938,0.28814125061035156,-0.35505256056785583,0.9999662041664124,0.5581648349761963,0.2901268005371094,-0.11423894017934799,0.9999712705612183,0.4803840219974518,0.30290645360946655,-0.0650014728307724,0.9999854564666748,0.5262575149536133,0.3645283579826355,-0.30663204193115234,0.9999908208847046,0.4935169219970703,0.3692222237586975,-0.2942882180213928,0.9999889135360718,0.6394579410552979,0.495650053024292,-0.01408425159752369,0.9999709129333496,0.42517411708831787,0.5025599002838135,0.005097602028399706,0.9999753832817078,0.7097017168998718,0.7571333050727844,-0.38802796602249146,0.9970617890357971,0.30795565247535706,0.6752788424491882,-0.4079701006412506,0.9984344840049744,0.5772364139556885,0.5631012320518494,-0.8929105997085571,0.9920251369476318,0.3989255130290985,0.49900558590888977,-0.9062469601631165,0.993018627166748,0.545821487903595,0.5239710211753845,-0.9894810914993286,0.9900926947593689,0.4353344738483429,0.47178590297698975,-1.0023365020751953,0.9896509051322937,0.540745735168457,0.4960862994194031,-0.9448260068893433,0.9909067749977112,0.4495162069797516,0.45030733942985535,-0.9489370584487915,0.9899594187736511,0.547721803188324,0.5060825943946838,-0.8856925368309021,0.9906182885169983,0.44683679938316345,0.46320292353630066,-0.8982859253883362,0.9904348850250244,0.6076470613479614,1.0273263454437256,-0.0027157485019415617,0.5758306980133057,0.4607771039009094,1.018628478050232,0.004238487221300602,0.6546933054924011,0.6110966801643372,1.4716380834579468,0.05135587975382805,0.0015702142845839262,0.45135045051574707,1.466874122619629,0.09222487360239029,0.0014398394851014018,0.6097772121429443,1.851921558380127,0.3308846354484558,0.0004820834146812558,0.45422396063804626,1.8612490892410278,0.3343049883842468,0.00023738628078717738,0.6166788935661316,1.8973808288574219,0.34066277742385864,0.000842894078232348,0.45017364621162415,1.9117324352264404,0.3501129448413849,0.0005433443002402782,0.5815595388412476,1.9851003885269165,0.011857623234391212,0.0002468210877850652,0.4713311493396759,1.9879679679870605,0.004364789463579655,0.0007297508418560028,0.5888961553573608,0.5674859881401062,-3.224685585223597e-08,0.5724431872367859,0.5354527831077576,0.0018530369270592928,0.5481215119361877,0.5193455219268799,-0.0015902961604297161,0.5265189409255981,0.5265241861343384,-0.006152822636067867,0.5115650296211243,0.5367342233657837,-0.011458002030849457,0.5519649982452393,0.49066975712776184,-0.006430392153561115,0.5285171270370483,0.470723032951355,-0.013966427184641361,0.5150502324104309,0.4559260606765747,-0.01797536388039589,0.5051323771476746,0.4417842626571655,-0.020718125626444817,0.5543811917304993,0.5055741667747498,-0.011617065407335758,0.5233247876167297,0.5164282321929932,-0.02102457731962204,0.527394711971283,0.533294677734375,-0.021804433315992355,0.5365952253341675,0.5368372797966003,-0.021159185096621513,0.5564993023872375,0.5288004875183105,-0.016424965113401413,0.5289818644523621,0.5422413349151611,-0.025016436353325844,0.5344386100769043,0.5538640022277832,-0.021093690767884254,0.5431249737739563,0.5530220866203308,-0.016849879175424576,0.5580066442489624,0.554863691329956,-0.020817693322896957,0.534378707408905,0.562545120716095,-0.025774993002414703,0.5386350154876709,0.5699832439422607,-0.02186485193669796,0.5464994311332703,0.5696309804916382,-0.01796833612024784,0.39710065722465515,0.5021121501922607,2.5798279068567354e-08,0.41392970085144043,0.4715854525566101,8.872322359820828e-05,0.44130611419677734,0.4616975784301758,-0.003815197153016925,0.4644259512424469,0.46735304594039917,-0.008357815444469452,0.48059797286987305,0.4743804633617401,-0.01258364412933588,0.4426453113555908,0.43813276290893555,-0.00958338100463152,0.4700263738632202,0.4340943396091461,-0.01687747612595558,0.48686665296554565,0.4324581027030945,-0.020783817395567894,0.500297486782074,0.43025267124176025,-0.023407742381095886,0.4407246708869934,0.4606897830963135,-0.01468411460518837,0.4726676046848297,0.4801163673400879,-0.024289818480610847,0.46390092372894287,0.49018433690071106,-0.024819867685437202,0.4529231786727905,0.4864844083786011,-0.02343575842678547,0.4381093978881836,0.48994579911231995,-0.019313687458634377,0.46696680784225464,0.5057071447372437,-0.025732066482305527,0.4570242464542389,0.5114686489105225,-0.019629420712590218,0.4475318491458893,0.5075743794441223,-0.014206367544829845,0.4346756339073181,0.5197216272354126,-0.024107111617922783,0.45941275358200073,0.5298596620559692,-0.025310471653938293,0.4522351026535034,0.53288733959198,-0.01878536306321621,0.4439489245414734,0.5302902460098267,-0.013701694086194038
52,52,1,1,1,1.0,1.0,1.0,0.5043157339096069,0.32481929659843445,-0.41183292865753174,0.9999867677688599,0.519444465637207,0.2843860387802124,-0.37967729568481445,0.9999662041664124,0.5297002792358398,0.2831476926803589,-0.3796577453613281,0.9999760389328003,0.5389087200164795,0.2822754383087158,-0.3793424367904663,0.999966025352478,0.4945249855518341,0.2867029309272766,-0.3683069944381714,0.9999634623527527,0.48893263936042786,0.2872735857963562,-0.36818385124206543,0.9999757409095764,0.48302432894706726,0.28824061155319214,-0.36853405833244324,0.9999666213989258,0.5581369400024414,0.2901167571544647,-0.13701708614826202,0.9999722838401794,0.48037129640579224,0.3030726909637451,-0.07534714788198471,0.9999858140945435,0.5260798931121826,0.3645002245903015,-0.3232557773590088,0.9999909400939941,0.4934641420841217,0.3692264258861542,-0.30712512135505676,0.9999890327453613,0.6397375464439392,0.4958859980106354,-0.03723538666963577,0.999971330165863,0.4255567193031311,0.5020272135734558,0.005116648972034454,0.9999758005142212,0.7103322148323059,0.760256290435791,-0.3952119052410126,0.9972290992736816,0.3080798089504242,0.6790569424629211,-0.39281415939331055,0.9985147714614868,0.5773674249649048,0.5687262415885925,-0.8918456435203552,0.9928103089332581,0.39884549379348755,0.5107048153877258,-0.9056426882743835,0.9936946630477905,0.5459250807762146,0.5311369299888611,-0.9880666732788086,0.991033673286438,0.4351823627948761,0.4819236099720001,-1.002243161201477,0.9905778765678406,0.5408098101615906,0.5008265972137451,-0.9439757466316223,0.9917609095573425,0.44913411140441895,0.4593890905380249,-0.9484106302261353,0.9908282160758972,0.5477921962738037,0.510733425617218,-0.8847798705101013,0.9914820194244385,0.4462839663028717,0.47134825587272644,-0.8977466821670532,0.9912576079368591,0.6075295209884644,1.0270482301712036,-0.008449059911072254,0.5721574425697327,0.46029791235923767,1.018486738204956,0.01000889576971531,0.6518563628196716,0.6109269261360168,1.4711161851882935,0.051337890326976776,0.001494996133260429,0.4512996971607208,1.46632981300354,0.10075453668832779,0.0013781889574602246,0.6097555160522461,1.8514803647994995,0.33492106199264526,0.00046808490878902376,0.45436468720436096,1.8605390787124634,0.34919458627700806,0.00022640162205789238,0.6166812181472778,1.89715576171875,0.3451395332813263,0.0008151804795488715,0.45056426525115967,1.911117672920227,0.36543601751327515,0.0005169764626771212,0.5814219117164612,1.983767032623291,0.013814743608236313,0.00023797307221684605,0.4715132713317871,1.987116813659668,0.01719815656542778,0.0007002120837569237,0.5925456285476685,0.5754736065864563,-3.625032718446164e-08,0.5760148167610168,0.5457987785339355,0.0006391295464709401,0.551659107208252,0.5300967693328857,-0.003634949680417776,0.5293561220169067,0.5367065668106079,-0.008843086659908295,0.5135092735290527,0.5437287092208862,-0.01466209627687931,0.5551462769508362,0.4985092580318451,-0.008502388373017311,0.5301863551139832,0.48013925552368164,-0.0171053446829319,0.5160534381866455,0.46664682030677795,-0.021695729345083237,0.5054328441619873,0.452708899974823,-0.02466629631817341,0.5580118298530579,0.5124310255050659,-0.01355250645428896,0.5267418026924133,0.5179787278175354,-0.02409091778099537,0.5283145308494568,0.5351501703262329,-0.02557482197880745,0.5356791615486145,0.5414968132972717,-0.025073986500501633,0.5604297518730164,0.5346054434776306,-0.01825057901442051,0.5313282012939453,0.5457016229629517,-0.027732737362384796,0.5349271297454834,0.5592317581176758,-0.024075791239738464,0.5428889393806458,0.5605940818786621,-0.01965807005763054,0.5620278716087341,0.5605756044387817,-0.022621914744377136,0.537225067615509,0.5687530040740967,-0.02814413420855999,0.5404354333877563,0.5769635438919067,-0.02432645671069622,0.5482650995254517,0.5770711302757263,-0.020269066095352173,0.3939051330089569,0.5079670548439026,2.4352511118763687e-08,0.41224274039268494,0.4760149419307709,-0.00015141430776566267,0.439779669046402,0.4648817777633667,-0.004294424317777157,0.4631507396697998,0.4706954061985016,-0.009183166548609734,0.4797769784927368,0.47817960381507874,-0.013741174712777138,0.4413999021053314,0.44168153405189514,-0.009259835816919804,0.46877944469451904,0.43702369928359985,-0.01617434062063694,0.48497870564460754,0.43500757217407227,-0.019891932606697083,0.498124361038208,0.4324248433113098,-0.022492356598377228,0.43927744030952454,0.46479105949401855,-0.014423167333006859,0.4710504114627838,0.48548245429992676,-0.02391314134001732,0.4620897173881531,0.4951404631137848,-0.024582142010331154,0.45127347111701965,0.4911980926990509,-0.023422908037900925,0.4362049102783203,0.4942229390144348,-0.019142678007483482,0.46494245529174805,0.5103391408920288,-0.02549618110060692,0.4548342823982239,0.5153616070747375,-0.01949104107916355,0.44518542289733887,0.5107933878898621,-0.01427959743887186,0.4322948157787323,0.5242489576339722,-0.024080300703644753,0.45748665928840637,0.5343008637428284,-0.025182710960507393,0.4503355026245117,0.536150336265564,-0.018625106662511826,0.44154712557792664,0.5324195623397827,-0.01362506952136755
53,53,1,1,1,1.0,1.0,1.0,0.5042809844017029,0.3247223198413849,-0.4375375509262085,0.9999874830245972,0.5193259119987488,0.2843059301376343,-0.40651029348373413,0.9999682307243347,0.5295675992965698,0.28304028511047363,-0.4065323770046234,0.9999774098396301,0.5387671589851379,0.28215596079826355,-0.4062412679195404,0.9999680519104004,0.4943884611129761,0.2866947054862976,-0.39365577697753906,0.9999656677246094,0.4888547360897064,0.287270724773407,-0.39343345165252686,0.9999770522117615,0.48292481899261475,0.2882533073425293,-0.39377182722091675,0.9999685287475586,0.5581313967704773,0.2900264859199524,-0.16427364945411682,0.9999740719795227,0.48036232590675354,0.3032861053943634,-0.09541835635900497,0.9999865889549255,0.5259881615638733,0.36434710025787354,-0.349772572517395,0.9999914765357971,0.49345871806144714,0.36922499537467957,-0.33160191774368286,0.9999896287918091,0.6398488283157349,0.4961259365081787,-0.06671354174613953,0.9999720454216003,0.4259490668773651,0.5029436349868774,0.005386988166719675,0.9999762177467346,0.7103402614593506,0.7620021104812622,-0.41612914204597473,0.997410774230957,0.307923823595047,0.6824591159820557,-0.3732357323169708,0.9986048936843872,0.5822553038597107,0.5845510959625244,-0.9000329971313477,0.9935156106948853,0.39754417538642883,0.5203995108604431,-0.8973517417907715,0.9943026304244995,0.5502208471298218,0.5525106191635132,-0.9937664270401001,0.9918715953826904,0.4327390491962433,0.4953870475292206,-0.9936206340789795,0.9914015531539917,0.5433392524719238,0.5165289044380188,-0.9521178603172302,0.9925210475921631,0.44592514634132385,0.4728075861930847,-0.9373515844345093,0.9915972352027893,0.5504303574562073,0.5257747173309326,-0.892492413520813,0.9922495484352112,0.4426555335521698,0.4834826588630676,-0.8886195421218872,0.9919906258583069,0.6076512932777405,1.026896357536316,-0.01938270404934883,0.5705996751785278,0.4603166878223419,1.0184605121612549,0.021063048392534256,0.6504608392715454,0.6125527024269104,1.471306562423706,0.03938810154795647,0.0013991845771670341,0.4521268308162689,1.467474102973938,0.12071840465068817,0.0013016273733228445,0.6117686629295349,1.8522754907608032,0.3333670198917389,0.00043886477942578495,0.4567349851131439,1.8615740537643433,0.3874890208244324,0.0002117927506333217,0.6188138127326965,1.897926688194275,0.34388893842697144,0.0007558449287898839,0.45350566506385803,1.911798119544983,0.40579795837402344,0.00047903222730383277,0.5837789177894592,1.9843411445617676,0.008283850736916065,0.00022323559096548706,0.4760344922542572,1.9888156652450562,0.05393411964178085,0.0006599678308703005,0.5974196195602417,0.5870903134346008,-6.14199606729926e-08,0.5798942446708679,0.5579509735107422,0.0010464537190273404,0.5546202659606934,0.5425584316253662,-0.0028130931314080954,0.5319095253944397,0.5482969284057617,-0.007671965751796961,0.516288697719574,0.554882824420929,-0.013175079599022865,0.5589801669120789,0.5112437605857849,-0.00737635837867856,0.5346074104309082,0.4943523705005646,-0.01584368757903576,0.520291805267334,0.4831201434135437,-0.020484473556280136,0.5092710852622986,0.47065696120262146,-0.023655911907553673,0.5619128942489624,0.5265462398529053,-0.013039717450737953,0.5286442041397095,0.5317127108573914,-0.02349196933209896,0.5302549004554749,0.5517446398735046,-0.024728216230869293,0.5380235910415649,0.5587274432182312,-0.02404695376753807,0.5648581981658936,0.5498709082603455,-0.018428431823849678,0.5357889533042908,0.5605032444000244,-0.02784796804189682,0.5400010347366333,0.5728729963302612,-0.023746686056256294,0.5483565330505371,0.5725362300872803,-0.019115375354886055,0.5671678781509399,0.5756080746650696,-0.023528553545475006,0.5428106784820557,0.5817623138427734,-0.02900773100554943,0.5463318824768066,0.5890799760818481,-0.02480519749224186,0.5542907118797302,0.5883094072341919,-0.0205842275172472,0.388765424489975,0.5178345441818237,1.0564256136547101e-08,0.40841296315193176,0.4865610599517822,0.0001926380064105615,0.43628907203674316,0.4744999408721924,-0.004006060305982828,0.45944076776504517,0.47912755608558655,-0.009126560762524605,0.47631824016571045,0.48593050241470337,-0.013888341374695301,0.4362720847129822,0.4517509937286377,-0.009420645423233509,0.46328091621398926,0.4434783160686493,-0.016625763848423958,0.47987431287765503,0.43819087743759155,-0.020365269854664803,0.49317681789398193,0.4331668019294739,-0.022934386506676674,0.43430832028388977,0.4745262861251831,-0.015125095844268799,0.46720176935195923,0.4945482611656189,-0.02509896457195282,0.4590163230895996,0.5046915411949158,-0.025845961645245552,0.4477356970310211,0.5022920370101929,-0.024527274072170258,0.4313068985939026,0.5035378336906433,-0.02033160626888275,0.4605931043624878,0.5202996134757996,-0.026999378576874733,0.4508262574672699,0.5251862406730652,-0.02077941782772541,0.4409176707267761,0.5213578343391418,-0.015304390341043472,0.42726847529411316,0.532986581325531,-0.025765927508473396,0.45303258299827576,0.5436468720436096,-0.026896310970187187,0.44579464197158813,0.5459756851196289,-0.020025383681058884,0.4369206428527832,0.5431708693504333,-0.01478696707636118
54,54,1,1,1,1.0,1.0,1.0,0.5046573281288147,0.32372352480888367,-0.4708309471607208,0.999988317489624,0.5194647908210754,0.2837427258491516,-0.44026827812194824,0.9999704957008362,0.5296167731285095,0.28252023458480835,-0.44032540917396545,0.9999789595603943,0.5387887358665466,0.2815597653388977,-0.4400533139705658,0.9999703168869019,0.49442002177238464,0.28638386726379395,-0.42746466398239136,0.9999681115150452,0.48884931206703186,0.28705400228500366,-0.4271891415119171,0.9999786019325256,0.48296377062797546,0.28807583451271057,-0.42750370502471924,0.9999706745147705,0.5581780672073364,0.28978145122528076,-0.1942926049232483,0.9999759793281555,0.48034605383872986,0.3032841980457306,-0.12522046267986298,0.9999874234199524,0.5261175632476807,0.3632240295410156,-0.38162586092948914,0.9999921321868896,0.4936971366405487,0.3687806725502014,-0.36339080333709717,0.9999903440475464,0.6410773992538452,0.4970824122428894,-0.08651462942361832,0.9999732971191406,0.4262688159942627,0.5031512975692749,0.004289079923182726,0.999976634979248,0.7133159041404724,0.7689377665519714,-0.42157232761383057,0.9976036548614502,0.3070317506790161,0.6916053295135498,-0.3511333763599396,0.9986928701400757,0.5918509364128113,0.6062817573547363,-0.917086124420166,0.9941530823707581,0.3930426239967346,0.5320037603378296,-0.8895343542098999,0.9948552846908569,0.5593011379241943,0.5798804759979248,-1.012778878211975,0.9926354885101318,0.42474958300590515,0.5126926302909851,-0.9870796203613281,0.9921690821647644,0.552411675453186,0.5421709418296814,-0.9759140610694885,0.9932161569595337,0.4379056394100189,0.4864829182624817,-0.9327894449234009,0.9923216104507446,0.5580317378044128,0.5482913255691528,-0.9105594158172607,0.9929537177085876,0.43446260690689087,0.49510207772254944,-0.8814928531646729,0.9926795363426208,0.6076635718345642,1.0272446870803833,-0.024983003735542297,0.5710474252700806,0.4600223898887634,1.0184111595153809,0.02667890302836895,0.6490221619606018,0.6125519871711731,1.471603512763977,0.035601574927568436,0.001321772811934352,0.4516976773738861,1.4682707786560059,0.13092632591724396,0.0012478586286306381,0.6116135716438293,1.8533748388290405,0.3347034752368927,0.00041461363434791565,0.45663982629776,1.8619773387908936,0.4115385413169861,0.00019981825607828796,0.6185775995254517,1.8990625143051147,0.34552448987960815,0.000701514130923897,0.4534881114959717,1.911831259727478,0.4311981201171875,0.00044569463352672756,0.5837681293487549,1.984745979309082,0.007865366525948048,0.00021023825684096664,0.47653716802597046,1.9896697998046875,0.0754719153046608,0.0006259361398406327,0.604589581489563,0.6028621196746826,-8.368634496491723e-08,0.5865640640258789,0.5751255750656128,0.0006832917570136487,0.5608012080192566,0.5600032210350037,-0.0030553825199604034,0.5379692316055298,0.5649120807647705,-0.007603900041431189,0.5230822563171387,0.573300838470459,-0.012811047025024891,0.5650621056556702,0.5289610028266907,-0.007785839028656483,0.5401614308357239,0.5155443549156189,-0.01579349674284458,0.5245983600616455,0.5078151822090149,-0.020246021449565887,0.5129550695419312,0.49909767508506775,-0.02343764156103134,0.5681721568107605,0.5440239310264587,-0.013167640194296837,0.5345138907432556,0.5556344389915466,-0.02285376563668251,0.5351371765136719,0.5774763226509094,-0.02368314377963543,0.5423601865768433,0.5847610831260681,-0.02314772643148899,0.5715717077255249,0.5676835775375366,-0.0183431226760149,0.5413987040519714,0.5818191766738892,-0.027355438098311424,0.5440916419029236,0.5961088538169861,-0.02329210937023163,0.5517303943634033,0.596906840801239,-0.019059352576732635,0.5745408535003662,0.5936645269393921,-0.023298395797610283,0.5497714877128601,0.6035112142562866,-0.02892257273197174,0.5518325567245483,0.6128782033920288,-0.025123991072177887,0.5590912103652954,0.6137716174125671,-0.02138930931687355,0.38437172770500183,0.534751832485199,-3.624991418149648e-09,0.4038551449775696,0.5034170150756836,0.00031638224027119577,0.4302302598953247,0.4888514578342438,-0.0035722984466701746,0.45244908332824707,0.4901770055294037,-0.00855074729770422,0.46937114000320435,0.49503442645072937,-0.013151128776371479,0.4307030737400055,0.46531960368156433,-0.007779750041663647,0.4561399221420288,0.4547455310821533,-0.014917771331965923,0.4723922312259674,0.44831612706184387,-0.018938489258289337,0.48538559675216675,0.44301465153694153,-0.021710896864533424,0.42867058515548706,0.48868778347969055,-0.013611271046102047,0.46051785349845886,0.5073350071907043,-0.02365305833518505,0.45306122303009033,0.5171560049057007,-0.025095000863075256,0.44213899970054626,0.5148990154266357,-0.024222439154982567,0.4254986643791199,0.5181391835212708,-0.019034994766116142,0.45428887009620667,0.5345572233200073,-0.026102282106876373,0.4455587863922119,0.5396156311035156,-0.020596370100975037,0.43613672256469727,0.5359915494918823,-0.01553112268447876,0.4210642874240875,0.548145592212677,-0.02464333176612854,0.4464583098888397,0.5584864020347595,-0.02634894661605358,0.43922555446624756,0.5603311061859131,-0.019907386973500252,0.43016764521598816,0.5569186210632324,-0.014897812157869339
55,55,1,1,1,1.0,1.0,1.0,0.5048173666000366,0.32341721653938293,-0.5390985012054443,0.9999892711639404,0.5195395946502686,0.2834419906139374,-0.5063537955284119,0.9999729990959167,0.5296586155891418,0.2822515368461609,-0.5064244270324707,0.9999806880950928,0.5388399958610535,0.2812518775463104,-0.5061594247817993,0.9999727606773376,0.4944131076335907,0.2862645089626312,-0.4946695566177368,0.9999707937240601,0.4888332486152649,0.2869873046875,-0.4944406747817993,0.9999803304672241,0.4829576313495636,0.2880510091781616,-0.4947662055492401,0.9999731183052063,0.5583282113075256,0.28957706689834595,-0.24309688806533813,0.9999780058860779,0.4803159534931183,0.30331265926361084,-0.17955437302589417,0.9999884366989136,0.5262532830238342,0.3630308210849762,-0.44268450140953064,0.9999927878379822,0.49387311935424805,0.36878642439842224,-0.42614543437957764,0.9999911189079285,0.6425164341926575,0.49845707416534424,-0.10722322762012482,0.99997478723526,0.4262574017047882,0.5047207474708557,-0.020585650578141212,0.9999773502349854,0.7203959822654724,0.7760021686553955,-0.4146527051925659,0.9977840781211853,0.3040139675140381,0.7031053900718689,-0.3602653443813324,0.9987804889678955,0.6015834212303162,0.6338523626327515,-0.9117379784584045,0.9947252869606018,0.3851968050003052,0.5520842671394348,-0.9182072877883911,0.9953497052192688,0.5666919350624084,0.6083150506019592,-1.0066826343536377,0.993312418460846,0.41500094532966614,0.5375206470489502,-1.01909339427948,0.9928426146507263,0.5612243413925171,0.5713590383529663,-0.9709776043891907,0.9938309192657471,0.4297885000705719,0.5087072849273682,-0.9665777683258057,0.9929527044296265,0.5667550563812256,0.576378583908081,-0.9056285619735718,0.9935693144798279,0.4262184202671051,0.5149011015892029,-0.9104769229888916,0.9932772517204285,0.6079569458961487,1.029971718788147,-0.030072879046201706,0.5720613598823547,0.4596281349658966,1.0195705890655518,0.031774453818798065,0.6480743885040283,0.6124206185340881,1.4776110649108887,0.03652472794055939,0.0012911447556689382,0.4507662057876587,1.4748653173446655,0.14992286264896393,0.0012426734901964664,0.6100874543190002,1.8618208169937134,0.3531113266944885,0.00039936130633577704,0.4543788433074951,1.868882656097412,0.45376378297805786,0.00019534169405233115,0.6164678931236267,1.907210350036621,0.3647858500480652,0.0006552087725140154,0.45135852694511414,1.9174628257751465,0.47585609555244446,0.00042546255281195045,0.582400381565094,1.9946261644363403,0.015502472408115864,0.00020169993513263762,0.4762958586215973,1.9995956420898438,0.11263576149940491,0.0006111226393841207,0.6104012727737427,0.6247329711914062,-9.902579733989114e-08,0.5931386351585388,0.5970510840415955,0.001279289135709405,0.5682680606842041,0.5843766927719116,-0.002969548339024186,0.546504557132721,0.5923768281936646,-0.008088571950793266,0.531871497631073,0.5970180034637451,-0.013957344926893711,0.5722460746765137,0.5545452237129211,-0.008764397352933884,0.5459794402122498,0.5441119074821472,-0.016079170629382133,0.5298651456832886,0.5408450365066528,-0.019943002611398697,0.5181092619895935,0.5366973280906677,-0.022892294451594353,0.5758581757545471,0.5716679692268372,-0.014444012194871902,0.5421193838119507,0.5855273008346558,-0.023412523791193962,0.5449759364128113,0.6034080386161804,-0.023936673998832703,0.5532034635543823,0.60606849193573,-0.02358917146921158,0.5799427628517151,0.5961400270462036,-0.019687023013830185,0.5493732690811157,0.6117306351661682,-0.028034506365656853,0.5534694194793701,0.6235965490341187,-0.023569270968437195,0.5615666508674622,0.6215828061103821,-0.019526293501257896,0.5832787752151489,0.6231340765953064,-0.024598795920610428,0.5579679012298584,0.6349945068359375,-0.030444856733083725,0.561762273311615,0.6410363912582397,-0.02654418535530567,0.5701019167900085,0.6385343670845032,-0.022843169048428535,0.37674480676651,0.5560351610183716,-1.630636248250994e-08,0.3948119878768921,0.5254696011543274,-0.00010938118066405877,0.4216119349002838,0.5109899044036865,-0.004252621904015541,0.4440656304359436,0.5122000575065613,-0.009294222109019756,0.4618484377861023,0.515204906463623,-0.014029047451913357,0.4221654534339905,0.4878047704696655,-0.009413584135472775,0.4476175308227539,0.47736769914627075,-0.017396755516529083,0.46376022696495056,0.4720696210861206,-0.02227983996272087,0.4764614701271057,0.46715232729911804,-0.025460178032517433,0.42042985558509827,0.5118357539176941,-0.014923332259058952,0.4526967406272888,0.5315237045288086,-0.025150170549750328,0.44628626108169556,0.5418856739997864,-0.0265788696706295,0.43559229373931885,0.5389211177825928,-0.025845156982541084,0.41748738288879395,0.5417469143867493,-0.020046496763825417,0.4463977515697479,0.5570230484008789,-0.027204519137740135,0.4386647641658783,0.5637667775154114,-0.021512284874916077,0.42918404936790466,0.5604126453399658,-0.016421927139163017,0.4132583439350128,0.5713896751403809,-0.02539624273777008,0.43861883878707886,0.5813019275665283,-0.027092942968010902,0.43157804012298584,0.5845224261283875,-0.02041502669453621,0.42193418741226196,0.5818915963172913,-0.015287375077605247
56,56,1,1,1,1.0,1.0,1.0,0.5061101913452148,0.32303375005722046,-0.5441102981567383,0.9999901652336121,0.5204126834869385,0.2828425168991089,-0.5102401971817017,0.9999753832817078,0.5303987860679626,0.2817000448703766,-0.5103291869163513,0.9999823570251465,0.5396174788475037,0.2806078791618347,-0.5100675821304321,0.9999751448631287,0.4948884844779968,0.2859565317630768,-0.5006625056266785,0.9999734163284302,0.4890061318874359,0.28679466247558594,-0.5004251003265381,0.9999819993972778,0.4833281934261322,0.28787434101104736,-0.5007182955741882,0.9999754428863525,0.5586296916007996,0.28867024183273315,-0.24663177132606506,0.9999799728393555,0.4803012013435364,0.3031463623046875,-0.1932588517665863,0.9999894499778748,0.527442991733551,0.362240195274353,-0.44831547141075134,0.9999934434890747,0.49491387605667114,0.3687695562839508,-0.434644490480423,0.9999918937683105,0.64467853307724,0.500495195388794,-0.11480600386857986,0.9999767541885376,0.4249752461910248,0.5105820894241333,-0.02522069402039051,0.9999783635139465,0.7283961772918701,0.7847445011138916,-0.41060274839401245,0.9979494214057922,0.29922401905059814,0.7147164940834045,-0.3383353352546692,0.9988577961921692,0.6125422716140747,0.6670495867729187,-0.90972900390625,0.9952407479286194,0.3763543963432312,0.5850723385810852,-0.8974127769470215,0.9957880973815918,0.5794750452041626,0.6485345363616943,-1.0054681301116943,0.9939215779304504,0.40587833523750305,0.5693544745445251,-0.9961553812026978,0.9934046864509583,0.5738747119903564,0.6071595549583435,-0.9730493426322937,0.9943850040435791,0.42066261172294617,0.5399554967880249,-0.9486786127090454,0.9934677481651306,0.5786983966827393,0.6109644174575806,-0.9043440222740173,0.9941242337226868,0.41756728291511536,0.5452888607978821,-0.8911603093147278,0.9937694668769836,0.6095356941223145,1.0362498760223389,-0.03429940715432167,0.5666856169700623,0.45956945419311523,1.027938723564148,0.03606444224715233,0.6397505402565002,0.6128588318824768,1.4873408079147339,0.037061579525470734,0.0012505077756941319,0.4505937695503235,1.4888478517532349,0.16363760828971863,0.0012131574330851436,0.6100078821182251,1.8743559122085571,0.3630259931087494,0.0003823439765255898,0.4537240266799927,1.88260817527771,0.4785609841346741,0.00018746992282103747,0.6162765622138977,1.9201222658157349,0.37534844875335693,0.0006096263532526791,0.45082545280456543,1.930317997932434,0.501448929309845,0.00040147913387045264,0.5824072360992432,2.0074355602264404,0.024239126592874527,0.00019215294742025435,0.4763418436050415,2.015214443206787,0.13863961398601532,0.0005914804060012102,0.6166563034057617,0.6527208685874939,-8.433267595364669e-08,0.602084755897522,0.6238722205162048,0.001298126531764865,0.576241672039032,0.6120248436927795,-0.002193851862102747,0.5541464686393738,0.6220400333404541,-0.006167302839457989,0.5401826500892639,0.6304655075073242,-0.011119293048977852,0.5807083249092102,0.5911646485328674,-0.010456785559654236,0.5532733798027039,0.5825284123420715,-0.016209261491894722,0.5375358462333679,0.5820097327232361,-0.019270138815045357,0.5268999338150024,0.5797203183174133,-0.021917281672358513,0.5835980772972107,0.6111614108085632,-0.015111567452549934,0.5502853393554688,0.6232296228408813,-0.021437503397464752,0.5497621893882751,0.635223388671875,-0.021772975102066994,0.5554311871528625,0.6366969347000122,-0.022364333271980286,0.5873405933380127,0.6364462971687317,-0.018998369574546814,0.5567359328269958,0.6492527723312378,-0.02494753710925579,0.5592418313026428,0.6587246060371399,-0.021130632609128952,0.5656077265739441,0.6579245328903198,-0.018515929579734802,0.5908360481262207,0.6631270051002502,-0.02248157188296318,0.5679343938827515,0.6732362508773804,-0.027391452342271805,0.5706454515457153,0.677424967288971,-0.02435801550745964,0.576896607875824,0.6754071712493896,-0.02183571830391884,0.3687762916088104,0.5815175771713257,-4.969759714867905e-09,0.38669252395629883,0.5536544919013977,-0.0011044361162930727,0.4144514203071594,0.5404824614524841,-0.005844887346029282,0.43716228008270264,0.5460124611854553,-0.01125387754291296,0.4523935317993164,0.5531451106071472,-0.01634499803185463,0.4141881465911865,0.5202691555023193,-0.011610857211053371,0.44095441699028015,0.5136091709136963,-0.01985621266067028,0.4563451409339905,0.5111340284347534,-0.024371463805437088,0.4682631492614746,0.5082879662513733,-0.027352143079042435,0.4105392098426819,0.5419505834579468,-0.01733611896634102,0.44631463289260864,0.5626711845397949,-0.028671076521277428,0.43950527906417847,0.5737637281417847,-0.029557665809988976,0.42827510833740234,0.5725671648979187,-0.02801927737891674,0.4062212407588959,0.5700693726539612,-0.022770468145608902,0.4380277991294861,0.5903902649879456,-0.030736612156033516,0.4294038414955139,0.5966349840164185,-0.024902813136577606,0.41939306259155273,0.5929946899414062,-0.019488848745822906,0.4013770520687103,0.5997611284255981,-0.028572527691721916,0.4279068112373352,0.615190863609314,-0.031044138595461845,0.42004483938217163,0.6172822713851929,-0.024878524243831635,0.4098120927810669,0.6129391193389893,-0.020148873329162598
57,57,1,1,1,1.0,1.0,1.0,0.5066297054290771,0.32111239433288574,-0.5957415103912354,0.9999909996986389,0.5210326910018921,0.28118380904197693,-0.5601708889007568,0.9999775290489197,0.5310773849487305,0.2802301347255707,-0.5602749586105347,0.9999838471412659,0.5405266880989075,0.2793208360671997,-0.5600492358207703,0.9999772906303406,0.49514448642730713,0.28434860706329346,-0.5533590912818909,0.9999757409095764,0.48905912041664124,0.2854406237602234,-0.5531556606292725,0.9999834895133972,0.4834354519844055,0.2863956391811371,-0.5534142255783081,0.9999775290489197,0.5590879917144775,0.28810444474220276,-0.2841571271419525,0.9999817609786987,0.48016485571861267,0.3015523850917816,-0.24480238556861877,0.9999902844429016,0.5280819535255432,0.36044052243232727,-0.49484845995903015,0.9999940395355225,0.49537500739097595,0.3672676384449005,-0.48503124713897705,0.9999926090240479,0.6451982855796814,0.5032709240913391,-0.14668618142604828,0.9999786615371704,0.42295730113983154,0.51512610912323,-0.06727133691310883,0.9999796152114868,0.7360125780105591,0.7911036610603333,-0.43515393137931824,0.9980601072311401,0.2957325577735901,0.7235039472579956,-0.38065117597579956,0.9989246726036072,0.6225882172584534,0.701399564743042,-0.9800673723220825,0.9956986904144287,0.3728656470775604,0.6190416216850281,-1.0015430450439453,0.996173083782196,0.5921608209609985,0.6984043717384338,-1.0879333019256592,0.9944330453872681,0.3996073007583618,0.6084035038948059,-1.1093907356262207,0.9938223958015442,0.583568811416626,0.6565249562263489,-1.0615918636322021,0.9948479533195496,0.4180591106414795,0.5783986449241638,-1.0706803798675537,0.9938341379165649,0.5878722071647644,0.6550041437149048,-0.9780554175376892,0.9945775866508484,0.41624629497528076,0.5824054479598999,-0.9988893270492554,0.9941210746765137,0.61204594373703,1.0407190322875977,-0.03525296598672867,0.5625684261322021,0.461609810590744,1.0374923944473267,0.03698040544986725,0.6338751912117004,0.6234837174415588,1.4971891641616821,0.07084676623344421,0.0012087034992873669,0.4576125144958496,1.503739356994629,0.2001083642244339,0.001175071345642209,0.6227904558181763,1.8842506408691406,0.4493127167224884,0.00036755623295903206,0.46204444766044617,1.8976621627807617,0.5617663264274597,0.00017873855540528893,0.6286792159080505,1.931121826171875,0.4664900600910187,0.0005733066936954856,0.4593261182308197,1.9467658996582031,0.5891570448875427,0.0003807209141086787,0.5985234379768372,2.0184946060180664,0.11298437416553497,0.0001821355544961989,0.48762911558151245,2.0305747985839844,0.21937012672424316,0.000576210324652493,0.6216018795967102,0.6883212924003601,-6.06869789976372e-08,0.6059699058532715,0.6541996002197266,-0.0008970885537564754,0.5808004140853882,0.6363240480422974,-0.002076384611427784,0.5592454671859741,0.6346824169158936,-0.003393028164282441,0.544683575630188,0.6392320394515991,-0.005729176104068756,0.5819136500358582,0.6362918615341187,-0.005214684642851353,0.5591721534729004,0.6340320706367493,-0.009099163115024567,0.5471699237823486,0.6380453705787659,-0.012488850392401218,0.5386433601379395,0.639434814453125,-0.015252042561769485,0.5855346322059631,0.6611175537109375,-0.007303222082555294,0.5630770325660706,0.6707073450088501,-0.0096944160759449,0.5538755655288696,0.6804808378219604,-0.011618904769420624,0.5500098466873169,0.6863300800323486,-0.014209534041583538,0.5904000401496887,0.687433123588562,-0.009324564598500729,0.5698063969612122,0.6952913999557495,-0.011671161279082298,0.5616428852081299,0.7021039724349976,-0.011175968684256077,0.5572618246078491,0.704801082611084,-0.011767584830522537,0.5960803031921387,0.712512731552124,-0.011286848224699497,0.5801769495010376,0.7180720567703247,-0.013563170097768307,0.5761938691139221,0.7209465503692627,-0.01220525149255991,0.5746468901634216,0.7223079800605774,-0.011417841538786888,0.3606615662574768,0.6121158003807068,4.0153558700239955e-08,0.37886351346969604,0.5834054350852966,-0.0014930227771401405,0.40588900446891785,0.5737165808677673,-0.0071548400446772575,0.4259459674358368,0.5888543128967285,-0.013343241065740585,0.43837830424308777,0.6093598008155823,-0.01946343295276165,0.4038885831832886,0.561798632144928,-0.015640970319509506,0.4321785569190979,0.5570768117904663,-0.02396131306886673,0.4481516480445862,0.5603744387626648,-0.028559332713484764,0.46008598804473877,0.5644384026527405,-0.031654275953769684,0.39969658851623535,0.5862610340118408,-0.0211280919611454,0.4352520704269409,0.6055383086204529,-0.03160233795642853,0.43369361758232117,0.6133973002433777,-0.03262355551123619,0.42600589990615845,0.6133636832237244,-0.03199857100844383,0.39494889974594116,0.6145721077919006,-0.02605714462697506,0.42676520347595215,0.6339539289474487,-0.032941579818725586,0.4209831953048706,0.6349465250968933,-0.028084514662623405,0.41140714287757874,0.6292376518249512,-0.023918015882372856,0.3900110125541687,0.6433966755867004,-0.031345199793577194,0.41612890362739563,0.656502902507782,-0.033113159239292145,0.4107362627983093,0.654674232006073,-0.027369912713766098,0.4007170498371124,0.6483957767486572,-0.02329646795988083
58,58,1,0,1,1.0,0.0,1.0,0.5075329542160034,0.31748685240745544,-0.5621653199195862,0.9999916553497314,0.5219600796699524,0.2770383656024933,-0.5262995958328247,0.9999793171882629,0.5320225358009338,0.2760883569717407,-0.5263974070549011,0.9999850392341614,0.541732132434845,0.27541568875312805,-0.5261929631233215,0.9999790787696838,0.4959484934806824,0.2799008786678314,-0.5230246186256409,0.999977707862854,0.48943662643432617,0.28110310435295105,-0.5228127241134644,0.9999847412109375,0.4839109182357788,0.28231531381607056,-0.5231295228004456,0.9999792575836182,0.5592671632766724,0.2871122658252716,-0.2521842420101166,0.9999831914901733,0.480218768119812,0.29809805750846863,-0.22910234332084656,0.9999909996986389,0.5289164781570435,0.3577812612056732,-0.4608197510242462,0.9999945759773254,0.49598485231399536,0.3627889156341553,-0.4555777311325073,0.9999932646751404,0.6451502442359924,0.504788339138031,-0.11526229977607727,0.9999805092811584,0.42084643244743347,0.5148493051528931,-0.06790446490049362,0.9999808669090271,0.7407670617103577,0.7919747829437256,-0.35172587633132935,0.9981672167778015,0.29540249705314636,0.7343125343322754,-0.3814404010772705,0.9989807605743408,0.6320891976356506,0.7355265021324158,-0.9134581089019775,0.9961012005805969,0.363885760307312,0.6592282056808472,-1.0080862045288086,0.9965116381645203,0.6050361394882202,0.752341628074646,-1.029720425605774,0.9948261976242065,0.38748714327812195,0.6706960797309875,-1.1157418489456177,0.9941567778587341,0.5901867747306824,0.7087032198905945,-1.023198127746582,0.9951977133750916,0.40960803627967834,0.6339284777641296,-1.0897353887557983,0.9941195845603943,0.5942344665527344,0.6996512413024902,-0.9142747521400452,0.9949010610580444,0.40941035747528076,0.6307767629623413,-1.008857250213623,0.9944026470184326,0.6125784516334534,1.043295979499817,-0.02990134060382843,0.5732118487358093,0.46259257197380066,1.0444637537002563,0.03168869391083717,0.6427067518234253,0.6287871599197388,1.5006129741668701,0.09717023372650146,0.001212670118547976,0.4593912363052368,1.5094635486602783,0.18522796034812927,0.0011551615316420794,0.6278188824653625,1.8889122009277344,0.4805486798286438,0.0003491284151095897,0.46277108788490295,1.905303955078125,0.5429047346115112,0.00016987825802061707,0.6334258317947388,1.936311960220337,0.4981226623058319,0.0005364135140553117,0.4597978889942169,1.9555853605270386,0.569121241569519,0.00035796340671367943,0.6036240458488464,2.025019884109497,0.1461142599582672,0.00017104130529332906,0.48889291286468506,2.038123607635498,0.19654026627540588,0.0005494056385941803,nan,nan,nan,nan,nan,nan,nan,nan,nan,nan,nan,nan,nan,nan,nan,nan,nan,nan,nan,nan,nan,nan,nan,nan,nan,nan,nan,nan,nan,nan,nan,nan,nan,nan,nan,nan,nan,nan,nan,nan,nan,nan,nan,nan,nan,nan,nan,nan,nan,nan,nan,nan,nan,nan,nan,nan,nan,nan,nan,nan,nan,nan,nan,0.35137200355529785,0.6475107669830322,6.919084682976973e-08,0.3690851032733917,0.6220924258232117,-0.002302410313859582,0.3956526219844818,0.6168707609176636,-0.007977751083672047,0.4152243733406067,0.6324135661125183,-0.01352021750062704,0.4275534749031067,0.6520203948020935,-0.018831461668014526,0.39431723952293396,0.6074886918067932,-0.020136622712016106,0.42479002475738525,0.6123780012130737,-0.028451060876250267,0.44021859765052795,0.6236034035682678,-0.03204713016748428,0.45088687539100647,0.6335490942001343,-0.03420807048678398,0.3883112370967865,0.6308329105377197,-0.024332255125045776,0.42388227581977844,0.6580649614334106,-0.03321490064263344,0.4263575077056885,0.6684118509292603,-0.032772861421108246,0.4225069284439087,0.6694159507751465,-0.03187081217765808,0.38212406635284424,0.6580283045768738,-0.027827048674225807,0.41594839096069336,0.6906119585037231,-0.03435999155044556,0.413453608751297,0.6922963261604309,-0.03006635047495365,0.40531212091445923,0.6852361559867859,-0.026593798771500587,0.37624427676200867,0.6853088140487671,-0.03155101463198662,0.4019619822502136,0.7117008566856384,-0.03444479778409004,0.39895638823509216,0.7097558975219727,-0.03037196956574917,0.39022907614707947,0.7010016441345215,-0.02734871581196785
59,59,1,1,1,1.0,1.0,1.0,0.5082926154136658,0.312843918800354,-0.6563631892204285,0.999992311000824,0.5229413509368896,0.27083879709243774,-0.6202970743179321,0.9999809861183167,0.5329207181930542,0.270083487033844,-0.6203892827033997,0.9999861717224121,0.5428528785705566,0.2697533071041107,-0.6201843023300171,0.9999806880950928,0.4968852698802948,0.2733161449432373,-0.6168286800384521,0.999979555606842,0.4900738596916199,0.27404889464378357,-0.6166903376579285,0.9999859929084778,0.4847031831741333,0.2754690647125244,-0.6169984340667725,0.9999809265136719,0.5594192743301392,0.2858572006225586,-0.3411273658275604,0.9999845027923584,0.48061403632164,0.2937273681163788,-0.3204129934310913,0.9999916553497314,0.5296640396118164,0.3546041250228882,-0.5525245070457458,0.9999950528144836,0.496386855840683,0.3569648861885071,-0.5480192303657532,0.9999938607215881,0.6455221176147461,0.5094664096832275,-0.17076054215431213,0.9999821186065674,0.4174235463142395,0.5148893594741821,-0.12300372868776321,0.9999819993972778,0.7435080409049988,0.7935194969177246,-0.3481977880001068,0.9982587695121765,0.2935824692249298,0.7487518787384033,-0.38285166025161743,0.9990160465240479,0.6414216160774231,0.784559428691864,-0.8627743124961853,0.9964509606361389,0.3547690808773041,0.703665018081665,-1.0142019987106323,0.9967953562736511,0.6150328516960144,0.8136651515960693,-0.9676955342292786,0.9950984716415405,0.3798982501029968,0.7215227484703064,-1.1234797239303589,0.9943799376487732,0.5978016257286072,0.7731916904449463,-0.9642243385314941,0.9954313039779663,0.3988285958766937,0.6858968138694763,-1.1072323322296143,0.9943039417266846,0.6020393967628479,0.7605102062225342,-0.8646170496940613,0.995089590549469,0.39922043681144714,0.6791772246360779,-1.0181785821914673,0.9945715069770813,0.613774299621582,1.0458269119262695,-0.028747934848070145,0.5764996409416199,0.4612833261489868,1.0658197402954102,0.030503449961543083,0.6453909873962402,0.6330074071884155,1.5034782886505127,0.1074652224779129,0.0012467969208955765,0.46386346220970154,1.5114643573760986,0.19017170369625092,0.0011552167125046253,0.6344856023788452,1.891051173210144,0.5040975213050842,0.0003335585934109986,0.4694163501262665,1.9074852466583252,0.5692723393440247,0.00016612742911092937,0.6395896673202515,1.9393573999404907,0.5236048102378845,0.0005061571719124913,0.46645715832710266,1.9592190980911255,0.5976753830909729,0.0003473125398159027,0.6120896339416504,2.0286245346069336,0.17546284198760986,0.00016348947247024626,0.497736394405365,2.039813756942749,0.2289910912513733,0.0005449796444736421,0.6549081206321716,0.7872492671012878,-2.9108592869420136e-08,0.6357488632202148,0.7595858573913574,-0.0026133512146770954,0.6066124439239502,0.7518203854560852,-0.007146629970520735,0.5830710530281067,0.759427011013031,-0.011407380923628807,0.5688985586166382,0.776070237159729,-0.016404733061790466,0.6068383455276489,0.7595788836479187,-0.016305509954690933,0.5768298506736755,0.7810519933700562,-0.02586117945611477,0.5734584927558899,0.7844551205635071,-0.03142593428492546,0.5772808790206909,0.7796648144721985,-0.034079767763614655,0.6139440536499023,0.7841945886611938,-0.018712811172008514,0.5836445689201355,0.808476448059082,-0.02614651434123516,0.5839081406593323,0.8089125156402588,-0.028187768533825874,0.5908472537994385,0.8017587065696716,-0.029592037200927734,0.6218037009239197,0.8107240796089172,-0.020677322521805763,0.5922841429710388,0.8305246233940125,-0.027079854160547256,0.5940727591514587,0.8306182026863098,-0.02423265017569065,0.6018503904342651,0.8249991536140442,-0.021827442571520805,0.6293728351593018,0.8362423777580261,-0.022465048357844353,0.6046918630599976,0.8505964279174805,-0.027102315798401833,0.6064421534538269,0.8476064801216125,-0.02355390414595604,0.6136242151260376,0.842788577079773,-0.020240308716893196,0.34214502573013306,0.6960113644599915,1.009292986964283e-07,0.35848113894462585,0.6711896657943726,-0.0033569596707820892,0.38478854298591614,0.66696697473526,-0.00835011713206768,0.40623486042022705,0.6814782619476318,-0.012896610423922539,0.4208681285381317,0.6978812217712402,-0.017094410955905914,0.38519105315208435,0.660204291343689,-0.017705010250210762,0.4174260199069977,0.670755922794342,-0.025531191378831863,0.43260887265205383,0.6885109543800354,-0.02866411954164505,0.4408137798309326,0.702930748462677,-0.029949625954031944,0.3791167140007019,0.683160126209259,-0.020111899822950363,0.41056743264198303,0.7049869298934937,-0.026693452149629593,0.4223216474056244,0.7175922989845276,-0.026875607669353485,0.42778152227401733,0.7228749394416809,-0.026933729648590088,0.37334269285202026,0.7096061110496521,-0.022196993231773376,0.40252217650413513,0.7351582050323486,-0.027539484202861786,0.41232994198799133,0.7443346381187439,-0.025553934276103973,0.4148297905921936,0.7451750040054321,-0.023955177515745163,0.3681913912296295,0.734748125076294,-0.024484122171998024,0.389980673789978,0.7554696202278137,-0.02833474799990654,0.3976658582687378,0.7619973421096802,-0.026638615876436234,0.40012916922569275,0.7615193128585815,-0.02488020434975624
60,60,1,1,1,1.0,1.0,1.0,0.5081571936607361,0.3091667592525482,-0.6637149453163147,0.9999925494194031,0.5229076147079468,0.26719892024993896,-0.6281840801239014,0.9999819397926331,0.5328981280326843,0.26665765047073364,-0.6282821893692017,0.9999865293502808,0.5428376793861389,0.2666250169277191,-0.6281229257583618,0.9999814629554749,0.49690669775009155,0.26978468894958496,-0.6198842525482178,0.9999807476997375,0.49012237787246704,0.27050334215164185,-0.619726300239563,0.999986469745636,0.4848836660385132,0.27229925990104675,-0.6200138926506042,0.9999817609786987,0.5594150424003601,0.28552159667015076,-0.3563957214355469,0.9999851584434509,0.48097366094589233,0.29247573018074036,-0.3128669261932373,0.999991774559021,0.5296558141708374,0.35120928287506104,-0.56273353099823,0.9999954700469971,0.4963732957839966,0.35266444087028503,-0.5516478419303894,0.9999943375587463,0.6467015147209167,0.5143656134605408,-0.1983693242073059,0.9999832510948181,0.4143059253692627,0.5210943818092346,-0.11768380552530289,0.9999822974205017,0.7428860068321228,0.7927577495574951,-0.3376151919364929,0.9981219172477722,0.29388299584388733,0.7576097846031189,-0.3702317476272583,0.9989871978759766,0.6499993205070496,0.8282912373542786,-0.7908570170402527,0.9965903759002686,0.3548280596733093,0.7437458038330078,-1.0143826007843018,0.9967748522758484,0.6260508894920349,0.8758293986320496,-0.8968905806541443,0.9944813847541809,0.37770602107048035,0.7658141851425171,-1.1325138807296753,0.9931943416595459,0.6086785197257996,0.835033655166626,-0.9001762270927429,0.9948191046714783,0.39268115162849426,0.7330477833747864,-1.1289573907852173,0.9930445551872253,0.6117528080940247,0.8183130621910095,-0.7975865602493286,0.9942887425422668,0.39306211471557617,0.7247762084007263,-1.0248948335647583,0.9933937788009644,0.6163778305053711,1.0513843297958374,-0.03383583202958107,0.585712730884552,0.46152177453041077,1.0786486864089966,0.03567313775420189,0.6535625457763672,0.6379970908164978,1.5042184591293335,0.11612123996019363,0.0012673255987465382,0.47048529982566833,1.513555884361267,0.23369473218917847,0.0011506287846714258,0.6398470401763916,1.8910319805145264,0.5547611713409424,0.00031119948835112154,0.4773674011230469,1.9073476791381836,0.6662499904632568,0.00015815836377441883,0.6442476511001587,1.9398249387741089,0.5790969133377075,0.0004673209332395345,0.4755374789237976,1.9601937532424927,0.700951337814331,0.00033089553471654654,0.6171834468841553,2.029158115386963,0.22673943638801575,0.00015249676653183997,0.5039860606193542,2.0387885570526123,0.33049699664115906,0.0005253111012279987,0.6604792475700378,0.829694926738739,-3.9226087267252296e-08,0.6351105570793152,0.8094618916511536,-0.0029888602439314127,0.6077871918678284,0.8173286318778992,-0.007668669335544109,0.5906989574432373,0.836135983467102,-0.012759789824485779,0.5822673439979553,0.8569071292877197,-0.01853744499385357,0.5987719893455505,0.8457115292549133,-0.011973396874964237,0.5842446684837341,0.8823727369308472,-0.0225507952272892,0.5903565883636475,0.8716616034507751,-0.029304130002856255,0.5968896746635437,0.8536523580551147,-0.03257724642753601,0.6112983226776123,0.8658251762390137,-0.015158542431890965,0.5960279107093811,0.9012044668197632,-0.024134427309036255,0.6030136942863464,0.8860076069831848,-0.02700924687087536,0.6106563210487366,0.8661231398582458,-0.028255173936486244,0.6268534064292908,0.8837685585021973,-0.01854609325528145,0.6097739338874817,0.9182062149047852,-0.02702603116631508,0.6160789728164673,0.9025598168373108,-0.024167323485016823,0.6233891844749451,0.8832250833511353,-0.020986447110772133,0.6431835889816284,0.8981929421424866,-0.02186671271920204,0.6263831853866577,0.924294650554657,-0.02846061997115612,0.6308911442756653,0.9117556214332581,-0.02477096952497959,0.6379029750823975,0.8963378667831421,-0.02062746323645115,0.33868369460105896,0.7510514855384827,-6.93013575414625e-08,0.36035239696502686,0.7246444225311279,-0.004508580546826124,0.39192691445350647,0.7262753248214722,-0.011769711039960384,0.41544288396835327,0.7457852363586426,-0.018240319564938545,0.4272615313529968,0.7671893835067749,-0.023426705971360207,0.3811798691749573,0.7304093241691589,-0.026200152933597565,0.4194216728210449,0.7636806964874268,-0.037416066974401474,0.41741883754730225,0.7666113376617432,-0.040589865297079086,0.40862205624580383,0.7584897875785828,-0.040479883551597595,0.3712332546710968,0.7536351680755615,-0.028576763346791267,0.4109914004802704,0.7912123799324036,-0.0367572158575058,0.40819182991981506,0.7911386489868164,-0.034742534160614014,0.398009330034256,0.7802178263664246,-0.033123284578323364,0.36376067996025085,0.78098464012146,-0.030399931594729424,0.4024147093296051,0.8158791661262512,-0.03439859300851822,0.39896029233932495,0.8121716976165771,-0.027740510180592537,0.3885806202888489,0.8001401424407959,-0.023449160158634186,0.3589029312133789,0.8072260022163391,-0.032629646360874176,0.3905490040779114,0.8316338658332825,-0.03302937373518944,0.3882034122943878,0.8264542818069458,-0.02732437290251255,0.37862956523895264,0.8151066303253174,-0.023774528875947
61,61,1,0,1,1.0,0.0,1.0,0.5098544359207153,0.3051747977733612,-0.6317810416221619,0.9999923706054688,0.524420440196991,0.26390281319618225,-0.5899965167045593,0.9999821782112122,0.5343612432479858,0.2634831666946411,-0.5901249051094055,0.9999862909317017,0.544525682926178,0.2636982798576355,-0.5900158882141113,0.9999814629554749,0.49793896079063416,0.2664163410663605,-0.5859732031822205,0.9999812841415405,0.4906652569770813,0.2673138976097107,-0.5858899354934692,0.9999865293502808,0.48540085554122925,0.2693485617637634,-0.5862102508544922,0.9999821186065674,0.5599595904350281,0.2848602533340454,-0.3091842532157898,0.9999848008155823,0.481166809797287,0.29150068759918213,-0.2848639488220215,0.9999916553497314,0.5322964787483215,0.34731143712997437,-0.5281283259391785,0.9999957084655762,0.49735361337661743,0.3485719561576843,-0.5228822231292725,0.9999946355819702,0.6481659412384033,0.5213373899459839,-0.15967154502868652,0.9999839663505554,0.41148748993873596,0.5281147956848145,-0.11167749762535095,0.9999813437461853,0.7419243454933167,0.7927859425544739,-0.23410119116306305,0.9981748461723328,0.2947787940502167,0.768847644329071,-0.33890360593795776,0.9989601969718933,0.660226583480835,0.8660191297531128,-0.6662108302116394,0.9967384338378906,0.35126689076423645,0.8041694164276123,-0.9640213847160339,0.9966827034950256,0.6401636600494385,0.9286359548568726,-0.7697458863258362,0.9940797090530396,0.3711205720901489,0.8479893207550049,-1.099831223487854,0.9920572638511658,0.6191518902778625,0.9007828235626221,-0.791953980922699,0.9943886399269104,0.3878692090511322,0.8176256418228149,-1.082934021949768,0.9918322563171387,0.6203576326370239,0.8787504434585571,-0.6811521649360657,0.9937686324119568,0.38826316595077515,0.8025386333465576,-0.9982225298881531,0.9922913908958435,0.616256594657898,1.0569576025009155,-0.030349329113960266,0.6172336339950562,0.4584597647190094,1.0862205028533936,0.031892385333776474,0.6787578463554382,0.6311221718788147,1.5112756490707397,0.16549544036388397,0.0014622932067140937,0.4607022702693939,1.51896071434021,0.2110203355550766,0.001293138600885868,0.6283984780311584,1.8982641696929932,0.6528794765472412,0.00030876719392836094,0.4699998199939728,1.9094281196594238,0.6314483880996704,0.00016846410289872438,0.6301236748695374,1.9502830505371094,0.6830184459686279,0.00044493991299532354,0.4698794484138489,1.9611554145812988,0.6645888686180115,0.0003362351271789521,0.6125646233558655,2.0326344966888428,0.3438190817832947,0.00015153363347053528,0.500647246837616,2.043625831604004,0.291286438703537,0.0005329347332008183,nan,nan,nan,nan,nan,nan,nan,nan,nan,nan,nan,nan,nan,nan,nan,nan,nan,nan,nan,nan,nan,nan,nan,nan,nan,nan,nan,nan,nan,nan,nan,nan,nan,nan,nan,nan,nan,nan,nan,nan,nan,nan,nan,nan,nan,nan,nan,nan,nan,nan,nan,nan,nan,nan,nan,nan,nan,nan,nan,nan,nan,nan,nan,0.3413983881473541,0.8040784001350403,-6.631042737126336e-08,0.36996498703956604,0.7908996939659119,-0.0013233865611255169,0.3983686566352844,0.8055141568183899,-0.007574072107672691,0.4125392436981201,0.8331432342529297,-0.013818085193634033,0.412855863571167,0.8568474054336548,-0.019823569804430008,0.3859822750091553,0.8085755109786987,-0.02097724936902523,0.41138195991516113,0.8511130809783936,-0.030317431315779686,0.40913841128349304,0.8527074456214905,-0.03365136310458183,0.40312591195106506,0.8428412675857544,-0.03428421914577484,0.3725349009037018,0.8240254521369934,-0.02461324818432331,0.4007217586040497,0.8645122647285461,-0.03143411502242088,0.3997257351875305,0.8622569441795349,-0.031095236539840698,0.3927415609359741,0.8492063283920288,-0.030766477808356285,0.35998424887657166,0.8433510661125183,-0.027187829837203026,0.39018046855926514,0.8786982893943787,-0.030942456796765327,0.3890160024166107,0.8722069263458252,-0.025978894904255867,0.38185369968414307,0.8560423254966736,-0.022657131776213646,0.3492206931114197,0.8631258606910706,-0.029654253274202347,0.37500491738319397,0.8869799971580505,-0.03025389462709427,0.3753809630870819,0.8801677823066711,-0.024673087522387505,0.3697039484977722,0.8666917085647583,-0.020819270983338356
62,62,1,1,1,1.0,1.0,1.0,0.5117893815040588,0.30042630434036255,-0.6851783394813538,0.9999886751174927,0.5261738896369934,0.260521799325943,-0.6437416672706604,0.9999763369560242,0.5361770391464233,0.26022106409072876,-0.6438781023025513,0.9999794960021973,0.5461633205413818,0.2604542374610901,-0.643763542175293,0.9999749064445496,0.4992939531803131,0.2626250386238098,-0.6395170092582703,0.9999759793281555,0.4914010763168335,0.26377981901168823,-0.6395248174667358,0.9999809265136719,0.4859612286090851,0.2657758593559265,-0.6398982405662537,0.999976634979248,0.5606130361557007,0.28315049409866333,-0.3639675974845886,0.9999773502349854,0.4815758466720581,0.29031839966773987,-0.34192103147506714,0.9999869465827942,0.534613311290741,0.34312474727630615,-0.5830541253089905,0.999995231628418,0.4991038739681244,0.3443329632282257,-0.5777190923690796,0.9999942183494568,0.6506794691085815,0.5297601819038391,-0.2154758870601654,0.9999822974205017,0.4091572165489197,0.5362658500671387,-0.15041480958461761,0.999976634979248,0.7411208152770996,0.7960858345031738,-0.27299562096595764,0.9980524182319641,0.2969347834587097,0.7763250470161438,-0.27611908316612244,0.9987704753875732,0.6690664291381836,0.9311531782150269,-0.6849417686462402,0.9963055849075317,0.3480026125907898,0.8621852993965149,-0.7914533019065857,0.9948781728744507,0.6511421799659729,0.9990918636322021,-0.7873446941375732,0.9913570284843445,0.364068865776062,0.9146844744682312,-0.9032420516014099,0.9853653907775879,0.6310962438583374,0.9718974828720093,-0.8178318738937378,0.9918011426925659,0.3804739713668823,0.8827305436134338,-0.9310564398765564,0.9855243563652039,0.6327523589134216,0.948900043964386,-0.7035856246948242,0.9908912777900696,0.3804512917995453,0.8653315901756287,-0.8150182962417603,0.9864029288291931,0.617416262626648,1.0627652406692505,-0.03154424950480461,0.6302119493484497,0.4584677517414093,1.1068528890609741,0.033057358115911484,0.6889696717262268,0.6303741931915283,1.5255401134490967,0.16241516172885895,0.001597295980900526,0.46046510338783264,1.5340718030929565,0.20457468926906586,0.0013976709451526403,0.6282468438148499,1.9119547605514526,0.646246075630188,0.00031180281075648963,0.46949025988578796,1.9245672225952148,0.624052107334137,0.00019106385298073292,0.6303724646568298,1.9662275314331055,0.6760511994361877,0.0004379835445433855,0.469232976436615,1.9783203601837158,0.6559774279594421,0.0003805552842095494,0.6110262870788574,2.0449397563934326,0.32890579104423523,0.00015923538012430072,0.4987078905105591,2.057027816772461,0.2787533104419708,0.0005974129890091717,0.6721580624580383,0.9464221000671387,1.0189393151449622e-07,0.6431101560592651,0.9382603764533997,-0.011818946339190006,0.619635283946991,0.9461513161659241,-0.019230375066399574,0.6043128967285156,0.9565247297286987,-0.025658370926976204,0.6007612943649292,0.9680792689323425,-0.03206351399421692,0.6112360954284668,1.035104513168335,-0.009466269053518772,0.5994978547096252,1.080496907234192,-0.014908703044056892,0.5942624807357788,1.1024589538574219,-0.020773977041244507,0.5918222665786743,1.1175404787063599,-0.024897443130612373,0.6274779438972473,1.0544737577438354,-0.007532729767262936,0.6152690649032593,1.0989168882369995,-0.010823247954249382,0.6101977825164795,1.1172279119491577,-0.015197099186480045,0.6078296899795532,1.125723123550415,-0.01878219097852707,0.6445136666297913,1.0653971433639526,-0.00688224146142602,0.6332428455352783,1.1092573404312134,-0.009003626182675362,0.6278308033943176,1.13192880153656,-0.010848753154277802,0.6247174143791199,1.1453266143798828,-0.012684841640293598,0.6624130010604858,1.070801019668579,-0.007386453915387392,0.6556991934776306,1.109072208404541,-0.008733933791518211,0.6523234248161316,1.1291753053665161,-0.008300891146063805,0.6502584218978882,1.1400487422943115,-0.007991104386746883,0.3405603766441345,0.8715050220489502,3.7889891224551775e-09,0.36443036794662476,0.8582698702812195,-0.0032560438849031925,0.38594040274620056,0.8591486811637878,-0.007523678243160248,0.39965274930000305,0.8685699105262756,-0.011577985249459743,0.4053957760334015,0.881046712398529,-0.015139475464820862,0.38643166422843933,0.9024455547332764,-0.009607326239347458,0.4026491343975067,0.9298478960990906,-0.014093623496592045,0.40527427196502686,0.9368916749954224,-0.01715628057718277,0.40442416071891785,0.9389042258262634,-0.01902039907872677,0.37557151913642883,0.9222287535667419,-0.010856501758098602,0.3903830349445343,0.9486387968063354,-0.012917252257466316,0.39492854475975037,0.9551710486412048,-0.013860982842743397,0.3956509530544281,0.9560872316360474,-0.015219583176076412,0.36339324712753296,0.9387539029121399,-0.011928044259548187,0.37698039412498474,0.9593401551246643,-0.01301922183483839,0.3796975016593933,0.9562916159629822,-0.01051218993961811,0.3784955143928528,0.9489710330963135,-0.009337819181382656,0.3514152765274048,0.9520578384399414,-0.01333323959261179,0.3625519871711731,0.9645458459854126,-0.013723124749958515,0.36516591906547546,0.9589290022850037,-0.010349837131798267,0.36443033814430237,0.9508185386657715,-0.007789230439811945
63,63,1,0,1,1.0,0.0,1.0,0.5126180052757263,0.2980577349662781,-0.6756094694137573,0.9999827742576599,0.5269705653190613,0.25906068086624146,-0.6359020471572876,0.9999622702598572,0.5371198654174805,0.258805513381958,-0.6359990239143372,0.9999656081199646,0.5470753908157349,0.25904256105422974,-0.6358304619789124,0.9999567866325378,0.49969059228897095,0.26085588335990906,-0.6332715153694153,0.9999653100967407,0.4915684163570404,0.2621466815471649,-0.6333305835723877,0.9999726414680481,0.4861237108707428,0.26400017738342285,-0.6337719559669495,0.9999682307243347,0.5610693693161011,0.28217068314552307,-0.36422356963157654,0.9999586939811707,0.48167118430137634,0.2899467945098877,-0.34827330708503723,0.9999815821647644,0.5359157919883728,0.3410368263721466,-0.5754298567771912,0.9999933838844299,0.4995448589324951,0.3422633409500122,-0.5712900757789612,0.9999932050704956,0.6532965302467346,0.5367467403411865,-0.19877788424491882,0.9999659061431885,0.40650877356529236,0.5448012948036194,-0.17720864713191986,0.9999701380729675,0.740692675113678,0.8038275241851807,-0.22758282721042633,0.9968382716178894,0.2984946072101593,0.7869414687156677,-0.22497296333312988,0.9981291890144348,0.6741392016410828,0.9862502813339233,-0.6176947951316833,0.989893913269043,0.34440258145332336,0.9212096929550171,-0.6328263878822327,0.9884099364280701,0.6573560237884521,1.0788594484329224,-0.7158239483833313,0.975422203540802,0.3580091595649719,0.9910467267036438,-0.7334174513816833,0.9708637595176697,0.6345465779304504,1.033677101135254,-0.7531585693359375,0.9774373173713684,0.38039806485176086,0.9632213711738586,-0.772125780582428,0.9728614687919617,0.6371268630027771,1.0004843473434448,-0.6409368515014648,0.9755098223686218,0.3799341022968292,0.9372394680976868,-0.6569725275039673,0.974148690700531,0.6175583600997925,1.1151931285858154,-0.0312049500644207,0.6083126664161682,0.4564606547355652,1.1266393661499023,0.03277658671140671,0.6708677411079407,0.6195212602615356,1.5537654161453247,0.17307829856872559,0.0019075494492426515,0.4513888359069824,1.5582337379455566,0.17830528318881989,0.0015438614645972848,0.6165841221809387,1.9375746250152588,0.6568979620933533,0.0004033413133583963,0.4569561779499054,1.9527826309204102,0.5846466422080994,0.00025528235710226,0.6178315877914429,1.9940168857574463,0.6867094039916992,0.0005210722447372973,0.4589087665081024,2.00986909866333,0.6134471297264099,0.0004959387006238103,0.5983099341392517,2.0692873001098633,0.34371417760849,0.0002417257201159373,0.47865745425224304,2.0822150707244873,0.244288831949234,0.000775148335378617,nan,nan,nan,nan,nan,nan,nan,nan,nan,nan,nan,nan,nan,nan,nan,nan,nan,nan,nan,nan,nan,nan,nan,nan,nan,nan,nan,nan,nan,nan,nan,nan,nan,nan,nan,nan,nan,nan,nan,nan,nan,nan,nan,nan,nan,nan,nan,nan,nan,nan,nan,nan,nan,nan,nan,nan,nan,nan,nan,nan,nan,nan,nan,0.3340294361114502,0.9157514572143555,-2.072636284822238e-08,0.35900548100471497,0.908026933670044,-0.007206873036921024,0.38094329833984375,0.9186844825744629,-0.014112143777310848,0.3951335549354553,0.933466374874115,-0.020813526585698128,0.40427693724632263,0.9499231576919556,-0.026972629129886627,0.387458473443985,0.9832049608230591,-0.009010321460664272,0.403481662273407,1.022110939025879,-0.016604332253336906,0.40968096256256104,1.038213849067688,-0.022102029994130135,0.4126864969730377,1.048039197921753,-0.025249654427170753,0.37518417835235596,1.0030317306518555,-0.009689045138657093,0.3905452489852905,1.0439614057540894,-0.013961554504930973,0.39732441306114197,1.060489296913147,-0.016280541196465492,0.4007757604122162,1.0724271535873413,-0.01818833500146866,0.36082831025123596,1.0149314403533936,-0.011357815936207771,0.37417277693748474,1.0552221536636353,-0.015453191474080086,0.38149407505989075,1.0703954696655273,-0.0140787148848176,0.38607728481292725,1.0806713104248047,-0.012941370718181133,0.345975786447525,1.020935297012329,-0.013851048424839973,0.3547060191631317,1.0557819604873657,-0.01616028882563114,0.36053666472435,1.072064757347107,-0.013709682039916515,0.3650061786174774,1.083776593208313,-0.01137350033968687
64,64,1,0,0,1.0,0.0,0.0,0.512765109539032,0.2952662408351898,-0.6914313435554504,0.999954879283905,0.5272669792175293,0.25762930512428284,-0.6507620215415955,0.9999018907546997,0.537464439868927,0.2573944330215454,-0.650894820690155,0.9999020099639893,0.5474597215652466,0.2575075924396515,-0.6507975459098816,0.9998818039894104,0.49985581636428833,0.25936004519462585,-0.6484953761100769,0.9999199509620667,0.4916273355484009,0.2609347999095917,-0.6484906673431396,0.9999340772628784,0.48617446422576904,0.26280248165130615,-0.648927628993988,0.9999322295188904,0.5614902973175049,0.28050801157951355,-0.3789881467819214,0.99986732006073,0.48174849152565,0.28946608304977417,-0.3609101474285126,0.9999585151672363,0.5364163517951965,0.33840107917785645,-0.5920624136924744,0.9999834895133972,0.499570369720459,0.3394477367401123,-0.5869331359863281,0.9999874830245972,0.655220091342926,0.5410204529762268,-0.21713313460350037,0.9999012351036072,0.40573689341545105,0.5485602021217346,-0.20406335592269897,0.9999507069587708,0.7403656244277954,0.8093889355659485,-0.22318167984485626,0.9916348457336426,0.30051088333129883,0.8064559698104858,-0.19993722438812256,0.9971839189529419,0.6928610801696777,1.0260155200958252,-0.5802884697914124,0.9469602704048157,0.34933534264564514,0.9940149784088135,-0.5149630904197693,0.9577706456184387,0.6887403130531311,1.114808201789856,-0.6762078404426575,0.9167584776878357,0.3647516369819641,1.0743649005889893,-0.6040673851966858,0.9215389490127563,0.6712716221809387,1.0821678638458252,-0.7225931882858276,0.9234291315078735,0.38105154037475586,1.0359752178192139,-0.6483163237571716,0.9278778433799744,0.6658167839050293,1.0435291528701782,-0.6092393398284912,0.9224585294723511,0.3802921175956726,1.006833553314209,-0.5394206047058105,0.9322323203086853,0.6191167831420898,1.13300621509552,-0.03304668888449669,0.5602579712867737,0.4564610421657562,1.1395856142044067,0.034664832055568695,0.6214683055877686,0.6185210943222046,1.5776875019073486,0.1508857160806656,0.001918426132760942,0.45172327756881714,1.5861692428588867,0.17089655995368958,0.001590884756296873,0.6152485013008118,1.9723684787750244,0.638503909111023,0.00043344273581169546,0.45708945393562317,1.9905304908752441,0.5730467438697815,0.0002807183191180229,0.6170541644096375,2.029595136642456,0.6679699420928955,0.0005253033596090972,0.4587762653827667,2.0482916831970215,0.6017338037490845,0.0005715097649954259,0.5958799719810486,2.1074235439300537,0.31086838245391846,0.0002642975014168769,0.476895272731781,2.1254189014434814,0.24179226160049438,0.000823510461486876,nan,nan,nan,nan,nan,nan,nan,nan,nan,nan,nan,nan,nan,nan,nan,nan,nan,nan,nan,nan,nan,nan,nan,nan,nan,nan,nan,nan,nan,nan,nan,nan,nan,nan,nan,nan,nan,nan,nan,nan,nan,nan,nan,nan,nan,nan,nan,nan,nan,nan,nan,nan,nan,nan,nan,nan,nan,nan,nan,nan,nan,nan,nan,nan,nan,nan,nan,nan,nan,nan,nan,nan,nan,nan,nan,nan,nan,nan,nan,nan,nan,nan,nan,nan,nan,nan,nan,nan,nan,nan,nan,nan,nan,nan,nan,nan,nan,nan,nan,nan,nan,nan,nan,nan,nan,nan,nan,nan,nan,nan,nan,nan,nan,nan,nan,nan,nan,nan,nan,nan,nan,nan,nan,nan,nan,nan
65,65,1,0,0,1.0,0.0,0.0,0.5134602785110474,0.2932383716106415,-0.7326136231422424,0.9999160766601562,0.5281031131744385,0.2562214136123657,-0.6942879557609558,0.9998192191123962,0.5384568572044373,0.2562144994735718,-0.6943827867507935,0.9998205304145813,0.5485019087791443,0.2563081979751587,-0.6944049596786499,0.9997954368591309,0.500034749507904,0.2578873336315155,-0.6917469501495361,0.9998443126678467,0.4916571378707886,0.25957778096199036,-0.6916947960853577,0.999866783618927,0.48617541790008545,0.2614380717277527,-0.6921057105064392,0.9998680949211121,0.5625611543655396,0.27929118275642395,-0.4285578727722168,0.9997487664222717,0.4815647602081299,0.28839343786239624,-0.4064399003982544,0.9999054670333862,0.5375578999519348,0.33659493923187256,-0.634990394115448,0.999970555305481,0.49964964389801025,0.3374522924423218,-0.6284845471382141,0.9999765753746033,0.6572568416595459,0.5447844862937927,-0.2745603919029236,0.9998660087585449,0.4035419523715973,0.5519188046455383,-0.24031637609004974,0.9999324083328247,0.739353358745575,0.8248967528343201,-0.2458408921957016,0.9880048632621765,0.30851784348487854,0.8253400325775146,-0.18119381368160248,0.9957252144813538,0.6972330808639526,1.0708850622177124,-0.5625197291374207,0.8935827612876892,0.3512371778488159,1.0395824909210205,-0.44201138615608215,0.9155605435371399,0.6981297135353088,1.175213098526001,-0.6504137516021729,0.8486860990524292,0.35330143570899963,1.1335200071334839,-0.5189294815063477,0.860548198223114,0.6764997839927673,1.1373432874679565,-0.6980640888214111,0.8588873147964478,0.380636990070343,1.0998945236206055,-0.5728654861450195,0.8703919053077698,0.6699801683425903,1.0854926109313965,-0.5908299088478088,0.8595939874649048,0.3832452595233917,1.055870771408081,-0.4697577953338623,0.8787265419960022,0.6195112466812134,1.1445133686065674,-0.03891480714082718,0.5209841132164001,0.45456385612487793,1.1473389863967896,0.040509019047021866,0.5807433128356934,0.6167120933532715,1.5968682765960693,0.15662389993667603,0.0019147633574903011,0.4499897062778473,1.6033402681350708,0.20639650523662567,0.0016113744350150228,0.612356424331665,1.9986692667007446,0.7001562118530273,0.00046526562073267996,0.4527399241924286,2.0108444690704346,0.658801794052124,0.0002975736861117184,0.6148308515548706,2.0586154460906982,0.7346698045730591,0.0005194777622818947,0.4537883400917053,2.0695955753326416,0.6926992535591125,0.0006156740128062665,0.5910894870758057,2.1368236541748047,0.3693450391292572,0.00028291266062296927,0.4713221788406372,2.1525325775146484,0.29525306820869446,0.0008409296860918403,nan,nan,nan,nan,nan,nan,nan,nan,nan,nan,nan,nan,nan,nan,nan,nan,nan,nan,nan,nan,nan,nan,nan,nan,nan,nan,nan,nan,nan,nan,nan,nan,nan,nan,nan,nan,nan,nan,nan,nan,nan,nan,nan,nan,nan,nan,nan,nan,nan,nan,nan,nan,nan,nan,nan,nan,nan,nan,nan,nan,nan,nan,nan,nan,nan,nan,nan,nan,nan,nan,nan,nan,nan,nan,nan,nan,nan,nan,nan,nan,nan,nan,nan,nan,nan,nan,nan,nan,nan,nan,nan,nan,nan,nan,nan,nan,nan,nan,nan,nan,nan,nan,nan,nan,nan,nan,nan,nan,nan,nan,nan,nan,nan,nan,nan,nan,nan,nan,nan,nan,nan,nan,nan,nan,nan,nan
66,66,1,0,0,1.0,0.0,0.0,0.5153546333312988,0.29259347915649414,-0.706308901309967,0.9998961091041565,0.5300066471099854,0.2554568648338318,-0.6679189205169678,0.9997755885124207,0.5404556393623352,0.2555646598339081,-0.6680193543434143,0.9997827410697937,0.550166666507721,0.2555239200592041,-0.6680932641029358,0.9997510313987732,0.5010477900505066,0.2571903169155121,-0.6661412119865417,0.9998006224632263,0.4922531843185425,0.2589164078235626,-0.6660646796226501,0.9998292326927185,0.4863308370113373,0.2607651650905609,-0.6664409041404724,0.9998273849487305,0.5638142824172974,0.27842041850090027,-0.4061046540737152,0.9996909499168396,0.4815187156200409,0.2876904010772705,-0.38924023509025574,0.9998769760131836,0.5392969846725464,0.33544501662254333,-0.6102681756019592,0.9999618530273438,0.500309407711029,0.33665692806243896,-0.6049982309341431,0.9999693036079407,0.6586530208587646,0.5460701584815979,-0.2517245411872864,0.9998343586921692,0.40335434675216675,0.5536194443702698,-0.22694382071495056,0.999911367893219,0.7357761859893799,0.8388705253601074,-0.22328491508960724,0.9816777110099792,0.31452322006225586,0.8289135098457336,-0.16076920926570892,0.9929060339927673,0.7050015926361084,1.0919585227966309,-0.5334988236427307,0.8399205207824707,0.34868013858795166,1.0617260932922363,-0.4213294982910156,0.868786633014679,0.7088197469711304,1.1970791816711426,-0.6212610602378845,0.7848308086395264,0.33827754855155945,1.162555456161499,-0.49536994099617004,0.7999612092971802,0.6859985589981079,1.1614753007888794,-0.66943359375,0.7990723848342896,0.37204548716545105,1.118455410003662,-0.5528813600540161,0.8134491443634033,0.6787719130516052,1.1143887042999268,-0.5629099607467651,0.8012439012527466,0.37737220525741577,1.084256887435913,-0.4508183002471924,0.8252503275871277,0.6200303435325623,1.1560206413269043,-0.038480907678604126,0.4775856137275696,0.4540194571018219,1.1581792831420898,0.0401715412735939,0.5335706472396851,0.6166282892227173,1.6209173202514648,0.13890796899795532,0.0018603064818307757,0.4497257173061371,1.6277117729187012,0.1918317973613739,0.0015676476759836078,0.6114917397499084,2.0356907844543457,0.6377010941505432,0.0004540718218777329,0.4501320719718933,2.050807237625122,0.6410256028175354,0.00028899716562591493,0.6143638491630554,2.1009507179260254,0.6675885915756226,0.0004943463136442006,0.4499657452106476,2.117206335067749,0.675166130065918,0.0005989896599203348,0.5891212224960327,2.175959587097168,0.31173625588417053,0.00027917197439819574,0.46881404519081116,2.1917426586151123,0.25033390522003174,0.0008008165168575943,nan,nan,nan,nan,nan,nan,nan,nan,nan,nan,nan,nan,nan,nan,nan,nan,nan,nan,nan,nan,nan,nan,nan,nan,nan,nan,nan,nan,nan,nan,nan,nan,nan,nan,nan,nan,nan,nan,nan,nan,nan,nan,nan,nan,nan,nan,nan,nan,nan,nan,nan,nan,nan,nan,nan,nan,nan,nan,nan,nan,nan,nan,nan,nan,nan,nan,nan,nan,nan,nan,nan,nan,nan,nan,nan,nan,nan,nan,nan,nan,nan,nan,nan,nan,nan,nan,nan,nan,nan,nan,nan,nan,nan,nan,nan,nan,nan,nan,nan,nan,nan,nan,nan,nan,nan,nan,nan,nan,nan,nan,nan,nan,nan,nan,nan,nan,nan,nan,nan,nan,nan,nan,nan,nan,nan,nan
67,67,1,0,0,1.0,0.0,0.0,0.5157138109207153,0.29243677854537964,-0.7111755609512329,0.9998906254768372,0.5305368900299072,0.25504857301712036,-0.6723577976226807,0.999760091304779,0.5410235524177551,0.2552068829536438,-0.6724206209182739,0.9997705221176147,0.5507700443267822,0.2551221549510956,-0.6725122332572937,0.9997367858886719,0.5013488531112671,0.25703194737434387,-0.6718825101852417,0.9997854232788086,0.49239179491996765,0.2588277757167816,-0.6717097163200378,0.9998161196708679,0.48635897040367126,0.26071280241012573,-0.6720734238624573,0.9998114109039307,0.5643100738525391,0.27799370884895325,-0.40985411405563354,0.9996700882911682,0.4814538359642029,0.2875305414199829,-0.39697688817977905,0.9998660683631897,0.5397055149078369,0.33513617515563965,-0.6152992844581604,0.9999580383300781,0.5003842115402222,0.33646097779273987,-0.6111361980438232,0.9999657273292542,0.6583687663078308,0.5458431243896484,-0.25092729926109314,0.9998164176940918,0.4023663401603699,0.557257354259491,-0.2517312467098236,0.9998985528945923,0.7285130023956299,0.8464450240135193,-0.19580963253974915,0.9745722413063049,0.3230510950088501,0.8533743023872375,-0.19541452825069427,0.9890596866607666,0.7065734267234802,1.1103161573410034,-0.4583313465118408,0.7856546640396118,0.34628137946128845,1.1148614883422852,-0.45196646451950073,0.8236146569252014,0.7133752703666687,1.2104510068893433,-0.5353586673736572,0.7256491780281067,0.32930076122283936,1.2162270545959473,-0.5248630046844482,0.7461189031600952,0.6906929612159729,1.1937808990478516,-0.5877028703689575,0.744198203086853,0.36092159152030945,1.1948645114898682,-0.5840237140655518,0.7625425457954407,0.6918109655380249,1.1413823366165161,-0.48906928300857544,0.747401237487793,0.3750443458557129,1.1500307321548462,-0.48221659660339355,0.7775953412055969,0.6202153563499451,1.156867504119873,-0.03791730850934982,0.4340122938156128,0.4515106678009033,1.1608284711837769,0.03969614952802658,0.48518839478492737,0.6165189743041992,1.6317752599716187,0.10575901716947556,0.0017300521722063422,0.44945403933525085,1.6434396505355835,0.1914207637310028,0.0014509883476421237,0.611099898815155,2.0527384281158447,0.626587450504303,0.0004303006862755865,0.44751882553100586,2.0736026763916016,0.6094147562980652,0.00026952874031849205,0.6144591569900513,2.1162519454956055,0.6515643000602722,0.0004590507014654577,0.4460533559322357,2.138867139816284,0.6401405334472656,0.0005577867850661278,0.5871196985244751,2.196354866027832,0.2792357802391052,0.00026645921752788126,0.46774911880493164,2.2176990509033203,0.24319078028202057,0.0007437008898705244,nan,nan,nan,nan,nan,nan,nan,nan,nan,nan,nan,nan,nan,nan,nan,nan,nan,nan,nan,nan,nan,nan,nan,nan,nan,nan,nan,nan,nan,nan,nan,nan,nan,nan,nan,nan,nan,nan,nan,nan,nan,nan,nan,nan,nan,nan,nan,nan,nan,nan,nan,nan,nan,nan,nan,nan,nan,nan,nan,nan,nan,nan,nan,nan,nan,nan,nan,nan,nan,nan,nan,nan,nan,nan,nan,nan,nan,nan,nan,nan,nan,nan,nan,nan,nan,nan,nan,nan,nan,nan,nan,nan,nan,nan,nan,nan,nan,nan,nan,nan,nan,nan,nan,nan,nan,nan,nan,nan,nan,nan,nan,nan,nan,nan,nan,nan,nan,nan,nan,nan,nan,nan,nan,nan,nan,nan
68,68,1,0,0,1.0,0.0,0.0,0.5160616636276245,0.2920449376106262,-0.7146275639533997,0.9998807311058044,0.5308862924575806,0.25452330708503723,-0.6744014024734497,0.9997364282608032,0.5413179397583008,0.25469788908958435,-0.6745079755783081,0.9997503757476807,0.5510585308074951,0.2545696794986725,-0.6746253371238708,0.9997154474258423,0.5016834139823914,0.25677111744880676,-0.672904372215271,0.9997612833976746,0.4926285147666931,0.2586272358894348,-0.6726964116096497,0.9997938275337219,0.48640885949134827,0.2605494260787964,-0.6730759739875793,0.999785304069519,0.564430832862854,0.2774091362953186,-0.4046453833580017,0.9996355772018433,0.4814346432685852,0.28712159395217896,-0.3855208456516266,0.9998418092727661,0.5398178696632385,0.3346579074859619,-0.6161414384841919,0.9999536275863647,0.5004780292510986,0.33597537875175476,-0.610307514667511,0.9999606013298035,0.6581307649612427,0.5447555184364319,-0.2525942623615265,0.9998048543930054,0.402316153049469,0.5581691861152649,-0.23408474028110504,0.9998860359191895,0.7236254215240479,0.8494624495506287,-0.20250989496707916,0.9672091007232666,0.331154465675354,0.8568216562271118,-0.18056105077266693,0.9855440855026245,0.7065964937210083,1.111565113067627,-0.4784667491912842,0.7338488101959229,0.3411100506782532,1.128859281539917,-0.445557564496994,0.779587984085083,0.714981734752655,1.211130976676941,-0.5603939294815063,0.6694957613945007,0.3222216069698334,1.227268934249878,-0.5204601883888245,0.6939599514007568,0.6922243237495422,1.1970247030258179,-0.6148744225502014,0.6916011571884155,0.35115545988082886,1.2146294116973877,-0.5880693793296814,0.7129119038581848,0.6984679698944092,1.1473551988601685,-0.5103785991668701,0.6949902176856995,0.3680289387702942,1.1649303436279297,-0.4798186719417572,0.7306214570999146,0.6228777170181274,1.157001256942749,-0.044250812381505966,0.39750534296035767,0.45159202814102173,1.1649266481399536,0.046221405267715454,0.44481220841407776,0.6191853880882263,1.6312910318374634,0.1010659784078598,0.0016801917226985097,0.4532102048397064,1.6481049060821533,0.23600906133651733,0.0013785207411274314,0.6164815425872803,2.049687147140503,0.6122462749481201,0.0004557451466098428,0.45139050483703613,2.0770699977874756,0.6965261101722717,0.00026608273037709296,0.6206579208374023,2.112455368041992,0.6395902633666992,0.00046233454486355186,0.44941893219947815,2.142141580581665,0.731319010257721,0.0005595555994659662,0.5922037959098816,2.1943042278289795,0.27229297161102295,0.000276758277323097,0.4722129702568054,2.219697952270508,0.32192057371139526,0.0007262101280502975,nan,nan,nan,nan,nan,nan,nan,nan,nan,nan,nan,nan,nan,nan,nan,nan,nan,nan,nan,nan,nan,nan,nan,nan,nan,nan,nan,nan,nan,nan,nan,nan,nan,nan,nan,nan,nan,nan,nan,nan,nan,nan,nan,nan,nan,nan,nan,nan,nan,nan,nan,nan,nan,nan,nan,nan,nan,nan,nan,nan,nan,nan,nan,nan,nan,nan,nan,nan,nan,nan,nan,nan,nan,nan,nan,nan,nan,nan,nan,nan,nan,nan,nan,nan,nan,nan,nan,nan,nan,nan,nan,nan,nan,nan,nan,nan,nan,nan,nan,nan,nan,nan,nan,nan,nan,nan,nan,nan,nan,nan,nan,nan,nan,nan,nan,nan,nan,nan,nan,nan,nan,nan,nan,nan,nan,nan
69,69,1,0,0,1.0,0.0,0.0,0.516114354133606,0.29173582792282104,-0.7421101927757263,0.9998725056648254,0.530994713306427,0.254113107919693,-0.7042756676673889,0.9997169971466064,0.5414111018180847,0.2542823255062103,-0.704369843006134,0.9997316598892212,0.5511699914932251,0.2541206181049347,-0.7044859528541565,0.9996976256370544,0.5017504096031189,0.2566514313220978,-0.7017085552215576,0.999742329120636,0.4926515221595764,0.25855448842048645,-0.7014855146408081,0.9997753500938416,0.4864095449447632,0.2604832947254181,-0.7018671035766602,0.9997668266296387,0.5645257830619812,0.2769429087638855,-0.4394640624523163,0.9996062517166138,0.48142343759536743,0.2867525517940521,-0.415963739156723,0.9998239278793335,0.5398517847061157,0.334232896566391,-0.6448809504508972,0.9999493360519409,0.5004726648330688,0.33585047721862793,-0.6377794742584229,0.9999558329582214,0.6579724550247192,0.5441716313362122,-0.28212064504623413,0.9997836947441101,0.4024609327316284,0.5588548183441162,-0.25941282510757446,0.9998721480369568,0.7198394536972046,0.85631263256073,-0.22003881633281708,0.9590478539466858,0.33649560809135437,0.8666262030601501,-0.19793690741062164,0.981311559677124,0.7056054472923279,1.1316449642181396,-0.4926571846008301,0.6842350363731384,0.33902618288993835,1.151427984237671,-0.4639693796634674,0.7410104870796204,0.7128022313117981,1.2333686351776123,-0.5732473731040955,0.6190542578697205,0.33045318722724915,1.2499651908874512,-0.5377687215805054,0.6506679654121399,0.6909193992614746,1.2238844633102417,-0.6295431852340698,0.6446934938430786,0.3491881191730499,1.2403781414031982,-0.6064994931221008,0.6725629568099976,0.7002901434898376,1.1782761812210083,-0.5252955555915833,0.6486514806747437,0.3664093315601349,1.203862190246582,-0.4989248812198639,0.6931118965148926,0.6246130466461182,1.159312129020691,-0.04535245522856712,0.3624352812767029,0.45214027166366577,1.168648600578308,0.04735900089144707,0.4062216281890869,0.6199425458908081,1.6394597291946411,0.08535464853048325,0.0016056196764111519,0.4549401104450226,1.6586872339248657,0.22966931760311127,0.001305564888752997,0.6174085736274719,2.061896324157715,0.6088820099830627,0.00044734636321663857,0.45282572507858276,2.09110689163208,0.6479052901268005,0.00025453988928347826,0.6220585107803345,2.123563766479492,0.6392244100570679,0.000436575326602906,0.4508134126663208,2.1547276973724365,0.6793147325515747,0.000532277044840157,0.5923972725868225,2.207409620285034,0.24992582201957703,0.00027211225824430585,0.4734412729740143,2.2355146408081055,0.3126046359539032,0.0006891103694215417,nan,nan,nan,nan,nan,nan,nan,nan,nan,nan,nan,nan,nan,nan,nan,nan,nan,nan,nan,nan,nan,nan,nan,nan,nan,nan,nan,nan,nan,nan,nan,nan,nan,nan,nan,nan,nan,nan,nan,nan,nan,nan,nan,nan,nan,nan,nan,nan,nan,nan,nan,nan,nan,nan,nan,nan,nan,nan,nan,nan,nan,nan,nan,nan,nan,nan,nan,nan,nan,nan,nan,nan,nan,nan,nan,nan,nan,nan,nan,nan,nan,nan,nan,nan,nan,nan,nan,nan,nan,nan,nan,nan,nan,nan,nan,nan,nan,nan,nan,nan,nan,nan,nan,nan,nan,nan,nan,nan,nan,nan,nan,nan,nan,nan,nan,nan,nan,nan,nan,nan,nan,nan,nan,nan,nan,nan
70,70,1,0,0,1.0,0.0,0.0,0.5162032842636108,0.2915240526199341,-0.7464974522590637,0.9998649954795837,0.531129002571106,0.253777414560318,-0.706311047077179,0.9996954798698425,0.5415087342262268,0.2539694607257843,-0.7064165472984314,0.9997158646583557,0.5512826442718506,0.25381341576576233,-0.7065416574478149,0.9996790289878845,0.5018536448478699,0.25646498799324036,-0.7055699229240417,0.999718427658081,0.49270501732826233,0.25840264558792114,-0.7053653001785278,0.9997554421424866,0.4864109456539154,0.26032406091690063,-0.7057661414146423,0.9997408986091614,0.5645653009414673,0.2766428291797638,-0.43552476167678833,0.9995740652084351,0.4813885986804962,0.28617146611213684,-0.4209519326686859,0.9998008012771606,0.5398969650268555,0.33373695611953735,-0.6474724411964417,0.9999441504478455,0.5004698634147644,0.33546528220176697,-0.6428598761558533,0.9999498724937439,0.6578289270401001,0.5438458919525146,-0.27375298738479614,0.9997624754905701,0.40211814641952515,0.5587230920791626,-0.27132147550582886,0.9998481869697571,0.7153260707855225,0.8653945922851562,-0.20895472168922424,0.9506704807281494,0.34172844886779785,0.8729408383369446,-0.20960044860839844,0.9746471643447876,0.7071040868759155,1.1300272941589355,-0.4754040539264679,0.6429573893547058,0.3405754566192627,1.1479517221450806,-0.48093223571777344,0.7038477063179016,0.7188058495521545,1.2280850410461426,-0.5539607405662537,0.5757228136062622,0.33466556668281555,1.2437812089920044,-0.5560146570205688,0.609604001045227,0.6945691108703613,1.2169570922851562,-0.6146829128265381,0.6052060723304749,0.35488998889923096,1.2345081567764282,-0.6258459091186523,0.6336920857429504,0.7075647115707397,1.176733374595642,-0.5099251866340637,0.609381914138794,0.3663530647754669,1.2010507583618164,-0.5162703990936279,0.6564639210700989,0.624695897102356,1.1609642505645752,-0.044605106115341187,0.3316870927810669,0.45195016264915466,1.1693153381347656,0.04654393345117569,0.37165725231170654,0.6193518042564392,1.641005516052246,0.0871625617146492,0.001562174060381949,0.4538441598415375,1.6576554775238037,0.21901988983154297,0.0012416921090334654,0.6161413788795471,2.062264919281006,0.6122913956642151,0.0004582834371831268,0.450655072927475,2.0889687538146973,0.6533852219581604,0.0002481634437572211,0.6208498477935791,2.1258037090301514,0.6418094635009766,0.000433679495472461,0.4480395019054413,2.1543986797332764,0.6861671209335327,0.0005182128516025841,0.5904898643493652,2.207644462585449,0.26352372765541077,0.0002755988098215312,0.4726436734199524,2.2328362464904785,0.2880721092224121,0.0006620464264415205,nan,nan,nan,nan,nan,nan,nan,nan,nan,nan,nan,nan,nan,nan,nan,nan,nan,nan,nan,nan,nan,nan,nan,nan,nan,nan,nan,nan,nan,nan,nan,nan,nan,nan,nan,nan,nan,nan,nan,nan,nan,nan,nan,nan,nan,nan,nan,nan,nan,nan,nan,nan,nan,nan,nan,nan,nan,nan,nan,nan,nan,nan,nan,nan,nan,nan,nan,nan,nan,nan,nan,nan,nan,nan,nan,nan,nan,nan,nan,nan,nan,nan,nan,nan,nan,nan,nan,nan,nan,nan,nan,nan,nan,nan,nan,nan,nan,nan,nan,nan,nan,nan,nan,nan,nan,nan,nan,nan,nan,nan,nan,nan,nan,nan,nan,nan,nan,nan,nan,nan,nan,nan,nan,nan,nan,nan
71,71,1,0,0,1.0,0.0,0.0,0.516376793384552,0.29121094942092896,-0.7355695962905884,0.9998623132705688,0.5312833189964294,0.25350674986839294,-0.6951370239257812,0.9996864199638367,0.5416176319122314,0.2537274956703186,-0.6952682733535767,0.9997102618217468,0.5513649582862854,0.25361132621765137,-0.6953741908073425,0.9996720552444458,0.5020377039909363,0.256273478269577,-0.6944428086280823,0.9997063279151917,0.49286478757858276,0.2582540214061737,-0.6942177414894104,0.99974524974823,0.4864344298839569,0.26019683480262756,-0.6946264505386353,0.9997257590293884,0.564565896987915,0.2765359878540039,-0.4249826669692993,0.9995579123497009,0.48138245940208435,0.2858329713344574,-0.4105301797389984,0.9997841715812683,0.5399760007858276,0.333331823348999,-0.6370025873184204,0.9999409317970276,0.5005021691322327,0.3350282907485962,-0.6324390172958374,0.9999457597732544,0.657590389251709,0.5436504483222961,-0.267739474773407,0.9997485280036926,0.40139979124069214,0.5596566200256348,-0.26248055696487427,0.9998252391815186,0.7108661532402039,0.8694391846656799,-0.21224302053451538,0.942665696144104,0.3453540503978729,0.8797021508216858,-0.2125941812992096,0.9680743217468262,0.70738685131073,1.1296544075012207,-0.48434561491012573,0.6092315316200256,0.34131747484207153,1.1604156494140625,-0.4815520942211151,0.6716244220733643,0.7194045186042786,1.2292587757110596,-0.5647992491722107,0.538723886013031,0.3251412510871887,1.2604687213897705,-0.5549700856208801,0.5735881328582764,0.6948221325874329,1.2172237634658813,-0.6226537823677063,0.5723596811294556,0.3562990427017212,1.2497464418411255,-0.6299029588699341,0.6001589298248291,0.7091298699378967,1.175521731376648,-0.5179188847541809,0.5763638615608215,0.36566394567489624,1.2158936262130737,-0.5187875032424927,0.6250749826431274,0.6253255605697632,1.164170265197754,-0.04489944130182266,0.3031276762485504,0.45199742913246155,1.1745208501815796,0.046893153339624405,0.3394271433353424,0.6194812059402466,1.6414300203323364,0.08120694011449814,0.0015711458399891853,0.45391491055488586,1.6577458381652832,0.21515238285064697,0.0012019569985568523,0.616750955581665,2.06103253364563,0.5752055048942566,0.0004897083854302764,0.4508906602859497,2.085763454437256,0.642835259437561,0.0002488679892849177,0.6214622259140015,2.125100612640381,0.6021528244018555,0.0004470157145988196,0.4482061266899109,2.1522786617279053,0.6748517155647278,0.0005232214462012053,0.591779351234436,2.205922842025757,0.2320299744606018,0.0002890777832362801,0.4745016396045685,2.2256531715393066,0.2788826525211334,0.000650992093142122,nan,nan,nan,nan,nan,nan,nan,nan,nan,nan,nan,nan,nan,nan,nan,nan,nan,nan,nan,nan,nan,nan,nan,nan,nan,nan,nan,nan,nan,nan,nan,nan,nan,nan,nan,nan,nan,nan,nan,nan,nan,nan,nan,nan,nan,nan,nan,nan,nan,nan,nan,nan,nan,nan,nan,nan,nan,nan,nan,nan,nan,nan,nan,nan,nan,nan,nan,nan,nan,nan,nan,nan,nan,nan,nan,nan,nan,nan,nan,nan,nan,nan,nan,nan,nan,nan,nan,nan,nan,nan,nan,nan,nan,nan,nan,nan,nan,nan,nan,nan,nan,nan,nan,nan,nan,nan,nan,nan,nan,nan,nan,nan,nan,nan,nan,nan,nan,nan,nan,nan,nan,nan,nan,nan,nan,nan
72,72,1,0,0,1.0,0.0,0.0,0.5165068507194519,0.29071950912475586,-0.7244728803634644,0.9998582601547241,0.5314260125160217,0.253060519695282,-0.6844521164894104,0.9996738433837891,0.5417434573173523,0.25333094596862793,-0.6845757365226746,0.9996997714042664,0.5514436960220337,0.25329047441482544,-0.6846498847007751,0.9996601343154907,0.5022099614143372,0.255908727645874,-0.6832507252693176,0.9996938109397888,0.4930500090122223,0.2579458951950073,-0.6830558180809021,0.99973464012146,0.48645302653312683,0.25992223620414734,-0.6834621429443359,0.9997124671936035,0.5645679235458374,0.27636975049972534,-0.41505321860313416,0.9995335936546326,0.4813642203807831,0.2852861285209656,-0.3996035158634186,0.9997695684432983,0.5399973392486572,0.3328818082809448,-0.6262274384498596,0.9999369382858276,0.5005143880844116,0.33445030450820923,-0.621442437171936,0.999941885471344,0.6570658087730408,0.5435537099838257,-0.2591482698917389,0.9997307658195496,0.40103065967559814,0.560258686542511,-0.25207605957984924,0.9998072385787964,0.7090358138084412,0.8761651515960693,-0.20159459114074707,0.9414602518081665,0.34839674830436707,0.8827623128890991,-0.21184469759464264,0.9656705260276794,0.7072650194168091,1.1284085512161255,-0.4780687093734741,0.5951563119888306,0.341367244720459,1.164275050163269,-0.4853224456310272,0.6629661917686462,0.7206711769104004,1.2287083864212036,-0.5597459077835083,0.5179393887519836,0.32116153836250305,1.2610849142074585,-0.5598856806755066,0.5594239830970764,0.6955052614212036,1.2159583568572998,-0.6189300417900085,0.5558046102523804,0.3564161956310272,1.2451971769332886,-0.6357035636901855,0.587988555431366,0.7088829278945923,1.1770488023757935,-0.5120458006858826,0.5609447360038757,0.3651532530784607,1.2122405767440796,-0.5228356719017029,0.6160090565681458,0.6252409219741821,1.168313980102539,-0.04454783350229263,0.28428930044174194,0.45209163427352905,1.1792749166488647,0.0465187132358551,0.3179507851600647,0.6194884181022644,1.6441234350204468,0.07532098144292831,0.0015762604307383299,0.45391562581062317,1.6609923839569092,0.20628933608531952,0.0011769962729886174,0.6167575120925903,2.065342664718628,0.548214852809906,0.0005047590238973498,0.45107778906822205,2.0914008617401123,0.6146902441978455,0.00025642800028435886,0.6214709281921387,2.128586769104004,0.573699414730072,0.00045021637924946845,0.4482872486114502,2.158188581466675,0.6446248888969421,0.0005291728302836418,0.5918816328048706,2.2109365463256836,0.21426302194595337,0.00029709312366321683,0.4746414124965668,2.2304248809814453,0.2559003531932831,0.0006412000511772931,nan,nan,nan,nan,nan,nan,nan,nan,nan,nan,nan,nan,nan,nan,nan,nan,nan,nan,nan,nan,nan,nan,nan,nan,nan,nan,nan,nan,nan,nan,nan,nan,nan,nan,nan,nan,nan,nan,nan,nan,nan,nan,nan,nan,nan,nan,nan,nan,nan,nan,nan,nan,nan,nan,nan,nan,nan,nan,nan,nan,nan,nan,nan,nan,nan,nan,nan,nan,nan,nan,nan,nan,nan,nan,nan,nan,nan,nan,nan,nan,nan,nan,nan,nan,nan,nan,nan,nan,nan,nan,nan,nan,nan,nan,nan,nan,nan,nan,nan,nan,nan,nan,nan,nan,nan,nan,nan,nan,nan,nan,nan,nan,nan,nan,nan,nan,nan,nan,nan,nan,nan,nan,nan,nan,nan,nan
73,73,1,0,0,1.0,0.0,0.0,0.5165852904319763,0.29072895646095276,-0.7083587050437927,0.9998518228530884,0.5315040946006775,0.2530590295791626,-0.6665528416633606,0.999657154083252,0.5418100357055664,0.2533321678638458,-0.666793942451477,0.9996861219406128,0.5514816045761108,0.2533018887042999,-0.6669292449951172,0.9996446371078491,0.5022904872894287,0.2559184730052948,-0.6666009426116943,0.999675452709198,0.4931279420852661,0.25795620679855347,-0.6663398742675781,0.9997187852859497,0.4864543080329895,0.2599336802959442,-0.6667889356613159,0.9996927976608276,0.5645636916160583,0.2763628661632538,-0.3958563208580017,0.9995035529136658,0.48126882314682007,0.2850850522518158,-0.3833542764186859,0.9997491240501404,0.5399836301803589,0.3329165577888489,-0.610359251499176,0.9999321103096008,0.5005123019218445,0.3344528079032898,-0.6061974763870239,0.9999368786811829,0.6563483476638794,0.5434566140174866,-0.2494501769542694,0.9997103214263916,0.4006749391555786,0.5603653192520142,-0.24978147447109222,0.9997844099998474,0.7079932689666748,0.8792124390602112,-0.19536398351192474,0.9380128383636475,0.3503347635269165,0.8804888129234314,-0.19559279084205627,0.9627370834350586,0.7076748013496399,1.1272861957550049,-0.477091908454895,0.5728170871734619,0.3418351113796234,1.1642076969146729,-0.4642624258995056,0.6453540325164795,0.7217186093330383,1.2257882356643677,-0.5606164932250977,0.49091213941574097,0.3236522674560547,1.2594094276428223,-0.538014829158783,0.536591649055481,0.6968770623207092,1.2137229442596436,-0.6182593703269958,0.5318020582199097,0.3526313602924347,1.2492554187774658,-0.6144983172416687,0.5668423175811768,0.7092645764350891,1.1671160459518433,-0.5108310580253601,0.537812352180481,0.36637258529663086,1.2034497261047363,-0.5020251274108887,0.5977106690406799,0.6251979470252991,1.1692012548446655,-0.04450518265366554,0.2643458843231201,0.4521653354167938,1.1805251836776733,0.04647171124815941,0.29509490728378296,0.6200157403945923,1.6434489488601685,0.07236798107624054,0.00162450538482517,0.4544486105442047,1.6600979566574097,0.21249344944953918,0.001189904985949397,0.6182547807693481,2.0648670196533203,0.5399844646453857,0.0005497757811099291,0.45244449377059937,2.089639663696289,0.6269088983535767,0.0002777251647785306,0.6230210661888123,2.128077745437622,0.5650704503059387,0.00047197105595842004,0.44923844933509827,2.156233310699463,0.6581256985664368,0.0005740590277127922,0.5943422317504883,2.210991621017456,0.20444747805595398,0.00031558822956867516,0.4777526557445526,2.2282538414001465,0.2698073387145996,0.0006584812072105706,nan,nan,nan,nan,nan,nan,nan,nan,nan,nan,nan,nan,nan,nan,nan,nan,nan,nan,nan,nan,nan,nan,nan,nan,nan,nan,nan,nan,nan,nan,nan,nan,nan,nan,nan,nan,nan,nan,nan,nan,nan,nan,nan,nan,nan,nan,nan,nan,nan,nan,nan,nan,nan,nan,nan,nan,nan,nan,nan,nan,nan,nan,nan,nan,nan,nan,nan,nan,nan,nan,nan,nan,nan,nan,nan,nan,nan,nan,nan,nan,nan,nan,nan,nan,nan,nan,nan,nan,nan,nan,nan,nan,nan,nan,nan,nan,nan,nan,nan,nan,nan,nan,nan,nan,nan,nan,nan,nan,nan,nan,nan,nan,nan,nan,nan,nan,nan,nan,nan,nan,nan,nan,nan,nan,nan,nan
74,74,1,0,0,1.0,0.0,0.0,0.5167213678359985,0.29078781604766846,-0.7351263165473938,0.99985271692276,0.5316810607910156,0.25308987498283386,-0.693666398525238,0.9996573328971863,0.5420330166816711,0.25335705280303955,-0.6938941478729248,0.9996874332427979,0.55161452293396,0.25332075357437134,-0.6940016746520996,0.99964439868927,0.5024012923240662,0.25594186782836914,-0.694334089756012,0.9996750354766846,0.4932529032230377,0.25797855854034424,-0.6941095590591431,0.9997191429138184,0.4864562153816223,0.25995615124702454,-0.694537878036499,0.9996910691261292,0.5646493434906006,0.27639806270599365,-0.4165358543395996,0.9994981288909912,0.48120057582855225,0.2850539982318878,-0.40758216381073,0.9997473359107971,0.5400376915931702,0.33307161927223206,-0.6341878771781921,0.9999309778213501,0.5005175471305847,0.33463728427886963,-0.6310592889785767,0.9999359250068665,0.6561993956565857,0.5436297655105591,-0.2563749849796295,0.9996918439865112,0.400447815656662,0.5608099102973938,-0.2640235424041748,0.999768853187561,0.7066827416419983,0.883619487285614,-0.2026364654302597,0.9337725043296814,0.3513527810573578,0.88124680519104,-0.20683223009109497,0.9602217078208923,0.7084742784500122,1.1356126070022583,-0.4892463982105255,0.553594172000885,0.3452141284942627,1.1651736497879028,-0.48774054646492004,0.6315750479698181,0.7226096987724304,1.2361292839050293,-0.5736149549484253,0.46858254075050354,0.33123400807380676,1.2625679969787598,-0.5637414455413818,0.5182127952575684,0.6966441869735718,1.2269881963729858,-0.6314830183982849,0.5127707123756409,0.35385534167289734,1.2540042400360107,-0.6344784498214722,0.550466001033783,0.7095724940299988,1.1797099113464355,-0.5232672095298767,0.519090473651886,0.3667833209037781,1.217771053314209,-0.5236629843711853,0.5835124254226685,0.6252161264419556,1.1715039014816284,-0.04417359456419945,0.24408596754074097,0.45220375061035156,1.182531714439392,0.04613938927650452,0.27234789729118347,0.6200719475746155,1.6480178833007812,0.07706151902675629,0.0016751295188441873,0.4549850821495056,1.6636947393417358,0.21167930960655212,0.001201449427753687,0.6183176636695862,2.0710060596466064,0.5471850633621216,0.0006036479608155787,0.4534541368484497,2.094449281692505,0.6329799890518188,0.00029560798429884017,0.6230454444885254,2.134204864501953,0.5730592608451843,0.0004967423155903816,0.45018887519836426,2.1610915660858154,0.6651961803436279,0.0006175495218485594,0.594451367855072,2.2176101207733154,0.2120547592639923,0.000336833531036973,0.47905728220939636,2.2330501079559326,0.2710067927837372,0.0006775486399419606,nan,nan,nan,nan,nan,nan,nan,nan,nan,nan,nan,nan,nan,nan,nan,nan,nan,nan,nan,nan,nan,nan,nan,nan,nan,nan,nan,nan,nan,nan,nan,nan,nan,nan,nan,nan,nan,nan,nan,nan,nan,nan,nan,nan,nan,nan,nan,nan,nan,nan,nan,nan,nan,nan,nan,nan,nan,nan,nan,nan,nan,nan,nan,nan,nan,nan,nan,nan,nan,nan,nan,nan,nan,nan,nan,nan,nan,nan,nan,nan,nan,nan,nan,nan,nan,nan,nan,nan,nan,nan,nan,nan,nan,nan,nan,nan,nan,nan,nan,nan,nan,nan,nan,nan,nan,nan,nan,nan,nan,nan,nan,nan,nan,nan,nan,nan,nan,nan,nan,nan,nan,nan,nan,nan,nan,nan
75,75,1,0,0,1.0,0.0,0.0,0.5170754194259644,0.291310578584671,-0.731180727481842,0.9998471736907959,0.5320946574211121,0.25337105989456177,-0.6920589804649353,0.9996413588523865,0.5424872636795044,0.25365927815437317,-0.6922141313552856,0.9996739625930786,0.5518381595611572,0.2536422908306122,-0.6922957897186279,0.9996275305747986,0.5026910901069641,0.25606629252433777,-0.6894468069076538,0.9996595978736877,0.49358415603637695,0.25803127884864807,-0.689227819442749,0.9997072815895081,0.4864937663078308,0.25997474789619446,-0.6896477937698364,0.9996759295463562,0.5647880434989929,0.27664387226104736,-0.40907979011535645,0.999462902545929,0.4811106026172638,0.284980446100235,-0.4010014832019806,0.9997339844703674,0.5401501059532166,0.3340722322463989,-0.6336173415184021,0.9999262094497681,0.5005789995193481,0.33537688851356506,-0.6262945532798767,0.9999319314956665,0.6559992432594299,0.5436113476753235,-0.24586914479732513,0.9996722340583801,0.3998287320137024,0.5607710480690002,-0.25409403443336487,0.9997547268867493,0.7068799734115601,0.8801243305206299,-0.19169309735298157,0.9260928630828857,0.352058470249176,0.8785776495933533,-0.20201046764850616,0.9565086960792542,0.7108550071716309,1.127416968345642,-0.48869404196739197,0.5339436531066895,0.3475158214569092,1.1549098491668701,-0.4788273274898529,0.6146705746650696,0.724727213382721,1.228782296180725,-0.574752688407898,0.44780606031417847,0.336972713470459,1.2478418350219727,-0.5567673444747925,0.4980650246143341,0.6987631320953369,1.2104004621505737,-0.6351416110992432,0.49481847882270813,0.35656043887138367,1.238002061843872,-0.6306438446044922,0.5325304865837097,0.7110634446144104,1.164400577545166,-0.5244199633598328,0.5012668967247009,0.3674524426460266,1.203453540802002,-0.5160351395606995,0.5669305324554443,0.6266428828239441,1.1702971458435059,-0.04315781220793724,0.2257072776556015,0.45375001430511475,1.1820056438446045,0.045094456523656845,0.2521283030509949,0.6220866441726685,1.6460782289505005,0.08901159465312958,0.0016793174436315894,0.4577372670173645,1.6629709005355835,0.19267785549163818,0.0011778415646404028,0.619800865650177,2.0696256160736084,0.5726017951965332,0.0006287689320743084,0.4565986692905426,2.0941531658172607,0.6048797369003296,0.000294719182420522,0.6243162155151367,2.1332781314849854,0.5997704267501831,0.000512794591486454,0.4537936747074127,2.160778522491455,0.6352937817573547,0.0006218260386958718,0.5963114500045776,2.2147629261016846,0.24077896773815155,0.0003461662563495338,0.48113006353378296,2.2316884994506836,0.23683524131774902,0.0006770588224753737,nan,nan,nan,nan,nan,nan,nan,nan,nan,nan,nan,nan,nan,nan,nan,nan,nan,nan,nan,nan,nan,nan,nan,nan,nan,nan,nan,nan,nan,nan,nan,nan,nan,nan,nan,nan,nan,nan,nan,nan,nan,nan,nan,nan,nan,nan,nan,nan,nan,nan,nan,nan,nan,nan,nan,nan,nan,nan,nan,nan,nan,nan,nan,nan,nan,nan,nan,nan,nan,nan,nan,nan,nan,nan,nan,nan,nan,nan,nan,nan,nan,nan,nan,nan,nan,nan,nan,nan,nan,nan,nan,nan,nan,nan,nan,nan,nan,nan,nan,nan,nan,nan,nan,nan,nan,nan,nan,nan,nan,nan,nan,nan,nan,nan,nan,nan,nan,nan,nan,nan,nan,nan,nan,nan,nan,nan
76,76,1,0,0,1.0,0.0,0.0,0.5171829462051392,0.29135861992836,-0.7205514907836914,0.9998458027839661,0.5322375893592834,0.2533697783946991,-0.6815153956413269,0.9996330142021179,0.5426564812660217,0.25366711616516113,-0.6816383004188538,0.9996684789657593,0.5519096255302429,0.253663569688797,-0.6817561984062195,0.9996198415756226,0.5028125047683716,0.25601157546043396,-0.6819168329238892,0.9996517896652222,0.49374958872795105,0.2579641044139862,-0.6816449761390686,0.9997020363807678,0.48650068044662476,0.2598782181739807,-0.6820478439331055,0.9996680617332458,0.564859926700592,0.2766514718532562,-0.4065365791320801,0.9994474053382874,0.4810281991958618,0.2845979630947113,-0.39688733220100403,0.9997279047966003,0.5401673913002014,0.3341032862663269,-0.62448650598526,0.9999232292175293,0.5005873441696167,0.33543217182159424,-0.6209353804588318,0.9999296069145203,0.6559625864028931,0.5435583591461182,-0.24385161697864532,0.9996587038040161,0.39908933639526367,0.5606375336647034,-0.25005900859832764,0.9997464418411255,0.7074983716011047,0.8780093193054199,-0.18706822395324707,0.9177701473236084,0.3512018918991089,0.8792620897293091,-0.19956858456134796,0.9508373737335205,0.7130456566810608,1.129206657409668,-0.47251155972480774,0.5088958740234375,0.3475702404975891,1.1619985103607178,-0.46897318959236145,0.5938338041305542,0.7272254228591919,1.2335673570632935,-0.5550796985626221,0.4236699640750885,0.3313354551792145,1.265945315361023,-0.5442950129508972,0.47637245059013367,0.7008081674575806,1.2194477319717407,-0.6157246232032776,0.4730350375175476,0.3573552370071411,1.2455240488052368,-0.6177269816398621,0.5127100348472595,0.7130239605903625,1.16845703125,-0.5081651210784912,0.4796137809753418,0.36812490224838257,1.2106891870498657,-0.5057867169380188,0.5479475259780884,0.6270459294319153,1.1689918041229248,-0.04163256660103798,0.20694273710250854,0.4537678062915802,1.1807969808578491,0.04367097467184067,0.2313450276851654,0.62315434217453,1.6453731060028076,0.08048856258392334,0.0015999415190890431,0.4580196738243103,1.6630423069000244,0.16964402794837952,0.0011045478750020266,0.6201471090316772,2.070589065551758,0.5519771575927734,0.0006022108718752861,0.45659691095352173,2.095865249633789,0.5642096400260925,0.00027666016831062734,0.624656081199646,2.134908676147461,0.5778094530105591,0.0004923802916891873,0.45376306772232056,2.1637134552001953,0.5923742651939392,0.0005846676649525762,0.5963791012763977,2.216482400894165,0.2204902172088623,0.0003319276147522032,0.48111480474472046,2.2332863807678223,0.19514122605323792,0.0006374281365424395,nan,nan,nan,nan,nan,nan,nan,nan,nan,nan,nan,nan,nan,nan,nan,nan,nan,nan,nan,nan,nan,nan,nan,nan,nan,nan,nan,nan,nan,nan,nan,nan,nan,nan,nan,nan,nan,nan,nan,nan,nan,nan,nan,nan,nan,nan,nan,nan,nan,nan,nan,nan,nan,nan,nan,nan,nan,nan,nan,nan,nan,nan,nan,nan,nan,nan,nan,nan,nan,nan,nan,nan,nan,nan,nan,nan,nan,nan,nan,nan,nan,nan,nan,nan,nan,nan,nan,nan,nan,nan,nan,nan,nan,nan,nan,nan,nan,nan,nan,nan,nan,nan,nan,nan,nan,nan,nan,nan,nan,nan,nan,nan,nan,nan,nan,nan,nan,nan,nan,nan,nan,nan,nan,nan,nan,nan
77,77,1,0,0,1.0,0.0,0.0,0.5171665549278259,0.2917488217353821,-0.7186453938484192,0.9998384714126587,0.5322361588478088,0.2536141872406006,-0.6796582341194153,0.999609649181366,0.542654275894165,0.25394368171691895,-0.6797914505004883,0.9996522068977356,0.5519071221351624,0.2539311647415161,-0.6799038648605347,0.9995973110198975,0.5028231143951416,0.2560713291168213,-0.6797874569892883,0.9996293783187866,0.4937959313392639,0.25797998905181885,-0.6795464158058167,0.9996865391731262,0.4865019917488098,0.25989440083503723,-0.679954469203949,0.9996472597122192,0.5648640394210815,0.2767895460128784,-0.4084300994873047,0.9994151592254639,0.48100972175598145,0.28449833393096924,-0.3982008695602417,0.9997125864028931,0.540111780166626,0.33469700813293457,-0.6215712428092957,0.999917209148407,0.5005651116371155,0.33571749925613403,-0.6179255843162537,0.9999246001243591,0.6558927297592163,0.5434631109237671,-0.24360665678977966,0.9996404647827148,0.39900922775268555,0.5604553818702698,-0.24916011095046997,0.9997388124465942,0.7078481912612915,0.8765340447425842,-0.18187758326530457,0.910633385181427,0.35046860575675964,0.8775631189346313,-0.19490110874176025,0.9460376501083374,0.7131490111351013,1.1308503150939941,-0.4579828977584839,0.48094502091407776,0.3471572995185852,1.1584861278533936,-0.4627469778060913,0.5712153911590576,0.7273951172828674,1.2342724800109863,-0.5370506048202515,0.3973841667175293,0.3278462588787079,1.2565404176712036,-0.5379368662834167,0.4533514976501465,0.7210402488708496,1.2103878259658813,-0.5995545983314514,0.4476257562637329,0.35252219438552856,1.2410556077957153,-0.6119787693023682,0.49082595109939575,0.7141339778900146,1.1694917678833008,-0.4938714802265167,0.453946590423584,0.3667050302028656,1.201772689819336,-0.49982866644859314,0.5261697769165039,0.626729428768158,1.1678484678268433,-0.040499258786439896,0.1905946284532547,0.453116774559021,1.1800119876861572,0.0425591841340065,0.21334640681743622,0.6226272583007812,1.6438379287719727,0.08110715448856354,0.00159108592197299,0.45734134316444397,1.6607617139816284,0.164175882935524,0.001075772917829454,0.6190716624259949,2.0685834884643555,0.5504270195960999,0.000611250929068774,0.45519959926605225,2.0934178829193115,0.5579987168312073,0.00027250952553004026,0.6233552098274231,2.1326746940612793,0.5760401487350464,0.00050062540685758,0.4523421823978424,2.1610283851623535,0.5856796503067017,0.0005774209275841713,0.5949029326438904,2.2143852710723877,0.21708397567272186,0.0003362080897204578,0.47923070192337036,2.2310972213745117,0.18611595034599304,0.000623068306595087,nan,nan,nan,nan,nan,nan,nan,nan,nan,nan,nan,nan,nan,nan,nan,nan,nan,nan,nan,nan,nan,nan,nan,nan,nan,nan,nan,nan,nan,nan,nan,nan,nan,nan,nan,nan,nan,nan,nan,nan,nan,nan,nan,nan,nan,nan,nan,nan,nan,nan,nan,nan,nan,nan,nan,nan,nan,nan,nan,nan,nan,nan,nan,nan,nan,nan,nan,nan,nan,nan,nan,nan,nan,nan,nan,nan,nan,nan,nan,nan,nan,nan,nan,nan,nan,nan,nan,nan,nan,nan,nan,nan,nan,nan,nan,nan,nan,nan,nan,nan,nan,nan,nan,nan,nan,nan,nan,nan,nan,nan,nan,nan,nan,nan,nan,nan,nan,nan,nan,nan,nan,nan,nan,nan,nan,nan
78,78,1,0,0,1.0,0.0,0.0,0.517195463180542,0.2919597923755646,-0.7126971483230591,0.9998338222503662,0.532259464263916,0.253803014755249,-0.673056960105896,0.9995903372764587,0.542670726776123,0.2541216015815735,-0.6731792092323303,0.9996381998062134,0.5519065856933594,0.2540738880634308,-0.6733176112174988,0.9995790719985962,0.5028734803199768,0.25616616010665894,-0.6742991209030151,0.9996097087860107,0.49390530586242676,0.25803160667419434,-0.6740723252296448,0.9996722936630249,0.4865097105503082,0.25991299748420715,-0.6744734644889832,0.9996272921562195,0.5648425817489624,0.2768731713294983,-0.40258675813674927,0.9993852376937866,0.48091116547584534,0.2844797968864441,-0.3976306915283203,0.9996951818466187,0.5401008129119873,0.33489495515823364,-0.6149786114692688,0.9999127388000488,0.5005691647529602,0.3358459174633026,-0.6128900647163391,0.9999200105667114,0.6557554006576538,0.543435275554657,-0.23612327873706818,0.9996334314346313,0.3986496925354004,0.5603471994400024,-0.24808140099048615,0.9997299313545227,0.7089824080467224,0.8761551380157471,-0.16886140406131744,0.9058107137680054,0.3498861789703369,0.8775352239608765,-0.1832006722688675,0.9407467842102051,0.716780424118042,1.1312845945358276,-0.44448763132095337,0.4613499045372009,0.34629517793655396,1.1596252918243408,-0.4514538645744324,0.5536665916442871,0.7298700213432312,1.233635425567627,-0.5227735042572021,0.3778630495071411,0.3261112868785858,1.2599689960479736,-0.5269269943237305,0.4348345100879669,0.7341035604476929,1.2072292566299438,-0.5860462784767151,0.43020132184028625,0.34995126724243164,1.240464687347412,-0.6023545861244202,0.4739777743816376,0.7206375002861023,1.171038031578064,-0.4806245267391205,0.4363434612751007,0.36615580320358276,1.2010395526885986,-0.4892200529575348,0.50946044921875,0.6268157958984375,1.1682101488113403,-0.040077369660139084,0.1755681186914444,0.4531335234642029,1.180465579032898,0.042162906378507614,0.196611687541008,0.6235560178756714,1.6454888582229614,0.08188638091087341,0.0015297764912247658,0.4577711820602417,1.663002610206604,0.15998834371566772,0.0010183685226365924,0.6196337342262268,2.072190523147583,0.5519587993621826,0.0005899648531340063,0.4552220106124878,2.09805965423584,0.5567018389701843,0.000258761050645262,0.6238819360733032,2.1373324394226074,0.5774619579315186,0.0004856042505707592,0.45235711336135864,2.1671106815338135,0.5846084356307983,0.0005493861390277743,0.59516441822052,2.2184669971466064,0.21767309308052063,0.00032533652847632766,0.4792310893535614,2.2353172302246094,0.18521499633789062,0.0005922658601775765,nan,nan,nan,nan,nan,nan,nan,nan,nan,nan,nan,nan,nan,nan,nan,nan,nan,nan,nan,nan,nan,nan,nan,nan,nan,nan,nan,nan,nan,nan,nan,nan,nan,nan,nan,nan,nan,nan,nan,nan,nan,nan,nan,nan,nan,nan,nan,nan,nan,nan,nan,nan,nan,nan,nan,nan,nan,nan,nan,nan,nan,nan,nan,nan,nan,nan,nan,nan,nan,nan,nan,nan,nan,nan,nan,nan,nan,nan,nan,nan,nan,nan,nan,nan,nan,nan,nan,nan,nan,nan,nan,nan,nan,nan,nan,nan,nan,nan,nan,nan,nan,nan,nan,nan,nan,nan,nan,nan,nan,nan,nan,nan,nan,nan,nan,nan,nan,nan,nan,nan,nan,nan,nan,nan,nan,nan
79,79,1,0,0,1.0,0.0,0.0,0.5172684192657471,0.2922689914703369,-0.698882520198822,0.99983149766922,0.5323337316513062,0.25411126017570496,-0.6586572527885437,0.9995814561843872,0.5427548885345459,0.25440728664398193,-0.6588013768196106,0.9996315240859985,0.5519237518310547,0.2543031871318817,-0.6589297652244568,0.9995700120925903,0.5029371976852417,0.25634095072746277,-0.6598749160766602,0.999600350856781,0.49400919675827026,0.2581390142440796,-0.6596354842185974,0.9996652007102966,0.48651665449142456,0.2599678039550781,-0.6600381135940552,0.9996172785758972,0.5648467540740967,0.2770389914512634,-0.3876120150089264,0.9993699193000793,0.4808218777179718,0.2844727635383606,-0.38232284784317017,0.9996869564056396,0.5401061773300171,0.33524391055107117,-0.6002209782600403,0.9999104142189026,0.50059974193573,0.3360685408115387,-0.5980832576751709,0.9999175071716309,0.6556534767150879,0.543384313583374,-0.22427476942539215,0.9996291399002075,0.39849063754081726,0.5602482557296753,-0.2363775670528412,0.9997251629829407,0.7098780274391174,0.8758479356765747,-0.16394267976284027,0.9025369882583618,0.3494825065135956,0.8765963912010193,-0.1750975251197815,0.9378980398178101,0.7170512676239014,1.1303339004516602,-0.44649767875671387,0.4463864862918854,0.3432061970233917,1.1568377017974854,-0.4501209557056427,0.5420910120010376,0.7301477193832397,1.2313182353973389,-0.5267375707626343,0.36188578605651855,0.3229803442955017,1.2540191411972046,-0.5262709856033325,0.4213295876979828,0.7307183146476746,1.2086327075958252,-0.5877039432525635,0.41602519154548645,0.34686362743377686,1.2372276782989502,-0.6027935147285461,0.46204981207847595,0.7187680006027222,1.1664252281188965,-0.48191404342651367,0.4221644997596741,0.3636764883995056,1.1962966918945312,-0.4885350167751312,0.4982549548149109,0.6265023350715637,1.1682223081588745,-0.040008511394262314,0.16296689212322235,0.45271822810173035,1.179919719696045,0.042086414992809296,0.18246285617351532,0.6231878399848938,1.6451716423034668,0.07797741144895554,0.0014993506483733654,0.45741063356399536,1.6621081829071045,0.1648179590702057,0.0009810355259105563,0.6187772750854492,2.0718257427215576,0.544225811958313,0.0005820828373543918,0.45455604791641235,2.096712589263916,0.5651946067810059,0.00025023348280228674,0.6229149103164673,2.1369519233703613,0.5694296360015869,0.0004797606961801648,0.4516695737838745,2.1655430793762207,0.5937343835830688,0.0005347696132957935,0.5941808819770813,2.2179067134857178,0.20896340906620026,0.0003201719664502889,0.478421151638031,2.233943223953247,0.19546735286712646,0.0005720072076655924,nan,nan,nan,nan,nan,nan,nan,nan,nan,nan,nan,nan,nan,nan,nan,nan,nan,nan,nan,nan,nan,nan,nan,nan,nan,nan,nan,nan,nan,nan,nan,nan,nan,nan,nan,nan,nan,nan,nan,nan,nan,nan,nan,nan,nan,nan,nan,nan,nan,nan,nan,nan,nan,nan,nan,nan,nan,nan,nan,nan,nan,nan,nan,nan,nan,nan,nan,nan,nan,nan,nan,nan,nan,nan,nan,nan,nan,nan,nan,nan,nan,nan,nan,nan,nan,nan,nan,nan,nan,nan,nan,nan,nan,nan,nan,nan,nan,nan,nan,nan,nan,nan,nan,nan,nan,nan,nan,nan,nan,nan,nan,nan,nan,nan,nan,nan,nan,nan,nan,nan,nan,nan,nan,nan,nan,nan
80,80,1,0,0,1.0,0.0,0.0,0.5173031091690063,0.29279422760009766,-0.6993997097015381,0.9998310208320618,0.5323668718338013,0.25452545285224915,-0.6594318747520447,0.9995788931846619,0.5427817702293396,0.25479403138160706,-0.6595720052719116,0.999628484249115,0.551924467086792,0.2546258866786957,-0.6597007513046265,0.9995673298835754,0.5029767155647278,0.25657883286476135,-0.6605907082557678,0.9995983242988586,0.4940739870071411,0.2582801580429077,-0.6603440046310425,0.999663233757019,0.48651933670043945,0.26004815101623535,-0.6607516407966614,0.9996158480644226,0.5648324489593506,0.27725180983543396,-0.3886456787586212,0.9993655681610107,0.480726957321167,0.2844681441783905,-0.38284623622894287,0.999685525894165,0.5401016473770142,0.3357071280479431,-0.6006637811660767,0.9999102354049683,0.5006089806556702,0.33646878600120544,-0.5984986424446106,0.999917209148407,0.6556118726730347,0.5433270931243896,-0.22528737783432007,0.9996312856674194,0.3984251618385315,0.5601445436477661,-0.23566843569278717,0.9997289776802063,0.7103747725486755,0.8749753832817078,-0.16656367480754852,0.9035582542419434,0.3491654396057129,0.8759269714355469,-0.17583540081977844,0.9376709461212158,0.717427670955658,1.13297700881958,-0.4499138593673706,0.4410666227340698,0.340869277715683,1.1583369970321655,-0.4563703238964081,0.5416890978813171,0.7307080626487732,1.232826590538025,-0.5312990546226501,0.35351860523223877,0.3209645450115204,1.258963704109192,-0.5334873795509338,0.4184270203113556,0.7318499088287354,1.2074458599090576,-0.5933430194854736,0.4097263514995575,0.34387972950935364,1.2400333881378174,-0.6096375584602356,0.460517555475235,0.7187945246696472,1.1705265045166016,-0.4856850504875183,0.4163628816604614,0.36216264963150024,1.200016975402832,-0.4948977530002594,0.497698575258255,0.6263907551765442,1.1681146621704102,-0.03994675725698471,0.15457667410373688,0.45262640714645386,1.1793404817581177,0.04203387349843979,0.17334190011024475,0.6229774951934814,1.6451863050460815,0.07732149213552475,0.0014649570221081376,0.45697376132011414,1.6615469455718994,0.16355744004249573,0.0009486217168159783,0.6176801323890686,2.0716500282287598,0.5457744598388672,0.0005701352492906153,0.45277485251426697,2.0961649417877197,0.56187504529953,0.00024360441602766514,0.6217092275619507,2.136066198348999,0.5711075663566589,0.0004679301055148244,0.44982466101646423,2.164292097091675,0.5898192524909973,0.0005189767107367516,0.5926483869552612,2.2173540592193604,0.2089923471212387,0.0003146341477986425,0.47564056515693665,2.233769178390503,0.18845923244953156,0.0005548140616156161,nan,nan,nan,nan,nan,nan,nan,nan,nan,nan,nan,nan,nan,nan,nan,nan,nan,nan,nan,nan,nan,nan,nan,nan,nan,nan,nan,nan,nan,nan,nan,nan,nan,nan,nan,nan,nan,nan,nan,nan,nan,nan,nan,nan,nan,nan,nan,nan,nan,nan,nan,nan,nan,nan,nan,nan,nan,nan,nan,nan,nan,nan,nan,nan,nan,nan,nan,nan,nan,nan,nan,nan,nan,nan,nan,nan,nan,nan,nan,nan,nan,nan,nan,nan,nan,nan,nan,nan,nan,nan,nan,nan,nan,nan,nan,nan,nan,nan,nan,nan,nan,nan,nan,nan,nan,nan,nan,nan,nan,nan,nan,nan,nan,nan,nan,nan,nan,nan,nan,nan,nan,nan,nan,nan,nan,nan
81,81,1,0,0,1.0,0.0,0.0,0.5173905491828918,0.2930549681186676,-0.6648002862930298,0.9998336434364319,0.5324761867523193,0.2549339532852173,-0.6244733333587646,0.9995837211608887,0.542926013469696,0.2552185356616974,-0.62461918592453,0.9996315836906433,0.5519664883613586,0.2550085186958313,-0.6247204542160034,0.9995719790458679,0.5030294060707092,0.256722629070282,-0.6248125433921814,0.9996032118797302,0.4941573739051819,0.25835952162742615,-0.6245638132095337,0.9996669888496399,0.4865250587463379,0.2600887417793274,-0.6249710321426392,0.9996207356452942,0.5648374557495117,0.2774662971496582,-0.35906872153282166,0.99936842918396,0.48066532611846924,0.284463495016098,-0.3494468033313751,0.9996878504753113,0.5401071906089783,0.3358331620693207,-0.5685313940048218,0.999910831451416,0.5006166696548462,0.33654430508613586,-0.5653119683265686,0.9999176263809204,0.655258297920227,0.5431506037712097,-0.20883002877235413,0.9996377825737,0.3986290395259857,0.5600827932357788,-0.2081804871559143,0.9997329711914062,0.7108796834945679,0.8738332390785217,-0.1562652885913849,0.9042928814888,0.3489913046360016,0.875495195388794,-0.16121003031730652,0.9370402693748474,0.7174766659736633,1.1315491199493408,-0.43868184089660645,0.43588364124298096,0.33914047479629517,1.1554657220840454,-0.4469892382621765,0.5401529669761658,0.7307919859886169,1.2306747436523438,-0.5196707844734192,0.34571343660354614,0.319086492061615,1.2541940212249756,-0.5232540369033813,0.4148460030555725,0.730563759803772,1.2083686590194702,-0.5794824361801147,0.4038088619709015,0.34263598918914795,1.236709713935852,-0.6017774939537048,0.45810964703559875,0.71858149766922,1.1677008867263794,-0.47371992468833923,0.4105263650417328,0.35865265130996704,1.1966042518615723,-0.48655569553375244,0.49648863077163696,0.6266735792160034,1.1678180694580078,-0.04035196453332901,0.14683854579925537,0.453567773103714,1.1789535284042358,0.04245275259017944,0.1644492894411087,0.6239880323410034,1.6448149681091309,0.06507415324449539,0.0014290796825662255,0.45804473757743835,1.660962700843811,0.16424471139907837,0.0009109067032113671,0.6195642352104187,2.0706682205200195,0.519624650478363,0.0005593399400822818,0.4546954333782196,2.0950891971588135,0.5512737035751343,0.00023667314962949604,0.6238122582435608,2.1349170207977295,0.5433681607246399,0.0004550964804366231,0.4516737759113312,2.162961721420288,0.5780537128448486,0.0005021299002692103,0.5952070355415344,2.216351270675659,0.1842092126607895,0.00030800208332948387,0.4783690869808197,2.232762336730957,0.1818990260362625,0.0005349736311472952,nan,nan,nan,nan,nan,nan,nan,nan,nan,nan,nan,nan,nan,nan,nan,nan,nan,nan,nan,nan,nan,nan,nan,nan,nan,nan,nan,nan,nan,nan,nan,nan,nan,nan,nan,nan,nan,nan,nan,nan,nan,nan,nan,nan,nan,nan,nan,nan,nan,nan,nan,nan,nan,nan,nan,nan,nan,nan,nan,nan,nan,nan,nan,nan,nan,nan,nan,nan,nan,nan,nan,nan,nan,nan,nan,nan,nan,nan,nan,nan,nan,nan,nan,nan,nan,nan,nan,nan,nan,nan,nan,nan,nan,nan,nan,nan,nan,nan,nan,nan,nan,nan,nan,nan,nan,nan,nan,nan,nan,nan,nan,nan,nan,nan,nan,nan,nan,nan,nan,nan,nan,nan,nan,nan,nan,nan
82,82,1,0,0,1.0,0.0,0.0,0.5174559354782104,0.2941299080848694,-0.6709473729133606,0.9998350739479065,0.5325540900230408,0.2556847631931305,-0.6281816959381104,0.9995856881141663,0.5430505275726318,0.25586873292922974,-0.6283493638038635,0.9996336102485657,0.5520098209381104,0.25553712248802185,-0.6283969283103943,0.9995748996734619,0.5030429363250732,0.2574499249458313,-0.6299881339073181,0.999603807926178,0.49417397379875183,0.2589432895183563,-0.6297961473464966,0.9996665716171265,0.48652344942092896,0.2606313228607178,-0.630224347114563,0.9996203184127808,0.5649112462997437,0.2777208387851715,-0.36588606238365173,0.9993730187416077,0.4805997610092163,0.28484803438186646,-0.3529755771160126,0.9996879696846008,0.5401685237884521,0.33714911341667175,-0.5728655457496643,0.9999116063117981,0.5006558895111084,0.3380511999130249,-0.5711576342582703,0.9999178647994995,0.6552117466926575,0.5432378649711609,-0.21372756361961365,0.999640941619873,0.39893776178359985,0.560016930103302,-0.21246804296970367,0.9997352361679077,0.7110230922698975,0.8734798431396484,-0.16122302412986755,0.9022265672683716,0.34889158606529236,0.8750969171524048,-0.16009286046028137,0.9357736110687256,0.7174162864685059,1.1342030763626099,-0.44724175333976746,0.4274422824382782,0.33799469470977783,1.1556602716445923,-0.4412604868412018,0.5372024178504944,0.7309927940368652,1.2342772483825684,-0.5281806588172913,0.3359255790710449,0.31839466094970703,1.252116084098816,-0.5179203748703003,0.4093119502067566,0.7323060631752014,1.2084428071975708,-0.5854460597038269,0.3956433832645416,0.3416760265827179,1.2366547584533691,-0.5955559015274048,0.4539729356765747,0.7189925312995911,1.1718920469284058,-0.48126131296157837,0.4027945101261139,0.3579965829849243,1.1958651542663574,-0.48054632544517517,0.4928949177265167,0.6267081499099731,1.1684874296188354,-0.040460046380758286,0.13772891461849213,0.4535869061946869,1.1791999340057373,0.0425710529088974,0.15436582267284393,0.6243916749954224,1.6464942693710327,0.067619688808918,0.001372009515762329,0.45807528495788574,1.6624062061309814,0.16460630297660828,0.000867285009007901,0.6203223466873169,2.073284864425659,0.5231766700744629,0.000535632367245853,0.454787015914917,2.0973048210144043,0.5569875240325928,0.0002239718596683815,0.6247764825820923,2.1378209590911865,0.5468897819519043,0.00043632157030515373,0.45180490612983704,2.165440797805786,0.5845136642456055,0.0004754150577355176,0.5954887866973877,2.2189483642578125,0.19058170914649963,0.00029526391881518066,0.4784637987613678,2.2353622913360596,0.1822466254234314,0.0005089357146061957,nan,nan,nan,nan,nan,nan,nan,nan,nan,nan,nan,nan,nan,nan,nan,nan,nan,nan,nan,nan,nan,nan,nan,nan,nan,nan,nan,nan,nan,nan,nan,nan,nan,nan,nan,nan,nan,nan,nan,nan,nan,nan,nan,nan,nan,nan,nan,nan,nan,nan,nan,nan,nan,nan,nan,nan,nan,nan,nan,nan,nan,nan,nan,nan,nan,nan,nan,nan,nan,nan,nan,nan,nan,nan,nan,nan,nan,nan,nan,nan,nan,nan,nan,nan,nan,nan,nan,nan,nan,nan,nan,nan,nan,nan,nan,nan,nan,nan,nan,nan,nan,nan,nan,nan,nan,nan,nan,nan,nan,nan,nan,nan,nan,nan,nan,nan,nan,nan,nan,nan,nan,nan,nan,nan,nan,nan
83,83,1,0,0,1.0,0.0,0.0,0.5182139873504639,0.29549601674079895,-0.6835331320762634,0.9998331665992737,0.5332114696502686,0.25692883133888245,-0.6430413722991943,0.999580979347229,0.5437765717506409,0.25700125098228455,-0.6431772708892822,0.9996283054351807,0.552295446395874,0.25651663541793823,-0.6432717442512512,0.9995698928833008,0.5033989548683167,0.25833168625831604,-0.6458315253257751,0.9995998740196228,0.49462753534317017,0.25954046845436096,-0.6456025838851929,0.9996625781059265,0.48670414090156555,0.26109424233436584,-0.6460089683532715,0.9996171593666077,0.5651977062225342,0.2781408131122589,-0.37781602144241333,0.9993664622306824,0.48058411478996277,0.2850745916366577,-0.37313419580459595,0.9996868371963501,0.5407121777534485,0.3388548791408539,-0.5845030546188354,0.9999106526374817,0.5012018084526062,0.33959877490997314,-0.5843234658241272,0.9999169707298279,0.6551657915115356,0.5433056950569153,-0.2183149755001068,0.9996359348297119,0.39894014596939087,0.5600225925445557,-0.22621411085128784,0.9997341632843018,0.7111796736717224,0.8741406798362732,-0.16400732100009918,0.9005311727523804,0.34878697991371155,0.875212550163269,-0.16481691598892212,0.9345618486404419,0.7171448469161987,1.1387039422988892,-0.4450923502445221,0.41963663697242737,0.33700358867645264,1.1572394371032715,-0.44543182849884033,0.5365030169487,0.7305728197097778,1.2384835481643677,-0.5260882377624512,0.32861948013305664,0.3172556757926941,1.2575671672821045,-0.5224659442901611,0.4082699418067932,0.729819655418396,1.2146937847137451,-0.5865827202796936,0.38996198773384094,0.34060782194137573,1.238762617111206,-0.5985341668128967,0.4541688859462738,0.7184396386146545,1.1815108060836792,-0.4804406464099884,0.3976587653160095,0.35735663771629333,1.1989750862121582,-0.48173996806144714,0.4937102496623993,0.6265971660614014,1.1685893535614014,-0.039747174829244614,0.12998837232589722,0.45358946919441223,1.1792590618133545,0.041856762021780014,0.14585798978805542,0.6243234276771545,1.6469670534133911,0.0687357559800148,0.001318342867307365,0.458048552274704,1.6634812355041504,0.15484903752803802,0.0008268062374554574,0.6199815273284912,2.0746707916259766,0.5295924544334412,0.0005136291729286313,0.45466750860214233,2.0993776321411133,0.5438550114631653,0.0002130534267053008,0.6244329810142517,2.1386055946350098,0.5540615916252136,0.0004168238374404609,0.4517308175563812,2.167036533355713,0.5710570812225342,0.00045006597065366805,0.5948865413665771,2.220081090927124,0.19568943977355957,0.0002840309462044388,0.47783657908439636,2.2373523712158203,0.16777904331684113,0.00048405982670374215,nan,nan,nan,nan,nan,nan,nan,nan,nan,nan,nan,nan,nan,nan,nan,nan,nan,nan,nan,nan,nan,nan,nan,nan,nan,nan,nan,nan,nan,nan,nan,nan,nan,nan,nan,nan,nan,nan,nan,nan,nan,nan,nan,nan,nan,nan,nan,nan,nan,nan,nan,nan,nan,nan,nan,nan,nan,nan,nan,nan,nan,nan,nan,nan,nan,nan,nan,nan,nan,nan,nan,nan,nan,nan,nan,nan,nan,nan,nan,nan,nan,nan,nan,nan,nan,nan,nan,nan,nan,nan,nan,nan,nan,nan,nan,nan,nan,nan,nan,nan,nan,nan,nan,nan,nan,nan,nan,nan,nan,nan,nan,nan,nan,nan,nan,nan,nan,nan,nan,nan,nan,nan,nan,nan,nan,nan
84,84,1,0,0,1.0,0.0,0.0,0.5185354351997375,0.2975403368473053,-0.6837888360023499,0.9998325705528259,0.5334862470626831,0.2583709955215454,-0.645697295665741,0.9995823502540588,0.5440550446510315,0.25833144783973694,-0.6458079218864441,0.9996280074119568,0.55240398645401,0.2577187120914459,-0.6459029912948608,0.9995714426040649,0.5035525560379028,0.25967636704444885,-0.6476479768753052,0.9995996952056885,0.49480846524238586,0.2605845332145691,-0.6473891139030457,0.9996607899665833,0.48675474524497986,0.2620101273059845,-0.647771418094635,0.9996169805526733,0.5653640031814575,0.2787491977214813,-0.3847912549972534,0.9993730783462524,0.4805745482444763,0.28552839159965515,-0.37648820877075195,0.9996870756149292,0.5408820509910583,0.3412197530269623,-0.5857186317443848,0.9999105334281921,0.5014477372169495,0.342164009809494,-0.5848113298416138,0.9999163746833801,0.6552013158798218,0.5440798997879028,-0.22487865388393402,0.9996313452720642,0.3989467918872833,0.5599817037582397,-0.22635117173194885,0.9997296929359436,0.7112940549850464,0.8775332570075989,-0.1659448891878128,0.8996450901031494,0.3488111197948456,0.8751263618469238,-0.1646021455526352,0.9327753782272339,0.7170889973640442,1.1408156156539917,-0.4406220614910126,0.4133804738521576,0.33719873428344727,1.1542586088180542,-0.44655147194862366,0.5345878005027771,0.7301963567733765,1.2423549890518188,-0.5218364000320435,0.3235047459602356,0.3178112506866455,1.25180983543396,-0.5231191515922546,0.4081236720085144,0.7280034422874451,1.21690034866333,-0.5838581323623657,0.3865319490432739,0.3413325250148773,1.228521466255188,-0.6007591485977173,0.4554211497306824,0.7180854082107544,1.184512734413147,-0.47645366191864014,0.39502009749412537,0.35620588064193726,1.1836854219436646,-0.4849054217338562,0.4953478276729584,0.6261651515960693,1.1689873933792114,-0.03980439901351929,0.1221427395939827,0.45357394218444824,1.1791179180145264,0.04192017391324043,0.1370808482170105,0.6233217120170593,1.6479114294052124,0.06161647289991379,0.0012639440828934312,0.4573025107383728,1.6635349988937378,0.13979433476924896,0.0007902258075773716,0.6166057586669922,2.0762948989868164,0.5211694836616516,0.000491217477247119,0.4521649181842804,2.0999624729156494,0.5099989175796509,0.0002023842534981668,0.6207845211029053,2.1390936374664307,0.545151948928833,0.00039641131297685206,0.4493692219257355,2.166997194290161,0.535119354724884,0.0004254336527083069,0.590355634689331,2.2218499183654785,0.18423371016979218,0.0002728528343141079,0.4727780222892761,2.2382559776306152,0.13179412484169006,0.0004597326915245503,nan,nan,nan,nan,nan,nan,nan,nan,nan,nan,nan,nan,nan,nan,nan,nan,nan,nan,nan,nan,nan,nan,nan,nan,nan,nan,nan,nan,nan,nan,nan,nan,nan,nan,nan,nan,nan,nan,nan,nan,nan,nan,nan,nan,nan,nan,nan,nan,nan,nan,nan,nan,nan,nan,nan,nan,nan,nan,nan,nan,nan,nan,nan,nan,nan,nan,nan,nan,nan,nan,nan,nan,nan,nan,nan,nan,nan,nan,nan,nan,nan,nan,nan,nan,nan,nan,nan,nan,nan,nan,nan,nan,nan,nan,nan,nan,nan,nan,nan,nan,nan,nan,nan,nan,nan,nan,nan,nan,nan,nan,nan,nan,nan,nan,nan,nan,nan,nan,nan,nan,nan,nan,nan,nan,nan,nan
85,85,1,0,0,1.0,0.0,0.0,0.5189276933670044,0.29825079441070557,-0.68569415807724,0.9998297691345215,0.5338128209114075,0.259022057056427,-0.6473632454872131,0.9995754957199097,0.5443817377090454,0.2589035630226135,-0.6474810838699341,0.9996229410171509,0.5525416731834412,0.258218377828598,-0.6475765109062195,0.9995662569999695,0.5037683248519897,0.2603103518486023,-0.648813009262085,0.9995927214622498,0.495084285736084,0.26110878586769104,-0.648559033870697,0.9996545910835266,0.48687684535980225,0.2624613344669342,-0.6489467024803162,0.9996097683906555,0.5655720829963684,0.27897873520851135,-0.3851014971733093,0.9993676543235779,0.4805619418621063,0.28573912382125854,-0.37657707929611206,0.9996820092201233,0.5411790013313293,0.34179452061653137,-0.5876598954200745,0.999908447265625,0.5017557740211487,0.3429160416126251,-0.5860843062400818,0.9999138712882996,0.6553412079811096,0.5442826747894287,-0.22534559667110443,0.9996229410171509,0.39911994338035583,0.559934139251709,-0.22680243849754333,0.9997238516807556,0.7113826274871826,0.8790350556373596,-0.16746221482753754,0.8969804644584656,0.3490564823150635,0.874830424785614,-0.16635900735855103,0.9304254651069641,0.7168951034545898,1.142764925956726,-0.4437270760536194,0.40383380651474,0.33731940388679504,1.1543304920196533,-0.4489215016365051,0.5266515016555786,0.7300782799720764,1.2443773746490479,-0.5247191786766052,0.31479164958000183,0.31822288036346436,1.2511848211288452,-0.5251365900039673,0.4008916914463043,0.7265976071357727,1.2171634435653687,-0.5865622162818909,0.37862735986709595,0.34177684783935547,1.2320613861083984,-0.6022115349769592,0.4487724304199219,0.7172175049781799,1.1847947835922241,-0.47945675253868103,0.38766396045684814,0.35657191276550293,1.185469388961792,-0.48744502663612366,0.4894959032535553,0.6261646151542664,1.1689378023147583,-0.03900350257754326,0.1152505874633789,0.45356813073158264,1.1790046691894531,0.04115515202283859,0.1295117884874344,0.6232671141624451,1.6476914882659912,0.059196069836616516,0.0012179804034531116,0.4570308327674866,1.663411259651184,0.1436210572719574,0.0007565704290755093,0.6164082288742065,2.0758116245269775,0.5128436088562012,0.0004751461383420974,0.4516526162624359,2.0995638370513916,0.5215508341789246,0.00019412221445236355,0.6205835342407227,2.138690710067749,0.5363044738769531,0.00038351761759258807,0.4488331377506256,2.166572332382202,0.5476468205451965,0.0004063133674208075,0.5902073979377747,2.2213141918182373,0.17459611594676971,0.0002660970203578472,0.47247132658958435,2.2379541397094727,0.147263765335083,0.0004427708627190441,nan,nan,nan,nan,nan,nan,nan,nan,nan,nan,nan,nan,nan,nan,nan,nan,nan,nan,nan,nan,nan,nan,nan,nan,nan,nan,nan,nan,nan,nan,nan,nan,nan,nan,nan,nan,nan,nan,nan,nan,nan,nan,nan,nan,nan,nan,nan,nan,nan,nan,nan,nan,nan,nan,nan,nan,nan,nan,nan,nan,nan,nan,nan,nan,nan,nan,nan,nan,nan,nan,nan,nan,nan,nan,nan,nan,nan,nan,nan,nan,nan,nan,nan,nan,nan,nan,nan,nan,nan,nan,nan,nan,nan,nan,nan,nan,nan,nan,nan,nan,nan,nan,nan,nan,nan,nan,nan,nan,nan,nan,nan,nan,nan,nan,nan,nan,nan,nan,nan,nan,nan,nan,nan,nan,nan,nan
86,86,1,0,0,1.0,0.0,0.0,0.519001305103302,0.298819899559021,-0.69283127784729,0.999826967716217,0.5338489413261414,0.2595658600330353,-0.654650092124939,0.9995680451393127,0.5444117188453674,0.25940191745758057,-0.6547990441322327,0.9996194243431091,0.5525501370429993,0.258646696805954,-0.6548962593078613,0.9995608329772949,0.5038319230079651,0.26084771752357483,-0.655559241771698,0.9995847940444946,0.49519675970077515,0.2615690529346466,-0.6552919745445251,0.9996493458747864,0.48693111538887024,0.26287996768951416,-0.6557009220123291,0.9996010065078735,0.5655794143676758,0.27911174297332764,-0.3895326256752014,0.9993633031845093,0.48056191205978394,0.2859715223312378,-0.37975338101387024,0.9996775984764099,0.5411883592605591,0.3423389792442322,-0.5943238735198975,0.9999070167541504,0.5018522143363953,0.3435594141483307,-0.5918194651603699,0.9999118447303772,0.6553887724876404,0.5443484783172607,-0.2313683182001114,0.9996215105056763,0.3992772400379181,0.5598991513252258,-0.23187954723834991,0.9997220635414124,0.7116361856460571,0.8789092898368835,-0.17888280749320984,0.8963099718093872,0.3491732180118561,0.8747320771217346,-0.1734248846769333,0.9301032423973083,0.7167994976043701,1.1417802572250366,-0.46108344197273254,0.3977998197078705,0.3383026421070099,1.1540447473526,-0.45043104887008667,0.5205911993980408,0.7299401760101318,1.242956280708313,-0.5433986783027649,0.3076268136501312,0.31846103072166443,1.2506667375564575,-0.5260030031204224,0.3930552005767822,0.7131506204605103,1.2195712327957153,-0.6061009168624878,0.37221914529800415,0.3473394513130188,1.231887698173523,-0.6025761961936951,0.44113364815711975,0.7168346643447876,1.1836236715316772,-0.4972544312477112,0.38175898790359497,0.35797861218452454,1.1892964839935303,-0.48879295587539673,0.48301467299461365,0.6261894106864929,1.1683833599090576,-0.03899566829204559,0.10879985243082047,0.45353588461875916,1.1784281730651855,0.04114687070250511,0.12252603471279144,0.6231220960617065,1.6463096141815186,0.06096825748682022,0.001186103094369173,0.4563392102718353,1.6615321636199951,0.14962147176265717,0.0007372562540695071,0.6162281036376953,2.073866367340088,0.5179331302642822,0.0004770893428940326,0.4511612355709076,2.0972914695739746,0.5294393301010132,0.00019257784879300743,0.6204129457473755,2.1363768577575684,0.5419269800186157,0.0003862324811052531,0.44839414954185486,2.164231300354004,0.5564414858818054,0.0004047589609399438,0.5901671051979065,2.219625949859619,0.18005871772766113,0.00026582536520436406,0.472337931394577,2.2348761558532715,0.1593792736530304,0.00043788799666799605,nan,nan,nan,nan,nan,nan,nan,nan,nan,nan,nan,nan,nan,nan,nan,nan,nan,nan,nan,nan,nan,nan,nan,nan,nan,nan,nan,nan,nan,nan,nan,nan,nan,nan,nan,nan,nan,nan,nan,nan,nan,nan,nan,nan,nan,nan,nan,nan,nan,nan,nan,nan,nan,nan,nan,nan,nan,nan,nan,nan,nan,nan,nan,nan,nan,nan,nan,nan,nan,nan,nan,nan,nan,nan,nan,nan,nan,nan,nan,nan,nan,nan,nan,nan,nan,nan,nan,nan,nan,nan,nan,nan,nan,nan,nan,nan,nan,nan,nan,nan,nan,nan,nan,nan,nan,nan,nan,nan,nan,nan,nan,nan,nan,nan,nan,nan,nan,nan,nan,nan,nan,nan,nan,nan,nan,nan
87,87,1,0,0,1.0,0.0,0.0,0.5190066695213318,0.29899799823760986,-0.7102991938591003,0.9998252987861633,0.5338620543479919,0.2597406506538391,-0.6732752323150635,0.9995647072792053,0.5444286465644836,0.25957757234573364,-0.6734074354171753,0.9996176362037659,0.5525593757629395,0.2588249444961548,-0.6735042929649353,0.999558687210083,0.5038406252861023,0.2610875070095062,-0.6730812191963196,0.9995818138122559,0.4952056109905243,0.26184138655662537,-0.6728158593177795,0.9996465444564819,0.4869379699230194,0.2631809115409851,-0.6732178330421448,0.9995975494384766,0.5656193494796753,0.2792840898036957,-0.40820616483688354,0.9993622899055481,0.4805530905723572,0.28622207045555115,-0.3958020806312561,0.9996761679649353,0.5411950349807739,0.3424820303916931,-0.6120628118515015,0.9999057650566101,0.5018575191497803,0.343733012676239,-0.608269989490509,0.9999107122421265,0.6554263830184937,0.5445592999458313,-0.24838246405124664,0.9996097683906555,0.3996104300022125,0.5598680973052979,-0.24462445080280304,0.9997175931930542,0.7117007970809937,0.8787054419517517,-0.20049427449703217,0.8924683332443237,0.3493519723415375,0.8745550513267517,-0.19018734991550446,0.9290187358856201,0.7161117792129517,1.141226053237915,-0.4843965172767639,0.387539267539978,0.34223243594169617,1.1538680791854858,-0.452445387840271,0.5117645263671875,0.7287980914115906,1.2423408031463623,-0.5685381889343262,0.2982836365699768,0.3335149884223938,1.2505627870559692,-0.5266761183738708,0.38377490639686584,0.7050794959068298,1.222149133682251,-0.6304940581321716,0.36311402916908264,0.3567865490913391,1.2323589324951172,-0.6033670902252197,0.43214812874794006,0.7154576778411865,1.1822271347045898,-0.5204907059669495,0.37313079833984375,0.3641033470630646,1.1927543878555298,-0.48980188369750977,0.4747062921524048,0.626183032989502,1.1683669090270996,-0.038890428841114044,0.10252773761749268,0.4535422921180725,1.1783385276794434,0.0410400815308094,0.11602706462144852,0.6231058239936829,1.6467201709747314,0.06132516264915466,0.001170789124444127,0.45631682872772217,1.6620354652404785,0.1504220813512802,0.0007264838786795735,0.6163537502288818,2.0744128227233887,0.5178564786911011,0.00047416475717909634,0.451188325881958,2.098815441131592,0.5300031900405884,0.00018914631800726056,0.6206368207931519,2.1368818283081055,0.5418223738670349,0.00038362020859494805,0.44842422008514404,2.165942907333374,0.5566251277923584,0.0003965858486481011,0.5901849269866943,2.2204997539520264,0.17898914217948914,0.0002638536680024117,0.472433865070343,2.236436367034912,0.15767492353916168,0.0004297664563637227,nan,nan,nan,nan,nan,nan,nan,nan,nan,nan,nan,nan,nan,nan,nan,nan,nan,nan,nan,nan,nan,nan,nan,nan,nan,nan,nan,nan,nan,nan,nan,nan,nan,nan,nan,nan,nan,nan,nan,nan,nan,nan,nan,nan,nan,nan,nan,nan,nan,nan,nan,nan,nan,nan,nan,nan,nan,nan,nan,nan,nan,nan,nan,nan,nan,nan,nan,nan,nan,nan,nan,nan,nan,nan,nan,nan,nan,nan,nan,nan,nan,nan,nan,nan,nan,nan,nan,nan,nan,nan,nan,nan,nan,nan,nan,nan,nan,nan,nan,nan,nan,nan,nan,nan,nan,nan,nan,nan,nan,nan,nan,nan,nan,nan,nan,nan,nan,nan,nan,nan,nan,nan,nan,nan,nan,nan
88,88,1,0,0,1.0,0.0,0.0,0.5190093517303467,0.2991534173488617,-0.7097498178482056,0.999815046787262,0.5338667631149292,0.25988784432411194,-0.6725106239318848,0.9995418190956116,0.5444352030754089,0.25971850752830505,-0.672631561756134,0.9995965361595154,0.5525643825531006,0.2589452862739563,-0.6727294921875,0.9995334148406982,0.503852903842926,0.26121416687965393,-0.6722094416618347,0.999559760093689,0.49523934721946716,0.2619425654411316,-0.6719346642494202,0.9996285438537598,0.48695483803749084,0.26325419545173645,-0.6723322868347168,0.9995772838592529,0.5656687617301941,0.2793111801147461,-0.4078643023967743,0.9993252158164978,0.48056331276893616,0.2862366735935211,-0.39486414194107056,0.9996622204780579,0.5411936044692993,0.3425644338130951,-0.6117190718650818,0.999900758266449,0.5018650889396667,0.3437913656234741,-0.6078120470046997,0.999906599521637,0.6554376482963562,0.5444929599761963,-0.2474355697631836,0.9995952844619751,0.4005586802959442,0.5594738125801086,-0.24332642555236816,0.9997079372406006,0.7117542028427124,0.8765878081321716,-0.19878317415714264,0.8904563784599304,0.34999880194664,0.8716765642166138,-0.1938871592283249,0.9279957413673401,0.7158114314079285,1.1404954195022583,-0.48308324813842773,0.38379931449890137,0.34569406509399414,1.1495311260223389,-0.4649973213672638,0.5068255066871643,0.7284804582595825,1.241489291191101,-0.56593257188797,0.2950691282749176,0.33711570501327515,1.2376118898391724,-0.5420562624931335,0.37875473499298096,0.7026695609092712,1.2178597450256348,-0.626672089099884,0.36047032475471497,0.35910433530807495,1.2234959602355957,-0.6178293228149414,0.4274498522281647,0.7148622870445251,1.1742192506790161,-0.518405020236969,0.37060093879699707,0.36599472165107727,1.1880505084991455,-0.5025957822799683,0.47090253233909607,0.6265116930007935,1.1657012701034546,-0.03868604451417923,0.09849609434604645,0.45483580231666565,1.1749672889709473,0.0407782718539238,0.11161813139915466,0.6230967044830322,1.642811894416809,0.08348880708217621,0.001181766390800476,0.4567023813724518,1.6571959257125854,0.1516612321138382,0.0007294038659892976,0.6161947250366211,2.069526433944702,0.5552743673324585,0.0005007159197703004,0.45149925351142883,2.0919127464294434,0.5334400534629822,0.00019454701396171004,0.6204051971435547,2.1310713291168213,0.5810644626617432,0.00040051108226180077,0.4488717019557953,2.157170295715332,0.5600621700286865,0.0004128283471800387,0.5900418758392334,2.2145237922668457,0.22122600674629211,0.0002703051723074168,0.4725051820278168,2.229665994644165,0.16082964837551117,0.0004345416964497417,nan,nan,nan,nan,nan,nan,nan,nan,nan,nan,nan,nan,nan,nan,nan,nan,nan,nan,nan,nan,nan,nan,nan,nan,nan,nan,nan,nan,nan,nan,nan,nan,nan,nan,nan,nan,nan,nan,nan,nan,nan,nan,nan,nan,nan,nan,nan,nan,nan,nan,nan,nan,nan,nan,nan,nan,nan,nan,nan,nan,nan,nan,nan,nan,nan,nan,nan,nan,nan,nan,nan,nan,nan,nan,nan,nan,nan,nan,nan,nan,nan,nan,nan,nan,nan,nan,nan,nan,nan,nan,nan,nan,nan,nan,nan,nan,nan,nan,nan,nan,nan,nan,nan,nan,nan,nan,nan,nan,nan,nan,nan,nan,nan,nan,nan,nan,nan,nan,nan,nan,nan,nan,nan,nan,nan,nan
89,89,1,0,0,1.0,0.0,0.0,0.5190305709838867,0.29922720789909363,-0.6999486088752747,0.99981290102005,0.5339057445526123,0.2599015533924103,-0.6611889600753784,0.9995370507240295,0.5444782376289368,0.25973519682884216,-0.6613552570343018,0.9995930790901184,0.5525825619697571,0.2589658200740814,-0.6614459753036499,0.9995286464691162,0.5038840174674988,0.26123130321502686,-0.6618996858596802,0.9995553493499756,0.49527859687805176,0.2619612514972687,-0.6616326570510864,0.999625027179718,0.48696616291999817,0.26327601075172424,-0.6620492935180664,0.999572217464447,0.565700888633728,0.2793322503566742,-0.3942115008831024,0.9993159770965576,0.48055770993232727,0.286241352558136,-0.38590699434280396,0.9996587038040161,0.5411968231201172,0.34259846806526184,-0.6018983721733093,0.99989914894104,0.5018698573112488,0.34380489587783813,-0.599114716053009,0.9999053478240967,0.6554325222969055,0.5445187091827393,-0.24161912500858307,0.9995900988578796,0.4007284343242645,0.5594457387924194,-0.24023476243019104,0.9997040629386902,0.7117945551872253,0.8760277628898621,-0.20095257461071014,0.8885358572006226,0.3503425717353821,0.8716610074043274,-0.19342556595802307,0.9272984266281128,0.7152507305145264,1.1400907039642334,-0.503445565700531,0.3761819899082184,0.3472861051559448,1.1510039567947388,-0.46312305331230164,0.4994094669818878,0.727843701839447,1.2409042119979858,-0.5886262059211731,0.2877712845802307,0.33975645899772644,1.2437394857406616,-0.5384127497673035,0.37095823884010315,0.7001194357872009,1.2211153507232666,-0.6476847529411316,0.3533336818218231,0.36091935634613037,1.2343366146087646,-0.613177478313446,0.41967302560806274,0.7135326862335205,1.1739484071731567,-0.5386611223220825,0.3633561432361603,0.36760392785072327,1.1998872756958008,-0.5002413988113403,0.46395665407180786,0.6271861791610718,1.1658437252044678,-0.03863769397139549,0.09465300291776657,0.4556972086429596,1.175889015197754,0.04072265699505806,0.1074167788028717,0.6249451637268066,1.642897129058838,0.07396312803030014,0.0012040762230753899,0.45957061648368835,1.6580548286437988,0.15600423514842987,0.000738124072086066,0.620817244052887,2.0694990158081055,0.5278851985931396,0.0005189767107367516,0.45734676718711853,2.092209815979004,0.534119725227356,0.00020101547124795616,0.6255025863647461,2.1310837268829346,0.551689624786377,0.0004109533620066941,0.45435425639152527,2.157518148422241,0.5607016086578369,0.00042814755579456687,0.5958117842674255,2.214509963989258,0.19235461950302124,0.0002772515290416777,0.4810066223144531,2.22993540763855,0.16789665818214417,0.00044051901204511523,nan,nan,nan,nan,nan,nan,nan,nan,nan,nan,nan,nan,nan,nan,nan,nan,nan,nan,nan,nan,nan,nan,nan,nan,nan,nan,nan,nan,nan,nan,nan,nan,nan,nan,nan,nan,nan,nan,nan,nan,nan,nan,nan,nan,nan,nan,nan,nan,nan,nan,nan,nan,nan,nan,nan,nan,nan,nan,nan,nan,nan,nan,nan,nan,nan,nan,nan,nan,nan,nan,nan,nan,nan,nan,nan,nan,nan,nan,nan,nan,nan,nan,nan,nan,nan,nan,nan,nan,nan,nan,nan,nan,nan,nan,nan,nan,nan,nan,nan,nan,nan,nan,nan,nan,nan,nan,nan,nan,nan,nan,nan,nan,nan,nan,nan,nan,nan,nan,nan,nan,nan,nan,nan,nan,nan,nan
90,90,1,0,0,1.0,0.0,0.0,0.519033670425415,0.2995070815086365,-0.6920690536499023,0.9998115301132202,0.5339508056640625,0.2600838541984558,-0.6536920070648193,0.9995327591896057,0.5445417761802673,0.2599133253097534,-0.653843879699707,0.9995914697647095,0.5526168346405029,0.2591361701488495,-0.653944194316864,0.9995240569114685,0.5038971304893494,0.26132553815841675,-0.6544696092605591,0.9995505213737488,0.49529457092285156,0.2620203197002411,-0.6541969776153564,0.9996223449707031,0.4869723916053772,0.26330503821372986,-0.6546074151992798,0.9995665550231934,0.5657744407653809,0.2793918550014496,-0.3899061977863312,0.9993125796318054,0.4805535078048706,0.28623494505882263,-0.3820832669734955,0.999656617641449,0.5411869287490845,0.3428173363208771,-0.5954028964042664,0.9998977184295654,0.5018707513809204,0.34392857551574707,-0.5926134586334229,0.9999041557312012,0.6554494500160217,0.5446768999099731,-0.237150177359581,0.9995887875556946,0.40073326230049133,0.5593754649162292,-0.23978693783283234,0.9997013211250305,0.7116705179214478,0.8764317035675049,-0.19421890377998352,0.8874201774597168,0.3507169187068939,0.8716967701911926,-0.19447734951972961,0.9254168272018433,0.7150989174842834,1.1402442455291748,-0.4768409729003906,0.3662967085838318,0.3480750620365143,1.1514906883239746,-0.4627240002155304,0.4915494918823242,0.7277987003326416,1.2414740324020386,-0.5567238926887512,0.2792363464832306,0.34017089009284973,1.2447712421417236,-0.5370187759399414,0.3639001250267029,0.6988228559494019,1.2262723445892334,-0.6143902540206909,0.34501296281814575,0.3613666594028473,1.237136721611023,-0.6116285920143127,0.4127292037010193,0.7124418616294861,1.1769393682479858,-0.5108279585838318,0.3546508252620697,0.36842209100723267,1.2029246091842651,-0.4997076392173767,0.45731180906295776,0.626899778842926,1.166015863418579,-0.03808823600411415,0.08979661762714386,0.4554388225078583,1.1759262084960938,0.040168214589357376,0.10184628516435623,0.6245401501655579,1.6434946060180664,0.06745602190494537,0.0012299912050366402,0.45945870876312256,1.6583491563796997,0.1539837121963501,0.0007461937493644655,0.6205626726150513,2.070343017578125,0.5107800960540771,0.0005382342496886849,0.45723000168800354,2.092632532119751,0.5257498025894165,0.0002050106122624129,0.6252449154853821,2.1322784423828125,0.5335239171981812,0.0004229206242598593,0.4542538523674011,2.1581223011016846,0.5518965125083923,0.00043911367538385093,0.5957090258598328,2.2158920764923096,0.1763603389263153,0.00028252365882508457,0.4809007942676544,2.2309088706970215,0.15984052419662476,0.00043680056114681065,nan,nan,nan,nan,nan,nan,nan,nan,nan,nan,nan,nan,nan,nan,nan,nan,nan,nan,nan,nan,nan,nan,nan,nan,nan,nan,nan,nan,nan,nan,nan,nan,nan,nan,nan,nan,nan,nan,nan,nan,nan,nan,nan,nan,nan,nan,nan,nan,nan,nan,nan,nan,nan,nan,nan,nan,nan,nan,nan,nan,nan,nan,nan,nan,nan,nan,nan,nan,nan,nan,nan,nan,nan,nan,nan,nan,nan,nan,nan,nan,nan,nan,nan,nan,nan,nan,nan,nan,nan,nan,nan,nan,nan,nan,nan,nan,nan,nan,nan,nan,nan,nan,nan,nan,nan,nan,nan,nan,nan,nan,nan,nan,nan,nan,nan,nan,nan,nan,nan,nan,nan,nan,nan,nan,nan,nan
91,91,1,0,0,1.0,0.0,0.0,0.5190067887306213,0.2995239496231079,-0.7039593458175659,0.9998116493225098,0.5339429378509521,0.2600906491279602,-0.6650456190109253,0.9995329976081848,0.5445430278778076,0.259921133518219,-0.6652225255966187,0.9995903968811035,0.5526222586631775,0.2591460943222046,-0.6653403043746948,0.9995238780975342,0.5038893818855286,0.2613484859466553,-0.6648412346839905,0.9995490312576294,0.4952912926673889,0.26203653216362,-0.6645548343658447,0.9996193051338196,0.4869481921195984,0.2633195221424103,-0.6649528741836548,0.9995636343955994,0.5657809972763062,0.2793984115123749,-0.39948806166648865,0.9993113875389099,0.4805104434490204,0.28623533248901367,-0.387001633644104,0.999653160572052,0.5411673784255981,0.342826247215271,-0.6067867875099182,0.9998980164527893,0.5018402934074402,0.34393370151519775,-0.6026346683502197,0.9999037384986877,0.6555591225624084,0.5447080731391907,-0.2473246455192566,0.9995816349983215,0.400684654712677,0.5594382286071777,-0.24425533413887024,0.9996927380561829,0.7116365432739258,0.8780127167701721,-0.20730489492416382,0.8797785639762878,0.3513343036174774,0.8738272190093994,-0.19859150052070618,0.922019898891449,0.7148917317390442,1.1422204971313477,-0.4934198558330536,0.35331305861473083,0.3480934798717499,1.160210132598877,-0.46765953302383423,0.4782196879386902,0.7276731729507446,1.2427363395690918,-0.5769977569580078,0.2692154347896576,0.33958709239959717,1.255597710609436,-0.541682243347168,0.3525502681732178,0.7110337018966675,1.2275664806365967,-0.633624792098999,0.3352002203464508,0.3609762489795685,1.251033902168274,-0.6177263259887695,0.401925653219223,0.7120506167411804,1.1867353916168213,-0.5275704264640808,0.344371497631073,0.3683738708496094,1.2173407077789307,-0.5055400729179382,0.4465508759021759,0.6278443932533264,1.1670421361923218,-0.040534183382987976,0.08333533257246017,0.4564222991466522,1.1790767908096313,0.04261629655957222,0.0945558026432991,0.6265738010406494,1.64910888671875,0.062443435192108154,0.0012210748391225934,0.46414026618003845,1.6688811779022217,0.1704772561788559,0.0007368542719632387,0.6242778301239014,2.078176259994507,0.5146307349205017,0.000535152037627995,0.46385401487350464,2.1057937145233154,0.5726938247680664,0.00020057951041962951,0.6293534636497498,2.141294002532959,0.538328230381012,0.0004129668523091823,0.46089133620262146,2.1727068424224854,0.6025438904762268,0.00043496600119397044,0.599114179611206,2.2247939109802246,0.17910003662109375,0.0002779866917990148,0.4880654513835907,2.2452526092529297,0.19873851537704468,0.0004298040294088423,nan,nan,nan,nan,nan,nan,nan,nan,nan,nan,nan,nan,nan,nan,nan,nan,nan,nan,nan,nan,nan,nan,nan,nan,nan,nan,nan,nan,nan,nan,nan,nan,nan,nan,nan,nan,nan,nan,nan,nan,nan,nan,nan,nan,nan,nan,nan,nan,nan,nan,nan,nan,nan,nan,nan,nan,nan,nan,nan,nan,nan,nan,nan,nan,nan,nan,nan,nan,nan,nan,nan,nan,nan,nan,nan,nan,nan,nan,nan,nan,nan,nan,nan,nan,nan,nan,nan,nan,nan,nan,nan,nan,nan,nan,nan,nan,nan,nan,nan,nan,nan,nan,nan,nan,nan,nan,nan,nan,nan,nan,nan,nan,nan,nan,nan,nan,nan,nan,nan,nan,nan,nan,nan,nan,nan,nan
92,92,1,0,0,1.0,0.0,0.0,0.519008457660675,0.2995644807815552,-0.7061938643455505,0.999811053276062,0.53394615650177,0.26010462641716003,-0.667612612247467,0.9995303153991699,0.544546365737915,0.2599341869354248,-0.667792797088623,0.999589204788208,0.5526264309883118,0.2591583728790283,-0.6679129004478455,0.9995212554931641,0.5038977861404419,0.26136279106140137,-0.6673741936683655,0.9995444416999817,0.49529892206192017,0.2620609402656555,-0.6670902967453003,0.9996152520179749,0.4869522154331207,0.2633413076400757,-0.6674844026565552,0.9995569586753845,0.565789520740509,0.2793915867805481,-0.401439368724823,0.9993083477020264,0.48050448298454285,0.2862393856048584,-0.3889772295951843,0.999648928642273,0.5411537289619446,0.34285780787467957,-0.6084761619567871,0.9998970627784729,0.5018433332443237,0.34396812319755554,-0.6043737530708313,0.9999022483825684,0.6557283401489258,0.5447087287902832,-0.2465793639421463,0.9995783567428589,0.4006970226764679,0.5596694350242615,-0.24376481771469116,0.9996848106384277,0.7115771770477295,0.877856433391571,-0.2044590562582016,0.8712016344070435,0.3516916334629059,0.8738861083984375,-0.1940954625606537,0.9181303977966309,0.7147902846336365,1.141974925994873,-0.49052098393440247,0.3417012691497803,0.3488709628582001,1.1600689888000488,-0.4595775902271271,0.46433135867118835,0.727355420589447,1.2426215410232544,-0.5739907026290894,0.2605416774749756,0.3406049609184265,1.2556869983673096,-0.5324761867523193,0.3407178819179535,0.7163004279136658,1.2247724533081055,-0.6312521696090698,0.3269582688808441,0.36186110973358154,1.2507014274597168,-0.6083477139472961,0.39058417081832886,0.7117363810539246,1.1857740879058838,-0.5248273611068726,0.335293710231781,0.36921820044517517,1.2165318727493286,-0.49737972021102905,0.4346241056919098,0.6288280487060547,1.167171597480774,-0.0412970669567585,0.07702673971652985,0.45734483003616333,1.1799780130386353,0.043383821845054626,0.08748956769704819,0.6276261210441589,1.6503862142562866,0.05808371305465698,0.0012061171000823379,0.4655276834964752,1.6710381507873535,0.1687462329864502,0.0007239537080749869,0.6250579953193665,2.0800468921661377,0.5160642266273499,0.0005315112648531795,0.46505656838417053,2.1091012954711914,0.5697751045227051,0.00019545377290342003,0.629973828792572,2.1435439586639404,0.5400362610816956,0.0004071342700626701,0.46232515573501587,2.176868438720703,0.5997123122215271,0.0004288496566005051,0.6000256538391113,2.226853609085083,0.17774198949337006,0.0002755121677182615,0.48857176303863525,2.2475712299346924,0.19145329296588898,0.00042305514216423035,nan,nan,nan,nan,nan,nan,nan,nan,nan,nan,nan,nan,nan,nan,nan,nan,nan,nan,nan,nan,nan,nan,nan,nan,nan,nan,nan,nan,nan,nan,nan,nan,nan,nan,nan,nan,nan,nan,nan,nan,nan,nan,nan,nan,nan,nan,nan,nan,nan,nan,nan,nan,nan,nan,nan,nan,nan,nan,nan,nan,nan,nan,nan,nan,nan,nan,nan,nan,nan,nan,nan,nan,nan,nan,nan,nan,nan,nan,nan,nan,nan,nan,nan,nan,nan,nan,nan,nan,nan,nan,nan,nan,nan,nan,nan,nan,nan,nan,nan,nan,nan,nan,nan,nan,nan,nan,nan,nan,nan,nan,nan,nan,nan,nan,nan,nan,nan,nan,nan,nan,nan,nan,nan,nan,nan,nan
93,93,1,0,0,1.0,0.0,0.0,0.518748939037323,0.29953423142433167,-0.7047616839408875,0.9997950196266174,0.5337409973144531,0.26011404395103455,-0.6661254167556763,0.9994944334030151,0.5443417429924011,0.2599472999572754,-0.6663283705711365,0.9995597004890442,0.5525468587875366,0.25917330384254456,-0.6664512157440186,0.9994845390319824,0.5038048028945923,0.26138201355934143,-0.6655449867248535,0.9995073676109314,0.49522924423217773,0.26207906007766724,-0.6652669906616211,0.9995867609977722,0.48689237236976624,0.2633610963821411,-0.6656739115715027,0.9995227456092834,0.5657651424407959,0.2794039249420166,-0.3988451659679413,0.9992543458938599,0.48049503564834595,0.28625133633613586,-0.38486748933792114,0.9996228218078613,0.5409322381019592,0.34282979369163513,-0.6065552830696106,0.9998891949653625,0.5016970038414001,0.3438791036605835,-0.6020249128341675,0.9998947381973267,0.6557668447494507,0.5446814298629761,-0.24234998226165771,0.9995560050010681,0.4007628262042999,0.5595381259918213,-0.24072009325027466,0.9996716380119324,0.7115923762321472,0.8768628835678101,-0.20265673100948334,0.8641141653060913,0.3520071804523468,0.8718547224998474,-0.19106878340244293,0.9161104559898376,0.714717447757721,1.1384786367416382,-0.48991864919662476,0.33235999941825867,0.3504346013069153,1.156593680381775,-0.4575343728065491,0.45467013120651245,0.7272730469703674,1.2385549545288086,-0.5743920207023621,0.25316035747528076,0.34221112728118896,1.2476822137832642,-0.5319479703903198,0.3319264352321625,0.709277331829071,1.2159453630447388,-0.6338903903961182,0.3192988634109497,0.362973690032959,1.2425609827041626,-0.6079347729682922,0.3821972906589508,0.7110289931297302,1.1702799797058105,-0.5251280665397644,0.32712188363075256,0.3703594207763672,1.2094346284866333,-0.49556079506874084,0.42572009563446045,0.6286899447441101,1.1662496328353882,-0.0412534661591053,0.07260540872812271,0.45733320713043213,1.177733063697815,0.0433325469493866,0.0826803520321846,0.6249057054519653,1.6470916271209717,0.07119864225387573,0.0012729560257866979,0.4628455638885498,1.663740873336792,0.16046373546123505,0.000764152267947793,0.6197912693023682,2.0741682052612305,0.5377894639968872,0.0005839916993863881,0.461342990398407,2.098573684692383,0.5486207008361816,0.0002078384713968262,0.6236769556999207,2.137410879135132,0.5628383159637451,0.0004436364979483187,0.4593404233455658,2.1652002334594727,0.5764884352684021,0.0004671270726248622,0.5955715775489807,2.218010187149048,0.2021351456642151,0.00029574488871730864,0.4826039671897888,2.234598159790039,0.1734353005886078,0.00045139697613194585,nan,nan,nan,nan,nan,nan,nan,nan,nan,nan,nan,nan,nan,nan,nan,nan,nan,nan,nan,nan,nan,nan,nan,nan,nan,nan,nan,nan,nan,nan,nan,nan,nan,nan,nan,nan,nan,nan,nan,nan,nan,nan,nan,nan,nan,nan,nan,nan,nan,nan,nan,nan,nan,nan,nan,nan,nan,nan,nan,nan,nan,nan,nan,nan,nan,nan,nan,nan,nan,nan,nan,nan,nan,nan,nan,nan,nan,nan,nan,nan,nan,nan,nan,nan,nan,nan,nan,nan,nan,nan,nan,nan,nan,nan,nan,nan,nan,nan,nan,nan,nan,nan,nan,nan,nan,nan,nan,nan,nan,nan,nan,nan,nan,nan,nan,nan,nan,nan,nan,nan,nan,nan,nan,nan,nan,nan
94,94,1,0,0,1.0,0.0,0.0,0.518696665763855,0.29935920238494873,-0.7009047269821167,0.9997921586036682,0.5337191224098206,0.2600180208683014,-0.6616331934928894,0.9994862079620361,0.5443254113197327,0.2598976790904999,-0.6618442535400391,0.9995536804199219,0.5525385141372681,0.2591606676578522,-0.6619527339935303,0.9994761347770691,0.5037961006164551,0.2612823247909546,-0.6614449620246887,0.9994997978210449,0.4952298104763031,0.262048602104187,-0.6611719131469727,0.9995812773704529,0.4868820607662201,0.2633388638496399,-0.6616029739379883,0.9995151162147522,0.5657602548599243,0.2794141471385956,-0.39357033371925354,0.999240517616272,0.4804884195327759,0.28621700406074524,-0.3812698423862457,0.9996170401573181,0.5408849716186523,0.34265679121017456,-0.6025576591491699,0.9998866319656372,0.5016405582427979,0.34369200468063354,-0.5985400080680847,0.9998927712440491,0.6557832360267639,0.5446685552597046,-0.23756608366966248,0.9995421767234802,0.40081173181533813,0.5595266819000244,-0.23995323479175568,0.9996651411056519,0.711543083190918,0.8766997456550598,-0.2013626992702484,0.8593385815620422,0.3520727753639221,0.8726187348365784,-0.1932653784751892,0.9144171476364136,0.7146252393722534,1.1384186744689941,-0.49511414766311646,0.3222018778324127,0.35051074624061584,1.1564452648162842,-0.4576520323753357,0.4463619589805603,0.7272013425827026,1.2384246587753296,-0.5784581303596497,0.24478408694267273,0.3425934612751007,1.2484538555145264,-0.5320690870285034,0.3241647481918335,0.7052845358848572,1.216766357421875,-0.637043833732605,0.310367614030838,0.36300569772720337,1.2431198358535767,-0.6073874235153198,0.3742331266403198,0.7110254764556885,1.1701691150665283,-0.5300948619842529,0.3178146779537201,0.3703843951225281,1.2098485231399536,-0.4956442415714264,0.4175894558429718,0.6287462711334229,1.1662429571151733,-0.041040048003196716,0.06886513531208038,0.4573197364807129,1.1778857707977295,0.04311615228652954,0.07850921154022217,0.6257880926132202,1.6469848155975342,0.06824357807636261,0.001292470726184547,0.46314844489097595,1.663835048675537,0.1623079776763916,0.0007710203644819558,0.6232183575630188,2.0738959312438965,0.5279046893119812,0.000599297636654228,0.46269333362579346,2.098655939102173,0.5512126088142395,0.0002143793972209096,0.6275156736373901,2.1371941566467285,0.5521164536476135,0.00045183603651821613,0.4604094922542572,2.1653518676757812,0.5791736841201782,0.00047796545550227165,0.5999099016189575,2.2179102897644043,0.19061578810214996,0.00030535622499883175,0.4858943819999695,2.2346489429473877,0.17908833920955658,0.0004638521932065487,nan,nan,nan,nan,nan,nan,nan,nan,nan,nan,nan,nan,nan,nan,nan,nan,nan,nan,nan,nan,nan,nan,nan,nan,nan,nan,nan,nan,nan,nan,nan,nan,nan,nan,nan,nan,nan,nan,nan,nan,nan,nan,nan,nan,nan,nan,nan,nan,nan,nan,nan,nan,nan,nan,nan,nan,nan,nan,nan,nan,nan,nan,nan,nan,nan,nan,nan,nan,nan,nan,nan,nan,nan,nan,nan,nan,nan,nan,nan,nan,nan,nan,nan,nan,nan,nan,nan,nan,nan,nan,nan,nan,nan,nan,nan,nan,nan,nan,nan,nan,nan,nan,nan,nan,nan,nan,nan,nan,nan,nan,nan,nan,nan,nan,nan,nan,nan,nan,nan,nan,nan,nan,nan,nan,nan,nan
95,95,1,0,0,1.0,0.0,0.0,0.5186410546302795,0.29911574721336365,-0.6845778822898865,0.9997894763946533,0.5336564183235168,0.2599157989025116,-0.6431577205657959,0.9994782209396362,0.5442529916763306,0.25983816385269165,-0.6433613300323486,0.9995474219322205,0.5525014996528625,0.2591399848461151,-0.643441915512085,0.9994679093360901,0.5037881135940552,0.26113665103912354,-0.6438718438148499,0.9994920492172241,0.49523189663887024,0.26196229457855225,-0.643592357635498,0.9995763301849365,0.48687514662742615,0.2632583677768707,-0.6440390944480896,0.9995075464248657,0.5657118558883667,0.27942028641700745,-0.37160542607307434,0.9992256760597229,0.48047125339508057,0.2861087918281555,-0.36331892013549805,0.9996122121810913,0.5407781004905701,0.3424112796783447,-0.5857518911361694,0.9998849034309387,0.5015743970870972,0.34334397315979004,-0.5828645825386047,0.9998911023139954,0.6557288765907288,0.5446195602416992,-0.21882428228855133,0.9995428323745728,0.4008173942565918,0.5595425367355347,-0.23212137818336487,0.9996637105941772,0.7115508317947388,0.8741962909698486,-0.17617608606815338,0.8590728640556335,0.3520926535129547,0.8726255893707275,-0.1935054510831833,0.9147899150848389,0.714690625667572,1.1305820941925049,-0.45985811948776245,0.3217077851295471,0.3507085144519806,1.1563407182693481,-0.4591217339038849,0.44724181294441223,0.7272310853004456,1.2279703617095947,-0.5406415462493896,0.24321706593036652,0.3445481061935425,1.247305989265442,-0.5342907905578613,0.32319772243499756,0.7042713761329651,1.2081197500228882,-0.5991097092628479,0.30902618169784546,0.36451268196105957,1.2408777475357056,-0.608288049697876,0.37298905849456787,0.7110572457313538,1.1587908267974854,-0.49434489011764526,0.3163257837295532,0.3715558350086212,1.2080811262130737,-0.49651116132736206,0.41683027148246765,0.6291158199310303,1.165217638015747,-0.040742821991443634,0.06668392568826675,0.45728394389152527,1.1774466037750244,0.042809680104255676,0.0759248360991478,0.6258205771446228,1.6436567306518555,0.07951963692903519,0.0012923316098749638,0.4623427987098694,1.6616451740264893,0.1673792451620102,0.0007692140061408281,0.6232202053070068,2.068620443344116,0.5499078631401062,0.0006183412042446434,0.4623074531555176,2.094308853149414,0.5633391737937927,0.00022063431970309466,0.627490758895874,2.131598472595215,0.5753896236419678,0.0004647521418519318,0.46010953187942505,2.1602203845977783,0.5922368764877319,0.0004885541857220232,0.6002880334854126,2.2128095626831055,0.2148345559835434,0.00031358280102722347,0.48569080233573914,2.2303781509399414,0.19392941892147064,0.0004769923980347812,nan,nan,nan,nan,nan,nan,nan,nan,nan,nan,nan,nan,nan,nan,nan,nan,nan,nan,nan,nan,nan,nan,nan,nan,nan,nan,nan,nan,nan,nan,nan,nan,nan,nan,nan,nan,nan,nan,nan,nan,nan,nan,nan,nan,nan,nan,nan,nan,nan,nan,nan,nan,nan,nan,nan,nan,nan,nan,nan,nan,nan,nan,nan,nan,nan,nan,nan,nan,nan,nan,nan,nan,nan,nan,nan,nan,nan,nan,nan,nan,nan,nan,nan,nan,nan,nan,nan,nan,nan,nan,nan,nan,nan,nan,nan,nan,nan,nan,nan,nan,nan,nan,nan,nan,nan,nan,nan,nan,nan,nan,nan,nan,nan,nan,nan,nan,nan,nan,nan,nan,nan,nan,nan,nan,nan,nan
96,96,1,0,0,1.0,0.0,0.0,0.5184502005577087,0.29901477694511414,-0.6842784881591797,0.9997888207435608,0.5335848331451416,0.25983843207359314,-0.6437910795211792,0.9994745850563049,0.5441923141479492,0.25979599356651306,-0.6439791917800903,0.9995442032814026,0.5524691939353943,0.25912922620773315,-0.6440677046775818,0.9994648098945618,0.5037358403205872,0.2610015571117401,-0.643803596496582,0.9994869232177734,0.49518531560897827,0.2618669271469116,-0.6435141563415527,0.9995713233947754,0.48682522773742676,0.2631465792655945,-0.6439544558525085,0.9995013475418091,0.5656915307044983,0.27942678332328796,-0.37408727407455444,0.9992208480834961,0.48045650124549866,0.2858961522579193,-0.3623857796192169,0.9996063113212585,0.5405822992324829,0.34229105710983276,-0.5859089493751526,0.9998844861984253,0.501336932182312,0.3431760370731354,-0.5820761322975159,0.9998902678489685,0.6557809114456177,0.5446297526359558,-0.22065924108028412,0.9995378851890564,0.4009009897708893,0.5593550205230713,-0.229656383395195,0.9996599555015564,0.7115569114685059,0.8746659159660339,-0.17662785947322845,0.854875385761261,0.352267861366272,0.8708849549293518,-0.19201041758060455,0.9125197529792786,0.7146715521812439,1.1314842700958252,-0.4564714729785919,0.31452229619026184,0.3507106900215149,1.1540725231170654,-0.45910754799842834,0.44155192375183105,0.7273129224777222,1.2305021286010742,-0.5375404953956604,0.23709248006343842,0.34415775537490845,1.2356685400009155,-0.5343319773674011,0.3177655339241028,0.7176185846328735,1.20694899559021,-0.5960807204246521,0.302683562040329,0.36441197991371155,1.2269604206085205,-0.608367383480072,0.3676338195800781,0.7115635275840759,1.1605736017227173,-0.49112340807914734,0.3099818825721741,0.37134885787963867,1.195334553718567,-0.4965451955795288,0.41146019101142883,0.629109263420105,1.1652029752731323,-0.04091479256749153,0.06340178102254868,0.4568632245063782,1.1773953437805176,0.04299299791455269,0.07218887656927109,0.6258144974708557,1.6434025764465332,0.0799064114689827,0.0012652191799134016,0.4616861641407013,1.6614571809768677,0.1800011694431305,0.000750068633351475,0.6231870055198669,2.068268060684204,0.5538405776023865,0.0006128479144535959,0.46141132712364197,2.0940637588500977,0.5916792154312134,0.00021651375573128462,0.6274586319923401,2.131317138671875,0.5796569585800171,0.000461769086541608,0.4592142701148987,2.1601569652557373,0.6223733425140381,0.0004800782189704478,0.6001642942428589,2.2128214836120605,0.21590754389762878,0.0003107131633441895,0.4849414527416229,2.2301502227783203,0.2221420258283615,0.0004726442857645452,nan,nan,nan,nan,nan,nan,nan,nan,nan,nan,nan,nan,nan,nan,nan,nan,nan,nan,nan,nan,nan,nan,nan,nan,nan,nan,nan,nan,nan,nan,nan,nan,nan,nan,nan,nan,nan,nan,nan,nan,nan,nan,nan,nan,nan,nan,nan,nan,nan,nan,nan,nan,nan,nan,nan,nan,nan,nan,nan,nan,nan,nan,nan,nan,nan,nan,nan,nan,nan,nan,nan,nan,nan,nan,nan,nan,nan,nan,nan,nan,nan,nan,nan,nan,nan,nan,nan,nan,nan,nan,nan,nan,nan,nan,nan,nan,nan,nan,nan,nan,nan,nan,nan,nan,nan,nan,nan,nan,nan,nan,nan,nan,nan,nan,nan,nan,nan,nan,nan,nan,nan,nan,nan,nan,nan,nan
97,97,0,0,0,0.0,0.0,0.0,nan,nan,nan,nan,nan,nan,nan,nan,nan,nan,nan,nan,nan,nan,nan,nan,nan,nan,nan,nan,nan,nan,nan,nan,nan,nan,nan,nan,nan,nan,nan,nan,nan,nan,nan,nan,nan,nan,nan,nan,nan,nan,nan,nan,nan,nan,nan,nan,nan,nan,nan,nan,nan,nan,nan,nan,nan,nan,nan,nan,nan,nan,nan,nan,nan,nan,nan,nan,nan,nan,nan,nan,nan,nan,nan,nan,nan,nan,nan,nan,nan,nan,nan,nan,nan,nan,nan,nan,nan,nan,nan,nan,nan,nan,nan,nan,nan,nan,nan,nan,nan,nan,nan,nan,nan,nan,nan,nan,nan,nan,nan,nan,nan,nan,nan,nan,nan,nan,nan,nan,nan,nan,nan,nan,nan,nan,nan,nan,nan,nan,nan,nan,nan,nan,nan,nan,nan,nan,nan,nan,nan,nan,nan,nan,nan,nan,nan,nan,nan,nan,nan,nan,nan,nan,nan,nan,nan,nan,nan,nan,nan,nan,nan,nan,nan,nan,nan,nan,nan,nan,nan,nan,nan,nan,nan,nan,nan,nan,nan,nan,nan,nan,nan,nan,nan,nan,nan,nan,nan,nan,nan,nan,nan,nan,nan,nan,nan,nan,nan,nan,nan,nan,nan,nan,nan,nan,nan,nan,nan,nan,nan,nan,nan,nan,nan,nan,nan,nan,nan,nan,nan,nan,nan,nan,nan,nan,nan,nan,nan,nan,nan,nan,nan,nan,nan,nan,nan,nan,nan,nan,nan,nan,nan,nan,nan,nan,nan,nan,nan,nan,nan,nan,nan,nan,nan,nan,nan,nan
