video_path,class_gloss,class_id,feature_path
ASL-Citizen/videos/9430861818262959-seedDINNER.mp4,dinner1,170,features_cache/9430861818262959-seedDINNER.pt
ASL-Citizen/videos/03904005672741806-BOX.mp4,box,139,features_cache/03904005672741806-BOX.pt
ASL-Citizen/videos/23644635547596438-SHOT.mp4,shot,162,features_cache/23644635547596438-SHOT.pt
ASL-Citizen/videos/4307462450858488-BASKETBALL 3.mp4,basketball2,212,features_cache/4307462450858488-BASKETBALL 3.pt
ASL-Citizen/videos/5343394629701335-BASKETBALL.mp4,basketball1,211,features_cache/5343394629701335-BASKETBALL.pt
ASL-Citizen/videos/2555789516101743-OLD.mp4,old,278,features_cache/2555789516101743-OLD.pt
ASL-Citizen/videos/16332343713434794-PIZZA 2.mp4,pizza2,283,features_cache/16332343713434794-PIZZA 2.pt
ASL-Citizen/videos/1855767408851674-RELAX.mp4,relax1,288,features_cache/1855767408851674-RELAX.pt
ASL-Citizen/videos/439948637872827-CAN 2.mp4,can2,115,features_cache/439948637872827-CAN 2.pt
ASL-Citizen/videos/6517293791661136-FIND.mp4,find,224,features_cache/6517293791661136-FIND.pt
ASL-Citizen/videos/8847763791008041-LOCK 3.mp4,lock3,186,features_cache/8847763791008041-LOCK 3.pt
ASL-Citizen/videos/6055157014705774-COME HERE.mp4,comehere,72,features_cache/6055157014705774-COME HERE.pt
ASL-Citizen/videos/9604971098957251-YELLOW.mp4,yellow,150,features_cache/9604971098957251-YELLOW.pt
ASL-Citizen/videos/32941176670637984-YES.mp4,yes,8,features_cache/32941176670637984-YES.pt
ASL-Citizen/videos/961721877875569-MOTHER.mp4,mother,33,features_cache/961721877875569-MOTHER.pt
ASL-Citizen/videos/6152714959604932-BASKETBALL.mp4,basketball1,211,features_cache/6152714959604932-BASKETBALL.pt
ASL-Citizen/videos/06987036606208585-QM.mp4,qm,285,features_cache/06987036606208585-QM.pt
ASL-Citizen/videos/7239292697268376-TALK.mp4,talk1,88,features_cache/7239292697268376-TALK.pt
ASL-Citizen/videos/697232279595773-FRIENDLY.mp4,friendly,27,features_cache/697232279595773-FRIENDLY.pt
ASL-Citizen/videos/9554904810973615-FIFTH.mp4,fifth,223,features_cache/9554904810973615-FIFTH.pt
ASL-Citizen/videos/015075184110739048-SNOW.mp4,snow1,208,features_cache/015075184110739048-SNOW.pt
ASL-Citizen/videos/9984673314288812-ASK.mp4,ask,84,features_cache/9984673314288812-ASK.pt
ASL-Citizen/videos/3770285031443086-BOY.mp4,boy,28,features_cache/3770285031443086-BOY.pt
ASL-Citizen/videos/2435464495201871-TINY.mp4,tiny,157,features_cache/2435464495201871-TINY.pt
ASL-Citizen/videos/3378193944206771-RAINBOW.mp4,rainbow,207,features_cache/3378193944206771-RAINBOW.pt
ASL-Citizen/videos/2543941341529852-BALL.mp4,ball,210,features_cache/2543941341529852-BALL.pt
ASL-Citizen/videos/18049350165719025-HOT.mp4,hot,244,features_cache/18049350165719025-HOT.pt
ASL-Citizen/videos/420065353555064-LONG TIME.mp4,longtime,182,features_cache/420065353555064-LONG TIME.pt
ASL-Citizen/videos/27954487382286475-THEY.mp4,they1,23,features_cache/27954487382286475-THEY.pt
ASL-Citizen/videos/8952881670182555-REMEMBER 2.mp4,remember1,80,features_cache/8952881670182555-REMEMBER 2.pt
ASL-Citizen/videos/9050952764256053-IN.mp4,in,256,features_cache/9050952764256053-IN.pt
ASL-Citizen/videos/025800900162109563-KNOW.mp4,know,77,features_cache/025800900162109563-KNOW.pt
ASL-Citizen/videos/7874578581237623-SIDE.mp4,side,87,features_cache/7874578581237623-SIDE.pt
ASL-Citizen/videos/7113716796525962-OUT.mp4,out,258,features_cache/7113716796525962-OUT.pt
ASL-Citizen/videos/7324165972958658-NIGHT.mp4,night1,56,features_cache/7324165972958658-NIGHT.pt
ASL-Citizen/videos/6099887048565447-DONT MIND.mp4,dontmind,193,features_cache/6099887048565447-DONT MIND.pt
ASL-Citizen/videos/26875507336954096-seedHOTEL.mp4,hotel,105,features_cache/26875507336954096-seedHOTEL.pt
ASL-Citizen/videos/42422483047055737-COME HERE.mp4,comehere,72,features_cache/42422483047055737-COME HERE.pt
ASL-Citizen/videos/18160748587640696-DONT KNOW.mp4,dontknow,191,features_cache/18160748587640696-DONT KNOW.pt
ASL-Citizen/videos/1529448369800237-EAT.mp4,eat1,62,features_cache/1529448369800237-EAT.pt
ASL-Citizen/videos/9884635050419721-YELLOW.mp4,yellow,150,features_cache/9884635050419721-YELLOW.pt
ASL-Citizen/videos/9404756752247674-SKIRT.mp4,skirt,167,features_cache/9404756752247674-SKIRT.pt
ASL-Citizen/videos/1342374959508097-DONT WANT.mp4,dontwant,195,features_cache/1342374959508097-DONT WANT.pt
ASL-Citizen/videos/5083164294431413-ANGRY.mp4,angry,92,features_cache/5083164294431413-ANGRY.pt
ASL-Citizen/videos/3657304306642799-LEFT.mp4,left,273,features_cache/3657304306642799-LEFT.pt
ASL-Citizen/videos/8606245351023674-MAN.mp4,man,30,features_cache/8606245351023674-MAN.pt
ASL-Citizen/videos/14293939579734172-PIZZA.mp4,pizza1,282,features_cache/14293939579734172-PIZZA.pt
ASL-Citizen/videos/7396831048598065-TIME.mp4,time,178,features_cache/7396831048598065-TIME.pt
ASL-Citizen/videos/6262361040918254-BOY.mp4,boy,28,features_cache/6262361040918254-BOY.pt
ASL-Citizen/videos/681073202118579-REST.mp4,rest,290,features_cache/681073202118579-REST.pt
ASL-Citizen/videos/9280283055714456-TIRED.mp4,tired,93,features_cache/9280283055714456-TIRED.pt
ASL-Citizen/videos/2004731386456502-LATER.mp4,later,54,features_cache/2004731386456502-LATER.pt
ASL-Citizen/videos/808562905847142-MEET.mp4,meet,276,features_cache/808562905847142-MEET.pt
ASL-Citizen/videos/9037021445463815-BOX.mp4,box,139,features_cache/9037021445463815-BOX.pt
ASL-Citizen/videos/1686440106039766-DONT CARE.mp4,dontcare,189,features_cache/1686440106039766-DONT CARE.pt
ASL-Citizen/videos/29840710286527017-COFFEE.mp4,coffee,131,features_cache/29840710286527017-COFFEE.pt
ASL-Citizen/videos/7366917583319141-NINE.mp4,nine,203,features_cache/7366917583319141-NINE.pt
ASL-Citizen/videos/5395009645630173-BECAUSE.mp4,because,124,features_cache/5395009645630173-BECAUSE.pt
ASL-Citizen/videos/74247500952737-THIRD.mp4,third1,220,features_cache/74247500952737-THIRD.pt
ASL-Citizen/videos/11208731795629534-TALL.mp4,tall2,176,features_cache/11208731795629534-TALL.pt
ASL-Citizen/videos/08859845078833506-WANT 2.mp4,want1,100,features_cache/08859845078833506-WANT 2.pt
ASL-Citizen/videos/7357037971446334-HOTEL.mp4,hotel,105,features_cache/7357037971446334-HOTEL.pt
ASL-Citizen/videos/9470368146172135-HAVE.mp4,have,235,features_cache/9470368146172135-HAVE.pt
ASL-Citizen/videos/8117007290356919-FIFTH.mp4,fifth,223,features_cache/8117007290356919-FIFTH.pt
ASL-Citizen/videos/546204032322096-HAPPY.mp4,happy,90,features_cache/546204032322096-HAPPY.pt
ASL-Citizen/videos/8608492596931572-BLACK.mp4,black,145,features_cache/8608492596931572-BLACK.pt
ASL-Citizen/videos/7285450678124359-SHOULD.mp4,should,163,features_cache/7285450678124359-SHOULD.pt
ASL-Citizen/videos/10151980491901491-MILK 2.mp4,milk2,130,features_cache/10151980491901491-MILK 2.pt
ASL-Citizen/videos/9197821056738973-REMEMBER.mp4,remember2,81,features_cache/9197821056738973-REMEMBER.pt
ASL-Citizen/videos/7557297806124808-ON.mp4,on,279,features_cache/7557297806124808-ON.pt
ASL-Citizen/videos/5977762842020984-THINK.mp4,think,78,features_cache/5977762842020984-THINK.pt
ASL-Citizen/videos/4069640749274406-RING.mp4,ring,294,features_cache/4069640749274406-RING.pt
ASL-Citizen/videos/014439537236845323-THANK YOU.mp4,thankyou,6,features_cache/014439537236845323-THANK YOU.pt
ASL-Citizen/videos/15267480128517974-FROM.mp4,from,44,features_cache/15267480128517974-FROM.pt
ASL-Citizen/videos/9573034024847233-BOOK.mp4,book,108,features_cache/9573034024847233-BOOK.pt
ASL-Citizen/videos/5504380914957687-MUST.mp4,must,117,features_cache/5504380914957687-MUST.pt
ASL-Citizen/videos/872164900811625-WARM.mp4,warm,243,features_cache/872164900811625-WARM.pt
ASL-Citizen/videos/2528350750653998-VACATION.mp4,vacation,125,features_cache/2528350750653998-VACATION.pt
ASL-Citizen/videos/3524616190732994-LONG WORD.mp4,longword,183,features_cache/3524616190732994-LONG WORD.pt
ASL-Citizen/videos/7118360587719839-THREE.mp4,three,198,features_cache/7118360587719839-THREE.pt
ASL-Citizen/videos/3618820634321085-UNDER.mp4,under,270,features_cache/3618820634321085-UNDER.pt
ASL-Citizen/videos/9858325161708861-HAPPY.mp4,happy,90,features_cache/9858325161708861-HAPPY.pt
ASL-Citizen/videos/009620790877519658-seedWHY.mp4,why,39,features_cache/009620790877519658-seedWHY.pt
ASL-Citizen/videos/5903218158401913-HOSPITAL.mp4,hospital1,247,features_cache/5903218158401913-HOSPITAL.pt
ASL-Citizen/videos/8792539783717879-seedBOY.mp4,boy,28,features_cache/8792539783717879-seedBOY.pt
ASL-Citizen/videos/15898630061569463-HOTEL.mp4,hotel,105,features_cache/15898630061569463-HOTEL.pt
ASL-Citizen/videos/07578464379765082-ASK.mp4,ask,84,features_cache/07578464379765082-ASK.pt
ASL-Citizen/videos/6209651921836459-FINISH.mp4,finish,120,features_cache/6209651921836459-FINISH.pt
ASL-Citizen/videos/825356537839588-READY.mp4,ready,135,features_cache/825356537839588-READY.pt
ASL-Citizen/videos/3550392767477606-COME HERE.mp4,comehere,72,features_cache/3550392767477606-COME HERE.pt
ASL-Citizen/videos/30558124517083196-LONG AGO.mp4,longago,180,features_cache/30558124517083196-LONG AGO.pt
ASL-Citizen/videos/9039030666503207-SIGN.mp4,sign,298,features_cache/9039030666503207-SIGN.pt
ASL-Citizen/videos/6330094542104612-PLEASE.mp4,please,5,features_cache/6330094542104612-PLEASE.pt
ASL-Citizen/videos/24347054664714518-NIGHT.mp4,night1,56,features_cache/24347054664714518-NIGHT.pt
ASL-Citizen/videos/5502639174094444-MONDAY.mp4,monday,263,features_cache/5502639174094444-MONDAY.pt
ASL-Citizen/videos/7964065544716596-DONT MIND.mp4,dontmind,193,features_cache/7964065544716596-DONT MIND.pt
ASL-Citizen/videos/49787709398675717-SMALL.mp4,small,155,features_cache/49787709398675717-SMALL.pt
ASL-Citizen/videos/5752718369643628-HOME.mp4,home,47,features_cache/5752718369643628-HOME.pt
ASL-Citizen/videos/6212964265946359-CLOTHES.mp4,clothes,143,features_cache/6212964265946359-CLOTHES.pt
ASL-Citizen/videos/40861068965375336-EXCITED.mp4,excited,96,features_cache/40861068965375336-EXCITED.pt
ASL-Citizen/videos/5683249939832291-FATHER.mp4,father,34,features_cache/5683249939832291-FATHER.pt
ASL-Citizen/videos/37918472044314444-DRINK.mp4,drink1,64,features_cache/37918472044314444-DRINK.pt
ASL-Citizen/videos/2106826350937605-ONCE.mp4,once,280,features_cache/2106826350937605-ONCE.pt
ASL-Citizen/videos/9884802661426331-BASKETBALL 2.mp4,basketball3,213,features_cache/9884802661426331-BASKETBALL 2.pt
ASL-Citizen/videos/45198637421522947-PINK.mp4,pink,146,features_cache/45198637421522947-PINK.pt
ASL-Citizen/videos/6438767962832797-FALLING ASLEEP.mp4,fallingasleep,172,features_cache/6438767962832797-FALLING ASLEEP.pt
ASL-Citizen/videos/7743830371689544-NAME.mp4,name,10,features_cache/7743830371689544-NAME.pt
ASL-Citizen/videos/3614585368171892-LOCK 2.mp4,lock2,185,features_cache/3614585368171892-LOCK 2.pt
ASL-Citizen/videos/734159114912059-seedFAST.mp4,fast,169,features_cache/734159114912059-seedFAST.pt
ASL-Citizen/videos/6398020473925876-NAME.mp4,name,10,features_cache/6398020473925876-NAME.pt
ASL-Citizen/videos/1933454410726536-TALK 2.mp4,talk2,89,features_cache/1933454410726536-TALK 2.pt
ASL-Citizen/videos/0780155917828449-HERE.mp4,here,45,features_cache/0780155917828449-HERE.pt
ASL-Citizen/videos/4328644408707538-SHOUT.mp4,shout1,164,features_cache/4328644408707538-SHOUT.pt
ASL-Citizen/videos/899437462047443-SHOT.mp4,shot,162,features_cache/899437462047443-SHOT.pt
ASL-Citizen/videos/920002573608864-READ.mp4,read,134,features_cache/920002573608864-READ.pt
ASL-Citizen/videos/1936724717609739-BASKETBALL 2.mp4,basketball3,213,features_cache/1936724717609739-BASKETBALL 2.pt
ASL-Citizen/videos/6037278192800268-HARD.mp4,hard,232,features_cache/6037278192800268-HARD.pt
ASL-Citizen/videos/37979626194554617-AGAIN.mp4,again,121,features_cache/37979626194554617-AGAIN.pt
ASL-Citizen/videos/301637975183338-CHEAT 2.mp4,cheat2,246,features_cache/301637975183338-CHEAT 2.pt
ASL-Citizen/videos/523613885724505-DONT CARE.mp4,dontcare,189,features_cache/523613885724505-DONT CARE.pt
ASL-Citizen/videos/8541893071831477-SLEEP.mp4,sleep,66,features_cache/8541893071831477-SLEEP.pt
ASL-Citizen/videos/03892908647294191-WATER.mp4,water,112,features_cache/03892908647294191-WATER.pt
ASL-Citizen/videos/7826779372749118-FISH.mp4,fish,217,features_cache/7826779372749118-FISH.pt
ASL-Citizen/videos/4898083071927237-SKIRT.mp4,skirt,167,features_cache/4898083071927237-SKIRT.pt
ASL-Citizen/videos/5329041608568317-BIG.mp4,big,156,features_cache/5329041608568317-BIG.pt
ASL-Citizen/videos/21805340389552041-ONE.mp4,one,196,features_cache/21805340389552041-ONE.pt
ASL-Citizen/videos/38919235933506346-COFFEE.mp4,coffee,131,features_cache/38919235933506346-COFFEE.pt
ASL-Citizen/videos/385262643606721-EIGHT.mp4,eight,202,features_cache/385262643606721-EIGHT.pt
ASL-Citizen/videos/8679784931591357-FALLING ASLEEP.mp4,fallingasleep,172,features_cache/8679784931591357-FALLING ASLEEP.pt
ASL-Citizen/videos/19056856698194746-GAME.mp4,game,275,features_cache/19056856698194746-GAME.pt
ASL-Citizen/videos/8404819259670608-FROM.mp4,from,44,features_cache/8404819259670608-FROM.pt
ASL-Citizen/videos/6882259554153813-seedME.mp4,me,15,features_cache/6882259554153813-seedME.pt
ASL-Citizen/videos/7917571111180717-LATER.mp4,later,54,features_cache/7917571111180717-LATER.pt
ASL-Citizen/videos/8586162072545187-HAT.mp4,hat1,233,features_cache/8586162072545187-HAT.pt
ASL-Citizen/videos/7144380745633421-NIGHT 2.mp4,night2,57,features_cache/7144380745633421-NIGHT 2.pt
ASL-Citizen/videos/2690938371126348-CAN.mp4,can1,114,features_cache/2690938371126348-CAN.pt
ASL-Citizen/videos/20496710215120806-REMEMBER 2.mp4,remember1,80,features_cache/20496710215120806-REMEMBER 2.pt
ASL-Citizen/videos/30486345283159944-QM.mp4,qm,285,features_cache/30486345283159944-QM.pt
ASL-Citizen/videos/38500379300077614-OUTSIDE.mp4,outside,259,features_cache/38500379300077614-OUTSIDE.pt
ASL-Citizen/videos/29650119146688847-WATER.mp4,water,112,features_cache/29650119146688847-WATER.pt
ASL-Citizen/videos/8940834130363486-WRITE.mp4,write,137,features_cache/8940834130363486-WRITE.pt
ASL-Citizen/videos/29650243826819156-PEN.mp4,pen,281,features_cache/29650243826819156-PEN.pt
ASL-Citizen/videos/8853841145039041-FINISH.mp4,finish,120,features_cache/8853841145039041-FINISH.pt
ASL-Citizen/videos/7336035259942897-INSIDE.mp4,inside,257,features_cache/7336035259942897-INSIDE.pt
ASL-Citizen/videos/4120236052549755-ACCIDENT.mp4,accident,142,features_cache/4120236052549755-ACCIDENT.pt
ASL-Citizen/videos/032556435071625645-HARD.mp4,hard,232,features_cache/032556435071625645-HARD.pt
ASL-Citizen/videos/23568512551568044-HOUSE.mp4,house,48,features_cache/23568512551568044-HOUSE.pt
ASL-Citizen/videos/3602882272933936-SIDE.mp4,side,87,features_cache/3602882272933936-SIDE.pt
ASL-Citizen/videos/5609465878754509-THIRD 2.mp4,third2,221,features_cache/5609465878754509-THIRD 2.pt
ASL-Citizen/videos/3759922548209751-HOSPITAL.mp4,hospital1,247,features_cache/3759922548209751-HOSPITAL.pt
ASL-Citizen/videos/6798035107373981-DONT NEED.mp4,dontneed,194,features_cache/6798035107373981-DONT NEED.pt
ASL-Citizen/videos/9311041997261886-WHO.mp4,who,13,features_cache/9311041997261886-WHO.pt
ASL-Citizen/videos/6542312539742994-THUNDER.mp4,thunder,261,features_cache/6542312539742994-THUNDER.pt
ASL-Citizen/videos/23737096674333502-HOT.mp4,hot,244,features_cache/23737096674333502-HOT.pt
ASL-Citizen/videos/4111158323472113-HOME.mp4,home,47,features_cache/4111158323472113-HOME.pt
ASL-Citizen/videos/14829062920990466-INSIDE.mp4,inside,257,features_cache/14829062920990466-INSIDE.pt
ASL-Citizen/videos/6416097714490172-FALL 2.mp4,fall2,174,features_cache/6416097714490172-FALL 2.pt
ASL-Citizen/videos/9473037278361052-seedNOT UNDERSTAND.mp4,notunderstand,269,features_cache/9473037278361052-seedNOT UNDERSTAND.pt
ASL-Citizen/videos/08382047993135111-LATER.mp4,later,54,features_cache/08382047993135111-LATER.pt
ASL-Citizen/videos/27776264147203245-TUESDAY.mp4,tuesday,264,features_cache/27776264147203245-TUESDAY.pt
ASL-Citizen/videos/8973861097618665-OK.mp4,ok,136,features_cache/8973861097618665-OK.pt
ASL-Citizen/videos/8037779026823892-MONEY.mp4,money1,109,features_cache/8037779026823892-MONEY.pt
ASL-Citizen/videos/7586176540727507-HAT 2.mp4,hat2,234,features_cache/7586176540727507-HAT 2.pt
ASL-Citizen/videos/3092600247058199-FEW.mp4,few,1,features_cache/3092600247058199-FEW.pt
ASL-Citizen/videos/873026373390853-TALK.mp4,talk1,88,features_cache/873026373390853-TALK.pt
ASL-Citizen/videos/05125668435106201-QM.mp4,qm,285,features_cache/05125668435106201-QM.pt
ASL-Citizen/videos/8066288865216531-SHOW.mp4,show,85,features_cache/8066288865216531-SHOW.pt
ASL-Citizen/videos/9955493139137939-POLICEMAN 2.mp4,policeman2,153,features_cache/9955493139137939-POLICEMAN 2.pt
ASL-Citizen/videos/9952746480983969-FIND.mp4,find,224,features_cache/9952746480983969-FIND.pt
ASL-Citizen/videos/6320209509083174-WOMAN 2.mp4,woman2,32,features_cache/6320209509083174-WOMAN 2.pt
ASL-Citizen/videos/6267552741259361-THERE.mp4,there,46,features_cache/6267552741259361-THERE.pt
ASL-Citizen/videos/4586501986373326-HOME.mp4,home,47,features_cache/4586501986373326-HOME.pt
ASL-Citizen/videos/3545135145644047-seedONE.mp4,one,196,features_cache/3545135145644047-seedONE.pt
ASL-Citizen/videos/4069515282287828-SHORT WORD.mp4,shortword,161,features_cache/4069515282287828-SHORT WORD.pt
ASL-Citizen/videos/4877518027558987-THEY.mp4,they1,23,features_cache/4877518027558987-THEY.pt
ASL-Citizen/videos/6912280773625425-THANK YOU.mp4,thankyou,6,features_cache/6912280773625425-THANK YOU.pt
ASL-Citizen/videos/7879540479386429-REMEMBER 2.mp4,remember1,80,features_cache/7879540479386429-REMEMBER 2.pt
ASL-Citizen/videos/49233665334372345-GUM.mp4,gum,228,features_cache/49233665334372345-GUM.pt
ASL-Citizen/videos/1649070257094689-HOLIDAY.mp4,holiday,253,features_cache/1649070257094689-HOLIDAY.pt
ASL-Citizen/videos/6813349223216334-IMPROVE.mp4,improve,154,features_cache/6813349223216334-IMPROVE.pt
ASL-Citizen/videos/2895204411303076-NOT UNDERSTAND.mp4,notunderstand,269,features_cache/2895204411303076-NOT UNDERSTAND.pt
ASL-Citizen/videos/11949278159196242-RUN.mp4,run1,295,features_cache/11949278159196242-RUN.pt
ASL-Citizen/videos/22206095570444595-SHOW.mp4,show,85,features_cache/22206095570444595-SHOW.pt
ASL-Citizen/videos/11281056039174198-TEETH.mp4,teeth,204,features_cache/11281056039174198-TEETH.pt
ASL-Citizen/videos/7116289403026272-SHOUT.mp4,shout1,164,features_cache/7116289403026272-SHOUT.pt
ASL-Citizen/videos/04738273535882853-PINK.mp4,pink,146,features_cache/04738273535882853-PINK.pt
ASL-Citizen/videos/1524601169265407-ANGRY.mp4,angry,92,features_cache/1524601169265407-ANGRY.pt
ASL-Citizen/videos/03374554101337668-FOREST.mp4,forest,126,features_cache/03374554101337668-FOREST.pt
ASL-Citizen/videos/1931829449490161-THINK.mp4,think,78,features_cache/1931829449490161-THINK.pt
ASL-Citizen/videos/6873392845099671-HAVE.mp4,have,235,features_cache/6873392845099671-HAVE.pt
ASL-Citizen/videos/6155691031526085-CAN.mp4,can1,114,features_cache/6155691031526085-CAN.pt
ASL-Citizen/videos/9956589338184496-seedTIME.mp4,time,178,features_cache/9956589338184496-seedTIME.pt
ASL-Citizen/videos/24437475145413878-TINY.mp4,tiny,157,features_cache/24437475145413878-TINY.pt
ASL-Citizen/videos/06876972937540615-SKIN.mp4,skin,166,features_cache/06876972937540615-SKIN.pt
ASL-Citizen/videos/6210213482834626-MYSELF.mp4,myself,17,features_cache/6210213482834626-MYSELF.pt
ASL-Citizen/videos/1675078914201653-CLOTHES.mp4,clothes,143,features_cache/1675078914201653-CLOTHES.pt
ASL-Citizen/videos/6472577880281998-LISTEN.mp4,listen,133,features_cache/6472577880281998-LISTEN.pt
ASL-Citizen/videos/1994115335737141-FINISH.mp4,finish,120,features_cache/1994115335737141-FINISH.pt
ASL-Citizen/videos/9721413799301013-HIS.mp4,his,20,features_cache/9721413799301013-HIS.pt
ASL-Citizen/videos/6369632534720151-HERE.mp4,here,45,features_cache/6369632534720151-HERE.pt
ASL-Citizen/videos/3100066020765253-HOLD 2.mp4,hold2,252,features_cache/3100066020765253-HOLD 2.pt
ASL-Citizen/videos/6751966585966453-SEVEN.mp4,seven,201,features_cache/6751966585966453-SEVEN.pt
ASL-Citizen/videos/30572430340937906-BIG.mp4,big,156,features_cache/30572430340937906-BIG.pt
ASL-Citizen/videos/635908381404823-FROM.mp4,from,44,features_cache/635908381404823-FROM.pt
ASL-Citizen/videos/43865866781850427-DONT WANT.mp4,dontwant,195,features_cache/43865866781850427-DONT WANT.pt
ASL-Citizen/videos/1191904683117242-SHOP.mp4,shop1,102,features_cache/1191904683117242-SHOP.pt
ASL-Citizen/videos/5178361322749898-MORNING.mp4,morning,55,features_cache/5178361322749898-MORNING.pt
ASL-Citizen/videos/6229294436435182-YOU.mp4,you,14,features_cache/6229294436435182-YOU.pt
ASL-Citizen/videos/18297961593898404-RING.mp4,ring,294,features_cache/18297961593898404-RING.pt
ASL-Citizen/videos/8344998875768217-THURSDAY.mp4,thursday,262,features_cache/8344998875768217-THURSDAY.pt
ASL-Citizen/videos/49413934300553564-YOURSELF.mp4,yourself,19,features_cache/49413934300553564-YOURSELF.pt
ASL-Citizen/videos/37290340377718123-SHOUT 2.mp4,shout2,165,features_cache/37290340377718123-SHOUT 2.pt
ASL-Citizen/videos/8635791768351408-TEETH.mp4,teeth,204,features_cache/8635791768351408-TEETH.pt
ASL-Citizen/videos/3391476369433619-OVER.mp4,over,260,features_cache/3391476369433619-OVER.pt
ASL-Citizen/videos/2884578928193591-JUICE 1.mp4,juice2,128,features_cache/2884578928193591-JUICE 1.pt
ASL-Citizen/videos/04907452657958311-WATCH.mp4,watch,82,features_cache/04907452657958311-WATCH.pt
ASL-Citizen/videos/7176990560462237-WATER.mp4,water,112,features_cache/7176990560462237-WATER.pt
ASL-Citizen/videos/788242668917176-FIFTH.mp4,fifth,223,features_cache/788242668917176-FIFTH.pt
ASL-Citizen/videos/8344291442070739-AGAIN.mp4,again,121,features_cache/8344291442070739-AGAIN.pt
ASL-Citizen/videos/7539973691746786-HOLD 2.mp4,hold2,252,features_cache/7539973691746786-HOLD 2.pt
ASL-Citizen/videos/5077334069534634-DONT WANT.mp4,dontwant,195,features_cache/5077334069534634-DONT WANT.pt
ASL-Citizen/videos/5711914861543499-WASH 1.mp4,wash1,241,features_cache/5711914861543499-WASH 1.pt
ASL-Citizen/videos/21368910008549435-BOOK.mp4,book,108,features_cache/21368910008549435-BOOK.pt
ASL-Citizen/videos/18379040774402422-FATHER.mp4,father,34,features_cache/18379040774402422-FATHER.pt
ASL-Citizen/videos/1325426554926845-WOMAN 2.mp4,woman2,32,features_cache/1325426554926845-WOMAN 2.pt
ASL-Citizen/videos/11576233542635928-PINK.mp4,pink,146,features_cache/11576233542635928-PINK.pt
ASL-Citizen/videos/5802665070521433-MYSELF.mp4,myself,17,features_cache/5802665070521433-MYSELF.pt
ASL-Citizen/videos/9676217688193767-CHECK.mp4,check,249,features_cache/9676217688193767-CHECK.pt
ASL-Citizen/videos/35523830084723307-seedRELAX.mp4,relax1,288,features_cache/35523830084723307-seedRELAX.pt
ASL-Citizen/videos/41948116268974767-DONT WANT.mp4,dontwant,195,features_cache/41948116268974767-DONT WANT.pt
ASL-Citizen/videos/16027634949398117-WHITE.mp4,white,144,features_cache/16027634949398117-WHITE.pt
ASL-Citizen/videos/2365491707103411-DONT MIND.mp4,dontmind,193,features_cache/2365491707103411-DONT MIND.pt
ASL-Citizen/videos/5380247180636004-TALL 2.mp4,tall1,175,features_cache/5380247180636004-TALL 2.pt
ASL-Citizen/videos/839986126568294-MOTHER.mp4,mother,33,features_cache/839986126568294-MOTHER.pt
ASL-Citizen/videos/08397073673628652-FALLING ASLEEP.mp4,fallingasleep,172,features_cache/08397073673628652-FALLING ASLEEP.pt
ASL-Citizen/videos/5064940376290201-BASKETBALL.mp4,basketball1,211,features_cache/5064940376290201-BASKETBALL.pt
ASL-Citizen/videos/8780615686144344-WASH MACHINE.mp4,washmachine,240,features_cache/8780615686144344-WASH MACHINE.pt
ASL-Citizen/videos/9992902624523505-SHOUT 2.mp4,shout2,165,features_cache/9992902624523505-SHOUT 2.pt
ASL-Citizen/videos/7060265642402466-HOT.mp4,hot,244,features_cache/7060265642402466-HOT.pt
ASL-Citizen/videos/685181384983502-MYSELF.mp4,myself,17,features_cache/685181384983502-MYSELF.pt
ASL-Citizen/videos/3656495330857543-OK.mp4,ok,136,features_cache/3656495330857543-OK.pt
ASL-Citizen/videos/1258235915316186-PIZZA 2.mp4,pizza2,283,features_cache/1258235915316186-PIZZA 2.pt
ASL-Citizen/videos/15014149504236607-REMEMBER.mp4,remember2,81,features_cache/15014149504236607-REMEMBER.pt
ASL-Citizen/videos/3001038121654285-FOR.mp4,for,215,features_cache/3001038121654285-FOR.pt
ASL-Citizen/videos/46493285393005324-TALL 2.mp4,tall1,175,features_cache/46493285393005324-TALL 2.pt
ASL-Citizen/videos/899107633604227-SHORT WORD.mp4,shortword,161,features_cache/899107633604227-SHORT WORD.pt
ASL-Citizen/videos/3056853851535579-ACCIDENT.mp4,accident,142,features_cache/3056853851535579-ACCIDENT.pt
ASL-Citizen/videos/3609677780414564-TIRED OF.mp4,tiredof,94,features_cache/3609677780414564-TIRED OF.pt
ASL-Citizen/videos/7776484561517998-SHOP 1.mp4,shop2,103,features_cache/7776484561517998-SHOP 1.pt
ASL-Citizen/videos/2090926746205375-FRIENDLY.mp4,friendly,27,features_cache/2090926746205375-FRIENDLY.pt
ASL-Citizen/videos/7903147693707029-CANNOT.mp4,cannot,116,features_cache/7903147693707029-CANNOT.pt
ASL-Citizen/videos/25912961217901564-SNOW 2.mp4,snow2,209,features_cache/25912961217901564-SNOW 2.pt
ASL-Citizen/videos/02978694270022242-RELAX 2.mp4,relax2,289,features_cache/02978694270022242-RELAX 2.pt
ASL-Citizen/videos/2776189861608498-LONG TIME.mp4,longtime,182,features_cache/2776189861608498-LONG TIME.pt
ASL-Citizen/videos/1525720105773678-BASKETBALL 3.mp4,basketball2,212,features_cache/1525720105773678-BASKETBALL 3.pt
ASL-Citizen/videos/7453089651771849-FALL 2.mp4,fall2,174,features_cache/7453089651771849-FALL 2.pt
ASL-Citizen/videos/21715285598830092-INSIDE.mp4,inside,257,features_cache/21715285598830092-INSIDE.pt
ASL-Citizen/videos/9785239951245142-FIND.mp4,find,224,features_cache/9785239951245142-FIND.pt
ASL-Citizen/videos/1793506726083831-FALLING ASLEEP.mp4,fallingasleep,172,features_cache/1793506726083831-FALLING ASLEEP.pt
ASL-Citizen/videos/9829235261455356-LOCK.mp4,lock1,184,features_cache/9829235261455356-LOCK.pt
ASL-Citizen/videos/38690928280810155-BALL.mp4,ball,210,features_cache/38690928280810155-BALL.pt
ASL-Citizen/videos/39731854478846107-BIG.mp4,big,156,features_cache/39731854478846107-BIG.pt
ASL-Citizen/videos/17314462669385033-FALL 1.mp4,fall1,173,features_cache/17314462669385033-FALL 1.pt
ASL-Citizen/videos/816438084831848-NIGHT 2.mp4,night2,57,features_cache/816438084831848-NIGHT 2.pt
ASL-Citizen/videos/8037172419991652-COCONUT.mp4,coconut,132,features_cache/8037172419991652-COCONUT.pt
ASL-Citizen/videos/8439372940778462-INSIDE.mp4,inside,257,features_cache/8439372940778462-INSIDE.pt
ASL-Citizen/videos/5692565691777127-HOSPITAL 2.mp4,hospital2,248,features_cache/5692565691777127-HOSPITAL 2.pt
ASL-Citizen/videos/8825750539660537-DONT KNOW.mp4,dontknow,191,features_cache/8825750539660537-DONT KNOW.pt
ASL-Citizen/videos/1645949591080038-DONT LIKE.mp4,dontlike,192,features_cache/1645949591080038-DONT LIKE.pt
ASL-Citizen/videos/4328643376522927-WORK.mp4,work,67,features_cache/4328643376522927-WORK.pt
ASL-Citizen/videos/16891526354177877-YELLOW.mp4,yellow,150,features_cache/16891526354177877-YELLOW.pt
ASL-Citizen/videos/11437934722931486-UNDER.mp4,under,270,features_cache/11437934722931486-UNDER.pt
ASL-Citizen/videos/16484485840929475-WEDNESDAY.mp4,wednesday,265,features_cache/16484485840929475-WEDNESDAY.pt
ASL-Citizen/videos/6472631765069028-BOXING.mp4,boxing,140,features_cache/6472631765069028-BOXING.pt
ASL-Citizen/videos/6763688669120533-HOLD 2.mp4,hold2,252,features_cache/6763688669120533-HOLD 2.pt
ASL-Citizen/videos/7308465390923164-WHY.mp4,why,39,features_cache/7308465390923164-WHY.pt
ASL-Citizen/videos/9390713749411694-seedTHEY.mp4,they2,24,features_cache/9390713749411694-seedTHEY.pt
ASL-Citizen/videos/3503890393351128-LEAVE.mp4,leave,74,features_cache/3503890393351128-LEAVE.pt
ASL-Citizen/videos/9574229853297838-WHERE.mp4,where,37,features_cache/9574229853297838-WHERE.pt
ASL-Citizen/videos/28568822555970064-WATER.mp4,water,112,features_cache/28568822555970064-WATER.pt
ASL-Citizen/videos/5799083476099547-LOST.mp4,lost,274,features_cache/5799083476099547-LOST.pt
ASL-Citizen/videos/4656503465268935-DONT KNOW.mp4,dontknow,191,features_cache/4656503465268935-DONT KNOW.pt
ASL-Citizen/videos/3029392028268447-ROAD.mp4,road,297,features_cache/3029392028268447-ROAD.pt
ASL-Citizen/videos/9989174571312711-seedTHUNDER.mp4,thunder,261,features_cache/9989174571312711-seedTHUNDER.pt
ASL-Citizen/videos/46042857490358235-LEAVE.mp4,leave,74,features_cache/46042857490358235-LEAVE.pt
ASL-Citizen/videos/4158152912428734-MONEY 2.mp4,money2,110,features_cache/4158152912428734-MONEY 2.pt
ASL-Citizen/videos/011558562815046303-LEFT.mp4,left,273,features_cache/011558562815046303-LEFT.pt
ASL-Citizen/videos/30101427994866703-FRIDAY.mp4,friday,266,features_cache/30101427994866703-FRIDAY.pt
ASL-Citizen/videos/297683528773413-SMALL.mp4,small,155,features_cache/297683528773413-SMALL.pt
ASL-Citizen/videos/45293414021296297-ARRIVE.mp4,arrive,75,features_cache/45293414021296297-ARRIVE.pt
ASL-Citizen/videos/6095720451246358-DONT LIKE.mp4,dontlike,192,features_cache/6095720451246358-DONT LIKE.pt
ASL-Citizen/videos/49624243979650506-SISTER.mp4,sister,36,features_cache/49624243979650506-SISTER.pt
ASL-Citizen/videos/8918873682573079-HAIRCUT.mp4,haircut,231,features_cache/8918873682573079-HAIRCUT.pt
ASL-Citizen/videos/6103071076199975-HAIR 2.mp4,hair2,230,features_cache/6103071076199975-HAIR 2.pt
ASL-Citizen/videos/6785992819227267-BYE.mp4,bye,2,features_cache/6785992819227267-BYE.pt
ASL-Citizen/videos/9178095020040302-RESTAURANT.mp4,restaurant,104,features_cache/9178095020040302-RESTAURANT.pt
ASL-Citizen/videos/4455329487942934-HOT.mp4,hot,244,features_cache/4455329487942934-HOT.pt
ASL-Citizen/videos/06671501088875287-WASH HANDS.mp4,washhands,239,features_cache/06671501088875287-WASH HANDS.pt
ASL-Citizen/videos/8569232579936605-THINK.mp4,think,78,features_cache/8569232579936605-THINK.pt
ASL-Citizen/videos/47911865396339715-WATER.mp4,water,112,features_cache/47911865396339715-WATER.pt
ASL-Citizen/videos/7765258974229241-YOURSELF.mp4,yourself,19,features_cache/7765258974229241-YOURSELF.pt
ASL-Citizen/videos/5251332705802094-OVER.mp4,over,260,features_cache/5251332705802094-OVER.pt
ASL-Citizen/videos/9456480662629465-SIGN.mp4,sign,298,features_cache/9456480662629465-SIGN.pt
ASL-Citizen/videos/1918342851592849-OUTSIDE.mp4,outside,259,features_cache/1918342851592849-OUTSIDE.pt
ASL-Citizen/videos/8467108921329545-QUIET.mp4,quiet,287,features_cache/8467108921329545-QUIET.pt
ASL-Citizen/videos/7701973939580902-WASH HANDS.mp4,washhands,239,features_cache/7701973939580902-WASH HANDS.pt
ASL-Citizen/videos/47456067595393914-seedMONEY.mp4,money1,109,features_cache/47456067595393914-seedMONEY.pt
ASL-Citizen/videos/27515506457252026-BROTHER.mp4,brother,35,features_cache/27515506457252026-BROTHER.pt
ASL-Citizen/videos/011812166692431347-ICECREAM.mp4,icecream,187,features_cache/011812166692431347-ICECREAM.pt
ASL-Citizen/videos/6897085759000186-seedRUN 2.mp4,run2,296,features_cache/6897085759000186-seedRUN 2.pt
ASL-Citizen/videos/841829675837015-SHORT PERSON.mp4,shortperson,159,features_cache/841829675837015-SHORT PERSON.pt
ASL-Citizen/videos/07903121784431888-LOST.mp4,lost,274,features_cache/07903121784431888-LOST.pt
ASL-Citizen/videos/29256787324463196-THIRD 2.mp4,third2,221,features_cache/29256787324463196-THIRD 2.pt
ASL-Citizen/videos/9994734277336612-STUDY.mp4,study,69,features_cache/9994734277336612-STUDY.pt
ASL-Citizen/videos/6414476924051264-LOVE.mp4,love,98,features_cache/6414476924051264-LOVE.pt
ASL-Citizen/videos/9078273779600274-HAIR.mp4,hair1,229,features_cache/9078273779600274-HAIR.pt
ASL-Citizen/videos/23674557336404267-WHITE.mp4,white,144,features_cache/23674557336404267-WHITE.pt
ASL-Citizen/videos/44287895160245094-KNOW.mp4,know,77,features_cache/44287895160245094-KNOW.pt
ASL-Citizen/videos/30264522619849-PHONE.mp4,phone,107,features_cache/30264522619849-PHONE.pt
ASL-Citizen/videos/4910634294433074-RAINBOW.mp4,rainbow,207,features_cache/4910634294433074-RAINBOW.pt
ASL-Citizen/videos/17000134023129565-WASH FACE_1.mp4,washface1,237,features_cache/17000134023129565-WASH FACE_1.pt
ASL-Citizen/videos/2505702369833467-DRINK.mp4,drink1,64,features_cache/2505702369833467-DRINK.pt
ASL-Citizen/videos/7370441443385218-seedSKIN.mp4,skin,166,features_cache/7370441443385218-seedSKIN.pt
ASL-Citizen/videos/62778761952392-SORRY.mp4,sorry,7,features_cache/62778761952392-SORRY.pt
ASL-Citizen/videos/4541594924072119-WHEN.mp4,when,38,features_cache/4541594924072119-WHEN.pt
ASL-Citizen/videos/9282858815950668-FROM.mp4,from,44,features_cache/9282858815950668-FROM.pt
ASL-Citizen/videos/29087719474688756-TEETH.mp4,teeth,204,features_cache/29087719474688756-TEETH.pt
ASL-Citizen/videos/7252445632425348-FALLING ASLEEP.mp4,fallingasleep,172,features_cache/7252445632425348-FALLING ASLEEP.pt
ASL-Citizen/videos/25892481995213434-FOUR.mp4,four,199,features_cache/25892481995213434-FOUR.pt
ASL-Citizen/videos/10447421966876491-RUN 2.mp4,run2,296,features_cache/10447421966876491-RUN 2.pt
ASL-Citizen/videos/32652673888963113-WEDNESDAY.mp4,wednesday,265,features_cache/32652673888963113-WEDNESDAY.pt
ASL-Citizen/videos/2752750580714487-TALL.mp4,tall2,176,features_cache/2752750580714487-TALL.pt
ASL-Citizen/videos/5845121089874201-WHEN.mp4,when,38,features_cache/5845121089874201-WHEN.pt
ASL-Citizen/videos/22550783543905628-RESTAURANT.mp4,restaurant,104,features_cache/22550783543905628-RESTAURANT.pt
ASL-Citizen/videos/3247833356457248-NO.mp4,no,9,features_cache/3247833356457248-NO.pt
ASL-Citizen/videos/21428345787944125-HUG.mp4,hug,254,features_cache/21428345787944125-HUG.pt
ASL-Citizen/videos/8559555503543013-TWO.mp4,two,197,features_cache/8559555503543013-TWO.pt
ASL-Citizen/videos/2958636847059797-LOUD.mp4,loud,97,features_cache/2958636847059797-LOUD.pt
ASL-Citizen/videos/30234848521467383-YOURSELF.mp4,yourself,19,features_cache/30234848521467383-YOURSELF.pt
ASL-Citizen/videos/8917119128688213-EXCITED.mp4,excited,96,features_cache/8917119128688213-EXCITED.pt
ASL-Citizen/videos/5112158415341552-MILK 2.mp4,milk2,130,features_cache/5112158415341552-MILK 2.pt
ASL-Citizen/videos/9589931872538697-SUNDAY.mp4,sunday,268,features_cache/9589931872538697-SUNDAY.pt
ASL-Citizen/videos/7198559443004575-TIME.mp4,time,178,features_cache/7198559443004575-TIME.pt
ASL-Citizen/videos/6765787539886625-DONT FEEL_LIKE.mp4,dontfeellike,190,features_cache/6765787539886625-DONT FEEL_LIKE.pt
ASL-Citizen/videos/7549188277748144-WEAK.mp4,weak,59,features_cache/7549188277748144-WEAK.pt
ASL-Citizen/videos/7814778334494417-UP.mp4,up,271,features_cache/7814778334494417-UP.pt
ASL-Citizen/videos/8072979620113616-SUNDAY.mp4,sunday,268,features_cache/8072979620113616-SUNDAY.pt
ASL-Citizen/videos/32750601321146666-PLAY.mp4,play,68,features_cache/32750601321146666-PLAY.pt
ASL-Citizen/videos/36163787483265875-FISHING 2.mp4,fishing2,219,features_cache/36163787483265875-FISHING 2.pt
ASL-Citizen/videos/5230539132252741-REMEMBER 2.mp4,remember1,80,features_cache/5230539132252741-REMEMBER 2.pt
ASL-Citizen/videos/5684634554851722-RING.mp4,ring,294,features_cache/5684634554851722-RING.pt
ASL-Citizen/videos/11388456997285634-TEAR.mp4,tear,177,features_cache/11388456997285634-TEAR.pt
ASL-Citizen/videos/31530402742819374-FINISH.mp4,finish,120,features_cache/31530402742819374-FINISH.pt
ASL-Citizen/videos/153256533483783-COCONUT.mp4,coconut,132,features_cache/153256533483783-COCONUT.pt
ASL-Citizen/videos/6620283382212697-TALK 2.mp4,talk2,89,features_cache/6620283382212697-TALK 2.pt
ASL-Citizen/videos/7608499998306653-DONT NEED.mp4,dontneed,194,features_cache/7608499998306653-DONT NEED.pt
ASL-Citizen/videos/15145806566222886-MONEY 2.mp4,money2,110,features_cache/15145806566222886-MONEY 2.pt
ASL-Citizen/videos/7801346725394491-KNOW.mp4,know,77,features_cache/7801346725394491-KNOW.pt
ASL-Citizen/videos/5835364162677081-EXCITED.mp4,excited,96,features_cache/5835364162677081-EXCITED.pt
ASL-Citizen/videos/34339690863866057-SHORT PERSON.mp4,shortperson,159,features_cache/34339690863866057-SHORT PERSON.pt
ASL-Citizen/videos/9200876618450688-THURSDAY.mp4,thursday,262,features_cache/9200876618450688-THURSDAY.pt
ASL-Citizen/videos/7586977823496697-CAN.mp4,can1,114,features_cache/7586977823496697-CAN.pt
ASL-Citizen/videos/8691035104852791-SAD.mp4,sad,91,features_cache/8691035104852791-SAD.pt
ASL-Citizen/videos/7150078518286294-PLAY.mp4,play,68,features_cache/7150078518286294-PLAY.pt
ASL-Citizen/videos/5897060584047606-FATHER.mp4,father,34,features_cache/5897060584047606-FATHER.pt
ASL-Citizen/videos/13472212573182674-BOOK.mp4,book,108,features_cache/13472212573182674-BOOK.pt
ASL-Citizen/videos/2251508961669051-TELL.mp4,tell,83,features_cache/2251508961669051-TELL.pt
ASL-Citizen/videos/8334976713751743-OUT.mp4,out,258,features_cache/8334976713751743-OUT.pt
ASL-Citizen/videos/3481637699143123-FIND.mp4,find,224,features_cache/3481637699143123-FIND.pt
ASL-Citizen/videos/7493897769973501-READY.mp4,ready,135,features_cache/7493897769973501-READY.pt
ASL-Citizen/videos/5237841416193414-FOUR.mp4,four,199,features_cache/5237841416193414-FOUR.pt
ASL-Citizen/videos/6377145774354793-CAR.mp4,car,106,features_cache/6377145774354793-CAR.pt
ASL-Citizen/videos/5174758626941551-SHORTS.mp4,shorts,160,features_cache/5174758626941551-SHORTS.pt
ASL-Citizen/videos/40156343723600907-UNDERSTAND.mp4,understand,79,features_cache/40156343723600907-UNDERSTAND.pt
ASL-Citizen/videos/5035740884520834-CAN.mp4,can1,114,features_cache/5035740884520834-CAN.pt
ASL-Citizen/videos/5892877402200547-GAME.mp4,game,275,features_cache/5892877402200547-GAME.pt
ASL-Citizen/videos/27824880369056126-seedYOURSELF.mp4,yourself,19,features_cache/27824880369056126-seedYOURSELF.pt
ASL-Citizen/videos/9048314460384497-DONT MIND.mp4,dontmind,193,features_cache/9048314460384497-DONT MIND.pt
ASL-Citizen/videos/35188429123944-SLEEP.mp4,sleep,66,features_cache/35188429123944-SLEEP.pt
ASL-Citizen/videos/02119015136147895-MY.mp4,my,16,features_cache/02119015136147895-MY.pt
ASL-Citizen/videos/9521376433888893-TINY.mp4,tiny,157,features_cache/9521376433888893-TINY.pt
ASL-Citizen/videos/2428548508852515-SUNDAY.mp4,sunday,268,features_cache/2428548508852515-SUNDAY.pt
ASL-Citizen/videos/6618742352834965-HOW 2.mp4,how2,42,features_cache/6618742352834965-HOW 2.pt
ASL-Citizen/videos/4273134707204591-REST.mp4,rest,290,features_cache/4273134707204591-REST.pt
ASL-Citizen/videos/23625275644196408-MORE.mp4,more,119,features_cache/23625275644196408-MORE.pt
ASL-Citizen/videos/6826258161065177-JUICE 2.mp4,juice1,127,features_cache/6826258161065177-JUICE 2.pt
ASL-Citizen/videos/8040986020819731-DINNER 2.mp4,dinner2,171,features_cache/8040986020819731-DINNER 2.pt
ASL-Citizen/videos/43466856582950997-WASH 1.mp4,wash1,241,features_cache/43466856582950997-WASH 1.pt
ASL-Citizen/videos/239829373517368-SICK.mp4,sick,95,features_cache/239829373517368-SICK.pt
ASL-Citizen/videos/5545830527868496-BREAD.mp4,bread,138,features_cache/5545830527868496-BREAD.pt
ASL-Citizen/videos/412985258694164-BOY.mp4,boy,28,features_cache/412985258694164-BOY.pt
ASL-Citizen/videos/7542254268771809-MOTHER.mp4,mother,33,features_cache/7542254268771809-MOTHER.pt
ASL-Citizen/videos/8436415241829844-HOW.mp4,how1,41,features_cache/8436415241829844-HOW.pt
ASL-Citizen/videos/8756831506926148-WOMAN 2.mp4,woman2,32,features_cache/8756831506926148-WOMAN 2.pt
ASL-Citizen/videos/22192344699736766-ME.mp4,me,15,features_cache/22192344699736766-ME.pt
ASL-Citizen/videos/23807712610252052-RIGHT 3.mp4,right3,293,features_cache/23807712610252052-RIGHT 3.pt
ASL-Citizen/videos/4701606875522637-BOY.mp4,boy,28,features_cache/4701606875522637-BOY.pt
ASL-Citizen/videos/19468908305966748-seedSAD.mp4,sad,91,features_cache/19468908305966748-seedSAD.pt
ASL-Citizen/videos/26480971285863686-MONEY.mp4,money1,109,features_cache/26480971285863686-MONEY.pt
ASL-Citizen/videos/9425795001825019-LOVE.mp4,love,98,features_cache/9425795001825019-LOVE.pt
ASL-Citizen/videos/7647357595606745-LEAVE.mp4,leave,74,features_cache/7647357595606745-LEAVE.pt
ASL-Citizen/videos/5450162845815001-seedWRITE.mp4,write,137,features_cache/5450162845815001-seedWRITE.pt
ASL-Citizen/videos/3802328649149671-PHONE.mp4,phone,107,features_cache/3802328649149671-PHONE.pt
ASL-Citizen/videos/12467588221644088-CHEAT 1.mp4,cheat1,245,features_cache/12467588221644088-CHEAT 1.pt
ASL-Citizen/videos/5911775875982508-THIRD.mp4,third1,220,features_cache/5911775875982508-THIRD.pt
ASL-Citizen/videos/23526061610265425-CANNOT.mp4,cannot,116,features_cache/23526061610265425-CANNOT.pt
ASL-Citizen/videos/799591219413341-SHORT PERSON.mp4,shortperson,159,features_cache/799591219413341-SHORT PERSON.pt
ASL-Citizen/videos/5258309752051771-PULL.mp4,pull,284,features_cache/5258309752051771-PULL.pt
ASL-Citizen/videos/18720913292106833-MORNING.mp4,morning,55,features_cache/18720913292106833-MORNING.pt
ASL-Citizen/videos/20675411351630046-HELLO.mp4,hello,0,features_cache/20675411351630046-HELLO.pt
ASL-Citizen/videos/8512749353267319-HOSPITAL.mp4,hospital1,247,features_cache/8512749353267319-HOSPITAL.pt
ASL-Citizen/videos/9222877904777216-HERE.mp4,here,45,features_cache/9222877904777216-HERE.pt
ASL-Citizen/videos/7044668545573991-DONT MIND.mp4,dontmind,193,features_cache/7044668545573991-DONT MIND.pt
ASL-Citizen/videos/6502158737934256-SEVEN.mp4,seven,201,features_cache/6502158737934256-SEVEN.pt
ASL-Citizen/videos/19694243634975095-TALK 2.mp4,talk2,89,features_cache/19694243634975095-TALK 2.pt
ASL-Citizen/videos/5588219060407575-DONT MIND.mp4,dontmind,193,features_cache/5588219060407575-DONT MIND.pt
ASL-Citizen/videos/6329931932403075-MOUTH.mp4,mouth,111,features_cache/6329931932403075-MOUTH.pt
ASL-Citizen/videos/9613471232108379-SHOP 1.mp4,shop2,103,features_cache/9613471232108379-SHOP 1.pt
ASL-Citizen/videos/7029486006788124-WHY NOT.mp4,whynot,40,features_cache/7029486006788124-WHY NOT.pt
ASL-Citizen/videos/9197933533203344-FACE.mp4,face,250,features_cache/9197933533203344-FACE.pt
ASL-Citizen/videos/5893101049934577-WANT.mp4,want2,101,features_cache/5893101049934577-WANT.pt
ASL-Citizen/videos/9075431730705039-DOWN.mp4,down,272,features_cache/9075431730705039-DOWN.pt
ASL-Citizen/videos/36725917156460564-SNOW 2.mp4,snow2,209,features_cache/36725917156460564-SNOW 2.pt
ASL-Citizen/videos/4036426039691503-MAN.mp4,man,30,features_cache/4036426039691503-MAN.pt
ASL-Citizen/videos/4034176033963004-HAT 2.mp4,hat2,234,features_cache/4034176033963004-HAT 2.pt
ASL-Citizen/videos/6942562588964918-ONCE.mp4,once,280,features_cache/6942562588964918-ONCE.pt
ASL-Citizen/videos/3000691962750821-HOSPITAL 2.mp4,hospital2,248,features_cache/3000691962750821-HOSPITAL 2.pt
ASL-Citizen/videos/8038145060553852-DRINK.mp4,drink1,64,features_cache/8038145060553852-DRINK.pt
ASL-Citizen/videos/11908620045492291-PIZZA.mp4,pizza1,282,features_cache/11908620045492291-PIZZA.pt
ASL-Citizen/videos/27179636245697747-GOOD.mp4,good,3,features_cache/27179636245697747-GOOD.pt
ASL-Citizen/videos/6579883539463085-STUDY.mp4,study,69,features_cache/6579883539463085-STUDY.pt
ASL-Citizen/videos/8852468091800154-FIND.mp4,find,224,features_cache/8852468091800154-FIND.pt
ASL-Citizen/videos/44043968626113106-PURPLE.mp4,purple,286,features_cache/44043968626113106-PURPLE.pt
ASL-Citizen/videos/30805345809736084-seedLATER.mp4,later,54,features_cache/30805345809736084-seedLATER.pt
ASL-Citizen/videos/09558282585892797-OUTSIDE.mp4,outside,259,features_cache/09558282585892797-OUTSIDE.pt
ASL-Citizen/videos/3624106996012926-MOTHER.mp4,mother,33,features_cache/3624106996012926-MOTHER.pt
ASL-Citizen/videos/5886410690106878-HAT 2.mp4,hat2,234,features_cache/5886410690106878-HAT 2.pt
ASL-Citizen/videos/26618362111722726-HAT 2.mp4,hat2,234,features_cache/26618362111722726-HAT 2.pt
ASL-Citizen/videos/23321625029868676-PINK.mp4,pink,146,features_cache/23321625029868676-PINK.pt
ASL-Citizen/videos/3254624497542038-FACE.mp4,face,250,features_cache/3254624497542038-FACE.pt
ASL-Citizen/videos/9267759696961941-WARM.mp4,warm,243,features_cache/9267759696961941-WARM.pt
ASL-Citizen/videos/29583483206366723-SISTER.mp4,sister,36,features_cache/29583483206366723-SISTER.pt
ASL-Citizen/videos/9053628627532107-OK.mp4,ok,136,features_cache/9053628627532107-OK.pt
ASL-Citizen/videos/042406991648258785-DONT WANT.mp4,dontwant,195,features_cache/042406991648258785-DONT WANT.pt
ASL-Citizen/videos/26887686917674336-MUST.mp4,must,117,features_cache/26887686917674336-MUST.pt
ASL-Citizen/videos/6515372118413638-YOU.mp4,you,14,features_cache/6515372118413638-YOU.pt
ASL-Citizen/videos/0018378274808692474-LOVE.mp4,love,98,features_cache/0018378274808692474-LOVE.pt
ASL-Citizen/videos/7869438106194055-ONE.mp4,one,196,features_cache/7869438106194055-ONE.pt
ASL-Citizen/videos/8743934496642185-EIGHT.mp4,eight,202,features_cache/8743934496642185-EIGHT.pt
ASL-Citizen/videos/41880774623715866-SAD.mp4,sad,91,features_cache/41880774623715866-SAD.pt
ASL-Citizen/videos/21814137100564568-BLUE.mp4,blue,148,features_cache/21814137100564568-BLUE.pt
ASL-Citizen/videos/9034293336756236-YEAR.mp4,year,61,features_cache/9034293336756236-YEAR.pt
ASL-Citizen/videos/12317669745773419-FATHER.mp4,father,34,features_cache/12317669745773419-FATHER.pt
ASL-Citizen/videos/8880006166221515-WHAT 2.mp4,what1,11,features_cache/8880006166221515-WHAT 2.pt
ASL-Citizen/videos/587281120326582-TELL.mp4,tell,83,features_cache/587281120326582-TELL.pt
ASL-Citizen/videos/158900441545911-DINNER.mp4,dinner1,170,features_cache/158900441545911-DINNER.pt
ASL-Citizen/videos/5823231690557813-REST.mp4,rest,290,features_cache/5823231690557813-REST.pt
ASL-Citizen/videos/7467051913033149-FISH.mp4,fish,217,features_cache/7467051913033149-FISH.pt
ASL-Citizen/videos/1891233090437121-GREEN.mp4,green,149,features_cache/1891233090437121-GREEN.pt
ASL-Citizen/videos/6284636189150188-READY.mp4,ready,135,features_cache/6284636189150188-READY.pt
ASL-Citizen/videos/34361513389950504-BASKETBALL.mp4,basketball1,211,features_cache/34361513389950504-BASKETBALL.pt
ASL-Citizen/videos/901672273971045-SISTER.mp4,sister,36,features_cache/901672273971045-SISTER.pt
ASL-Citizen/videos/20799537009290803-DOWN.mp4,down,272,features_cache/20799537009290803-DOWN.pt
ASL-Citizen/videos/6554596280012666-PERSON.mp4,person,151,features_cache/6554596280012666-PERSON.pt
ASL-Citizen/videos/09482392389471084-LOCK 3.mp4,lock3,186,features_cache/09482392389471084-LOCK 3.pt
ASL-Citizen/videos/8308912697239315-GIVE.mp4,give,227,features_cache/8308912697239315-GIVE.pt
ASL-Citizen/videos/08204791496815589-SHORTS.mp4,shorts,160,features_cache/08204791496815589-SHORTS.pt
ASL-Citizen/videos/20334602807335944-POLICEMAN.mp4,policeman1,152,features_cache/20334602807335944-POLICEMAN.pt
ASL-Citizen/videos/771838502318478-FEW.mp4,few,1,features_cache/771838502318478-FEW.pt
ASL-Citizen/videos/37151148892913977-OVER.mp4,over,260,features_cache/37151148892913977-OVER.pt
ASL-Citizen/videos/8706204980493519-FAMILY.mp4,family,25,features_cache/8706204980493519-FAMILY.pt
ASL-Citizen/videos/5400816124395869-ME.mp4,me,15,features_cache/5400816124395869-ME.pt
ASL-Citizen/videos/7444758043561372-MORNING.mp4,morning,55,features_cache/7444758043561372-MORNING.pt
ASL-Citizen/videos/5053567748131265-DINNER.mp4,dinner1,170,features_cache/5053567748131265-DINNER.pt
ASL-Citizen/videos/28110532779449926-seedROAD.mp4,road,297,features_cache/28110532779449926-seedROAD.pt
ASL-Citizen/videos/4598283383723205-MEET.mp4,meet,276,features_cache/4598283383723205-MEET.pt
ASL-Citizen/videos/04198943729703242-RELAX 2.mp4,relax2,289,features_cache/04198943729703242-RELAX 2.pt
ASL-Citizen/videos/5739046320667345-ONE.mp4,one,196,features_cache/5739046320667345-ONE.pt
ASL-Citizen/videos/7516760417598645-HERE.mp4,here,45,features_cache/7516760417598645-HERE.pt
ASL-Citizen/videos/431834858238225-WAIT.mp4,wait,76,features_cache/431834858238225-WAIT.pt
ASL-Citizen/videos/47155138840371613-TALK 2.mp4,talk2,89,features_cache/47155138840371613-TALK 2.pt
ASL-Citizen/videos/5384324732130294-WHAT 2.mp4,what1,11,features_cache/5384324732130294-WHAT 2.pt
ASL-Citizen/videos/3659394413046868-WHICH.mp4,which,43,features_cache/3659394413046868-WHICH.pt
ASL-Citizen/videos/8913883759931795-SATURDAY.mp4,saturday,267,features_cache/8913883759931795-SATURDAY.pt
ASL-Citizen/videos/7634950601910355-MONDAY.mp4,monday,263,features_cache/7634950601910355-MONDAY.pt
ASL-Citizen/videos/21533734222387602-NOT UNDERSTAND.mp4,notunderstand,269,features_cache/21533734222387602-NOT UNDERSTAND.pt
ASL-Citizen/videos/17177027793632993-WRITE.mp4,write,137,features_cache/17177027793632993-WRITE.pt
ASL-Citizen/videos/6024023486827315-READ.mp4,read,134,features_cache/6024023486827315-READ.pt
ASL-Citizen/videos/5363852654946244-GO.mp4,go,70,features_cache/5363852654946244-GO.pt
ASL-Citizen/videos/9898065730926364-MUST.mp4,must,117,features_cache/9898065730926364-MUST.pt
ASL-Citizen/videos/543227204433721-ONCE.mp4,once,280,features_cache/543227204433721-ONCE.pt
ASL-Citizen/videos/27103389535111955-DRINK 2.mp4,drink2,65,features_cache/27103389535111955-DRINK 2.pt
ASL-Citizen/videos/9134558322318354-SCHOOL.mp4,school,49,features_cache/9134558322318354-SCHOOL.pt
ASL-Citizen/videos/5516924865905062-LONG LINE.mp4,longline,181,features_cache/5516924865905062-LONG LINE.pt
ASL-Citizen/videos/6726210153473253-LOCK 3.mp4,lock3,186,features_cache/6726210153473253-LOCK 3.pt
ASL-Citizen/videos/7813105619399183-GO.mp4,go,70,features_cache/7813105619399183-GO.pt
ASL-Citizen/videos/3992938170341134-HAT 2.mp4,hat2,234,features_cache/3992938170341134-HAT 2.pt
ASL-Citizen/videos/8035618327564231-RUN.mp4,run1,295,features_cache/8035618327564231-RUN.pt
ASL-Citizen/videos/7666947517179872-THERE.mp4,there,46,features_cache/7666947517179872-THERE.pt
ASL-Citizen/videos/16180206221904592-SCHOOL.mp4,school,49,features_cache/16180206221904592-SCHOOL.pt
ASL-Citizen/videos/16093914988594515-YOURSELF.mp4,yourself,19,features_cache/16093914988594515-YOURSELF.pt
ASL-Citizen/videos/753823948593656-COCONUT.mp4,coconut,132,features_cache/753823948593656-COCONUT.pt
ASL-Citizen/videos/5426736506564185-REST.mp4,rest,290,features_cache/5426736506564185-REST.pt
ASL-Citizen/videos/48752404769753754-HAIR.mp4,hair1,229,features_cache/48752404769753754-HAIR.pt
ASL-Citizen/videos/3006693648542076-SHORT DISTANCE.mp4,shortdistance,158,features_cache/3006693648542076-SHORT DISTANCE.pt
ASL-Citizen/videos/9575090848793686-CHEAT 1.mp4,cheat1,245,features_cache/9575090848793686-CHEAT 1.pt
ASL-Citizen/videos/7195169946837925-AFTER.mp4,after,123,features_cache/7195169946837925-AFTER.pt
ASL-Citizen/videos/7224104863404015-SATURDAY.mp4,saturday,267,features_cache/7224104863404015-SATURDAY.pt
ASL-Citizen/videos/4662253044734703-seedWASH 3.mp4,wash2,242,features_cache/4662253044734703-seedWASH 3.pt
ASL-Citizen/videos/8567265631303509-QM.mp4,qm,285,features_cache/8567265631303509-QM.pt
ASL-Citizen/videos/1654484908904772-FAMILY.mp4,family,25,features_cache/1654484908904772-FAMILY.pt
ASL-Citizen/videos/2690137860549029-RIGHT 3.mp4,right3,293,features_cache/2690137860549029-RIGHT 3.pt
ASL-Citizen/videos/6855837479924323-LEAVE.mp4,leave,74,features_cache/6855837479924323-LEAVE.pt
ASL-Citizen/videos/49543965753890196-YELLOW.mp4,yellow,150,features_cache/49543965753890196-YELLOW.pt
ASL-Citizen/videos/5829947040542085-SEVEN.mp4,seven,201,features_cache/5829947040542085-SEVEN.pt
ASL-Citizen/videos/4838074686766505-SCHOOL.mp4,school,49,features_cache/4838074686766505-SCHOOL.pt
ASL-Citizen/videos/3890922253632667-THEY 2.mp4,they2,24,features_cache/3890922253632667-THEY 2.pt
ASL-Citizen/videos/6342519367223998-PULL.mp4,pull,284,features_cache/6342519367223998-PULL.pt
ASL-Citizen/videos/5757109277624548-seedONCE.mp4,once,280,features_cache/5757109277624548-seedONCE.pt
ASL-Citizen/videos/026558745484446922-SHOP.mp4,shop1,102,features_cache/026558745484446922-SHOP.pt
ASL-Citizen/videos/8969965061622676-WHERE.mp4,where,37,features_cache/8969965061622676-WHERE.pt
ASL-Citizen/videos/7815210671274675-HEAR 2.mp4,hear2,22,features_cache/7815210671274675-HEAR 2.pt
ASL-Citizen/videos/7992382345448215-CLOTHES.mp4,clothes,143,features_cache/7992382345448215-CLOTHES.pt
ASL-Citizen/videos/00899296980950326-WEEK.mp4,week,58,features_cache/00899296980950326-WEEK.pt
ASL-Citizen/videos/28568795533708613-seedSLEEP.mp4,sleep,66,features_cache/28568795533708613-seedSLEEP.pt
ASL-Citizen/videos/5650868043704504-NINE.mp4,nine,203,features_cache/5650868043704504-NINE.pt
ASL-Citizen/videos/23480785448562846-HIS.mp4,his,20,features_cache/23480785448562846-HIS.pt
ASL-Citizen/videos/355256527352664-TWO.mp4,two,197,features_cache/355256527352664-TWO.pt
ASL-Citizen/videos/4354778887082549-COME OUT.mp4,comeout,73,features_cache/4354778887082549-COME OUT.pt
ASL-Citizen/videos/8779902440064791-EAT.mp4,eat1,62,features_cache/8779902440064791-EAT.pt
ASL-Citizen/videos/9687135146912358-WARM.mp4,warm,243,features_cache/9687135146912358-WARM.pt
ASL-Citizen/videos/4897180564584358-TINY.mp4,tiny,157,features_cache/4897180564584358-TINY.pt
ASL-Citizen/videos/032373382598848366-GO.mp4,go,70,features_cache/032373382598848366-GO.pt
ASL-Citizen/videos/6077544582258037-WEAK.mp4,weak,59,features_cache/6077544582258037-WEAK.pt
ASL-Citizen/videos/3594639642396176-MOTHER.mp4,mother,33,features_cache/3594639642396176-MOTHER.pt
ASL-Citizen/videos/30761677377292984-WHEN.mp4,when,38,features_cache/30761677377292984-WHEN.pt
ASL-Citizen/videos/08450103948651932-MY.mp4,my,16,features_cache/08450103948651932-MY.pt
ASL-Citizen/videos/8404502586565061-WARM.mp4,warm,243,features_cache/8404502586565061-WARM.pt
ASL-Citizen/videos/9457188046017566-BROTHER.mp4,brother,35,features_cache/9457188046017566-BROTHER.pt
ASL-Citizen/videos/5142309152077333-SHOP 1.mp4,shop2,103,features_cache/5142309152077333-SHOP 1.pt
ASL-Citizen/videos/22380605094025152-CLOTHES.mp4,clothes,143,features_cache/22380605094025152-CLOTHES.pt
ASL-Citizen/videos/4266230245702338-FAMILY.mp4,family,25,features_cache/4266230245702338-FAMILY.pt
ASL-Citizen/videos/26264395906402105-ARRIVE.mp4,arrive,75,features_cache/26264395906402105-ARRIVE.pt
ASL-Citizen/videos/8910241619607966-COFFEE.mp4,coffee,131,features_cache/8910241619607966-COFFEE.pt
ASL-Citizen/videos/5013937943572526-TODAY.mp4,today,50,features_cache/5013937943572526-TODAY.pt
ASL-Citizen/videos/10421760727572105-WANT.mp4,want2,101,features_cache/10421760727572105-WANT.pt
ASL-Citizen/videos/05881254777524392-UP.mp4,up,271,features_cache/05881254777524392-UP.pt
ASL-Citizen/videos/9981731272644248-SNOW 2.mp4,snow2,209,features_cache/9981731272644248-SNOW 2.pt
ASL-Citizen/videos/7635358868964959-CAR ACCIDENT.mp4,caraccident,141,features_cache/7635358868964959-CAR ACCIDENT.pt
ASL-Citizen/videos/6639188435452066-CLOTHES.mp4,clothes,143,features_cache/6639188435452066-CLOTHES.pt
ASL-Citizen/videos/5050629133586628-RED.mp4,red,147,features_cache/5050629133586628-RED.pt
ASL-Citizen/videos/1086758838011388-SHORT PERSON.mp4,shortperson,159,features_cache/1086758838011388-SHORT PERSON.pt
ASL-Citizen/videos/8848744369087989-NEED.mp4,need,118,features_cache/8848744369087989-NEED.pt
ASL-Citizen/videos/8347115066386483-RELAX 2.mp4,relax2,289,features_cache/8347115066386483-RELAX 2.pt
ASL-Citizen/videos/1790290116102624-MONTH.mp4,month,60,features_cache/1790290116102624-MONTH.pt
ASL-Citizen/videos/34668857936308584-VACATION.mp4,vacation,125,features_cache/34668857936308584-VACATION.pt
ASL-Citizen/videos/5312089456577771-BAD.mp4,bad,4,features_cache/5312089456577771-BAD.pt
ASL-Citizen/videos/936211950052861-THANK YOU.mp4,thankyou,6,features_cache/936211950052861-THANK YOU.pt
ASL-Citizen/videos/25290749191933815-GOOD.mp4,good,3,features_cache/25290749191933815-GOOD.pt
ASL-Citizen/videos/5316301306146496-FRIEND.mp4,friend,26,features_cache/5316301306146496-FRIEND.pt
ASL-Citizen/videos/19372593146045758-DONT MIND.mp4,dontmind,193,features_cache/19372593146045758-DONT MIND.pt
ASL-Citizen/videos/5695233462269185-MONTH.mp4,month,60,features_cache/5695233462269185-MONTH.pt
ASL-Citizen/videos/2401781217873089-MOTHER.mp4,mother,33,features_cache/2401781217873089-MOTHER.pt
ASL-Citizen/videos/5240169854170185-LONG LINE.mp4,longline,181,features_cache/5240169854170185-LONG LINE.pt
ASL-Citizen/videos/13476064995841708-SHOUT 2.mp4,shout2,165,features_cache/13476064995841708-SHOUT 2.pt
ASL-Citizen/videos/040703853460511974-BLACK.mp4,black,145,features_cache/040703853460511974-BLACK.pt
ASL-Citizen/videos/17899783963668914-TINY.mp4,tiny,157,features_cache/17899783963668914-TINY.pt
ASL-Citizen/videos/15099720470938216-SHOT.mp4,shot,162,features_cache/15099720470938216-SHOT.pt
ASL-Citizen/videos/10940148878980427-seedANGRY.mp4,angry,92,features_cache/10940148878980427-seedANGRY.pt
ASL-Citizen/videos/6825474983576931-BYE.mp4,bye,2,features_cache/6825474983576931-BYE.pt
ASL-Citizen/videos/9864077306479329-TWO.mp4,two,197,features_cache/9864077306479329-TWO.pt
ASL-Citizen/videos/7553281453781038-GUM.mp4,gum,228,features_cache/7553281453781038-GUM.pt
ASL-Citizen/videos/6449139793505076-GOOD.mp4,good,3,features_cache/6449139793505076-GOOD.pt
ASL-Citizen/videos/2041361578261025-RAIN.mp4,rain,206,features_cache/2041361578261025-RAIN.pt
ASL-Citizen/videos/706364419260278-RIGHT 2.mp4,right2,292,features_cache/706364419260278-RIGHT 2.pt
ASL-Citizen/videos/23259657114923793-WASH FACE_2.mp4,washface2,238,features_cache/23259657114923793-WASH FACE_2.pt
ASL-Citizen/videos/811594066024065-RED.mp4,red,147,features_cache/811594066024065-RED.pt
ASL-Citizen/videos/9051128329748022-HIS.mp4,his,20,features_cache/9051128329748022-HIS.pt
ASL-Citizen/videos/39807062834691487-LOST.mp4,lost,274,features_cache/39807062834691487-LOST.pt
ASL-Citizen/videos/806852771473674-SNOW 2.mp4,snow2,209,features_cache/806852771473674-SNOW 2.pt
ASL-Citizen/videos/026903804811550636-BAD.mp4,bad,4,features_cache/026903804811550636-BAD.pt
ASL-Citizen/videos/32589649401310283-ASK.mp4,ask,84,features_cache/32589649401310283-ASK.pt
ASL-Citizen/videos/36252673778820843-REMEMBER 2.mp4,remember1,80,features_cache/36252673778820843-REMEMBER 2.pt
ASL-Citizen/videos/24398038663875887-FATHER.mp4,father,34,features_cache/24398038663875887-FATHER.pt
ASL-Citizen/videos/3099014873863297-SATURDAY.mp4,saturday,267,features_cache/3099014873863297-SATURDAY.pt
ASL-Citizen/videos/9871274156549785-FALL 2.mp4,fall2,174,features_cache/9871274156549785-FALL 2.pt
ASL-Citizen/videos/4788883809061111-THIRD.mp4,third1,220,features_cache/4788883809061111-THIRD.pt
ASL-Citizen/videos/25439044778685105-LOVE.mp4,love,98,features_cache/25439044778685105-LOVE.pt
ASL-Citizen/videos/39975511392681784-MEET.mp4,meet,276,features_cache/39975511392681784-MEET.pt
ASL-Citizen/videos/9722345722031833-THUNDER.mp4,thunder,261,features_cache/9722345722031833-THUNDER.pt
ASL-Citizen/videos/35445730348954285-seedWHERE.mp4,where,37,features_cache/35445730348954285-seedWHERE.pt
ASL-Citizen/videos/3926418863397214-LOUD.mp4,loud,97,features_cache/3926418863397214-LOUD.pt
ASL-Citizen/videos/13158546514402825-IN.mp4,in,256,features_cache/13158546514402825-IN.pt
ASL-Citizen/videos/010997145882042814-seedCOME.mp4,come,71,features_cache/010997145882042814-seedCOME.pt
ASL-Citizen/videos/6816148658875862-EAT 2.mp4,eat2,63,features_cache/6816148658875862-EAT 2.pt
ASL-Citizen/videos/7150145277811628-PURPLE.mp4,purple,286,features_cache/7150145277811628-PURPLE.pt
ASL-Citizen/videos/8060624856662328-FOR.mp4,for,215,features_cache/8060624856662328-FOR.pt
ASL-Citizen/videos/8821978918389293-LISTEN.mp4,listen,133,features_cache/8821978918389293-LISTEN.pt
ASL-Citizen/videos/3227845753007452-WHERE.mp4,where,37,features_cache/3227845753007452-WHERE.pt
ASL-Citizen/videos/4864481586135154-FOUR.mp4,four,199,features_cache/4864481586135154-FOUR.pt
ASL-Citizen/videos/44461635757004814-BASKETBALL 3.mp4,basketball2,212,features_cache/44461635757004814-BASKETBALL 3.pt
ASL-Citizen/videos/6958576650414083-TWO.mp4,two,197,features_cache/6958576650414083-TWO.pt
ASL-Citizen/videos/8363542844702876-VACATION.mp4,vacation,125,features_cache/8363542844702876-VACATION.pt
ASL-Citizen/videos/948395224680245-SEVEN.mp4,seven,201,features_cache/948395224680245-SEVEN.pt
ASL-Citizen/videos/7745584546326045-RELAX.mp4,relax1,288,features_cache/7745584546326045-RELAX.pt
ASL-Citizen/videos/23909248218883028-LOVE.mp4,love,98,features_cache/23909248218883028-LOVE.pt
ASL-Citizen/videos/2510629421891437-THERE.mp4,there,46,features_cache/2510629421891437-THERE.pt
ASL-Citizen/videos/0902884729181257-WHAT 2.mp4,what1,11,features_cache/0902884729181257-WHAT 2.pt
ASL-Citizen/videos/18239269759693455-YOURSELF.mp4,yourself,19,features_cache/18239269759693455-YOURSELF.pt
ASL-Citizen/videos/09277703558910022-LISTEN.mp4,listen,133,features_cache/09277703558910022-LISTEN.pt
ASL-Citizen/videos/9121749563331172-FOUR.mp4,four,199,features_cache/9121749563331172-FOUR.pt
ASL-Citizen/videos/9380144168818609-HAT.mp4,hat1,233,features_cache/9380144168818609-HAT.pt
ASL-Citizen/videos/8388170938413793-CAR.mp4,car,106,features_cache/8388170938413793-CAR.pt
ASL-Citizen/videos/9546657037519763-YOURSELF.mp4,yourself,19,features_cache/9546657037519763-YOURSELF.pt
ASL-Citizen/videos/7609429940717087-FIFTH.mp4,fifth,223,features_cache/7609429940717087-FIFTH.pt
ASL-Citizen/videos/8255139486314145-THREE.mp4,three,198,features_cache/8255139486314145-THREE.pt
ASL-Citizen/videos/39360373168973983-SISTER.mp4,sister,36,features_cache/39360373168973983-SISTER.pt
ASL-Citizen/videos/5305284657006966-PLEASE.mp4,please,5,features_cache/5305284657006966-PLEASE.pt
ASL-Citizen/videos/19426089484748177-TALL.mp4,tall2,176,features_cache/19426089484748177-TALL.pt
ASL-Citizen/videos/7217644845122315-HOTEL.mp4,hotel,105,features_cache/7217644845122315-HOTEL.pt
ASL-Citizen/videos/7638661852180526-FRIEND.mp4,friend,26,features_cache/7638661852180526-FRIEND.pt
ASL-Citizen/videos/5370777202970318-BOY.mp4,boy,28,features_cache/5370777202970318-BOY.pt
ASL-Citizen/videos/07696367526651016-UNDER.mp4,under,270,features_cache/07696367526651016-UNDER.pt
ASL-Citizen/videos/3223491372772138-GREEN.mp4,green,149,features_cache/3223491372772138-GREEN.pt
ASL-Citizen/videos/5445728412642656-GIRL.mp4,girl,29,features_cache/5445728412642656-GIRL.pt
ASL-Citizen/videos/5252414789535589-HAT 2.mp4,hat2,234,features_cache/5252414789535589-HAT 2.pt
ASL-Citizen/videos/6657321679744261-HAPPY.mp4,happy,90,features_cache/6657321679744261-HAPPY.pt
ASL-Citizen/videos/7244700778021045-TIRED OF.mp4,tiredof,94,features_cache/7244700778021045-TIRED OF.pt
ASL-Citizen/videos/39100553497986446-WRITE.mp4,write,137,features_cache/39100553497986446-WRITE.pt
ASL-Citizen/videos/8566382658550584-TEAR.mp4,tear,177,features_cache/8566382658550584-TEAR.pt
ASL-Citizen/videos/4239937456521645-RUN.mp4,run1,295,features_cache/4239937456521645-RUN.pt
ASL-Citizen/videos/43778843855311433-PLEASE.mp4,please,5,features_cache/43778843855311433-PLEASE.pt
ASL-Citizen/videos/5908339040615167-THEY 2.mp4,they2,24,features_cache/5908339040615167-THEY 2.pt
ASL-Citizen/videos/7390474001199401-RING.mp4,ring,294,features_cache/7390474001199401-RING.pt
ASL-Citizen/videos/5358205730570242-HOME.mp4,home,47,features_cache/5358205730570242-HOME.pt
ASL-Citizen/videos/7290597714370646-HOW 2.mp4,how2,42,features_cache/7290597714370646-HOW 2.pt
ASL-Citizen/videos/6465600241429885-MOUTH.mp4,mouth,111,features_cache/6465600241429885-MOUTH.pt
ASL-Citizen/videos/06722462757223346-FAST.mp4,fast,169,features_cache/06722462757223346-FAST.pt
ASL-Citizen/videos/014176129180728081-SHOULD.mp4,should,163,features_cache/014176129180728081-SHOULD.pt
ASL-Citizen/videos/06806917144544555-SEE.mp4,see,200,features_cache/06806917144544555-SEE.pt
ASL-Citizen/videos/5447600938697417-TALK.mp4,talk1,88,features_cache/5447600938697417-TALK.pt
ASL-Citizen/videos/5237431195885818-EAT.mp4,eat1,62,features_cache/5237431195885818-EAT.pt
ASL-Citizen/videos/4271305571395134-FOR.mp4,for,215,features_cache/4271305571395134-FOR.pt
ASL-Citizen/videos/8995637916389443-EIGHT.mp4,eight,202,features_cache/8995637916389443-EIGHT.pt
ASL-Citizen/videos/7947646516473061-OVER.mp4,over,260,features_cache/7947646516473061-OVER.pt
ASL-Citizen/videos/4290231767257586-WHY NOT.mp4,whynot,40,features_cache/4290231767257586-WHY NOT.pt
ASL-Citizen/videos/639527032932734-HOW 2.mp4,how2,42,features_cache/639527032932734-HOW 2.pt
ASL-Citizen/videos/11562742429028061-REMEMBER.mp4,remember2,81,features_cache/11562742429028061-REMEMBER.pt
ASL-Citizen/videos/8703954060284524-READ.mp4,read,134,features_cache/8703954060284524-READ.pt
ASL-Citizen/videos/40156829456952536-LONG WORD.mp4,longword,183,features_cache/40156829456952536-LONG WORD.pt
ASL-Citizen/videos/03744280255090171-BASKETBALL 3.mp4,basketball2,212,features_cache/03744280255090171-BASKETBALL 3.pt
ASL-Citizen/videos/7567845252066006-GUM.mp4,gum,228,features_cache/7567845252066006-GUM.pt
ASL-Citizen/videos/8941049731507169-ME.mp4,me,15,features_cache/8941049731507169-ME.pt
ASL-Citizen/videos/88212363001045-TODAY.mp4,today,50,features_cache/88212363001045-TODAY.pt
ASL-Citizen/videos/27403948152696467-CAN.mp4,can1,114,features_cache/27403948152696467-CAN.pt
ASL-Citizen/videos/6448349493816601-HELLO.mp4,hello,0,features_cache/6448349493816601-HELLO.pt
ASL-Citizen/videos/22166151552542646-BOX.mp4,box,139,features_cache/22166151552542646-BOX.pt
ASL-Citizen/videos/9794477216535626-seedWOMAN 2.mp4,woman2,32,features_cache/9794477216535626-seedWOMAN 2.pt
ASL-Citizen/videos/7900211756909432-YOU.mp4,you,14,features_cache/7900211756909432-YOU.pt
ASL-Citizen/videos/8799499585540838-GIVE.mp4,give,227,features_cache/8799499585540838-GIVE.pt
ASL-Citizen/videos/6294547374725679-THEY.mp4,they1,23,features_cache/6294547374725679-THEY.pt
ASL-Citizen/videos/5163121490561862-LATER.mp4,later,54,features_cache/5163121490561862-LATER.pt
ASL-Citizen/videos/2274519559281516-HOW 2.mp4,how2,42,features_cache/2274519559281516-HOW 2.pt
ASL-Citizen/videos/20482172666715726-HEAR 1.mp4,hear1,21,features_cache/20482172666715726-HEAR 1.pt
ASL-Citizen/videos/704489524232337-FIFTH.mp4,fifth,223,features_cache/704489524232337-FIFTH.pt
ASL-Citizen/videos/8069243450652357-HARD.mp4,hard,232,features_cache/8069243450652357-HARD.pt
ASL-Citizen/videos/6704564410912748-RING.mp4,ring,294,features_cache/6704564410912748-RING.pt
ASL-Citizen/videos/19561663745070268-YOUR.mp4,your,18,features_cache/19561663745070268-YOUR.pt
ASL-Citizen/videos/888256404419975-GUM.mp4,gum,228,features_cache/888256404419975-GUM.pt
ASL-Citizen/videos/20193762849542285-FALLING ASLEEP.mp4,fallingasleep,172,features_cache/20193762849542285-FALLING ASLEEP.pt
ASL-Citizen/videos/8830156841071424-NOT UNDERSTAND.mp4,notunderstand,269,features_cache/8830156841071424-NOT UNDERSTAND.pt
ASL-Citizen/videos/7746127782805041-LONG LINE.mp4,longline,181,features_cache/7746127782805041-LONG LINE.pt
ASL-Citizen/videos/7628262965013866-BAD.mp4,bad,4,features_cache/7628262965013866-BAD.pt
ASL-Citizen/videos/8065279084089882-PIZZA.mp4,pizza1,282,features_cache/8065279084089882-PIZZA.pt
ASL-Citizen/videos/10703906146469544-TINY.mp4,tiny,157,features_cache/10703906146469544-TINY.pt
ASL-Citizen/videos/49482759108353913-PLAY.mp4,play,68,features_cache/49482759108353913-PLAY.pt
ASL-Citizen/videos/12746892199526738-FIRST.mp4,first,216,features_cache/12746892199526738-FIRST.pt
ASL-Citizen/videos/6061593450257821-LEAVE.mp4,leave,74,features_cache/6061593450257821-LEAVE.pt
ASL-Citizen/videos/951965116580737-NEED.mp4,need,118,features_cache/951965116580737-NEED.pt
ASL-Citizen/videos/7115668619008417-WEAK.mp4,weak,59,features_cache/7115668619008417-WEAK.pt
ASL-Citizen/videos/5391945071870843-THREE.mp4,three,198,features_cache/5391945071870843-THREE.pt
ASL-Citizen/videos/7455313442614018-FAST.mp4,fast,169,features_cache/7455313442614018-FAST.pt
ASL-Citizen/videos/2648063100597573-SNOW.mp4,snow1,208,features_cache/2648063100597573-SNOW.pt
ASL-Citizen/videos/9112247155918443-CAR.mp4,car,106,features_cache/9112247155918443-CAR.pt
ASL-Citizen/videos/09955883884574801-FALL 2.mp4,fall2,174,features_cache/09955883884574801-FALL 2.pt
ASL-Citizen/videos/8700079766051938-YOURSELF.mp4,yourself,19,features_cache/8700079766051938-YOURSELF.pt
ASL-Citizen/videos/28416740147086106-COME OUT.mp4,comeout,73,features_cache/28416740147086106-COME OUT.pt
ASL-Citizen/videos/449810229627835-NOT UNDERSTAND.mp4,notunderstand,269,features_cache/449810229627835-NOT UNDERSTAND.pt
ASL-Citizen/videos/20441354406409906-WARM.mp4,warm,243,features_cache/20441354406409906-WARM.pt
ASL-Citizen/videos/005758060810748145-WHITE.mp4,white,144,features_cache/005758060810748145-WHITE.pt
ASL-Citizen/videos/34171081267318204-HOME.mp4,home,47,features_cache/34171081267318204-HOME.pt
ASL-Citizen/videos/20202226330566098-WEEK.mp4,week,58,features_cache/20202226330566098-WEEK.pt
ASL-Citizen/videos/6174979619540446-GREEN.mp4,green,149,features_cache/6174979619540446-GREEN.pt
ASL-Citizen/videos/8572113453377948-PIZZA 2.mp4,pizza2,283,features_cache/8572113453377948-PIZZA 2.pt
ASL-Citizen/videos/13611634884601687-SHOULD.mp4,should,163,features_cache/13611634884601687-SHOULD.pt
ASL-Citizen/videos/6221005899165424-EAT 2.mp4,eat2,63,features_cache/6221005899165424-EAT 2.pt
ASL-Citizen/videos/14150356074507697-THIRD 2.mp4,third2,221,features_cache/14150356074507697-THIRD 2.pt
ASL-Citizen/videos/2732741727030885-NO.mp4,no,9,features_cache/2732741727030885-NO.pt
ASL-Citizen/videos/27582095106445204-MILK 2.mp4,milk2,130,features_cache/27582095106445204-MILK 2.pt
ASL-Citizen/videos/391183767471484-DOWN.mp4,down,272,features_cache/391183767471484-DOWN.pt
ASL-Citizen/videos/24482889897013416-SHOULD.mp4,should,163,features_cache/24482889897013416-SHOULD.pt
ASL-Citizen/videos/2057683191268902-JUICE 1.mp4,juice2,128,features_cache/2057683191268902-JUICE 1.pt
ASL-Citizen/videos/3149916018346155-seedTIRED OF.mp4,tiredof,94,features_cache/3149916018346155-seedTIRED OF.pt
ASL-Citizen/videos/76091555121122-LOUD.mp4,loud,97,features_cache/76091555121122-LOUD.pt
ASL-Citizen/videos/021145910536055412-THANK YOU.mp4,thankyou,6,features_cache/021145910536055412-THANK YOU.pt
ASL-Citizen/videos/15531684870350038-BLACK.mp4,black,145,features_cache/15531684870350038-BLACK.pt
ASL-Citizen/videos/6237661798714726-HOUSE.mp4,house,48,features_cache/6237661798714726-HOUSE.pt
ASL-Citizen/videos/7899782244337141-BOX.mp4,box,139,features_cache/7899782244337141-BOX.pt
ASL-Citizen/videos/12379536112286882-WASH FACE_2.mp4,washface2,238,features_cache/12379536112286882-WASH FACE_2.pt
ASL-Citizen/videos/6331495804836855-LOCK.mp4,lock1,184,features_cache/6331495804836855-LOCK.pt
ASL-Citizen/videos/9746509820351381-YESTERDAY.mp4,yesterday,52,features_cache/9746509820351381-YESTERDAY.pt
ASL-Citizen/videos/5283025914098922-LONG AGO.mp4,longago,180,features_cache/5283025914098922-LONG AGO.pt
ASL-Citizen/videos/26472856106608966-NOW.mp4,now,53,features_cache/26472856106608966-NOW.pt
ASL-Citizen/videos/4373322507640063-FINE.mp4,fine1,225,features_cache/4373322507640063-FINE.pt
ASL-Citizen/videos/6226793157493808-UP.mp4,up,271,features_cache/6226793157493808-UP.pt
ASL-Citizen/videos/6295557738339153-THIRD.mp4,third1,220,features_cache/6295557738339153-THIRD.pt
ASL-Citizen/videos/3456064357310693-HOLD 2.mp4,hold2,252,features_cache/3456064357310693-HOLD 2.pt
ASL-Citizen/videos/5484965265051842-NOW.mp4,now,53,features_cache/5484965265051842-NOW.pt
ASL-Citizen/videos/11931963343562568-EXCITED.mp4,excited,96,features_cache/11931963343562568-EXCITED.pt
ASL-Citizen/videos/0713137684139642-POLICEMAN 2.mp4,policeman2,153,features_cache/0713137684139642-POLICEMAN 2.pt
ASL-Citizen/videos/8779944008396092-BYE.mp4,bye,2,features_cache/8779944008396092-BYE.pt
ASL-Citizen/videos/39656742487380403-REMEMBER.mp4,remember2,81,features_cache/39656742487380403-REMEMBER.pt
ASL-Citizen/videos/933847098991408-HAVE.mp4,have,235,features_cache/933847098991408-HAVE.pt
ASL-Citizen/videos/7522351174807842-RUN.mp4,run1,295,features_cache/7522351174807842-RUN.pt
ASL-Citizen/videos/9878698239353016-FALL 2.mp4,fall2,174,features_cache/9878698239353016-FALL 2.pt
ASL-Citizen/videos/2223181186410932-BYE.mp4,bye,2,features_cache/2223181186410932-BYE.pt
ASL-Citizen/videos/6956016227207786-SHORT WORD.mp4,shortword,161,features_cache/6956016227207786-SHORT WORD.pt
ASL-Citizen/videos/6748698769153474-HOW 2.mp4,how2,42,features_cache/6748698769153474-HOW 2.pt
ASL-Citizen/videos/055732368427704904-COME.mp4,come,71,features_cache/055732368427704904-COME.pt
ASL-Citizen/videos/785763596050906-DOWN.mp4,down,272,features_cache/785763596050906-DOWN.pt
ASL-Citizen/videos/5984958993020424-BIG.mp4,big,156,features_cache/5984958993020424-BIG.pt
ASL-Citizen/videos/6531813261363493-FALL 2.mp4,fall2,174,features_cache/6531813261363493-FALL 2.pt
ASL-Citizen/videos/7263361341535615-RUN.mp4,run1,295,features_cache/7263361341535615-RUN.pt
ASL-Citizen/videos/8521113894614278-GREEN.mp4,green,149,features_cache/8521113894614278-GREEN.pt
ASL-Citizen/videos/06467167272543417-SHOUT 2.mp4,shout2,165,features_cache/06467167272543417-SHOUT 2.pt
ASL-Citizen/videos/8479700648926225-THERE.mp4,there,46,features_cache/8479700648926225-THERE.pt
ASL-Citizen/videos/8677145503168626-JUICE 1.mp4,juice2,128,features_cache/8677145503168626-JUICE 1.pt
ASL-Citizen/videos/652892164838841-LONG TIME.mp4,longtime,182,features_cache/652892164838841-LONG TIME.pt
ASL-Citizen/videos/08586249572766924-PURPLE.mp4,purple,286,features_cache/08586249572766924-PURPLE.pt
ASL-Citizen/videos/5082858473744953-NO.mp4,no,9,features_cache/5082858473744953-NO.pt
ASL-Citizen/videos/8187982746646938-GO.mp4,go,70,features_cache/8187982746646938-GO.pt
ASL-Citizen/videos/5423238328072062-RIGHT 2.mp4,right2,292,features_cache/5423238328072062-RIGHT 2.pt
ASL-Citizen/videos/04160387702532731-LONG WORD.mp4,longword,183,features_cache/04160387702532731-LONG WORD.pt
ASL-Citizen/videos/19718658162829295-HOUSE.mp4,house,48,features_cache/19718658162829295-HOUSE.pt
ASL-Citizen/videos/632595169762806-seedPINK.mp4,pink,146,features_cache/632595169762806-seedPINK.pt
ASL-Citizen/videos/013886274329008907-YEAR.mp4,year,61,features_cache/013886274329008907-YEAR.pt
ASL-Citizen/videos/17307554142688852-DONT CARE.mp4,dontcare,189,features_cache/17307554142688852-DONT CARE.pt
ASL-Citizen/videos/9520172548388828-EAT 2.mp4,eat2,63,features_cache/9520172548388828-EAT 2.pt
ASL-Citizen/videos/004887847449436045-AFTER.mp4,after,123,features_cache/004887847449436045-AFTER.pt
ASL-Citizen/videos/7792871827648602-FALL 1.mp4,fall1,173,features_cache/7792871827648602-FALL 1.pt
ASL-Citizen/videos/19109731470036806-INSIDE.mp4,inside,257,features_cache/19109731470036806-INSIDE.pt
ASL-Citizen/videos/08478361220017461-WEAK.mp4,weak,59,features_cache/08478361220017461-WEAK.pt
ASL-Citizen/videos/4360918616673015-SNOW 2.mp4,snow2,209,features_cache/4360918616673015-SNOW 2.pt
ASL-Citizen/videos/42335049059386565-SEVEN.mp4,seven,201,features_cache/42335049059386565-SEVEN.pt
ASL-Citizen/videos/9560339326863527-RIGHT 2.mp4,right2,292,features_cache/9560339326863527-RIGHT 2.pt
ASL-Citizen/videos/26737390960725627-GO.mp4,go,70,features_cache/26737390960725627-GO.pt
ASL-Citizen/videos/3396479461604085-RIGHT 1.mp4,right1,291,features_cache/3396479461604085-RIGHT 1.pt
ASL-Citizen/videos/8668045089043974-OK.mp4,ok,136,features_cache/8668045089043974-OK.pt
ASL-Citizen/videos/023092294723956464-TODAY.mp4,today,50,features_cache/023092294723956464-TODAY.pt
ASL-Citizen/videos/19579370378442884-WORK.mp4,work,67,features_cache/19579370378442884-WORK.pt
ASL-Citizen/videos/05774779232384386-seedBREAD.mp4,bread,138,features_cache/05774779232384386-seedBREAD.pt
ASL-Citizen/videos/18757567875372372-STUDY.mp4,study,69,features_cache/18757567875372372-STUDY.pt
ASL-Citizen/videos/2247676126436371-OUTSIDE.mp4,outside,259,features_cache/2247676126436371-OUTSIDE.pt
ASL-Citizen/videos/9038745375939039-GUM.mp4,gum,228,features_cache/9038745375939039-GUM.pt
ASL-Citizen/videos/9606353592578751-HAPPY.mp4,happy,90,features_cache/9606353592578751-HAPPY.pt
ASL-Citizen/videos/9708651803382586-seedHAIR.mp4,hair1,229,features_cache/9708651803382586-seedHAIR.pt
ASL-Citizen/videos/4847324486195017-HOLD.mp4,hold1,251,features_cache/4847324486195017-HOLD.pt
ASL-Citizen/videos/0320912589498219-SAD.mp4,sad,91,features_cache/0320912589498219-SAD.pt
ASL-Citizen/videos/6351385061595975-THEY.mp4,they1,23,features_cache/6351385061595975-THEY.pt
ASL-Citizen/videos/5306765776595519-JUICE 2.mp4,juice1,127,features_cache/5306765776595519-JUICE 2.pt
ASL-Citizen/videos/8812089061724724-SHORT DISTANCE.mp4,shortdistance,158,features_cache/8812089061724724-SHORT DISTANCE.pt
ASL-Citizen/videos/3913088846381303-FINE.mp4,fine1,225,features_cache/3913088846381303-FINE.pt
ASL-Citizen/videos/04815514373481977-CHECK.mp4,check,249,features_cache/04815514373481977-CHECK.pt
ASL-Citizen/videos/9580150858397796-SHOP.mp4,shop1,102,features_cache/9580150858397796-SHOP.pt
ASL-Citizen/videos/20921776830841998-POLICEMAN 2.mp4,policeman2,153,features_cache/20921776830841998-POLICEMAN 2.pt
ASL-Citizen/videos/28834869389241025-POLICEMAN.mp4,policeman1,152,features_cache/28834869389241025-POLICEMAN.pt
ASL-Citizen/videos/9305000721152028-seedLOUD.mp4,loud,97,features_cache/9305000721152028-seedLOUD.pt
ASL-Citizen/videos/4142093275635037-TEAR.mp4,tear,177,features_cache/4142093275635037-TEAR.pt
ASL-Citizen/videos/43436296408084707-STEAK.mp4,steak,299,features_cache/43436296408084707-STEAK.pt
ASL-Citizen/videos/5317425737821186-RIGHT 3.mp4,right3,293,features_cache/5317425737821186-RIGHT 3.pt
ASL-Citizen/videos/38099175964004983-WHY.mp4,why,39,features_cache/38099175964004983-WHY.pt
ASL-Citizen/videos/7143874879159735-FISH.mp4,fish,217,features_cache/7143874879159735-FISH.pt
ASL-Citizen/videos/17354191997018575-WHERE.mp4,where,37,features_cache/17354191997018575-WHERE.pt
ASL-Citizen/videos/05163066213189427-FRIEND.mp4,friend,26,features_cache/05163066213189427-FRIEND.pt
ASL-Citizen/videos/28216252883785353-RAIN.mp4,rain,206,features_cache/28216252883785353-RAIN.pt
ASL-Citizen/videos/7553836512267826-WASH 3.mp4,wash2,242,features_cache/7553836512267826-WASH 3.pt
ASL-Citizen/videos/7771502898136435-HOSPITAL 2.mp4,hospital2,248,features_cache/7771502898136435-HOSPITAL 2.pt
ASL-Citizen/videos/5388210490041108-REMEMBER.mp4,remember2,81,features_cache/5388210490041108-REMEMBER.pt
ASL-Citizen/videos/19958109281644143-WANT 2.mp4,want1,100,features_cache/19958109281644143-WANT 2.pt
ASL-Citizen/videos/5431088004531075-REMEMBER 2.mp4,remember1,80,features_cache/5431088004531075-REMEMBER 2.pt
ASL-Citizen/videos/281800149499168-LOCK.mp4,lock1,184,features_cache/281800149499168-LOCK.pt
ASL-Citizen/videos/23602543918655283-THUNDER.mp4,thunder,261,features_cache/23602543918655283-THUNDER.pt
ASL-Citizen/videos/20703159680779115-TODAY.mp4,today,50,features_cache/20703159680779115-TODAY.pt
ASL-Citizen/videos/4006395694593461-LEFT.mp4,left,273,features_cache/4006395694593461-LEFT.pt
ASL-Citizen/videos/7681586453788143-TEAR.mp4,tear,177,features_cache/7681586453788143-TEAR.pt
ASL-Citizen/videos/6332452979709653-RED.mp4,red,147,features_cache/6332452979709653-RED.pt
ASL-Citizen/videos/9987441748158015-RIGHT 1.mp4,right1,291,features_cache/9987441748158015-RIGHT 1.pt
ASL-Citizen/videos/36008661957052457-LONG.mp4,long,179,features_cache/36008661957052457-LONG.pt
ASL-Citizen/videos/9806423316095749-CHEAT 1.mp4,cheat1,245,features_cache/9806423316095749-CHEAT 1.pt
ASL-Citizen/videos/09011080677406724-CHEAT 2.mp4,cheat2,246,features_cache/09011080677406724-CHEAT 2.pt
ASL-Citizen/videos/8849980218955149-MOTHER.mp4,mother,33,features_cache/8849980218955149-MOTHER.pt
ASL-Citizen/videos/21025917258715143-CHECK.mp4,check,249,features_cache/21025917258715143-CHECK.pt
ASL-Citizen/videos/22300619731566207-HOUSE.mp4,house,48,features_cache/22300619731566207-HOUSE.pt
ASL-Citizen/videos/864908228939657-NIGHT.mp4,night1,56,features_cache/864908228939657-NIGHT.pt
ASL-Citizen/videos/5110849119802157-RED.mp4,red,147,features_cache/5110849119802157-RED.pt
ASL-Citizen/videos/9355434775677458-OUT.mp4,out,258,features_cache/9355434775677458-OUT.pt
ASL-Citizen/videos/971003020665846-HOW.mp4,how1,41,features_cache/971003020665846-HOW.pt
ASL-Citizen/videos/26650001415838886-FRIENDLY.mp4,friendly,27,features_cache/26650001415838886-FRIENDLY.pt
ASL-Citizen/videos/742342157322158-SIGN.mp4,sign,298,features_cache/742342157322158-SIGN.pt
ASL-Citizen/videos/5874584211477107-WOMAN.mp4,woman1,31,features_cache/5874584211477107-WOMAN.pt
ASL-Citizen/videos/12905058151868865-HOTEL.mp4,hotel,105,features_cache/12905058151868865-HOTEL.pt
ASL-Citizen/videos/370678413428154-NO.mp4,no,9,features_cache/370678413428154-NO.pt
ASL-Citizen/videos/9182418417855749-THINK.mp4,think,78,features_cache/9182418417855749-THINK.pt
ASL-Citizen/videos/28156361878226654-ICECREAM.mp4,icecream,187,features_cache/28156361878226654-ICECREAM.pt
ASL-Citizen/videos/7554935550703166-SHORTS.mp4,shorts,160,features_cache/7554935550703166-SHORTS.pt
ASL-Citizen/videos/31262988992094787-WASH 3.mp4,wash2,242,features_cache/31262988992094787-WASH 3.pt
ASL-Citizen/videos/9199162370810186-SHORTS.mp4,shorts,160,features_cache/9199162370810186-SHORTS.pt
ASL-Citizen/videos/05600004278031823-FOURTH.mp4,fourth,222,features_cache/05600004278031823-FOURTH.pt
ASL-Citizen/videos/9888130959700656-DOWN.mp4,down,272,features_cache/9888130959700656-DOWN.pt
ASL-Citizen/videos/7364131161995371-HEAR 1.mp4,hear1,21,features_cache/7364131161995371-HEAR 1.pt
ASL-Citizen/videos/3941644234915922-TUESDAY.mp4,tuesday,264,features_cache/3941644234915922-TUESDAY.pt
ASL-Citizen/videos/14989526185340774-FIFTH.mp4,fifth,223,features_cache/14989526185340774-FIFTH.pt
ASL-Citizen/videos/94683783681536-LOCK 3.mp4,lock3,186,features_cache/94683783681536-LOCK 3.pt
ASL-Citizen/videos/7335136138160512-GREEN.mp4,green,149,features_cache/7335136138160512-GREEN.pt
ASL-Citizen/videos/624921199330932-WAIT.mp4,wait,76,features_cache/624921199330932-WAIT.pt
ASL-Citizen/videos/8700892719903903-REST.mp4,rest,290,features_cache/8700892719903903-REST.pt
ASL-Citizen/videos/2147980308534052-HE.mp4,he,236,features_cache/2147980308534052-HE.pt
ASL-Citizen/videos/5570536346951789-HURT.mp4,hurt,255,features_cache/5570536346951789-HURT.pt
ASL-Citizen/videos/692674622436245-STOP.mp4,stop,300,features_cache/692674622436245-STOP.pt
ASL-Citizen/videos/6837455151270686-UNDER.mp4,under,270,features_cache/6837455151270686-UNDER.pt
ASL-Citizen/videos/5327840336837257-YES.mp4,yes,8,features_cache/5327840336837257-YES.pt
ASL-Citizen/videos/5163095898236087-TALK 2.mp4,talk2,89,features_cache/5163095898236087-TALK 2.pt
ASL-Citizen/videos/09480001149764816-MEET.mp4,meet,276,features_cache/09480001149764816-MEET.pt
ASL-Citizen/videos/025204171933608244-LISTEN.mp4,listen,133,features_cache/025204171933608244-LISTEN.pt
ASL-Citizen/videos/9819306186128587-THEY.mp4,they1,23,features_cache/9819306186128587-THEY.pt
ASL-Citizen/videos/9733888968626505-PHONE.mp4,phone,107,features_cache/9733888968626505-PHONE.pt
ASL-Citizen/videos/7894997545406601-POLICEMAN 2.mp4,policeman2,153,features_cache/7894997545406601-POLICEMAN 2.pt
ASL-Citizen/videos/4166156051720902-SKIN.mp4,skin,166,features_cache/4166156051720902-SKIN.pt
ASL-Citizen/videos/35480630391441204-KNOW.mp4,know,77,features_cache/35480630391441204-KNOW.pt
ASL-Citizen/videos/8760933146179861-ANGRY.mp4,angry,92,features_cache/8760933146179861-ANGRY.pt
ASL-Citizen/videos/8731621142069923-QUIET.mp4,quiet,287,features_cache/8731621142069923-QUIET.pt
ASL-Citizen/videos/2657292811841865-HOSPITAL.mp4,hospital1,247,features_cache/2657292811841865-HOSPITAL.pt
ASL-Citizen/videos/24519151833954478-WHAT 2.mp4,what1,11,features_cache/24519151833954478-WHAT 2.pt
ASL-Citizen/videos/33989652092980394-TALK 2.mp4,talk2,89,features_cache/33989652092980394-TALK 2.pt
ASL-Citizen/videos/8924794226810573-CHECK.mp4,check,249,features_cache/8924794226810573-CHECK.pt
ASL-Citizen/videos/6715566540875353-FIRST.mp4,first,216,features_cache/6715566540875353-FIRST.pt
ASL-Citizen/videos/20334179595825952-DONT KNOW.mp4,dontknow,191,features_cache/20334179595825952-DONT KNOW.pt
ASL-Citizen/videos/7168056648248537-SHORT WORD.mp4,shortword,161,features_cache/7168056648248537-SHORT WORD.pt
ASL-Citizen/videos/7936033660613633-POLICEMAN 2.mp4,policeman2,153,features_cache/7936033660613633-POLICEMAN 2.pt
ASL-Citizen/videos/8530152644522973-seedSEE.mp4,see,200,features_cache/8530152644522973-seedSEE.pt
ASL-Citizen/videos/839348480426664-CAN.mp4,can1,114,features_cache/839348480426664-CAN.pt
ASL-Citizen/videos/26056519285644875-YES.mp4,yes,8,features_cache/26056519285644875-YES.pt
ASL-Citizen/videos/6130492409563846-LOST.mp4,lost,274,features_cache/6130492409563846-LOST.pt
ASL-Citizen/videos/6116759456790979-CAN.mp4,can1,114,features_cache/6116759456790979-CAN.pt
ASL-Citizen/videos/6030593909711668-THEY.mp4,they1,23,features_cache/6030593909711668-THEY.pt
ASL-Citizen/videos/840245002469342-SNOW 2.mp4,snow2,209,features_cache/840245002469342-SNOW 2.pt
ASL-Citizen/videos/41064420918991273-FOR.mp4,for,215,features_cache/41064420918991273-FOR.pt
ASL-Citizen/videos/9629943991422294-HOT.mp4,hot,244,features_cache/9629943991422294-HOT.pt
ASL-Citizen/videos/8800388245306578-MUST.mp4,must,117,features_cache/8800388245306578-MUST.pt
ASL-Citizen/videos/0863524332460317-WAIT.mp4,wait,76,features_cache/0863524332460317-WAIT.pt
ASL-Citizen/videos/8170092529568016-WORK.mp4,work,67,features_cache/8170092529568016-WORK.pt
ASL-Citizen/videos/5074537741762299-WASH 3.mp4,wash2,242,features_cache/5074537741762299-WASH 3.pt
ASL-Citizen/videos/6106442656909274-QM.mp4,qm,285,features_cache/6106442656909274-QM.pt
ASL-Citizen/videos/6954185313116026-CHEAT 1.mp4,cheat1,245,features_cache/6954185313116026-CHEAT 1.pt
ASL-Citizen/videos/4265326751925511-RUN.mp4,run1,295,features_cache/4265326751925511-RUN.pt
ASL-Citizen/videos/9817752216031963-FINE 2.mp4,fine2,226,features_cache/9817752216031963-FINE 2.pt
ASL-Citizen/videos/5958647852814958-COME OUT.mp4,comeout,73,features_cache/5958647852814958-COME OUT.pt
ASL-Citizen/videos/9796761237113067-TALK.mp4,talk1,88,features_cache/9796761237113067-TALK.pt
ASL-Citizen/videos/4741953661690417-FAST.mp4,fast,169,features_cache/4741953661690417-FAST.pt
ASL-Citizen/videos/48852938778695965-LIKE.mp4,like,99,features_cache/48852938778695965-LIKE.pt
ASL-Citizen/videos/39156348903438976-RAINBOW.mp4,rainbow,207,features_cache/39156348903438976-RAINBOW.pt
ASL-Citizen/videos/24715605354350778-BALL.mp4,ball,210,features_cache/24715605354350778-BALL.pt
ASL-Citizen/videos/959367511420421-HURT.mp4,hurt,255,features_cache/959367511420421-HURT.pt
ASL-Citizen/videos/10869736120107665-HOTEL.mp4,hotel,105,features_cache/10869736120107665-HOTEL.pt
ASL-Citizen/videos/39590061485238315-WASH 3.mp4,wash2,242,features_cache/39590061485238315-WASH 3.pt
ASL-Citizen/videos/9178007741963472-WHY.mp4,why,39,features_cache/9178007741963472-WHY.pt
ASL-Citizen/videos/2505723348580138-LOCK.mp4,lock1,184,features_cache/2505723348580138-LOCK.pt
ASL-Citizen/videos/30148795754394175-EAT.mp4,eat1,62,features_cache/30148795754394175-EAT.pt
ASL-Citizen/videos/10683458927017297-JUICE 1.mp4,juice2,128,features_cache/10683458927017297-JUICE 1.pt
ASL-Citizen/videos/8966553845539804-FROM.mp4,from,44,features_cache/8966553845539804-FROM.pt
ASL-Citizen/videos/7686495998498704-FIND.mp4,find,224,features_cache/7686495998498704-FIND.pt
ASL-Citizen/videos/20364848936726365-MONEY 2.mp4,money2,110,features_cache/20364848936726365-MONEY 2.pt
ASL-Citizen/videos/18779529030303932-QM.mp4,qm,285,features_cache/18779529030303932-QM.pt
ASL-Citizen/videos/5693599940804028-BECAUSE.mp4,because,124,features_cache/5693599940804028-BECAUSE.pt
ASL-Citizen/videos/7962930222566538-DONT MIND.mp4,dontmind,193,features_cache/7962930222566538-DONT MIND.pt
ASL-Citizen/videos/8801114874556712-WANT 2.mp4,want1,100,features_cache/8801114874556712-WANT 2.pt
ASL-Citizen/videos/23302415519785113-NEED.mp4,need,118,features_cache/23302415519785113-NEED.pt
ASL-Citizen/videos/26590410598868597-HEAR 2.mp4,hear2,22,features_cache/26590410598868597-HEAR 2.pt
ASL-Citizen/videos/6319770502956026-RIGHT 3.mp4,right3,293,features_cache/6319770502956026-RIGHT 3.pt
ASL-Citizen/videos/45496556401826393-MY.mp4,my,16,features_cache/45496556401826393-MY.pt
ASL-Citizen/videos/3539307587055758-TALK.mp4,talk1,88,features_cache/3539307587055758-TALK.pt
ASL-Citizen/videos/7218118759840897-LISTEN.mp4,listen,133,features_cache/7218118759840897-LISTEN.pt
ASL-Citizen/videos/5411960050409668-seedTODAY.mp4,today,50,features_cache/5411960050409668-seedTODAY.pt
ASL-Citizen/videos/6273313368192674-seedSHORT DISTANCE.mp4,shortdistance,158,features_cache/6273313368192674-seedSHORT DISTANCE.pt
ASL-Citizen/videos/13498585088047066-BROTHER.mp4,brother,35,features_cache/13498585088047066-BROTHER.pt
ASL-Citizen/videos/4440746367181474-HIS.mp4,his,20,features_cache/4440746367181474-HIS.pt
ASL-Citizen/videos/9858229995286099-MORE.mp4,more,119,features_cache/9858229995286099-MORE.pt
ASL-Citizen/videos/22231040906855504-BALL.mp4,ball,210,features_cache/22231040906855504-BALL.pt
ASL-Citizen/videos/23597714310638485-KNOW.mp4,know,77,features_cache/23597714310638485-KNOW.pt
ASL-Citizen/videos/5621918528111924-FIRST.mp4,first,216,features_cache/5621918528111924-FIRST.pt
ASL-Citizen/videos/9004431867747704-PLEASE.mp4,please,5,features_cache/9004431867747704-PLEASE.pt
ASL-Citizen/videos/9722587634346744-DONT WANT.mp4,dontwant,195,features_cache/9722587634346744-DONT WANT.pt
ASL-Citizen/videos/37417832351505687-MONEY 2.mp4,money2,110,features_cache/37417832351505687-MONEY 2.pt
ASL-Citizen/videos/7058214922054642-EXCITED.mp4,excited,96,features_cache/7058214922054642-EXCITED.pt
ASL-Citizen/videos/7192725183513502-HUG.mp4,hug,254,features_cache/7192725183513502-HUG.pt
ASL-Citizen/videos/7974084341365968-FISH.mp4,fish,217,features_cache/7974084341365968-FISH.pt
ASL-Citizen/videos/39972538518539635-CAR ACCIDENT.mp4,caraccident,141,features_cache/39972538518539635-CAR ACCIDENT.pt
ASL-Citizen/videos/1306445038255737-SHORTS.mp4,shorts,160,features_cache/1306445038255737-SHORTS.pt
ASL-Citizen/videos/975560309489212-STOP.mp4,stop,300,features_cache/975560309489212-STOP.pt
ASL-Citizen/videos/9559157161622487-WOMAN 2.mp4,woman2,32,features_cache/9559157161622487-WOMAN 2.pt
ASL-Citizen/videos/41194332281860335-WATER.mp4,water,112,features_cache/41194332281860335-WATER.pt
ASL-Citizen/videos/5096549632746381-TUESDAY.mp4,tuesday,264,features_cache/5096549632746381-TUESDAY.pt
ASL-Citizen/videos/13789559805595064-JUICE 1.mp4,juice2,128,features_cache/13789559805595064-JUICE 1.pt
ASL-Citizen/videos/09925483539097146-THEY.mp4,they1,23,features_cache/09925483539097146-THEY.pt
ASL-Citizen/videos/1340015962713661-PINK.mp4,pink,146,features_cache/1340015962713661-PINK.pt
ASL-Citizen/videos/12494354551937459-WHY NOT.mp4,whynot,40,features_cache/12494354551937459-WHY NOT.pt
ASL-Citizen/videos/46290986255523303-YESTERDAY.mp4,yesterday,52,features_cache/46290986255523303-YESTERDAY.pt
ASL-Citizen/videos/7085041042230886-GOOD.mp4,good,3,features_cache/7085041042230886-GOOD.pt
ASL-Citizen/videos/6589458102490988-SEE.mp4,see,200,features_cache/6589458102490988-SEE.pt
ASL-Citizen/videos/3812162372337615-CLOTHES.mp4,clothes,143,features_cache/3812162372337615-CLOTHES.pt
ASL-Citizen/videos/0392835216734122-EAT.mp4,eat1,62,features_cache/0392835216734122-EAT.pt
ASL-Citizen/videos/9942355192801713-seedGUM.mp4,gum,228,features_cache/9942355192801713-seedGUM.pt
ASL-Citizen/videos/9430803749531191-LOUD.mp4,loud,97,features_cache/9430803749531191-LOUD.pt
ASL-Citizen/videos/5774324878258876-COME.mp4,come,71,features_cache/5774324878258876-COME.pt
ASL-Citizen/videos/051465824178710706-TELL.mp4,tell,83,features_cache/051465824178710706-TELL.pt
ASL-Citizen/videos/38747687874121217-NAME.mp4,name,10,features_cache/38747687874121217-NAME.pt
ASL-Citizen/videos/5112353440646757-WHITE.mp4,white,144,features_cache/5112353440646757-WHITE.pt
ASL-Citizen/videos/5586839450092025-GOOD.mp4,good,3,features_cache/5586839450092025-GOOD.pt
ASL-Citizen/videos/2616949976693943-LOCK 2.mp4,lock2,185,features_cache/2616949976693943-LOCK 2.pt
ASL-Citizen/videos/6863272868161578-DRINK.mp4,drink1,64,features_cache/6863272868161578-DRINK.pt
ASL-Citizen/videos/22359033331993605-seedFIND.mp4,find,224,features_cache/22359033331993605-seedFIND.pt
ASL-Citizen/videos/9467614082498448-HERE.mp4,here,45,features_cache/9467614082498448-HERE.pt
ASL-Citizen/videos/8008652725129142-LOCK.mp4,lock1,184,features_cache/8008652725129142-LOCK.pt
ASL-Citizen/videos/6281941552828265-DONT KNOW.mp4,dontknow,191,features_cache/6281941552828265-DONT KNOW.pt
ASL-Citizen/videos/3362974225221058-GIRL.mp4,girl,29,features_cache/3362974225221058-GIRL.pt
ASL-Citizen/videos/9962457114341248-SNOW.mp4,snow1,208,features_cache/9962457114341248-SNOW.pt
ASL-Citizen/videos/7681494167847223-seedARRIVE.mp4,arrive,75,features_cache/7681494167847223-seedARRIVE.pt
ASL-Citizen/videos/26247646289058424-HARD.mp4,hard,232,features_cache/26247646289058424-HARD.pt
ASL-Citizen/videos/8913437775524151-HIS.mp4,his,20,features_cache/8913437775524151-HIS.pt
ASL-Citizen/videos/11831502325504029-HAIR 2.mp4,hair2,230,features_cache/11831502325504029-HAIR 2.pt
ASL-Citizen/videos/6134713403840597-SATURDAY.mp4,saturday,267,features_cache/6134713403840597-SATURDAY.pt
ASL-Citizen/videos/13948099432830752-WEDNESDAY.mp4,wednesday,265,features_cache/13948099432830752-WEDNESDAY.pt
ASL-Citizen/videos/6651272031979116-SEVEN.mp4,seven,201,features_cache/6651272031979116-SEVEN.pt
ASL-Citizen/videos/2305871847828358-HOSPITAL.mp4,hospital1,247,features_cache/2305871847828358-HOSPITAL.pt
ASL-Citizen/videos/9449430087229107-BOX.mp4,box,139,features_cache/9449430087229107-BOX.pt
ASL-Citizen/videos/09779826296872463-SHOP 1.mp4,shop2,103,features_cache/09779826296872463-SHOP 1.pt
ASL-Citizen/videos/6866209503293914-seedUP.mp4,up,271,features_cache/6866209503293914-seedUP.pt
ASL-Citizen/videos/5890629238612095-FOOTBALL.mp4,football,214,features_cache/5890629238612095-FOOTBALL.pt
ASL-Citizen/videos/6788237257016723-THANK YOU.mp4,thankyou,6,features_cache/6788237257016723-THANK YOU.pt
ASL-Citizen/videos/21645197130695215-NIGHT.mp4,night1,56,features_cache/21645197130695215-NIGHT.pt
ASL-Citizen/videos/43318386955532273-WEEK.mp4,week,58,features_cache/43318386955532273-WEEK.pt
ASL-Citizen/videos/7532215729692444-FACE.mp4,face,250,features_cache/7532215729692444-FACE.pt
ASL-Citizen/videos/8188942667223229-SCHOOL.mp4,school,49,features_cache/8188942667223229-SCHOOL.pt
ASL-Citizen/videos/5394599569980276-WARM.mp4,warm,243,features_cache/5394599569980276-WARM.pt
ASL-Citizen/videos/29045877663385156-MOTHER.mp4,mother,33,features_cache/29045877663385156-MOTHER.pt
ASL-Citizen/videos/6554499134521157-FROM.mp4,from,44,features_cache/6554499134521157-FROM.pt
ASL-Citizen/videos/6760301363332382-TOMORROW.mp4,tomorrow,51,features_cache/6760301363332382-TOMORROW.pt
ASL-Citizen/videos/6012878766711187-WASH 1.mp4,wash1,241,features_cache/6012878766711187-WASH 1.pt
ASL-Citizen/videos/48171883509777436-THERE.mp4,there,46,features_cache/48171883509777436-THERE.pt
ASL-Citizen/videos/5203378966214391-SHOUT 2.mp4,shout2,165,features_cache/5203378966214391-SHOUT 2.pt
ASL-Citizen/videos/7442618628569746-YES.mp4,yes,8,features_cache/7442618628569746-YES.pt
ASL-Citizen/videos/5187180924403598-ASK.mp4,ask,84,features_cache/5187180924403598-ASK.pt
ASL-Citizen/videos/6224825679560193-HE.mp4,he,236,features_cache/6224825679560193-HE.pt
ASL-Citizen/videos/6460327264027996-REST.mp4,rest,290,features_cache/6460327264027996-REST.pt
ASL-Citizen/videos/1801433135336179-MONTH.mp4,month,60,features_cache/1801433135336179-MONTH.pt
ASL-Citizen/videos/8813422186863311-REMEMBER.mp4,remember2,81,features_cache/8813422186863311-REMEMBER.pt
ASL-Citizen/videos/6943455642203764-LONG AGO.mp4,longago,180,features_cache/6943455642203764-LONG AGO.pt
ASL-Citizen/videos/6892111735827193-NEED.mp4,need,118,features_cache/6892111735827193-NEED.pt
ASL-Citizen/videos/5895427960552089-COCONUT.mp4,coconut,132,features_cache/5895427960552089-COCONUT.pt
ASL-Citizen/videos/9103310973390084-SHOWER.mp4,shower,86,features_cache/9103310973390084-SHOWER.pt
ASL-Citizen/videos/16022535024189488-RING.mp4,ring,294,features_cache/16022535024189488-RING.pt
ASL-Citizen/videos/22450839421047442-OUT.mp4,out,258,features_cache/22450839421047442-OUT.pt
ASL-Citizen/videos/6607916699699934-SLOW.mp4,slow,168,features_cache/6607916699699934-SLOW.pt
ASL-Citizen/videos/16659435197682293-BAD.mp4,bad,4,features_cache/16659435197682293-BAD.pt
ASL-Citizen/videos/26718272677630317-NINE.mp4,nine,203,features_cache/26718272677630317-NINE.pt
ASL-Citizen/videos/6972450803945769-LONG AGO.mp4,longago,180,features_cache/6972450803945769-LONG AGO.pt
ASL-Citizen/videos/28998166354437016-DONT CARE.mp4,dontcare,189,features_cache/28998166354437016-DONT CARE.pt
ASL-Citizen/videos/9684870058692099-YOURSELF.mp4,yourself,19,features_cache/9684870058692099-YOURSELF.pt
ASL-Citizen/videos/09699208280508653-BLUE.mp4,blue,148,features_cache/09699208280508653-BLUE.pt
ASL-Citizen/videos/2072124930929793-REMEMBER.mp4,remember2,81,features_cache/2072124930929793-REMEMBER.pt
ASL-Citizen/videos/9705867712726022-HAT 2.mp4,hat2,234,features_cache/9705867712726022-HAT 2.pt
ASL-Citizen/videos/5979307187574394-HOW.mp4,how1,41,features_cache/5979307187574394-HOW.pt
ASL-Citizen/videos/7432799564977244-JUICE 1.mp4,juice2,128,features_cache/7432799564977244-JUICE 1.pt
ASL-Citizen/videos/4763704871730041-GAME.mp4,game,275,features_cache/4763704871730041-GAME.pt
ASL-Citizen/videos/1552769796440887-RAINBOW.mp4,rainbow,207,features_cache/1552769796440887-RAINBOW.pt
ASL-Citizen/videos/6632701465303541-BOXING.mp4,boxing,140,features_cache/6632701465303541-BOXING.pt
ASL-Citizen/videos/5232769399213089-ON.mp4,on,279,features_cache/5232769399213089-ON.pt
ASL-Citizen/videos/5353580020746251-FEW.mp4,few,1,features_cache/5353580020746251-FEW.pt
ASL-Citizen/videos/6471203705029369-WHERE.mp4,where,37,features_cache/6471203705029369-WHERE.pt
ASL-Citizen/videos/7372312746506302-HOT.mp4,hot,244,features_cache/7372312746506302-HOT.pt
ASL-Citizen/videos/4536389702611696-BLACK.mp4,black,145,features_cache/4536389702611696-BLACK.pt
ASL-Citizen/videos/5446297670875129-GO.mp4,go,70,features_cache/5446297670875129-GO.pt
ASL-Citizen/videos/6453636152711135-FOR.mp4,for,215,features_cache/6453636152711135-FOR.pt
ASL-Citizen/videos/5243653012534697-BLUE.mp4,blue,148,features_cache/5243653012534697-BLUE.pt
ASL-Citizen/videos/36995928249155363-BYE.mp4,bye,2,features_cache/36995928249155363-BYE.pt
ASL-Citizen/videos/8589102415458401-HAIR.mp4,hair1,229,features_cache/8589102415458401-HAIR.pt
ASL-Citizen/videos/592495370694589-ROAD.mp4,road,297,features_cache/592495370694589-ROAD.pt
ASL-Citizen/videos/6813710286182664-TELL.mp4,tell,83,features_cache/6813710286182664-TELL.pt
ASL-Citizen/videos/17151697988510128-GUM.mp4,gum,228,features_cache/17151697988510128-GUM.pt
ASL-Citizen/videos/7894562102509253-SHOULD.mp4,should,163,features_cache/7894562102509253-SHOULD.pt
ASL-Citizen/videos/09693372376591869-THREE.mp4,three,198,features_cache/09693372376591869-THREE.pt
ASL-Citizen/videos/4446495422982424-BEFORE.mp4,before,122,features_cache/4446495422982424-BEFORE.pt
ASL-Citizen/videos/5200282443391575-TALL 2.mp4,tall1,175,features_cache/5200282443391575-TALL 2.pt
ASL-Citizen/videos/03174577769237463-WATER.mp4,water,112,features_cache/03174577769237463-WATER.pt
ASL-Citizen/videos/5198962003145118-DONT WANT.mp4,dontwant,195,features_cache/5198962003145118-DONT WANT.pt
ASL-Citizen/videos/7569215382709509-SLOW.mp4,slow,168,features_cache/7569215382709509-SLOW.pt
ASL-Citizen/videos/29308822710638505-INSIDE.mp4,inside,257,features_cache/29308822710638505-INSIDE.pt
ASL-Citizen/videos/32110183779929513-SNOW.mp4,snow1,208,features_cache/32110183779929513-SNOW.pt
ASL-Citizen/videos/31677735720761735-EIGHT.mp4,eight,202,features_cache/31677735720761735-EIGHT.pt
ASL-Citizen/videos/021281916138308432-RAIN.mp4,rain,206,features_cache/021281916138308432-RAIN.pt
ASL-Citizen/videos/9857350479542466-THREE.mp4,three,198,features_cache/9857350479542466-THREE.pt
ASL-Citizen/videos/8639822229613423-RIGHT 3.mp4,right3,293,features_cache/8639822229613423-RIGHT 3.pt
ASL-Citizen/videos/21560081346679438-WHO.mp4,who,13,features_cache/21560081346679438-WHO.pt
ASL-Citizen/videos/9701695309294336-THANK YOU.mp4,thankyou,6,features_cache/9701695309294336-THANK YOU.pt
ASL-Citizen/videos/41125949539634643-HOSPITAL 2.mp4,hospital2,248,features_cache/41125949539634643-HOSPITAL 2.pt
ASL-Citizen/videos/05003958557953614-BECAUSE.mp4,because,124,features_cache/05003958557953614-BECAUSE.pt
ASL-Citizen/videos/5486612939933115-BEFORE.mp4,before,122,features_cache/5486612939933115-BEFORE.pt
ASL-Citizen/videos/8618167243787549-SISTER.mp4,sister,36,features_cache/8618167243787549-SISTER.pt
ASL-Citizen/videos/2881701868176938-SNOW.mp4,snow1,208,features_cache/2881701868176938-SNOW.pt
ASL-Citizen/videos/5141198107304679-EXCITED.mp4,excited,96,features_cache/5141198107304679-EXCITED.pt
ASL-Citizen/videos/8405493387581946-WHAT 2.mp4,what1,11,features_cache/8405493387581946-WHAT 2.pt
ASL-Citizen/videos/19756865098292908-MORE.mp4,more,119,features_cache/19756865098292908-MORE.pt
ASL-Citizen/videos/5088472744264194-SCHOOL.mp4,school,49,features_cache/5088472744264194-SCHOOL.pt
ASL-Citizen/videos/3176950945974586-SICK.mp4,sick,95,features_cache/3176950945974586-SICK.pt
ASL-Citizen/videos/9794434391724418-SHORT WORD.mp4,shortword,161,features_cache/9794434391724418-SHORT WORD.pt
ASL-Citizen/videos/06002102686749389-RAINBOW.mp4,rainbow,207,features_cache/06002102686749389-RAINBOW.pt
ASL-Citizen/videos/5260366639358705-DONT WANT.mp4,dontwant,195,features_cache/5260366639358705-DONT WANT.pt
ASL-Citizen/videos/6938338914033659-SHOW.mp4,show,85,features_cache/6938338914033659-SHOW.pt
ASL-Citizen/videos/801580215278554-FAMILY.mp4,family,25,features_cache/801580215278554-FAMILY.pt
ASL-Citizen/videos/4442947602488383-TALK.mp4,talk1,88,features_cache/4442947602488383-TALK.pt
ASL-Citizen/videos/5500549780163715-DRINK 2.mp4,drink2,65,features_cache/5500549780163715-DRINK 2.pt
ASL-Citizen/videos/8086805786312896-WARM.mp4,warm,243,features_cache/8086805786312896-WARM.pt
ASL-Citizen/videos/5286672194190856-FINE 2.mp4,fine2,226,features_cache/5286672194190856-FINE 2.pt
ASL-Citizen/videos/57597439616882-WARM.mp4,warm,243,features_cache/57597439616882-WARM.pt
ASL-Citizen/videos/6198968659630029-YOU.mp4,you,14,features_cache/6198968659630029-YOU.pt
ASL-Citizen/videos/010922087768955313-FROM.mp4,from,44,features_cache/010922087768955313-FROM.pt
ASL-Citizen/videos/8313729438763324-SIDE.mp4,side,87,features_cache/8313729438763324-SIDE.pt
ASL-Citizen/videos/4448245619737523-FALL 1.mp4,fall1,173,features_cache/4448245619737523-FALL 1.pt
ASL-Citizen/videos/042108112572596834-SHOW.mp4,show,85,features_cache/042108112572596834-SHOW.pt
ASL-Citizen/videos/20198116101515096-LONG.mp4,long,179,features_cache/20198116101515096-LONG.pt
ASL-Citizen/videos/07270539352192218-NINE.mp4,nine,203,features_cache/07270539352192218-NINE.pt
ASL-Citizen/videos/10848457531453715-WHITE.mp4,white,144,features_cache/10848457531453715-WHITE.pt
ASL-Citizen/videos/91143422155193-NOT UNDERSTAND.mp4,notunderstand,269,features_cache/91143422155193-NOT UNDERSTAND.pt
ASL-Citizen/videos/816994644846331-NEAR.mp4,near,277,features_cache/816994644846331-NEAR.pt
ASL-Citizen/videos/6691602510869061-SNOW.mp4,snow1,208,features_cache/6691602510869061-SNOW.pt
ASL-Citizen/videos/7852779859731991-LONG LINE.mp4,longline,181,features_cache/7852779859731991-LONG LINE.pt
ASL-Citizen/videos/46356444335156-CHEAT 2.mp4,cheat2,246,features_cache/46356444335156-CHEAT 2.pt
ASL-Citizen/videos/16743062005943243-EIGHT.mp4,eight,202,features_cache/16743062005943243-EIGHT.pt
ASL-Citizen/videos/676739603328083-HOME.mp4,home,47,features_cache/676739603328083-HOME.pt
ASL-Citizen/videos/9778472524530533-READY.mp4,ready,135,features_cache/9778472524530533-READY.pt
ASL-Citizen/videos/5902558718732509-RAIN.mp4,rain,206,features_cache/5902558718732509-RAIN.pt
ASL-Citizen/videos/22522888097403992-UP.mp4,up,271,features_cache/22522888097403992-UP.pt
ASL-Citizen/videos/9536645741113592-seedLONG.mp4,long,179,features_cache/9536645741113592-seedLONG.pt
ASL-Citizen/videos/11160629175309356-CHECK.mp4,check,249,features_cache/11160629175309356-CHECK.pt
ASL-Citizen/videos/26813077364981597-HAT.mp4,hat1,233,features_cache/26813077364981597-HAT.pt
ASL-Citizen/videos/20072447667273896-FIFTH.mp4,fifth,223,features_cache/20072447667273896-FIFTH.pt
ASL-Citizen/videos/9615771339457309-SHOWER.mp4,shower,86,features_cache/9615771339457309-SHOWER.pt
ASL-Citizen/videos/04615258339586048-seedIMPROVE.mp4,improve,154,features_cache/04615258339586048-seedIMPROVE.pt
ASL-Citizen/videos/03226600581373362-HOLD 2.mp4,hold2,252,features_cache/03226600581373362-HOLD 2.pt
ASL-Citizen/videos/392235984115052-AFTER.mp4,after,123,features_cache/392235984115052-AFTER.pt
ASL-Citizen/videos/07700895767889127-READ.mp4,read,134,features_cache/07700895767889127-READ.pt
ASL-Citizen/videos/01568087161861098-TEAR.mp4,tear,177,features_cache/01568087161861098-TEAR.pt
ASL-Citizen/videos/3704551309457076-GUM.mp4,gum,228,features_cache/3704551309457076-GUM.pt
ASL-Citizen/videos/0053290989889420715-FINISH.mp4,finish,120,features_cache/0053290989889420715-FINISH.pt
ASL-Citizen/videos/676297947373963-COMPUTER.mp4,computer,113,features_cache/676297947373963-COMPUTER.pt
ASL-Citizen/videos/7076961883712545-HELLO.mp4,hello,0,features_cache/7076961883712545-HELLO.pt
ASL-Citizen/videos/3319329453352784-QUIET.mp4,quiet,287,features_cache/3319329453352784-QUIET.pt
ASL-Citizen/videos/8312459625722002-GREEN.mp4,green,149,features_cache/8312459625722002-GREEN.pt
ASL-Citizen/videos/38766975684842553-EIGHT.mp4,eight,202,features_cache/38766975684842553-EIGHT.pt
ASL-Citizen/videos/6009727281474175-FOOTBALL.mp4,football,214,features_cache/6009727281474175-FOOTBALL.pt
ASL-Citizen/videos/2677616732303967-HEAR 2.mp4,hear2,22,features_cache/2677616732303967-HEAR 2.pt
ASL-Citizen/videos/6072418103340411-WORK.mp4,work,67,features_cache/6072418103340411-WORK.pt
ASL-Citizen/videos/7408768066490452-DINNER 2.mp4,dinner2,171,features_cache/7408768066490452-DINNER 2.pt
ASL-Citizen/videos/4281758463945209-LONG LINE.mp4,longline,181,features_cache/4281758463945209-LONG LINE.pt
ASL-Citizen/videos/752318181570734-BOXING.mp4,boxing,140,features_cache/752318181570734-BOXING.pt
ASL-Citizen/videos/5535705684704044-NEAR.mp4,near,277,features_cache/5535705684704044-NEAR.pt
ASL-Citizen/videos/7280440822347909-CAN 2.mp4,can2,115,features_cache/7280440822347909-CAN 2.pt
ASL-Citizen/videos/6886999711677044-WEEK.mp4,week,58,features_cache/6886999711677044-WEEK.pt
ASL-Citizen/videos/16765721633983355-RIGHT 3.mp4,right3,293,features_cache/16765721633983355-RIGHT 3.pt
ASL-Citizen/videos/6587276957167647-HOLD 2.mp4,hold2,252,features_cache/6587276957167647-HOLD 2.pt
ASL-Citizen/videos/5906289417023074-SHOP 1.mp4,shop2,103,features_cache/5906289417023074-SHOP 1.pt
ASL-Citizen/videos/7108033064563866-FOR.mp4,for,215,features_cache/7108033064563866-FOR.pt
ASL-Citizen/videos/1587611738379615-seedPEN.mp4,pen,281,features_cache/1587611738379615-seedPEN.pt
ASL-Citizen/videos/664429081242518-HAIR.mp4,hair1,229,features_cache/664429081242518-HAIR.pt
ASL-Citizen/videos/35556754063686546-REMEMBER 2.mp4,remember1,80,features_cache/35556754063686546-REMEMBER 2.pt
ASL-Citizen/videos/6475057915821356-SEVEN.mp4,seven,201,features_cache/6475057915821356-SEVEN.pt
ASL-Citizen/videos/48891811825038345-MORE.mp4,more,119,features_cache/48891811825038345-MORE.pt
ASL-Citizen/videos/6199615059681025-OUTSIDE.mp4,outside,259,features_cache/6199615059681025-OUTSIDE.pt
ASL-Citizen/videos/39505179233963705-HERE.mp4,here,45,features_cache/39505179233963705-HERE.pt
ASL-Citizen/videos/7416561706981699-HOT.mp4,hot,244,features_cache/7416561706981699-HOT.pt
ASL-Citizen/videos/3020735611683292-FACE.mp4,face,250,features_cache/3020735611683292-FACE.pt
ASL-Citizen/videos/09529875897618645-WATCH.mp4,watch,82,features_cache/09529875897618645-WATCH.pt
ASL-Citizen/videos/8673853297757075-JUICE 2.mp4,juice1,127,features_cache/8673853297757075-JUICE 2.pt
ASL-Citizen/videos/7666802297995068-HOW.mp4,how1,41,features_cache/7666802297995068-HOW.pt
ASL-Citizen/videos/4799679255286269-FALLING ASLEEP.mp4,fallingasleep,172,features_cache/4799679255286269-FALLING ASLEEP.pt
ASL-Citizen/videos/4625328406325162-FINISH.mp4,finish,120,features_cache/4625328406325162-FINISH.pt
ASL-Citizen/videos/09586860893993299-BOY.mp4,boy,28,features_cache/09586860893993299-BOY.pt
ASL-Citizen/videos/24532184962053116-WASH FACE_2.mp4,washface2,238,features_cache/24532184962053116-WASH FACE_2.pt
ASL-Citizen/videos/22086175500593086-HE.mp4,he,236,features_cache/22086175500593086-HE.pt
ASL-Citizen/videos/752385671850688-SKIN.mp4,skin,166,features_cache/752385671850688-SKIN.pt
ASL-Citizen/videos/2163477136058105-DINNER.mp4,dinner1,170,features_cache/2163477136058105-DINNER.pt
ASL-Citizen/videos/17836259339784366-MONDAY.mp4,monday,263,features_cache/17836259339784366-MONDAY.pt
ASL-Citizen/videos/7809273250779392-seedSICK.mp4,sick,95,features_cache/7809273250779392-seedSICK.pt
ASL-Citizen/videos/4589443576656864-EAT.mp4,eat1,62,features_cache/4589443576656864-EAT.pt
ASL-Citizen/videos/9421225242954818-TALK 2.mp4,talk2,89,features_cache/9421225242954818-TALK 2.pt
ASL-Citizen/videos/7459516150734173-NAME.mp4,name,10,features_cache/7459516150734173-NAME.pt
ASL-Citizen/videos/954911942661782-THINK.mp4,think,78,features_cache/954911942661782-THINK.pt
ASL-Citizen/videos/8184724937356351-YOUR.mp4,your,18,features_cache/8184724937356351-YOUR.pt
ASL-Citizen/videos/2672044999092307-SISTER.mp4,sister,36,features_cache/2672044999092307-SISTER.pt
ASL-Citizen/videos/5078836051922053-seedWHY NOT.mp4,whynot,40,features_cache/5078836051922053-seedWHY NOT.pt
ASL-Citizen/videos/7266114378291826-HAIRCUT.mp4,haircut,231,features_cache/7266114378291826-HAIRCUT.pt
ASL-Citizen/videos/6266741051790852-OK.mp4,ok,136,features_cache/6266741051790852-OK.pt
ASL-Citizen/videos/47752951627185536-BOXING.mp4,boxing,140,features_cache/47752951627185536-BOXING.pt
ASL-Citizen/videos/4533515035859772-MORNING.mp4,morning,55,features_cache/4533515035859772-MORNING.pt
ASL-Citizen/videos/39982971303940884-NOT UNDERSTAND.mp4,notunderstand,269,features_cache/39982971303940884-NOT UNDERSTAND.pt
ASL-Citizen/videos/9777101536728459-MONDAY.mp4,monday,263,features_cache/9777101536728459-MONDAY.pt
ASL-Citizen/videos/11358076479299473-BECAUSE.mp4,because,124,features_cache/11358076479299473-BECAUSE.pt
ASL-Citizen/videos/6061539773395033-HIS.mp4,his,20,features_cache/6061539773395033-HIS.pt
ASL-Citizen/videos/46559109592960857-OUT.mp4,out,258,features_cache/46559109592960857-OUT.pt
ASL-Citizen/videos/17655086999253888-GAME.mp4,game,275,features_cache/17655086999253888-GAME.pt
ASL-Citizen/videos/7654969537541392-TALL.mp4,tall2,176,features_cache/7654969537541392-TALL.pt
ASL-Citizen/videos/6574917137950937-RESTAURANT.mp4,restaurant,104,features_cache/6574917137950937-RESTAURANT.pt
ASL-Citizen/videos/8224527695408073-SEE.mp4,see,200,features_cache/8224527695408073-SEE.pt
ASL-Citizen/videos/152449075176329-HOLIDAY.mp4,holiday,253,features_cache/152449075176329-HOLIDAY.pt
ASL-Citizen/videos/18074056897897073-WASH FACE_1.mp4,washface1,237,features_cache/18074056897897073-WASH FACE_1.pt
ASL-Citizen/videos/12944063047327603-TEETH.mp4,teeth,204,features_cache/12944063047327603-TEETH.pt
ASL-Citizen/videos/13683327829257763-SATURDAY.mp4,saturday,267,features_cache/13683327829257763-SATURDAY.pt
ASL-Citizen/videos/7350165576269296-PLAY.mp4,play,68,features_cache/7350165576269296-PLAY.pt
ASL-Citizen/videos/32791810480357064-THREE.mp4,three,198,features_cache/32791810480357064-THREE.pt
ASL-Citizen/videos/3820846227736703-LOST.mp4,lost,274,features_cache/3820846227736703-LOST.pt
ASL-Citizen/videos/4967206015225847-EXCITED.mp4,excited,96,features_cache/4967206015225847-EXCITED.pt
ASL-Citizen/videos/9571221473356939-HOSPITAL.mp4,hospital1,247,features_cache/9571221473356939-HOSPITAL.pt
ASL-Citizen/videos/0015092814988848513-WHO.mp4,who,13,features_cache/0015092814988848513-WHO.pt
ASL-Citizen/videos/305005319641076-RIGHT 2.mp4,right2,292,features_cache/305005319641076-RIGHT 2.pt
ASL-Citizen/videos/2637801020901185-FOURTH.mp4,fourth,222,features_cache/2637801020901185-FOURTH.pt
ASL-Citizen/videos/05043302933121163-BASKETBALL.mp4,basketball1,211,features_cache/05043302933121163-BASKETBALL.pt
ASL-Citizen/videos/9616167313159969-DONT FEEL_LIKE.mp4,dontfeellike,190,features_cache/9616167313159969-DONT FEEL_LIKE.pt
ASL-Citizen/videos/8633027798618855-WASH MACHINE.mp4,washmachine,240,features_cache/8633027798618855-WASH MACHINE.pt
ASL-Citizen/videos/8351529407222296-WHY.mp4,why,39,features_cache/8351529407222296-WHY.pt
ASL-Citizen/videos/40154871052062435-SHOT.mp4,shot,162,features_cache/40154871052062435-SHOT.pt
ASL-Citizen/videos/9864500128545473-WEDNESDAY.mp4,wednesday,265,features_cache/9864500128545473-WEDNESDAY.pt
ASL-Citizen/videos/6300100781132116-FIRST.mp4,first,216,features_cache/6300100781132116-FIRST.pt
ASL-Citizen/videos/9386058825504551-HOTEL.mp4,hotel,105,features_cache/9386058825504551-HOTEL.pt
ASL-Citizen/videos/519514560563135-REMEMBER 2.mp4,remember1,80,features_cache/519514560563135-REMEMBER 2.pt
ASL-Citizen/videos/6570366298357497-WHY NOT.mp4,whynot,40,features_cache/6570366298357497-WHY NOT.pt
ASL-Citizen/videos/06196342319478165-BIG.mp4,big,156,features_cache/06196342319478165-BIG.pt
ASL-Citizen/videos/508022786956922-FROM.mp4,from,44,features_cache/508022786956922-FROM.pt
ASL-Citizen/videos/3035321442576182-SUNDAY.mp4,sunday,268,features_cache/3035321442576182-SUNDAY.pt
ASL-Citizen/videos/03885630772501347-MY.mp4,my,16,features_cache/03885630772501347-MY.pt
ASL-Citizen/videos/33524184538444524-SHORT DISTANCE.mp4,shortdistance,158,features_cache/33524184538444524-SHORT DISTANCE.pt
ASL-Citizen/videos/10390446211426041-RIGHT 3.mp4,right3,293,features_cache/10390446211426041-RIGHT 3.pt
ASL-Citizen/videos/24530230220331473-VACATION.mp4,vacation,125,features_cache/24530230220331473-VACATION.pt
ASL-Citizen/videos/6102100798298136-THURSDAY.mp4,thursday,262,features_cache/6102100798298136-THURSDAY.pt
ASL-Citizen/videos/02600379174001821-WANT.mp4,want2,101,features_cache/02600379174001821-WANT.pt
ASL-Citizen/videos/6695800230103734-OLD.mp4,old,278,features_cache/6695800230103734-OLD.pt
ASL-Citizen/videos/8633549075296783-SHORT WORD.mp4,shortword,161,features_cache/8633549075296783-SHORT WORD.pt
ASL-Citizen/videos/3947214471080249-JUICE 1.mp4,juice2,128,features_cache/3947214471080249-JUICE 1.pt
ASL-Citizen/videos/9171269087592833-HOTEL.mp4,hotel,105,features_cache/9171269087592833-HOTEL.pt
ASL-Citizen/videos/44668850153355644-HAPPY.mp4,happy,90,features_cache/44668850153355644-HAPPY.pt
ASL-Citizen/videos/8423243760680699-seedWEDNESDAY.mp4,wednesday,265,features_cache/8423243760680699-seedWEDNESDAY.pt
ASL-Citizen/videos/10971559660650887-FALLING ASLEEP.mp4,fallingasleep,172,features_cache/10971559660650887-FALLING ASLEEP.pt
ASL-Citizen/videos/44419065960377635-LOVE.mp4,love,98,features_cache/44419065960377635-LOVE.pt
ASL-Citizen/videos/8527301366262503-SEVEN.mp4,seven,201,features_cache/8527301366262503-SEVEN.pt
ASL-Citizen/videos/4343241095939201-TOMORROW.mp4,tomorrow,51,features_cache/4343241095939201-TOMORROW.pt
ASL-Citizen/videos/8270409786931296-WAIT.mp4,wait,76,features_cache/8270409786931296-WAIT.pt
ASL-Citizen/videos/8060450596200075-FAMILY.mp4,family,25,features_cache/8060450596200075-FAMILY.pt
ASL-Citizen/videos/4112986912815155-WANT.mp4,want2,101,features_cache/4112986912815155-WANT.pt
ASL-Citizen/videos/7998942703054484-LOCK 3.mp4,lock3,186,features_cache/7998942703054484-LOCK 3.pt
ASL-Citizen/videos/6406218170023705-THIRD.mp4,third1,220,features_cache/6406218170023705-THIRD.pt
ASL-Citizen/videos/0912960664005491-FINE 2.mp4,fine2,226,features_cache/0912960664005491-FINE 2.pt
ASL-Citizen/videos/47697450945852893-ICECREAM.mp4,icecream,187,features_cache/47697450945852893-ICECREAM.pt
ASL-Citizen/videos/2610647090283229-LATER.mp4,later,54,features_cache/2610647090283229-LATER.pt
ASL-Citizen/videos/3778978686595724-EXCITED.mp4,excited,96,features_cache/3778978686595724-EXCITED.pt
ASL-Citizen/videos/49914475306883-TOMORROW.mp4,tomorrow,51,features_cache/49914475306883-TOMORROW.pt
ASL-Citizen/videos/22962898136957977-FROM.mp4,from,44,features_cache/22962898136957977-FROM.pt
ASL-Citizen/videos/794387128826012-NEAR.mp4,near,277,features_cache/794387128826012-NEAR.pt
ASL-Citizen/videos/048843012932837215-LONG TIME.mp4,longtime,182,features_cache/048843012932837215-LONG TIME.pt
ASL-Citizen/videos/1508034199759607-THIRD.mp4,third1,220,features_cache/1508034199759607-THIRD.pt
ASL-Citizen/videos/0536546087178027-FIFTH.mp4,fifth,223,features_cache/0536546087178027-FIFTH.pt
ASL-Citizen/videos/48294123816637624-AFTER.mp4,after,123,features_cache/48294123816637624-AFTER.pt
ASL-Citizen/videos/6392848823531765-FATHER.mp4,father,34,features_cache/6392848823531765-FATHER.pt
ASL-Citizen/videos/32098923929264234-HAT.mp4,hat1,233,features_cache/32098923929264234-HAT.pt
ASL-Citizen/videos/1900191486784637-THINK.mp4,think,78,features_cache/1900191486784637-THINK.pt
ASL-Citizen/videos/8404777426639194-FOURTH.mp4,fourth,222,features_cache/8404777426639194-FOURTH.pt
ASL-Citizen/videos/14188283118755218-FROM.mp4,from,44,features_cache/14188283118755218-FROM.pt
ASL-Citizen/videos/06268304654457024-QUIET.mp4,quiet,287,features_cache/06268304654457024-QUIET.pt
ASL-Citizen/videos/9434996660694719-HOME.mp4,home,47,features_cache/9434996660694719-HOME.pt
ASL-Citizen/videos/4677163661476418-HOSPITAL 2.mp4,hospital2,248,features_cache/4677163661476418-HOSPITAL 2.pt
ASL-Citizen/videos/5008852988399453-MYSELF.mp4,myself,17,features_cache/5008852988399453-MYSELF.pt
ASL-Citizen/videos/4720037702546913-BAD.mp4,bad,4,features_cache/4720037702546913-BAD.pt
ASL-Citizen/videos/9131849806303045-HUG.mp4,hug,254,features_cache/9131849806303045-HUG.pt
ASL-Citizen/videos/8916183607565891-RIGHT 2.mp4,right2,292,features_cache/8916183607565891-RIGHT 2.pt
ASL-Citizen/videos/060562031925950555-BASKETBALL.mp4,basketball1,211,features_cache/060562031925950555-BASKETBALL.pt
ASL-Citizen/videos/6124027933047218-ARRIVE.mp4,arrive,75,features_cache/6124027933047218-ARRIVE.pt
ASL-Citizen/videos/8726356144737688-MONTH.mp4,month,60,features_cache/8726356144737688-MONTH.pt
ASL-Citizen/videos/03594339983742989-HOTEL.mp4,hotel,105,features_cache/03594339983742989-HOTEL.pt
ASL-Citizen/videos/6342542561480597-YOUR.mp4,your,18,features_cache/6342542561480597-YOUR.pt
ASL-Citizen/videos/503193272978758-WEEK.mp4,week,58,features_cache/503193272978758-WEEK.pt
ASL-Citizen/videos/511284541107746-COFFEE.mp4,coffee,131,features_cache/511284541107746-COFFEE.pt
ASL-Citizen/videos/025346934779223673-MAN.mp4,man,30,features_cache/025346934779223673-MAN.pt
ASL-Citizen/videos/5121098905642729-FOUR.mp4,four,199,features_cache/5121098905642729-FOUR.pt
ASL-Citizen/videos/4979093799881362-FAST.mp4,fast,169,features_cache/4979093799881362-FAST.pt
ASL-Citizen/videos/9595918903544285-HIS.mp4,his,20,features_cache/9595918903544285-HIS.pt
ASL-Citizen/videos/30216552906832983-LISTEN.mp4,listen,133,features_cache/30216552906832983-LISTEN.pt
ASL-Citizen/videos/19418271966399425-WAIT.mp4,wait,76,features_cache/19418271966399425-WAIT.pt
ASL-Citizen/videos/7890145742548509-BOX.mp4,box,139,features_cache/7890145742548509-BOX.pt
ASL-Citizen/videos/6993782178496888-BASKETBALL.mp4,basketball1,211,features_cache/6993782178496888-BASKETBALL.pt
ASL-Citizen/videos/23965453401894954-OK.mp4,ok,136,features_cache/23965453401894954-OK.pt
ASL-Citizen/videos/7830052444646307-COMPUTER.mp4,computer,113,features_cache/7830052444646307-COMPUTER.pt
ASL-Citizen/videos/4029894162121075-seedWASH MACHINE.mp4,washmachine,240,features_cache/4029894162121075-seedWASH MACHINE.pt
ASL-Citizen/videos/4487366617665709-HOTEL.mp4,hotel,105,features_cache/4487366617665709-HOTEL.pt
ASL-Citizen/videos/24442962392359258-SCHOOL.mp4,school,49,features_cache/24442962392359258-SCHOOL.pt
ASL-Citizen/videos/9851992475740963-NAME.mp4,name,10,features_cache/9851992475740963-NAME.pt
ASL-Citizen/videos/22158687515690545-FISH.mp4,fish,217,features_cache/22158687515690545-FISH.pt
ASL-Citizen/videos/46322532227115065-HOLD.mp4,hold1,251,features_cache/46322532227115065-HOLD.pt
ASL-Citizen/videos/5971513744254144-BAD.mp4,bad,4,features_cache/5971513744254144-BAD.pt
ASL-Citizen/videos/8003555877371669-FINE.mp4,fine1,225,features_cache/8003555877371669-FINE.pt
ASL-Citizen/videos/008087702450223277-GOOD.mp4,good,3,features_cache/008087702450223277-GOOD.pt
ASL-Citizen/videos/11864475877230674-GIVE.mp4,give,227,features_cache/11864475877230674-GIVE.pt
ASL-Citizen/videos/35429744496101856-ME.mp4,me,15,features_cache/35429744496101856-ME.pt
ASL-Citizen/videos/29013316286737467-SISTER.mp4,sister,36,features_cache/29013316286737467-SISTER.pt
ASL-Citizen/videos/9635118109017773-BROTHER.mp4,brother,35,features_cache/9635118109017773-BROTHER.pt
ASL-Citizen/videos/7269568123882071-SHOT.mp4,shot,162,features_cache/7269568123882071-SHOT.pt
ASL-Citizen/videos/2112724100165273-MY.mp4,my,16,features_cache/2112724100165273-MY.pt
ASL-Citizen/videos/4910072855291485-SCHOOL.mp4,school,49,features_cache/4910072855291485-SCHOOL.pt
ASL-Citizen/videos/9153158186254158-MEET.mp4,meet,276,features_cache/9153158186254158-MEET.pt
ASL-Citizen/videos/9543121609158431-HOSPITAL.mp4,hospital1,247,features_cache/9543121609158431-HOSPITAL.pt
ASL-Citizen/videos/28340602709826324-HAT 2.mp4,hat2,234,features_cache/28340602709826324-HAT 2.pt
ASL-Citizen/videos/451025851026817-HAIRCUT.mp4,haircut,231,features_cache/451025851026817-HAIRCUT.pt
ASL-Citizen/videos/0383718428591493-LOST.mp4,lost,274,features_cache/0383718428591493-LOST.pt
ASL-Citizen/videos/5949109292240677-TELL.mp4,tell,83,features_cache/5949109292240677-TELL.pt
ASL-Citizen/videos/8232402604425779-FAST.mp4,fast,169,features_cache/8232402604425779-FAST.pt
ASL-Citizen/videos/8973825444753523-SUNDAY.mp4,sunday,268,features_cache/8973825444753523-SUNDAY.pt
ASL-Citizen/videos/07893366237759558-STOP.mp4,stop,300,features_cache/07893366237759558-STOP.pt
ASL-Citizen/videos/8377591346272821-FALLING ASLEEP.mp4,fallingasleep,172,features_cache/8377591346272821-FALLING ASLEEP.pt
ASL-Citizen/videos/5533875031054769-SHOP.mp4,shop1,102,features_cache/5533875031054769-SHOP.pt
ASL-Citizen/videos/9379850867971924-MONEY.mp4,money1,109,features_cache/9379850867971924-MONEY.pt
ASL-Citizen/videos/018441298099485248-LONG.mp4,long,179,features_cache/018441298099485248-LONG.pt
ASL-Citizen/videos/16412278405532654-DONT LIKE.mp4,dontlike,192,features_cache/16412278405532654-DONT LIKE.pt
ASL-Citizen/videos/5876770711844181-TALL.mp4,tall2,176,features_cache/5876770711844181-TALL.pt
ASL-Citizen/videos/7361516326952664-WANT.mp4,want2,101,features_cache/7361516326952664-WANT.pt
ASL-Citizen/videos/8979365940146831-WHAT 1.mp4,what2,12,features_cache/8979365940146831-WHAT 1.pt
ASL-Citizen/videos/12543635438423562-OUT.mp4,out,258,features_cache/12543635438423562-OUT.pt
ASL-Citizen/videos/15583842324081232-ON.mp4,on,279,features_cache/15583842324081232-ON.pt
ASL-Citizen/videos/3423078826780954-UP.mp4,up,271,features_cache/3423078826780954-UP.pt
ASL-Citizen/videos/7513104867958282-HAVE.mp4,have,235,features_cache/7513104867958282-HAVE.pt
ASL-Citizen/videos/4509547091032866-TIRED.mp4,tired,93,features_cache/4509547091032866-TIRED.pt
ASL-Citizen/videos/6276595334823785-AFTER.mp4,after,123,features_cache/6276595334823785-AFTER.pt
ASL-Citizen/videos/6659679903660016-FRIENDLY.mp4,friendly,27,features_cache/6659679903660016-FRIENDLY.pt
ASL-Citizen/videos/6275909006677276-DRINK 2.mp4,drink2,65,features_cache/6275909006677276-DRINK 2.pt
ASL-Citizen/videos/5268087791001244-LONG LINE.mp4,longline,181,features_cache/5268087791001244-LONG LINE.pt
ASL-Citizen/videos/7339086150775165-THIRD.mp4,third1,220,features_cache/7339086150775165-THIRD.pt
ASL-Citizen/videos/40657449952402236-RAIN.mp4,rain,206,features_cache/40657449952402236-RAIN.pt
ASL-Citizen/videos/7464906167030079-YOUR.mp4,your,18,features_cache/7464906167030079-YOUR.pt
ASL-Citizen/videos/5496218468598357-THIRD 2.mp4,third2,221,features_cache/5496218468598357-THIRD 2.pt
ASL-Citizen/videos/10882043871893354-ANGRY.mp4,angry,92,features_cache/10882043871893354-ANGRY.pt
ASL-Citizen/videos/6775922010130244-CAR ACCIDENT.mp4,caraccident,141,features_cache/6775922010130244-CAR ACCIDENT.pt
ASL-Citizen/videos/32795673576979145-PULL.mp4,pull,284,features_cache/32795673576979145-PULL.pt
ASL-Citizen/videos/37276206216745744-COME OUT.mp4,comeout,73,features_cache/37276206216745744-COME OUT.pt
ASL-Citizen/videos/18210913597967116-OVER.mp4,over,260,features_cache/18210913597967116-OVER.pt
ASL-Citizen/videos/8248092191130476-TUESDAY.mp4,tuesday,264,features_cache/8248092191130476-TUESDAY.pt
ASL-Citizen/videos/8710845114140142-DONT CARE.mp4,dontcare,189,features_cache/8710845114140142-DONT CARE.pt
ASL-Citizen/videos/3442736979677756-RAIN.mp4,rain,206,features_cache/3442736979677756-RAIN.pt
ASL-Citizen/videos/9419016560970019-DONT NEED.mp4,dontneed,194,features_cache/9419016560970019-DONT NEED.pt
ASL-Citizen/videos/42324652037526667-HAIRCUT.mp4,haircut,231,features_cache/42324652037526667-HAIRCUT.pt
ASL-Citizen/videos/008990469741665175-STEAK.mp4,steak,299,features_cache/008990469741665175-STEAK.pt
ASL-Citizen/videos/3529011716605366-SISTER.mp4,sister,36,features_cache/3529011716605366-SISTER.pt
ASL-Citizen/videos/6762488178921731-COME HERE.mp4,comehere,72,features_cache/6762488178921731-COME HERE.pt
ASL-Citizen/videos/20632413695470753-REMEMBER.mp4,remember2,81,features_cache/20632413695470753-REMEMBER.pt
ASL-Citizen/videos/3829528240063471-UP.mp4,up,271,features_cache/3829528240063471-UP.pt
ASL-Citizen/videos/6833405506171966-GUM.mp4,gum,228,features_cache/6833405506171966-GUM.pt
ASL-Citizen/videos/17578216510347966-NIGHT 2.mp4,night2,57,features_cache/17578216510347966-NIGHT 2.pt
ASL-Citizen/videos/5250420040806927-BOOK.mp4,book,108,features_cache/5250420040806927-BOOK.pt
ASL-Citizen/videos/4576902932035074-HEAR 2.mp4,hear2,22,features_cache/4576902932035074-HEAR 2.pt
ASL-Citizen/videos/9233469754453538-SEE.mp4,see,200,features_cache/9233469754453538-SEE.pt
ASL-Citizen/videos/5622664159943058-YESTERDAY.mp4,yesterday,52,features_cache/5622664159943058-YESTERDAY.pt
ASL-Citizen/videos/05232078107052662-NINE.mp4,nine,203,features_cache/05232078107052662-NINE.pt
ASL-Citizen/videos/7336714898090413-LEFT.mp4,left,273,features_cache/7336714898090413-LEFT.pt
ASL-Citizen/videos/4225579791217846-BIG.mp4,big,156,features_cache/4225579791217846-BIG.pt
ASL-Citizen/videos/4491594387505147-HOW 2.mp4,how2,42,features_cache/4491594387505147-HOW 2.pt
ASL-Citizen/videos/15882442052695578-PURPLE.mp4,purple,286,features_cache/15882442052695578-PURPLE.pt
ASL-Citizen/videos/792719481166883-BASKETBALL.mp4,basketball1,211,features_cache/792719481166883-BASKETBALL.pt
ASL-Citizen/videos/5977951646216033-ACCIDENT.mp4,accident,142,features_cache/5977951646216033-ACCIDENT.pt
ASL-Citizen/videos/7236629829826864-ACCIDENT.mp4,accident,142,features_cache/7236629829826864-ACCIDENT.pt
ASL-Citizen/videos/9510539228184098-UP.mp4,up,271,features_cache/9510539228184098-UP.pt
ASL-Citizen/videos/9681653772573444-seedHARD.mp4,hard,232,features_cache/9681653772573444-seedHARD.pt
ASL-Citizen/videos/18972692322051077-DRINK 2.mp4,drink2,65,features_cache/18972692322051077-DRINK 2.pt
ASL-Citizen/videos/5938307461368451-HOME.mp4,home,47,features_cache/5938307461368451-HOME.pt
ASL-Citizen/videos/641384656296053-RUN 2.mp4,run2,296,features_cache/641384656296053-RUN 2.pt
ASL-Citizen/videos/9702771866876128-HAIR 2.mp4,hair2,230,features_cache/9702771866876128-HAIR 2.pt
ASL-Citizen/videos/7728875223059739-HUG.mp4,hug,254,features_cache/7728875223059739-HUG.pt
ASL-Citizen/videos/3257680240116101-QUIET.mp4,quiet,287,features_cache/3257680240116101-QUIET.pt
ASL-Citizen/videos/25989150927091664-YOURSELF.mp4,yourself,19,features_cache/25989150927091664-YOURSELF.pt
ASL-Citizen/videos/2627028635601858-HARD.mp4,hard,232,features_cache/2627028635601858-HARD.pt
ASL-Citizen/videos/48553283978859585-WHAT 2.mp4,what1,11,features_cache/48553283978859585-WHAT 2.pt
ASL-Citizen/videos/6269737966461153-HOUSE.mp4,house,48,features_cache/6269737966461153-HOUSE.pt
ASL-Citizen/videos/9053185426868577-HAT 2.mp4,hat2,234,features_cache/9053185426868577-HAT 2.pt
ASL-Citizen/videos/4197770326170689-BEFORE.mp4,before,122,features_cache/4197770326170689-BEFORE.pt
ASL-Citizen/videos/06437354909692172-HOW.mp4,how1,41,features_cache/06437354909692172-HOW.pt
ASL-Citizen/videos/30007543768298084-WEEK.mp4,week,58,features_cache/30007543768298084-WEEK.pt
ASL-Citizen/videos/14669396254413347-QM.mp4,qm,285,features_cache/14669396254413347-QM.pt
ASL-Citizen/videos/5976044526254161-FACE.mp4,face,250,features_cache/5976044526254161-FACE.pt
ASL-Citizen/videos/5634135554364239-FISHING 2.mp4,fishing2,219,features_cache/5634135554364239-FISHING 2.pt
ASL-Citizen/videos/37634487188318655-SISTER.mp4,sister,36,features_cache/37634487188318655-SISTER.pt
ASL-Citizen/videos/2117342026115856-SLEEP.mp4,sleep,66,features_cache/2117342026115856-SLEEP.pt
ASL-Citizen/videos/4153714591008735-LOCK.mp4,lock1,184,features_cache/4153714591008735-LOCK.pt
ASL-Citizen/videos/9687874710872124-GOOD.mp4,good,3,features_cache/9687874710872124-GOOD.pt
ASL-Citizen/videos/7154896998335438-FATHER.mp4,father,34,features_cache/7154896998335438-FATHER.pt
ASL-Citizen/videos/1542018459581047-TIRED.mp4,tired,93,features_cache/1542018459581047-TIRED.pt
ASL-Citizen/videos/41461171624603455-EAT.mp4,eat1,62,features_cache/41461171624603455-EAT.pt
ASL-Citizen/videos/9726727555464802-TIRED OF.mp4,tiredof,94,features_cache/9726727555464802-TIRED OF.pt
ASL-Citizen/videos/5581223374131308-QUIET.mp4,quiet,287,features_cache/5581223374131308-QUIET.pt
ASL-Citizen/videos/7998759729446692-WASH HANDS.mp4,washhands,239,features_cache/7998759729446692-WASH HANDS.pt
ASL-Citizen/videos/7471307047082663-RIGHT 1.mp4,right1,291,features_cache/7471307047082663-RIGHT 1.pt
ASL-Citizen/videos/2041405674427914-HOSPITAL 2.mp4,hospital2,248,features_cache/2041405674427914-HOSPITAL 2.pt
ASL-Citizen/videos/3092044477927096-NEED.mp4,need,118,features_cache/3092044477927096-NEED.pt
ASL-Citizen/videos/963069598059435-COMPUTER.mp4,computer,113,features_cache/963069598059435-COMPUTER.pt
ASL-Citizen/videos/850046477301605-LOUD.mp4,loud,97,features_cache/850046477301605-LOUD.pt
ASL-Citizen/videos/9287154847825414-SORRY.mp4,sorry,7,features_cache/9287154847825414-SORRY.pt
ASL-Citizen/videos/8502061204129927-MILK.mp4,milk1,129,features_cache/8502061204129927-MILK.pt
ASL-Citizen/videos/7976564165646398-THANK YOU.mp4,thankyou,6,features_cache/7976564165646398-THANK YOU.pt
ASL-Citizen/videos/8668048115102265-CAN.mp4,can1,114,features_cache/8668048115102265-CAN.pt
ASL-Citizen/videos/9289162972014433-INSIDE.mp4,inside,257,features_cache/9289162972014433-INSIDE.pt
ASL-Citizen/videos/6011963240610463-THIRSTY.mp4,thirsty,205,features_cache/6011963240610463-THIRSTY.pt
ASL-Citizen/videos/7931075492698656-NO.mp4,no,9,features_cache/7931075492698656-NO.pt
ASL-Citizen/videos/11695712459013086-READ.mp4,read,134,features_cache/11695712459013086-READ.pt
ASL-Citizen/videos/06598627912514266-JUICE 1.mp4,juice2,128,features_cache/06598627912514266-JUICE 1.pt
ASL-Citizen/videos/3365063400152095-SEVEN.mp4,seven,201,features_cache/3365063400152095-SEVEN.pt
ASL-Citizen/videos/43346647789068493-DONT MIND.mp4,dontmind,193,features_cache/43346647789068493-DONT MIND.pt
ASL-Citizen/videos/05870571522457291-WORK.mp4,work,67,features_cache/05870571522457291-WORK.pt
ASL-Citizen/videos/43438530362822236-MOUTH.mp4,mouth,111,features_cache/43438530362822236-MOUTH.pt
ASL-Citizen/videos/3717290400941915-DONT KNOW.mp4,dontknow,191,features_cache/3717290400941915-DONT KNOW.pt
ASL-Citizen/videos/20589445844573828-HOLIDAY.mp4,holiday,253,features_cache/20589445844573828-HOLIDAY.pt
ASL-Citizen/videos/5361878284892854-NINE.mp4,nine,203,features_cache/5361878284892854-NINE.pt
ASL-Citizen/videos/06629654284959208-FINISH.mp4,finish,120,features_cache/06629654284959208-FINISH.pt
ASL-Citizen/videos/32849174412191484-TIRED OF.mp4,tiredof,94,features_cache/32849174412191484-TIRED OF.pt
ASL-Citizen/videos/2338364534722246-TALK.mp4,talk1,88,features_cache/2338364534722246-TALK.pt
ASL-Citizen/videos/7299815399995921-POLICEMAN.mp4,policeman1,152,features_cache/7299815399995921-POLICEMAN.pt
ASL-Citizen/videos/2873906281001528-ONCE.mp4,once,280,features_cache/2873906281001528-ONCE.pt
ASL-Citizen/videos/34578236274097507-FINE 2.mp4,fine2,226,features_cache/34578236274097507-FINE 2.pt
ASL-Citizen/videos/9343595032367136-BOXING.mp4,boxing,140,features_cache/9343595032367136-BOXING.pt
ASL-Citizen/videos/026060585634413602-HOW 2.mp4,how2,42,features_cache/026060585634413602-HOW 2.pt
ASL-Citizen/videos/0722663056354409-MONTH.mp4,month,60,features_cache/0722663056354409-MONTH.pt
ASL-Citizen/videos/9429498821343945-OUTSIDE.mp4,outside,259,features_cache/9429498821343945-OUTSIDE.pt
ASL-Citizen/videos/9323264704731735-HEAR 2.mp4,hear2,22,features_cache/9323264704731735-HEAR 2.pt
ASL-Citizen/videos/06611081931317031-CAR ACCIDENT.mp4,caraccident,141,features_cache/06611081931317031-CAR ACCIDENT.pt
ASL-Citizen/videos/7119510901130186-SIDE.mp4,side,87,features_cache/7119510901130186-SIDE.pt
ASL-Citizen/videos/2822221615788185-DONT KNOW.mp4,dontknow,191,features_cache/2822221615788185-DONT KNOW.pt
ASL-Citizen/videos/14977560149610625-CAR ACCIDENT.mp4,caraccident,141,features_cache/14977560149610625-CAR ACCIDENT.pt
ASL-Citizen/videos/9570620773523597-BECAUSE.mp4,because,124,features_cache/9570620773523597-BECAUSE.pt
ASL-Citizen/videos/7900911424562513-QUIET.mp4,quiet,287,features_cache/7900911424562513-QUIET.pt
ASL-Citizen/videos/2651891012212624-TOMORROW.mp4,tomorrow,51,features_cache/2651891012212624-TOMORROW.pt
ASL-Citizen/videos/9320955915451894-TEAR.mp4,tear,177,features_cache/9320955915451894-TEAR.pt
ASL-Citizen/videos/912103927697592-NIGHT.mp4,night1,56,features_cache/912103927697592-NIGHT.pt
ASL-Citizen/videos/9523632729627658-MILK.mp4,milk1,129,features_cache/9523632729627658-MILK.pt
ASL-Citizen/videos/9565332233790493-HOME.mp4,home,47,features_cache/9565332233790493-HOME.pt
ASL-Citizen/videos/6451705780589494-WHAT 2.mp4,what1,11,features_cache/6451705780589494-WHAT 2.pt
ASL-Citizen/videos/45433144117409885-UP.mp4,up,271,features_cache/45433144117409885-UP.pt
ASL-Citizen/videos/8473585521435789-GUM.mp4,gum,228,features_cache/8473585521435789-GUM.pt
ASL-Citizen/videos/5477484945014501-HE.mp4,he,236,features_cache/5477484945014501-HE.pt
ASL-Citizen/videos/7988335742468131-FOURTH.mp4,fourth,222,features_cache/7988335742468131-FOURTH.pt
ASL-Citizen/videos/37419038878511945-SICK.mp4,sick,95,features_cache/37419038878511945-SICK.pt
ASL-Citizen/videos/08438571086456759-SKIRT.mp4,skirt,167,features_cache/08438571086456759-SKIRT.pt
ASL-Citizen/videos/5948912677856568-GOOD.mp4,good,3,features_cache/5948912677856568-GOOD.pt
ASL-Citizen/videos/975925940498656-COME HERE.mp4,comehere,72,features_cache/975925940498656-COME HERE.pt
ASL-Citizen/videos/250579426738303-YEAR.mp4,year,61,features_cache/250579426738303-YEAR.pt
ASL-Citizen/videos/3024905929711159-DINNER 2.mp4,dinner2,171,features_cache/3024905929711159-DINNER 2.pt
ASL-Citizen/videos/8762599439627337-HOLD.mp4,hold1,251,features_cache/8762599439627337-HOLD.pt
ASL-Citizen/videos/9368058962952406-CAN.mp4,can1,114,features_cache/9368058962952406-CAN.pt
ASL-Citizen/videos/3790733585897841-seedTHANK YOU.mp4,thankyou,6,features_cache/3790733585897841-seedTHANK YOU.pt
ASL-Citizen/videos/35815086162921017-WHEN.mp4,when,38,features_cache/35815086162921017-WHEN.pt
ASL-Citizen/videos/7388125968431167-SMALL.mp4,small,155,features_cache/7388125968431167-SMALL.pt
ASL-Citizen/videos/05380133343527227-RIGHT 2.mp4,right2,292,features_cache/05380133343527227-RIGHT 2.pt
ASL-Citizen/videos/06117592760150714-FACE.mp4,face,250,features_cache/06117592760150714-FACE.pt
ASL-Citizen/videos/3918678808994427-HOLD.mp4,hold1,251,features_cache/3918678808994427-HOLD.pt
ASL-Citizen/videos/2728176580341968-MORNING.mp4,morning,55,features_cache/2728176580341968-MORNING.pt
ASL-Citizen/videos/5018242902938022-HELLO.mp4,hello,0,features_cache/5018242902938022-HELLO.pt
ASL-Citizen/videos/37099283998760124-LOST.mp4,lost,274,features_cache/37099283998760124-LOST.pt
ASL-Citizen/videos/5864865260839869-PULL.mp4,pull,284,features_cache/5864865260839869-PULL.pt
ASL-Citizen/videos/25413373086933655-READ.mp4,read,134,features_cache/25413373086933655-READ.pt
ASL-Citizen/videos/7436952444697802-BIG.mp4,big,156,features_cache/7436952444697802-BIG.pt
ASL-Citizen/videos/11602584204332778-THURSDAY.mp4,thursday,262,features_cache/11602584204332778-THURSDAY.pt
ASL-Citizen/videos/683562173601701-EAT 2.mp4,eat2,63,features_cache/683562173601701-EAT 2.pt
ASL-Citizen/videos/3999900625144055-DINNER.mp4,dinner1,170,features_cache/3999900625144055-DINNER.pt
ASL-Citizen/videos/6842424617356997-ONCE.mp4,once,280,features_cache/6842424617356997-ONCE.pt
ASL-Citizen/videos/627055844532713-SHORTS.mp4,shorts,160,features_cache/627055844532713-SHORTS.pt
ASL-Citizen/videos/28521976011786565-FISH.mp4,fish,217,features_cache/28521976011786565-FISH.pt
ASL-Citizen/videos/9035035641279456-TALK 2.mp4,talk2,89,features_cache/9035035641279456-TALK 2.pt
ASL-Citizen/videos/07128613198470624-WOMAN.mp4,woman1,31,features_cache/07128613198470624-WOMAN.pt
ASL-Citizen/videos/23704226155102037-IMPROVE.mp4,improve,154,features_cache/23704226155102037-IMPROVE.pt
ASL-Citizen/videos/16499691175444786-HOSPITAL.mp4,hospital1,247,features_cache/16499691175444786-HOSPITAL.pt
ASL-Citizen/videos/014645203437414933-SHORT DISTANCE.mp4,shortdistance,158,features_cache/014645203437414933-SHORT DISTANCE.pt
ASL-Citizen/videos/2512842653606113-CAN.mp4,can1,114,features_cache/2512842653606113-CAN.pt
ASL-Citizen/videos/29872450360285696-BOOK.mp4,book,108,features_cache/29872450360285696-BOOK.pt
ASL-Citizen/videos/4096147054343935-PLEASE.mp4,please,5,features_cache/4096147054343935-PLEASE.pt
ASL-Citizen/videos/7176509553520993-BLUE.mp4,blue,148,features_cache/7176509553520993-BLUE.pt
ASL-Citizen/videos/5169212541197368-UNDERSTAND.mp4,understand,79,features_cache/5169212541197368-UNDERSTAND.pt
ASL-Citizen/videos/5138337533446511-seedSUNDAY.mp4,sunday,268,features_cache/5138337533446511-seedSUNDAY.pt
ASL-Citizen/videos/607912894816343-EIGHT.mp4,eight,202,features_cache/607912894816343-EIGHT.pt
ASL-Citizen/videos/7693637621777547-QM.mp4,qm,285,features_cache/7693637621777547-QM.pt
ASL-Citizen/videos/6826540772440661-MONTH.mp4,month,60,features_cache/6826540772440661-MONTH.pt
ASL-Citizen/videos/21176290265956887-NOT UNDERSTAND.mp4,notunderstand,269,features_cache/21176290265956887-NOT UNDERSTAND.pt
ASL-Citizen/videos/9788744210187619-NEED.mp4,need,118,features_cache/9788744210187619-NEED.pt
ASL-Citizen/videos/778236056100299-WEEK.mp4,week,58,features_cache/778236056100299-WEEK.pt
ASL-Citizen/videos/38251779743323233-SHOP 1.mp4,shop2,103,features_cache/38251779743323233-SHOP 1.pt
ASL-Citizen/videos/530531684380597-WANT.mp4,want2,101,features_cache/530531684380597-WANT.pt
ASL-Citizen/videos/6182035055663968-LOCK 3.mp4,lock3,186,features_cache/6182035055663968-LOCK 3.pt
ASL-Citizen/videos/46036430955804875-FEW.mp4,few,1,features_cache/46036430955804875-FEW.pt
ASL-Citizen/videos/38740819262808057-SHORTS.mp4,shorts,160,features_cache/38740819262808057-SHORTS.pt
ASL-Citizen/videos/6922819981617203-STOP.mp4,stop,300,features_cache/6922819981617203-STOP.pt
ASL-Citizen/videos/38804481708288274-MONEY 2.mp4,money2,110,features_cache/38804481708288274-MONEY 2.pt
ASL-Citizen/videos/22945928821382489-HOUSE.mp4,house,48,features_cache/22945928821382489-HOUSE.pt
ASL-Citizen/videos/28345018210378314-RAINBOW.mp4,rainbow,207,features_cache/28345018210378314-RAINBOW.pt
ASL-Citizen/videos/9541613491243199-WATER.mp4,water,112,features_cache/9541613491243199-WATER.pt
ASL-Citizen/videos/677386009297865-YOU.mp4,you,14,features_cache/677386009297865-YOU.pt
ASL-Citizen/videos/4167470011411938-MUST.mp4,must,117,features_cache/4167470011411938-MUST.pt
ASL-Citizen/videos/9011383257321102-LONG LINE.mp4,longline,181,features_cache/9011383257321102-LONG LINE.pt
ASL-Citizen/videos/43267198903404314-TALK 2.mp4,talk2,89,features_cache/43267198903404314-TALK 2.pt
ASL-Citizen/videos/8587920038364816-UNDER.mp4,under,270,features_cache/8587920038364816-UNDER.pt
ASL-Citizen/videos/630808533350824-seedLOCK 3.mp4,lock3,186,features_cache/630808533350824-seedLOCK 3.pt
ASL-Citizen/videos/2072166480164903-BLUE.mp4,blue,148,features_cache/2072166480164903-BLUE.pt
ASL-Citizen/videos/5695540664061918-HIS.mp4,his,20,features_cache/5695540664061918-HIS.pt
ASL-Citizen/videos/15921525116787727-OUTSIDE.mp4,outside,259,features_cache/15921525116787727-OUTSIDE.pt
ASL-Citizen/videos/8411284507702201-WANT 2.mp4,want1,100,features_cache/8411284507702201-WANT 2.pt
ASL-Citizen/videos/07732970042675213-HAPPY.mp4,happy,90,features_cache/07732970042675213-HAPPY.pt
ASL-Citizen/videos/021155387754881794-REMEMBER 2.mp4,remember1,80,features_cache/021155387754881794-REMEMBER 2.pt
ASL-Citizen/videos/4339929457756364-DINNER.mp4,dinner1,170,features_cache/4339929457756364-DINNER.pt
ASL-Citizen/videos/042231222091656306-FIFTH.mp4,fifth,223,features_cache/042231222091656306-FIFTH.pt
ASL-Citizen/videos/03811374335244233-SHOP.mp4,shop1,102,features_cache/03811374335244233-SHOP.pt
ASL-Citizen/videos/4261844758894282-WHEN.mp4,when,38,features_cache/4261844758894282-WHEN.pt
ASL-Citizen/videos/6263592697582419-LOCK.mp4,lock1,184,features_cache/6263592697582419-LOCK.pt
ASL-Citizen/videos/16214330640044716-VACATION.mp4,vacation,125,features_cache/16214330640044716-VACATION.pt
ASL-Citizen/videos/8691068748116906-GIVE.mp4,give,227,features_cache/8691068748116906-GIVE.pt
ASL-Citizen/videos/9144945983052017-JUICE 1.mp4,juice2,128,features_cache/9144945983052017-JUICE 1.pt
ASL-Citizen/videos/22711726624655904-THUNDER.mp4,thunder,261,features_cache/22711726624655904-THUNDER.pt
ASL-Citizen/videos/41679860029094606-SHOT.mp4,shot,162,features_cache/41679860029094606-SHOT.pt
ASL-Citizen/videos/4854859087495569-DONT KNOW.mp4,dontknow,191,features_cache/4854859087495569-DONT KNOW.pt
ASL-Citizen/videos/10496700688928162-GO.mp4,go,70,features_cache/10496700688928162-GO.pt
ASL-Citizen/videos/5740123957022387-BREAD.mp4,bread,138,features_cache/5740123957022387-BREAD.pt
ASL-Citizen/videos/011175649465755777-MONDAY.mp4,monday,263,features_cache/011175649465755777-MONDAY.pt
ASL-Citizen/videos/5172936678432556-CAN 2.mp4,can2,115,features_cache/5172936678432556-CAN 2.pt
ASL-Citizen/videos/3766457519527884-TIRED.mp4,tired,93,features_cache/3766457519527884-TIRED.pt
ASL-Citizen/videos/2983145121028361-ANGRY.mp4,angry,92,features_cache/2983145121028361-ANGRY.pt
ASL-Citizen/videos/4444176110924285-WORK.mp4,work,67,features_cache/4444176110924285-WORK.pt
ASL-Citizen/videos/5956139983741693-PLEASE.mp4,please,5,features_cache/5956139983741693-PLEASE.pt
ASL-Citizen/videos/3996477495680457-COME HERE.mp4,comehere,72,features_cache/3996477495680457-COME HERE.pt
ASL-Citizen/videos/5016352016219428-MOTHER.mp4,mother,33,features_cache/5016352016219428-MOTHER.pt
ASL-Citizen/videos/6320803498973331-DONT NEED.mp4,dontneed,194,features_cache/6320803498973331-DONT NEED.pt
ASL-Citizen/videos/24193734646812537-YESTERDAY.mp4,yesterday,52,features_cache/24193734646812537-YESTERDAY.pt
ASL-Citizen/videos/9223717770356663-FRIDAY.mp4,friday,266,features_cache/9223717770356663-FRIDAY.pt
ASL-Citizen/videos/6172830148886315-THEY.mp4,they1,23,features_cache/6172830148886315-THEY.pt
ASL-Citizen/videos/7872066695539279-STUDY.mp4,study,69,features_cache/7872066695539279-STUDY.pt
ASL-Citizen/videos/5760178601716144-SKIN.mp4,skin,166,features_cache/5760178601716144-SKIN.pt
ASL-Citizen/videos/49992818267507855-WASH FACE_1.mp4,washface1,237,features_cache/49992818267507855-WASH FACE_1.pt
ASL-Citizen/videos/8905841042232867-RESTAURANT.mp4,restaurant,104,features_cache/8905841042232867-RESTAURANT.pt
ASL-Citizen/videos/26212242869528013-THINK.mp4,think,78,features_cache/26212242869528013-THINK.pt
ASL-Citizen/videos/5010583939486188-THERE.mp4,there,46,features_cache/5010583939486188-THERE.pt
ASL-Citizen/videos/16505518745335013-THIRD.mp4,third1,220,features_cache/16505518745335013-THIRD.pt
ASL-Citizen/videos/6558588806527506-LONG.mp4,long,179,features_cache/6558588806527506-LONG.pt
ASL-Citizen/videos/1330989470988182-DONT LIKE.mp4,dontlike,192,features_cache/1330989470988182-DONT LIKE.pt
ASL-Citizen/videos/6874791203026538-DINNER 2.mp4,dinner2,171,features_cache/6874791203026538-DINNER 2.pt
ASL-Citizen/videos/6756383681583675-DRINK 2.mp4,drink2,65,features_cache/6756383681583675-DRINK 2.pt
ASL-Citizen/videos/44146024789241256-YES.mp4,yes,8,features_cache/44146024789241256-YES.pt
ASL-Citizen/videos/9085692028177397-WANT 2.mp4,want1,100,features_cache/9085692028177397-WANT 2.pt
ASL-Citizen/videos/9564458294519342-BALL.mp4,ball,210,features_cache/9564458294519342-BALL.pt
ASL-Citizen/videos/9534967905810616-HAIR.mp4,hair1,229,features_cache/9534967905810616-HAIR.pt
ASL-Citizen/videos/4996965960691149-TINY.mp4,tiny,157,features_cache/4996965960691149-TINY.pt
ASL-Citizen/videos/8154134681991625-EXCITED.mp4,excited,96,features_cache/8154134681991625-EXCITED.pt
ASL-Citizen/videos/10824703695908644-DONT CARE.mp4,dontcare,189,features_cache/10824703695908644-DONT CARE.pt
ASL-Citizen/videos/4159725809241799-TALK 2.mp4,talk2,89,features_cache/4159725809241799-TALK 2.pt
ASL-Citizen/videos/081380748015633-HELLO.mp4,hello,0,features_cache/081380748015633-HELLO.pt
ASL-Citizen/videos/16953611487918496-SHORT DISTANCE.mp4,shortdistance,158,features_cache/16953611487918496-SHORT DISTANCE.pt
ASL-Citizen/videos/3430334797116503-TALK 2.mp4,talk2,89,features_cache/3430334797116503-TALK 2.pt
ASL-Citizen/videos/12849304279161577-seedWHITE.mp4,white,144,features_cache/12849304279161577-seedWHITE.pt
ASL-Citizen/videos/1788921553709799-WHO.mp4,who,13,features_cache/1788921553709799-WHO.pt
ASL-Citizen/videos/2418332359492794-FISH.mp4,fish,217,features_cache/2418332359492794-FISH.pt
ASL-Citizen/videos/5925379456803745-seedHERE.mp4,here,45,features_cache/5925379456803745-seedHERE.pt
ASL-Citizen/videos/9479587882463862-SEE.mp4,see,200,features_cache/9479587882463862-SEE.pt
ASL-Citizen/videos/1493429103533752-LISTEN.mp4,listen,133,features_cache/1493429103533752-LISTEN.pt
ASL-Citizen/videos/19204130312234513-TALK.mp4,talk1,88,features_cache/19204130312234513-TALK.pt
ASL-Citizen/videos/12345398384486539-PURPLE.mp4,purple,286,features_cache/12345398384486539-PURPLE.pt
ASL-Citizen/videos/6488229067861013-THURSDAY.mp4,thursday,262,features_cache/6488229067861013-THURSDAY.pt
ASL-Citizen/videos/7328260605453549-PLEASE.mp4,please,5,features_cache/7328260605453549-PLEASE.pt
ASL-Citizen/videos/2597508467759426-DRINK.mp4,drink1,64,features_cache/2597508467759426-DRINK.pt
ASL-Citizen/videos/05171855154691851-BLACK.mp4,black,145,features_cache/05171855154691851-BLACK.pt
ASL-Citizen/videos/7411812838219494-DONT FEEL_LIKE.mp4,dontfeellike,190,features_cache/7411812838219494-DONT FEEL_LIKE.pt
ASL-Citizen/videos/9433341715370007-RED.mp4,red,147,features_cache/9433341715370007-RED.pt
ASL-Citizen/videos/007894696379261434-HAT.mp4,hat1,233,features_cache/007894696379261434-HAT.pt
ASL-Citizen/videos/30730411657022505-POLICEMAN.mp4,policeman1,152,features_cache/30730411657022505-POLICEMAN.pt
ASL-Citizen/videos/3795742180464281-seedFOR.mp4,for,215,features_cache/3795742180464281-seedFOR.pt
ASL-Citizen/videos/46005351531190786-WHAT 2.mp4,what1,11,features_cache/46005351531190786-WHAT 2.pt
ASL-Citizen/videos/3377658876876861-TIRED.mp4,tired,93,features_cache/3377658876876861-TIRED.pt
ASL-Citizen/videos/7879866798922832-PEN.mp4,pen,281,features_cache/7879866798922832-PEN.pt
ASL-Citizen/videos/09891286692753609-SCHOOL.mp4,school,49,features_cache/09891286692753609-SCHOOL.pt
ASL-Citizen/videos/0037424501970932944-CAN 2.mp4,can2,115,features_cache/0037424501970932944-CAN 2.pt
ASL-Citizen/videos/7960254170794894-TALL.mp4,tall2,176,features_cache/7960254170794894-TALL.pt
ASL-Citizen/videos/886734197349303-RIGHT 1.mp4,right1,291,features_cache/886734197349303-RIGHT 1.pt
ASL-Citizen/videos/4808432671556586-FACE.mp4,face,250,features_cache/4808432671556586-FACE.pt
ASL-Citizen/videos/07042988053470389-ON.mp4,on,279,features_cache/07042988053470389-ON.pt
ASL-Citizen/videos/2693749178328251-QM.mp4,qm,285,features_cache/2693749178328251-QM.pt
ASL-Citizen/videos/4219284432732393-WAIT.mp4,wait,76,features_cache/4219284432732393-WAIT.pt
ASL-Citizen/videos/4308995349987492-COCONUT.mp4,coconut,132,features_cache/4308995349987492-COCONUT.pt
ASL-Citizen/videos/010326349350797237-THUNDER.mp4,thunder,261,features_cache/010326349350797237-THUNDER.pt
ASL-Citizen/videos/3448619139940019-LONG LINE.mp4,longline,181,features_cache/3448619139940019-LONG LINE.pt
ASL-Citizen/videos/4632797200971899-seedBASKETBALL.mp4,basketball2,212,features_cache/4632797200971899-seedBASKETBALL.pt
ASL-Citizen/videos/4625007353859467-COME OUT.mp4,comeout,73,features_cache/4625007353859467-COME OUT.pt
ASL-Citizen/videos/9434171694753406-DINNER.mp4,dinner1,170,features_cache/9434171694753406-DINNER.pt
ASL-Citizen/videos/5984192076174009-seedPHONE.mp4,phone,107,features_cache/5984192076174009-seedPHONE.pt
ASL-Citizen/videos/3677102000223409-PHONE.mp4,phone,107,features_cache/3677102000223409-PHONE.pt
ASL-Citizen/videos/5968956337805873-FROM.mp4,from,44,features_cache/5968956337805873-FROM.pt
ASL-Citizen/videos/07956221864875634-RING.mp4,ring,294,features_cache/07956221864875634-RING.pt
ASL-Citizen/videos/17785878821802203-CHEAT 1.mp4,cheat1,245,features_cache/17785878821802203-CHEAT 1.pt
ASL-Citizen/videos/7334018027524885-RELAX.mp4,relax1,288,features_cache/7334018027524885-RELAX.pt
ASL-Citizen/videos/0492773278942602-HAT.mp4,hat1,233,features_cache/0492773278942602-HAT.pt
ASL-Citizen/videos/276174445363798-RIGHT 2.mp4,right2,292,features_cache/276174445363798-RIGHT 2.pt
ASL-Citizen/videos/668598461596636-ONE.mp4,one,196,features_cache/668598461596636-ONE.pt
ASL-Citizen/videos/5154364941277441-OUTSIDE.mp4,outside,259,features_cache/5154364941277441-OUTSIDE.pt
ASL-Citizen/videos/19491879857557204-SKIRT.mp4,skirt,167,features_cache/19491879857557204-SKIRT.pt
ASL-Citizen/videos/12116265244052316-HEAR 2.mp4,hear2,22,features_cache/12116265244052316-HEAR 2.pt
ASL-Citizen/videos/6921792305251517-BASKETBALL 2.mp4,basketball3,213,features_cache/6921792305251517-BASKETBALL 2.pt
ASL-Citizen/videos/01973467612046309-SEE.mp4,see,200,features_cache/01973467612046309-SEE.pt
ASL-Citizen/videos/5624582876695992-LONG LINE.mp4,longline,181,features_cache/5624582876695992-LONG LINE.pt
ASL-Citizen/videos/8514286464052985-seedLEAVE.mp4,leave,74,features_cache/8514286464052985-seedLEAVE.pt
ASL-Citizen/videos/5415420016012211-FINISH.mp4,finish,120,features_cache/5415420016012211-FINISH.pt
ASL-Citizen/videos/9181226657270911-ANGRY.mp4,angry,92,features_cache/9181226657270911-ANGRY.pt
ASL-Citizen/videos/001544800216549902-FALL 2.mp4,fall2,174,features_cache/001544800216549902-FALL 2.pt
ASL-Citizen/videos/04272614054629775-JUICE 1.mp4,juice2,128,features_cache/04272614054629775-JUICE 1.pt
ASL-Citizen/videos/5942910381149817-THINK.mp4,think,78,features_cache/5942910381149817-THINK.pt
ASL-Citizen/videos/8200175379686574-RED.mp4,red,147,features_cache/8200175379686574-RED.pt
ASL-Citizen/videos/24878735355099968-seedFOURTH.mp4,fourth,222,features_cache/24878735355099968-seedFOURTH.pt
ASL-Citizen/videos/8692062366289219-QM.mp4,qm,285,features_cache/8692062366289219-QM.pt
ASL-Citizen/videos/2738313384208273-WASH FACE_1.mp4,washface1,237,features_cache/2738313384208273-WASH FACE_1.pt
ASL-Citizen/videos/9618808117704574-HUG.mp4,hug,254,features_cache/9618808117704574-HUG.pt
ASL-Citizen/videos/9374459830339534-HOTEL.mp4,hotel,105,features_cache/9374459830339534-HOTEL.pt
ASL-Citizen/videos/16099487151956193-BASKETBALL.mp4,basketball1,211,features_cache/16099487151956193-BASKETBALL.pt
ASL-Citizen/videos/3763130601407074-THIRD.mp4,third1,220,features_cache/3763130601407074-THIRD.pt
ASL-Citizen/videos/7220672872802028-MAN.mp4,man,30,features_cache/7220672872802028-MAN.pt
ASL-Citizen/videos/05508431578415407-MILK.mp4,milk1,129,features_cache/05508431578415407-MILK.pt
ASL-Citizen/videos/6936039479099299-PLEASE.mp4,please,5,features_cache/6936039479099299-PLEASE.pt
ASL-Citizen/videos/28692443991691774-PINK.mp4,pink,146,features_cache/28692443991691774-PINK.pt
ASL-Citizen/videos/7352370783302591-MAN.mp4,man,30,features_cache/7352370783302591-MAN.pt
ASL-Citizen/videos/5822780189597514-RUN 2.mp4,run2,296,features_cache/5822780189597514-RUN 2.pt
ASL-Citizen/videos/24035965331207243-RIGHT 2.mp4,right2,292,features_cache/24035965331207243-RIGHT 2.pt
ASL-Citizen/videos/639566277780208-MY.mp4,my,16,features_cache/639566277780208-MY.pt
ASL-Citizen/videos/6579910748368425-WASH 3.mp4,wash2,242,features_cache/6579910748368425-WASH 3.pt
ASL-Citizen/videos/06570116763195677-HAIRCUT.mp4,haircut,231,features_cache/06570116763195677-HAIRCUT.pt
ASL-Citizen/videos/4600508496206903-REST.mp4,rest,290,features_cache/4600508496206903-REST.pt
ASL-Citizen/videos/5277295186936042-TEETH.mp4,teeth,204,features_cache/5277295186936042-TEETH.pt
ASL-Citizen/videos/11012131032993677-SHOUT.mp4,shout1,164,features_cache/11012131032993677-SHOUT.pt
ASL-Citizen/videos/7111759931158141-FROM.mp4,from,44,features_cache/7111759931158141-FROM.pt
ASL-Citizen/videos/9143992286200735-LOCK 3.mp4,lock3,186,features_cache/9143992286200735-LOCK 3.pt
ASL-Citizen/videos/6099837370552477-WATER.mp4,water,112,features_cache/6099837370552477-WATER.pt
ASL-Citizen/videos/5562889267642712-IMPROVE.mp4,improve,154,features_cache/5562889267642712-IMPROVE.pt
ASL-Citizen/videos/24433039383511956-SNOW.mp4,snow1,208,features_cache/24433039383511956-SNOW.pt
ASL-Citizen/videos/31575242231727185-LOUD.mp4,loud,97,features_cache/31575242231727185-LOUD.pt
ASL-Citizen/videos/8541775080100544-INSIDE.mp4,inside,257,features_cache/8541775080100544-INSIDE.pt
ASL-Citizen/videos/8981918903910342-THINK.mp4,think,78,features_cache/8981918903910342-THINK.pt
ASL-Citizen/videos/8989506712887576-NINE.mp4,nine,203,features_cache/8989506712887576-NINE.pt
ASL-Citizen/videos/9686366802346005-PEN.mp4,pen,281,features_cache/9686366802346005-PEN.pt
ASL-Citizen/videos/027943741120679322-SHORTS.mp4,shorts,160,features_cache/027943741120679322-SHORTS.pt
ASL-Citizen/videos/9471270123442896-READY.mp4,ready,135,features_cache/9471270123442896-READY.pt
ASL-Citizen/videos/354310345503982-WHICH.mp4,which,43,features_cache/354310345503982-WHICH.pt
ASL-Citizen/videos/35682230845078644-HEAR 1.mp4,hear1,21,features_cache/35682230845078644-HEAR 1.pt
ASL-Citizen/videos/8587860632608004-TIRED OF.mp4,tiredof,94,features_cache/8587860632608004-TIRED OF.pt
ASL-Citizen/videos/00717587882424664-COMPUTER.mp4,computer,113,features_cache/00717587882424664-COMPUTER.pt
ASL-Citizen/videos/09905526235759088-YES.mp4,yes,8,features_cache/09905526235759088-YES.pt
ASL-Citizen/videos/3878260902223658-EAT.mp4,eat1,62,features_cache/3878260902223658-EAT.pt
ASL-Citizen/videos/6029510911775184-FIFTH.mp4,fifth,223,features_cache/6029510911775184-FIFTH.pt
ASL-Citizen/videos/5813412743225945-THERE.mp4,there,46,features_cache/5813412743225945-THERE.pt
ASL-Citizen/videos/13318395266570393-SHOT.mp4,shot,162,features_cache/13318395266570393-SHOT.pt
ASL-Citizen/videos/47159317110194854-seedTHIRD.mp4,third1,220,features_cache/47159317110194854-seedTHIRD.pt
ASL-Citizen/videos/29833833733426673-BOOK.mp4,book,108,features_cache/29833833733426673-BOOK.pt
ASL-Citizen/videos/43234510854275543-EAT.mp4,eat1,62,features_cache/43234510854275543-EAT.pt
ASL-Citizen/videos/7720796120109821-HAVE.mp4,have,235,features_cache/7720796120109821-HAVE.pt
ASL-Citizen/videos/3826611907286055-LOVE.mp4,love,98,features_cache/3826611907286055-LOVE.pt
ASL-Citizen/videos/17987062708093315-YELLOW.mp4,yellow,150,features_cache/17987062708093315-YELLOW.pt
ASL-Citizen/videos/7932042062420475-NO.mp4,no,9,features_cache/7932042062420475-NO.pt
ASL-Citizen/videos/16031148929276173-LONG.mp4,long,179,features_cache/16031148929276173-LONG.pt
ASL-Citizen/videos/5668911744750962-LONG AGO.mp4,longago,180,features_cache/5668911744750962-LONG AGO.pt
ASL-Citizen/videos/8027754389454298-THEY 2.mp4,they2,24,features_cache/8027754389454298-THEY 2.pt
ASL-Citizen/videos/5529098065973328-FOURTH.mp4,fourth,222,features_cache/5529098065973328-FOURTH.pt
ASL-Citizen/videos/7526397871563109-WASH FACE_2.mp4,washface2,238,features_cache/7526397871563109-WASH FACE_2.pt
ASL-Citizen/videos/0484770172692337-NINE.mp4,nine,203,features_cache/0484770172692337-NINE.pt
ASL-Citizen/videos/7978148883267386-RUN 2.mp4,run2,296,features_cache/7978148883267386-RUN 2.pt
ASL-Citizen/videos/07251820752596849-LONG.mp4,long,179,features_cache/07251820752596849-LONG.pt
ASL-Citizen/videos/829688179712341-SMALL.mp4,small,155,features_cache/829688179712341-SMALL.pt
ASL-Citizen/videos/0756193896626629-GIVE.mp4,give,227,features_cache/0756193896626629-GIVE.pt
ASL-Citizen/videos/9602382434025052-PULL.mp4,pull,284,features_cache/9602382434025052-PULL.pt
ASL-Citizen/videos/07611885613732006-ARRIVE.mp4,arrive,75,features_cache/07611885613732006-ARRIVE.pt
ASL-Citizen/videos/7927442094923591-FISHING.mp4,fishing1,218,features_cache/7927442094923591-FISHING.pt
ASL-Citizen/videos/3537643510450983-seedQUIET.mp4,quiet,287,features_cache/3537643510450983-seedQUIET.pt
ASL-Citizen/videos/49578083878868284-FRIEND.mp4,friend,26,features_cache/49578083878868284-FRIEND.pt
ASL-Citizen/videos/6287775786430216-WORK.mp4,work,67,features_cache/6287775786430216-WORK.pt
ASL-Citizen/videos/10255956777193664-seedFROM.mp4,from,44,features_cache/10255956777193664-seedFROM.pt
ASL-Citizen/videos/5132756077874947-WHY.mp4,why,39,features_cache/5132756077874947-WHY.pt
ASL-Citizen/videos/7769434916738955-EAT.mp4,eat1,62,features_cache/7769434916738955-EAT.pt
ASL-Citizen/videos/10080468716279833-seedPLAY.mp4,play,68,features_cache/10080468716279833-seedPLAY.pt
ASL-Citizen/videos/33722796166223934-MILK.mp4,milk1,129,features_cache/33722796166223934-MILK.pt
ASL-Citizen/videos/7461257731188731-HOW 2.mp4,how2,42,features_cache/7461257731188731-HOW 2.pt
ASL-Citizen/videos/012208201571658694-VACATION.mp4,vacation,125,features_cache/012208201571658694-VACATION.pt
ASL-Citizen/videos/5377892134029947-THUNDER.mp4,thunder,261,features_cache/5377892134029947-THUNDER.pt
ASL-Citizen/videos/5103119062326273-CANNOT.mp4,cannot,116,features_cache/5103119062326273-CANNOT.pt
ASL-Citizen/videos/9265869776877644-FATHER.mp4,father,34,features_cache/9265869776877644-FATHER.pt
ASL-Citizen/videos/6469023733592276-FEW.mp4,few,1,features_cache/6469023733592276-FEW.pt
ASL-Citizen/videos/6109130149107569-THIRD 2.mp4,third2,221,features_cache/6109130149107569-THIRD 2.pt
ASL-Citizen/videos/9133589855079114-BYE.mp4,bye,2,features_cache/9133589855079114-BYE.pt
ASL-Citizen/videos/028806526364878682-YEAR.mp4,year,61,features_cache/028806526364878682-YEAR.pt
ASL-Citizen/videos/577766072751148-THURSDAY.mp4,thursday,262,features_cache/577766072751148-THURSDAY.pt
ASL-Citizen/videos/21241162220237553-QUIET.mp4,quiet,287,features_cache/21241162220237553-QUIET.pt
ASL-Citizen/videos/39425766670939555-THANK YOU.mp4,thankyou,6,features_cache/39425766670939555-THANK YOU.pt
ASL-Citizen/videos/5274900071530819-CAN 2.mp4,can2,115,features_cache/5274900071530819-CAN 2.pt
ASL-Citizen/videos/7821457095653572-EAT 2.mp4,eat2,63,features_cache/7821457095653572-EAT 2.pt
ASL-Citizen/videos/9902995590504236-YOU.mp4,you,14,features_cache/9902995590504236-YOU.pt
ASL-Citizen/videos/058028396929236115-ON.mp4,on,279,features_cache/058028396929236115-ON.pt
ASL-Citizen/videos/3939231632516893-SHOWER.mp4,shower,86,features_cache/3939231632516893-SHOWER.pt
ASL-Citizen/videos/12687507105344076-COME HERE.mp4,comehere,72,features_cache/12687507105344076-COME HERE.pt
ASL-Citizen/videos/8714681333901435-HOLIDAY.mp4,holiday,253,features_cache/8714681333901435-HOLIDAY.pt
ASL-Citizen/videos/7924736335453846-YOU.mp4,you,14,features_cache/7924736335453846-YOU.pt
ASL-Citizen/videos/8670807918272196-ICECREAM.mp4,icecream,187,features_cache/8670807918272196-ICECREAM.pt
ASL-Citizen/videos/9056991774327465-RELAX 2.mp4,relax2,289,features_cache/9056991774327465-RELAX 2.pt
ASL-Citizen/videos/56137668352089-TODAY.mp4,today,50,features_cache/56137668352089-TODAY.pt
ASL-Citizen/videos/9759813192587696-OK.mp4,ok,136,features_cache/9759813192587696-OK.pt
ASL-Citizen/videos/3652933102269593-THREE.mp4,three,198,features_cache/3652933102269593-THREE.pt
ASL-Citizen/videos/2488344230284416-HARD.mp4,hard,232,features_cache/2488344230284416-HARD.pt
ASL-Citizen/videos/17569839562454304-SHOW.mp4,show,85,features_cache/17569839562454304-SHOW.pt
ASL-Citizen/videos/9432574110287932-seedBASKETBALL.mp4,basketball1,211,features_cache/9432574110287932-seedBASKETBALL.pt
ASL-Citizen/videos/4629799276503057-YOUR.mp4,your,18,features_cache/4629799276503057-YOUR.pt
ASL-Citizen/videos/9359906689689883-LIKE.mp4,like,99,features_cache/9359906689689883-LIKE.pt
ASL-Citizen/videos/8364442922972546-BOOK.mp4,book,108,features_cache/8364442922972546-BOOK.pt
ASL-Citizen/videos/39734251970462897-YOU.mp4,you,14,features_cache/39734251970462897-YOU.pt
ASL-Citizen/videos/7604307686073668-COFFEE.mp4,coffee,131,features_cache/7604307686073668-COFFEE.pt
ASL-Citizen/videos/8085700707650647-HERE.mp4,here,45,features_cache/8085700707650647-HERE.pt
ASL-Citizen/videos/4578432480382433-POLICEMAN 2.mp4,policeman2,153,features_cache/4578432480382433-POLICEMAN 2.pt
ASL-Citizen/videos/6328147846440941-WHEN.mp4,when,38,features_cache/6328147846440941-WHEN.pt
ASL-Citizen/videos/6972641746690567-FISHING 2.mp4,fishing2,219,features_cache/6972641746690567-FISHING 2.pt
ASL-Citizen/videos/000928176035387196-ONCE.mp4,once,280,features_cache/000928176035387196-ONCE.pt
ASL-Citizen/videos/8671480886168847-YESTERDAY.mp4,yesterday,52,features_cache/8671480886168847-YESTERDAY.pt
ASL-Citizen/videos/16614537368890558-UNDER.mp4,under,270,features_cache/16614537368890558-UNDER.pt
ASL-Citizen/videos/4974799671016843-LOCK.mp4,lock1,184,features_cache/4974799671016843-LOCK.pt
ASL-Citizen/videos/9036471590989446-SLEEP.mp4,sleep,66,features_cache/9036471590989446-SLEEP.pt
ASL-Citizen/videos/34590449046155713-FRIDAY.mp4,friday,266,features_cache/34590449046155713-FRIDAY.pt
ASL-Citizen/videos/41161724295860713-BOY.mp4,boy,28,features_cache/41161724295860713-BOY.pt
ASL-Citizen/videos/24877597227607584-COME OUT.mp4,comeout,73,features_cache/24877597227607584-COME OUT.pt
ASL-Citizen/videos/60447184876621-PIZZA 2.mp4,pizza2,283,features_cache/60447184876621-PIZZA 2.pt
ASL-Citizen/videos/2776399769965696-TIRED OF.mp4,tiredof,94,features_cache/2776399769965696-TIRED OF.pt
ASL-Citizen/videos/3046479413323919-MUST.mp4,must,117,features_cache/3046479413323919-MUST.pt
ASL-Citizen/videos/6688223256394381-KNOW.mp4,know,77,features_cache/6688223256394381-KNOW.pt
ASL-Citizen/videos/2322814887877973-SEE.mp4,see,200,features_cache/2322814887877973-SEE.pt
ASL-Citizen/videos/2525899141681416-CHECK.mp4,check,249,features_cache/2525899141681416-CHECK.pt
ASL-Citizen/videos/9533808785286948-LOVE.mp4,love,98,features_cache/9533808785286948-LOVE.pt
ASL-Citizen/videos/9655150363759262-FRIENDLY.mp4,friendly,27,features_cache/9655150363759262-FRIENDLY.pt
ASL-Citizen/videos/6711235939417988-PHONE.mp4,phone,107,features_cache/6711235939417988-PHONE.pt
ASL-Citizen/videos/18140021240558846-BEFORE.mp4,before,122,features_cache/18140021240558846-BEFORE.pt
ASL-Citizen/videos/9830485175329975-TALK.mp4,talk1,88,features_cache/9830485175329975-TALK.pt
ASL-Citizen/videos/9971842464887584-CHEAT 2.mp4,cheat2,246,features_cache/9971842464887584-CHEAT 2.pt
ASL-Citizen/videos/8618976665727696-GOOD.mp4,good,3,features_cache/8618976665727696-GOOD.pt
ASL-Citizen/videos/33831357599017187-RAIN.mp4,rain,206,features_cache/33831357599017187-RAIN.pt
ASL-Citizen/videos/3709208207135275-CLOTHES.mp4,clothes,143,features_cache/3709208207135275-CLOTHES.pt
ASL-Citizen/videos/22137204892844164-FRIDAY.mp4,friday,266,features_cache/22137204892844164-FRIDAY.pt
ASL-Citizen/videos/9937138970226993-NIGHT 2.mp4,night2,57,features_cache/9937138970226993-NIGHT 2.pt
ASL-Citizen/videos/6040435627159069-LOCK 3.mp4,lock3,186,features_cache/6040435627159069-LOCK 3.pt
ASL-Citizen/videos/8007396150485926-TALK 2.mp4,talk2,89,features_cache/8007396150485926-TALK 2.pt
ASL-Citizen/videos/3269219252027975-SHOUT.mp4,shout1,164,features_cache/3269219252027975-SHOUT.pt
ASL-Citizen/videos/9875735466160431-GOOD.mp4,good,3,features_cache/9875735466160431-GOOD.pt
ASL-Citizen/videos/1532464203763655-WHAT 2.mp4,what1,11,features_cache/1532464203763655-WHAT 2.pt
ASL-Citizen/videos/0035415552923467875-MYSELF.mp4,myself,17,features_cache/0035415552923467875-MYSELF.pt
ASL-Citizen/videos/09459364825922179-NIGHT.mp4,night1,56,features_cache/09459364825922179-NIGHT.pt
ASL-Citizen/videos/13425460346075102-RUN 2.mp4,run2,296,features_cache/13425460346075102-RUN 2.pt
ASL-Citizen/videos/9203343144545557-RIGHT 3.mp4,right3,293,features_cache/9203343144545557-RIGHT 3.pt
ASL-Citizen/videos/6346112014419762-HOSPITAL 2.mp4,hospital2,248,features_cache/6346112014419762-HOSPITAL 2.pt
ASL-Citizen/videos/38970444942928073-YES.mp4,yes,8,features_cache/38970444942928073-YES.pt
ASL-Citizen/videos/5810915218212831-SHORT DISTANCE.mp4,shortdistance,158,features_cache/5810915218212831-SHORT DISTANCE.pt
ASL-Citizen/videos/3691812206957721-HIS.mp4,his,20,features_cache/3691812206957721-HIS.pt
ASL-Citizen/videos/035613515567295195-OLD.mp4,old,278,features_cache/035613515567295195-OLD.pt
ASL-Citizen/videos/7880576174636196-ARRIVE.mp4,arrive,75,features_cache/7880576174636196-ARRIVE.pt
ASL-Citizen/videos/591098300118571-RING.mp4,ring,294,features_cache/591098300118571-RING.pt
ASL-Citizen/videos/7456166643417328-RIGHT 1.mp4,right1,291,features_cache/7456166643417328-RIGHT 1.pt
ASL-Citizen/videos/8256905144065432-REMEMBER.mp4,remember2,81,features_cache/8256905144065432-REMEMBER.pt
ASL-Citizen/videos/3482333523310357-WASH HANDS.mp4,washhands,239,features_cache/3482333523310357-WASH HANDS.pt
ASL-Citizen/videos/9987683333278139-LONG.mp4,long,179,features_cache/9987683333278139-LONG.pt
ASL-Citizen/videos/08017581684003039-NIGHT.mp4,night1,56,features_cache/08017581684003039-NIGHT.pt
ASL-Citizen/videos/2004959809279574-ICECREAM.mp4,icecream,187,features_cache/2004959809279574-ICECREAM.pt
ASL-Citizen/videos/3999854113276131-RIGHT 3.mp4,right3,293,features_cache/3999854113276131-RIGHT 3.pt
ASL-Citizen/videos/6274574127100907-POLICEMAN.mp4,policeman1,152,features_cache/6274574127100907-POLICEMAN.pt
ASL-Citizen/videos/45490142576997883-FOUR.mp4,four,199,features_cache/45490142576997883-FOUR.pt
ASL-Citizen/videos/16291944917977697-VACATION.mp4,vacation,125,features_cache/16291944917977697-VACATION.pt
ASL-Citizen/videos/5584195573295798-TIME.mp4,time,178,features_cache/5584195573295798-TIME.pt
ASL-Citizen/videos/298155207775465-YOU.mp4,you,14,features_cache/298155207775465-YOU.pt
ASL-Citizen/videos/9469686354354079-TIME.mp4,time,178,features_cache/9469686354354079-TIME.pt
ASL-Citizen/videos/9830164904277994-JUICE 1.mp4,juice2,128,features_cache/9830164904277994-JUICE 1.pt
ASL-Citizen/videos/029190112469061447-seedCOFFEE.mp4,coffee,131,features_cache/029190112469061447-seedCOFFEE.pt
ASL-Citizen/videos/03717365663139738-WHERE.mp4,where,37,features_cache/03717365663139738-WHERE.pt
ASL-Citizen/videos/8988617555924683-NEAR.mp4,near,277,features_cache/8988617555924683-NEAR.pt
ASL-Citizen/videos/2497474123889838-SNOW.mp4,snow1,208,features_cache/2497474123889838-SNOW.pt
ASL-Citizen/videos/3372774069388451-WAIT.mp4,wait,76,features_cache/3372774069388451-WAIT.pt
ASL-Citizen/videos/33369156076325956-FINE 2.mp4,fine2,226,features_cache/33369156076325956-FINE 2.pt
ASL-Citizen/videos/4839140214816975-COME OUT.mp4,comeout,73,features_cache/4839140214816975-COME OUT.pt
ASL-Citizen/videos/3709655149152702-TALL.mp4,tall2,176,features_cache/3709655149152702-TALL.pt
ASL-Citizen/videos/7447838033895864-SHOULD.mp4,should,163,features_cache/7447838033895864-SHOULD.pt
ASL-Citizen/videos/6154373332955965-HAT 2.mp4,hat2,234,features_cache/6154373332955965-HAT 2.pt
ASL-Citizen/videos/6336588540054073-INSIDE.mp4,inside,257,features_cache/6336588540054073-INSIDE.pt
ASL-Citizen/videos/26135173672592416-WEAK.mp4,weak,59,features_cache/26135173672592416-WEAK.pt
ASL-Citizen/videos/6850788402703041-LONG WORD.mp4,longword,183,features_cache/6850788402703041-LONG WORD.pt
ASL-Citizen/videos/6805373308766427-FOUR.mp4,four,199,features_cache/6805373308766427-FOUR.pt
ASL-Citizen/videos/9554132075283888-ACCIDENT.mp4,accident,142,features_cache/9554132075283888-ACCIDENT.pt
ASL-Citizen/videos/9176173723127732-PEN.mp4,pen,281,features_cache/9176173723127732-PEN.pt
ASL-Citizen/videos/7613568684951131-WAIT.mp4,wait,76,features_cache/7613568684951131-WAIT.pt
ASL-Citizen/videos/5691074786328454-seedSIGN.mp4,sign,298,features_cache/5691074786328454-seedSIGN.pt
ASL-Citizen/videos/3981905732322184-FROM.mp4,from,44,features_cache/3981905732322184-FROM.pt
ASL-Citizen/videos/33243795657301267-OVER.mp4,over,260,features_cache/33243795657301267-OVER.pt
ASL-Citizen/videos/5368393292246536-MAN.mp4,man,30,features_cache/5368393292246536-MAN.pt
ASL-Citizen/videos/9149853145709921-WASH FACE_1.mp4,washface1,237,features_cache/9149853145709921-WASH FACE_1.pt
ASL-Citizen/videos/4355232918135832-FAST.mp4,fast,169,features_cache/4355232918135832-FAST.pt
ASL-Citizen/videos/59929797979942-RAIN.mp4,rain,206,features_cache/59929797979942-RAIN.pt
ASL-Citizen/videos/9686983385353465-RIGHT 2.mp4,right2,292,features_cache/9686983385353465-RIGHT 2.pt
ASL-Citizen/videos/9962526929135627-READ.mp4,read,134,features_cache/9962526929135627-READ.pt
ASL-Citizen/videos/8130548561996169-FISHING 2.mp4,fishing2,219,features_cache/8130548561996169-FISHING 2.pt
ASL-Citizen/videos/0629967925710595-JUICE 1.mp4,juice2,128,features_cache/0629967925710595-JUICE 1.pt
ASL-Citizen/videos/9207914497818137-SEVEN.mp4,seven,201,features_cache/9207914497818137-SEVEN.pt
ASL-Citizen/videos/3544536746435145-REST.mp4,rest,290,features_cache/3544536746435145-REST.pt
ASL-Citizen/videos/34360619238974444-FALL 1.mp4,fall1,173,features_cache/34360619238974444-FALL 1.pt
ASL-Citizen/videos/45891557086660484-IN.mp4,in,256,features_cache/45891557086660484-IN.pt
ASL-Citizen/videos/4268222409175071-UNDERSTAND.mp4,understand,79,features_cache/4268222409175071-UNDERSTAND.pt
ASL-Citizen/videos/9464808423433488-FINE 2.mp4,fine2,226,features_cache/9464808423433488-FINE 2.pt
ASL-Citizen/videos/0814346049996546-TEETH.mp4,teeth,204,features_cache/0814346049996546-TEETH.pt
ASL-Citizen/videos/18250293199202527-GAME.mp4,game,275,features_cache/18250293199202527-GAME.pt
ASL-Citizen/videos/9045342550783173-BLACK.mp4,black,145,features_cache/9045342550783173-BLACK.pt
ASL-Citizen/videos/3882097743456854-SIDE.mp4,side,87,features_cache/3882097743456854-SIDE.pt
ASL-Citizen/videos/8984122870078688-COMPUTER.mp4,computer,113,features_cache/8984122870078688-COMPUTER.pt
ASL-Citizen/videos/6744961501343725-ONE.mp4,one,196,features_cache/6744961501343725-ONE.pt
ASL-Citizen/videos/41029280941888735-RELAX.mp4,relax1,288,features_cache/41029280941888735-RELAX.pt
ASL-Citizen/videos/1942358552365009-TEETH.mp4,teeth,204,features_cache/1942358552365009-TEETH.pt
ASL-Citizen/videos/2575534049318191-DONT FEEL_LIKE.mp4,dontfeellike,190,features_cache/2575534049318191-DONT FEEL_LIKE.pt
ASL-Citizen/videos/6885322444308319-PIZZA 2.mp4,pizza2,283,features_cache/6885322444308319-PIZZA 2.pt
ASL-Citizen/videos/1677950089290965-CAR.mp4,car,106,features_cache/1677950089290965-CAR.pt
ASL-Citizen/videos/5932207271660643-THANK YOU.mp4,thankyou,6,features_cache/5932207271660643-THANK YOU.pt
ASL-Citizen/videos/7482073296638465-HERE.mp4,here,45,features_cache/7482073296638465-HERE.pt
ASL-Citizen/videos/08882787638193945-YOU.mp4,you,14,features_cache/08882787638193945-YOU.pt
ASL-Citizen/videos/5655754767247636-TALL 2.mp4,tall1,175,features_cache/5655754767247636-TALL 2.pt
ASL-Citizen/videos/08785252118795328-SMALL.mp4,small,155,features_cache/08785252118795328-SMALL.pt
ASL-Citizen/videos/13446838087840018-RED.mp4,red,147,features_cache/13446838087840018-RED.pt
ASL-Citizen/videos/8835822739071177-PLEASE.mp4,please,5,features_cache/8835822739071177-PLEASE.pt
ASL-Citizen/videos/72369024028368-WAIT.mp4,wait,76,features_cache/72369024028368-WAIT.pt
ASL-Citizen/videos/9565423394256927-HOUSE.mp4,house,48,features_cache/9565423394256927-HOUSE.pt
ASL-Citizen/videos/8478160589016772-STUDY.mp4,study,69,features_cache/8478160589016772-STUDY.pt
ASL-Citizen/videos/3908502639532043-BASKETBALL.mp4,basketball1,211,features_cache/3908502639532043-BASKETBALL.pt
ASL-Citizen/videos/16797101002419068-TIRED OF.mp4,tiredof,94,features_cache/16797101002419068-TIRED OF.pt
ASL-Citizen/videos/8161529489147155-THEY.mp4,they1,23,features_cache/8161529489147155-THEY.pt
ASL-Citizen/videos/5617653734783741-TUESDAY.mp4,tuesday,264,features_cache/5617653734783741-TUESDAY.pt
ASL-Citizen/videos/19404242877105515-TEETH.mp4,teeth,204,features_cache/19404242877105515-TEETH.pt
ASL-Citizen/videos/5586971735005972-AGAIN.mp4,again,121,features_cache/5586971735005972-AGAIN.pt
ASL-Citizen/videos/8365211156949848-seedOK.mp4,ok,136,features_cache/8365211156949848-seedOK.pt
ASL-Citizen/videos/9440130223198755-SHOT.mp4,shot,162,features_cache/9440130223198755-SHOT.pt
ASL-Citizen/videos/8847853342216259-FRIDAY.mp4,friday,266,features_cache/8847853342216259-FRIDAY.pt
ASL-Citizen/videos/7179499364614612-WORK.mp4,work,67,features_cache/7179499364614612-WORK.pt
ASL-Citizen/videos/24113482191801427-HUG.mp4,hug,254,features_cache/24113482191801427-HUG.pt
ASL-Citizen/videos/32093967764378073-HERE.mp4,here,45,features_cache/32093967764378073-HERE.pt
ASL-Citizen/videos/7464808265679281-HAT.mp4,hat1,233,features_cache/7464808265679281-HAT.pt
ASL-Citizen/videos/011916793918304025-FINE.mp4,fine1,225,features_cache/011916793918304025-FINE.pt
ASL-Citizen/videos/5965632755010493-SLOW.mp4,slow,168,features_cache/5965632755010493-SLOW.pt
ASL-Citizen/videos/0379196499588077-WANT.mp4,want2,101,features_cache/0379196499588077-WANT.pt
ASL-Citizen/videos/6581185847498976-WORK.mp4,work,67,features_cache/6581185847498976-WORK.pt
ASL-Citizen/videos/4198989244504012-MEET.mp4,meet,276,features_cache/4198989244504012-MEET.pt
ASL-Citizen/videos/6884678857514952-NINE.mp4,nine,203,features_cache/6884678857514952-NINE.pt
ASL-Citizen/videos/23543939846136697-seedSHOP 1.mp4,shop2,103,features_cache/23543939846136697-seedSHOP 1.pt
ASL-Citizen/videos/7837756968424734-MONTH.mp4,month,60,features_cache/7837756968424734-MONTH.pt
ASL-Citizen/videos/5135816607824977-BOX.mp4,box,139,features_cache/5135816607824977-BOX.pt
ASL-Citizen/videos/442426642403589-MONEY 2.mp4,money2,110,features_cache/442426642403589-MONEY 2.pt
ASL-Citizen/videos/14604658627131673-NIGHT 2.mp4,night2,57,features_cache/14604658627131673-NIGHT 2.pt
ASL-Citizen/videos/7717057217254395-THEY.mp4,they1,23,features_cache/7717057217254395-THEY.pt
ASL-Citizen/videos/9885737187804373-HAVE.mp4,have,235,features_cache/9885737187804373-HAVE.pt
ASL-Citizen/videos/2116692680043748-FALL 1.mp4,fall1,173,features_cache/2116692680043748-FALL 1.pt
ASL-Citizen/videos/7492468367389917-FIFTH.mp4,fifth,223,features_cache/7492468367389917-FIFTH.pt
ASL-Citizen/videos/7172732855794044-WASH FACE_1.mp4,washface1,237,features_cache/7172732855794044-WASH FACE_1.pt
ASL-Citizen/videos/18123549863499044-DINNER.mp4,dinner1,170,features_cache/18123549863499044-DINNER.pt
ASL-Citizen/videos/9841992235729498-FISH.mp4,fish,217,features_cache/9841992235729498-FISH.pt
ASL-Citizen/videos/7577237850149992-TIRED.mp4,tired,93,features_cache/7577237850149992-TIRED.pt
ASL-Citizen/videos/5847293981432022-EAT.mp4,eat1,62,features_cache/5847293981432022-EAT.pt
ASL-Citizen/videos/31445657183401843-SUNDAY.mp4,sunday,268,features_cache/31445657183401843-SUNDAY.pt
ASL-Citizen/videos/7963128603516363-GIRL.mp4,girl,29,features_cache/7963128603516363-GIRL.pt
ASL-Citizen/videos/8271922082195944-RELAX 2.mp4,relax2,289,features_cache/8271922082195944-RELAX 2.pt
ASL-Citizen/videos/40848404853989395-LONG TIME.mp4,longtime,182,features_cache/40848404853989395-LONG TIME.pt
ASL-Citizen/videos/974257297558379-REMEMBER 2.mp4,remember1,80,features_cache/974257297558379-REMEMBER 2.pt
ASL-Citizen/videos/60520933432529-WHO.mp4,who,13,features_cache/60520933432529-WHO.pt
ASL-Citizen/videos/21842072478055718-HOTEL.mp4,hotel,105,features_cache/21842072478055718-HOTEL.pt
ASL-Citizen/videos/9838951672427747-SHORT WORD.mp4,shortword,161,features_cache/9838951672427747-SHORT WORD.pt
ASL-Citizen/videos/48420377879905097-TALK 2.mp4,talk2,89,features_cache/48420377879905097-TALK 2.pt
ASL-Citizen/videos/6046104101537046-WANT 2.mp4,want1,100,features_cache/6046104101537046-WANT 2.pt
ASL-Citizen/videos/7106513553022424-RIGHT 3.mp4,right3,293,features_cache/7106513553022424-RIGHT 3.pt
ASL-Citizen/videos/803567742919048-WHO.mp4,who,13,features_cache/803567742919048-WHO.pt
ASL-Citizen/videos/5817524945804566-FINE.mp4,fine1,225,features_cache/5817524945804566-FINE.pt
ASL-Citizen/videos/1704564175257537-HAIR.mp4,hair1,229,features_cache/1704564175257537-HAIR.pt
ASL-Citizen/videos/4418505521323366-OVER.mp4,over,260,features_cache/4418505521323366-OVER.pt
ASL-Citizen/videos/5890664516839825-HOSPITAL 2.mp4,hospital2,248,features_cache/5890664516839825-HOSPITAL 2.pt
ASL-Citizen/videos/03937988112658353-LONG WORD.mp4,longword,183,features_cache/03937988112658353-LONG WORD.pt
ASL-Citizen/videos/4780982518982402-PERSON.mp4,person,151,features_cache/4780982518982402-PERSON.pt
ASL-Citizen/videos/020030442376253177-HELLO.mp4,hello,0,features_cache/020030442376253177-HELLO.pt
ASL-Citizen/videos/14210366791499673-SHORTS.mp4,shorts,160,features_cache/14210366791499673-SHORTS.pt
ASL-Citizen/videos/15603800500442344-REMEMBER.mp4,remember2,81,features_cache/15603800500442344-REMEMBER.pt
ASL-Citizen/videos/4889887543218525-SHOUT.mp4,shout1,164,features_cache/4889887543218525-SHOUT.pt
ASL-Citizen/videos/9940680492768448-WATCH.mp4,watch,82,features_cache/9940680492768448-WATCH.pt
ASL-Citizen/videos/5552456698729644-BASKETBALL.mp4,basketball1,211,features_cache/5552456698729644-BASKETBALL.pt
ASL-Citizen/videos/834993915476457-MOTHER.mp4,mother,33,features_cache/834993915476457-MOTHER.pt
ASL-Citizen/videos/5294256519968898-HAIR.mp4,hair1,229,features_cache/5294256519968898-HAIR.pt
ASL-Citizen/videos/40883500861073974-SICK.mp4,sick,95,features_cache/40883500861073974-SICK.pt
ASL-Citizen/videos/41884104518222887-WANT.mp4,want2,101,features_cache/41884104518222887-WANT.pt
ASL-Citizen/videos/8889456172735526-FOOTBALL.mp4,football,214,features_cache/8889456172735526-FOOTBALL.pt
ASL-Citizen/videos/20215017790049905-FIRST.mp4,first,216,features_cache/20215017790049905-FIRST.pt
ASL-Citizen/videos/3866568461228612-WHY.mp4,why,39,features_cache/3866568461228612-WHY.pt
ASL-Citizen/videos/8559193215357555-OUT.mp4,out,258,features_cache/8559193215357555-OUT.pt
ASL-Citizen/videos/09469560785190256-EIGHT.mp4,eight,202,features_cache/09469560785190256-EIGHT.pt
ASL-Citizen/videos/828024897956372-SHOWER.mp4,shower,86,features_cache/828024897956372-SHOWER.pt
ASL-Citizen/videos/548210838440605-YOU.mp4,you,14,features_cache/548210838440605-YOU.pt
ASL-Citizen/videos/1838221296870719-MORNING.mp4,morning,55,features_cache/1838221296870719-MORNING.pt
ASL-Citizen/videos/037113394192100024-FOOTBALL.mp4,football,214,features_cache/037113394192100024-FOOTBALL.pt
ASL-Citizen/videos/3167051102585072-WASH HANDS.mp4,washhands,239,features_cache/3167051102585072-WASH HANDS.pt
ASL-Citizen/videos/19741660770603775-YOUR.mp4,your,18,features_cache/19741660770603775-YOUR.pt
ASL-Citizen/videos/12564800044567526-EIGHT.mp4,eight,202,features_cache/12564800044567526-EIGHT.pt
ASL-Citizen/videos/4605549971284748-HOW 2.mp4,how2,42,features_cache/4605549971284748-HOW 2.pt
ASL-Citizen/videos/3591241270208314-DONT CARE.mp4,dontcare,189,features_cache/3591241270208314-DONT CARE.pt
ASL-Citizen/videos/346347810799994-SICK.mp4,sick,95,features_cache/346347810799994-SICK.pt
ASL-Citizen/videos/623545412273935-ROAD.mp4,road,297,features_cache/623545412273935-ROAD.pt
ASL-Citizen/videos/4244672266651415-SHOWER.mp4,shower,86,features_cache/4244672266651415-SHOWER.pt
ASL-Citizen/videos/6239479578306266-MUST.mp4,must,117,features_cache/6239479578306266-MUST.pt
ASL-Citizen/videos/9400684698102117-YEAR.mp4,year,61,features_cache/9400684698102117-YEAR.pt
ASL-Citizen/videos/7683144554674921-FRIENDLY.mp4,friendly,27,features_cache/7683144554674921-FRIENDLY.pt
ASL-Citizen/videos/2701359392458662-MORNING.mp4,morning,55,features_cache/2701359392458662-MORNING.pt
ASL-Citizen/videos/008134541577476506-BAD.mp4,bad,4,features_cache/008134541577476506-BAD.pt
ASL-Citizen/videos/24903533651693976-seedYOU.mp4,you,14,features_cache/24903533651693976-seedYOU.pt
ASL-Citizen/videos/8581926682250871-RIGHT 3.mp4,right3,293,features_cache/8581926682250871-RIGHT 3.pt
ASL-Citizen/videos/9158145246779712-WASH 1.mp4,wash1,241,features_cache/9158145246779712-WASH 1.pt
ASL-Citizen/videos/09935677141288357-HOLD.mp4,hold1,251,features_cache/09935677141288357-HOLD.pt
ASL-Citizen/videos/413846941955089-FISHING.mp4,fishing1,218,features_cache/413846941955089-FISHING.pt
ASL-Citizen/videos/6012173826569807-NOW.mp4,now,53,features_cache/6012173826569807-NOW.pt
ASL-Citizen/videos/12835721572296377-ROAD.mp4,road,297,features_cache/12835721572296377-ROAD.pt
ASL-Citizen/videos/7233641514255467-SKIN.mp4,skin,166,features_cache/7233641514255467-SKIN.pt
ASL-Citizen/videos/6440601854085655-HURT.mp4,hurt,255,features_cache/6440601854085655-HURT.pt
ASL-Citizen/videos/9611592796504793-CAR.mp4,car,106,features_cache/9611592796504793-CAR.pt
ASL-Citizen/videos/09164331443344143-WHY.mp4,why,39,features_cache/09164331443344143-WHY.pt
ASL-Citizen/videos/5789130966288654-GAME.mp4,game,275,features_cache/5789130966288654-GAME.pt
ASL-Citizen/videos/8057653934134985-SISTER.mp4,sister,36,features_cache/8057653934134985-SISTER.pt
ASL-Citizen/videos/3599490565839414-TEETH.mp4,teeth,204,features_cache/3599490565839414-TEETH.pt
ASL-Citizen/videos/9351724030586654-SNOW.mp4,snow1,208,features_cache/9351724030586654-SNOW.pt
ASL-Citizen/videos/8535876176303336-BALL.mp4,ball,210,features_cache/8535876176303336-BALL.pt
ASL-Citizen/videos/9531348326014137-WASH FACE_2.mp4,washface2,238,features_cache/9531348326014137-WASH FACE_2.pt
ASL-Citizen/videos/03434424745319098-RESTAURANT.mp4,restaurant,104,features_cache/03434424745319098-RESTAURANT.pt
ASL-Citizen/videos/5938554372186748-EAT 2.mp4,eat2,63,features_cache/5938554372186748-EAT 2.pt
ASL-Citizen/videos/6445699135022072-HOW.mp4,how1,41,features_cache/6445699135022072-HOW.pt
ASL-Citizen/videos/6284595509223412-FOR.mp4,for,215,features_cache/6284595509223412-FOR.pt
ASL-Citizen/videos/4175719914055973-YOUR.mp4,your,18,features_cache/4175719914055973-YOUR.pt
ASL-Citizen/videos/3050633993306544-TODAY.mp4,today,50,features_cache/3050633993306544-TODAY.pt
ASL-Citizen/videos/16110924695348516-YOUR.mp4,your,18,features_cache/16110924695348516-YOUR.pt
ASL-Citizen/videos/07873167158396233-LATER.mp4,later,54,features_cache/07873167158396233-LATER.pt
ASL-Citizen/videos/5714182625969035-SEVEN.mp4,seven,201,features_cache/5714182625969035-SEVEN.pt
ASL-Citizen/videos/6969935261020788-THURSDAY.mp4,thursday,262,features_cache/6969935261020788-THURSDAY.pt
ASL-Citizen/videos/7151149920814892-BASKETBALL 3.mp4,basketball2,212,features_cache/7151149920814892-BASKETBALL 3.pt
ASL-Citizen/videos/9076139907774032-TOMORROW.mp4,tomorrow,51,features_cache/9076139907774032-TOMORROW.pt
ASL-Citizen/videos/44158453065592296-WOMAN.mp4,woman1,31,features_cache/44158453065592296-WOMAN.pt
ASL-Citizen/videos/1173534189335208-TELL.mp4,tell,83,features_cache/1173534189335208-TELL.pt
ASL-Citizen/videos/00430515803151077-RAIN.mp4,rain,206,features_cache/00430515803151077-RAIN.pt
ASL-Citizen/videos/497435935651124-BLACK.mp4,black,145,features_cache/497435935651124-BLACK.pt
ASL-Citizen/videos/6337758219810614-FOOTBALL.mp4,football,214,features_cache/6337758219810614-FOOTBALL.pt
ASL-Citizen/videos/5985508360496106-WHERE.mp4,where,37,features_cache/5985508360496106-WHERE.pt
ASL-Citizen/videos/7657854825894848-NINE.mp4,nine,203,features_cache/7657854825894848-NINE.pt
ASL-Citizen/videos/4195318114915252-BOOK.mp4,book,108,features_cache/4195318114915252-BOOK.pt
ASL-Citizen/videos/5190569218964376-UNDERSTAND.mp4,understand,79,features_cache/5190569218964376-UNDERSTAND.pt
ASL-Citizen/videos/33761177892734606-SAD.mp4,sad,91,features_cache/33761177892734606-SAD.pt
ASL-Citizen/videos/43545552345298133-TEAR.mp4,tear,177,features_cache/43545552345298133-TEAR.pt
ASL-Citizen/videos/6099340612068576-ONE.mp4,one,196,features_cache/6099340612068576-ONE.pt
ASL-Citizen/videos/3273120364218567-YOU.mp4,you,14,features_cache/3273120364218567-YOU.pt
ASL-Citizen/videos/6243599448346628-ONCE.mp4,once,280,features_cache/6243599448346628-ONCE.pt
ASL-Citizen/videos/6173266576546932-LOUD.mp4,loud,97,features_cache/6173266576546932-LOUD.pt
ASL-Citizen/videos/5011746449733054-seedDONT CARE.mp4,dontcare,189,features_cache/5011746449733054-seedDONT CARE.pt
ASL-Citizen/videos/43976718045578744-THREE.mp4,three,198,features_cache/43976718045578744-THREE.pt
ASL-Citizen/videos/8804372922780734-FINISH.mp4,finish,120,features_cache/8804372922780734-FINISH.pt
ASL-Citizen/videos/418905208580302-NAME.mp4,name,10,features_cache/418905208580302-NAME.pt
ASL-Citizen/videos/2937061353781312-RAIN.mp4,rain,206,features_cache/2937061353781312-RAIN.pt
ASL-Citizen/videos/4959555957877657-WASH FACE_2.mp4,washface2,238,features_cache/4959555957877657-WASH FACE_2.pt
ASL-Citizen/videos/6566938551150332-ANGRY.mp4,angry,92,features_cache/6566938551150332-ANGRY.pt
ASL-Citizen/videos/08906569344299342-seedBIG.mp4,big,156,features_cache/08906569344299342-seedBIG.pt
ASL-Citizen/videos/5071771946794466-seedREADY.mp4,ready,135,features_cache/5071771946794466-seedREADY.pt
ASL-Citizen/videos/6606374138503948-STUDY.mp4,study,69,features_cache/6606374138503948-STUDY.pt
ASL-Citizen/videos/7092939509892979-WASH 1.mp4,wash1,241,features_cache/7092939509892979-WASH 1.pt
ASL-Citizen/videos/4211408720130927-RELAX.mp4,relax1,288,features_cache/4211408720130927-RELAX.pt
ASL-Citizen/videos/9905545805864364-SHOUT 2.mp4,shout2,165,features_cache/9905545805864364-SHOUT 2.pt
ASL-Citizen/videos/9905499086281422-HEAR 2.mp4,hear2,22,features_cache/9905499086281422-HEAR 2.pt
ASL-Citizen/videos/5567962318004358-MY.mp4,my,16,features_cache/5567962318004358-MY.pt
ASL-Citizen/videos/8582081133628761-TINY.mp4,tiny,157,features_cache/8582081133628761-TINY.pt
ASL-Citizen/videos/7718107633841029-MILK 2.mp4,milk2,130,features_cache/7718107633841029-MILK 2.pt
ASL-Citizen/videos/6215118282753682-FROM.mp4,from,44,features_cache/6215118282753682-FROM.pt
ASL-Citizen/videos/5298380938535534-FINE.mp4,fine1,225,features_cache/5298380938535534-FINE.pt
ASL-Citizen/videos/2218505758208449-CHECK.mp4,check,249,features_cache/2218505758208449-CHECK.pt
ASL-Citizen/videos/03804573314016535-MONEY.mp4,money1,109,features_cache/03804573314016535-MONEY.pt
ASL-Citizen/videos/5547769757240029-YOU.mp4,you,14,features_cache/5547769757240029-YOU.pt
ASL-Citizen/videos/001428415918161674-IMPROVE.mp4,improve,154,features_cache/001428415918161674-IMPROVE.pt
ASL-Citizen/videos/5874260647139629-SHOW.mp4,show,85,features_cache/5874260647139629-SHOW.pt
ASL-Citizen/videos/8112046137026094-WASH HANDS.mp4,washhands,239,features_cache/8112046137026094-WASH HANDS.pt
ASL-Citizen/videos/7918844361958985-MOUTH.mp4,mouth,111,features_cache/7918844361958985-MOUTH.pt
ASL-Citizen/videos/4194600384314444-MOTHER.mp4,mother,33,features_cache/4194600384314444-MOTHER.pt
ASL-Citizen/videos/6795430287085444-REMEMBER 2.mp4,remember1,80,features_cache/6795430287085444-REMEMBER 2.pt
ASL-Citizen/videos/020770589579035104-LOCK 3.mp4,lock3,186,features_cache/020770589579035104-LOCK 3.pt
ASL-Citizen/videos/09583546310566571-UNDER.mp4,under,270,features_cache/09583546310566571-UNDER.pt
ASL-Citizen/videos/1861131167759893-WHY.mp4,why,39,features_cache/1861131167759893-WHY.pt
ASL-Citizen/videos/6735615804684514-MYSELF.mp4,myself,17,features_cache/6735615804684514-MYSELF.pt
ASL-Citizen/videos/5965262859191329-VACATION.mp4,vacation,125,features_cache/5965262859191329-VACATION.pt
ASL-Citizen/videos/10264652763095716-TALK.mp4,talk1,88,features_cache/10264652763095716-TALK.pt
ASL-Citizen/videos/9188990092467015-BOXING.mp4,boxing,140,features_cache/9188990092467015-BOXING.pt
ASL-Citizen/videos/27530561457274594-RESTAURANT.mp4,restaurant,104,features_cache/27530561457274594-RESTAURANT.pt
ASL-Citizen/videos/8496754012096677-SCHOOL.mp4,school,49,features_cache/8496754012096677-SCHOOL.pt
ASL-Citizen/videos/5420082138524283-YEAR.mp4,year,61,features_cache/5420082138524283-YEAR.pt
ASL-Citizen/videos/8640277473918241-FACE.mp4,face,250,features_cache/8640277473918241-FACE.pt
ASL-Citizen/videos/8124265875499861-SHOULD.mp4,should,163,features_cache/8124265875499861-SHOULD.pt
ASL-Citizen/videos/37410330681116033-THEY.mp4,they1,23,features_cache/37410330681116033-THEY.pt
ASL-Citizen/videos/04329248585848222-SISTER.mp4,sister,36,features_cache/04329248585848222-SISTER.pt
ASL-Citizen/videos/7715727494452564-seedBAD.mp4,bad,4,features_cache/7715727494452564-seedBAD.pt
ASL-Citizen/videos/48435002857753817-TEETH.mp4,teeth,204,features_cache/48435002857753817-TEETH.pt
ASL-Citizen/videos/6333838161696508-FAMILY.mp4,family,25,features_cache/6333838161696508-FAMILY.pt
ASL-Citizen/videos/6775364025853459-SHORT PERSON.mp4,shortperson,159,features_cache/6775364025853459-SHORT PERSON.pt
ASL-Citizen/videos/7798731655047741-HAIR.mp4,hair1,229,features_cache/7798731655047741-HAIR.pt
ASL-Citizen/videos/39275811013827155-FALL 2.mp4,fall2,174,features_cache/39275811013827155-FALL 2.pt
ASL-Citizen/videos/14845561513930638-FOREST.mp4,forest,126,features_cache/14845561513930638-FOREST.pt
ASL-Citizen/videos/20613001181771762-TOMORROW.mp4,tomorrow,51,features_cache/20613001181771762-TOMORROW.pt
ASL-Citizen/videos/5559418637143083-PIZZA.mp4,pizza1,282,features_cache/5559418637143083-PIZZA.pt
ASL-Citizen/videos/08629381582280149-MOUTH.mp4,mouth,111,features_cache/08629381582280149-MOUTH.pt
ASL-Citizen/videos/04742560646032534-MILK 2.mp4,milk2,130,features_cache/04742560646032534-MILK 2.pt
ASL-Citizen/videos/9021548417432745-GUM.mp4,gum,228,features_cache/9021548417432745-GUM.pt
ASL-Citizen/videos/05959007956304285-MORE.mp4,more,119,features_cache/05959007956304285-MORE.pt
ASL-Citizen/videos/9387228528841061-YELLOW.mp4,yellow,150,features_cache/9387228528841061-YELLOW.pt
ASL-Citizen/videos/919998346581087-NOW.mp4,now,53,features_cache/919998346581087-NOW.pt
ASL-Citizen/videos/45700493347203897-HURT.mp4,hurt,255,features_cache/45700493347203897-HURT.pt
ASL-Citizen/videos/657811957119824-CANNOT.mp4,cannot,116,features_cache/657811957119824-CANNOT.pt
ASL-Citizen/videos/7676625529116574-LONG TIME.mp4,longtime,182,features_cache/7676625529116574-LONG TIME.pt
ASL-Citizen/videos/3455739621543119-HEAR 1.mp4,hear1,21,features_cache/3455739621543119-HEAR 1.pt
ASL-Citizen/videos/7050652796921024-MAN.mp4,man,30,features_cache/7050652796921024-MAN.pt
ASL-Citizen/videos/3596923360127784-DONT LIKE.mp4,dontlike,192,features_cache/3596923360127784-DONT LIKE.pt
ASL-Citizen/videos/22352640371082555-THUNDER.mp4,thunder,261,features_cache/22352640371082555-THUNDER.pt
ASL-Citizen/videos/7663640970446304-seedYOUR.mp4,your,18,features_cache/7663640970446304-seedYOUR.pt
ASL-Citizen/videos/048450962530691255-DONT LIKE.mp4,dontlike,192,features_cache/048450962530691255-DONT LIKE.pt
ASL-Citizen/videos/28357839470280455-FINE.mp4,fine1,225,features_cache/28357839470280455-FINE.pt
ASL-Citizen/videos/13334698426248237-WASH FACE_1.mp4,washface1,237,features_cache/13334698426248237-WASH FACE_1.pt
ASL-Citizen/videos/5587163060400597-ACCIDENT.mp4,accident,142,features_cache/5587163060400597-ACCIDENT.pt
ASL-Citizen/videos/7042482718098351-EAT 2.mp4,eat2,63,features_cache/7042482718098351-EAT 2.pt
ASL-Citizen/videos/35066662005754123-WASH MACHINE.mp4,washmachine,240,features_cache/35066662005754123-WASH MACHINE.pt
ASL-Citizen/videos/6099192272966338-ASK.mp4,ask,84,features_cache/6099192272966338-ASK.pt
ASL-Citizen/videos/049031844724642726-WASH 3.mp4,wash2,242,features_cache/049031844724642726-WASH 3.pt
ASL-Citizen/videos/23490363598079123-DONT WANT.mp4,dontwant,195,features_cache/23490363598079123-DONT WANT.pt
ASL-Citizen/videos/8728839222341029-WHERE.mp4,where,37,features_cache/8728839222341029-WHERE.pt
ASL-Citizen/videos/6551646243705262-BOXING.mp4,boxing,140,features_cache/6551646243705262-BOXING.pt
ASL-Citizen/videos/18482423085140032-BEFORE.mp4,before,122,features_cache/18482423085140032-BEFORE.pt
ASL-Citizen/videos/258135021561094-SORRY.mp4,sorry,7,features_cache/258135021561094-SORRY.pt
ASL-Citizen/videos/22817919887831284-ROAD.mp4,road,297,features_cache/22817919887831284-ROAD.pt
ASL-Citizen/videos/7986624556278916-WASH MACHINE.mp4,washmachine,240,features_cache/7986624556278916-WASH MACHINE.pt
ASL-Citizen/videos/5870573804250594-WASH FACE_2.mp4,washface2,238,features_cache/5870573804250594-WASH FACE_2.pt
ASL-Citizen/videos/18563266850591176-FOUR.mp4,four,199,features_cache/18563266850591176-FOUR.pt
ASL-Citizen/videos/4102498278504745-DONT KNOW.mp4,dontknow,191,features_cache/4102498278504745-DONT KNOW.pt
ASL-Citizen/videos/6571867991166234-FALL 2.mp4,fall2,174,features_cache/6571867991166234-FALL 2.pt
ASL-Citizen/videos/5277077160393848-LEFT.mp4,left,273,features_cache/5277077160393848-LEFT.pt
ASL-Citizen/videos/19580126719501179-HOME.mp4,home,47,features_cache/19580126719501179-HOME.pt
ASL-Citizen/videos/20301717388699103-THIRD.mp4,third1,220,features_cache/20301717388699103-THIRD.pt
ASL-Citizen/videos/42129017851107387-RIGHT 1.mp4,right1,291,features_cache/42129017851107387-RIGHT 1.pt
ASL-Citizen/videos/6864058804402533-STOP.mp4,stop,300,features_cache/6864058804402533-STOP.pt
ASL-Citizen/videos/2411273592101364-CHEAT 2.mp4,cheat2,246,features_cache/2411273592101364-CHEAT 2.pt
ASL-Citizen/videos/7355454272708466-WHITE.mp4,white,144,features_cache/7355454272708466-WHITE.pt
ASL-Citizen/videos/4747516197868804-SKIN.mp4,skin,166,features_cache/4747516197868804-SKIN.pt
ASL-Citizen/videos/35350442250763336-GIVE.mp4,give,227,features_cache/35350442250763336-GIVE.pt
ASL-Citizen/videos/37737813190383673-NOT UNDERSTAND.mp4,notunderstand,269,features_cache/37737813190383673-NOT UNDERSTAND.pt
ASL-Citizen/videos/28984686648103297-CHECK.mp4,check,249,features_cache/28984686648103297-CHECK.pt
ASL-Citizen/videos/18555657453585117-BEFORE.mp4,before,122,features_cache/18555657453585117-BEFORE.pt
ASL-Citizen/videos/9170908200517884-EAT 2.mp4,eat2,63,features_cache/9170908200517884-EAT 2.pt
ASL-Citizen/videos/919853612335557-FISH.mp4,fish,217,features_cache/919853612335557-FISH.pt
ASL-Citizen/videos/6395270363973367-LOST.mp4,lost,274,features_cache/6395270363973367-LOST.pt
ASL-Citizen/videos/1674849629898727-FALL 2.mp4,fall2,174,features_cache/1674849629898727-FALL 2.pt
ASL-Citizen/videos/7988103105967095-GOOD.mp4,good,3,features_cache/7988103105967095-GOOD.pt
ASL-Citizen/videos/6759197415113356-FINE.mp4,fine1,225,features_cache/6759197415113356-FINE.pt
ASL-Citizen/videos/8175976377678535-NIGHT.mp4,night1,56,features_cache/8175976377678535-NIGHT.pt
ASL-Citizen/videos/24115418092809948-seedTHIRD.mp4,third2,221,features_cache/24115418092809948-seedTHIRD.pt
ASL-Citizen/videos/21053620515002525-QM.mp4,qm,285,features_cache/21053620515002525-QM.pt
ASL-Citizen/videos/9101190053850159-MY.mp4,my,16,features_cache/9101190053850159-MY.pt
ASL-Citizen/videos/44312050267255354-HOLD 2.mp4,hold2,252,features_cache/44312050267255354-HOLD 2.pt
ASL-Citizen/videos/5014515462779037-UNDER.mp4,under,270,features_cache/5014515462779037-UNDER.pt
ASL-Citizen/videos/8056235018969913-TIME.mp4,time,178,features_cache/8056235018969913-TIME.pt
ASL-Citizen/videos/8416805584351843-CHEAT 2.mp4,cheat2,246,features_cache/8416805584351843-CHEAT 2.pt
ASL-Citizen/videos/24163088834699908-SHOP 1.mp4,shop2,103,features_cache/24163088834699908-SHOP 1.pt
ASL-Citizen/videos/6904630764421569-WHITE.mp4,white,144,features_cache/6904630764421569-WHITE.pt
ASL-Citizen/videos/6851460951757296-TELL.mp4,tell,83,features_cache/6851460951757296-TELL.pt
ASL-Citizen/videos/7208825403662296-FIFTH.mp4,fifth,223,features_cache/7208825403662296-FIFTH.pt
ASL-Citizen/videos/23536769368182653-LOCK.mp4,lock1,184,features_cache/23536769368182653-LOCK.pt
ASL-Citizen/videos/5148839477289167-WANT 2.mp4,want1,100,features_cache/5148839477289167-WANT 2.pt
ASL-Citizen/videos/8390642529013135-BLUE.mp4,blue,148,features_cache/8390642529013135-BLUE.pt
ASL-Citizen/videos/634315397642317-HE.mp4,he,236,features_cache/634315397642317-HE.pt
ASL-Citizen/videos/6465109654035264-PIZZA 2.mp4,pizza2,283,features_cache/6465109654035264-PIZZA 2.pt
ASL-Citizen/videos/7265778110221002-LATER.mp4,later,54,features_cache/7265778110221002-LATER.pt
ASL-Citizen/videos/09065554038379275-THUNDER.mp4,thunder,261,features_cache/09065554038379275-THUNDER.pt
ASL-Citizen/videos/636470005828085-TALL.mp4,tall2,176,features_cache/636470005828085-TALL.pt
ASL-Citizen/videos/7659892610228187-LONG LINE.mp4,longline,181,features_cache/7659892610228187-LONG LINE.pt
ASL-Citizen/videos/889077868215737-WASH FACE_1.mp4,washface1,237,features_cache/889077868215737-WASH FACE_1.pt
ASL-Citizen/videos/6032252514783496-WASH HANDS.mp4,washhands,239,features_cache/6032252514783496-WASH HANDS.pt
ASL-Citizen/videos/7445109556029434-SKIN.mp4,skin,166,features_cache/7445109556029434-SKIN.pt
ASL-Citizen/videos/6613716577421236-NEED.mp4,need,118,features_cache/6613716577421236-NEED.pt
ASL-Citizen/videos/043686703964957996-TIME.mp4,time,178,features_cache/043686703964957996-TIME.pt
ASL-Citizen/videos/4461083126729579-NOT UNDERSTAND.mp4,notunderstand,269,features_cache/4461083126729579-NOT UNDERSTAND.pt
ASL-Citizen/videos/9929552869204215-YESTERDAY.mp4,yesterday,52,features_cache/9929552869204215-YESTERDAY.pt
ASL-Citizen/videos/5577314224715189-LATER.mp4,later,54,features_cache/5577314224715189-LATER.pt
ASL-Citizen/videos/8705042083655103-WARM.mp4,warm,243,features_cache/8705042083655103-WARM.pt
ASL-Citizen/videos/2647100113836458-SHOWER.mp4,shower,86,features_cache/2647100113836458-SHOWER.pt
ASL-Citizen/videos/7199869172535307-OLD.mp4,old,278,features_cache/7199869172535307-OLD.pt
ASL-Citizen/videos/8003798975539516-FROM.mp4,from,44,features_cache/8003798975539516-FROM.pt
ASL-Citizen/videos/9540803227058581-HE.mp4,he,236,features_cache/9540803227058581-HE.pt
ASL-Citizen/videos/004159753232056307-FOR.mp4,for,215,features_cache/004159753232056307-FOR.pt
ASL-Citizen/videos/8872952733261619-PIZZA.mp4,pizza1,282,features_cache/8872952733261619-PIZZA.pt
ASL-Citizen/videos/3604372155194455-SAD.mp4,sad,91,features_cache/3604372155194455-SAD.pt
ASL-Citizen/videos/9228360546158452-PERSON.mp4,person,151,features_cache/9228360546158452-PERSON.pt
ASL-Citizen/videos/2457648238704926-HOLD 2.mp4,hold2,252,features_cache/2457648238704926-HOLD 2.pt
ASL-Citizen/videos/10098852020824478-SKIRT.mp4,skirt,167,features_cache/10098852020824478-SKIRT.pt
ASL-Citizen/videos/2777784847144027-SHOW.mp4,show,85,features_cache/2777784847144027-SHOW.pt
ASL-Citizen/videos/07035630466396903-LEFT.mp4,left,273,features_cache/07035630466396903-LEFT.pt
ASL-Citizen/videos/8398312100057683-MORE.mp4,more,119,features_cache/8398312100057683-MORE.pt
ASL-Citizen/videos/8927013768228704-WARM.mp4,warm,243,features_cache/8927013768228704-WARM.pt
ASL-Citizen/videos/4550932054745036-PINK.mp4,pink,146,features_cache/4550932054745036-PINK.pt
ASL-Citizen/videos/22369668985632774-YOUR.mp4,your,18,features_cache/22369668985632774-YOUR.pt
ASL-Citizen/videos/6475891514243635-FALL 1.mp4,fall1,173,features_cache/6475891514243635-FALL 1.pt
ASL-Citizen/videos/11523423595434279-LOCK 3.mp4,lock3,186,features_cache/11523423595434279-LOCK 3.pt
ASL-Citizen/videos/6810397598953175-UNDERSTAND.mp4,understand,79,features_cache/6810397598953175-UNDERSTAND.pt
ASL-Citizen/videos/8862228818947033-SHOUT 2.mp4,shout2,165,features_cache/8862228818947033-SHOUT 2.pt
ASL-Citizen/videos/18684179703791104-AFTER.mp4,after,123,features_cache/18684179703791104-AFTER.pt
ASL-Citizen/videos/23930496479405083-YOUR.mp4,your,18,features_cache/23930496479405083-YOUR.pt
ASL-Citizen/videos/9121417942833538-TALK 2.mp4,talk2,89,features_cache/9121417942833538-TALK 2.pt
ASL-Citizen/videos/6413893522655711-GO.mp4,go,70,features_cache/6413893522655711-GO.pt
ASL-Citizen/videos/5669922889270655-ROAD.mp4,road,297,features_cache/5669922889270655-ROAD.pt
ASL-Citizen/videos/9545791603427785-HOTEL.mp4,hotel,105,features_cache/9545791603427785-HOTEL.pt
ASL-Citizen/videos/0008673644000776193-LOCK 3.mp4,lock3,186,features_cache/0008673644000776193-LOCK 3.pt
ASL-Citizen/videos/46526275710038-SICK.mp4,sick,95,features_cache/46526275710038-SICK.pt
ASL-Citizen/videos/57337857006252-BASKETBALL.mp4,basketball1,211,features_cache/57337857006252-BASKETBALL.pt
ASL-Citizen/videos/5717207497905181-WOMAN.mp4,woman1,31,features_cache/5717207497905181-WOMAN.pt
ASL-Citizen/videos/25844912689873545-HOW 2.mp4,how2,42,features_cache/25844912689873545-HOW 2.pt
ASL-Citizen/videos/11241996859999204-DONT NEED.mp4,dontneed,194,features_cache/11241996859999204-DONT NEED.pt
ASL-Citizen/videos/032401189984130774-TIRED OF.mp4,tiredof,94,features_cache/032401189984130774-TIRED OF.pt
ASL-Citizen/videos/5930407047327859-LOCK.mp4,lock1,184,features_cache/5930407047327859-LOCK.pt
ASL-Citizen/videos/9480580549313959-READ.mp4,read,134,features_cache/9480580549313959-READ.pt
ASL-Citizen/videos/14502147506594976-TWO.mp4,two,197,features_cache/14502147506594976-TWO.pt
ASL-Citizen/videos/4696967344578724-SIGN.mp4,sign,298,features_cache/4696967344578724-SIGN.pt
ASL-Citizen/videos/6265016567743737-LOST.mp4,lost,274,features_cache/6265016567743737-LOST.pt
ASL-Citizen/videos/744008724339543-EAT.mp4,eat1,62,features_cache/744008724339543-EAT.pt
ASL-Citizen/videos/44428796347554167-MILK 2.mp4,milk2,130,features_cache/44428796347554167-MILK 2.pt
ASL-Citizen/videos/36090957279237323-MOUTH.mp4,mouth,111,features_cache/36090957279237323-MOUTH.pt
ASL-Citizen/videos/709429051156695-YES.mp4,yes,8,features_cache/709429051156695-YES.pt
ASL-Citizen/videos/8519752695119345-DONT FEEL_LIKE.mp4,dontfeellike,190,features_cache/8519752695119345-DONT FEEL_LIKE.pt
ASL-Citizen/videos/4194471454302029-LOVE.mp4,love,98,features_cache/4194471454302029-LOVE.pt
ASL-Citizen/videos/41826815713017607-TEAR.mp4,tear,177,features_cache/41826815713017607-TEAR.pt
ASL-Citizen/videos/6337178322783947-THIRD 2.mp4,third2,221,features_cache/6337178322783947-THIRD 2.pt
ASL-Citizen/videos/452054853359549-WOMAN.mp4,woman1,31,features_cache/452054853359549-WOMAN.pt
ASL-Citizen/videos/09796240195112227-FAMILY.mp4,family,25,features_cache/09796240195112227-FAMILY.pt
ASL-Citizen/videos/0596193857765448-FACE.mp4,face,250,features_cache/0596193857765448-FACE.pt
ASL-Citizen/videos/90630003624111-FISHING 2.mp4,fishing2,219,features_cache/90630003624111-FISHING 2.pt
ASL-Citizen/videos/08301920534152485-NEAR.mp4,near,277,features_cache/08301920534152485-NEAR.pt
ASL-Citizen/videos/979108610650923-HOSPITAL 2.mp4,hospital2,248,features_cache/979108610650923-HOSPITAL 2.pt
ASL-Citizen/videos/4057703708075371-FALL 1.mp4,fall1,173,features_cache/4057703708075371-FALL 1.pt
ASL-Citizen/videos/35587187968082534-LOCK 2.mp4,lock2,185,features_cache/35587187968082534-LOCK 2.pt
ASL-Citizen/videos/08670031963237901-TWO.mp4,two,197,features_cache/08670031963237901-TWO.pt
ASL-Citizen/videos/14969970500800134-THEY 2.mp4,they2,24,features_cache/14969970500800134-THEY 2.pt
ASL-Citizen/videos/49562544308444734-WEEK.mp4,week,58,features_cache/49562544308444734-WEEK.pt
ASL-Citizen/videos/6217493782065597-WHY.mp4,why,39,features_cache/6217493782065597-WHY.pt
ASL-Citizen/videos/11130688855310233-SHOWER.mp4,shower,86,features_cache/11130688855310233-SHOWER.pt
ASL-Citizen/videos/08020135975223419-TALK 2.mp4,talk2,89,features_cache/08020135975223419-TALK 2.pt
ASL-Citizen/videos/8010326230741247-EIGHT.mp4,eight,202,features_cache/8010326230741247-EIGHT.pt
ASL-Citizen/videos/6195372474533076-READY.mp4,ready,135,features_cache/6195372474533076-READY.pt
ASL-Citizen/videos/042301515237099796-WHO.mp4,who,13,features_cache/042301515237099796-WHO.pt
ASL-Citizen/videos/4545920597656814-HURT.mp4,hurt,255,features_cache/4545920597656814-HURT.pt
ASL-Citizen/videos/8047526204785291-LEFT.mp4,left,273,features_cache/8047526204785291-LEFT.pt
ASL-Citizen/videos/9971342114927344-GUM.mp4,gum,228,features_cache/9971342114927344-GUM.pt
ASL-Citizen/videos/8861180879289117-LATER.mp4,later,54,features_cache/8861180879289117-LATER.pt
ASL-Citizen/videos/9783591600021193-WEAK.mp4,weak,59,features_cache/9783591600021193-WEAK.pt
ASL-Citizen/videos/6200599912746265-HEAR 2.mp4,hear2,22,features_cache/6200599912746265-HEAR 2.pt
ASL-Citizen/videos/20401586575325115-WEAK.mp4,weak,59,features_cache/20401586575325115-WEAK.pt
ASL-Citizen/videos/4320670014874919-FINE.mp4,fine1,225,features_cache/4320670014874919-FINE.pt
ASL-Citizen/videos/5439490417710435-NAME.mp4,name,10,features_cache/5439490417710435-NAME.pt
ASL-Citizen/videos/20806708726001344-THIRD 2.mp4,third2,221,features_cache/20806708726001344-THIRD 2.pt
ASL-Citizen/videos/1511093266117074-LONG.mp4,long,179,features_cache/1511093266117074-LONG.pt
ASL-Citizen/videos/8057655933699948-SHORTS.mp4,shorts,160,features_cache/8057655933699948-SHORTS.pt
ASL-Citizen/videos/910606839942103-FALL 1.mp4,fall1,173,features_cache/910606839942103-FALL 1.pt
ASL-Citizen/videos/5515681081506727-SICK.mp4,sick,95,features_cache/5515681081506727-SICK.pt
ASL-Citizen/videos/2383469022786593-LEAVE.mp4,leave,74,features_cache/2383469022786593-LEAVE.pt
ASL-Citizen/videos/0018695357180107397-DRINK 2.mp4,drink2,65,features_cache/0018695357180107397-DRINK 2.pt
ASL-Citizen/videos/5977284961728762-INSIDE.mp4,inside,257,features_cache/5977284961728762-INSIDE.pt
ASL-Citizen/videos/9019212346811638-SHOW.mp4,show,85,features_cache/9019212346811638-SHOW.pt
ASL-Citizen/videos/9823239392541816-OUTSIDE.mp4,outside,259,features_cache/9823239392541816-OUTSIDE.pt
ASL-Citizen/videos/5905869827749066-WASH 1.mp4,wash1,241,features_cache/5905869827749066-WASH 1.pt
ASL-Citizen/videos/014151554328317495-DONT MIND.mp4,dontmind,193,features_cache/014151554328317495-DONT MIND.pt
ASL-Citizen/videos/7254792418208131-SHOW.mp4,show,85,features_cache/7254792418208131-SHOW.pt
ASL-Citizen/videos/5307142627482293-SMALL.mp4,small,155,features_cache/5307142627482293-SMALL.pt
ASL-Citizen/videos/15190453734025922-SHOP 1.mp4,shop2,103,features_cache/15190453734025922-SHOP 1.pt
ASL-Citizen/videos/2899102483752909-BALL.mp4,ball,210,features_cache/2899102483752909-BALL.pt
ASL-Citizen/videos/5011307489780785-OVER.mp4,over,260,features_cache/5011307489780785-OVER.pt
ASL-Citizen/videos/9307148381935504-HERE.mp4,here,45,features_cache/9307148381935504-HERE.pt
ASL-Citizen/videos/21947947473280904-WHITE.mp4,white,144,features_cache/21947947473280904-WHITE.pt
ASL-Citizen/videos/26796603886902215-FISHING.mp4,fishing1,218,features_cache/26796603886902215-FISHING.pt
ASL-Citizen/videos/43531964221110075-COME.mp4,come,71,features_cache/43531964221110075-COME.pt
ASL-Citizen/videos/9601350078796431-MEET.mp4,meet,276,features_cache/9601350078796431-MEET.pt
ASL-Citizen/videos/25951869390666715-RUN 2.mp4,run2,296,features_cache/25951869390666715-RUN 2.pt
ASL-Citizen/videos/5395219513651961-SHOW.mp4,show,85,features_cache/5395219513651961-SHOW.pt
ASL-Citizen/videos/5627054130043769-LONG WORD.mp4,longword,183,features_cache/5627054130043769-LONG WORD.pt
ASL-Citizen/videos/5390836260513057-AGAIN.mp4,again,121,features_cache/5390836260513057-AGAIN.pt
ASL-Citizen/videos/5723102083146778-BYE.mp4,bye,2,features_cache/5723102083146778-BYE.pt
ASL-Citizen/videos/9533728144495868-CANNOT.mp4,cannot,116,features_cache/9533728144495868-CANNOT.pt
ASL-Citizen/videos/6425925223370912-WOMAN.mp4,woman1,31,features_cache/6425925223370912-WOMAN.pt
ASL-Citizen/videos/7153591422975427-LEFT.mp4,left,273,features_cache/7153591422975427-LEFT.pt
ASL-Citizen/videos/8711843853301069-HOLD 2.mp4,hold2,252,features_cache/8711843853301069-HOLD 2.pt
ASL-Citizen/videos/5372668319999747-NO.mp4,no,9,features_cache/5372668319999747-NO.pt
ASL-Citizen/videos/10366824705697897-RUN.mp4,run1,295,features_cache/10366824705697897-RUN.pt
ASL-Citizen/videos/44410022847934516-SCHOOL.mp4,school,49,features_cache/44410022847934516-SCHOOL.pt
ASL-Citizen/videos/6615680623563793-WEEK.mp4,week,58,features_cache/6615680623563793-WEEK.pt
ASL-Citizen/videos/9733795834896177-FAMILY.mp4,family,25,features_cache/9733795834896177-FAMILY.pt
ASL-Citizen/videos/6713742922476953-TALL 2.mp4,tall1,175,features_cache/6713742922476953-TALL 2.pt
ASL-Citizen/videos/46197109070449915-HAIR.mp4,hair1,229,features_cache/46197109070449915-HAIR.pt
ASL-Citizen/videos/5240684251499979-NIGHT.mp4,night1,56,features_cache/5240684251499979-NIGHT.pt
ASL-Citizen/videos/13716593291458-DINNER.mp4,dinner1,170,features_cache/13716593291458-DINNER.pt
ASL-Citizen/videos/651033414863019-CHEAT 1.mp4,cheat1,245,features_cache/651033414863019-CHEAT 1.pt
ASL-Citizen/videos/21587439094813377-LATER.mp4,later,54,features_cache/21587439094813377-LATER.pt
ASL-Citizen/videos/7071450710791192-DRINK.mp4,drink1,64,features_cache/7071450710791192-DRINK.pt
ASL-Citizen/videos/45595523266789084-NIGHT.mp4,night1,56,features_cache/45595523266789084-NIGHT.pt
ASL-Citizen/videos/8604241021179426-UNDERSTAND.mp4,understand,79,features_cache/8604241021179426-UNDERSTAND.pt
ASL-Citizen/videos/19034184972647705-WHITE.mp4,white,144,features_cache/19034184972647705-WHITE.pt
ASL-Citizen/videos/6916266453718567-TIRED OF.mp4,tiredof,94,features_cache/6916266453718567-TIRED OF.pt
ASL-Citizen/videos/5335771140468422-PIZZA.mp4,pizza1,282,features_cache/5335771140468422-PIZZA.pt
ASL-Citizen/videos/14661507159729847-MOTHER.mp4,mother,33,features_cache/14661507159729847-MOTHER.pt
ASL-Citizen/videos/39578907254070317-HAIR 2.mp4,hair2,230,features_cache/39578907254070317-HAIR 2.pt
ASL-Citizen/videos/3145784123962243-PIZZA 2.mp4,pizza2,283,features_cache/3145784123962243-PIZZA 2.pt
ASL-Citizen/videos/06675895309612145-RUN 2.mp4,run2,296,features_cache/06675895309612145-RUN 2.pt
ASL-Citizen/videos/33190365793073306-OLD.mp4,old,278,features_cache/33190365793073306-OLD.pt
ASL-Citizen/videos/18156591507416464-FRIEND.mp4,friend,26,features_cache/18156591507416464-FRIEND.pt
ASL-Citizen/videos/18091646894985214-PURPLE.mp4,purple,286,features_cache/18091646894985214-PURPLE.pt
ASL-Citizen/videos/40464690178395357-SKIN.mp4,skin,166,features_cache/40464690178395357-SKIN.pt
ASL-Citizen/videos/25154491602910256-FRIENDLY.mp4,friendly,27,features_cache/25154491602910256-FRIENDLY.pt
ASL-Citizen/videos/10365778744170284-DONT NEED.mp4,dontneed,194,features_cache/10365778744170284-DONT NEED.pt
ASL-Citizen/videos/12174913678763644-WHERE.mp4,where,37,features_cache/12174913678763644-WHERE.pt
ASL-Citizen/videos/49463366183609936-seedHOLD.mp4,hold1,251,features_cache/49463366183609936-seedHOLD.pt
ASL-Citizen/videos/15864000938153322-HIS.mp4,his,20,features_cache/15864000938153322-HIS.pt
ASL-Citizen/videos/19135289799198207-LEAVE.mp4,leave,74,features_cache/19135289799198207-LEAVE.pt
ASL-Citizen/videos/9506371438753063-THEY.mp4,they1,23,features_cache/9506371438753063-THEY.pt
ASL-Citizen/videos/21927964828335678-SNOW 2.mp4,snow2,209,features_cache/21927964828335678-SNOW 2.pt
ASL-Citizen/videos/763533172470803-MY.mp4,my,16,features_cache/763533172470803-MY.pt
ASL-Citizen/videos/40661092120875475-seedTEETH.mp4,teeth,204,features_cache/40661092120875475-seedTEETH.pt
ASL-Citizen/videos/703306221318301-NINE.mp4,nine,203,features_cache/703306221318301-NINE.pt
ASL-Citizen/videos/044977332478077336-WHO.mp4,who,13,features_cache/044977332478077336-WHO.pt
ASL-Citizen/videos/6641684428207479-SIDE.mp4,side,87,features_cache/6641684428207479-SIDE.pt
ASL-Citizen/videos/5691690490392591-HARD.mp4,hard,232,features_cache/5691690490392591-HARD.pt
ASL-Citizen/videos/8762598780854707-MONEY 2.mp4,money2,110,features_cache/8762598780854707-MONEY 2.pt
ASL-Citizen/videos/09714329486323847-NO.mp4,no,9,features_cache/09714329486323847-NO.pt
ASL-Citizen/videos/8795106651810436-MILK 2.mp4,milk2,130,features_cache/8795106651810436-MILK 2.pt
ASL-Citizen/videos/618543700116903-WRITE.mp4,write,137,features_cache/618543700116903-WRITE.pt
ASL-Citizen/videos/944735439541619-EXCITED.mp4,excited,96,features_cache/944735439541619-EXCITED.pt
ASL-Citizen/videos/9660722441175273-KNOW.mp4,know,77,features_cache/9660722441175273-KNOW.pt
ASL-Citizen/videos/19201583142863732-BLUE.mp4,blue,148,features_cache/19201583142863732-BLUE.pt
ASL-Citizen/videos/1652644700106638-EIGHT.mp4,eight,202,features_cache/1652644700106638-EIGHT.pt
ASL-Citizen/videos/08142431351693213-WOMAN.mp4,woman1,31,features_cache/08142431351693213-WOMAN.pt
ASL-Citizen/videos/7274767352225469-RESTAURANT.mp4,restaurant,104,features_cache/7274767352225469-RESTAURANT.pt
ASL-Citizen/videos/42511922263580515-BOY.mp4,boy,28,features_cache/42511922263580515-BOY.pt
ASL-Citizen/videos/8630323737077767-FIRST.mp4,first,216,features_cache/8630323737077767-FIRST.pt
ASL-Citizen/videos/3565636149888256-BREAD.mp4,bread,138,features_cache/3565636149888256-BREAD.pt
ASL-Citizen/videos/15769775934939156-THANK YOU.mp4,thankyou,6,features_cache/15769775934939156-THANK YOU.pt
ASL-Citizen/videos/7486172678428316-SKIN.mp4,skin,166,features_cache/7486172678428316-SKIN.pt
ASL-Citizen/videos/49442625448468736-RAIN.mp4,rain,206,features_cache/49442625448468736-RAIN.pt
ASL-Citizen/videos/9512664792021017-OUT.mp4,out,258,features_cache/9512664792021017-OUT.pt
ASL-Citizen/videos/858226615793301-DINNER.mp4,dinner1,170,features_cache/858226615793301-DINNER.pt
ASL-Citizen/videos/2591400086782589-RUN 2.mp4,run2,296,features_cache/2591400086782589-RUN 2.pt
ASL-Citizen/videos/5297196737430638-NEAR.mp4,near,277,features_cache/5297196737430638-NEAR.pt
ASL-Citizen/videos/35888089534387335-DRINK 2.mp4,drink2,65,features_cache/35888089534387335-DRINK 2.pt
ASL-Citizen/videos/015525886934910194-YELLOW.mp4,yellow,150,features_cache/015525886934910194-YELLOW.pt
ASL-Citizen/videos/374824970052654-BYE.mp4,bye,2,features_cache/374824970052654-BYE.pt
ASL-Citizen/videos/9009417011279943-THIRD.mp4,third1,220,features_cache/9009417011279943-THIRD.pt
ASL-Citizen/videos/16871429091899914-LOUD.mp4,loud,97,features_cache/16871429091899914-LOUD.pt
ASL-Citizen/videos/013466773824606593-WATCH.mp4,watch,82,features_cache/013466773824606593-WATCH.pt
ASL-Citizen/videos/10154165727018061-SIGN.mp4,sign,298,features_cache/10154165727018061-SIGN.pt
ASL-Citizen/videos/26594724732987984-TIME.mp4,time,178,features_cache/26594724732987984-TIME.pt
ASL-Citizen/videos/16741357652389932-SNOW.mp4,snow1,208,features_cache/16741357652389932-SNOW.pt
ASL-Citizen/videos/052708964480069564-IMPROVE.mp4,improve,154,features_cache/052708964480069564-IMPROVE.pt
ASL-Citizen/videos/9858313029489618-seedMYSELF.mp4,myself,17,features_cache/9858313029489618-seedMYSELF.pt
ASL-Citizen/videos/9272659447119582-SAD.mp4,sad,91,features_cache/9272659447119582-SAD.pt
ASL-Citizen/videos/7120588359756705-WATCH.mp4,watch,82,features_cache/7120588359756705-WATCH.pt
ASL-Citizen/videos/27994001464475615-COMPUTER.mp4,computer,113,features_cache/27994001464475615-COMPUTER.pt
ASL-Citizen/videos/7148081157574155-SHOUT.mp4,shout1,164,features_cache/7148081157574155-SHOUT.pt
ASL-Citizen/videos/6080643843120164-FATHER.mp4,father,34,features_cache/6080643843120164-FATHER.pt
ASL-Citizen/videos/16923876012285466-GO.mp4,go,70,features_cache/16923876012285466-GO.pt
ASL-Citizen/videos/5292677468409177-LONG.mp4,long,179,features_cache/5292677468409177-LONG.pt
ASL-Citizen/videos/5864467858333573-STEAK.mp4,steak,299,features_cache/5864467858333573-STEAK.pt
ASL-Citizen/videos/17244016466631074-FOURTH.mp4,fourth,222,features_cache/17244016466631074-FOURTH.pt
ASL-Citizen/videos/6020493495966244-VACATION.mp4,vacation,125,features_cache/6020493495966244-VACATION.pt
ASL-Citizen/videos/5584013314005547-WHY.mp4,why,39,features_cache/5584013314005547-WHY.pt
ASL-Citizen/videos/7502787709564622-SATURDAY.mp4,saturday,267,features_cache/7502787709564622-SATURDAY.pt
ASL-Citizen/videos/47017724784893633-seedPLEASE.mp4,please,5,features_cache/47017724784893633-seedPLEASE.pt
ASL-Citizen/videos/39480858175448996-FACE.mp4,face,250,features_cache/39480858175448996-FACE.pt
ASL-Citizen/videos/9731388047096738-WHAT 1.mp4,what2,12,features_cache/9731388047096738-WHAT 1.pt
ASL-Citizen/videos/3931430132703928-TALK 2.mp4,talk2,89,features_cache/3931430132703928-TALK 2.pt
ASL-Citizen/videos/10542513580735968-HOW.mp4,how1,41,features_cache/10542513580735968-HOW.pt
ASL-Citizen/videos/18139225250054647-PLAY.mp4,play,68,features_cache/18139225250054647-PLAY.pt
ASL-Citizen/videos/3204407663915092-FIND.mp4,find,224,features_cache/3204407663915092-FIND.pt
ASL-Citizen/videos/1340047788442178-seedHAT.mp4,hat1,233,features_cache/1340047788442178-seedHAT.pt
ASL-Citizen/videos/06483601782154702-SCHOOL.mp4,school,49,features_cache/06483601782154702-SCHOOL.pt
ASL-Citizen/videos/08609561861401249-LOUD.mp4,loud,97,features_cache/08609561861401249-LOUD.pt
ASL-Citizen/videos/5617294863115725-THREE.mp4,three,198,features_cache/5617294863115725-THREE.pt
ASL-Citizen/videos/45071794127902787-VACATION.mp4,vacation,125,features_cache/45071794127902787-VACATION.pt
ASL-Citizen/videos/6410754012541073-BECAUSE.mp4,because,124,features_cache/6410754012541073-BECAUSE.pt
ASL-Citizen/videos/32965084799922706-WHY.mp4,why,39,features_cache/32965084799922706-WHY.pt
ASL-Citizen/videos/5983459406831033-FIND.mp4,find,224,features_cache/5983459406831033-FIND.pt
ASL-Citizen/videos/09145990846220031-BAD.mp4,bad,4,features_cache/09145990846220031-BAD.pt
ASL-Citizen/videos/9957868929062672-WHERE.mp4,where,37,features_cache/9957868929062672-WHERE.pt
ASL-Citizen/videos/44709542373395816-FOR.mp4,for,215,features_cache/44709542373395816-FOR.pt
ASL-Citizen/videos/5870745368431491-CANNOT.mp4,cannot,116,features_cache/5870745368431491-CANNOT.pt
ASL-Citizen/videos/010369524824967558-SORRY.mp4,sorry,7,features_cache/010369524824967558-SORRY.pt
ASL-Citizen/videos/7472491282176557-HELLO.mp4,hello,0,features_cache/7472491282176557-HELLO.pt
ASL-Citizen/videos/5133937834201301-INSIDE.mp4,inside,257,features_cache/5133937834201301-INSIDE.pt
ASL-Citizen/videos/26520120613127607-seedTHREE.mp4,three,198,features_cache/26520120613127607-seedTHREE.pt
ASL-Citizen/videos/02289857497596337-GAME.mp4,game,275,features_cache/02289857497596337-GAME.pt
ASL-Citizen/videos/4259753153246131-MONEY 2.mp4,money2,110,features_cache/4259753153246131-MONEY 2.pt
ASL-Citizen/videos/500596030832974-RIGHT 2.mp4,right2,292,features_cache/500596030832974-RIGHT 2.pt
ASL-Citizen/videos/049280502456922726-POLICEMAN 2.mp4,policeman2,153,features_cache/049280502456922726-POLICEMAN 2.pt
ASL-Citizen/videos/3194350998798998-WASH MACHINE.mp4,washmachine,240,features_cache/3194350998798998-WASH MACHINE.pt
ASL-Citizen/videos/27425662753728997-MONEY.mp4,money1,109,features_cache/27425662753728997-MONEY.pt
ASL-Citizen/videos/5919946010475778-RUN 2.mp4,run2,296,features_cache/5919946010475778-RUN 2.pt
ASL-Citizen/videos/1567731206602907-WANT 2.mp4,want1,100,features_cache/1567731206602907-WANT 2.pt
ASL-Citizen/videos/9486655421389341-FIRST.mp4,first,216,features_cache/9486655421389341-FIRST.pt
ASL-Citizen/videos/5962402478217768-FOREST.mp4,forest,126,features_cache/5962402478217768-FOREST.pt
ASL-Citizen/videos/6584811806296229-ICECREAM.mp4,icecream,187,features_cache/6584811806296229-ICECREAM.pt
ASL-Citizen/videos/7418828858707194-seedYELLOW.mp4,yellow,150,features_cache/7418828858707194-seedYELLOW.pt
ASL-Citizen/videos/012877022575290109-MOTHER.mp4,mother,33,features_cache/012877022575290109-MOTHER.pt
ASL-Citizen/videos/9819934669641803-MONTH.mp4,month,60,features_cache/9819934669641803-MONTH.pt
ASL-Citizen/videos/5060534939727759-SHORT WORD.mp4,shortword,161,features_cache/5060534939727759-SHORT WORD.pt
ASL-Citizen/videos/45850991964011034-NAME.mp4,name,10,features_cache/45850991964011034-NAME.pt
ASL-Citizen/videos/32838564647007873-SLEEP.mp4,sleep,66,features_cache/32838564647007873-SLEEP.pt
ASL-Citizen/videos/23400385185193318-FRIEND.mp4,friend,26,features_cache/23400385185193318-FRIEND.pt
ASL-Citizen/videos/34639776933279465-MORNING.mp4,morning,55,features_cache/34639776933279465-MORNING.pt
ASL-Citizen/videos/9377005568553618-WHITE.mp4,white,144,features_cache/9377005568553618-WHITE.pt
ASL-Citizen/videos/0940927928215547-WRITE.mp4,write,137,features_cache/0940927928215547-WRITE.pt
ASL-Citizen/videos/961943704393915-WASH FACE_1.mp4,washface1,237,features_cache/961943704393915-WASH FACE_1.pt
ASL-Citizen/videos/7632630995933416-STEAK.mp4,steak,299,features_cache/7632630995933416-STEAK.pt
ASL-Citizen/videos/11837476102039224-SHOP 1.mp4,shop2,103,features_cache/11837476102039224-SHOP 1.pt
ASL-Citizen/videos/6909828320935993-SHOT.mp4,shot,162,features_cache/6909828320935993-SHOT.pt
ASL-Citizen/videos/6086450098923455-SATURDAY.mp4,saturday,267,features_cache/6086450098923455-SATURDAY.pt
ASL-Citizen/videos/16644724898055996-BOOK.mp4,book,108,features_cache/16644724898055996-BOOK.pt
ASL-Citizen/videos/3314472425156667-WASH 3.mp4,wash2,242,features_cache/3314472425156667-WASH 3.pt
ASL-Citizen/videos/03799834629318344-TELL.mp4,tell,83,features_cache/03799834629318344-TELL.pt
ASL-Citizen/videos/222700149268376-SHORT WORD.mp4,shortword,161,features_cache/222700149268376-SHORT WORD.pt
ASL-Citizen/videos/5741118616274716-GIRL.mp4,girl,29,features_cache/5741118616274716-GIRL.pt
ASL-Citizen/videos/860067288682923-FIRST.mp4,first,216,features_cache/860067288682923-FIRST.pt
ASL-Citizen/videos/5113055241755604-HEAR 2.mp4,hear2,22,features_cache/5113055241755604-HEAR 2.pt
ASL-Citizen/videos/264956268697103-SMALL.mp4,small,155,features_cache/264956268697103-SMALL.pt
ASL-Citizen/videos/01014912198071638-WEAK.mp4,weak,59,features_cache/01014912198071638-WEAK.pt
ASL-Citizen/videos/9302049144448172-HOLD 2.mp4,hold2,252,features_cache/9302049144448172-HOLD 2.pt
ASL-Citizen/videos/8725484513196773-THERE.mp4,there,46,features_cache/8725484513196773-THERE.pt
ASL-Citizen/videos/4812217253961326-OVER.mp4,over,260,features_cache/4812217253961326-OVER.pt
ASL-Citizen/videos/5657465687795697-TEETH.mp4,teeth,204,features_cache/5657465687795697-TEETH.pt
ASL-Citizen/videos/39141577391001214-THUNDER.mp4,thunder,261,features_cache/39141577391001214-THUNDER.pt
ASL-Citizen/videos/7757946316597986-STOP.mp4,stop,300,features_cache/7757946316597986-STOP.pt
ASL-Citizen/videos/8405641866045686-POLICEMAN 2.mp4,policeman2,153,features_cache/8405641866045686-POLICEMAN 2.pt
ASL-Citizen/videos/2299340554992333-SHOT.mp4,shot,162,features_cache/2299340554992333-SHOT.pt
ASL-Citizen/videos/9045352684495234-BIG.mp4,big,156,features_cache/9045352684495234-BIG.pt
ASL-Citizen/videos/4590507834698916-MONTH.mp4,month,60,features_cache/4590507834698916-MONTH.pt
ASL-Citizen/videos/5364099632888073-FRIEND.mp4,friend,26,features_cache/5364099632888073-FRIEND.pt
ASL-Citizen/videos/3828339008962236-QM.mp4,qm,285,features_cache/3828339008962236-QM.pt
ASL-Citizen/videos/7732187304343618-HOLD.mp4,hold1,251,features_cache/7732187304343618-HOLD.pt
ASL-Citizen/videos/39415039658354356-POLICEMAN 2.mp4,policeman2,153,features_cache/39415039658354356-POLICEMAN 2.pt
ASL-Citizen/videos/7753784920266547-RUN 2.mp4,run2,296,features_cache/7753784920266547-RUN 2.pt
ASL-Citizen/videos/9841454980001991-FAST.mp4,fast,169,features_cache/9841454980001991-FAST.pt
ASL-Citizen/videos/9303557889829679-MOTHER.mp4,mother,33,features_cache/9303557889829679-MOTHER.pt
ASL-Citizen/videos/41300781278902954-RUN 2.mp4,run2,296,features_cache/41300781278902954-RUN 2.pt
ASL-Citizen/videos/7592054256105005-SNOW 2.mp4,snow2,209,features_cache/7592054256105005-SNOW 2.pt
ASL-Citizen/videos/4908670885275046-ONE.mp4,one,196,features_cache/4908670885275046-ONE.pt
ASL-Citizen/videos/002812892386135246-SNOW.mp4,snow1,208,features_cache/002812892386135246-SNOW.pt
ASL-Citizen/videos/02390770742279491-YELLOW.mp4,yellow,150,features_cache/02390770742279491-YELLOW.pt
ASL-Citizen/videos/7753914957104289-HAT 2.mp4,hat2,234,features_cache/7753914957104289-HAT 2.pt
ASL-Citizen/videos/6938238290579508-HIS.mp4,his,20,features_cache/6938238290579508-HIS.pt
ASL-Citizen/videos/3324653493466978-PEN.mp4,pen,281,features_cache/3324653493466978-PEN.pt
ASL-Citizen/videos/6568595279283049-KNOW.mp4,know,77,features_cache/6568595279283049-KNOW.pt
ASL-Citizen/videos/7756454968574309-MOTHER.mp4,mother,33,features_cache/7756454968574309-MOTHER.pt
ASL-Citizen/videos/8338473207020309-JUICE 2.mp4,juice1,127,features_cache/8338473207020309-JUICE 2.pt
ASL-Citizen/videos/7290227249431431-YOUR.mp4,your,18,features_cache/7290227249431431-YOUR.pt
ASL-Citizen/videos/818518235135171-STEAK.mp4,steak,299,features_cache/818518235135171-STEAK.pt
ASL-Citizen/videos/072593775676848-LONG WORD.mp4,longword,183,features_cache/072593775676848-LONG WORD.pt
ASL-Citizen/videos/3283395665440456-seedTWO.mp4,two,197,features_cache/3283395665440456-seedTWO.pt
ASL-Citizen/videos/22336420027857895-ICECREAM.mp4,icecream,187,features_cache/22336420027857895-ICECREAM.pt
ASL-Citizen/videos/06836612476374282-READ.mp4,read,134,features_cache/06836612476374282-READ.pt
ASL-Citizen/videos/27014992927457837-PERSON.mp4,person,151,features_cache/27014992927457837-PERSON.pt
ASL-Citizen/videos/9350652316329631-seedFOOTBALL.mp4,football,214,features_cache/9350652316329631-seedFOOTBALL.pt
ASL-Citizen/videos/3997168861475149-HE.mp4,he,236,features_cache/3997168861475149-HE.pt
ASL-Citizen/videos/9203138462369036-HELLO.mp4,hello,0,features_cache/9203138462369036-HELLO.pt
ASL-Citizen/videos/8524102042269066-COME HERE.mp4,comehere,72,features_cache/8524102042269066-COME HERE.pt
ASL-Citizen/videos/8700791587434977-WASH 1.mp4,wash1,241,features_cache/8700791587434977-WASH 1.pt
ASL-Citizen/videos/5278795760893484-NO.mp4,no,9,features_cache/5278795760893484-NO.pt
ASL-Citizen/videos/5503567055178287-PURPLE.mp4,purple,286,features_cache/5503567055178287-PURPLE.pt
ASL-Citizen/videos/39544020142276715-CHEAT 2.mp4,cheat2,246,features_cache/39544020142276715-CHEAT 2.pt
ASL-Citizen/videos/8473402806909991-FAST.mp4,fast,169,features_cache/8473402806909991-FAST.pt
ASL-Citizen/videos/9240929402876865-THIRD.mp4,third1,220,features_cache/9240929402876865-THIRD.pt
ASL-Citizen/videos/9082017240897693-NIGHT 2.mp4,night2,57,features_cache/9082017240897693-NIGHT 2.pt
ASL-Citizen/videos/24614412973390287-PHONE.mp4,phone,107,features_cache/24614412973390287-PHONE.pt
ASL-Citizen/videos/5241068902608812-STOP.mp4,stop,300,features_cache/5241068902608812-STOP.pt
ASL-Citizen/videos/7073045568808487-HAT 2.mp4,hat2,234,features_cache/7073045568808487-HAT 2.pt
ASL-Citizen/videos/14912839497252617-POLICEMAN 2.mp4,policeman2,153,features_cache/14912839497252617-POLICEMAN 2.pt
ASL-Citizen/videos/759416054870427-TALK 2.mp4,talk2,89,features_cache/759416054870427-TALK 2.pt
ASL-Citizen/videos/4764899254063222-WANT.mp4,want2,101,features_cache/4764899254063222-WANT.pt
ASL-Citizen/videos/6639130070471357-SHORT PERSON.mp4,shortperson,159,features_cache/6639130070471357-SHORT PERSON.pt
ASL-Citizen/videos/5806721734598892-NAME.mp4,name,10,features_cache/5806721734598892-NAME.pt
ASL-Citizen/videos/29975883523571745-HOSPITAL.mp4,hospital1,247,features_cache/29975883523571745-HOSPITAL.pt
ASL-Citizen/videos/052906472872056964-FRIDAY.mp4,friday,266,features_cache/052906472872056964-FRIDAY.pt
ASL-Citizen/videos/318643997090005-VACATION.mp4,vacation,125,features_cache/318643997090005-VACATION.pt
ASL-Citizen/videos/5126429605687421-MYSELF.mp4,myself,17,features_cache/5126429605687421-MYSELF.pt
ASL-Citizen/videos/3186686241379755-NOW.mp4,now,53,features_cache/3186686241379755-NOW.pt
ASL-Citizen/videos/6600399418043068-THEY 2.mp4,they2,24,features_cache/6600399418043068-THEY 2.pt
ASL-Citizen/videos/5419469718181713-WAIT.mp4,wait,76,features_cache/5419469718181713-WAIT.pt
ASL-Citizen/videos/03646201569063057-BASKETBALL 3.mp4,basketball2,212,features_cache/03646201569063057-BASKETBALL 3.pt
ASL-Citizen/videos/03133464561370869-HOLIDAY.mp4,holiday,253,features_cache/03133464561370869-HOLIDAY.pt
ASL-Citizen/videos/4871963041461278-RIGHT 2.mp4,right2,292,features_cache/4871963041461278-RIGHT 2.pt
ASL-Citizen/videos/7894459854982301-TOMORROW.mp4,tomorrow,51,features_cache/7894459854982301-TOMORROW.pt
ASL-Citizen/videos/4912279937692121-WANT.mp4,want2,101,features_cache/4912279937692121-WANT.pt
ASL-Citizen/videos/6424415156535459-CLOTHES.mp4,clothes,143,features_cache/6424415156535459-CLOTHES.pt
ASL-Citizen/videos/3254786099153295-WASH FACE_1.mp4,washface1,237,features_cache/3254786099153295-WASH FACE_1.pt
ASL-Citizen/videos/02109471192249468-CHEAT 2.mp4,cheat2,246,features_cache/02109471192249468-CHEAT 2.pt
ASL-Citizen/videos/9911307109894087-DONT WANT.mp4,dontwant,195,features_cache/9911307109894087-DONT WANT.pt
ASL-Citizen/videos/37603527309882545-RING.mp4,ring,294,features_cache/37603527309882545-RING.pt
ASL-Citizen/videos/3996039501370885-RING.mp4,ring,294,features_cache/3996039501370885-RING.pt
ASL-Citizen/videos/8130816152748326-SIDE.mp4,side,87,features_cache/8130816152748326-SIDE.pt
ASL-Citizen/videos/9696358832658585-OUT.mp4,out,258,features_cache/9696358832658585-OUT.pt
ASL-Citizen/videos/7193306966325836-TWO.mp4,two,197,features_cache/7193306966325836-TWO.pt
ASL-Citizen/videos/7918538607974768-COFFEE.mp4,coffee,131,features_cache/7918538607974768-COFFEE.pt
ASL-Citizen/videos/5584096536271081-SNOW.mp4,snow1,208,features_cache/5584096536271081-SNOW.pt
ASL-Citizen/videos/7916495735966247-FROM.mp4,from,44,features_cache/7916495735966247-FROM.pt
ASL-Citizen/videos/023534771855838965-HURT.mp4,hurt,255,features_cache/023534771855838965-HURT.pt
ASL-Citizen/videos/9114813040146601-CLOTHES.mp4,clothes,143,features_cache/9114813040146601-CLOTHES.pt
ASL-Citizen/videos/038232481550809494-SHOT.mp4,shot,162,features_cache/038232481550809494-SHOT.pt
ASL-Citizen/videos/2374155228317818-UNDERSTAND.mp4,understand,79,features_cache/2374155228317818-UNDERSTAND.pt
ASL-Citizen/videos/5141622294161379-FOUR.mp4,four,199,features_cache/5141622294161379-FOUR.pt
ASL-Citizen/videos/49164190713576983-PIZZA 2.mp4,pizza2,283,features_cache/49164190713576983-PIZZA 2.pt
ASL-Citizen/videos/6432109399010373-PHONE.mp4,phone,107,features_cache/6432109399010373-PHONE.pt
ASL-Citizen/videos/21756431783227015-RELAX 2.mp4,relax2,289,features_cache/21756431783227015-RELAX 2.pt
ASL-Citizen/videos/27284156482762456-LONG WORD.mp4,longword,183,features_cache/27284156482762456-LONG WORD.pt
ASL-Citizen/videos/8421610824077612-MONDAY.mp4,monday,263,features_cache/8421610824077612-MONDAY.pt
ASL-Citizen/videos/15649549332040413-PEN.mp4,pen,281,features_cache/15649549332040413-PEN.pt
ASL-Citizen/videos/7746670847435237-FISHING 2.mp4,fishing2,219,features_cache/7746670847435237-FISHING 2.pt
ASL-Citizen/videos/16581300472849425-TEETH.mp4,teeth,204,features_cache/16581300472849425-TEETH.pt
ASL-Citizen/videos/9068800145481184-FOURTH.mp4,fourth,222,features_cache/9068800145481184-FOURTH.pt
ASL-Citizen/videos/2826325413445505-SKIRT.mp4,skirt,167,features_cache/2826325413445505-SKIRT.pt
ASL-Citizen/videos/17076748454586044-QM.mp4,qm,285,features_cache/17076748454586044-QM.pt
ASL-Citizen/videos/6369072050593674-DONT CARE.mp4,dontcare,189,features_cache/6369072050593674-DONT CARE.pt
ASL-Citizen/videos/7352667349478763-EIGHT.mp4,eight,202,features_cache/7352667349478763-EIGHT.pt
ASL-Citizen/videos/15498675309554577-YES.mp4,yes,8,features_cache/15498675309554577-YES.pt
ASL-Citizen/videos/49715791083486915-FOREST.mp4,forest,126,features_cache/49715791083486915-FOREST.pt
ASL-Citizen/videos/1156479737706344-SKIN.mp4,skin,166,features_cache/1156479737706344-SKIN.pt
ASL-Citizen/videos/8430551013999454-SHOT.mp4,shot,162,features_cache/8430551013999454-SHOT.pt
ASL-Citizen/videos/8202735222055768-TINY.mp4,tiny,157,features_cache/8202735222055768-TINY.pt
ASL-Citizen/videos/9769267612383263-HOLIDAY.mp4,holiday,253,features_cache/9769267612383263-HOLIDAY.pt
ASL-Citizen/videos/16501735528077632-HELLO.mp4,hello,0,features_cache/16501735528077632-HELLO.pt
ASL-Citizen/videos/3211415289488089-MY.mp4,my,16,features_cache/3211415289488089-MY.pt
ASL-Citizen/videos/47443054401660745-WEEK.mp4,week,58,features_cache/47443054401660745-WEEK.pt
ASL-Citizen/videos/4408911106822304-WATER.mp4,water,112,features_cache/4408911106822304-WATER.pt
ASL-Citizen/videos/6926119866757408-WEDNESDAY.mp4,wednesday,265,features_cache/6926119866757408-WEDNESDAY.pt
ASL-Citizen/videos/7910994357480832-FOOTBALL.mp4,football,214,features_cache/7910994357480832-FOOTBALL.pt
ASL-Citizen/videos/9404479880375034-BYE.mp4,bye,2,features_cache/9404479880375034-BYE.pt
ASL-Citizen/videos/8273509006964852-seedWARM.mp4,warm,243,features_cache/8273509006964852-seedWARM.pt
ASL-Citizen/videos/19573545742838472-RING.mp4,ring,294,features_cache/19573545742838472-RING.pt
ASL-Citizen/videos/8138364046329691-FOUR.mp4,four,199,features_cache/8138364046329691-FOUR.pt
ASL-Citizen/videos/08375958886756041-WANT 2.mp4,want1,100,features_cache/08375958886756041-WANT 2.pt
ASL-Citizen/videos/38059420600986527-HEAR 2.mp4,hear2,22,features_cache/38059420600986527-HEAR 2.pt
ASL-Citizen/videos/34500589939145065-RELAX.mp4,relax1,288,features_cache/34500589939145065-RELAX.pt
ASL-Citizen/videos/6754123313977809-CAR.mp4,car,106,features_cache/6754123313977809-CAR.pt
ASL-Citizen/videos/8904744435710559-THREE.mp4,three,198,features_cache/8904744435710559-THREE.pt
ASL-Citizen/videos/07019408741132804-HOSPITAL 2.mp4,hospital2,248,features_cache/07019408741132804-HOSPITAL 2.pt
ASL-Citizen/videos/5128050702012583-DINNER.mp4,dinner1,170,features_cache/5128050702012583-DINNER.pt
ASL-Citizen/videos/8184776123317723-CHECK.mp4,check,249,features_cache/8184776123317723-CHECK.pt
ASL-Citizen/videos/7403246187377583-PIZZA.mp4,pizza1,282,features_cache/7403246187377583-PIZZA.pt
ASL-Citizen/videos/7893250652729917-FOURTH.mp4,fourth,222,features_cache/7893250652729917-FOURTH.pt
ASL-Citizen/videos/9781465154800835-BAD.mp4,bad,4,features_cache/9781465154800835-BAD.pt
ASL-Citizen/videos/5449802016546894-SUNDAY.mp4,sunday,268,features_cache/5449802016546894-SUNDAY.pt
ASL-Citizen/videos/39626463640968645-HOLD.mp4,hold1,251,features_cache/39626463640968645-HOLD.pt
ASL-Citizen/videos/16081685800591838-FIND.mp4,find,224,features_cache/16081685800591838-FIND.pt
ASL-Citizen/videos/916060564837561-DONT NEED.mp4,dontneed,194,features_cache/916060564837561-DONT NEED.pt
ASL-Citizen/videos/5409664005175514-DONT LIKE.mp4,dontlike,192,features_cache/5409664005175514-DONT LIKE.pt
ASL-Citizen/videos/972479484116213-GAME.mp4,game,275,features_cache/972479484116213-GAME.pt
ASL-Citizen/videos/2523790933236125-OK.mp4,ok,136,features_cache/2523790933236125-OK.pt
ASL-Citizen/videos/6504234134902995-UNDERSTAND.mp4,understand,79,features_cache/6504234134902995-UNDERSTAND.pt
ASL-Citizen/videos/4666621316878514-QM.mp4,qm,285,features_cache/4666621316878514-QM.pt
ASL-Citizen/videos/0017391516388771677-BIG.mp4,big,156,features_cache/0017391516388771677-BIG.pt
ASL-Citizen/videos/4821487626510894-SLOW.mp4,slow,168,features_cache/4821487626510894-SLOW.pt
ASL-Citizen/videos/5403510061467895-REMEMBER 2.mp4,remember1,80,features_cache/5403510061467895-REMEMBER 2.pt
ASL-Citizen/videos/6026174616490403-THIRD.mp4,third1,220,features_cache/6026174616490403-THIRD.pt
ASL-Citizen/videos/5086571279720689-GREEN.mp4,green,149,features_cache/5086571279720689-GREEN.pt
ASL-Citizen/videos/14796896671179316-FEW.mp4,few,1,features_cache/14796896671179316-FEW.pt
ASL-Citizen/videos/37780053305133543-RIGHT 2.mp4,right2,292,features_cache/37780053305133543-RIGHT 2.pt
ASL-Citizen/videos/5658154673231015-WASH 3.mp4,wash2,242,features_cache/5658154673231015-WASH 3.pt
ASL-Citizen/videos/24272059297973403-DONT NEED.mp4,dontneed,194,features_cache/24272059297973403-DONT NEED.pt
ASL-Citizen/videos/7430618623907139-LOUD.mp4,loud,97,features_cache/7430618623907139-LOUD.pt
ASL-Citizen/videos/5913040354604167-REMEMBER 2.mp4,remember1,80,features_cache/5913040354604167-REMEMBER 2.pt
ASL-Citizen/videos/46893704717360163-TIRED.mp4,tired,93,features_cache/46893704717360163-TIRED.pt
ASL-Citizen/videos/42045018312776294-SEVEN.mp4,seven,201,features_cache/42045018312776294-SEVEN.pt
ASL-Citizen/videos/6216124457704006-REMEMBER.mp4,remember2,81,features_cache/6216124457704006-REMEMBER.pt
ASL-Citizen/videos/22977877961428916-SHOW.mp4,show,85,features_cache/22977877961428916-SHOW.pt
ASL-Citizen/videos/7152372336305213-EIGHT.mp4,eight,202,features_cache/7152372336305213-EIGHT.pt
ASL-Citizen/videos/03506330749112463-SIDE.mp4,side,87,features_cache/03506330749112463-SIDE.pt
ASL-Citizen/videos/3566926001804689-TALL.mp4,tall2,176,features_cache/3566926001804689-TALL.pt
ASL-Citizen/videos/5689772662149204-MEET.mp4,meet,276,features_cache/5689772662149204-MEET.pt
ASL-Citizen/videos/28637448165850565-TUESDAY.mp4,tuesday,264,features_cache/28637448165850565-TUESDAY.pt
ASL-Citizen/videos/5556821084355537-COME.mp4,come,71,features_cache/5556821084355537-COME.pt
ASL-Citizen/videos/8824792397081636-MONEY.mp4,money1,109,features_cache/8824792397081636-MONEY.pt
ASL-Citizen/videos/618705132779968-LIKE.mp4,like,99,features_cache/618705132779968-LIKE.pt
ASL-Citizen/videos/8005569298899775-SHOUT 2.mp4,shout2,165,features_cache/8005569298899775-SHOUT 2.pt
ASL-Citizen/videos/4622586303701912-TALL.mp4,tall2,176,features_cache/4622586303701912-TALL.pt
ASL-Citizen/videos/09267903800180943-DONT CARE.mp4,dontcare,189,features_cache/09267903800180943-DONT CARE.pt
ASL-Citizen/videos/3377761068886662-TELL.mp4,tell,83,features_cache/3377761068886662-TELL.pt
ASL-Citizen/videos/5417596504832145-BEFORE.mp4,before,122,features_cache/5417596504832145-BEFORE.pt
ASL-Citizen/videos/8465950529846231-FOURTH.mp4,fourth,222,features_cache/8465950529846231-FOURTH.pt
ASL-Citizen/videos/043586308791437656-seedTHEY.mp4,they1,23,features_cache/043586308791437656-seedTHEY.pt
ASL-Citizen/videos/2056498366600299-BREAD.mp4,bread,138,features_cache/2056498366600299-BREAD.pt
ASL-Citizen/videos/7389026313346527-WRITE.mp4,write,137,features_cache/7389026313346527-WRITE.pt
ASL-Citizen/videos/5473593468641376-CAR.mp4,car,106,features_cache/5473593468641376-CAR.pt
ASL-Citizen/videos/5517322359126737-SHORTS.mp4,shorts,160,features_cache/5517322359126737-SHORTS.pt
ASL-Citizen/videos/9605514183091044-HUG.mp4,hug,254,features_cache/9605514183091044-HUG.pt
ASL-Citizen/videos/8003668394064665-THIRD 2.mp4,third2,221,features_cache/8003668394064665-THIRD 2.pt
ASL-Citizen/videos/8582408947341107-STEAK.mp4,steak,299,features_cache/8582408947341107-STEAK.pt
ASL-Citizen/videos/4326169993763198-FINE.mp4,fine1,225,features_cache/4326169993763198-FINE.pt
ASL-Citizen/videos/0022330289147958204-RESTAURANT.mp4,restaurant,104,features_cache/0022330289147958204-RESTAURANT.pt
ASL-Citizen/videos/43876125183584724-BROTHER.mp4,brother,35,features_cache/43876125183584724-BROTHER.pt
ASL-Citizen/videos/06007283346694203-WOMAN 2.mp4,woman2,32,features_cache/06007283346694203-WOMAN 2.pt
ASL-Citizen/videos/41579421019094553-GO.mp4,go,70,features_cache/41579421019094553-GO.pt
ASL-Citizen/videos/5697313562254007-DINNER 2.mp4,dinner2,171,features_cache/5697313562254007-DINNER 2.pt
ASL-Citizen/videos/43379976436209144-FOUR.mp4,four,199,features_cache/43379976436209144-FOUR.pt
ASL-Citizen/videos/4890416881667763-THURSDAY.mp4,thursday,262,features_cache/4890416881667763-THURSDAY.pt
ASL-Citizen/videos/15614531692180766-HOME.mp4,home,47,features_cache/15614531692180766-HOME.pt
ASL-Citizen/videos/8450749478025767-OK.mp4,ok,136,features_cache/8450749478025767-OK.pt
ASL-Citizen/videos/33189903036843615-RUN 2.mp4,run2,296,features_cache/33189903036843615-RUN 2.pt
ASL-Citizen/videos/3633921379770304-HOLD 2.mp4,hold2,252,features_cache/3633921379770304-HOLD 2.pt
ASL-Citizen/videos/394147254494269-NIGHT.mp4,night1,56,features_cache/394147254494269-NIGHT.pt
ASL-Citizen/videos/9985745932254821-SEVEN.mp4,seven,201,features_cache/9985745932254821-SEVEN.pt
ASL-Citizen/videos/13948933072732062-FALL 1.mp4,fall1,173,features_cache/13948933072732062-FALL 1.pt
ASL-Citizen/videos/9140450917748142-DRINK.mp4,drink1,64,features_cache/9140450917748142-DRINK.pt
ASL-Citizen/videos/5798535143557326-QM.mp4,qm,285,features_cache/5798535143557326-QM.pt
ASL-Citizen/videos/6246549914691799-CHEAT 2.mp4,cheat2,246,features_cache/6246549914691799-CHEAT 2.pt
ASL-Citizen/videos/2713480431397004-SHOW.mp4,show,85,features_cache/2713480431397004-SHOW.pt
ASL-Citizen/videos/1598405566222576-BALL.mp4,ball,210,features_cache/1598405566222576-BALL.pt
ASL-Citizen/videos/9015399008682803-THIRD.mp4,third1,220,features_cache/9015399008682803-THIRD.pt
ASL-Citizen/videos/058458605578864065-FACE.mp4,face,250,features_cache/058458605578864065-FACE.pt
ASL-Citizen/videos/24868222822500607-SHOWER.mp4,shower,86,features_cache/24868222822500607-SHOWER.pt
ASL-Citizen/videos/4389982695474757-SHOUT 2.mp4,shout2,165,features_cache/4389982695474757-SHOUT 2.pt
ASL-Citizen/videos/41834710024392185-YELLOW.mp4,yellow,150,features_cache/41834710024392185-YELLOW.pt
ASL-Citizen/videos/9250337733512255-BLACK.mp4,black,145,features_cache/9250337733512255-BLACK.pt
ASL-Citizen/videos/786904041828574-THUNDER.mp4,thunder,261,features_cache/786904041828574-THUNDER.pt
ASL-Citizen/videos/12787903894097874-FIFTH.mp4,fifth,223,features_cache/12787903894097874-FIFTH.pt
ASL-Citizen/videos/48474754557507294-PEN.mp4,pen,281,features_cache/48474754557507294-PEN.pt
ASL-Citizen/videos/9962081495357855-THANK YOU.mp4,thankyou,6,features_cache/9962081495357855-THANK YOU.pt
ASL-Citizen/videos/07918650930286386-IN.mp4,in,256,features_cache/07918650930286386-IN.pt
ASL-Citizen/videos/006759596328494544-WANT.mp4,want2,101,features_cache/006759596328494544-WANT.pt
ASL-Citizen/videos/12154644639629164-WASH FACE_2.mp4,washface2,238,features_cache/12154644639629164-WASH FACE_2.pt
ASL-Citizen/videos/09163677816779625-TOMORROW.mp4,tomorrow,51,features_cache/09163677816779625-TOMORROW.pt
ASL-Citizen/videos/3893021840905462-WHAT 1.mp4,what2,12,features_cache/3893021840905462-WHAT 1.pt
ASL-Citizen/videos/7340640373745668-WANT.mp4,want2,101,features_cache/7340640373745668-WANT.pt
ASL-Citizen/videos/60379935797336-RIGHT 1.mp4,right1,291,features_cache/60379935797336-RIGHT 1.pt
ASL-Citizen/videos/23176657160280856-IN.mp4,in,256,features_cache/23176657160280856-IN.pt
ASL-Citizen/videos/03311997257343724-EXCITED.mp4,excited,96,features_cache/03311997257343724-EXCITED.pt
ASL-Citizen/videos/44029086901589953-FIND.mp4,find,224,features_cache/44029086901589953-FIND.pt
ASL-Citizen/videos/9517356256695517-TELL.mp4,tell,83,features_cache/9517356256695517-TELL.pt
ASL-Citizen/videos/7932494857931853-SICK.mp4,sick,95,features_cache/7932494857931853-SICK.pt
ASL-Citizen/videos/4691017505162802-seedHOME.mp4,home,47,features_cache/4691017505162802-seedHOME.pt
ASL-Citizen/videos/011053589241707185-BYE.mp4,bye,2,features_cache/011053589241707185-BYE.pt
ASL-Citizen/videos/5638884516081213-SHOW.mp4,show,85,features_cache/5638884516081213-SHOW.pt
ASL-Citizen/videos/5843445915901924-ONE.mp4,one,196,features_cache/5843445915901924-ONE.pt
ASL-Citizen/videos/024905656286982047-WASH 1.mp4,wash1,241,features_cache/024905656286982047-WASH 1.pt
ASL-Citizen/videos/9362990083138052-THIRD 2.mp4,third2,221,features_cache/9362990083138052-THIRD 2.pt
ASL-Citizen/videos/9850177164607337-WATER.mp4,water,112,features_cache/9850177164607337-WATER.pt
ASL-Citizen/videos/6473545425669365-OVER.mp4,over,260,features_cache/6473545425669365-OVER.pt
ASL-Citizen/videos/07550237967516482-NAME.mp4,name,10,features_cache/07550237967516482-NAME.pt
ASL-Citizen/videos/2670033250283277-seedFALL 2.mp4,fall2,174,features_cache/2670033250283277-seedFALL 2.pt
ASL-Citizen/videos/4026630146426253-PERSON.mp4,person,151,features_cache/4026630146426253-PERSON.pt
ASL-Citizen/videos/3808492263674854-SAD.mp4,sad,91,features_cache/3808492263674854-SAD.pt
ASL-Citizen/videos/30365816205550655-OUTSIDE.mp4,outside,259,features_cache/30365816205550655-OUTSIDE.pt
ASL-Citizen/videos/34434859291457975-HAVE.mp4,have,235,features_cache/34434859291457975-HAVE.pt
ASL-Citizen/videos/38571484397842015-MOUTH.mp4,mouth,111,features_cache/38571484397842015-MOUTH.pt
ASL-Citizen/videos/8174822774872321-DOWN.mp4,down,272,features_cache/8174822774872321-DOWN.pt
ASL-Citizen/videos/6788847001475584-AGAIN.mp4,again,121,features_cache/6788847001475584-AGAIN.pt
ASL-Citizen/videos/6824102519980346-FEW.mp4,few,1,features_cache/6824102519980346-FEW.pt
ASL-Citizen/videos/033224297697072025-FEW.mp4,few,1,features_cache/033224297697072025-FEW.pt
ASL-Citizen/videos/3236578861048194-LOCK.mp4,lock1,184,features_cache/3236578861048194-LOCK.pt
ASL-Citizen/videos/19062537109661482-WATER.mp4,water,112,features_cache/19062537109661482-WATER.pt
ASL-Citizen/videos/582860551991583-WRITE.mp4,write,137,features_cache/582860551991583-WRITE.pt
ASL-Citizen/videos/5896522962536301-COME HERE.mp4,comehere,72,features_cache/5896522962536301-COME HERE.pt
ASL-Citizen/videos/7985319657788752-seedDRINK.mp4,drink1,64,features_cache/7985319657788752-seedDRINK.pt
ASL-Citizen/videos/7278194454734639-WOMAN 2.mp4,woman2,32,features_cache/7278194454734639-WOMAN 2.pt
ASL-Citizen/videos/7127119676193776-SHOWER.mp4,shower,86,features_cache/7127119676193776-SHOWER.pt
ASL-Citizen/videos/8928842044187852-POLICEMAN.mp4,policeman1,152,features_cache/8928842044187852-POLICEMAN.pt
ASL-Citizen/videos/6251993314243527-BASKETBALL.mp4,basketball1,211,features_cache/6251993314243527-BASKETBALL.pt
ASL-Citizen/videos/2937206761758495-TIRED OF.mp4,tiredof,94,features_cache/2937206761758495-TIRED OF.pt
ASL-Citizen/videos/41601861190959255-FOUR.mp4,four,199,features_cache/41601861190959255-FOUR.pt
ASL-Citizen/videos/294898590824912-THEY 2.mp4,they2,24,features_cache/294898590824912-THEY 2.pt
ASL-Citizen/videos/11727453628966344-WEDNESDAY.mp4,wednesday,265,features_cache/11727453628966344-WEDNESDAY.pt
ASL-Citizen/videos/8194095829578472-MUST.mp4,must,117,features_cache/8194095829578472-MUST.pt
ASL-Citizen/videos/06353322037616493-THURSDAY.mp4,thursday,262,features_cache/06353322037616493-THURSDAY.pt
ASL-Citizen/videos/9173898440387622-WRITE.mp4,write,137,features_cache/9173898440387622-WRITE.pt
ASL-Citizen/videos/2330574461466799-DOWN.mp4,down,272,features_cache/2330574461466799-DOWN.pt
ASL-Citizen/videos/33609542497284695-BROTHER.mp4,brother,35,features_cache/33609542497284695-BROTHER.pt
ASL-Citizen/videos/15587296563996822-GREEN.mp4,green,149,features_cache/15587296563996822-GREEN.pt
ASL-Citizen/videos/29787473947274323-CLOTHES.mp4,clothes,143,features_cache/29787473947274323-CLOTHES.pt
ASL-Citizen/videos/6999726398588908-THREE.mp4,three,198,features_cache/6999726398588908-THREE.pt
ASL-Citizen/videos/03389355459981047-VACATION.mp4,vacation,125,features_cache/03389355459981047-VACATION.pt
ASL-Citizen/videos/7788052439740552-HAT.mp4,hat1,233,features_cache/7788052439740552-HAT.pt
ASL-Citizen/videos/7034210782927104-MOUTH.mp4,mouth,111,features_cache/7034210782927104-MOUTH.pt
ASL-Citizen/videos/5328649685588343-NO.mp4,no,9,features_cache/5328649685588343-NO.pt
ASL-Citizen/videos/4181337705890824-LOCK 2.mp4,lock2,185,features_cache/4181337705890824-LOCK 2.pt
ASL-Citizen/videos/6246711452157143-BECAUSE.mp4,because,124,features_cache/6246711452157143-BECAUSE.pt
ASL-Citizen/videos/4911600925607411-HOME.mp4,home,47,features_cache/4911600925607411-HOME.pt
ASL-Citizen/videos/002834622531233677-FOURTH.mp4,fourth,222,features_cache/002834622531233677-FOURTH.pt
ASL-Citizen/videos/21183387480921323-WEAK.mp4,weak,59,features_cache/21183387480921323-WEAK.pt
ASL-Citizen/videos/13667119641720182-QM.mp4,qm,285,features_cache/13667119641720182-QM.pt
ASL-Citizen/videos/1506254664622797-ME.mp4,me,15,features_cache/1506254664622797-ME.pt
ASL-Citizen/videos/6922837378429851-HAT.mp4,hat1,233,features_cache/6922837378429851-HAT.pt
ASL-Citizen/videos/3017692004318666-REMEMBER 2.mp4,remember1,80,features_cache/3017692004318666-REMEMBER 2.pt
ASL-Citizen/videos/4545746926162382-ME.mp4,me,15,features_cache/4545746926162382-ME.pt
ASL-Citizen/videos/2745734447375703-RUN.mp4,run1,295,features_cache/2745734447375703-RUN.pt
ASL-Citizen/videos/4843002553575395-THEY.mp4,they1,23,features_cache/4843002553575395-THEY.pt
ASL-Citizen/videos/16927688445154376-WHO.mp4,who,13,features_cache/16927688445154376-WHO.pt
ASL-Citizen/videos/11792300756428031-WHAT 1.mp4,what2,12,features_cache/11792300756428031-WHAT 1.pt
ASL-Citizen/videos/7222193594965898-MORNING.mp4,morning,55,features_cache/7222193594965898-MORNING.pt
ASL-Citizen/videos/04109712941322985-TALK 2.mp4,talk2,89,features_cache/04109712941322985-TALK 2.pt
ASL-Citizen/videos/6370983911545496-DRINK 2.mp4,drink2,65,features_cache/6370983911545496-DRINK 2.pt
ASL-Citizen/videos/1295792231278221-TALK.mp4,talk1,88,features_cache/1295792231278221-TALK.pt
ASL-Citizen/videos/6950826436731283-SHORT WORD.mp4,shortword,161,features_cache/6950826436731283-SHORT WORD.pt
ASL-Citizen/videos/3883206780577386-MILK 2.mp4,milk2,130,features_cache/3883206780577386-MILK 2.pt
ASL-Citizen/videos/7826458239877123-TEETH.mp4,teeth,204,features_cache/7826458239877123-TEETH.pt
ASL-Citizen/videos/9999295796867615-CAN 2.mp4,can2,115,features_cache/9999295796867615-CAN 2.pt
ASL-Citizen/videos/9694895312894787-DRINK.mp4,drink1,64,features_cache/9694895312894787-DRINK.pt
ASL-Citizen/videos/9699914974686301-YOURSELF.mp4,yourself,19,features_cache/9699914974686301-YOURSELF.pt
ASL-Citizen/videos/33706054073274316-DONT KNOW.mp4,dontknow,191,features_cache/33706054073274316-DONT KNOW.pt
ASL-Citizen/videos/5142173901410607-MILK 2.mp4,milk2,130,features_cache/5142173901410607-MILK 2.pt
ASL-Citizen/videos/5223386691215002-seedFISHING.mp4,fishing1,218,features_cache/5223386691215002-seedFISHING.pt
ASL-Citizen/videos/8787854231298282-WHITE.mp4,white,144,features_cache/8787854231298282-WHITE.pt
ASL-Citizen/videos/6140513895293755-BEFORE.mp4,before,122,features_cache/6140513895293755-BEFORE.pt
ASL-Citizen/videos/38183850285701504-FOREST.mp4,forest,126,features_cache/38183850285701504-FOREST.pt
ASL-Citizen/videos/04462556448059418-LONG LINE.mp4,longline,181,features_cache/04462556448059418-LONG LINE.pt
ASL-Citizen/videos/471989329683155-SLOW.mp4,slow,168,features_cache/471989329683155-SLOW.pt
ASL-Citizen/videos/3746433618384808-POLICEMAN.mp4,policeman1,152,features_cache/3746433618384808-POLICEMAN.pt
ASL-Citizen/videos/059522072351106736-EXCITED.mp4,excited,96,features_cache/059522072351106736-EXCITED.pt
ASL-Citizen/videos/8801721942460268-PLEASE.mp4,please,5,features_cache/8801721942460268-PLEASE.pt
ASL-Citizen/videos/6763157955886321-ASK.mp4,ask,84,features_cache/6763157955886321-ASK.pt
ASL-Citizen/videos/6288924109210587-DONT NEED.mp4,dontneed,194,features_cache/6288924109210587-DONT NEED.pt
ASL-Citizen/videos/9868950386725259-MYSELF.mp4,myself,17,features_cache/9868950386725259-MYSELF.pt
ASL-Citizen/videos/496259098773171-SAD.mp4,sad,91,features_cache/496259098773171-SAD.pt
ASL-Citizen/videos/8494371199011177-HAIR.mp4,hair1,229,features_cache/8494371199011177-HAIR.pt
ASL-Citizen/videos/36220708618174635-seedEAT.mp4,eat1,62,features_cache/36220708618174635-seedEAT.pt
ASL-Citizen/videos/6310435650017154-THUNDER.mp4,thunder,261,features_cache/6310435650017154-THUNDER.pt
ASL-Citizen/videos/390260229135035-MEET.mp4,meet,276,features_cache/390260229135035-MEET.pt
ASL-Citizen/videos/022143303385719237-HAIR.mp4,hair1,229,features_cache/022143303385719237-HAIR.pt
ASL-Citizen/videos/4342737241901915-SEE.mp4,see,200,features_cache/4342737241901915-SEE.pt
ASL-Citizen/videos/00792407895198255-SLEEP.mp4,sleep,66,features_cache/00792407895198255-SLEEP.pt
ASL-Citizen/videos/6558607659620332-BAD.mp4,bad,4,features_cache/6558607659620332-BAD.pt
ASL-Citizen/videos/5006904207492289-DONT CARE.mp4,dontcare,189,features_cache/5006904207492289-DONT CARE.pt
ASL-Citizen/videos/8840387735817254-BIG.mp4,big,156,features_cache/8840387735817254-BIG.pt
ASL-Citizen/videos/20495032569530847-RAINBOW.mp4,rainbow,207,features_cache/20495032569530847-RAINBOW.pt
ASL-Citizen/videos/5363375023550534-COME OUT.mp4,comeout,73,features_cache/5363375023550534-COME OUT.pt
ASL-Citizen/videos/3060438588712664-RELAX.mp4,relax1,288,features_cache/3060438588712664-RELAX.pt
ASL-Citizen/videos/36981354023988766-SHOP.mp4,shop1,102,features_cache/36981354023988766-SHOP.pt
ASL-Citizen/videos/4719855316014079-GAME.mp4,game,275,features_cache/4719855316014079-GAME.pt
ASL-Citizen/videos/5097988079895936-BASKETBALL 3.mp4,basketball2,212,features_cache/5097988079895936-BASKETBALL 3.pt
ASL-Citizen/videos/6137110171725737-NO.mp4,no,9,features_cache/6137110171725737-NO.pt
ASL-Citizen/videos/5494783339875391-WASH MACHINE.mp4,washmachine,240,features_cache/5494783339875391-WASH MACHINE.pt
ASL-Citizen/videos/19591783536264962-FINE 2.mp4,fine2,226,features_cache/19591783536264962-FINE 2.pt
ASL-Citizen/videos/5673448736549853-FALL 2.mp4,fall2,174,features_cache/5673448736549853-FALL 2.pt
ASL-Citizen/videos/3089196700345027-FALLING ASLEEP.mp4,fallingasleep,172,features_cache/3089196700345027-FALLING ASLEEP.pt
ASL-Citizen/videos/7028648491429732-MEET.mp4,meet,276,features_cache/7028648491429732-MEET.pt
ASL-Citizen/videos/5498234115125136-FOUR.mp4,four,199,features_cache/5498234115125136-FOUR.pt
ASL-Citizen/videos/20779361662315976-UP.mp4,up,271,features_cache/20779361662315976-UP.pt
ASL-Citizen/videos/8846398393301413-HAT.mp4,hat1,233,features_cache/8846398393301413-HAT.pt
ASL-Citizen/videos/9392506529887468-SIGN.mp4,sign,298,features_cache/9392506529887468-SIGN.pt
ASL-Citizen/videos/6475683690343805-GIRL.mp4,girl,29,features_cache/6475683690343805-GIRL.pt
ASL-Citizen/videos/9654484282818483-BOOK.mp4,book,108,features_cache/9654484282818483-BOOK.pt
ASL-Citizen/videos/04342376808627835-IMPROVE.mp4,improve,154,features_cache/04342376808627835-IMPROVE.pt
ASL-Citizen/videos/22377415360502573-CHEAT 1.mp4,cheat1,245,features_cache/22377415360502573-CHEAT 1.pt
ASL-Citizen/videos/28919939127530236-LEFT.mp4,left,273,features_cache/28919939127530236-LEFT.pt
ASL-Citizen/videos/19071857221615507-YOURSELF.mp4,yourself,19,features_cache/19071857221615507-YOURSELF.pt
ASL-Citizen/videos/6888929265976376-HEAR 1.mp4,hear1,21,features_cache/6888929265976376-HEAR 1.pt
ASL-Citizen/videos/9563854183405713-DRINK.mp4,drink1,64,features_cache/9563854183405713-DRINK.pt
ASL-Citizen/videos/6443760370172218-BASKETBALL 2.mp4,basketball3,213,features_cache/6443760370172218-BASKETBALL 2.pt
ASL-Citizen/videos/22914094527724194-TODAY.mp4,today,50,features_cache/22914094527724194-TODAY.pt
ASL-Citizen/videos/19427501000212333-RING.mp4,ring,294,features_cache/19427501000212333-RING.pt
ASL-Citizen/videos/6330153558265055-NEED.mp4,need,118,features_cache/6330153558265055-NEED.pt
ASL-Citizen/videos/004276593413738317-GIVE.mp4,give,227,features_cache/004276593413738317-GIVE.pt
ASL-Citizen/videos/3369226205882019-MUST.mp4,must,117,features_cache/3369226205882019-MUST.pt
ASL-Citizen/videos/5400974773968819-BASKETBALL 2.mp4,basketball3,213,features_cache/5400974773968819-BASKETBALL 2.pt
ASL-Citizen/videos/8902733237714864-THEY.mp4,they1,23,features_cache/8902733237714864-THEY.pt
ASL-Citizen/videos/4465911028936387-MOTHER.mp4,mother,33,features_cache/4465911028936387-MOTHER.pt
ASL-Citizen/videos/5451239257795701-HAVE.mp4,have,235,features_cache/5451239257795701-HAVE.pt
ASL-Citizen/videos/26259445686056737-WASH MACHINE.mp4,washmachine,240,features_cache/26259445686056737-WASH MACHINE.pt
ASL-Citizen/videos/804667996538573-HAIRCUT.mp4,haircut,231,features_cache/804667996538573-HAIRCUT.pt
ASL-Citizen/videos/767197490914513-PINK.mp4,pink,146,features_cache/767197490914513-PINK.pt
ASL-Citizen/videos/07906567248016683-MAN.mp4,man,30,features_cache/07906567248016683-MAN.pt
ASL-Citizen/videos/6483212787619266-WORK.mp4,work,67,features_cache/6483212787619266-WORK.pt
ASL-Citizen/videos/8871725039787322-THEY 2.mp4,they2,24,features_cache/8871725039787322-THEY 2.pt
ASL-Citizen/videos/11146164007926829-PIZZA.mp4,pizza1,282,features_cache/11146164007926829-PIZZA.pt
ASL-Citizen/videos/7307539259823796-GUM.mp4,gum,228,features_cache/7307539259823796-GUM.pt
ASL-Citizen/videos/41504189088562327-UNDER.mp4,under,270,features_cache/41504189088562327-UNDER.pt
ASL-Citizen/videos/7699227804829154-SKIN.mp4,skin,166,features_cache/7699227804829154-SKIN.pt
ASL-Citizen/videos/20453046947578213-BASKETBALL 3.mp4,basketball2,212,features_cache/20453046947578213-BASKETBALL 3.pt
ASL-Citizen/videos/776837683707674-ANGRY.mp4,angry,92,features_cache/776837683707674-ANGRY.pt
ASL-Citizen/videos/7619305791464381-DINNER 2.mp4,dinner2,171,features_cache/7619305791464381-DINNER 2.pt
ASL-Citizen/videos/21290686289176697-RAIN.mp4,rain,206,features_cache/21290686289176697-RAIN.pt
ASL-Citizen/videos/5868888444678673-HOLIDAY.mp4,holiday,253,features_cache/5868888444678673-HOLIDAY.pt
ASL-Citizen/videos/8590674171860304-FROM.mp4,from,44,features_cache/8590674171860304-FROM.pt
ASL-Citizen/videos/12100337180034337-REMEMBER 2.mp4,remember1,80,features_cache/12100337180034337-REMEMBER 2.pt
ASL-Citizen/videos/17842874277547338-MEET.mp4,meet,276,features_cache/17842874277547338-MEET.pt
ASL-Citizen/videos/414412406242181-SHOP 1.mp4,shop2,103,features_cache/414412406242181-SHOP 1.pt
ASL-Citizen/videos/4003384084181907-NIGHT.mp4,night1,56,features_cache/4003384084181907-NIGHT.pt
ASL-Citizen/videos/452008504354493-FAMILY.mp4,family,25,features_cache/452008504354493-FAMILY.pt
ASL-Citizen/videos/4958280251317906-THINK.mp4,think,78,features_cache/4958280251317906-THINK.pt
ASL-Citizen/videos/09617550360679328-THEY 2.mp4,they2,24,features_cache/09617550360679328-THEY 2.pt
ASL-Citizen/videos/5590114591050288-TIRED.mp4,tired,93,features_cache/5590114591050288-TIRED.pt
ASL-Citizen/videos/26477726851585603-WHITE.mp4,white,144,features_cache/26477726851585603-WHITE.pt
ASL-Citizen/videos/9874940371117678-SHORT WORD.mp4,shortword,161,features_cache/9874940371117678-SHORT WORD.pt
ASL-Citizen/videos/680707762189654-STOP.mp4,stop,300,features_cache/680707762189654-STOP.pt
ASL-Citizen/videos/4728293068789322-RAIN.mp4,rain,206,features_cache/4728293068789322-RAIN.pt
ASL-Citizen/videos/9632750357464068-GAME.mp4,game,275,features_cache/9632750357464068-GAME.pt
ASL-Citizen/videos/5712518449266422-FALLING ASLEEP.mp4,fallingasleep,172,features_cache/5712518449266422-FALLING ASLEEP.pt
ASL-Citizen/videos/9012865595691268-HUG.mp4,hug,254,features_cache/9012865595691268-HUG.pt
ASL-Citizen/videos/03993441233922734-HAVE.mp4,have,235,features_cache/03993441233922734-HAVE.pt
ASL-Citizen/videos/7499462734993416-SHOP 1.mp4,shop2,103,features_cache/7499462734993416-SHOP 1.pt
ASL-Citizen/videos/5990217155309181-RESTAURANT.mp4,restaurant,104,features_cache/5990217155309181-RESTAURANT.pt
ASL-Citizen/videos/9879905703489786-RELAX.mp4,relax1,288,features_cache/9879905703489786-RELAX.pt
ASL-Citizen/videos/3896470653349897-LOCK.mp4,lock1,184,features_cache/3896470653349897-LOCK.pt
ASL-Citizen/videos/8948727969464061-NEAR.mp4,near,277,features_cache/8948727969464061-NEAR.pt
ASL-Citizen/videos/6957468907532565-COFFEE.mp4,coffee,131,features_cache/6957468907532565-COFFEE.pt
ASL-Citizen/videos/21267206323016485-MONEY 2.mp4,money2,110,features_cache/21267206323016485-MONEY 2.pt
ASL-Citizen/videos/4065009791471248-TODAY.mp4,today,50,features_cache/4065009791471248-TODAY.pt
ASL-Citizen/videos/1830907156231203-HOUSE.mp4,house,48,features_cache/1830907156231203-HOUSE.pt
ASL-Citizen/videos/6135248198666725-BOY.mp4,boy,28,features_cache/6135248198666725-BOY.pt
ASL-Citizen/videos/7550094163826042-TALL 2.mp4,tall1,175,features_cache/7550094163826042-TALL 2.pt
ASL-Citizen/videos/7492831628302035-seedSHOUT 2.mp4,shout2,165,features_cache/7492831628302035-seedSHOUT 2.pt
ASL-Citizen/videos/42830534617020977-JUICE 1.mp4,juice2,128,features_cache/42830534617020977-JUICE 1.pt
ASL-Citizen/videos/13296834273169988-TIME.mp4,time,178,features_cache/13296834273169988-TIME.pt
ASL-Citizen/videos/5251028200471013-HE.mp4,he,236,features_cache/5251028200471013-HE.pt
ASL-Citizen/videos/26154372036264695-PHONE.mp4,phone,107,features_cache/26154372036264695-PHONE.pt
ASL-Citizen/videos/6010627137193707-FOREST.mp4,forest,126,features_cache/6010627137193707-FOREST.pt
ASL-Citizen/videos/043298925348067785-WASH FACE_1.mp4,washface1,237,features_cache/043298925348067785-WASH FACE_1.pt
ASL-Citizen/videos/24400211790159076-SEE.mp4,see,200,features_cache/24400211790159076-SEE.pt
ASL-Citizen/videos/4077326811340336-IN.mp4,in,256,features_cache/4077326811340336-IN.pt
ASL-Citizen/videos/6298308396800849-YOU.mp4,you,14,features_cache/6298308396800849-YOU.pt
ASL-Citizen/videos/25247994709811294-OVER.mp4,over,260,features_cache/25247994709811294-OVER.pt
ASL-Citizen/videos/28929191171124846-REST.mp4,rest,290,features_cache/28929191171124846-REST.pt
ASL-Citizen/videos/12895587890524562-OVER.mp4,over,260,features_cache/12895587890524562-OVER.pt
ASL-Citizen/videos/7661574386097922-SHOW.mp4,show,85,features_cache/7661574386097922-SHOW.pt
ASL-Citizen/videos/698203699729971-RESTAURANT.mp4,restaurant,104,features_cache/698203699729971-RESTAURANT.pt
ASL-Citizen/videos/08783847414069834-WATCH.mp4,watch,82,features_cache/08783847414069834-WATCH.pt
ASL-Citizen/videos/6361290635425225-SKIRT.mp4,skirt,167,features_cache/6361290635425225-SKIRT.pt
ASL-Citizen/videos/7085971921642258-SUNDAY.mp4,sunday,268,features_cache/7085971921642258-SUNDAY.pt
ASL-Citizen/videos/08402785584899775-FIRST.mp4,first,216,features_cache/08402785584899775-FIRST.pt
ASL-Citizen/videos/5093165671360214-RED.mp4,red,147,features_cache/5093165671360214-RED.pt
ASL-Citizen/videos/4967148980955083-ICECREAM.mp4,icecream,187,features_cache/4967148980955083-ICECREAM.pt
ASL-Citizen/videos/5103688507862052-SLEEP.mp4,sleep,66,features_cache/5103688507862052-SLEEP.pt
ASL-Citizen/videos/07483345508103034-seedSATURDAY.mp4,saturday,267,features_cache/07483345508103034-seedSATURDAY.pt
ASL-Citizen/videos/5844816745369699-TIRED.mp4,tired,93,features_cache/5844816745369699-TIRED.pt
ASL-Citizen/videos/3007591517458239-seedTINY.mp4,tiny,157,features_cache/3007591517458239-seedTINY.pt
ASL-Citizen/videos/8258920636382685-BOOK.mp4,book,108,features_cache/8258920636382685-BOOK.pt
ASL-Citizen/videos/7397889710801269-FAMILY.mp4,family,25,features_cache/7397889710801269-FAMILY.pt
ASL-Citizen/videos/9728821314843308-FOR.mp4,for,215,features_cache/9728821314843308-FOR.pt
ASL-Citizen/videos/5447366633039745-SHOP.mp4,shop1,102,features_cache/5447366633039745-SHOP.pt
ASL-Citizen/videos/7553027194612534-BROTHER.mp4,brother,35,features_cache/7553027194612534-BROTHER.pt
ASL-Citizen/videos/7950153567207263-REST.mp4,rest,290,features_cache/7950153567207263-REST.pt
ASL-Citizen/videos/6630595446275149-LIKE.mp4,like,99,features_cache/6630595446275149-LIKE.pt
ASL-Citizen/videos/5965960580596394-THINK.mp4,think,78,features_cache/5965960580596394-THINK.pt
ASL-Citizen/videos/8954917566700613-GAME.mp4,game,275,features_cache/8954917566700613-GAME.pt
ASL-Citizen/videos/04872808066357104-OUTSIDE.mp4,outside,259,features_cache/04872808066357104-OUTSIDE.pt
ASL-Citizen/videos/3260646406447423-GIRL.mp4,girl,29,features_cache/3260646406447423-GIRL.pt
ASL-Citizen/videos/1184248496668674-DRINK.mp4,drink1,64,features_cache/1184248496668674-DRINK.pt
ASL-Citizen/videos/3202671130550625-COME OUT.mp4,comeout,73,features_cache/3202671130550625-COME OUT.pt
ASL-Citizen/videos/04763398685641884-TODAY.mp4,today,50,features_cache/04763398685641884-TODAY.pt
ASL-Citizen/videos/4768547434529178-OVER.mp4,over,260,features_cache/4768547434529178-OVER.pt
ASL-Citizen/videos/4639625914111425-RED.mp4,red,147,features_cache/4639625914111425-RED.pt
ASL-Citizen/videos/3552480149589674-RELAX.mp4,relax1,288,features_cache/3552480149589674-RELAX.pt
ASL-Citizen/videos/19957861557037648-FRIDAY.mp4,friday,266,features_cache/19957861557037648-FRIDAY.pt
ASL-Citizen/videos/5219694616301354-CHECK.mp4,check,249,features_cache/5219694616301354-CHECK.pt
ASL-Citizen/videos/2294900578606751-COME.mp4,come,71,features_cache/2294900578606751-COME.pt
ASL-Citizen/videos/4406639862493611-TALL.mp4,tall2,176,features_cache/4406639862493611-TALL.pt
ASL-Citizen/videos/1745452785017827-BASKETBALL.mp4,basketball1,211,features_cache/1745452785017827-BASKETBALL.pt
ASL-Citizen/videos/6153913921232741-DONT MIND.mp4,dontmind,193,features_cache/6153913921232741-DONT MIND.pt
ASL-Citizen/videos/5421164488339045-OVER.mp4,over,260,features_cache/5421164488339045-OVER.pt
ASL-Citizen/videos/5001668636132224-FOREST.mp4,forest,126,features_cache/5001668636132224-FOREST.pt
ASL-Citizen/videos/2584277661420049-WHITE.mp4,white,144,features_cache/2584277661420049-WHITE.pt
ASL-Citizen/videos/10795183453904511-BOY.mp4,boy,28,features_cache/10795183453904511-BOY.pt
ASL-Citizen/videos/7878263794411522-PHONE.mp4,phone,107,features_cache/7878263794411522-PHONE.pt
ASL-Citizen/videos/3737109094271771-HAIRCUT.mp4,haircut,231,features_cache/3737109094271771-HAIRCUT.pt
ASL-Citizen/videos/813443212118808-MORE.mp4,more,119,features_cache/813443212118808-MORE.pt
ASL-Citizen/videos/8936148680464566-SIGN.mp4,sign,298,features_cache/8936148680464566-SIGN.pt
ASL-Citizen/videos/18521627111046346-WHO.mp4,who,13,features_cache/18521627111046346-WHO.pt
ASL-Citizen/videos/8253863675052358-SHOUT 2.mp4,shout2,165,features_cache/8253863675052358-SHOUT 2.pt
ASL-Citizen/videos/007902167979987773-WARM.mp4,warm,243,features_cache/007902167979987773-WARM.pt
ASL-Citizen/videos/8073302449856867-LONG WORD.mp4,longword,183,features_cache/8073302449856867-LONG WORD.pt
ASL-Citizen/videos/6101003551738955-BECAUSE.mp4,because,124,features_cache/6101003551738955-BECAUSE.pt
ASL-Citizen/videos/68008701658875-NAME.mp4,name,10,features_cache/68008701658875-NAME.pt
ASL-Citizen/videos/22170694662564117-LONG AGO.mp4,longago,180,features_cache/22170694662564117-LONG AGO.pt
ASL-Citizen/videos/6767744201772998-DONT NEED.mp4,dontneed,194,features_cache/6767744201772998-DONT NEED.pt
ASL-Citizen/videos/11296640390133428-IMPROVE.mp4,improve,154,features_cache/11296640390133428-IMPROVE.pt
ASL-Citizen/videos/6882341127968459-DINNER 2.mp4,dinner2,171,features_cache/6882341127968459-DINNER 2.pt
ASL-Citizen/videos/32422661024484234-seedYESTERDAY.mp4,yesterday,52,features_cache/32422661024484234-seedYESTERDAY.pt
ASL-Citizen/videos/32579010273379394-WRITE.mp4,write,137,features_cache/32579010273379394-WRITE.pt
ASL-Citizen/videos/7248016868706819-FRIENDLY.mp4,friendly,27,features_cache/7248016868706819-FRIENDLY.pt
ASL-Citizen/videos/003694144443520786-MONEY.mp4,money1,109,features_cache/003694144443520786-MONEY.pt
ASL-Citizen/videos/21139141146084173-PIZZA 2.mp4,pizza2,283,features_cache/21139141146084173-PIZZA 2.pt
ASL-Citizen/videos/09711558898899919-FISHING.mp4,fishing1,218,features_cache/09711558898899919-FISHING.pt
ASL-Citizen/videos/29415572874848217-seedCLOTHES.mp4,clothes,143,features_cache/29415572874848217-seedCLOTHES.pt
ASL-Citizen/videos/21342128738229116-HERE.mp4,here,45,features_cache/21342128738229116-HERE.pt
ASL-Citizen/videos/8704623489797212-WOMAN 2.mp4,woman2,32,features_cache/8704623489797212-WOMAN 2.pt
ASL-Citizen/videos/006877004328487368-SHORTS.mp4,shorts,160,features_cache/006877004328487368-SHORTS.pt
ASL-Citizen/videos/11048122636393543-FIFTH.mp4,fifth,223,features_cache/11048122636393543-FIFTH.pt
ASL-Citizen/videos/5688725140267121-STEAK.mp4,steak,299,features_cache/5688725140267121-STEAK.pt
ASL-Citizen/videos/048330013720065734-PINK.mp4,pink,146,features_cache/048330013720065734-PINK.pt
ASL-Citizen/videos/23498393550327323-SHOW.mp4,show,85,features_cache/23498393550327323-SHOW.pt
ASL-Citizen/videos/7213248453404937-MORE.mp4,more,119,features_cache/7213248453404937-MORE.pt
ASL-Citizen/videos/014105352996913512-FAMILY.mp4,family,25,features_cache/014105352996913512-FAMILY.pt
ASL-Citizen/videos/7729674766991823-SKIN.mp4,skin,166,features_cache/7729674766991823-SKIN.pt
ASL-Citizen/videos/4179266974772078-DONT WANT.mp4,dontwant,195,features_cache/4179266974772078-DONT WANT.pt
ASL-Citizen/videos/7991343033274256-THREE.mp4,three,198,features_cache/7991343033274256-THREE.pt
ASL-Citizen/videos/06057478837138319-SIGN.mp4,sign,298,features_cache/06057478837138319-SIGN.pt
ASL-Citizen/videos/4804674718153057-BIG.mp4,big,156,features_cache/4804674718153057-BIG.pt
ASL-Citizen/videos/37240756255622154-SHORTS.mp4,shorts,160,features_cache/37240756255622154-SHORTS.pt
ASL-Citizen/videos/17172246079778142-FOUR.mp4,four,199,features_cache/17172246079778142-FOUR.pt
ASL-Citizen/videos/757798573449781-THIRSTY.mp4,thirsty,205,features_cache/757798573449781-THIRSTY.pt
ASL-Citizen/videos/0600186074160074-SLOW.mp4,slow,168,features_cache/0600186074160074-SLOW.pt
ASL-Citizen/videos/34070657821265127-LOCK 3.mp4,lock3,186,features_cache/34070657821265127-LOCK 3.pt
ASL-Citizen/videos/018017977130188267-JUICE 1.mp4,juice2,128,features_cache/018017977130188267-JUICE 1.pt
ASL-Citizen/videos/05896891084959677-MILK.mp4,milk1,129,features_cache/05896891084959677-MILK.pt
ASL-Citizen/videos/8815951423657669-JUICE 2.mp4,juice1,127,features_cache/8815951423657669-JUICE 2.pt
ASL-Citizen/videos/846426489686884-WHICH.mp4,which,43,features_cache/846426489686884-WHICH.pt
ASL-Citizen/videos/08379310351613722-COME OUT.mp4,comeout,73,features_cache/08379310351613722-COME OUT.pt
ASL-Citizen/videos/8604078276264311-HAIR 2.mp4,hair2,230,features_cache/8604078276264311-HAIR 2.pt
ASL-Citizen/videos/20492226110701672-GO.mp4,go,70,features_cache/20492226110701672-GO.pt
ASL-Citizen/videos/6659646818374227-CAN 2.mp4,can2,115,features_cache/6659646818374227-CAN 2.pt
ASL-Citizen/videos/5467979875738824-TUESDAY.mp4,tuesday,264,features_cache/5467979875738824-TUESDAY.pt
ASL-Citizen/videos/3236605263660477-LEAVE.mp4,leave,74,features_cache/3236605263660477-LEAVE.pt
ASL-Citizen/videos/9294921040852486-COCONUT.mp4,coconut,132,features_cache/9294921040852486-COCONUT.pt
ASL-Citizen/videos/07046710854641991-BECAUSE.mp4,because,124,features_cache/07046710854641991-BECAUSE.pt
ASL-Citizen/videos/004892733366971047-seedPIZZA 2.mp4,pizza2,283,features_cache/004892733366971047-seedPIZZA 2.pt
ASL-Citizen/videos/666200057851841-HAVE.mp4,have,235,features_cache/666200057851841-HAVE.pt
ASL-Citizen/videos/4311917411154673-HAPPY.mp4,happy,90,features_cache/4311917411154673-HAPPY.pt
ASL-Citizen/videos/3330583417668693-WANT.mp4,want2,101,features_cache/3330583417668693-WANT.pt
ASL-Citizen/videos/6313072540475824-THURSDAY.mp4,thursday,262,features_cache/6313072540475824-THURSDAY.pt
ASL-Citizen/videos/6678333514547103-RUN.mp4,run1,295,features_cache/6678333514547103-RUN.pt
ASL-Citizen/videos/9492951959444107-UNDER.mp4,under,270,features_cache/9492951959444107-UNDER.pt
ASL-Citizen/videos/5329586209381869-OLD.mp4,old,278,features_cache/5329586209381869-OLD.pt
ASL-Citizen/videos/8115127991954083-ACCIDENT.mp4,accident,142,features_cache/8115127991954083-ACCIDENT.pt
ASL-Citizen/videos/1522496124078565-LONG TIME.mp4,longtime,182,features_cache/1522496124078565-LONG TIME.pt
ASL-Citizen/videos/7701814722271505-HURT.mp4,hurt,255,features_cache/7701814722271505-HURT.pt
ASL-Citizen/videos/6665711994404717-BOY.mp4,boy,28,features_cache/6665711994404717-BOY.pt
ASL-Citizen/videos/4895623473244557-RIGHT 1.mp4,right1,291,features_cache/4895623473244557-RIGHT 1.pt
ASL-Citizen/videos/619159932614024-RUN 2.mp4,run2,296,features_cache/619159932614024-RUN 2.pt
ASL-Citizen/videos/27488391433766024-PULL.mp4,pull,284,features_cache/27488391433766024-PULL.pt
ASL-Citizen/videos/7764581525163443-COME.mp4,come,71,features_cache/7764581525163443-COME.pt
ASL-Citizen/videos/7669589293064221-RIGHT 1.mp4,right1,291,features_cache/7669589293064221-RIGHT 1.pt
ASL-Citizen/videos/812390941200497-YELLOW.mp4,yellow,150,features_cache/812390941200497-YELLOW.pt
ASL-Citizen/videos/6489717872101843-CAN.mp4,can1,114,features_cache/6489717872101843-CAN.pt
ASL-Citizen/videos/24492404857447392-DONT LIKE.mp4,dontlike,192,features_cache/24492404857447392-DONT LIKE.pt
ASL-Citizen/videos/29913355059297864-SAD.mp4,sad,91,features_cache/29913355059297864-SAD.pt
ASL-Citizen/videos/2902210626208457-POLICEMAN 2.mp4,policeman2,153,features_cache/2902210626208457-POLICEMAN 2.pt
ASL-Citizen/videos/8071758688201891-UNDERSTAND.mp4,understand,79,features_cache/8071758688201891-UNDERSTAND.pt
ASL-Citizen/videos/8456223174191473-WASH HANDS.mp4,washhands,239,features_cache/8456223174191473-WASH HANDS.pt
ASL-Citizen/videos/313763135762392-THUNDER.mp4,thunder,261,features_cache/313763135762392-THUNDER.pt
ASL-Citizen/videos/46063073550956424-DONT MIND.mp4,dontmind,193,features_cache/46063073550956424-DONT MIND.pt
ASL-Citizen/videos/8748253797473298-seedLONG TIME.mp4,longtime,182,features_cache/8748253797473298-seedLONG TIME.pt
ASL-Citizen/videos/6286373842862063-WHICH.mp4,which,43,features_cache/6286373842862063-WHICH.pt
ASL-Citizen/videos/5107284268110532-DONT CARE.mp4,dontcare,189,features_cache/5107284268110532-DONT CARE.pt
ASL-Citizen/videos/5055583025752477-THERE.mp4,there,46,features_cache/5055583025752477-THERE.pt
ASL-Citizen/videos/7964342938863791-TIRED OF.mp4,tiredof,94,features_cache/7964342938863791-TIRED OF.pt
ASL-Citizen/videos/6761901279349998-BROTHER.mp4,brother,35,features_cache/6761901279349998-BROTHER.pt
ASL-Citizen/videos/4687993210650012-UNDERSTAND.mp4,understand,79,features_cache/4687993210650012-UNDERSTAND.pt
ASL-Citizen/videos/11485804269368782-WOMAN.mp4,woman1,31,features_cache/11485804269368782-WOMAN.pt
ASL-Citizen/videos/6481009555935966-HOUSE.mp4,house,48,features_cache/6481009555935966-HOUSE.pt
ASL-Citizen/videos/31198466578073125-BYE.mp4,bye,2,features_cache/31198466578073125-BYE.pt
ASL-Citizen/videos/7499860839847463-MUST.mp4,must,117,features_cache/7499860839847463-MUST.pt
ASL-Citizen/videos/8103277177712191-SHOWER.mp4,shower,86,features_cache/8103277177712191-SHOWER.pt
ASL-Citizen/videos/8153989715083034-FINISH.mp4,finish,120,features_cache/8153989715083034-FINISH.pt
ASL-Citizen/videos/2775935043696396-YOU.mp4,you,14,features_cache/2775935043696396-YOU.pt
ASL-Citizen/videos/989567272010051-OK.mp4,ok,136,features_cache/989567272010051-OK.pt
ASL-Citizen/videos/1965910610561581-FALLING ASLEEP.mp4,fallingasleep,172,features_cache/1965910610561581-FALLING ASLEEP.pt
ASL-Citizen/videos/028264130143242472-HOW.mp4,how1,41,features_cache/028264130143242472-HOW.pt
ASL-Citizen/videos/6387702504516601-MORNING.mp4,morning,55,features_cache/6387702504516601-MORNING.pt
ASL-Citizen/videos/5674449625615106-MORNING.mp4,morning,55,features_cache/5674449625615106-MORNING.pt
ASL-Citizen/videos/776528000465337-BEFORE.mp4,before,122,features_cache/776528000465337-BEFORE.pt
ASL-Citizen/videos/47423539337801723-DONT CARE.mp4,dontcare,189,features_cache/47423539337801723-DONT CARE.pt
ASL-Citizen/videos/6284344362350516-SORRY.mp4,sorry,7,features_cache/6284344362350516-SORRY.pt
ASL-Citizen/videos/7921297303573938-LIKE.mp4,like,99,features_cache/7921297303573938-LIKE.pt
ASL-Citizen/videos/24515852343907651-BASKETBALL 2.mp4,basketball3,213,features_cache/24515852343907651-BASKETBALL 2.pt
ASL-Citizen/videos/785154272030262-TALL.mp4,tall2,176,features_cache/785154272030262-TALL.pt
ASL-Citizen/videos/9414634753752724-COMPUTER.mp4,computer,113,features_cache/9414634753752724-COMPUTER.pt
ASL-Citizen/videos/013061639347932363-FALL 2.mp4,fall2,174,features_cache/013061639347932363-FALL 2.pt
ASL-Citizen/videos/23539346321222632-HAT 2.mp4,hat2,234,features_cache/23539346321222632-HAT 2.pt
ASL-Citizen/videos/35097013272968836-WRITE.mp4,write,137,features_cache/35097013272968836-WRITE.pt
ASL-Citizen/videos/36096257624376316-PIZZA 2.mp4,pizza2,283,features_cache/36096257624376316-PIZZA 2.pt
ASL-Citizen/videos/3760683278090644-THIRD.mp4,third1,220,features_cache/3760683278090644-THIRD.pt
ASL-Citizen/videos/1218437158397816-READY.mp4,ready,135,features_cache/1218437158397816-READY.pt
ASL-Citizen/videos/5295206187674746-AFTER.mp4,after,123,features_cache/5295206187674746-AFTER.pt
ASL-Citizen/videos/05300176493024167-HAPPY.mp4,happy,90,features_cache/05300176493024167-HAPPY.pt
ASL-Citizen/videos/9352383573675891-TALL 2.mp4,tall1,175,features_cache/9352383573675891-TALL 2.pt
ASL-Citizen/videos/5351110117750875-HOUSE.mp4,house,48,features_cache/5351110117750875-HOUSE.pt
ASL-Citizen/videos/46144949329047735-ACCIDENT.mp4,accident,142,features_cache/46144949329047735-ACCIDENT.pt
ASL-Citizen/videos/09291373071846598-HAIR 2.mp4,hair2,230,features_cache/09291373071846598-HAIR 2.pt
ASL-Citizen/videos/271529826091931-seedLONG WORD.mp4,longword,183,features_cache/271529826091931-seedLONG WORD.pt
ASL-Citizen/videos/3726273899955248-YESTERDAY.mp4,yesterday,52,features_cache/3726273899955248-YESTERDAY.pt
ASL-Citizen/videos/567471149850211-HEAR 1.mp4,hear1,21,features_cache/567471149850211-HEAR 1.pt
ASL-Citizen/videos/31808908805242164-OUT.mp4,out,258,features_cache/31808908805242164-OUT.pt
ASL-Citizen/videos/7700183182570768-HARD.mp4,hard,232,features_cache/7700183182570768-HARD.pt
ASL-Citizen/videos/6694513940364595-NOT UNDERSTAND.mp4,notunderstand,269,features_cache/6694513940364595-NOT UNDERSTAND.pt
ASL-Citizen/videos/05483916846551695-FROM.mp4,from,44,features_cache/05483916846551695-FROM.pt
ASL-Citizen/videos/30544213991231106-GO.mp4,go,70,features_cache/30544213991231106-GO.pt
ASL-Citizen/videos/6252432727581858-WATER.mp4,water,112,features_cache/6252432727581858-WATER.pt
ASL-Citizen/videos/5346981862739508-seedNINE.mp4,nine,203,features_cache/5346981862739508-seedNINE.pt
ASL-Citizen/videos/62983148818386-BIG.mp4,big,156,features_cache/62983148818386-BIG.pt
ASL-Citizen/videos/5086388362588217-SHOUT.mp4,shout1,164,features_cache/5086388362588217-SHOUT.pt
ASL-Citizen/videos/6848542783712979-MONEY.mp4,money1,109,features_cache/6848542783712979-MONEY.pt
ASL-Citizen/videos/37178833002993894-FALL 1.mp4,fall1,173,features_cache/37178833002993894-FALL 1.pt
ASL-Citizen/videos/30185840804688135-SHOULD.mp4,should,163,features_cache/30185840804688135-SHOULD.pt
ASL-Citizen/videos/16376728449529931-THIRD 2.mp4,third2,221,features_cache/16376728449529931-THIRD 2.pt
ASL-Citizen/videos/9088017970076372-BOX.mp4,box,139,features_cache/9088017970076372-BOX.pt
ASL-Citizen/videos/21946164612760133-WASH FACE_2.mp4,washface2,238,features_cache/21946164612760133-WASH FACE_2.pt
ASL-Citizen/videos/9891413123107233-HAIR.mp4,hair1,229,features_cache/9891413123107233-HAIR.pt
ASL-Citizen/videos/754822541664977-LIKE.mp4,like,99,features_cache/754822541664977-LIKE.pt
ASL-Citizen/videos/7995460004354844-MOUTH.mp4,mouth,111,features_cache/7995460004354844-MOUTH.pt
ASL-Citizen/videos/7462534579692224-RED.mp4,red,147,features_cache/7462534579692224-RED.pt
ASL-Citizen/videos/5848939738116123-WHY NOT.mp4,whynot,40,features_cache/5848939738116123-WHY NOT.pt
ASL-Citizen/videos/027816838285841916-WHAT 2.mp4,what1,11,features_cache/027816838285841916-WHAT 2.pt
ASL-Citizen/videos/2556710153069994-GREEN.mp4,green,149,features_cache/2556710153069994-GREEN.pt
ASL-Citizen/videos/8646183940873451-FOUR.mp4,four,199,features_cache/8646183940873451-FOUR.pt
ASL-Citizen/videos/9903010368188014-NOW.mp4,now,53,features_cache/9903010368188014-NOW.pt
ASL-Citizen/videos/018614717952609272-RUN 2.mp4,run2,296,features_cache/018614717952609272-RUN 2.pt
ASL-Citizen/videos/38510356895492914-GREEN.mp4,green,149,features_cache/38510356895492914-GREEN.pt
ASL-Citizen/videos/6064190926059034-WASH FACE_2.mp4,washface2,238,features_cache/6064190926059034-WASH FACE_2.pt
ASL-Citizen/videos/4461487552265522-WOMAN.mp4,woman1,31,features_cache/4461487552265522-WOMAN.pt
ASL-Citizen/videos/41135379015843276-BOX.mp4,box,139,features_cache/41135379015843276-BOX.pt
ASL-Citizen/videos/7980791622967522-TELL.mp4,tell,83,features_cache/7980791622967522-TELL.pt
ASL-Citizen/videos/12865619737912692-IN.mp4,in,256,features_cache/12865619737912692-IN.pt
ASL-Citizen/videos/9868994197861312-TIRED.mp4,tired,93,features_cache/9868994197861312-TIRED.pt
ASL-Citizen/videos/414141284745577-WATER.mp4,water,112,features_cache/414141284745577-WATER.pt
ASL-Citizen/videos/6121961685498369-WHAT 1.mp4,what2,12,features_cache/6121961685498369-WHAT 1.pt
ASL-Citizen/videos/5788460385097332-WHO.mp4,who,13,features_cache/5788460385097332-WHO.pt
ASL-Citizen/videos/0032949557328998402-WATER.mp4,water,112,features_cache/0032949557328998402-WATER.pt
ASL-Citizen/videos/29380938622729746-REMEMBER.mp4,remember2,81,features_cache/29380938622729746-REMEMBER.pt
ASL-Citizen/videos/8745067191819265-WHAT 2.mp4,what1,11,features_cache/8745067191819265-WHAT 2.pt
ASL-Citizen/videos/8532862281391391-FISH.mp4,fish,217,features_cache/8532862281391391-FISH.pt
ASL-Citizen/videos/45279632751864196-SHORT DISTANCE.mp4,shortdistance,158,features_cache/45279632751864196-SHORT DISTANCE.pt
ASL-Citizen/videos/9493437227922781-SHORTS.mp4,shorts,160,features_cache/9493437227922781-SHORTS.pt
ASL-Citizen/videos/531692335723785-WHAT 2.mp4,what1,11,features_cache/531692335723785-WHAT 2.pt
ASL-Citizen/videos/6762203541711935-CHECK.mp4,check,249,features_cache/6762203541711935-CHECK.pt
ASL-Citizen/videos/7352732973668146-SHOUT.mp4,shout1,164,features_cache/7352732973668146-SHOUT.pt
ASL-Citizen/videos/6908365466533763-WASH MACHINE.mp4,washmachine,240,features_cache/6908365466533763-WASH MACHINE.pt
ASL-Citizen/videos/15670060196174318-GUM.mp4,gum,228,features_cache/15670060196174318-GUM.pt
ASL-Citizen/videos/8598377039111023-FALLING ASLEEP.mp4,fallingasleep,172,features_cache/8598377039111023-FALLING ASLEEP.pt
ASL-Citizen/videos/971622461215417-GOOD.mp4,good,3,features_cache/971622461215417-GOOD.pt
ASL-Citizen/videos/6951235227216646-CAR ACCIDENT.mp4,caraccident,141,features_cache/6951235227216646-CAR ACCIDENT.pt
ASL-Citizen/videos/6821952562062066-TINY.mp4,tiny,157,features_cache/6821952562062066-TINY.pt
ASL-Citizen/videos/6102614600961287-UP.mp4,up,271,features_cache/6102614600961287-UP.pt
ASL-Citizen/videos/8679621632376886-SHOP.mp4,shop1,102,features_cache/8679621632376886-SHOP.pt
ASL-Citizen/videos/5025684204636047-HOUSE.mp4,house,48,features_cache/5025684204636047-HOUSE.pt
ASL-Citizen/videos/9324927354661099-MYSELF.mp4,myself,17,features_cache/9324927354661099-MYSELF.pt
ASL-Citizen/videos/5858966312911607-WOMAN 2.mp4,woman2,32,features_cache/5858966312911607-WOMAN 2.pt
ASL-Citizen/videos/5475499371354993-RAIN.mp4,rain,206,features_cache/5475499371354993-RAIN.pt
ASL-Citizen/videos/23132028317861053-LONG WORD.mp4,longword,183,features_cache/23132028317861053-LONG WORD.pt
ASL-Citizen/videos/8628112408945923-OUTSIDE.mp4,outside,259,features_cache/8628112408945923-OUTSIDE.pt
ASL-Citizen/videos/4948626135127654-LONG WORD.mp4,longword,183,features_cache/4948626135127654-LONG WORD.pt
ASL-Citizen/videos/604539294096563-PIZZA.mp4,pizza1,282,features_cache/604539294096563-PIZZA.pt
ASL-Citizen/videos/9692739680851399-PINK.mp4,pink,146,features_cache/9692739680851399-PINK.pt
ASL-Citizen/videos/9984298286721474-HAIR.mp4,hair1,229,features_cache/9984298286721474-HAIR.pt
ASL-Citizen/videos/2160182723488573-QUIET.mp4,quiet,287,features_cache/2160182723488573-QUIET.pt
ASL-Citizen/videos/46877398582210783-BIG.mp4,big,156,features_cache/46877398582210783-BIG.pt
ASL-Citizen/videos/21283972047425892-HOW.mp4,how1,41,features_cache/21283972047425892-HOW.pt
ASL-Citizen/videos/916538236141941-ONCE.mp4,once,280,features_cache/916538236141941-ONCE.pt
ASL-Citizen/videos/9132401961065522-UP.mp4,up,271,features_cache/9132401961065522-UP.pt
ASL-Citizen/videos/3098724386407343-DINNER 2.mp4,dinner2,171,features_cache/3098724386407343-DINNER 2.pt
ASL-Citizen/videos/12301621072799773-FISHING 2.mp4,fishing2,219,features_cache/12301621072799773-FISHING 2.pt
ASL-Citizen/videos/4121592667744556-TODAY.mp4,today,50,features_cache/4121592667744556-TODAY.pt
ASL-Citizen/videos/031021396234431675-ANGRY.mp4,angry,92,features_cache/031021396234431675-ANGRY.pt
ASL-Citizen/videos/9959716571411139-TALL 2.mp4,tall1,175,features_cache/9959716571411139-TALL 2.pt
ASL-Citizen/videos/763018465613934-seedMILK 2.mp4,milk2,130,features_cache/763018465613934-seedMILK 2.pt
ASL-Citizen/videos/9945986795454174-WATCH.mp4,watch,82,features_cache/9945986795454174-WATCH.pt
ASL-Citizen/videos/2814564048387007-SCHOOL.mp4,school,49,features_cache/2814564048387007-SCHOOL.pt
ASL-Citizen/videos/9535426106915468-WHICH.mp4,which,43,features_cache/9535426106915468-WHICH.pt
ASL-Citizen/videos/7888248873244079-SUNDAY.mp4,sunday,268,features_cache/7888248873244079-SUNDAY.pt
ASL-Citizen/videos/15167481786264547-WASH HANDS.mp4,washhands,239,features_cache/15167481786264547-WASH HANDS.pt
ASL-Citizen/videos/9114482593438638-PERSON.mp4,person,151,features_cache/9114482593438638-PERSON.pt
ASL-Citizen/videos/7504975703574475-MONDAY.mp4,monday,263,features_cache/7504975703574475-MONDAY.pt
ASL-Citizen/videos/0010547472856581308-BIG.mp4,big,156,features_cache/0010547472856581308-BIG.pt
ASL-Citizen/videos/9646072432185906-OVER.mp4,over,260,features_cache/9646072432185906-OVER.pt
ASL-Citizen/videos/3961472727605333-HIS.mp4,his,20,features_cache/3961472727605333-HIS.pt
ASL-Citizen/videos/9590088138222632-LONG WORD.mp4,longword,183,features_cache/9590088138222632-LONG WORD.pt
ASL-Citizen/videos/3241920352709835-WEEK.mp4,week,58,features_cache/3241920352709835-WEEK.pt
ASL-Citizen/videos/3730954975151526-FRIENDLY.mp4,friendly,27,features_cache/3730954975151526-FRIENDLY.pt
ASL-Citizen/videos/36411152769215316-WEEK.mp4,week,58,features_cache/36411152769215316-WEEK.pt
ASL-Citizen/videos/5749208785683302-PINK.mp4,pink,146,features_cache/5749208785683302-PINK.pt
ASL-Citizen/videos/13746825734255297-CAR.mp4,car,106,features_cache/13746825734255297-CAR.pt
ASL-Citizen/videos/8378807664020167-BREAD.mp4,bread,138,features_cache/8378807664020167-BREAD.pt
ASL-Citizen/videos/04984259953909054-NOT UNDERSTAND.mp4,notunderstand,269,features_cache/04984259953909054-NOT UNDERSTAND.pt
ASL-Citizen/videos/6651515477273875-HIS.mp4,his,20,features_cache/6651515477273875-HIS.pt
ASL-Citizen/videos/9663239092789866-UNDERSTAND.mp4,understand,79,features_cache/9663239092789866-UNDERSTAND.pt
ASL-Citizen/videos/39634479607848827-WEDNESDAY.mp4,wednesday,265,features_cache/39634479607848827-WEDNESDAY.pt
ASL-Citizen/videos/21869286125340692-WHICH.mp4,which,43,features_cache/21869286125340692-WHICH.pt
ASL-Citizen/videos/6756007750530766-HOME.mp4,home,47,features_cache/6756007750530766-HOME.pt
ASL-Citizen/videos/0006320057552187119-THANK YOU.mp4,thankyou,6,features_cache/0006320057552187119-THANK YOU.pt
ASL-Citizen/videos/5769834749413745-KNOW.mp4,know,77,features_cache/5769834749413745-KNOW.pt
ASL-Citizen/videos/39073540410206586-WHITE.mp4,white,144,features_cache/39073540410206586-WHITE.pt
ASL-Citizen/videos/1380864475175092-LEAVE.mp4,leave,74,features_cache/1380864475175092-LEAVE.pt
ASL-Citizen/videos/16042335211526892-WOMAN 2.mp4,woman2,32,features_cache/16042335211526892-WOMAN 2.pt
ASL-Citizen/videos/09147527873659245-WHICH.mp4,which,43,features_cache/09147527873659245-WHICH.pt
ASL-Citizen/videos/9954491675382899-RUN 2.mp4,run2,296,features_cache/9954491675382899-RUN 2.pt
ASL-Citizen/videos/9903896454591405-KNOW.mp4,know,77,features_cache/9903896454591405-KNOW.pt
ASL-Citizen/videos/019918247819856516-TUESDAY.mp4,tuesday,264,features_cache/019918247819856516-TUESDAY.pt
ASL-Citizen/videos/3806176742244156-WANT.mp4,want2,101,features_cache/3806176742244156-WANT.pt
ASL-Citizen/videos/5077040018562975-THIRD 2.mp4,third2,221,features_cache/5077040018562975-THIRD 2.pt
ASL-Citizen/videos/7993193331912607-WASH 1.mp4,wash1,241,features_cache/7993193331912607-WASH 1.pt
ASL-Citizen/videos/3533148783275244-LONG.mp4,long,179,features_cache/3533148783275244-LONG.pt
ASL-Citizen/videos/6579679003612975-WEDNESDAY.mp4,wednesday,265,features_cache/6579679003612975-WEDNESDAY.pt
ASL-Citizen/videos/9957723610937819-TEETH.mp4,teeth,204,features_cache/9957723610937819-TEETH.pt
ASL-Citizen/videos/25547357047109687-GIRL.mp4,girl,29,features_cache/25547357047109687-GIRL.pt
ASL-Citizen/videos/23200195147847502-TALL 2.mp4,tall1,175,features_cache/23200195147847502-TALL 2.pt
ASL-Citizen/videos/9990760130234488-CLOTHES.mp4,clothes,143,features_cache/9990760130234488-CLOTHES.pt
ASL-Citizen/videos/7173367843062295-RELAX 2.mp4,relax2,289,features_cache/7173367843062295-RELAX 2.pt
ASL-Citizen/videos/11889140444825674-SHOW.mp4,show,85,features_cache/11889140444825674-SHOW.pt
ASL-Citizen/videos/16643175191307558-NEAR.mp4,near,277,features_cache/16643175191307558-NEAR.pt
ASL-Citizen/videos/3221250728567113-LIKE.mp4,like,99,features_cache/3221250728567113-LIKE.pt
ASL-Citizen/videos/9598803772091737-THEY.mp4,they1,23,features_cache/9598803772091737-THEY.pt
ASL-Citizen/videos/9953610281521326-YES.mp4,yes,8,features_cache/9953610281521326-YES.pt
ASL-Citizen/videos/9138141046234951-MEET.mp4,meet,276,features_cache/9138141046234951-MEET.pt
ASL-Citizen/videos/010462485770503571-BOY.mp4,boy,28,features_cache/010462485770503571-BOY.pt
ASL-Citizen/videos/5117556013874884-LONG WORD.mp4,longword,183,features_cache/5117556013874884-LONG WORD.pt
ASL-Citizen/videos/7584975390935516-seedRESTAURANT.mp4,restaurant,104,features_cache/7584975390935516-seedRESTAURANT.pt
ASL-Citizen/videos/6208668622711957-WASH MACHINE.mp4,washmachine,240,features_cache/6208668622711957-WASH MACHINE.pt
ASL-Citizen/videos/6948600777347704-MILK.mp4,milk1,129,features_cache/6948600777347704-MILK.pt
ASL-Citizen/videos/26597224021342214-COME OUT.mp4,comeout,73,features_cache/26597224021342214-COME OUT.pt
ASL-Citizen/videos/6062339138331796-SATURDAY.mp4,saturday,267,features_cache/6062339138331796-SATURDAY.pt
ASL-Citizen/videos/8226750960617843-MY.mp4,my,16,features_cache/8226750960617843-MY.pt
ASL-Citizen/videos/8504478926730117-WHICH.mp4,which,43,features_cache/8504478926730117-WHICH.pt
ASL-Citizen/videos/2986413960093939-COME HERE.mp4,comehere,72,features_cache/2986413960093939-COME HERE.pt
ASL-Citizen/videos/14391697880714793-JUICE 2.mp4,juice1,127,features_cache/14391697880714793-JUICE 2.pt
ASL-Citizen/videos/3043560840453381-HOLD 2.mp4,hold2,252,features_cache/3043560840453381-HOLD 2.pt
ASL-Citizen/videos/715190503593329-DRINK 2.mp4,drink2,65,features_cache/715190503593329-DRINK 2.pt
ASL-Citizen/videos/5813887746500852-BLUE.mp4,blue,148,features_cache/5813887746500852-BLUE.pt
ASL-Citizen/videos/20222645323462118-READY.mp4,ready,135,features_cache/20222645323462118-READY.pt
ASL-Citizen/videos/36145559671732097-CAN.mp4,can1,114,features_cache/36145559671732097-CAN.pt
ASL-Citizen/videos/022488251670931714-WOMAN 2.mp4,woman2,32,features_cache/022488251670931714-WOMAN 2.pt
ASL-Citizen/videos/1804317395932884-SIDE.mp4,side,87,features_cache/1804317395932884-SIDE.pt
ASL-Citizen/videos/06509153784135058-CHEAT 1.mp4,cheat1,245,features_cache/06509153784135058-CHEAT 1.pt
ASL-Citizen/videos/974018802340759-TALL.mp4,tall2,176,features_cache/974018802340759-TALL.pt
ASL-Citizen/videos/8611912209205652-WASH 3.mp4,wash2,242,features_cache/8611912209205652-WASH 3.pt
ASL-Citizen/videos/4567979691425712-seedBYE.mp4,bye,2,features_cache/4567979691425712-seedBYE.pt
ASL-Citizen/videos/6366329673588431-ROAD.mp4,road,297,features_cache/6366329673588431-ROAD.pt
ASL-Citizen/videos/9980772051327189-MONDAY.mp4,monday,263,features_cache/9980772051327189-MONDAY.pt
ASL-Citizen/videos/682277049268821-SEE.mp4,see,200,features_cache/682277049268821-SEE.pt
ASL-Citizen/videos/014399429252126783-OVER.mp4,over,260,features_cache/014399429252126783-OVER.pt
ASL-Citizen/videos/8699210337284036-NOW.mp4,now,53,features_cache/8699210337284036-NOW.pt
ASL-Citizen/videos/5369984582921237-BEFORE.mp4,before,122,features_cache/5369984582921237-BEFORE.pt
ASL-Citizen/videos/32919672988377324-YOUR.mp4,your,18,features_cache/32919672988377324-YOUR.pt
ASL-Citizen/videos/5254962115430386-LEFT.mp4,left,273,features_cache/5254962115430386-LEFT.pt
ASL-Citizen/videos/2753743824566335-FOURTH.mp4,fourth,222,features_cache/2753743824566335-FOURTH.pt
ASL-Citizen/videos/21828575560875674-READ.mp4,read,134,features_cache/21828575560875674-READ.pt
ASL-Citizen/videos/52949634412447-CHEAT 1.mp4,cheat1,245,features_cache/52949634412447-CHEAT 1.pt
ASL-Citizen/videos/16795613910253615-DINNER.mp4,dinner1,170,features_cache/16795613910253615-DINNER.pt
ASL-Citizen/videos/540755360226808-HOW 2.mp4,how2,42,features_cache/540755360226808-HOW 2.pt
ASL-Citizen/videos/2623464333335441-WHICH.mp4,which,43,features_cache/2623464333335441-WHICH.pt
ASL-Citizen/videos/11707369231650211-HOT.mp4,hot,244,features_cache/11707369231650211-HOT.pt
ASL-Citizen/videos/7015780743516908-DONT KNOW.mp4,dontknow,191,features_cache/7015780743516908-DONT KNOW.pt
ASL-Citizen/videos/41444382165121185-WHEN.mp4,when,38,features_cache/41444382165121185-WHEN.pt
ASL-Citizen/videos/4641646458517976-EAT.mp4,eat1,62,features_cache/4641646458517976-EAT.pt
ASL-Citizen/videos/9255464485481069-SHOT.mp4,shot,162,features_cache/9255464485481069-SHOT.pt
ASL-Citizen/videos/019513665333569463-COFFEE.mp4,coffee,131,features_cache/019513665333569463-COFFEE.pt
ASL-Citizen/videos/37793377244346504-SHOULD.mp4,should,163,features_cache/37793377244346504-SHOULD.pt
ASL-Citizen/videos/8102554441260599-RED.mp4,red,147,features_cache/8102554441260599-RED.pt
ASL-Citizen/videos/05635967760820981-DONT CARE.mp4,dontcare,189,features_cache/05635967760820981-DONT CARE.pt
ASL-Citizen/videos/3559723766609495-COFFEE.mp4,coffee,131,features_cache/3559723766609495-COFFEE.pt
ASL-Citizen/videos/35912170823373835-DONT NEED.mp4,dontneed,194,features_cache/35912170823373835-DONT NEED.pt
ASL-Citizen/videos/5624544493951695-EXCITED.mp4,excited,96,features_cache/5624544493951695-EXCITED.pt
ASL-Citizen/videos/3730777319546914-seedGIVE.mp4,give,227,features_cache/3730777319546914-seedGIVE.pt
ASL-Citizen/videos/4795164850135014-GO.mp4,go,70,features_cache/4795164850135014-GO.pt
ASL-Citizen/videos/1411641008641411-ONE.mp4,one,196,features_cache/1411641008641411-ONE.pt
ASL-Citizen/videos/6012215303497841-EAT.mp4,eat1,62,features_cache/6012215303497841-EAT.pt
ASL-Citizen/videos/25756524824149585-SUNDAY.mp4,sunday,268,features_cache/25756524824149585-SUNDAY.pt
ASL-Citizen/videos/6498833472199432-COFFEE.mp4,coffee,131,features_cache/6498833472199432-COFFEE.pt
ASL-Citizen/videos/5262266121670327-DONT CARE.mp4,dontcare,189,features_cache/5262266121670327-DONT CARE.pt
ASL-Citizen/videos/7205034689378012-PULL.mp4,pull,284,features_cache/7205034689378012-PULL.pt
ASL-Citizen/videos/9980195647078616-SHOUT.mp4,shout1,164,features_cache/9980195647078616-SHOUT.pt
ASL-Citizen/videos/5375178666112399-FRIDAY.mp4,friday,266,features_cache/5375178666112399-FRIDAY.pt
ASL-Citizen/videos/6901135438869752-FRIDAY.mp4,friday,266,features_cache/6901135438869752-FRIDAY.pt
ASL-Citizen/videos/013447491613897578-ONE.mp4,one,196,features_cache/013447491613897578-ONE.pt
ASL-Citizen/videos/07935519028865601-PULL.mp4,pull,284,features_cache/07935519028865601-PULL.pt
ASL-Citizen/videos/6709763762696037-SKIRT.mp4,skirt,167,features_cache/6709763762696037-SKIRT.pt
ASL-Citizen/videos/5378072206248585-CHEAT 1.mp4,cheat1,245,features_cache/5378072206248585-CHEAT 1.pt
ASL-Citizen/videos/9445390940586698-WOMAN.mp4,woman1,31,features_cache/9445390940586698-WOMAN.pt
ASL-Citizen/videos/9488251486087673-RIGHT 3.mp4,right3,293,features_cache/9488251486087673-RIGHT 3.pt
ASL-Citizen/videos/6723858714545425-seedWHO.mp4,who,13,features_cache/6723858714545425-seedWHO.pt
ASL-Citizen/videos/47159683708396893-WANT 2.mp4,want1,100,features_cache/47159683708396893-WANT 2.pt
ASL-Citizen/videos/864714217171799-FIND.mp4,find,224,features_cache/864714217171799-FIND.pt
ASL-Citizen/videos/19039558672419843-WHEN.mp4,when,38,features_cache/19039558672419843-WHEN.pt
ASL-Citizen/videos/2507107406732152-seedCOME HERE.mp4,comehere,72,features_cache/2507107406732152-seedCOME HERE.pt
ASL-Citizen/videos/4453938097089747-REMEMBER 2.mp4,remember1,80,features_cache/4453938097089747-REMEMBER 2.pt
ASL-Citizen/videos/9278234566473478-SMALL.mp4,small,155,features_cache/9278234566473478-SMALL.pt
ASL-Citizen/videos/8836626245935439-WHICH.mp4,which,43,features_cache/8836626245935439-WHICH.pt
ASL-Citizen/videos/4506537239301789-HOME.mp4,home,47,features_cache/4506537239301789-HOME.pt
ASL-Citizen/videos/867677340747856-RED.mp4,red,147,features_cache/867677340747856-RED.pt
ASL-Citizen/videos/5501314543228102-WASH 1.mp4,wash1,241,features_cache/5501314543228102-WASH 1.pt
ASL-Citizen/videos/4868360527829465-SHOUT.mp4,shout1,164,features_cache/4868360527829465-SHOUT.pt
ASL-Citizen/videos/7722362238568408-WEDNESDAY.mp4,wednesday,265,features_cache/7722362238568408-WEDNESDAY.pt
ASL-Citizen/videos/8898715289966257-STUDY.mp4,study,69,features_cache/8898715289966257-STUDY.pt
ASL-Citizen/videos/24315094434114126-TALL 2.mp4,tall1,175,features_cache/24315094434114126-TALL 2.pt
ASL-Citizen/videos/9338005039430839-GOOD.mp4,good,3,features_cache/9338005039430839-GOOD.pt
ASL-Citizen/videos/1817196550268605-PERSON.mp4,person,151,features_cache/1817196550268605-PERSON.pt
ASL-Citizen/videos/41055086064167545-WANT 2.mp4,want1,100,features_cache/41055086064167545-WANT 2.pt
ASL-Citizen/videos/3158404892219202-BOXING.mp4,boxing,140,features_cache/3158404892219202-BOXING.pt
ASL-Citizen/videos/10523671017836955-SEE.mp4,see,200,features_cache/10523671017836955-SEE.pt
ASL-Citizen/videos/9421448198356972-MORE.mp4,more,119,features_cache/9421448198356972-MORE.pt
ASL-Citizen/videos/23364729653954308-NIGHT.mp4,night1,56,features_cache/23364729653954308-NIGHT.pt
ASL-Citizen/videos/20576998509271682-IN.mp4,in,256,features_cache/20576998509271682-IN.pt
ASL-Citizen/videos/21043730223767532-CAN 2.mp4,can2,115,features_cache/21043730223767532-CAN 2.pt
ASL-Citizen/videos/721473614329061-NAME.mp4,name,10,features_cache/721473614329061-NAME.pt
ASL-Citizen/videos/3226049524969481-HOT.mp4,hot,244,features_cache/3226049524969481-HOT.pt
ASL-Citizen/videos/32619512312137755-LEFT.mp4,left,273,features_cache/32619512312137755-LEFT.pt
ASL-Citizen/videos/28798822094929677-ONCE.mp4,once,280,features_cache/28798822094929677-ONCE.pt
ASL-Citizen/videos/5571540385430789-seedCAR.mp4,car,106,features_cache/5571540385430789-seedCAR.pt
ASL-Citizen/videos/5754797022070959-WHAT 1.mp4,what2,12,features_cache/5754797022070959-WHAT 1.pt
ASL-Citizen/videos/2096621229266904-DONT MIND.mp4,dontmind,193,features_cache/2096621229266904-DONT MIND.pt
ASL-Citizen/videos/9209285416198858-UP.mp4,up,271,features_cache/9209285416198858-UP.pt
ASL-Citizen/videos/4705792766268371-SHORTS.mp4,shorts,160,features_cache/4705792766268371-SHORTS.pt
ASL-Citizen/videos/7029899468222831-GIRL.mp4,girl,29,features_cache/7029899468222831-GIRL.pt
ASL-Citizen/videos/3644933452013184-NAME.mp4,name,10,features_cache/3644933452013184-NAME.pt
ASL-Citizen/videos/5170125336404756-COME.mp4,come,71,features_cache/5170125336404756-COME.pt
ASL-Citizen/videos/5263688727937241-REST.mp4,rest,290,features_cache/5263688727937241-REST.pt
ASL-Citizen/videos/9138358334815282-TODAY.mp4,today,50,features_cache/9138358334815282-TODAY.pt
ASL-Citizen/videos/4553052443604353-LATER.mp4,later,54,features_cache/4553052443604353-LATER.pt
ASL-Citizen/videos/8673550975339348-EAT 2.mp4,eat2,63,features_cache/8673550975339348-EAT 2.pt
ASL-Citizen/videos/7036678767451288-FAMILY.mp4,family,25,features_cache/7036678767451288-FAMILY.pt
ASL-Citizen/videos/945208701210648-TIME.mp4,time,178,features_cache/945208701210648-TIME.pt
ASL-Citizen/videos/7640530642772754-FINE.mp4,fine1,225,features_cache/7640530642772754-FINE.pt
ASL-Citizen/videos/8965119525543042-SCHOOL.mp4,school,49,features_cache/8965119525543042-SCHOOL.pt
ASL-Citizen/videos/8597736805858462-FISH.mp4,fish,217,features_cache/8597736805858462-FISH.pt
ASL-Citizen/videos/4315957172962892-HOSPITAL.mp4,hospital1,247,features_cache/4315957172962892-HOSPITAL.pt
ASL-Citizen/videos/16214681742267878-ME.mp4,me,15,features_cache/16214681742267878-ME.pt
ASL-Citizen/videos/1552070292325871-DONT CARE.mp4,dontcare,189,features_cache/1552070292325871-DONT CARE.pt
ASL-Citizen/videos/733944694272519-MOTHER.mp4,mother,33,features_cache/733944694272519-MOTHER.pt
ASL-Citizen/videos/7256673521593155-SORRY.mp4,sorry,7,features_cache/7256673521593155-SORRY.pt
ASL-Citizen/videos/4905573231460234-QM.mp4,qm,285,features_cache/4905573231460234-QM.pt
ASL-Citizen/videos/42893397529508315-ONCE.mp4,once,280,features_cache/42893397529508315-ONCE.pt
ASL-Citizen/videos/03439441385308273-WANT 2.mp4,want1,100,features_cache/03439441385308273-WANT 2.pt
ASL-Citizen/videos/24916699439401402-PLAY.mp4,play,68,features_cache/24916699439401402-PLAY.pt
ASL-Citizen/videos/6992600811524379-TALL.mp4,tall2,176,features_cache/6992600811524379-TALL.pt
ASL-Citizen/videos/22711182325500712-IMPROVE.mp4,improve,154,features_cache/22711182325500712-IMPROVE.pt
ASL-Citizen/videos/36171909094273014-DONT FEEL_LIKE.mp4,dontfeellike,190,features_cache/36171909094273014-DONT FEEL_LIKE.pt
ASL-Citizen/videos/5491362491271357-TALK.mp4,talk1,88,features_cache/5491362491271357-TALK.pt
ASL-Citizen/videos/40156789147077165-NIGHT.mp4,night1,56,features_cache/40156789147077165-NIGHT.pt
ASL-Citizen/videos/0387780746035038-YELLOW.mp4,yellow,150,features_cache/0387780746035038-YELLOW.pt
ASL-Citizen/videos/7885296477376487-WHY.mp4,why,39,features_cache/7885296477376487-WHY.pt
ASL-Citizen/videos/28585583993501595-DINNER.mp4,dinner1,170,features_cache/28585583993501595-DINNER.pt
ASL-Citizen/videos/6294839942659272-FALL 1.mp4,fall1,173,features_cache/6294839942659272-FALL 1.pt
ASL-Citizen/videos/4229331784858039-ASK.mp4,ask,84,features_cache/4229331784858039-ASK.pt
ASL-Citizen/videos/37697269669598743-COCONUT.mp4,coconut,132,features_cache/37697269669598743-COCONUT.pt
ASL-Citizen/videos/5433350833623387-MONTH.mp4,month,60,features_cache/5433350833623387-MONTH.pt
ASL-Citizen/videos/7531308768869671-LONG.mp4,long,179,features_cache/7531308768869671-LONG.pt
ASL-Citizen/videos/7656607947424934-SHORT PERSON.mp4,shortperson,159,features_cache/7656607947424934-SHORT PERSON.pt
ASL-Citizen/videos/9033123431693635-THIRSTY.mp4,thirsty,205,features_cache/9033123431693635-THIRSTY.pt
ASL-Citizen/videos/8931615450503703-CANNOT.mp4,cannot,116,features_cache/8931615450503703-CANNOT.pt
ASL-Citizen/videos/6731646866108838-WEAK.mp4,weak,59,features_cache/6731646866108838-WEAK.pt
ASL-Citizen/videos/999386422627379-PINK.mp4,pink,146,features_cache/999386422627379-PINK.pt
ASL-Citizen/videos/8834295053246077-BAD.mp4,bad,4,features_cache/8834295053246077-BAD.pt
ASL-Citizen/videos/007361233568424552-YESTERDAY.mp4,yesterday,52,features_cache/007361233568424552-YESTERDAY.pt
ASL-Citizen/videos/6657630771535601-BROTHER.mp4,brother,35,features_cache/6657630771535601-BROTHER.pt
ASL-Citizen/videos/706793695738887-DONT MIND.mp4,dontmind,193,features_cache/706793695738887-DONT MIND.pt
ASL-Citizen/videos/8075531734758399-CHEAT 1.mp4,cheat1,245,features_cache/8075531734758399-CHEAT 1.pt
ASL-Citizen/videos/6954820762135137-HEAR 1.mp4,hear1,21,features_cache/6954820762135137-HEAR 1.pt
ASL-Citizen/videos/4172907858857664-seedTOMORROW.mp4,tomorrow,51,features_cache/4172907858857664-seedTOMORROW.pt
ASL-Citizen/videos/17383536861491344-WHO.mp4,who,13,features_cache/17383536861491344-WHO.pt
ASL-Citizen/videos/2966165804038674-SHOP 1.mp4,shop2,103,features_cache/2966165804038674-SHOP 1.pt
ASL-Citizen/videos/6960348427524927-BROTHER.mp4,brother,35,features_cache/6960348427524927-BROTHER.pt
ASL-Citizen/videos/9813349905403057-PEN.mp4,pen,281,features_cache/9813349905403057-PEN.pt
ASL-Citizen/videos/37525602333648655-OUT.mp4,out,258,features_cache/37525602333648655-OUT.pt
ASL-Citizen/videos/45349501605586506-HAVE.mp4,have,235,features_cache/45349501605586506-HAVE.pt
ASL-Citizen/videos/6826713928685002-LOUD.mp4,loud,97,features_cache/6826713928685002-LOUD.pt
ASL-Citizen/videos/24289224539723375-SLEEP.mp4,sleep,66,features_cache/24289224539723375-SLEEP.pt
ASL-Citizen/videos/873585487906021-WHAT 1.mp4,what2,12,features_cache/873585487906021-WHAT 1.pt
ASL-Citizen/videos/6104281819454116-FOURTH.mp4,fourth,222,features_cache/6104281819454116-FOURTH.pt
ASL-Citizen/videos/6012662066506427-COCONUT.mp4,coconut,132,features_cache/6012662066506427-COCONUT.pt
ASL-Citizen/videos/6350460632371935-FOUR.mp4,four,199,features_cache/6350460632371935-FOUR.pt
ASL-Citizen/videos/5977427146335326-BALL.mp4,ball,210,features_cache/5977427146335326-BALL.pt
ASL-Citizen/videos/21963951449567354-MONTH.mp4,month,60,features_cache/21963951449567354-MONTH.pt
ASL-Citizen/videos/5736063075890796-ON.mp4,on,279,features_cache/5736063075890796-ON.pt
ASL-Citizen/videos/4472864471883282-LOST.mp4,lost,274,features_cache/4472864471883282-LOST.pt
ASL-Citizen/videos/299153460748133-CLOTHES.mp4,clothes,143,features_cache/299153460748133-CLOTHES.pt
ASL-Citizen/videos/0858024827441124-POLICEMAN 2.mp4,policeman2,153,features_cache/0858024827441124-POLICEMAN 2.pt
ASL-Citizen/videos/4735262621167744-SHOW.mp4,show,85,features_cache/4735262621167744-SHOW.pt
ASL-Citizen/videos/8557233873852952-BREAD.mp4,bread,138,features_cache/8557233873852952-BREAD.pt
ASL-Citizen/videos/09933901999031058-SORRY.mp4,sorry,7,features_cache/09933901999031058-SORRY.pt
ASL-Citizen/videos/9441476516547895-TODAY.mp4,today,50,features_cache/9441476516547895-TODAY.pt
ASL-Citizen/videos/7815332110154865-THINK.mp4,think,78,features_cache/7815332110154865-THINK.pt
ASL-Citizen/videos/8041486459685812-RED.mp4,red,147,features_cache/8041486459685812-RED.pt
ASL-Citizen/videos/5010987691531066-ARRIVE.mp4,arrive,75,features_cache/5010987691531066-ARRIVE.pt
ASL-Citizen/videos/7888326089465008-seedMEET.mp4,meet,276,features_cache/7888326089465008-seedMEET.pt
ASL-Citizen/videos/25602116713311895-WATCH.mp4,watch,82,features_cache/25602116713311895-WATCH.pt
ASL-Citizen/videos/18939118673496314-WARM.mp4,warm,243,features_cache/18939118673496314-WARM.pt
ASL-Citizen/videos/21739663258119934-MONDAY.mp4,monday,263,features_cache/21739663258119934-MONDAY.pt
ASL-Citizen/videos/05754739847184531-seedSHOUT.mp4,shout1,164,features_cache/05754739847184531-seedSHOUT.pt
ASL-Citizen/videos/6083769831208186-GUM.mp4,gum,228,features_cache/6083769831208186-GUM.pt
ASL-Citizen/videos/9733473831041732-COME.mp4,come,71,features_cache/9733473831041732-COME.pt
ASL-Citizen/videos/09218836326656632-ACCIDENT.mp4,accident,142,features_cache/09218836326656632-ACCIDENT.pt
ASL-Citizen/videos/3363898293845027-READ.mp4,read,134,features_cache/3363898293845027-READ.pt
ASL-Citizen/videos/5088051624336825-GOOD.mp4,good,3,features_cache/5088051624336825-GOOD.pt
ASL-Citizen/videos/8990314041333538-YESTERDAY.mp4,yesterday,52,features_cache/8990314041333538-YESTERDAY.pt
ASL-Citizen/videos/4257504060807218-CHECK.mp4,check,249,features_cache/4257504060807218-CHECK.pt
ASL-Citizen/videos/06213765949527894-BAD.mp4,bad,4,features_cache/06213765949527894-BAD.pt
ASL-Citizen/videos/8829522596940469-EXCITED.mp4,excited,96,features_cache/8829522596940469-EXCITED.pt
ASL-Citizen/videos/8839827251547725-HAVE.mp4,have,235,features_cache/8839827251547725-HAVE.pt
ASL-Citizen/videos/04508175700479922-seedHURT.mp4,hurt,255,features_cache/04508175700479922-seedHURT.pt
ASL-Citizen/videos/7201139167303696-BASKETBALL.mp4,basketball1,211,features_cache/7201139167303696-BASKETBALL.pt
ASL-Citizen/videos/22883455904103656-SIGN.mp4,sign,298,features_cache/22883455904103656-SIGN.pt
ASL-Citizen/videos/9738453337311435-WHO.mp4,who,13,features_cache/9738453337311435-WHO.pt
ASL-Citizen/videos/1517900774920362-HOLD 2.mp4,hold2,252,features_cache/1517900774920362-HOLD 2.pt
ASL-Citizen/videos/2567951347915991-FISHING 2.mp4,fishing2,219,features_cache/2567951347915991-FISHING 2.pt
ASL-Citizen/videos/7339038671699913-FAST.mp4,fast,169,features_cache/7339038671699913-FAST.pt
ASL-Citizen/videos/20556912099784963-NOT UNDERSTAND.mp4,notunderstand,269,features_cache/20556912099784963-NOT UNDERSTAND.pt
ASL-Citizen/videos/36127965984007426-NIGHT.mp4,night1,56,features_cache/36127965984007426-NIGHT.pt
ASL-Citizen/videos/2977306505599471-SHOULD.mp4,should,163,features_cache/2977306505599471-SHOULD.pt
ASL-Citizen/videos/047487125393855356-COMPUTER.mp4,computer,113,features_cache/047487125393855356-COMPUTER.pt
ASL-Citizen/videos/7594759997530014-HOLD.mp4,hold1,251,features_cache/7594759997530014-HOLD.pt
ASL-Citizen/videos/617151783105659-ONCE.mp4,once,280,features_cache/617151783105659-ONCE.pt
ASL-Citizen/videos/7207971720845587-RUN.mp4,run1,295,features_cache/7207971720845587-RUN.pt
ASL-Citizen/videos/22279479045058315-THURSDAY.mp4,thursday,262,features_cache/22279479045058315-THURSDAY.pt
ASL-Citizen/videos/36996117552353014-DRINK 2.mp4,drink2,65,features_cache/36996117552353014-DRINK 2.pt
ASL-Citizen/videos/1620656408361123-LEFT.mp4,left,273,features_cache/1620656408361123-LEFT.pt
ASL-Citizen/videos/9382865727565126-CAR ACCIDENT.mp4,caraccident,141,features_cache/9382865727565126-CAR ACCIDENT.pt
ASL-Citizen/videos/7590157290604365-YOU.mp4,you,14,features_cache/7590157290604365-YOU.pt
ASL-Citizen/videos/17597114212490883-ASK.mp4,ask,84,features_cache/17597114212490883-ASK.pt
ASL-Citizen/videos/017661498365253214-HAVE.mp4,have,235,features_cache/017661498365253214-HAVE.pt
ASL-Citizen/videos/9789286217696351-NIGHT.mp4,night1,56,features_cache/9789286217696351-NIGHT.pt
ASL-Citizen/videos/42972771743192073-HUG.mp4,hug,254,features_cache/42972771743192073-HUG.pt
ASL-Citizen/videos/6957236798528434-WASH 1.mp4,wash1,241,features_cache/6957236798528434-WASH 1.pt
ASL-Citizen/videos/7680995774148371-NAME.mp4,name,10,features_cache/7680995774148371-NAME.pt
ASL-Citizen/videos/7183808471728259-HAPPY.mp4,happy,90,features_cache/7183808471728259-HAPPY.pt
ASL-Citizen/videos/2761286298217265-BECAUSE.mp4,because,124,features_cache/2761286298217265-BECAUSE.pt
ASL-Citizen/videos/21366113819079557-NIGHT.mp4,night1,56,features_cache/21366113819079557-NIGHT.pt
ASL-Citizen/videos/9242608573673994-JUICE 2.mp4,juice1,127,features_cache/9242608573673994-JUICE 2.pt
ASL-Citizen/videos/25485841057140557-PURPLE.mp4,purple,286,features_cache/25485841057140557-PURPLE.pt
ASL-Citizen/videos/7472746857948949-RED.mp4,red,147,features_cache/7472746857948949-RED.pt
ASL-Citizen/videos/10841825081745826-seedDINNER.mp4,dinner2,171,features_cache/10841825081745826-seedDINNER.pt
ASL-Citizen/videos/5199177562877719-GOOD.mp4,good,3,features_cache/5199177562877719-GOOD.pt
ASL-Citizen/videos/3513668464156181-COMPUTER.mp4,computer,113,features_cache/3513668464156181-COMPUTER.pt
ASL-Citizen/videos/30879418056454777-NEED.mp4,need,118,features_cache/30879418056454777-NEED.pt
ASL-Citizen/videos/03248616809009186-HERE.mp4,here,45,features_cache/03248616809009186-HERE.pt
ASL-Citizen/videos/6502757806438941-AFTER.mp4,after,123,features_cache/6502757806438941-AFTER.pt
ASL-Citizen/videos/8852174149386731-RELAX 2.mp4,relax2,289,features_cache/8852174149386731-RELAX 2.pt
ASL-Citizen/videos/5309657970849855-NO.mp4,no,9,features_cache/5309657970849855-NO.pt
ASL-Citizen/videos/785686932300774-CAR ACCIDENT.mp4,caraccident,141,features_cache/785686932300774-CAR ACCIDENT.pt
ASL-Citizen/videos/8320934408924416-LATER.mp4,later,54,features_cache/8320934408924416-LATER.pt
ASL-Citizen/videos/3239316431732939-LONG AGO.mp4,longago,180,features_cache/3239316431732939-LONG AGO.pt
ASL-Citizen/videos/9087051212225554-CANNOT.mp4,cannot,116,features_cache/9087051212225554-CANNOT.pt
ASL-Citizen/videos/401046358698107-HAIR.mp4,hair1,229,features_cache/401046358698107-HAIR.pt
ASL-Citizen/videos/7918140338288151-TALK.mp4,talk1,88,features_cache/7918140338288151-TALK.pt
ASL-Citizen/videos/4498289327048868-HOLD 2.mp4,hold2,252,features_cache/4498289327048868-HOLD 2.pt
ASL-Citizen/videos/7408017760680421-WASH FACE_1.mp4,washface1,237,features_cache/7408017760680421-WASH FACE_1.pt
ASL-Citizen/videos/25819043365766126-WHITE.mp4,white,144,features_cache/25819043365766126-WHITE.pt
ASL-Citizen/videos/8719171974792299-BEFORE.mp4,before,122,features_cache/8719171974792299-BEFORE.pt
ASL-Citizen/videos/3413094568582751-TODAY.mp4,today,50,features_cache/3413094568582751-TODAY.pt
ASL-Citizen/videos/6265558767826018-PEN.mp4,pen,281,features_cache/6265558767826018-PEN.pt
ASL-Citizen/videos/39911303417002464-TELL.mp4,tell,83,features_cache/39911303417002464-TELL.pt
ASL-Citizen/videos/8919139471190443-FOURTH.mp4,fourth,222,features_cache/8919139471190443-FOURTH.pt
ASL-Citizen/videos/04632906043400031-REST.mp4,rest,290,features_cache/04632906043400031-REST.pt
ASL-Citizen/videos/46309473523358435-OLD.mp4,old,278,features_cache/46309473523358435-OLD.pt
ASL-Citizen/videos/3910141645478449-seedSHORTS.mp4,shorts,160,features_cache/3910141645478449-seedSHORTS.pt
ASL-Citizen/videos/9065308331231714-BASKETBALL.mp4,basketball1,211,features_cache/9065308331231714-BASKETBALL.pt
ASL-Citizen/videos/6203656031603042-COMPUTER.mp4,computer,113,features_cache/6203656031603042-COMPUTER.pt
ASL-Citizen/videos/9398884140712938-HOME.mp4,home,47,features_cache/9398884140712938-HOME.pt
ASL-Citizen/videos/9399160828424598-CANNOT.mp4,cannot,116,features_cache/9399160828424598-CANNOT.pt
ASL-Citizen/videos/7291224290785421-EAT.mp4,eat1,62,features_cache/7291224290785421-EAT.pt
ASL-Citizen/videos/6282495181069199-HAVE.mp4,have,235,features_cache/6282495181069199-HAVE.pt
ASL-Citizen/videos/9885883612306223-TELL.mp4,tell,83,features_cache/9885883612306223-TELL.pt
ASL-Citizen/videos/5686028919824875-FISHING.mp4,fishing1,218,features_cache/5686028919824875-FISHING.pt
ASL-Citizen/videos/29669279681518446-OK.mp4,ok,136,features_cache/29669279681518446-OK.pt
ASL-Citizen/videos/13316006185127205-HOT.mp4,hot,244,features_cache/13316006185127205-HOT.pt
ASL-Citizen/videos/57282958518029-BOXING.mp4,boxing,140,features_cache/57282958518029-BOXING.pt
ASL-Citizen/videos/9377899064716586-LOVE.mp4,love,98,features_cache/9377899064716586-LOVE.pt
ASL-Citizen/videos/2603033322019441-FAST.mp4,fast,169,features_cache/2603033322019441-FAST.pt
ASL-Citizen/videos/2518011428400748-FINE.mp4,fine1,225,features_cache/2518011428400748-FINE.pt
ASL-Citizen/videos/17983515192015886-DINNER 2.mp4,dinner2,171,features_cache/17983515192015886-DINNER 2.pt
ASL-Citizen/videos/5576009850029828-WASH HANDS.mp4,washhands,239,features_cache/5576009850029828-WASH HANDS.pt
ASL-Citizen/videos/6466701714740137-HOLD.mp4,hold1,251,features_cache/6466701714740137-HOLD.pt
ASL-Citizen/videos/05213941696644975-FROM.mp4,from,44,features_cache/05213941696644975-FROM.pt
ASL-Citizen/videos/6593382490905721-UNDERSTAND.mp4,understand,79,features_cache/6593382490905721-UNDERSTAND.pt
ASL-Citizen/videos/14536285186525877-ONCE.mp4,once,280,features_cache/14536285186525877-ONCE.pt
ASL-Citizen/videos/8272565183020071-FRIENDLY.mp4,friendly,27,features_cache/8272565183020071-FRIENDLY.pt
ASL-Citizen/videos/7868445027066324-NINE.mp4,nine,203,features_cache/7868445027066324-NINE.pt
ASL-Citizen/videos/6807479789190645-WAIT.mp4,wait,76,features_cache/6807479789190645-WAIT.pt
ASL-Citizen/videos/9256536150637014-STUDY.mp4,study,69,features_cache/9256536150637014-STUDY.pt
ASL-Citizen/videos/6581168309162115-TIRED.mp4,tired,93,features_cache/6581168309162115-TIRED.pt
ASL-Citizen/videos/42346406791514046-DONT LIKE.mp4,dontlike,192,features_cache/42346406791514046-DONT LIKE.pt
ASL-Citizen/videos/6990215527241557-SKIN.mp4,skin,166,features_cache/6990215527241557-SKIN.pt
ASL-Citizen/videos/2866818454223683-WHITE.mp4,white,144,features_cache/2866818454223683-WHITE.pt
ASL-Citizen/videos/9091091406031031-seedRELAX 2.mp4,relax2,289,features_cache/9091091406031031-seedRELAX 2.pt
ASL-Citizen/videos/4642218872328543-CAR.mp4,car,106,features_cache/4642218872328543-CAR.pt
ASL-Citizen/videos/3563910624061051-DONT WANT.mp4,dontwant,195,features_cache/3563910624061051-DONT WANT.pt
ASL-Citizen/videos/7723829887531963-SUNDAY.mp4,sunday,268,features_cache/7723829887531963-SUNDAY.pt
ASL-Citizen/videos/5728352647564143-DONT NEED.mp4,dontneed,194,features_cache/5728352647564143-DONT NEED.pt
ASL-Citizen/videos/9291022098288835-HAPPY.mp4,happy,90,features_cache/9291022098288835-HAPPY.pt
ASL-Citizen/videos/18818276993400618-QUIET.mp4,quiet,287,features_cache/18818276993400618-QUIET.pt
ASL-Citizen/videos/1897299706213358-FRIEND.mp4,friend,26,features_cache/1897299706213358-FRIEND.pt
ASL-Citizen/videos/815577675920792-STOP.mp4,stop,300,features_cache/815577675920792-STOP.pt
ASL-Citizen/videos/0668931321617523-REST.mp4,rest,290,features_cache/0668931321617523-REST.pt
ASL-Citizen/videos/1871515618939661-FIRST.mp4,first,216,features_cache/1871515618939661-FIRST.pt
ASL-Citizen/videos/6842760193004458-WATER.mp4,water,112,features_cache/6842760193004458-WATER.pt
ASL-Citizen/videos/6180980581851638-BEFORE.mp4,before,122,features_cache/6180980581851638-BEFORE.pt
ASL-Citizen/videos/5928674220578329-SHOWER.mp4,shower,86,features_cache/5928674220578329-SHOWER.pt
ASL-Citizen/videos/8601863604442481-WASH FACE_2.mp4,washface2,238,features_cache/8601863604442481-WASH FACE_2.pt
ASL-Citizen/videos/7888893439166844-HOUSE.mp4,house,48,features_cache/7888893439166844-HOUSE.pt
ASL-Citizen/videos/18608964421431362-AFTER.mp4,after,123,features_cache/18608964421431362-AFTER.pt
ASL-Citizen/videos/18697877522861095-GREEN.mp4,green,149,features_cache/18697877522861095-GREEN.pt
ASL-Citizen/videos/17600039010468804-BLUE.mp4,blue,148,features_cache/17600039010468804-BLUE.pt
ASL-Citizen/videos/5358275641298946-COME.mp4,come,71,features_cache/5358275641298946-COME.pt
ASL-Citizen/videos/06423831579431782-WORK.mp4,work,67,features_cache/06423831579431782-WORK.pt
ASL-Citizen/videos/7964322222241194-FOUR.mp4,four,199,features_cache/7964322222241194-FOUR.pt
ASL-Citizen/videos/8637682594769469-TWO.mp4,two,197,features_cache/8637682594769469-TWO.pt
ASL-Citizen/videos/5944412238113308-BLACK.mp4,black,145,features_cache/5944412238113308-BLACK.pt
ASL-Citizen/videos/5512637778281371-TIRED.mp4,tired,93,features_cache/5512637778281371-TIRED.pt
ASL-Citizen/videos/6824769963220259-POLICEMAN 2.mp4,policeman2,153,features_cache/6824769963220259-POLICEMAN 2.pt
ASL-Citizen/videos/2166706317765814-seedTHIRSTY.mp4,thirsty,205,features_cache/2166706317765814-seedTHIRSTY.pt
ASL-Citizen/videos/6180564544357667-CHECK.mp4,check,249,features_cache/6180564544357667-CHECK.pt
ASL-Citizen/videos/4393175289906721-BOXING.mp4,boxing,140,features_cache/4393175289906721-BOXING.pt
ASL-Citizen/videos/8423017864044668-BASKETBALL.mp4,basketball1,211,features_cache/8423017864044668-BASKETBALL.pt
ASL-Citizen/videos/7785896753733881-WASH FACE_2.mp4,washface2,238,features_cache/7785896753733881-WASH FACE_2.pt
ASL-Citizen/videos/1290362005086354-FAMILY.mp4,family,25,features_cache/1290362005086354-FAMILY.pt
ASL-Citizen/videos/03287490532540471-RUN.mp4,run1,295,features_cache/03287490532540471-RUN.pt
ASL-Citizen/videos/8835516863640922-seedHOW.mp4,how1,41,features_cache/8835516863640922-seedHOW.pt
ASL-Citizen/videos/14652404970670685-BOOK.mp4,book,108,features_cache/14652404970670685-BOOK.pt
ASL-Citizen/videos/6954996399612601-TELL.mp4,tell,83,features_cache/6954996399612601-TELL.pt
ASL-Citizen/videos/8484341141711933-YEAR.mp4,year,61,features_cache/8484341141711933-YEAR.pt
ASL-Citizen/videos/09421450639596118-NIGHT.mp4,night1,56,features_cache/09421450639596118-NIGHT.pt
ASL-Citizen/videos/9104214105287733-TINY.mp4,tiny,157,features_cache/9104214105287733-TINY.pt
ASL-Citizen/videos/013724247293201763-MORE.mp4,more,119,features_cache/013724247293201763-MORE.pt
ASL-Citizen/videos/2741296684593315-SHORT PERSON.mp4,shortperson,159,features_cache/2741296684593315-SHORT PERSON.pt
ASL-Citizen/videos/21250287953723168-JUICE 2.mp4,juice1,127,features_cache/21250287953723168-JUICE 2.pt
ASL-Citizen/videos/15326340724323484-NIGHT.mp4,night1,56,features_cache/15326340724323484-NIGHT.pt
ASL-Citizen/videos/19705898046574566-SHOP.mp4,shop1,102,features_cache/19705898046574566-SHOP.pt
ASL-Citizen/videos/8357843889007757-FOREST.mp4,forest,126,features_cache/8357843889007757-FOREST.pt
ASL-Citizen/videos/34217824629658966-SHOUT 2.mp4,shout2,165,features_cache/34217824629658966-SHOUT 2.pt
ASL-Citizen/videos/24751730661041682-BAD.mp4,bad,4,features_cache/24751730661041682-BAD.pt
ASL-Citizen/videos/8651130513166834-PIZZA.mp4,pizza1,282,features_cache/8651130513166834-PIZZA.pt
ASL-Citizen/videos/7883105505640324-OLD.mp4,old,278,features_cache/7883105505640324-OLD.pt
ASL-Citizen/videos/7699808710183154-UNDER.mp4,under,270,features_cache/7699808710183154-UNDER.pt
ASL-Citizen/videos/9364838497176455-TALK.mp4,talk1,88,features_cache/9364838497176455-TALK.pt
ASL-Citizen/videos/9009841601442392-MONTH.mp4,month,60,features_cache/9009841601442392-MONTH.pt
ASL-Citizen/videos/12253653686390042-SHOT.mp4,shot,162,features_cache/12253653686390042-SHOT.pt
ASL-Citizen/videos/2629996520868716-GREEN.mp4,green,149,features_cache/2629996520868716-GREEN.pt
ASL-Citizen/videos/4841662498241295-LOVE.mp4,love,98,features_cache/4841662498241295-LOVE.pt
ASL-Citizen/videos/5250104606145489-YESTERDAY.mp4,yesterday,52,features_cache/5250104606145489-YESTERDAY.pt
ASL-Citizen/videos/5226718196575102-WHICH.mp4,which,43,features_cache/5226718196575102-WHICH.pt
ASL-Citizen/videos/20352468403247115-LOUD.mp4,loud,97,features_cache/20352468403247115-LOUD.pt
ASL-Citizen/videos/3253976503641207-LONG AGO.mp4,longago,180,features_cache/3253976503641207-LONG AGO.pt
ASL-Citizen/videos/6216809763132565-WATER.mp4,water,112,features_cache/6216809763132565-WATER.pt
ASL-Citizen/videos/24503491036116554-HURT.mp4,hurt,255,features_cache/24503491036116554-HURT.pt
ASL-Citizen/videos/5212364675663546-SHOUT.mp4,shout1,164,features_cache/5212364675663546-SHOUT.pt
ASL-Citizen/videos/8633906244621417-WATER.mp4,water,112,features_cache/8633906244621417-WATER.pt
ASL-Citizen/videos/6976573288663246-MOTHER.mp4,mother,33,features_cache/6976573288663246-MOTHER.pt
ASL-Citizen/videos/335915499727792-HE.mp4,he,236,features_cache/335915499727792-HE.pt
ASL-Citizen/videos/8084325176169471-KNOW.mp4,know,77,features_cache/8084325176169471-KNOW.pt
ASL-Citizen/videos/17606509610897247-SMALL.mp4,small,155,features_cache/17606509610897247-SMALL.pt
ASL-Citizen/videos/007817191326879414-HEAR 2.mp4,hear2,22,features_cache/007817191326879414-HEAR 2.pt
ASL-Citizen/videos/979567257060391-CHECK.mp4,check,249,features_cache/979567257060391-CHECK.pt
ASL-Citizen/videos/24342127703671923-YELLOW.mp4,yellow,150,features_cache/24342127703671923-YELLOW.pt
ASL-Citizen/videos/8850902951414901-NAME.mp4,name,10,features_cache/8850902951414901-NAME.pt
ASL-Citizen/videos/8805016836799904-TIRED.mp4,tired,93,features_cache/8805016836799904-TIRED.pt
ASL-Citizen/videos/7323364809473216-RIGHT 3.mp4,right3,293,features_cache/7323364809473216-RIGHT 3.pt
ASL-Citizen/videos/07615241285210428-THERE.mp4,there,46,features_cache/07615241285210428-THERE.pt
ASL-Citizen/videos/8953609863462233-BASKETBALL 3.mp4,basketball2,212,features_cache/8953609863462233-BASKETBALL 3.pt
ASL-Citizen/videos/49277089703101806-PLEASE.mp4,please,5,features_cache/49277089703101806-PLEASE.pt
ASL-Citizen/videos/4211969736868111-CAN 2.mp4,can2,115,features_cache/4211969736868111-CAN 2.pt
ASL-Citizen/videos/7487799802593937-HURT.mp4,hurt,255,features_cache/7487799802593937-HURT.pt
ASL-Citizen/videos/2975312201945688-DONT CARE.mp4,dontcare,189,features_cache/2975312201945688-DONT CARE.pt
ASL-Citizen/videos/05093121570147896-REMEMBER 2.mp4,remember1,80,features_cache/05093121570147896-REMEMBER 2.pt
ASL-Citizen/videos/9666054216396012-SATURDAY.mp4,saturday,267,features_cache/9666054216396012-SATURDAY.pt
ASL-Citizen/videos/45250815650161336-FATHER.mp4,father,34,features_cache/45250815650161336-FATHER.pt
ASL-Citizen/videos/7809450194110517-BOXING.mp4,boxing,140,features_cache/7809450194110517-BOXING.pt
ASL-Citizen/videos/16924808086665677-seedHOW 2.mp4,how2,42,features_cache/16924808086665677-seedHOW 2.pt
ASL-Citizen/videos/4937718522774288-COME OUT.mp4,comeout,73,features_cache/4937718522774288-COME OUT.pt
ASL-Citizen/videos/7081997886148117-FINE.mp4,fine1,225,features_cache/7081997886148117-FINE.pt
ASL-Citizen/videos/9446927804303697-HOLD.mp4,hold1,251,features_cache/9446927804303697-HOLD.pt
ASL-Citizen/videos/009420825369894192-CLOTHES.mp4,clothes,143,features_cache/009420825369894192-CLOTHES.pt
ASL-Citizen/videos/031074918450269218-WAIT.mp4,wait,76,features_cache/031074918450269218-WAIT.pt
ASL-Citizen/videos/6156301161942594-NEAR.mp4,near,277,features_cache/6156301161942594-NEAR.pt
ASL-Citizen/videos/018835854358505655-MONEY 2.mp4,money2,110,features_cache/018835854358505655-MONEY 2.pt
ASL-Citizen/videos/30338660692795494-FIND.mp4,find,224,features_cache/30338660692795494-FIND.pt
ASL-Citizen/videos/8964810646357124-FISHING 2.mp4,fishing2,219,features_cache/8964810646357124-FISHING 2.pt
ASL-Citizen/videos/5680509348047644-WASH 1.mp4,wash1,241,features_cache/5680509348047644-WASH 1.pt
ASL-Citizen/videos/8079226457278508-NO.mp4,no,9,features_cache/8079226457278508-NO.pt
ASL-Citizen/videos/16942866456187256-HAIR 2.mp4,hair2,230,features_cache/16942866456187256-HAIR 2.pt
ASL-Citizen/videos/20013893804599103-HE.mp4,he,236,features_cache/20013893804599103-HE.pt
ASL-Citizen/videos/034270195905403034-WEDNESDAY.mp4,wednesday,265,features_cache/034270195905403034-WEDNESDAY.pt
ASL-Citizen/videos/5169364593751733-GUM.mp4,gum,228,features_cache/5169364593751733-GUM.pt
ASL-Citizen/videos/7811004078473247-AGAIN.mp4,again,121,features_cache/7811004078473247-AGAIN.pt
ASL-Citizen/videos/1330735952493638-PULL.mp4,pull,284,features_cache/1330735952493638-PULL.pt
ASL-Citizen/videos/1911813370069868-DINNER.mp4,dinner1,170,features_cache/1911813370069868-DINNER.pt
ASL-Citizen/videos/5925560438194104-POLICEMAN.mp4,policeman1,152,features_cache/5925560438194104-POLICEMAN.pt
ASL-Citizen/videos/6755906822048705-FROM.mp4,from,44,features_cache/6755906822048705-FROM.pt
ASL-Citizen/videos/7711202267648392-GAME.mp4,game,275,features_cache/7711202267648392-GAME.pt
ASL-Citizen/videos/5178112383566407-FROM.mp4,from,44,features_cache/5178112383566407-FROM.pt
ASL-Citizen/videos/3257385521054097-IN.mp4,in,256,features_cache/3257385521054097-IN.pt
ASL-Citizen/videos/822555089378302-EIGHT.mp4,eight,202,features_cache/822555089378302-EIGHT.pt
ASL-Citizen/videos/24817781309767417-seedMONTH.mp4,month,60,features_cache/24817781309767417-seedMONTH.pt
ASL-Citizen/videos/21224944864749995-WHAT 2.mp4,what1,11,features_cache/21224944864749995-WHAT 2.pt
ASL-Citizen/videos/9544071485709771-LOST.mp4,lost,274,features_cache/9544071485709771-LOST.pt
ASL-Citizen/videos/2789046705437668-DRINK 2.mp4,drink2,65,features_cache/2789046705437668-DRINK 2.pt
ASL-Citizen/videos/9208583735199847-HOSPITAL.mp4,hospital1,247,features_cache/9208583735199847-HOSPITAL.pt
ASL-Citizen/videos/8267242257825924-EAT.mp4,eat1,62,features_cache/8267242257825924-EAT.pt
ASL-Citizen/videos/6579528865336073-CAR ACCIDENT.mp4,caraccident,141,features_cache/6579528865336073-CAR ACCIDENT.pt
ASL-Citizen/videos/3031482649984387-THURSDAY.mp4,thursday,262,features_cache/3031482649984387-THURSDAY.pt
ASL-Citizen/videos/5042323343464843-PLEASE.mp4,please,5,features_cache/5042323343464843-PLEASE.pt
ASL-Citizen/videos/17411166247412857-DINNER.mp4,dinner1,170,features_cache/17411166247412857-DINNER.pt
ASL-Citizen/videos/19733694045248185-RUN 2.mp4,run2,296,features_cache/19733694045248185-RUN 2.pt
ASL-Citizen/videos/8400539366762481-BLUE.mp4,blue,148,features_cache/8400539366762481-BLUE.pt
ASL-Citizen/videos/3609240069771811-SIDE.mp4,side,87,features_cache/3609240069771811-SIDE.pt
ASL-Citizen/videos/03816967766642465-MOUTH.mp4,mouth,111,features_cache/03816967766642465-MOUTH.pt
ASL-Citizen/videos/1901051631382411-JUICE 1.mp4,juice2,128,features_cache/1901051631382411-JUICE 1.pt
ASL-Citizen/videos/6903954061880513-ONE.mp4,one,196,features_cache/6903954061880513-ONE.pt
ASL-Citizen/videos/5472022203134992-HAIR 2.mp4,hair2,230,features_cache/5472022203134992-HAIR 2.pt
ASL-Citizen/videos/9128159121913213-HOLIDAY.mp4,holiday,253,features_cache/9128159121913213-HOLIDAY.pt
ASL-Citizen/videos/8085575898898538-WASH 3.mp4,wash2,242,features_cache/8085575898898538-WASH 3.pt
ASL-Citizen/videos/04962514019781339-BASKETBALL.mp4,basketball1,211,features_cache/04962514019781339-BASKETBALL.pt
ASL-Citizen/videos/8026461626523338-FISHING.mp4,fishing1,218,features_cache/8026461626523338-FISHING.pt
ASL-Citizen/videos/4213219451197576-EIGHT.mp4,eight,202,features_cache/4213219451197576-EIGHT.pt
ASL-Citizen/videos/17683959487980783-FISHING 2.mp4,fishing2,219,features_cache/17683959487980783-FISHING 2.pt
ASL-Citizen/videos/5691724461344478-ME.mp4,me,15,features_cache/5691724461344478-ME.pt
ASL-Citizen/videos/17178735892752384-WOMAN 2.mp4,woman2,32,features_cache/17178735892752384-WOMAN 2.pt
ASL-Citizen/videos/3372554058959365-READ.mp4,read,134,features_cache/3372554058959365-READ.pt
ASL-Citizen/videos/8977694836593926-YES.mp4,yes,8,features_cache/8977694836593926-YES.pt
ASL-Citizen/videos/4617924298797549-seedWATER.mp4,water,112,features_cache/4617924298797549-seedWATER.pt
ASL-Citizen/videos/08442183866728903-ACCIDENT.mp4,accident,142,features_cache/08442183866728903-ACCIDENT.pt
ASL-Citizen/videos/16726028482044364-TINY.mp4,tiny,157,features_cache/16726028482044364-TINY.pt
ASL-Citizen/videos/5817458379050824-INSIDE.mp4,inside,257,features_cache/5817458379050824-INSIDE.pt
ASL-Citizen/videos/11225598264242453-HELLO.mp4,hello,0,features_cache/11225598264242453-HELLO.pt
ASL-Citizen/videos/8620925796823589-seedEIGHT.mp4,eight,202,features_cache/8620925796823589-seedEIGHT.pt
ASL-Citizen/videos/03573698951729942-PINK.mp4,pink,146,features_cache/03573698951729942-PINK.pt
ASL-Citizen/videos/5200060362971033-BOY.mp4,boy,28,features_cache/5200060362971033-BOY.pt
ASL-Citizen/videos/7374511884446076-TIME.mp4,time,178,features_cache/7374511884446076-TIME.pt
ASL-Citizen/videos/8193368982950104-HOW 2.mp4,how2,42,features_cache/8193368982950104-HOW 2.pt
ASL-Citizen/videos/35176220038590755-HOSPITAL.mp4,hospital1,247,features_cache/35176220038590755-HOSPITAL.pt
ASL-Citizen/videos/5739215722518052-EAT.mp4,eat1,62,features_cache/5739215722518052-EAT.pt
ASL-Citizen/videos/1529301460300041-FATHER.mp4,father,34,features_cache/1529301460300041-FATHER.pt
ASL-Citizen/videos/6197383929882432-RIGHT 3.mp4,right3,293,features_cache/6197383929882432-RIGHT 3.pt
ASL-Citizen/videos/9274530293728671-LISTEN.mp4,listen,133,features_cache/9274530293728671-LISTEN.pt
ASL-Citizen/videos/689651243355925-SICK.mp4,sick,95,features_cache/689651243355925-SICK.pt
ASL-Citizen/videos/29098784760878327-WHICH.mp4,which,43,features_cache/29098784760878327-WHICH.pt
ASL-Citizen/videos/5095314542128282-seedMY.mp4,my,16,features_cache/5095314542128282-seedMY.pt
ASL-Citizen/videos/16216171014678404-COFFEE.mp4,coffee,131,features_cache/16216171014678404-COFFEE.pt
ASL-Citizen/videos/2889010159260097-BYE.mp4,bye,2,features_cache/2889010159260097-BYE.pt
ASL-Citizen/videos/9664131762871784-MONTH.mp4,month,60,features_cache/9664131762871784-MONTH.pt
ASL-Citizen/videos/4786348192990668-THREE.mp4,three,198,features_cache/4786348192990668-THREE.pt
ASL-Citizen/videos/8448285770886244-VACATION.mp4,vacation,125,features_cache/8448285770886244-VACATION.pt
ASL-Citizen/videos/4818293388696262-HAIRCUT.mp4,haircut,231,features_cache/4818293388696262-HAIRCUT.pt
ASL-Citizen/videos/3129450623415597-FALL 2.mp4,fall2,174,features_cache/3129450623415597-FALL 2.pt
ASL-Citizen/videos/43766706619418483-HOTEL.mp4,hotel,105,features_cache/43766706619418483-HOTEL.pt
ASL-Citizen/videos/4946642527195848-AFTER.mp4,after,123,features_cache/4946642527195848-AFTER.pt
ASL-Citizen/videos/8008447229238296-FOOTBALL.mp4,football,214,features_cache/8008447229238296-FOOTBALL.pt
ASL-Citizen/videos/17056426949355252-RUN.mp4,run1,295,features_cache/17056426949355252-RUN.pt
ASL-Citizen/videos/4723150678110435-SLEEP.mp4,sleep,66,features_cache/4723150678110435-SLEEP.pt
ASL-Citizen/videos/9364107739010858-TIRED.mp4,tired,93,features_cache/9364107739010858-TIRED.pt
ASL-Citizen/videos/4985907536319327-SHOP 1.mp4,shop2,103,features_cache/4985907536319327-SHOP 1.pt
ASL-Citizen/videos/06133393511537766-WASH 1.mp4,wash1,241,features_cache/06133393511537766-WASH 1.pt
ASL-Citizen/videos/7918796234967189-WAIT.mp4,wait,76,features_cache/7918796234967189-WAIT.pt
ASL-Citizen/videos/7204189741125551-FINISH.mp4,finish,120,features_cache/7204189741125551-FINISH.pt
ASL-Citizen/videos/6633450467674022-BALL.mp4,ball,210,features_cache/6633450467674022-BALL.pt
ASL-Citizen/videos/7261142484756367-LEFT.mp4,left,273,features_cache/7261142484756367-LEFT.pt
ASL-Citizen/videos/3658145961930981-NOT UNDERSTAND.mp4,notunderstand,269,features_cache/3658145961930981-NOT UNDERSTAND.pt
ASL-Citizen/videos/5886470487607709-FIFTH.mp4,fifth,223,features_cache/5886470487607709-FIFTH.pt
ASL-Citizen/videos/8576824311882121-FISHING.mp4,fishing1,218,features_cache/8576824311882121-FISHING.pt
ASL-Citizen/videos/9678284792693221-COME OUT.mp4,comeout,73,features_cache/9678284792693221-COME OUT.pt
ASL-Citizen/videos/3614350392614152-WHERE.mp4,where,37,features_cache/3614350392614152-WHERE.pt
ASL-Citizen/videos/14107936727280213-MY.mp4,my,16,features_cache/14107936727280213-MY.pt
ASL-Citizen/videos/2190062159444781-CAN.mp4,can1,114,features_cache/2190062159444781-CAN.pt
ASL-Citizen/videos/4362793797127771-TOMORROW.mp4,tomorrow,51,features_cache/4362793797127771-TOMORROW.pt
ASL-Citizen/videos/5967637853786445-LONG TIME.mp4,longtime,182,features_cache/5967637853786445-LONG TIME.pt
ASL-Citizen/videos/046699667702878145-PERSON.mp4,person,151,features_cache/046699667702878145-PERSON.pt
ASL-Citizen/videos/6781872514409673-THIRD.mp4,third1,220,features_cache/6781872514409673-THIRD.pt
ASL-Citizen/videos/5542935741710973-COME OUT.mp4,comeout,73,features_cache/5542935741710973-COME OUT.pt
ASL-Citizen/videos/3633186842436291-OK.mp4,ok,136,features_cache/3633186842436291-OK.pt
ASL-Citizen/videos/3027864137490006-BLACK.mp4,black,145,features_cache/3027864137490006-BLACK.pt
ASL-Citizen/videos/5761668289505948-NIGHT 2.mp4,night2,57,features_cache/5761668289505948-NIGHT 2.pt
ASL-Citizen/videos/17189033119247688-MOUTH.mp4,mouth,111,features_cache/17189033119247688-MOUTH.pt
ASL-Citizen/videos/6581940650770446-TUESDAY.mp4,tuesday,264,features_cache/6581940650770446-TUESDAY.pt
ASL-Citizen/videos/9798682501349134-LONG WORD.mp4,longword,183,features_cache/9798682501349134-LONG WORD.pt
ASL-Citizen/videos/7785445025832627-SEVEN.mp4,seven,201,features_cache/7785445025832627-SEVEN.pt
ASL-Citizen/videos/6834910213736938-FOUR.mp4,four,199,features_cache/6834910213736938-FOUR.pt
ASL-Citizen/videos/9616445451619902-TWO.mp4,two,197,features_cache/9616445451619902-TWO.pt
ASL-Citizen/videos/5781669456181406-LOCK 3.mp4,lock3,186,features_cache/5781669456181406-LOCK 3.pt
ASL-Citizen/videos/2792895407119611-GREEN.mp4,green,149,features_cache/2792895407119611-GREEN.pt
ASL-Citizen/videos/8903687797420998-HOSPITAL.mp4,hospital1,247,features_cache/8903687797420998-HOSPITAL.pt
ASL-Citizen/videos/16530438799900593-SMALL.mp4,small,155,features_cache/16530438799900593-SMALL.pt
ASL-Citizen/videos/04834426418303739-DONT CARE.mp4,dontcare,189,features_cache/04834426418303739-DONT CARE.pt
ASL-Citizen/videos/5126326471463687-TALK.mp4,talk1,88,features_cache/5126326471463687-TALK.pt
ASL-Citizen/videos/7378344278159965-SHOP.mp4,shop1,102,features_cache/7378344278159965-SHOP.pt
ASL-Citizen/videos/901466546011986-JUICE 1.mp4,juice2,128,features_cache/901466546011986-JUICE 1.pt
ASL-Citizen/videos/5654281824131167-TODAY.mp4,today,50,features_cache/5654281824131167-TODAY.pt
ASL-Citizen/videos/3414215628759212-SATURDAY.mp4,saturday,267,features_cache/3414215628759212-SATURDAY.pt
ASL-Citizen/videos/5661013932933736-PLAY.mp4,play,68,features_cache/5661013932933736-PLAY.pt
ASL-Citizen/videos/30753411760017113-OUT.mp4,out,258,features_cache/30753411760017113-OUT.pt
ASL-Citizen/videos/4230517548202062-TINY.mp4,tiny,157,features_cache/4230517548202062-TINY.pt
ASL-Citizen/videos/6461183177504188-REMEMBER.mp4,remember2,81,features_cache/6461183177504188-REMEMBER.pt
ASL-Citizen/videos/12644868251197527-GIRL.mp4,girl,29,features_cache/12644868251197527-GIRL.pt
ASL-Citizen/videos/05268529749601458-WASH 3.mp4,wash2,242,features_cache/05268529749601458-WASH 3.pt
ASL-Citizen/videos/6454078590989818-SHOUT 2.mp4,shout2,165,features_cache/6454078590989818-SHOUT 2.pt
ASL-Citizen/videos/20200276891821511-REST.mp4,rest,290,features_cache/20200276891821511-REST.pt
ASL-Citizen/videos/7420332241308492-IN.mp4,in,256,features_cache/7420332241308492-IN.pt
ASL-Citizen/videos/8284103400294454-SORRY.mp4,sorry,7,features_cache/8284103400294454-SORRY.pt
ASL-Citizen/videos/23026276814798186-TINY.mp4,tiny,157,features_cache/23026276814798186-TINY.pt
ASL-Citizen/videos/24114870872761385-LONG TIME.mp4,longtime,182,features_cache/24114870872761385-LONG TIME.pt
ASL-Citizen/videos/2124320580569654-FOREST.mp4,forest,126,features_cache/2124320580569654-FOREST.pt
ASL-Citizen/videos/6196751357683004-SIGN.mp4,sign,298,features_cache/6196751357683004-SIGN.pt
ASL-Citizen/videos/6298947790810541-FRIEND.mp4,friend,26,features_cache/6298947790810541-FRIEND.pt
ASL-Citizen/videos/03048260576074524-RED.mp4,red,147,features_cache/03048260576074524-RED.pt
ASL-Citizen/videos/5770462994666947-BOOK.mp4,book,108,features_cache/5770462994666947-BOOK.pt
ASL-Citizen/videos/5433266494198601-RIGHT 1.mp4,right1,291,features_cache/5433266494198601-RIGHT 1.pt
ASL-Citizen/videos/6328451795670429-LOUD.mp4,loud,97,features_cache/6328451795670429-LOUD.pt
ASL-Citizen/videos/9824526442836845-WHERE.mp4,where,37,features_cache/9824526442836845-WHERE.pt
ASL-Citizen/videos/1419927515653201-UNDER.mp4,under,270,features_cache/1419927515653201-UNDER.pt
ASL-Citizen/videos/11275273156810672-BOOK.mp4,book,108,features_cache/11275273156810672-BOOK.pt
ASL-Citizen/videos/5036700693238116-HOLD 2.mp4,hold2,252,features_cache/5036700693238116-HOLD 2.pt
ASL-Citizen/videos/4390289106690757-WRITE.mp4,write,137,features_cache/4390289106690757-WRITE.pt
ASL-Citizen/videos/11620182282850933-seedWANT.mp4,want2,101,features_cache/11620182282850933-seedWANT.pt
ASL-Citizen/videos/6697487369959498-SHOUT.mp4,shout1,164,features_cache/6697487369959498-SHOUT.pt
ASL-Citizen/videos/2163652439714614-IMPROVE.mp4,improve,154,features_cache/2163652439714614-IMPROVE.pt
ASL-Citizen/videos/8616695282225584-YOURSELF.mp4,yourself,19,features_cache/8616695282225584-YOURSELF.pt
ASL-Citizen/videos/5148458874034276-WOMAN 2.mp4,woman2,32,features_cache/5148458874034276-WOMAN 2.pt
ASL-Citizen/videos/2868906638281077-BREAD.mp4,bread,138,features_cache/2868906638281077-BREAD.pt
ASL-Citizen/videos/5489734048116621-PLAY.mp4,play,68,features_cache/5489734048116621-PLAY.pt
ASL-Citizen/videos/39296253677618265-SNOW 2.mp4,snow2,209,features_cache/39296253677618265-SNOW 2.pt
ASL-Citizen/videos/26374626453306016-GAME.mp4,game,275,features_cache/26374626453306016-GAME.pt
ASL-Citizen/videos/400356235022832-MILK 2.mp4,milk2,130,features_cache/400356235022832-MILK 2.pt
ASL-Citizen/videos/5597197853102209-ONCE.mp4,once,280,features_cache/5597197853102209-ONCE.pt
ASL-Citizen/videos/5029254520183799-WOMAN 2.mp4,woman2,32,features_cache/5029254520183799-WOMAN 2.pt
ASL-Citizen/videos/6939178350263646-HOSPITAL.mp4,hospital1,247,features_cache/6939178350263646-HOSPITAL.pt
ASL-Citizen/videos/21416838482074008-STOP.mp4,stop,300,features_cache/21416838482074008-STOP.pt
ASL-Citizen/videos/281820387927481-UNDER.mp4,under,270,features_cache/281820387927481-UNDER.pt
ASL-Citizen/videos/6712023559931906-LOUD.mp4,loud,97,features_cache/6712023559931906-LOUD.pt
ASL-Citizen/videos/16759358676302494-GAME.mp4,game,275,features_cache/16759358676302494-GAME.pt
ASL-Citizen/videos/823734998515528-ROAD.mp4,road,297,features_cache/823734998515528-ROAD.pt
ASL-Citizen/videos/08093727322107713-HAIRCUT.mp4,haircut,231,features_cache/08093727322107713-HAIRCUT.pt
ASL-Citizen/videos/1615641107602217-LISTEN.mp4,listen,133,features_cache/1615641107602217-LISTEN.pt
ASL-Citizen/videos/2687945466740944-RELAX 2.mp4,relax2,289,features_cache/2687945466740944-RELAX 2.pt
ASL-Citizen/videos/20175952598369928-FISHING.mp4,fishing1,218,features_cache/20175952598369928-FISHING.pt
ASL-Citizen/videos/544188443168095-ON.mp4,on,279,features_cache/544188443168095-ON.pt
ASL-Citizen/videos/49783276223590134-SHORTS.mp4,shorts,160,features_cache/49783276223590134-SHORTS.pt
ASL-Citizen/videos/9815627986281921-FRIENDLY.mp4,friendly,27,features_cache/9815627986281921-FRIENDLY.pt
ASL-Citizen/videos/41371374555418994-seedHOLD 2.mp4,hold2,252,features_cache/41371374555418994-seedHOLD 2.pt
ASL-Citizen/videos/5470582351678035-DRINK 2.mp4,drink2,65,features_cache/5470582351678035-DRINK 2.pt
ASL-Citizen/videos/6173129876778358-SHOT.mp4,shot,162,features_cache/6173129876778358-SHOT.pt
ASL-Citizen/videos/5494204143000812-FINE.mp4,fine1,225,features_cache/5494204143000812-FINE.pt
ASL-Citizen/videos/9339193214429853-SEVEN.mp4,seven,201,features_cache/9339193214429853-SEVEN.pt
ASL-Citizen/videos/4726985727092916-SUNDAY.mp4,sunday,268,features_cache/4726985727092916-SUNDAY.pt
ASL-Citizen/videos/10936810371856853-CHEAT 1.mp4,cheat1,245,features_cache/10936810371856853-CHEAT 1.pt
ASL-Citizen/videos/9868334545162973-RIGHT 3.mp4,right3,293,features_cache/9868334545162973-RIGHT 3.pt
ASL-Citizen/videos/9216264931805345-seedPERSON.mp4,person,151,features_cache/9216264931805345-seedPERSON.pt
ASL-Citizen/videos/239199118289676-BOXING.mp4,boxing,140,features_cache/239199118289676-BOXING.pt
ASL-Citizen/videos/7290718464963901-WEEK.mp4,week,58,features_cache/7290718464963901-WEEK.pt
ASL-Citizen/videos/9782863224987515-YES.mp4,yes,8,features_cache/9782863224987515-YES.pt
ASL-Citizen/videos/4498735427701779-CLOTHES.mp4,clothes,143,features_cache/4498735427701779-CLOTHES.pt
ASL-Citizen/videos/7423935245472906-ACCIDENT.mp4,accident,142,features_cache/7423935245472906-ACCIDENT.pt
ASL-Citizen/videos/15187985348219946-RELAX 2.mp4,relax2,289,features_cache/15187985348219946-RELAX 2.pt
ASL-Citizen/videos/3616509285711058-FALL 1.mp4,fall1,173,features_cache/3616509285711058-FALL 1.pt
ASL-Citizen/videos/08927917820114639-WEEK.mp4,week,58,features_cache/08927917820114639-WEEK.pt
ASL-Citizen/videos/15160381582899052-seedTALL 1.mp4,tall2,176,features_cache/15160381582899052-seedTALL 1.pt
ASL-Citizen/videos/24483667508082507-ON.mp4,on,279,features_cache/24483667508082507-ON.pt
ASL-Citizen/videos/28101546458460636-seedLONG AGO.mp4,longago,180,features_cache/28101546458460636-seedLONG AGO.pt
ASL-Citizen/videos/1784447552931374-TELL.mp4,tell,83,features_cache/1784447552931374-TELL.pt
ASL-Citizen/videos/9749836996830414-INSIDE.mp4,inside,257,features_cache/9749836996830414-INSIDE.pt
ASL-Citizen/videos/048028242075979666-LONG AGO.mp4,longago,180,features_cache/048028242075979666-LONG AGO.pt
ASL-Citizen/videos/44744487897392093-QM.mp4,qm,285,features_cache/44744487897392093-QM.pt
ASL-Citizen/videos/011877779723588722-LONG.mp4,long,179,features_cache/011877779723588722-LONG.pt
ASL-Citizen/videos/4882422463907736-WASH FACE_1.mp4,washface1,237,features_cache/4882422463907736-WASH FACE_1.pt
ASL-Citizen/videos/10937148917795914-SLOW.mp4,slow,168,features_cache/10937148917795914-SLOW.pt
ASL-Citizen/videos/5587884729767747-GO.mp4,go,70,features_cache/5587884729767747-GO.pt
ASL-Citizen/videos/9256024170375103-UNDER.mp4,under,270,features_cache/9256024170375103-UNDER.pt
ASL-Citizen/videos/5882347360908131-EAT.mp4,eat1,62,features_cache/5882347360908131-EAT.pt
ASL-Citizen/videos/13862091664987353-WHICH.mp4,which,43,features_cache/13862091664987353-WHICH.pt
ASL-Citizen/videos/094098678575526-FOOTBALL.mp4,football,214,features_cache/094098678575526-FOOTBALL.pt
ASL-Citizen/videos/22047412457689952-TELL.mp4,tell,83,features_cache/22047412457689952-TELL.pt
ASL-Citizen/videos/8566050240550269-CANNOT.mp4,cannot,116,features_cache/8566050240550269-CANNOT.pt
ASL-Citizen/videos/4346694873349617-DONT LIKE.mp4,dontlike,192,features_cache/4346694873349617-DONT LIKE.pt
ASL-Citizen/videos/15207396425085884-UNDER.mp4,under,270,features_cache/15207396425085884-UNDER.pt
ASL-Citizen/videos/8840211270769178-SAD.mp4,sad,91,features_cache/8840211270769178-SAD.pt
ASL-Citizen/videos/2839948372412673-DOWN.mp4,down,272,features_cache/2839948372412673-DOWN.pt
ASL-Citizen/videos/5986271575508779-WOMAN 2.mp4,woman2,32,features_cache/5986271575508779-WOMAN 2.pt
ASL-Citizen/videos/8190663704033752-HOW.mp4,how1,41,features_cache/8190663704033752-HOW.pt
ASL-Citizen/videos/8610053242709839-FIFTH.mp4,fifth,223,features_cache/8610053242709839-FIFTH.pt
ASL-Citizen/videos/8082163743864004-QUIET.mp4,quiet,287,features_cache/8082163743864004-QUIET.pt
ASL-Citizen/videos/484863140155418-MONEY 2.mp4,money2,110,features_cache/484863140155418-MONEY 2.pt
ASL-Citizen/videos/9100450063867138-RUN 2.mp4,run2,296,features_cache/9100450063867138-RUN 2.pt
ASL-Citizen/videos/24482553688438768-FAMILY.mp4,family,25,features_cache/24482553688438768-FAMILY.pt
ASL-Citizen/videos/6081174057818566-SISTER.mp4,sister,36,features_cache/6081174057818566-SISTER.pt
ASL-Citizen/videos/8085359910699383-WEAK.mp4,weak,59,features_cache/8085359910699383-WEAK.pt
ASL-Citizen/videos/9343339705723281-BECAUSE.mp4,because,124,features_cache/9343339705723281-BECAUSE.pt
ASL-Citizen/videos/8159890685869593-ONE.mp4,one,196,features_cache/8159890685869593-ONE.pt
ASL-Citizen/videos/16365459087186118-BREAD.mp4,bread,138,features_cache/16365459087186118-BREAD.pt
ASL-Citizen/videos/5090546188010729-EXCITED.mp4,excited,96,features_cache/5090546188010729-EXCITED.pt
ASL-Citizen/videos/7698514903406568-STUDY.mp4,study,69,features_cache/7698514903406568-STUDY.pt
ASL-Citizen/videos/9721742390210952-MONTH.mp4,month,60,features_cache/9721742390210952-MONTH.pt
ASL-Citizen/videos/5996093063040984-HOTEL.mp4,hotel,105,features_cache/5996093063040984-HOTEL.pt
ASL-Citizen/videos/05743421144839811-LONG WORD.mp4,longword,183,features_cache/05743421144839811-LONG WORD.pt
ASL-Citizen/videos/5188852882942088-LONG WORD.mp4,longword,183,features_cache/5188852882942088-LONG WORD.pt
ASL-Citizen/videos/4741936871844836-ONE.mp4,one,196,features_cache/4741936871844836-ONE.pt
ASL-Citizen/videos/0936775308095219-RELAX.mp4,relax1,288,features_cache/0936775308095219-RELAX.pt
ASL-Citizen/videos/2033811194245334-JUICE 2.mp4,juice1,127,features_cache/2033811194245334-JUICE 2.pt
ASL-Citizen/videos/20644643394772144-MORNING.mp4,morning,55,features_cache/20644643394772144-MORNING.pt
ASL-Citizen/videos/6358167662084229-seedYES.mp4,yes,8,features_cache/6358167662084229-seedYES.pt
ASL-Citizen/videos/4495957736190752-ARRIVE.mp4,arrive,75,features_cache/4495957736190752-ARRIVE.pt
ASL-Citizen/videos/37437679515669386-EAT 2.mp4,eat2,63,features_cache/37437679515669386-EAT 2.pt
ASL-Citizen/videos/2576140497310784-ME.mp4,me,15,features_cache/2576140497310784-ME.pt
ASL-Citizen/videos/1563473861487994-DONT WANT.mp4,dontwant,195,features_cache/1563473861487994-DONT WANT.pt
ASL-Citizen/videos/16837845847466526-CLOTHES.mp4,clothes,143,features_cache/16837845847466526-CLOTHES.pt
ASL-Citizen/videos/736856385545932-CHECK.mp4,check,249,features_cache/736856385545932-CHECK.pt
ASL-Citizen/videos/13831972157907857-NAME.mp4,name,10,features_cache/13831972157907857-NAME.pt
ASL-Citizen/videos/3101430290665197-COFFEE.mp4,coffee,131,features_cache/3101430290665197-COFFEE.pt
ASL-Citizen/videos/8299290667631187-PURPLE.mp4,purple,286,features_cache/8299290667631187-PURPLE.pt
ASL-Citizen/videos/6724485649936158-KNOW.mp4,know,77,features_cache/6724485649936158-KNOW.pt
ASL-Citizen/videos/9431410080623124-GAME.mp4,game,275,features_cache/9431410080623124-GAME.pt
ASL-Citizen/videos/7662883760067802-SORRY.mp4,sorry,7,features_cache/7662883760067802-SORRY.pt
ASL-Citizen/videos/8026033272716828-READY.mp4,ready,135,features_cache/8026033272716828-READY.pt
ASL-Citizen/videos/5876166833274381-UP.mp4,up,271,features_cache/5876166833274381-UP.pt
ASL-Citizen/videos/7273049895085324-FALLING ASLEEP.mp4,fallingasleep,172,features_cache/7273049895085324-FALLING ASLEEP.pt
ASL-Citizen/videos/682290148919185-TELL.mp4,tell,83,features_cache/682290148919185-TELL.pt
ASL-Citizen/videos/9266475280403204-VACATION.mp4,vacation,125,features_cache/9266475280403204-VACATION.pt
ASL-Citizen/videos/44452799622348405-DONT FEEL_LIKE.mp4,dontfeellike,190,features_cache/44452799622348405-DONT FEEL_LIKE.pt
ASL-Citizen/videos/5039089573715827-WHAT 1.mp4,what2,12,features_cache/5039089573715827-WHAT 1.pt
ASL-Citizen/videos/597060949237564-MORE.mp4,more,119,features_cache/597060949237564-MORE.pt
ASL-Citizen/videos/5754719885013022-NEED.mp4,need,118,features_cache/5754719885013022-NEED.pt
ASL-Citizen/videos/37133917405214634-FOREST.mp4,forest,126,features_cache/37133917405214634-FOREST.pt
ASL-Citizen/videos/38946808159509927-SHOUT.mp4,shout1,164,features_cache/38946808159509927-SHOUT.pt
ASL-Citizen/videos/5055945545044311-KNOW.mp4,know,77,features_cache/5055945545044311-KNOW.pt
ASL-Citizen/videos/2732757606315379-TINY.mp4,tiny,157,features_cache/2732757606315379-TINY.pt
ASL-Citizen/videos/5185122660022305-WAIT.mp4,wait,76,features_cache/5185122660022305-WAIT.pt
ASL-Citizen/videos/29855709117865525-HAIR.mp4,hair1,229,features_cache/29855709117865525-HAIR.pt
ASL-Citizen/videos/1289041520425227-SIDE.mp4,side,87,features_cache/1289041520425227-SIDE.pt
ASL-Citizen/videos/6400788027798874-PLEASE.mp4,please,5,features_cache/6400788027798874-PLEASE.pt
ASL-Citizen/videos/6132353773492296-MONTH.mp4,month,60,features_cache/6132353773492296-MONTH.pt
ASL-Citizen/videos/8191401743443256-WASH MACHINE.mp4,washmachine,240,features_cache/8191401743443256-WASH MACHINE.pt
ASL-Citizen/videos/589235585874496-SORRY.mp4,sorry,7,features_cache/589235585874496-SORRY.pt
ASL-Citizen/videos/030195387372940363-LIKE.mp4,like,99,features_cache/030195387372940363-LIKE.pt
ASL-Citizen/videos/08113434311350254-WASH FACE_2.mp4,washface2,238,features_cache/08113434311350254-WASH FACE_2.pt
ASL-Citizen/videos/8379501891533077-WRITE.mp4,write,137,features_cache/8379501891533077-WRITE.pt
ASL-Citizen/videos/8888165476509571-WHY NOT.mp4,whynot,40,features_cache/8888165476509571-WHY NOT.pt
ASL-Citizen/videos/7479705292720449-SIDE.mp4,side,87,features_cache/7479705292720449-SIDE.pt
ASL-Citizen/videos/3713306288544136-BOX.mp4,box,139,features_cache/3713306288544136-BOX.pt
ASL-Citizen/videos/1636907769941489-GOOD.mp4,good,3,features_cache/1636907769941489-GOOD.pt
ASL-Citizen/videos/5811595056288392-WASH 3.mp4,wash2,242,features_cache/5811595056288392-WASH 3.pt
ASL-Citizen/videos/26511454336883356-seedCANNOT.mp4,cannot,116,features_cache/26511454336883356-seedCANNOT.pt
ASL-Citizen/videos/4575829320829845-LISTEN.mp4,listen,133,features_cache/4575829320829845-LISTEN.pt
ASL-Citizen/videos/0663439230334546-GUM.mp4,gum,228,features_cache/0663439230334546-GUM.pt
ASL-Citizen/videos/49968226020601336-LONG TIME.mp4,longtime,182,features_cache/49968226020601336-LONG TIME.pt
ASL-Citizen/videos/24628023944462152-LONG.mp4,long,179,features_cache/24628023944462152-LONG.pt
ASL-Citizen/videos/7187596027293139-ICECREAM.mp4,icecream,187,features_cache/7187596027293139-ICECREAM.pt
ASL-Citizen/videos/6605783350385293-JUICE 2.mp4,juice1,127,features_cache/6605783350385293-JUICE 2.pt
ASL-Citizen/videos/7692773229579544-seedHAIRCUT.mp4,haircut,231,features_cache/7692773229579544-seedHAIRCUT.pt
ASL-Citizen/videos/5993871743257306-FOR.mp4,for,215,features_cache/5993871743257306-FOR.pt
ASL-Citizen/videos/5922531091423466-TUESDAY.mp4,tuesday,264,features_cache/5922531091423466-TUESDAY.pt
ASL-Citizen/videos/8538998842407926-GUM.mp4,gum,228,features_cache/8538998842407926-GUM.pt
ASL-Citizen/videos/29137674847167805-CHEAT 1.mp4,cheat1,245,features_cache/29137674847167805-CHEAT 1.pt
ASL-Citizen/videos/9487938331042469-CHEAT 2.mp4,cheat2,246,features_cache/9487938331042469-CHEAT 2.pt
ASL-Citizen/videos/9779859866933089-BASKETBALL.mp4,basketball1,211,features_cache/9779859866933089-BASKETBALL.pt
ASL-Citizen/videos/24431720294874792-BLACK.mp4,black,145,features_cache/24431720294874792-BLACK.pt
ASL-Citizen/videos/2841313766935607-RAIN.mp4,rain,206,features_cache/2841313766935607-RAIN.pt
ASL-Citizen/videos/983844511939516-SLEEP.mp4,sleep,66,features_cache/983844511939516-SLEEP.pt
ASL-Citizen/videos/7084601978683813-WHAT 2.mp4,what1,11,features_cache/7084601978683813-WHAT 2.pt
ASL-Citizen/videos/9578020989132343-HAT 2.mp4,hat2,234,features_cache/9578020989132343-HAT 2.pt
ASL-Citizen/videos/5307675851880209-OUTSIDE.mp4,outside,259,features_cache/5307675851880209-OUTSIDE.pt
ASL-Citizen/videos/8354314965386465-HOLIDAY.mp4,holiday,253,features_cache/8354314965386465-HOLIDAY.pt
ASL-Citizen/videos/012220954143284501-HURT.mp4,hurt,255,features_cache/012220954143284501-HURT.pt
ASL-Citizen/videos/06061818404678454-WHO.mp4,who,13,features_cache/06061818404678454-WHO.pt
ASL-Citizen/videos/4543571426103712-POLICEMAN.mp4,policeman1,152,features_cache/4543571426103712-POLICEMAN.pt
ASL-Citizen/videos/4037873610638971-WEEK.mp4,week,58,features_cache/4037873610638971-WEEK.pt
ASL-Citizen/videos/577183601855066-TOMORROW.mp4,tomorrow,51,features_cache/577183601855066-TOMORROW.pt
ASL-Citizen/videos/743210566984984-DONT FEEL_LIKE.mp4,dontfeellike,190,features_cache/743210566984984-DONT FEEL_LIKE.pt
ASL-Citizen/videos/16132419959804256-STUDY.mp4,study,69,features_cache/16132419959804256-STUDY.pt
ASL-Citizen/videos/33343477219844675-BROTHER.mp4,brother,35,features_cache/33343477219844675-BROTHER.pt
ASL-Citizen/videos/10944664416240091-TALK 2.mp4,talk2,89,features_cache/10944664416240091-TALK 2.pt
ASL-Citizen/videos/6487692101118172-IN.mp4,in,256,features_cache/6487692101118172-IN.pt
ASL-Citizen/videos/6859041728055406-CAR ACCIDENT.mp4,caraccident,141,features_cache/6859041728055406-CAR ACCIDENT.pt
ASL-Citizen/videos/38985156175182567-DONT KNOW.mp4,dontknow,191,features_cache/38985156175182567-DONT KNOW.pt
ASL-Citizen/videos/6525872000407231-GIVE.mp4,give,227,features_cache/6525872000407231-GIVE.pt
ASL-Citizen/videos/7300348171338833-LOVE.mp4,love,98,features_cache/7300348171338833-LOVE.pt
ASL-Citizen/videos/544773713165329-LOVE.mp4,love,98,features_cache/544773713165329-LOVE.pt
ASL-Citizen/videos/3482678416066407-WRITE.mp4,write,137,features_cache/3482678416066407-WRITE.pt
ASL-Citizen/videos/22413626372355933-GOOD.mp4,good,3,features_cache/22413626372355933-GOOD.pt
ASL-Citizen/videos/6516662247328173-DONT KNOW.mp4,dontknow,191,features_cache/6516662247328173-DONT KNOW.pt
ASL-Citizen/videos/556250830874504-IMPROVE.mp4,improve,154,features_cache/556250830874504-IMPROVE.pt
ASL-Citizen/videos/16316522222182783-PLAY.mp4,play,68,features_cache/16316522222182783-PLAY.pt
ASL-Citizen/videos/5809140532676407-THREE.mp4,three,198,features_cache/5809140532676407-THREE.pt
ASL-Citizen/videos/7878943230993913-MILK.mp4,milk1,129,features_cache/7878943230993913-MILK.pt
ASL-Citizen/videos/03336917976569942-IMPROVE.mp4,improve,154,features_cache/03336917976569942-IMPROVE.pt
ASL-Citizen/videos/1089650858303235-CLOTHES.mp4,clothes,143,features_cache/1089650858303235-CLOTHES.pt
ASL-Citizen/videos/7606263845397558-SHOUT.mp4,shout1,164,features_cache/7606263845397558-SHOUT.pt
ASL-Citizen/videos/761663678321769-HEAR 1.mp4,hear1,21,features_cache/761663678321769-HEAR 1.pt
ASL-Citizen/videos/8971591341871883-BECAUSE.mp4,because,124,features_cache/8971591341871883-BECAUSE.pt
ASL-Citizen/videos/7557551775478455-DONT LIKE.mp4,dontlike,192,features_cache/7557551775478455-DONT LIKE.pt
ASL-Citizen/videos/523639751665347-LOCK 2.mp4,lock2,185,features_cache/523639751665347-LOCK 2.pt
ASL-Citizen/videos/9106045059190033-MAN.mp4,man,30,features_cache/9106045059190033-MAN.pt
ASL-Citizen/videos/3651789913333805-EAT 2.mp4,eat2,63,features_cache/3651789913333805-EAT 2.pt
ASL-Citizen/videos/7673165963487274-BLUE.mp4,blue,148,features_cache/7673165963487274-BLUE.pt
ASL-Citizen/videos/5331787702558206-ARRIVE.mp4,arrive,75,features_cache/5331787702558206-ARRIVE.pt
ASL-Citizen/videos/8258851257003343-MILK.mp4,milk1,129,features_cache/8258851257003343-MILK.pt
ASL-Citizen/videos/8239709920147786-AFTER.mp4,after,123,features_cache/8239709920147786-AFTER.pt
ASL-Citizen/videos/5250559152305585-THURSDAY.mp4,thursday,262,features_cache/5250559152305585-THURSDAY.pt
ASL-Citizen/videos/9843018006903488-CHEAT 1.mp4,cheat1,245,features_cache/9843018006903488-CHEAT 1.pt
ASL-Citizen/videos/5207058565200182-NEAR.mp4,near,277,features_cache/5207058565200182-NEAR.pt
ASL-Citizen/videos/5164317470026085-SNOW.mp4,snow1,208,features_cache/5164317470026085-SNOW.pt
ASL-Citizen/videos/9812515328553977-DRINK.mp4,drink1,64,features_cache/9812515328553977-DRINK.pt
ASL-Citizen/videos/13786429847818238-BLACK.mp4,black,145,features_cache/13786429847818238-BLACK.pt
ASL-Citizen/videos/16728596536749274-YES.mp4,yes,8,features_cache/16728596536749274-YES.pt
ASL-Citizen/videos/06926356735568229-AGAIN.mp4,again,121,features_cache/06926356735568229-AGAIN.pt
ASL-Citizen/videos/1583686602856138-BAD.mp4,bad,4,features_cache/1583686602856138-BAD.pt
ASL-Citizen/videos/04964897423386816-FAST.mp4,fast,169,features_cache/04964897423386816-FAST.pt
ASL-Citizen/videos/8954385001170695-MONEY 2.mp4,money2,110,features_cache/8954385001170695-MONEY 2.pt
ASL-Citizen/videos/7752810540021087-HAIR 2.mp4,hair2,230,features_cache/7752810540021087-HAIR 2.pt
ASL-Citizen/videos/5787771149094942-YELLOW.mp4,yellow,150,features_cache/5787771149094942-YELLOW.pt
ASL-Citizen/videos/749256686029846-LEAVE.mp4,leave,74,features_cache/749256686029846-LEAVE.pt
ASL-Citizen/videos/5986607687971939-SAD.mp4,sad,91,features_cache/5986607687971939-SAD.pt
ASL-Citizen/videos/9247418128453402-MILK 2.mp4,milk2,130,features_cache/9247418128453402-MILK 2.pt
ASL-Citizen/videos/5217798939791332-seedHOT.mp4,hot,244,features_cache/5217798939791332-seedHOT.pt
ASL-Citizen/videos/5215666498189602-TODAY.mp4,today,50,features_cache/5215666498189602-TODAY.pt
ASL-Citizen/videos/5958108091723611-FISHING 2.mp4,fishing2,219,features_cache/5958108091723611-FISHING 2.pt
ASL-Citizen/videos/219375839127824-FOOTBALL.mp4,football,214,features_cache/219375839127824-FOOTBALL.pt
ASL-Citizen/videos/049689800905120096-seedBROTHER.mp4,brother,35,features_cache/049689800905120096-seedBROTHER.pt
ASL-Citizen/videos/5182853748069234-seedRIGHT 3.mp4,right3,293,features_cache/5182853748069234-seedRIGHT 3.pt
ASL-Citizen/videos/6717140298240867-SKIN.mp4,skin,166,features_cache/6717140298240867-SKIN.pt
ASL-Citizen/videos/1854237241763439-BECAUSE.mp4,because,124,features_cache/1854237241763439-BECAUSE.pt
ASL-Citizen/videos/5368795719098318-GIRL.mp4,girl,29,features_cache/5368795719098318-GIRL.pt
ASL-Citizen/videos/39720636182004254-SNOW 2.mp4,snow2,209,features_cache/39720636182004254-SNOW 2.pt
ASL-Citizen/videos/7384876260714501-FISHING 2.mp4,fishing2,219,features_cache/7384876260714501-FISHING 2.pt
ASL-Citizen/videos/9128074318856931-HOW 2.mp4,how2,42,features_cache/9128074318856931-HOW 2.pt
ASL-Citizen/videos/9992085369333257-HERE.mp4,here,45,features_cache/9992085369333257-HERE.pt
ASL-Citizen/videos/147667439674817-BEFORE.mp4,before,122,features_cache/147667439674817-BEFORE.pt
ASL-Citizen/videos/30872695257963656-TIRED.mp4,tired,93,features_cache/30872695257963656-TIRED.pt
ASL-Citizen/videos/6315075626923341-DONT WANT.mp4,dontwant,195,features_cache/6315075626923341-DONT WANT.pt
ASL-Citizen/videos/31073143612162024-REST.mp4,rest,290,features_cache/31073143612162024-REST.pt
ASL-Citizen/videos/6961882957647334-DONT FEEL_LIKE.mp4,dontfeellike,190,features_cache/6961882957647334-DONT FEEL_LIKE.pt
ASL-Citizen/videos/9054349058419979-TEETH.mp4,teeth,204,features_cache/9054349058419979-TEETH.pt
ASL-Citizen/videos/4046304802500862-SCHOOL.mp4,school,49,features_cache/4046304802500862-SCHOOL.pt
ASL-Citizen/videos/7315299526625414-WANT.mp4,want2,101,features_cache/7315299526625414-WANT.pt
ASL-Citizen/videos/1434349775005772-PIZZA 2.mp4,pizza2,283,features_cache/1434349775005772-PIZZA 2.pt
ASL-Citizen/videos/8748564129867804-RIGHT 1.mp4,right1,291,features_cache/8748564129867804-RIGHT 1.pt
ASL-Citizen/videos/34523986265898476-BOX.mp4,box,139,features_cache/34523986265898476-BOX.pt
ASL-Citizen/videos/37288083726728405-SKIN.mp4,skin,166,features_cache/37288083726728405-SKIN.pt
ASL-Citizen/videos/7657802804409537-NEED.mp4,need,118,features_cache/7657802804409537-NEED.pt
ASL-Citizen/videos/18742923887433083-ON.mp4,on,279,features_cache/18742923887433083-ON.pt
ASL-Citizen/videos/1550701094349498-COME HERE.mp4,comehere,72,features_cache/1550701094349498-COME HERE.pt
ASL-Citizen/videos/8569590486054872-LOCK 3.mp4,lock3,186,features_cache/8569590486054872-LOCK 3.pt
ASL-Citizen/videos/08843340394106636-COME OUT.mp4,comeout,73,features_cache/08843340394106636-COME OUT.pt
ASL-Citizen/videos/029222318140726733-SHOUT 2.mp4,shout2,165,features_cache/029222318140726733-SHOUT 2.pt
ASL-Citizen/videos/25388875174562653-HOW.mp4,how1,41,features_cache/25388875174562653-HOW.pt
ASL-Citizen/videos/22662741538770148-AFTER.mp4,after,123,features_cache/22662741538770148-AFTER.pt
ASL-Citizen/videos/0039817736578176-TUESDAY.mp4,tuesday,264,features_cache/0039817736578176-TUESDAY.pt
ASL-Citizen/videos/13717057044445125-LOVE.mp4,love,98,features_cache/13717057044445125-LOVE.pt
ASL-Citizen/videos/2995032434827616-IN.mp4,in,256,features_cache/2995032434827616-IN.pt
ASL-Citizen/videos/48540972876704047-HE.mp4,he,236,features_cache/48540972876704047-HE.pt
ASL-Citizen/videos/5020756021767856-DONT NEED.mp4,dontneed,194,features_cache/5020756021767856-DONT NEED.pt
ASL-Citizen/videos/054894029469092276-ARRIVE.mp4,arrive,75,features_cache/054894029469092276-ARRIVE.pt
ASL-Citizen/videos/01798723214383169-WHEN.mp4,when,38,features_cache/01798723214383169-WHEN.pt
ASL-Citizen/videos/3252664947522783-FALLING ASLEEP.mp4,fallingasleep,172,features_cache/3252664947522783-FALLING ASLEEP.pt
ASL-Citizen/videos/5417755666438133-RAINBOW.mp4,rainbow,207,features_cache/5417755666438133-RAINBOW.pt
ASL-Citizen/videos/9586306157625994-STOP.mp4,stop,300,features_cache/9586306157625994-STOP.pt
ASL-Citizen/videos/5796516731435355-SUNDAY.mp4,sunday,268,features_cache/5796516731435355-SUNDAY.pt
ASL-Citizen/videos/9542027365188674-NO.mp4,no,9,features_cache/9542027365188674-NO.pt
ASL-Citizen/videos/8874147478261267-PEN.mp4,pen,281,features_cache/8874147478261267-PEN.pt
ASL-Citizen/videos/01147460965036129-BOY.mp4,boy,28,features_cache/01147460965036129-BOY.pt
ASL-Citizen/videos/9890231765881607-LIKE.mp4,like,99,features_cache/9890231765881607-LIKE.pt
ASL-Citizen/videos/5748285380978266-WHITE.mp4,white,144,features_cache/5748285380978266-WHITE.pt
ASL-Citizen/videos/5602506471677693-COME.mp4,come,71,features_cache/5602506471677693-COME.pt
ASL-Citizen/videos/6359966945985864-MAN.mp4,man,30,features_cache/6359966945985864-MAN.pt
ASL-Citizen/videos/8664639341963607-FACE.mp4,face,250,features_cache/8664639341963607-FACE.pt
ASL-Citizen/videos/13465977510126748-HOLIDAY.mp4,holiday,253,features_cache/13465977510126748-HOLIDAY.pt
ASL-Citizen/videos/4047507828073247-HOLD 2.mp4,hold2,252,features_cache/4047507828073247-HOLD 2.pt
ASL-Citizen/videos/8770966028259193-ONE.mp4,one,196,features_cache/8770966028259193-ONE.pt
ASL-Citizen/videos/637114701974759-READY.mp4,ready,135,features_cache/637114701974759-READY.pt
ASL-Citizen/videos/735841728723114-SLOW.mp4,slow,168,features_cache/735841728723114-SLOW.pt
ASL-Citizen/videos/6963305702261142-ANGRY.mp4,angry,92,features_cache/6963305702261142-ANGRY.pt
ASL-Citizen/videos/7219677772800852-THINK.mp4,think,78,features_cache/7219677772800852-THINK.pt
ASL-Citizen/videos/4154378637293554-CHEAT 2.mp4,cheat2,246,features_cache/4154378637293554-CHEAT 2.pt
ASL-Citizen/videos/5631016440125773-BYE.mp4,bye,2,features_cache/5631016440125773-BYE.pt
ASL-Citizen/videos/8967787698887613-FEW.mp4,few,1,features_cache/8967787698887613-FEW.pt
ASL-Citizen/videos/19770410991779142-TOMORROW.mp4,tomorrow,51,features_cache/19770410991779142-TOMORROW.pt
ASL-Citizen/videos/9562543654398907-STUDY.mp4,study,69,features_cache/9562543654398907-STUDY.pt
ASL-Citizen/videos/28791918942913153-HOSPITAL.mp4,hospital1,247,features_cache/28791918942913153-HOSPITAL.pt
ASL-Citizen/videos/24987971183397661-SUNDAY.mp4,sunday,268,features_cache/24987971183397661-SUNDAY.pt
ASL-Citizen/videos/5676022999784702-WANT.mp4,want2,101,features_cache/5676022999784702-WANT.pt
ASL-Citizen/videos/9108943143134249-REST.mp4,rest,290,features_cache/9108943143134249-REST.pt
ASL-Citizen/videos/06071790828062662-NIGHT.mp4,night1,56,features_cache/06071790828062662-NIGHT.pt
ASL-Citizen/videos/6261974594387636-seedMORNING.mp4,morning,55,features_cache/6261974594387636-seedMORNING.pt
ASL-Citizen/videos/2609737790861999-HURT.mp4,hurt,255,features_cache/2609737790861999-HURT.pt
ASL-Citizen/videos/8464267504537446-BECAUSE.mp4,because,124,features_cache/8464267504537446-BECAUSE.pt
ASL-Citizen/videos/8706793140527429-FISH.mp4,fish,217,features_cache/8706793140527429-FISH.pt
ASL-Citizen/videos/30674313805858255-FATHER.mp4,father,34,features_cache/30674313805858255-FATHER.pt
ASL-Citizen/videos/6884360413572164-RAIN.mp4,rain,206,features_cache/6884360413572164-RAIN.pt
ASL-Citizen/videos/08625639395858675-BASKETBALL 2.mp4,basketball3,213,features_cache/08625639395858675-BASKETBALL 2.pt
ASL-Citizen/videos/614460395832817-NIGHT 2.mp4,night2,57,features_cache/614460395832817-NIGHT 2.pt
ASL-Citizen/videos/583302319036213-SKIRT.mp4,skirt,167,features_cache/583302319036213-SKIRT.pt
ASL-Citizen/videos/1721318474519251-COMPUTER.mp4,computer,113,features_cache/1721318474519251-COMPUTER.pt
ASL-Citizen/videos/5498217912248038-seedUNDER.mp4,under,270,features_cache/5498217912248038-seedUNDER.pt
ASL-Citizen/videos/3299931458826266-REMEMBER.mp4,remember2,81,features_cache/3299931458826266-REMEMBER.pt
ASL-Citizen/videos/5327639377384075-FIRST.mp4,first,216,features_cache/5327639377384075-FIRST.pt
ASL-Citizen/videos/9770599529725736-YEAR.mp4,year,61,features_cache/9770599529725736-YEAR.pt
ASL-Citizen/videos/06635586886652112-seedGOOD.mp4,good,3,features_cache/06635586886652112-seedGOOD.pt
ASL-Citizen/videos/8046359590715597-UNDER.mp4,under,270,features_cache/8046359590715597-UNDER.pt
ASL-Citizen/videos/4680506872883319-COME OUT.mp4,comeout,73,features_cache/4680506872883319-COME OUT.pt
ASL-Citizen/videos/8429045063336982-SHORT DISTANCE.mp4,shortdistance,158,features_cache/8429045063336982-SHORT DISTANCE.pt
ASL-Citizen/videos/8853452389680438-DONT KNOW.mp4,dontknow,191,features_cache/8853452389680438-DONT KNOW.pt
ASL-Citizen/videos/6148848861012457-BROTHER.mp4,brother,35,features_cache/6148848861012457-BROTHER.pt
ASL-Citizen/videos/6276749691211894-WORK.mp4,work,67,features_cache/6276749691211894-WORK.pt
ASL-Citizen/videos/7869034994705406-SEE.mp4,see,200,features_cache/7869034994705406-SEE.pt
ASL-Citizen/videos/6460191084812579-EAT.mp4,eat1,62,features_cache/6460191084812579-EAT.pt
ASL-Citizen/videos/43505759423144474-SMALL.mp4,small,155,features_cache/43505759423144474-SMALL.pt
ASL-Citizen/videos/7403167170909308-COME.mp4,come,71,features_cache/7403167170909308-COME.pt
ASL-Citizen/videos/38957579013047017-WANT 2.mp4,want1,100,features_cache/38957579013047017-WANT 2.pt
ASL-Citizen/videos/696940195955664-HAIR 2.mp4,hair2,230,features_cache/696940195955664-HAIR 2.pt
ASL-Citizen/videos/8258365097299554-GAME.mp4,game,275,features_cache/8258365097299554-GAME.pt
ASL-Citizen/videos/45411013228111785-HE.mp4,he,236,features_cache/45411013228111785-HE.pt
ASL-Citizen/videos/373844328471163-AFTER.mp4,after,123,features_cache/373844328471163-AFTER.pt
ASL-Citizen/videos/1327334508655844-YELLOW.mp4,yellow,150,features_cache/1327334508655844-YELLOW.pt
ASL-Citizen/videos/2722148210073596-UNDER.mp4,under,270,features_cache/2722148210073596-UNDER.pt
ASL-Citizen/videos/18779942214358503-COCONUT.mp4,coconut,132,features_cache/18779942214358503-COCONUT.pt
ASL-Citizen/videos/31477726769914227-EAT.mp4,eat1,62,features_cache/31477726769914227-EAT.pt
ASL-Citizen/videos/2247328622544631-SEVEN.mp4,seven,201,features_cache/2247328622544631-SEVEN.pt
ASL-Citizen/videos/9323663549850323-YOURSELF.mp4,yourself,19,features_cache/9323663549850323-YOURSELF.pt
ASL-Citizen/videos/16408506140188406-FOREST.mp4,forest,126,features_cache/16408506140188406-FOREST.pt
ASL-Citizen/videos/811072606700949-MOUTH.mp4,mouth,111,features_cache/811072606700949-MOUTH.pt
ASL-Citizen/videos/3755885673667929-MOUTH.mp4,mouth,111,features_cache/3755885673667929-MOUTH.pt
ASL-Citizen/videos/2627928555160568-WASH 3.mp4,wash2,242,features_cache/2627928555160568-WASH 3.pt
ASL-Citizen/videos/7518264219417887-SHOUT.mp4,shout1,164,features_cache/7518264219417887-SHOUT.pt
ASL-Citizen/videos/13503699045678985-LOUD.mp4,loud,97,features_cache/13503699045678985-LOUD.pt
ASL-Citizen/videos/0876423323633222-WASH 3.mp4,wash2,242,features_cache/0876423323633222-WASH 3.pt
ASL-Citizen/videos/46241569122262693-CAN.mp4,can1,114,features_cache/46241569122262693-CAN.pt
ASL-Citizen/videos/0993927102341563-HEAR 1.mp4,hear1,21,features_cache/0993927102341563-HEAR 1.pt
ASL-Citizen/videos/6931839329699498-FISH.mp4,fish,217,features_cache/6931839329699498-FISH.pt
ASL-Citizen/videos/5856364296377343-LONG.mp4,long,179,features_cache/5856364296377343-LONG.pt
ASL-Citizen/videos/19109474570600948-STOP.mp4,stop,300,features_cache/19109474570600948-STOP.pt
ASL-Citizen/videos/21793575059728565-BLACK.mp4,black,145,features_cache/21793575059728565-BLACK.pt
ASL-Citizen/videos/4692477458034259-HEAR 1.mp4,hear1,21,features_cache/4692477458034259-HEAR 1.pt
ASL-Citizen/videos/32698710913179974-THERE.mp4,there,46,features_cache/32698710913179974-THERE.pt
ASL-Citizen/videos/9757502559319415-DRINK.mp4,drink1,64,features_cache/9757502559319415-DRINK.pt
ASL-Citizen/videos/31744389017970853-ON.mp4,on,279,features_cache/31744389017970853-ON.pt
ASL-Citizen/videos/365145500396562-FALL 2.mp4,fall2,174,features_cache/365145500396562-FALL 2.pt
ASL-Citizen/videos/48930015457823384-FEW.mp4,few,1,features_cache/48930015457823384-FEW.pt
ASL-Citizen/videos/009620660695883743-TALK.mp4,talk1,88,features_cache/009620660695883743-TALK.pt
ASL-Citizen/videos/34781783034760516-WHY NOT.mp4,whynot,40,features_cache/34781783034760516-WHY NOT.pt
ASL-Citizen/videos/031705941185190545-THANK YOU.mp4,thankyou,6,features_cache/031705941185190545-THANK YOU.pt
ASL-Citizen/videos/9488812611751287-BREAD.mp4,bread,138,features_cache/9488812611751287-BREAD.pt
ASL-Citizen/videos/7218341081585298-RIGHT 3.mp4,right3,293,features_cache/7218341081585298-RIGHT 3.pt
ASL-Citizen/videos/2954462540742715-BREAD.mp4,bread,138,features_cache/2954462540742715-BREAD.pt
ASL-Citizen/videos/9732093132703112-SATURDAY.mp4,saturday,267,features_cache/9732093132703112-SATURDAY.pt
ASL-Citizen/videos/25130175957831113-THANK YOU.mp4,thankyou,6,features_cache/25130175957831113-THANK YOU.pt
ASL-Citizen/videos/7517693697935897-MONTH.mp4,month,60,features_cache/7517693697935897-MONTH.pt
ASL-Citizen/videos/07913341590889034-RELAX.mp4,relax1,288,features_cache/07913341590889034-RELAX.pt
ASL-Citizen/videos/9955351796727754-HAIRCUT.mp4,haircut,231,features_cache/9955351796727754-HAIRCUT.pt
ASL-Citizen/videos/6214894065041092-SHOP 1.mp4,shop2,103,features_cache/6214894065041092-SHOP 1.pt
ASL-Citizen/videos/05940382065976957-BALL.mp4,ball,210,features_cache/05940382065976957-BALL.pt
ASL-Citizen/videos/7977130285572864-SCHOOL.mp4,school,49,features_cache/7977130285572864-SCHOOL.pt
ASL-Citizen/videos/594048392338546-BALL.mp4,ball,210,features_cache/594048392338546-BALL.pt
ASL-Citizen/videos/3243330513888747-WANT.mp4,want2,101,features_cache/3243330513888747-WANT.pt
ASL-Citizen/videos/3610614357458948-CAN 2.mp4,can2,115,features_cache/3610614357458948-CAN 2.pt
ASL-Citizen/videos/34694563123516087-ROAD.mp4,road,297,features_cache/34694563123516087-ROAD.pt
ASL-Citizen/videos/22319873680767022-HOLIDAY.mp4,holiday,253,features_cache/22319873680767022-HOLIDAY.pt
ASL-Citizen/videos/18195165864576057-MUST.mp4,must,117,features_cache/18195165864576057-MUST.pt
ASL-Citizen/videos/9804995676953023-SKIN.mp4,skin,166,features_cache/9804995676953023-SKIN.pt
ASL-Citizen/videos/43495500069181814-WHY NOT.mp4,whynot,40,features_cache/43495500069181814-WHY NOT.pt
ASL-Citizen/videos/06306461164504529-LOVE.mp4,love,98,features_cache/06306461164504529-LOVE.pt
ASL-Citizen/videos/40995728871512394-AGAIN.mp4,again,121,features_cache/40995728871512394-AGAIN.pt
ASL-Citizen/videos/18732191940306886-FACE.mp4,face,250,features_cache/18732191940306886-FACE.pt
ASL-Citizen/videos/6451139164163326-SKIRT.mp4,skirt,167,features_cache/6451139164163326-SKIRT.pt
ASL-Citizen/videos/6216877464477266-UP.mp4,up,271,features_cache/6216877464477266-UP.pt
ASL-Citizen/videos/20091840206784806-RUN.mp4,run1,295,features_cache/20091840206784806-RUN.pt
ASL-Citizen/videos/06807654164225374-SUNDAY.mp4,sunday,268,features_cache/06807654164225374-SUNDAY.pt
ASL-Citizen/videos/7027473793210652-HELLO.mp4,hello,0,features_cache/7027473793210652-HELLO.pt
ASL-Citizen/videos/7705639151800205-WATER.mp4,water,112,features_cache/7705639151800205-WATER.pt
ASL-Citizen/videos/33942342490372823-YOURSELF.mp4,yourself,19,features_cache/33942342490372823-YOURSELF.pt
ASL-Citizen/videos/24416751766612643-TEAR.mp4,tear,177,features_cache/24416751766612643-TEAR.pt
ASL-Citizen/videos/7512768954786226-REMEMBER 2.mp4,remember1,80,features_cache/7512768954786226-REMEMBER 2.pt
ASL-Citizen/videos/004997545233198508-YESTERDAY.mp4,yesterday,52,features_cache/004997545233198508-YESTERDAY.pt
ASL-Citizen/videos/960100884395108-LONG LINE.mp4,longline,181,features_cache/960100884395108-LONG LINE.pt
ASL-Citizen/videos/1570087424496478-MAN.mp4,man,30,features_cache/1570087424496478-MAN.pt
ASL-Citizen/videos/49616842297968256-FAST.mp4,fast,169,features_cache/49616842297968256-FAST.pt
ASL-Citizen/videos/23630485624204356-VACATION.mp4,vacation,125,features_cache/23630485624204356-VACATION.pt
ASL-Citizen/videos/8392684568979598-BASKETBALL 2.mp4,basketball3,213,features_cache/8392684568979598-BASKETBALL 2.pt
ASL-Citizen/videos/7525332129995586-NO.mp4,no,9,features_cache/7525332129995586-NO.pt
ASL-Citizen/videos/24888351055133895-FIRST.mp4,first,216,features_cache/24888351055133895-FIRST.pt
ASL-Citizen/videos/9836832201912915-DONT LIKE.mp4,dontlike,192,features_cache/9836832201912915-DONT LIKE.pt
ASL-Citizen/videos/1967585753703054-MY.mp4,my,16,features_cache/1967585753703054-MY.pt
ASL-Citizen/videos/9897017020458527-PEN.mp4,pen,281,features_cache/9897017020458527-PEN.pt
ASL-Citizen/videos/9556969092611263-BASKETBALL 2.mp4,basketball3,213,features_cache/9556969092611263-BASKETBALL 2.pt
ASL-Citizen/videos/6811391071349302-SLEEP.mp4,sleep,66,features_cache/6811391071349302-SLEEP.pt
ASL-Citizen/videos/10015750786305833-FOREST.mp4,forest,126,features_cache/10015750786305833-FOREST.pt
ASL-Citizen/videos/9792821151695397-FALL 2.mp4,fall2,174,features_cache/9792821151695397-FALL 2.pt
ASL-Citizen/videos/7978290768597496-HOUSE.mp4,house,48,features_cache/7978290768597496-HOUSE.pt
ASL-Citizen/videos/09849926479408055-HAVE.mp4,have,235,features_cache/09849926479408055-HAVE.pt
ASL-Citizen/videos/38402181354833864-MORNING.mp4,morning,55,features_cache/38402181354833864-MORNING.pt
ASL-Citizen/videos/5409396391126184-BECAUSE.mp4,because,124,features_cache/5409396391126184-BECAUSE.pt
ASL-Citizen/videos/5065954664960581-MONEY.mp4,money1,109,features_cache/5065954664960581-MONEY.pt
ASL-Citizen/videos/6322185610277167-seedLOCK.mp4,lock1,184,features_cache/6322185610277167-seedLOCK.pt
ASL-Citizen/videos/9060454743413187-PERSON.mp4,person,151,features_cache/9060454743413187-PERSON.pt
ASL-Citizen/videos/04669408879006931-NEED.mp4,need,118,features_cache/04669408879006931-NEED.pt
ASL-Citizen/videos/25170361574162303-CAN 2.mp4,can2,115,features_cache/25170361574162303-CAN 2.pt
ASL-Citizen/videos/11081862378556995-SHOWER.mp4,shower,86,features_cache/11081862378556995-SHOWER.pt
ASL-Citizen/videos/07206160521140825-YEAR.mp4,year,61,features_cache/07206160521140825-YEAR.pt
ASL-Citizen/videos/9494280629696792-FRIENDLY.mp4,friendly,27,features_cache/9494280629696792-FRIENDLY.pt
ASL-Citizen/videos/2127693584100394-LOST.mp4,lost,274,features_cache/2127693584100394-LOST.pt
ASL-Citizen/videos/8970937562330095-PHONE.mp4,phone,107,features_cache/8970937562330095-PHONE.pt
ASL-Citizen/videos/8888684132386102-ASK.mp4,ask,84,features_cache/8888684132386102-ASK.pt
ASL-Citizen/videos/710447421608613-TOMORROW.mp4,tomorrow,51,features_cache/710447421608613-TOMORROW.pt
ASL-Citizen/videos/800867043516917-TALK 2.mp4,talk2,89,features_cache/800867043516917-TALK 2.pt
ASL-Citizen/videos/07956373742817546-WEAK.mp4,weak,59,features_cache/07956373742817546-WEAK.pt
ASL-Citizen/videos/01970799737038642-SIGN.mp4,sign,298,features_cache/01970799737038642-SIGN.pt
ASL-Citizen/videos/668228182655314-AGAIN.mp4,again,121,features_cache/668228182655314-AGAIN.pt
ASL-Citizen/videos/7402029386505589-RESTAURANT.mp4,restaurant,104,features_cache/7402029386505589-RESTAURANT.pt
ASL-Citizen/videos/9468049272199688-ASK.mp4,ask,84,features_cache/9468049272199688-ASK.pt
ASL-Citizen/videos/3634545302775196-CANNOT.mp4,cannot,116,features_cache/3634545302775196-CANNOT.pt
ASL-Citizen/videos/9292023440580952-SMALL.mp4,small,155,features_cache/9292023440580952-SMALL.pt
ASL-Citizen/videos/12188061798454708-STOP.mp4,stop,300,features_cache/12188061798454708-STOP.pt
ASL-Citizen/videos/7648996670040624-HELLO.mp4,hello,0,features_cache/7648996670040624-HELLO.pt
ASL-Citizen/videos/07050828584534741-GUM.mp4,gum,228,features_cache/07050828584534741-GUM.pt
ASL-Citizen/videos/14411107759585695-FEW.mp4,few,1,features_cache/14411107759585695-FEW.pt
ASL-Citizen/videos/5241229074790268-SATURDAY.mp4,saturday,267,features_cache/5241229074790268-SATURDAY.pt
ASL-Citizen/videos/9710569622157019-BYE.mp4,bye,2,features_cache/9710569622157019-BYE.pt
ASL-Citizen/videos/2448273149680973-RED.mp4,red,147,features_cache/2448273149680973-RED.pt
ASL-Citizen/videos/4962916582710384-VACATION.mp4,vacation,125,features_cache/4962916582710384-VACATION.pt
ASL-Citizen/videos/4355755454356687-PULL.mp4,pull,284,features_cache/4355755454356687-PULL.pt
ASL-Citizen/videos/033095312435714064-MORE.mp4,more,119,features_cache/033095312435714064-MORE.pt
ASL-Citizen/videos/869286329065476-TEAR.mp4,tear,177,features_cache/869286329065476-TEAR.pt
ASL-Citizen/videos/7101515421656532-STUDY.mp4,study,69,features_cache/7101515421656532-STUDY.pt
ASL-Citizen/videos/7663168959105193-PURPLE.mp4,purple,286,features_cache/7663168959105193-PURPLE.pt
ASL-Citizen/videos/8503215784770284-TALL 2.mp4,tall1,175,features_cache/8503215784770284-TALL 2.pt
ASL-Citizen/videos/16702164887537685-RELAX.mp4,relax1,288,features_cache/16702164887537685-RELAX.pt
ASL-Citizen/videos/9148046126218417-WASH FACE_2.mp4,washface2,238,features_cache/9148046126218417-WASH FACE_2.pt
ASL-Citizen/videos/8911716236979184-YOUR.mp4,your,18,features_cache/8911716236979184-YOUR.pt
ASL-Citizen/videos/39633183546827055-seedCAR ACCIDENT.mp4,caraccident,141,features_cache/39633183546827055-seedCAR ACCIDENT.pt
ASL-Citizen/videos/9187242957613455-FROM.mp4,from,44,features_cache/9187242957613455-FROM.pt
ASL-Citizen/videos/7235094147827348-HOTEL.mp4,hotel,105,features_cache/7235094147827348-HOTEL.pt
ASL-Citizen/videos/603586845057084-HARD.mp4,hard,232,features_cache/603586845057084-HARD.pt
ASL-Citizen/videos/7118160495490449-THEY 2.mp4,they2,24,features_cache/7118160495490449-THEY 2.pt
ASL-Citizen/videos/30690091885433524-TIRED OF.mp4,tiredof,94,features_cache/30690091885433524-TIRED OF.pt
ASL-Citizen/videos/8020060049631272-RIGHT 2.mp4,right2,292,features_cache/8020060049631272-RIGHT 2.pt
ASL-Citizen/videos/5486544112333125-OLD.mp4,old,278,features_cache/5486544112333125-OLD.pt
ASL-Citizen/videos/16270426237316316-THANK YOU.mp4,thankyou,6,features_cache/16270426237316316-THANK YOU.pt
ASL-Citizen/videos/6308048947787481-SIDE.mp4,side,87,features_cache/6308048947787481-SIDE.pt
ASL-Citizen/videos/4775113586511519-WOMAN 2.mp4,woman2,32,features_cache/4775113586511519-WOMAN 2.pt
ASL-Citizen/videos/756097656914722-YEAR.mp4,year,61,features_cache/756097656914722-YEAR.pt
ASL-Citizen/videos/8722480506313379-WHICH.mp4,which,43,features_cache/8722480506313379-WHICH.pt
ASL-Citizen/videos/1359379149172253-MEET.mp4,meet,276,features_cache/1359379149172253-MEET.pt
ASL-Citizen/videos/39076926116400745-THREE.mp4,three,198,features_cache/39076926116400745-THREE.pt
ASL-Citizen/videos/19736756947592426-WEEK.mp4,week,58,features_cache/19736756947592426-WEEK.pt
ASL-Citizen/videos/19195912453679753-GO.mp4,go,70,features_cache/19195912453679753-GO.pt
ASL-Citizen/videos/740137620983075-WEEK.mp4,week,58,features_cache/740137620983075-WEEK.pt
ASL-Citizen/videos/7554821627291228-RELAX 2.mp4,relax2,289,features_cache/7554821627291228-RELAX 2.pt
ASL-Citizen/videos/5230971619612976-AFTER.mp4,after,123,features_cache/5230971619612976-AFTER.pt
ASL-Citizen/videos/18435493541213566-SKIN.mp4,skin,166,features_cache/18435493541213566-SKIN.pt
ASL-Citizen/videos/24320798823650058-HEAR 1.mp4,hear1,21,features_cache/24320798823650058-HEAR 1.pt
ASL-Citizen/videos/5657005340369723-GIVE.mp4,give,227,features_cache/5657005340369723-GIVE.pt
ASL-Citizen/videos/6565779108044556-WANT 2.mp4,want1,100,features_cache/6565779108044556-WANT 2.pt
ASL-Citizen/videos/5041697196223054-DONT NEED.mp4,dontneed,194,features_cache/5041697196223054-DONT NEED.pt
ASL-Citizen/videos/3438291198863894-SICK.mp4,sick,95,features_cache/3438291198863894-SICK.pt
ASL-Citizen/videos/031197557744257143-CAN 2.mp4,can2,115,features_cache/031197557744257143-CAN 2.pt
ASL-Citizen/videos/1510850145706859-CAR.mp4,car,106,features_cache/1510850145706859-CAR.pt
ASL-Citizen/videos/5949494391929417-NAME.mp4,name,10,features_cache/5949494391929417-NAME.pt
ASL-Citizen/videos/16430646158155082-WORK.mp4,work,67,features_cache/16430646158155082-WORK.pt
ASL-Citizen/videos/47336529481868883-BLACK.mp4,black,145,features_cache/47336529481868883-BLACK.pt
ASL-Citizen/videos/9106828060005678-WHAT 2.mp4,what1,11,features_cache/9106828060005678-WHAT 2.pt
ASL-Citizen/videos/48759619499196427-YESTERDAY.mp4,yesterday,52,features_cache/48759619499196427-YESTERDAY.pt
ASL-Citizen/videos/6385172627096976-MUST.mp4,must,117,features_cache/6385172627096976-MUST.pt
ASL-Citizen/videos/6392085873567048-WHY.mp4,why,39,features_cache/6392085873567048-WHY.pt
ASL-Citizen/videos/1300301228681695-MAN.mp4,man,30,features_cache/1300301228681695-MAN.pt
ASL-Citizen/videos/8164060722453563-DONT CARE.mp4,dontcare,189,features_cache/8164060722453563-DONT CARE.pt
ASL-Citizen/videos/6553068804299655-BOX.mp4,box,139,features_cache/6553068804299655-BOX.pt
ASL-Citizen/videos/4163876725261626-THEY.mp4,they1,23,features_cache/4163876725261626-THEY.pt
ASL-Citizen/videos/8854605314895976-TIRED OF.mp4,tiredof,94,features_cache/8854605314895976-TIRED OF.pt
ASL-Citizen/videos/2613483374354193-CHEAT 1.mp4,cheat1,245,features_cache/2613483374354193-CHEAT 1.pt
ASL-Citizen/videos/8067021692292493-KNOW.mp4,know,77,features_cache/8067021692292493-KNOW.pt
ASL-Citizen/videos/874759887268578-SISTER.mp4,sister,36,features_cache/874759887268578-SISTER.pt
ASL-Citizen/videos/4582628988743378-OK.mp4,ok,136,features_cache/4582628988743378-OK.pt
ASL-Citizen/videos/16288519431904458-MOUTH.mp4,mouth,111,features_cache/16288519431904458-MOUTH.pt
ASL-Citizen/videos/0904437231533417-LISTEN.mp4,listen,133,features_cache/0904437231533417-LISTEN.pt
ASL-Citizen/videos/5331383873183302-DONT NEED.mp4,dontneed,194,features_cache/5331383873183302-DONT NEED.pt
ASL-Citizen/videos/8207978523788353-DONT FEEL_LIKE.mp4,dontfeellike,190,features_cache/8207978523788353-DONT FEEL_LIKE.pt
ASL-Citizen/videos/565004279069522-BOXING.mp4,boxing,140,features_cache/565004279069522-BOXING.pt
ASL-Citizen/videos/2576035692307135-READY.mp4,ready,135,features_cache/2576035692307135-READY.pt
ASL-Citizen/videos/3036564121487382-HAT.mp4,hat1,233,features_cache/3036564121487382-HAT.pt
ASL-Citizen/videos/10439418782525745-READ.mp4,read,134,features_cache/10439418782525745-READ.pt
ASL-Citizen/videos/9086920406108443-HURT.mp4,hurt,255,features_cache/9086920406108443-HURT.pt
ASL-Citizen/videos/5602841814677764-MYSELF.mp4,myself,17,features_cache/5602841814677764-MYSELF.pt
ASL-Citizen/videos/35438732511009685-MORE.mp4,more,119,features_cache/35438732511009685-MORE.pt
ASL-Citizen/videos/48964582814562885-DONT CARE.mp4,dontcare,189,features_cache/48964582814562885-DONT CARE.pt
ASL-Citizen/videos/8313285361920488-HAIRCUT.mp4,haircut,231,features_cache/8313285361920488-HAIRCUT.pt
ASL-Citizen/videos/04986462534482361-QUIET.mp4,quiet,287,features_cache/04986462534482361-QUIET.pt
ASL-Citizen/videos/3921320702075002-COME.mp4,come,71,features_cache/3921320702075002-COME.pt
ASL-Citizen/videos/9097569753694281-PULL.mp4,pull,284,features_cache/9097569753694281-PULL.pt
ASL-Citizen/videos/8820663650424718-HERE.mp4,here,45,features_cache/8820663650424718-HERE.pt
ASL-Citizen/videos/8480082255495036-seedRAIN.mp4,rain,206,features_cache/8480082255495036-seedRAIN.pt
ASL-Citizen/videos/5955809588514023-WOMAN.mp4,woman1,31,features_cache/5955809588514023-WOMAN.pt
ASL-Citizen/videos/3392177140014594-SKIRT.mp4,skirt,167,features_cache/3392177140014594-SKIRT.pt
ASL-Citizen/videos/05926573075736763-TUESDAY.mp4,tuesday,264,features_cache/05926573075736763-TUESDAY.pt
ASL-Citizen/videos/44710124243988014-seedHUG.mp4,hug,254,features_cache/44710124243988014-seedHUG.pt
ASL-Citizen/videos/2857962611697349-WATCH.mp4,watch,82,features_cache/2857962611697349-WATCH.pt
ASL-Citizen/videos/4159038427452184-DONT WANT.mp4,dontwant,195,features_cache/4159038427452184-DONT WANT.pt
ASL-Citizen/videos/5779384810287158-HERE.mp4,here,45,features_cache/5779384810287158-HERE.pt
ASL-Citizen/videos/5535373342686922-FALL 2.mp4,fall2,174,features_cache/5535373342686922-FALL 2.pt
ASL-Citizen/videos/7470973628953963-JUICE 2.mp4,juice1,127,features_cache/7470973628953963-JUICE 2.pt
ASL-Citizen/videos/7321146997267207-OUTSIDE.mp4,outside,259,features_cache/7321146997267207-OUTSIDE.pt
ASL-Citizen/videos/9657174310496357-SHORT PERSON.mp4,shortperson,159,features_cache/9657174310496357-SHORT PERSON.pt
ASL-Citizen/videos/8920586642249506-THEY 2.mp4,they2,24,features_cache/8920586642249506-THEY 2.pt
ASL-Citizen/videos/9692568743211929-FACE.mp4,face,250,features_cache/9692568743211929-FACE.pt
ASL-Citizen/videos/5103197530403352-WOMAN.mp4,woman1,31,features_cache/5103197530403352-WOMAN.pt
ASL-Citizen/videos/10123783679812837-MYSELF.mp4,myself,17,features_cache/10123783679812837-MYSELF.pt
ASL-Citizen/videos/11544910408718656-SAD.mp4,sad,91,features_cache/11544910408718656-SAD.pt
ASL-Citizen/videos/2794985409759905-FIRST.mp4,first,216,features_cache/2794985409759905-FIRST.pt
ASL-Citizen/videos/04770080199291016-SHOP 1.mp4,shop2,103,features_cache/04770080199291016-SHOP 1.pt
ASL-Citizen/videos/14092457884592524-seedLOCK.mp4,lock2,185,features_cache/14092457884592524-seedLOCK.pt
ASL-Citizen/videos/0430014058082695-LOVE.mp4,love,98,features_cache/0430014058082695-LOVE.pt
ASL-Citizen/videos/3174907127909321-PEN.mp4,pen,281,features_cache/3174907127909321-PEN.pt
ASL-Citizen/videos/5216833261809499-NINE.mp4,nine,203,features_cache/5216833261809499-NINE.pt
ASL-Citizen/videos/6856578337689401-SUNDAY.mp4,sunday,268,features_cache/6856578337689401-SUNDAY.pt
ASL-Citizen/videos/5905201180414255-DONT LIKE.mp4,dontlike,192,features_cache/5905201180414255-DONT LIKE.pt
ASL-Citizen/videos/6078879576003486-HOSPITAL.mp4,hospital1,247,features_cache/6078879576003486-HOSPITAL.pt
ASL-Citizen/videos/863814789019103-FALL 1.mp4,fall1,173,features_cache/863814789019103-FALL 1.pt
ASL-Citizen/videos/4730005203157246-seedSMALL.mp4,small,155,features_cache/4730005203157246-seedSMALL.pt
ASL-Citizen/videos/3396905753691817-WEDNESDAY.mp4,wednesday,265,features_cache/3396905753691817-WEDNESDAY.pt
ASL-Citizen/videos/24064452267033465-COME OUT.mp4,comeout,73,features_cache/24064452267033465-COME OUT.pt
ASL-Citizen/videos/3597275294574689-BASKETBALL.mp4,basketball1,211,features_cache/3597275294574689-BASKETBALL.pt
ASL-Citizen/videos/26613011993756897-RIGHT 1.mp4,right1,291,features_cache/26613011993756897-RIGHT 1.pt
ASL-Citizen/videos/8256644145141685-BALL.mp4,ball,210,features_cache/8256644145141685-BALL.pt
ASL-Citizen/videos/6448236951011861-WHITE.mp4,white,144,features_cache/6448236951011861-WHITE.pt
ASL-Citizen/videos/5355722750522078-ICECREAM.mp4,icecream,187,features_cache/5355722750522078-ICECREAM.pt
ASL-Citizen/videos/6607991092996168-HAT.mp4,hat1,233,features_cache/6607991092996168-HAT.pt
ASL-Citizen/videos/07378217152366395-COFFEE.mp4,coffee,131,features_cache/07378217152366395-COFFEE.pt
ASL-Citizen/videos/08248926411039781-LONG AGO.mp4,longago,180,features_cache/08248926411039781-LONG AGO.pt
ASL-Citizen/videos/4940282686920874-REST.mp4,rest,290,features_cache/4940282686920874-REST.pt
ASL-Citizen/videos/607582577310336-HAT 2.mp4,hat2,234,features_cache/607582577310336-HAT 2.pt
ASL-Citizen/videos/3030821494024927-RIGHT 3.mp4,right3,293,features_cache/3030821494024927-RIGHT 3.pt
ASL-Citizen/videos/1585961133666418-SHOWER.mp4,shower,86,features_cache/1585961133666418-SHOWER.pt
ASL-Citizen/videos/45526766274740016-HURT.mp4,hurt,255,features_cache/45526766274740016-HURT.pt
ASL-Citizen/videos/032681769458620114-WATCH.mp4,watch,82,features_cache/032681769458620114-WATCH.pt
ASL-Citizen/videos/04523580520599135-seedMONDAY.mp4,monday,263,features_cache/04523580520599135-seedMONDAY.pt
ASL-Citizen/videos/24428111803321562-WEAK.mp4,weak,59,features_cache/24428111803321562-WEAK.pt
ASL-Citizen/videos/8465960241695079-HIS.mp4,his,20,features_cache/8465960241695079-HIS.pt
ASL-Citizen/videos/2119034306255807-THREE.mp4,three,198,features_cache/2119034306255807-THREE.pt
ASL-Citizen/videos/6508787541133374-UNDERSTAND.mp4,understand,79,features_cache/6508787541133374-UNDERSTAND.pt
ASL-Citizen/videos/869108760353988-seedFOREST.mp4,forest,126,features_cache/869108760353988-seedFOREST.pt
ASL-Citizen/videos/9659002140360071-WANT 2.mp4,want1,100,features_cache/9659002140360071-WANT 2.pt
ASL-Citizen/videos/7899260220456059-BECAUSE.mp4,because,124,features_cache/7899260220456059-BECAUSE.pt
ASL-Citizen/videos/6885382807632885-SICK.mp4,sick,95,features_cache/6885382807632885-SICK.pt
ASL-Citizen/videos/14637905185166056-YOU.mp4,you,14,features_cache/14637905185166056-YOU.pt
ASL-Citizen/videos/9703751131560399-EXCITED.mp4,excited,96,features_cache/9703751131560399-EXCITED.pt
ASL-Citizen/videos/4920505456783295-FOR.mp4,for,215,features_cache/4920505456783295-FOR.pt
ASL-Citizen/videos/6219254008492208-NIGHT.mp4,night1,56,features_cache/6219254008492208-NIGHT.pt
ASL-Citizen/videos/7394024045879728-BASKETBALL 2.mp4,basketball3,213,features_cache/7394024045879728-BASKETBALL 2.pt
ASL-Citizen/videos/05073186101305538-WHO.mp4,who,13,features_cache/05073186101305538-WHO.pt
ASL-Citizen/videos/6442814975743945-NAME.mp4,name,10,features_cache/6442814975743945-NAME.pt
ASL-Citizen/videos/2294038067755373-FOUR.mp4,four,199,features_cache/2294038067755373-FOUR.pt
ASL-Citizen/videos/9473464557246889-FEW.mp4,few,1,features_cache/9473464557246889-FEW.pt
ASL-Citizen/videos/9827319185818582-CHECK.mp4,check,249,features_cache/9827319185818582-CHECK.pt
ASL-Citizen/videos/5533326468754092-HAT.mp4,hat1,233,features_cache/5533326468754092-HAT.pt
ASL-Citizen/videos/5771251494368845-DONT LIKE.mp4,dontlike,192,features_cache/5771251494368845-DONT LIKE.pt
ASL-Citizen/videos/13728897022116726-WEDNESDAY.mp4,wednesday,265,features_cache/13728897022116726-WEDNESDAY.pt
ASL-Citizen/videos/6577624562013984-FRIDAY.mp4,friday,266,features_cache/6577624562013984-FRIDAY.pt
ASL-Citizen/videos/8444997505868039-MYSELF.mp4,myself,17,features_cache/8444997505868039-MYSELF.pt
ASL-Citizen/videos/029563612799205163-YES.mp4,yes,8,features_cache/029563612799205163-YES.pt
ASL-Citizen/videos/14961111596310195-MAN.mp4,man,30,features_cache/14961111596310195-MAN.pt
ASL-Citizen/videos/5678628556226701-PURPLE.mp4,purple,286,features_cache/5678628556226701-PURPLE.pt
ASL-Citizen/videos/7209250305663026-SAD.mp4,sad,91,features_cache/7209250305663026-SAD.pt
ASL-Citizen/videos/019419810771881707-MY.mp4,my,16,features_cache/019419810771881707-MY.pt
ASL-Citizen/videos/052260060033033406-SHORT DISTANCE.mp4,shortdistance,158,features_cache/052260060033033406-SHORT DISTANCE.pt
ASL-Citizen/videos/5784607956379426-FISHING.mp4,fishing1,218,features_cache/5784607956379426-FISHING.pt
ASL-Citizen/videos/04226008690722538-HUG.mp4,hug,254,features_cache/04226008690722538-HUG.pt
ASL-Citizen/videos/267358645199798-MORNING.mp4,morning,55,features_cache/267358645199798-MORNING.pt
ASL-Citizen/videos/5387332653717816-ANGRY.mp4,angry,92,features_cache/5387332653717816-ANGRY.pt
ASL-Citizen/videos/9960206446771609-SHORT PERSON.mp4,shortperson,159,features_cache/9960206446771609-SHORT PERSON.pt
ASL-Citizen/videos/6934748870853011-CHEAT 2.mp4,cheat2,246,features_cache/6934748870853011-CHEAT 2.pt
ASL-Citizen/videos/4442519175558979-CHEAT 1.mp4,cheat1,245,features_cache/4442519175558979-CHEAT 1.pt
ASL-Citizen/videos/43141331649516945-BLUE.mp4,blue,148,features_cache/43141331649516945-BLUE.pt
ASL-Citizen/videos/7868496581211555-BOOK.mp4,book,108,features_cache/7868496581211555-BOOK.pt
ASL-Citizen/videos/6682245340769342-MY.mp4,my,16,features_cache/6682245340769342-MY.pt
ASL-Citizen/videos/7732443964749971-MONDAY.mp4,monday,263,features_cache/7732443964749971-MONDAY.pt
ASL-Citizen/videos/5648534431317689-FOURTH.mp4,fourth,222,features_cache/5648534431317689-FOURTH.pt
ASL-Citizen/videos/9690638657792419-THIRD.mp4,third1,220,features_cache/9690638657792419-THIRD.pt
ASL-Citizen/videos/5800960699630826-HAIR.mp4,hair1,229,features_cache/5800960699630826-HAIR.pt
ASL-Citizen/videos/5161337017777314-LOUD.mp4,loud,97,features_cache/5161337017777314-LOUD.pt
ASL-Citizen/videos/7322282217688298-FRIEND.mp4,friend,26,features_cache/7322282217688298-FRIEND.pt
ASL-Citizen/videos/3278503258105816-STUDY.mp4,study,69,features_cache/3278503258105816-STUDY.pt
ASL-Citizen/videos/7899892200612715-SUNDAY.mp4,sunday,268,features_cache/7899892200612715-SUNDAY.pt
ASL-Citizen/videos/2794515565971676-WHY NOT.mp4,whynot,40,features_cache/2794515565971676-WHY NOT.pt
ASL-Citizen/videos/5257045562356064-WARM.mp4,warm,243,features_cache/5257045562356064-WARM.pt
ASL-Citizen/videos/9762209184871029-DONT MIND.mp4,dontmind,193,features_cache/9762209184871029-DONT MIND.pt
ASL-Citizen/videos/9008261925178431-HELLO.mp4,hello,0,features_cache/9008261925178431-HELLO.pt
ASL-Citizen/videos/38695456288675967-RIGHT 3.mp4,right3,293,features_cache/38695456288675967-RIGHT 3.pt
ASL-Citizen/videos/055111100642111666-MONDAY.mp4,monday,263,features_cache/055111100642111666-MONDAY.pt
ASL-Citizen/videos/12934723854614982-SATURDAY.mp4,saturday,267,features_cache/12934723854614982-SATURDAY.pt
ASL-Citizen/videos/08417004523761462-NINE.mp4,nine,203,features_cache/08417004523761462-NINE.pt
ASL-Citizen/videos/2249939455693064-HUG.mp4,hug,254,features_cache/2249939455693064-HUG.pt
ASL-Citizen/videos/2564008903644184-ACCIDENT.mp4,accident,142,features_cache/2564008903644184-ACCIDENT.pt
ASL-Citizen/videos/7911341127275311-YESTERDAY.mp4,yesterday,52,features_cache/7911341127275311-YESTERDAY.pt
ASL-Citizen/videos/4527936995914319-INSIDE.mp4,inside,257,features_cache/4527936995914319-INSIDE.pt
ASL-Citizen/videos/29070057004222893-LOST.mp4,lost,274,features_cache/29070057004222893-LOST.pt
ASL-Citizen/videos/21571487147949364-GAME.mp4,game,275,features_cache/21571487147949364-GAME.pt
ASL-Citizen/videos/36657817307864926-HAVE.mp4,have,235,features_cache/36657817307864926-HAVE.pt
ASL-Citizen/videos/1528731852595422-FINISH.mp4,finish,120,features_cache/1528731852595422-FINISH.pt
ASL-Citizen/videos/46845109036011534-SHORT WORD.mp4,shortword,161,features_cache/46845109036011534-SHORT WORD.pt
ASL-Citizen/videos/015325104351957997-RAINBOW.mp4,rainbow,207,features_cache/015325104351957997-RAINBOW.pt
ASL-Citizen/videos/8183934245981574-SHORT WORD.mp4,shortword,161,features_cache/8183934245981574-SHORT WORD.pt
ASL-Citizen/videos/0266613501104096-FOURTH.mp4,fourth,222,features_cache/0266613501104096-FOURTH.pt
ASL-Citizen/videos/3630686231357241-COME HERE.mp4,comehere,72,features_cache/3630686231357241-COME HERE.pt
ASL-Citizen/videos/3904115149763827-GO.mp4,go,70,features_cache/3904115149763827-GO.pt
ASL-Citizen/videos/17171010348827442-TODAY.mp4,today,50,features_cache/17171010348827442-TODAY.pt
ASL-Citizen/videos/41691050851639-WATCH.mp4,watch,82,features_cache/41691050851639-WATCH.pt
ASL-Citizen/videos/67900573933741-HEAR 1.mp4,hear1,21,features_cache/67900573933741-HEAR 1.pt
ASL-Citizen/videos/6807721986834827-SLOW.mp4,slow,168,features_cache/6807721986834827-SLOW.pt
ASL-Citizen/videos/1125162738328005-WARM.mp4,warm,243,features_cache/1125162738328005-WARM.pt
ASL-Citizen/videos/7299808660660163-ON.mp4,on,279,features_cache/7299808660660163-ON.pt
ASL-Citizen/videos/2990621278615755-COFFEE.mp4,coffee,131,features_cache/2990621278615755-COFFEE.pt
ASL-Citizen/videos/3751364995541713-AFTER.mp4,after,123,features_cache/3751364995541713-AFTER.pt
ASL-Citizen/videos/1585206908392227-IMPROVE.mp4,improve,154,features_cache/1585206908392227-IMPROVE.pt
ASL-Citizen/videos/9000152796377254-DRINK.mp4,drink1,64,features_cache/9000152796377254-DRINK.pt
ASL-Citizen/videos/45006166297196293-SNOW.mp4,snow1,208,features_cache/45006166297196293-SNOW.pt
ASL-Citizen/videos/16203881271680576-WHAT 2.mp4,what1,11,features_cache/16203881271680576-WHAT 2.pt
ASL-Citizen/videos/47968958452289856-TEAR.mp4,tear,177,features_cache/47968958452289856-TEAR.pt
ASL-Citizen/videos/074591352466016-SNOW 2.mp4,snow2,209,features_cache/074591352466016-SNOW 2.pt
ASL-Citizen/videos/01010767433781834-TIRED OF.mp4,tiredof,94,features_cache/01010767433781834-TIRED OF.pt
ASL-Citizen/videos/06387596489431346-NOT UNDERSTAND.mp4,notunderstand,269,features_cache/06387596489431346-NOT UNDERSTAND.pt
ASL-Citizen/videos/44183753420243344-CHEAT 2.mp4,cheat2,246,features_cache/44183753420243344-CHEAT 2.pt
ASL-Citizen/videos/8113518542897038-TIME.mp4,time,178,features_cache/8113518542897038-TIME.pt
ASL-Citizen/videos/3428061938829572-AGAIN.mp4,again,121,features_cache/3428061938829572-AGAIN.pt
ASL-Citizen/videos/6847542725379048-HERE.mp4,here,45,features_cache/6847542725379048-HERE.pt
ASL-Citizen/videos/4179885145928237-TINY.mp4,tiny,157,features_cache/4179885145928237-TINY.pt
ASL-Citizen/videos/04322168153114769-DOWN.mp4,down,272,features_cache/04322168153114769-DOWN.pt
ASL-Citizen/videos/30180434832855063-ROAD.mp4,road,297,features_cache/30180434832855063-ROAD.pt
ASL-Citizen/videos/3099151312606103-TALL.mp4,tall2,176,features_cache/3099151312606103-TALL.pt
ASL-Citizen/videos/7991832996498012-FISHING.mp4,fishing1,218,features_cache/7991832996498012-FISHING.pt
ASL-Citizen/videos/6172780889696174-BASKETBALL 3.mp4,basketball2,212,features_cache/6172780889696174-BASKETBALL 3.pt
ASL-Citizen/videos/6105497648414697-LATER.mp4,later,54,features_cache/6105497648414697-LATER.pt
ASL-Citizen/videos/09872039306873526-seedHAPPY.mp4,happy,90,features_cache/09872039306873526-seedHAPPY.pt
ASL-Citizen/videos/4600454329949373-RUN 2.mp4,run2,296,features_cache/4600454329949373-RUN 2.pt
ASL-Citizen/videos/15984121329736567-INSIDE.mp4,inside,257,features_cache/15984121329736567-INSIDE.pt
ASL-Citizen/videos/1983395618062067-BREAD.mp4,bread,138,features_cache/1983395618062067-BREAD.pt
ASL-Citizen/videos/5940829370614598-OK.mp4,ok,136,features_cache/5940829370614598-OK.pt
ASL-Citizen/videos/8640071858633687-PLAY.mp4,play,68,features_cache/8640071858633687-PLAY.pt
ASL-Citizen/videos/2810240471861811-RIGHT 2.mp4,right2,292,features_cache/2810240471861811-RIGHT 2.pt
ASL-Citizen/videos/7282806296371069-TIRED OF.mp4,tiredof,94,features_cache/7282806296371069-TIRED OF.pt
ASL-Citizen/videos/4402985572375251-OLD.mp4,old,278,features_cache/4402985572375251-OLD.pt
ASL-Citizen/videos/35811058532717244-LEFT.mp4,left,273,features_cache/35811058532717244-LEFT.pt
ASL-Citizen/videos/3210306860726144-JUICE 1.mp4,juice2,128,features_cache/3210306860726144-JUICE 1.pt
ASL-Citizen/videos/057757538512823725-BIG.mp4,big,156,features_cache/057757538512823725-BIG.pt
ASL-Citizen/videos/03884623593153802-BIG.mp4,big,156,features_cache/03884623593153802-BIG.pt
ASL-Citizen/videos/03928951724201202-FOUR.mp4,four,199,features_cache/03928951724201202-FOUR.pt
ASL-Citizen/videos/592935426367535-SLOW.mp4,slow,168,features_cache/592935426367535-SLOW.pt
ASL-Citizen/videos/4350508195698928-REST.mp4,rest,290,features_cache/4350508195698928-REST.pt
ASL-Citizen/videos/546045102054808-SMALL.mp4,small,155,features_cache/546045102054808-SMALL.pt
ASL-Citizen/videos/09174889470814085-DINNER.mp4,dinner1,170,features_cache/09174889470814085-DINNER.pt
ASL-Citizen/videos/1002727650595101-FISH.mp4,fish,217,features_cache/1002727650595101-FISH.pt
ASL-Citizen/videos/377947175754511-READY.mp4,ready,135,features_cache/377947175754511-READY.pt
ASL-Citizen/videos/8692725148915736-WHITE.mp4,white,144,features_cache/8692725148915736-WHITE.pt
ASL-Citizen/videos/2189584700386229-BOXING.mp4,boxing,140,features_cache/2189584700386229-BOXING.pt
ASL-Citizen/videos/6967706324190324-TIME.mp4,time,178,features_cache/6967706324190324-TIME.pt
ASL-Citizen/videos/95072139344285-PLEASE.mp4,please,5,features_cache/95072139344285-PLEASE.pt
ASL-Citizen/videos/3584007811531691-HIS.mp4,his,20,features_cache/3584007811531691-HIS.pt
ASL-Citizen/videos/982748098388099-SHOP 1.mp4,shop2,103,features_cache/982748098388099-SHOP 1.pt
ASL-Citizen/videos/9048307249380734-LOCK.mp4,lock1,184,features_cache/9048307249380734-LOCK.pt
ASL-Citizen/videos/31548572863375557-FATHER.mp4,father,34,features_cache/31548572863375557-FATHER.pt
ASL-Citizen/videos/32319957084886797-FRIENDLY.mp4,friendly,27,features_cache/32319957084886797-FRIENDLY.pt
ASL-Citizen/videos/4307738435108923-WHEN.mp4,when,38,features_cache/4307738435108923-WHEN.pt
ASL-Citizen/videos/28953962618372686-THURSDAY.mp4,thursday,262,features_cache/28953962618372686-THURSDAY.pt
ASL-Citizen/videos/9337226750931078-LOUD.mp4,loud,97,features_cache/9337226750931078-LOUD.pt
ASL-Citizen/videos/38196977602640914-MOUTH.mp4,mouth,111,features_cache/38196977602640914-MOUTH.pt
ASL-Citizen/videos/6339527606075348-WORK.mp4,work,67,features_cache/6339527606075348-WORK.pt
ASL-Citizen/videos/31962282125568064-THINK.mp4,think,78,features_cache/31962282125568064-THINK.pt
ASL-Citizen/videos/18368595006271948-WEEK.mp4,week,58,features_cache/18368595006271948-WEEK.pt
ASL-Citizen/videos/7759893655789438-FOURTH.mp4,fourth,222,features_cache/7759893655789438-FOURTH.pt
ASL-Citizen/videos/08361669746584477-BASKETBALL.mp4,basketball1,211,features_cache/08361669746584477-BASKETBALL.pt
ASL-Citizen/videos/180739946524912-seedHELLO.mp4,hello,0,features_cache/180739946524912-seedHELLO.pt
ASL-Citizen/videos/337523983129415-PLAY.mp4,play,68,features_cache/337523983129415-PLAY.pt
ASL-Citizen/videos/4672907312480108-CHEAT 2.mp4,cheat2,246,features_cache/4672907312480108-CHEAT 2.pt
ASL-Citizen/videos/13944307146406487-SICK.mp4,sick,95,features_cache/13944307146406487-SICK.pt
ASL-Citizen/videos/6331061452023248-SATURDAY.mp4,saturday,267,features_cache/6331061452023248-SATURDAY.pt
ASL-Citizen/videos/659213080396789-WASH 1.mp4,wash1,241,features_cache/659213080396789-WASH 1.pt
ASL-Citizen/videos/5630437733218496-FINE.mp4,fine1,225,features_cache/5630437733218496-FINE.pt
ASL-Citizen/videos/5367152269626574-GREEN.mp4,green,149,features_cache/5367152269626574-GREEN.pt
ASL-Citizen/videos/38351738059429663-BYE.mp4,bye,2,features_cache/38351738059429663-BYE.pt
ASL-Citizen/videos/6950933859203254-BOOK.mp4,book,108,features_cache/6950933859203254-BOOK.pt
ASL-Citizen/videos/8818117432848664-DONT MIND.mp4,dontmind,193,features_cache/8818117432848664-DONT MIND.pt
ASL-Citizen/videos/11171978792815729-BALL.mp4,ball,210,features_cache/11171978792815729-BALL.pt
ASL-Citizen/videos/3413515011784971-YEAR.mp4,year,61,features_cache/3413515011784971-YEAR.pt
ASL-Citizen/videos/9072119683025037-seedSHOT.mp4,shot,162,features_cache/9072119683025037-seedSHOT.pt
ASL-Citizen/videos/908374297005534-LOST.mp4,lost,274,features_cache/908374297005534-LOST.pt
ASL-Citizen/videos/7311244120447451-CANNOT.mp4,cannot,116,features_cache/7311244120447451-CANNOT.pt
ASL-Citizen/videos/8411141529972774-SHOP.mp4,shop1,102,features_cache/8411141529972774-SHOP.pt
ASL-Citizen/videos/5270362215385997-UP.mp4,up,271,features_cache/5270362215385997-UP.pt
ASL-Citizen/videos/6370702900476413-ASK.mp4,ask,84,features_cache/6370702900476413-ASK.pt
ASL-Citizen/videos/08177526594355822-SLEEP.mp4,sleep,66,features_cache/08177526594355822-SLEEP.pt
ASL-Citizen/videos/4855995441517784-BALL.mp4,ball,210,features_cache/4855995441517784-BALL.pt
ASL-Citizen/videos/6335648363034183-THURSDAY.mp4,thursday,262,features_cache/6335648363034183-THURSDAY.pt
ASL-Citizen/videos/26271774203606957-FOUR.mp4,four,199,features_cache/26271774203606957-FOUR.pt
ASL-Citizen/videos/15285022069644705-BREAD.mp4,bread,138,features_cache/15285022069644705-BREAD.pt
ASL-Citizen/videos/3047646844363199-seedHOSPITAL.mp4,hospital1,247,features_cache/3047646844363199-seedHOSPITAL.pt
ASL-Citizen/videos/5703931820618922-SHOULD.mp4,should,163,features_cache/5703931820618922-SHOULD.pt
ASL-Citizen/videos/1154667507880407-FAMILY.mp4,family,25,features_cache/1154667507880407-FAMILY.pt
ASL-Citizen/videos/7966385870123283-HEAR 1.mp4,hear1,21,features_cache/7966385870123283-HEAR 1.pt
ASL-Citizen/videos/5339916560192981-HELLO.mp4,hello,0,features_cache/5339916560192981-HELLO.pt
ASL-Citizen/videos/2690912082374577-FINE.mp4,fine1,225,features_cache/2690912082374577-FINE.pt
ASL-Citizen/videos/01562642983828333-seedWASH 1.mp4,wash1,241,features_cache/01562642983828333-seedWASH 1.pt
ASL-Citizen/videos/443882182140636-PULL.mp4,pull,284,features_cache/443882182140636-PULL.pt
ASL-Citizen/videos/09460259361998125-THANK YOU.mp4,thankyou,6,features_cache/09460259361998125-THANK YOU.pt
ASL-Citizen/videos/20564555475489255-WHY.mp4,why,39,features_cache/20564555475489255-WHY.pt
ASL-Citizen/videos/4105704025298935-OUT.mp4,out,258,features_cache/4105704025298935-OUT.pt
ASL-Citizen/videos/2557681165642225-FISH.mp4,fish,217,features_cache/2557681165642225-FISH.pt
ASL-Citizen/videos/7913812638715985-HOUSE.mp4,house,48,features_cache/7913812638715985-HOUSE.pt
ASL-Citizen/videos/7036001720864202-LEAVE.mp4,leave,74,features_cache/7036001720864202-LEAVE.pt
ASL-Citizen/videos/6926060462809167-THEY.mp4,they1,23,features_cache/6926060462809167-THEY.pt
ASL-Citizen/videos/9549231546764492-PURPLE.mp4,purple,286,features_cache/9549231546764492-PURPLE.pt
ASL-Citizen/videos/989198570889404-MILK 2.mp4,milk2,130,features_cache/989198570889404-MILK 2.pt
ASL-Citizen/videos/21637722708764984-RIGHT 2.mp4,right2,292,features_cache/21637722708764984-RIGHT 2.pt
ASL-Citizen/videos/445738028282441-CHECK.mp4,check,249,features_cache/445738028282441-CHECK.pt
ASL-Citizen/videos/3237207359549712-IMPROVE.mp4,improve,154,features_cache/3237207359549712-IMPROVE.pt
ASL-Citizen/videos/06635433716114103-LONG.mp4,long,179,features_cache/06635433716114103-LONG.pt
ASL-Citizen/videos/06401585297247392-BALL.mp4,ball,210,features_cache/06401585297247392-BALL.pt
ASL-Citizen/videos/8311298382278862-HOSPITAL.mp4,hospital1,247,features_cache/8311298382278862-HOSPITAL.pt
ASL-Citizen/videos/3934957835832569-seedMAN.mp4,man,30,features_cache/3934957835832569-seedMAN.pt
ASL-Citizen/videos/6271713081961889-HOW.mp4,how1,41,features_cache/6271713081961889-HOW.pt
ASL-Citizen/videos/8960735324247526-SUNDAY.mp4,sunday,268,features_cache/8960735324247526-SUNDAY.pt
ASL-Citizen/videos/5613897088333932-DONT WANT.mp4,dontwant,195,features_cache/5613897088333932-DONT WANT.pt
ASL-Citizen/videos/7508077376004292-FOOTBALL.mp4,football,214,features_cache/7508077376004292-FOOTBALL.pt
ASL-Citizen/videos/6574144734991056-SHOW.mp4,show,85,features_cache/6574144734991056-SHOW.pt
ASL-Citizen/videos/32542343160867326-BYE.mp4,bye,2,features_cache/32542343160867326-BYE.pt
ASL-Citizen/videos/49317529830493223-BOX.mp4,box,139,features_cache/49317529830493223-BOX.pt
ASL-Citizen/videos/8359019887170784-FISHING.mp4,fishing1,218,features_cache/8359019887170784-FISHING.pt
ASL-Citizen/videos/5746393757052535-WHAT 1.mp4,what2,12,features_cache/5746393757052535-WHAT 1.pt
ASL-Citizen/videos/3088357363430003-SIGN.mp4,sign,298,features_cache/3088357363430003-SIGN.pt
ASL-Citizen/videos/8276627856596463-ROAD.mp4,road,297,features_cache/8276627856596463-ROAD.pt
ASL-Citizen/videos/9338410374057282-SHOULD.mp4,should,163,features_cache/9338410374057282-SHOULD.pt
ASL-Citizen/videos/05048015297918118-OUTSIDE.mp4,outside,259,features_cache/05048015297918118-OUTSIDE.pt
ASL-Citizen/videos/43522383341418003-TELL.mp4,tell,83,features_cache/43522383341418003-TELL.pt
ASL-Citizen/videos/4408882832018628-OUTSIDE.mp4,outside,259,features_cache/4408882832018628-OUTSIDE.pt
ASL-Citizen/videos/5431339685470455-MONTH.mp4,month,60,features_cache/5431339685470455-MONTH.pt
ASL-Citizen/videos/241335509121118-HOT.mp4,hot,244,features_cache/241335509121118-HOT.pt
ASL-Citizen/videos/9100330154615108-SMALL.mp4,small,155,features_cache/9100330154615108-SMALL.pt
ASL-Citizen/videos/15778398999812437-OLD.mp4,old,278,features_cache/15778398999812437-OLD.pt
ASL-Citizen/videos/3020669935390441-seedLISTEN.mp4,listen,133,features_cache/3020669935390441-seedLISTEN.pt
ASL-Citizen/videos/8734031299787302-HAT.mp4,hat1,233,features_cache/8734031299787302-HAT.pt
ASL-Citizen/videos/7692089516377616-WHICH.mp4,which,43,features_cache/7692089516377616-WHICH.pt
ASL-Citizen/videos/8818679215803051-TODAY.mp4,today,50,features_cache/8818679215803051-TODAY.pt
ASL-Citizen/videos/1612184972353583-BOX.mp4,box,139,features_cache/1612184972353583-BOX.pt
ASL-Citizen/videos/9933670463017437-seedWEAK.mp4,weak,59,features_cache/9933670463017437-seedWEAK.pt
ASL-Citizen/videos/4707692122950564-BASKETBALL.mp4,basketball1,211,features_cache/4707692122950564-BASKETBALL.pt
ASL-Citizen/videos/8826839424067601-LONG LINE.mp4,longline,181,features_cache/8826839424067601-LONG LINE.pt
ASL-Citizen/videos/5171364702166645-LONG TIME.mp4,longtime,182,features_cache/5171364702166645-LONG TIME.pt
ASL-Citizen/videos/594799660772781-MOTHER.mp4,mother,33,features_cache/594799660772781-MOTHER.pt
ASL-Citizen/videos/11760118959885424-TODAY.mp4,today,50,features_cache/11760118959885424-TODAY.pt
ASL-Citizen/videos/42424037792676184-ARRIVE.mp4,arrive,75,features_cache/42424037792676184-ARRIVE.pt
ASL-Citizen/videos/7609002618166743-WASH HANDS.mp4,washhands,239,features_cache/7609002618166743-WASH HANDS.pt
ASL-Citizen/videos/02490068046677707-REMEMBER.mp4,remember2,81,features_cache/02490068046677707-REMEMBER.pt
ASL-Citizen/videos/754988312184431-DONT NEED.mp4,dontneed,194,features_cache/754988312184431-DONT NEED.pt
ASL-Citizen/videos/08583141071601874-THANK YOU.mp4,thankyou,6,features_cache/08583141071601874-THANK YOU.pt
ASL-Citizen/videos/9414909115930794-SHOT.mp4,shot,162,features_cache/9414909115930794-SHOT.pt
ASL-Citizen/videos/5674136240214718-ON.mp4,on,279,features_cache/5674136240214718-ON.pt
ASL-Citizen/videos/2613759988970443-WHICH.mp4,which,43,features_cache/2613759988970443-WHICH.pt
ASL-Citizen/videos/17119644140270474-WASH MACHINE.mp4,washmachine,240,features_cache/17119644140270474-WASH MACHINE.pt
ASL-Citizen/videos/16631130373956604-HURT.mp4,hurt,255,features_cache/16631130373956604-HURT.pt
ASL-Citizen/videos/7994132789073645-THIRD 2.mp4,third2,221,features_cache/7994132789073645-THIRD 2.pt
ASL-Citizen/videos/7482452688654286-WASH HANDS.mp4,washhands,239,features_cache/7482452688654286-WASH HANDS.pt
ASL-Citizen/videos/5291061789133198-TALK.mp4,talk1,88,features_cache/5291061789133198-TALK.pt
ASL-Citizen/videos/11932520912401978-CAR.mp4,car,106,features_cache/11932520912401978-CAR.pt
ASL-Citizen/videos/5245283465140749-FOURTH.mp4,fourth,222,features_cache/5245283465140749-FOURTH.pt
ASL-Citizen/videos/6861641803078751-INSIDE.mp4,inside,257,features_cache/6861641803078751-INSIDE.pt
ASL-Citizen/videos/6600524013477269-FIND.mp4,find,224,features_cache/6600524013477269-FIND.pt
ASL-Citizen/videos/9336509009966103-CAN 2.mp4,can2,115,features_cache/9336509009966103-CAN 2.pt
ASL-Citizen/videos/3414584146371844-MONEY 2.mp4,money2,110,features_cache/3414584146371844-MONEY 2.pt
ASL-Citizen/videos/2012617590870387-COFFEE.mp4,coffee,131,features_cache/2012617590870387-COFFEE.pt
ASL-Citizen/videos/5083805087745334-FATHER.mp4,father,34,features_cache/5083805087745334-FATHER.pt
ASL-Citizen/videos/9824910885537608-ACCIDENT.mp4,accident,142,features_cache/9824910885537608-ACCIDENT.pt
ASL-Citizen/videos/9151067360175265-GIRL.mp4,girl,29,features_cache/9151067360175265-GIRL.pt
ASL-Citizen/videos/3695916203727827-NIGHT 2.mp4,night2,57,features_cache/3695916203727827-NIGHT 2.pt
ASL-Citizen/videos/7846619156850556-SIDE.mp4,side,87,features_cache/7846619156850556-SIDE.pt
ASL-Citizen/videos/1464986388731988-FRIENDLY.mp4,friendly,27,features_cache/1464986388731988-FRIENDLY.pt
ASL-Citizen/videos/4317928481634039-HERE.mp4,here,45,features_cache/4317928481634039-HERE.pt
ASL-Citizen/videos/8379768724841927-GUM.mp4,gum,228,features_cache/8379768724841927-GUM.pt
ASL-Citizen/videos/1561876997142757-JUICE 1.mp4,juice2,128,features_cache/1561876997142757-JUICE 1.pt
ASL-Citizen/videos/2686466615750194-MY.mp4,my,16,features_cache/2686466615750194-MY.pt
ASL-Citizen/videos/5795834263184414-WHEN.mp4,when,38,features_cache/5795834263184414-WHEN.pt
ASL-Citizen/videos/07556064610191737-EAT 2.mp4,eat2,63,features_cache/07556064610191737-EAT 2.pt
ASL-Citizen/videos/5664542155167094-SEVEN.mp4,seven,201,features_cache/5664542155167094-SEVEN.pt
ASL-Citizen/videos/4155265598520512-PLAY.mp4,play,68,features_cache/4155265598520512-PLAY.pt
ASL-Citizen/videos/20951385475100537-HOT.mp4,hot,244,features_cache/20951385475100537-HOT.pt
ASL-Citizen/videos/4037859995060733-HOTEL.mp4,hotel,105,features_cache/4037859995060733-HOTEL.pt
ASL-Citizen/videos/759118073893563-ANGRY.mp4,angry,92,features_cache/759118073893563-ANGRY.pt
ASL-Citizen/videos/010895819346707025-READY.mp4,ready,135,features_cache/010895819346707025-READY.pt
ASL-Citizen/videos/6813680247909-GOOD.mp4,good,3,features_cache/6813680247909-GOOD.pt
ASL-Citizen/videos/3905102405858165-SUNDAY.mp4,sunday,268,features_cache/3905102405858165-SUNDAY.pt
ASL-Citizen/videos/5628156573374106-TODAY.mp4,today,50,features_cache/5628156573374106-TODAY.pt
ASL-Citizen/videos/7700911110419981-LISTEN.mp4,listen,133,features_cache/7700911110419981-LISTEN.pt
ASL-Citizen/videos/7530105497227453-PERSON.mp4,person,151,features_cache/7530105497227453-PERSON.pt
ASL-Citizen/videos/08729017928642491-WHEN.mp4,when,38,features_cache/08729017928642491-WHEN.pt
ASL-Citizen/videos/04330434692174023-WATCH.mp4,watch,82,features_cache/04330434692174023-WATCH.pt
ASL-Citizen/videos/05708826093734798-FAMILY.mp4,family,25,features_cache/05708826093734798-FAMILY.pt
ASL-Citizen/videos/7434096182745629-MUST.mp4,must,117,features_cache/7434096182745629-MUST.pt
ASL-Citizen/videos/07893945056302032-HOME.mp4,home,47,features_cache/07893945056302032-HOME.pt
ASL-Citizen/videos/9387521253167541-DONT FEEL_LIKE.mp4,dontfeellike,190,features_cache/9387521253167541-DONT FEEL_LIKE.pt
ASL-Citizen/videos/34339348264869574-NINE.mp4,nine,203,features_cache/34339348264869574-NINE.pt
ASL-Citizen/videos/7235081979386058-MORE.mp4,more,119,features_cache/7235081979386058-MORE.pt
ASL-Citizen/videos/1812960858393966-SORRY.mp4,sorry,7,features_cache/1812960858393966-SORRY.pt
ASL-Citizen/videos/5344192765643432-WHO.mp4,who,13,features_cache/5344192765643432-WHO.pt
ASL-Citizen/videos/7227268652209338-WOMAN 2.mp4,woman2,32,features_cache/7227268652209338-WOMAN 2.pt
ASL-Citizen/videos/2180976995279913-TOMORROW.mp4,tomorrow,51,features_cache/2180976995279913-TOMORROW.pt
ASL-Citizen/videos/6252762428426335-YOUR.mp4,your,18,features_cache/6252762428426335-YOUR.pt
ASL-Citizen/videos/5245211280359048-COME.mp4,come,71,features_cache/5245211280359048-COME.pt
ASL-Citizen/videos/015051083186269576-RING.mp4,ring,294,features_cache/015051083186269576-RING.pt
ASL-Citizen/videos/5780169991581796-WASH 3.mp4,wash2,242,features_cache/5780169991581796-WASH 3.pt
ASL-Citizen/videos/852290807758987-POLICEMAN.mp4,policeman1,152,features_cache/852290807758987-POLICEMAN.pt
ASL-Citizen/videos/034292222178958554-CHEAT 1.mp4,cheat1,245,features_cache/034292222178958554-CHEAT 1.pt
ASL-Citizen/videos/23506680210136688-COCONUT.mp4,coconut,132,features_cache/23506680210136688-COCONUT.pt
ASL-Citizen/videos/554490620221759-PERSON.mp4,person,151,features_cache/554490620221759-PERSON.pt
ASL-Citizen/videos/7694108696200856-HEAR 1.mp4,hear1,21,features_cache/7694108696200856-HEAR 1.pt
ASL-Citizen/videos/6789473956627405-SHORTS.mp4,shorts,160,features_cache/6789473956627405-SHORTS.pt
ASL-Citizen/videos/8411060739612117-DONT KNOW.mp4,dontknow,191,features_cache/8411060739612117-DONT KNOW.pt
ASL-Citizen/videos/6718223980213671-WHAT 2.mp4,what1,11,features_cache/6718223980213671-WHAT 2.pt
ASL-Citizen/videos/6951931456508558-SNOW.mp4,snow1,208,features_cache/6951931456508558-SNOW.pt
ASL-Citizen/videos/9701223233159699-NEED.mp4,need,118,features_cache/9701223233159699-NEED.pt
ASL-Citizen/videos/947388841484097-SISTER.mp4,sister,36,features_cache/947388841484097-SISTER.pt
ASL-Citizen/videos/9929147121484607-FALL 2.mp4,fall2,174,features_cache/9929147121484607-FALL 2.pt
ASL-Citizen/videos/1280671068151491-BLUE.mp4,blue,148,features_cache/1280671068151491-BLUE.pt
ASL-Citizen/videos/3179718283976034-LEAVE.mp4,leave,74,features_cache/3179718283976034-LEAVE.pt
ASL-Citizen/videos/2851578665959067-HUG.mp4,hug,254,features_cache/2851578665959067-HUG.pt
ASL-Citizen/videos/1826156350486956-FOR.mp4,for,215,features_cache/1826156350486956-FOR.pt
ASL-Citizen/videos/8893256597213444-STOP.mp4,stop,300,features_cache/8893256597213444-STOP.pt
ASL-Citizen/videos/12761454008737183-SHORTS.mp4,shorts,160,features_cache/12761454008737183-SHORTS.pt
ASL-Citizen/videos/3304178516222478-NEED.mp4,need,118,features_cache/3304178516222478-NEED.pt
ASL-Citizen/videos/5892937353167862-FACE.mp4,face,250,features_cache/5892937353167862-FACE.pt
ASL-Citizen/videos/4327026387490418-BYE.mp4,bye,2,features_cache/4327026387490418-BYE.pt
ASL-Citizen/videos/4178617202433328-TWO.mp4,two,197,features_cache/4178617202433328-TWO.pt
ASL-Citizen/videos/2750035175797547-MY.mp4,my,16,features_cache/2750035175797547-MY.pt
ASL-Citizen/videos/2450624847020626-FIND.mp4,find,224,features_cache/2450624847020626-FIND.pt
ASL-Citizen/videos/27262770774597556-CAN.mp4,can1,114,features_cache/27262770774597556-CAN.pt
ASL-Citizen/videos/8951478274903755-LONG.mp4,long,179,features_cache/8951478274903755-LONG.pt
ASL-Citizen/videos/37418457822538387-WHERE.mp4,where,37,features_cache/37418457822538387-WHERE.pt
ASL-Citizen/videos/6186153504167131-MILK.mp4,milk1,129,features_cache/6186153504167131-MILK.pt
ASL-Citizen/videos/05572767972334147-ONCE.mp4,once,280,features_cache/05572767972334147-ONCE.pt
ASL-Citizen/videos/4998897481969802-HARD.mp4,hard,232,features_cache/4998897481969802-HARD.pt
ASL-Citizen/videos/0638032411056142-WOMAN.mp4,woman1,31,features_cache/0638032411056142-WOMAN.pt
ASL-Citizen/videos/38376537009853195-BREAD.mp4,bread,138,features_cache/38376537009853195-BREAD.pt
ASL-Citizen/videos/9783535742177485-WAIT.mp4,wait,76,features_cache/9783535742177485-WAIT.pt
ASL-Citizen/videos/4318620777117368-ME.mp4,me,15,features_cache/4318620777117368-ME.pt
ASL-Citizen/videos/8572692917635771-DINNER 2.mp4,dinner2,171,features_cache/8572692917635771-DINNER 2.pt
ASL-Citizen/videos/5795584267719232-HE.mp4,he,236,features_cache/5795584267719232-HE.pt
ASL-Citizen/videos/98444803653148-FRIDAY.mp4,friday,266,features_cache/98444803653148-FRIDAY.pt
ASL-Citizen/videos/40722088468109585-COFFEE.mp4,coffee,131,features_cache/40722088468109585-COFFEE.pt
ASL-Citizen/videos/5261616740036297-WOMAN 2.mp4,woman2,32,features_cache/5261616740036297-WOMAN 2.pt
ASL-Citizen/videos/5533098415698983-NOW.mp4,now,53,features_cache/5533098415698983-NOW.pt
ASL-Citizen/videos/5407375828723797-HAPPY.mp4,happy,90,features_cache/5407375828723797-HAPPY.pt
ASL-Citizen/videos/14951164356135682-SORRY.mp4,sorry,7,features_cache/14951164356135682-SORRY.pt
ASL-Citizen/videos/7311787484260417-FALL 2.mp4,fall2,174,features_cache/7311787484260417-FALL 2.pt
ASL-Citizen/videos/06851295459869067-WHITE.mp4,white,144,features_cache/06851295459869067-WHITE.pt
ASL-Citizen/videos/8203203237125376-NOW.mp4,now,53,features_cache/8203203237125376-NOW.pt
ASL-Citizen/videos/2809612024995549-LONG WORD.mp4,longword,183,features_cache/2809612024995549-LONG WORD.pt
ASL-Citizen/videos/34677076051002853-HOLIDAY.mp4,holiday,253,features_cache/34677076051002853-HOLIDAY.pt
ASL-Citizen/videos/475127353077462-seedTIRED.mp4,tired,93,features_cache/475127353077462-seedTIRED.pt
ASL-Citizen/videos/6288035733493809-seedIN.mp4,in,256,features_cache/6288035733493809-seedIN.pt
ASL-Citizen/videos/4299214673266345-BASKETBALL 3.mp4,basketball2,212,features_cache/4299214673266345-BASKETBALL 3.pt
ASL-Citizen/videos/28781278008680844-KNOW.mp4,know,77,features_cache/28781278008680844-KNOW.pt
ASL-Citizen/videos/6055485825523998-MYSELF.mp4,myself,17,features_cache/6055485825523998-MYSELF.pt
ASL-Citizen/videos/12682793483072796-LONG AGO.mp4,longago,180,features_cache/12682793483072796-LONG AGO.pt
ASL-Citizen/videos/378798531171501-seedHOUSE.mp4,house,48,features_cache/378798531171501-seedHOUSE.pt
ASL-Citizen/videos/048271820780551034-NIGHT 2.mp4,night2,57,features_cache/048271820780551034-NIGHT 2.pt
ASL-Citizen/videos/4369136362212842-INSIDE.mp4,inside,257,features_cache/4369136362212842-INSIDE.pt
ASL-Citizen/videos/9146588478544764-LOST.mp4,lost,274,features_cache/9146588478544764-LOST.pt
ASL-Citizen/videos/6878697820481239-HARD.mp4,hard,232,features_cache/6878697820481239-HARD.pt
ASL-Citizen/videos/7519698831619495-HE.mp4,he,236,features_cache/7519698831619495-HE.pt
ASL-Citizen/videos/46573387247146414-WATCH.mp4,watch,82,features_cache/46573387247146414-WATCH.pt
ASL-Citizen/videos/28071486967073533-NEED.mp4,need,118,features_cache/28071486967073533-NEED.pt
ASL-Citizen/videos/38880465534331843-REMEMBER 2.mp4,remember1,80,features_cache/38880465534331843-REMEMBER 2.pt
ASL-Citizen/videos/6325824847898331-seedNEAR.mp4,near,277,features_cache/6325824847898331-seedNEAR.pt
ASL-Citizen/videos/9644274787195919-BASKETBALL.mp4,basketball1,211,features_cache/9644274787195919-BASKETBALL.pt
ASL-Citizen/videos/524881037999334-WAIT.mp4,wait,76,features_cache/524881037999334-WAIT.pt
ASL-Citizen/videos/4665161320096789-THERE.mp4,there,46,features_cache/4665161320096789-THERE.pt
ASL-Citizen/videos/6646735600797595-READY.mp4,ready,135,features_cache/6646735600797595-READY.pt
ASL-Citizen/videos/488572033077433-HAIRCUT.mp4,haircut,231,features_cache/488572033077433-HAIRCUT.pt
ASL-Citizen/videos/46900711981987286-TIRED OF.mp4,tiredof,94,features_cache/46900711981987286-TIRED OF.pt
ASL-Citizen/videos/8554881401220604-TODAY.mp4,today,50,features_cache/8554881401220604-TODAY.pt
ASL-Citizen/videos/81798918592357-CLOTHES.mp4,clothes,143,features_cache/81798918592357-CLOTHES.pt
ASL-Citizen/videos/08174157238013158-THREE.mp4,three,198,features_cache/08174157238013158-THREE.pt
ASL-Citizen/videos/17233504668903432-FISH.mp4,fish,217,features_cache/17233504668903432-FISH.pt
ASL-Citizen/videos/5053451468623011-ROAD.mp4,road,297,features_cache/5053451468623011-ROAD.pt
ASL-Citizen/videos/23003598224780286-DONT CARE.mp4,dontcare,189,features_cache/23003598224780286-DONT CARE.pt
ASL-Citizen/videos/24962171644696074-SEE.mp4,see,200,features_cache/24962171644696074-SEE.pt
ASL-Citizen/videos/35156313213734314-THANK YOU.mp4,thankyou,6,features_cache/35156313213734314-THANK YOU.pt
ASL-Citizen/videos/5749565703888491-AGAIN.mp4,again,121,features_cache/5749565703888491-AGAIN.pt
ASL-Citizen/videos/3017143646154159-SCHOOL.mp4,school,49,features_cache/3017143646154159-SCHOOL.pt
ASL-Citizen/videos/22790289140952047-BROTHER.mp4,brother,35,features_cache/22790289140952047-BROTHER.pt
ASL-Citizen/videos/02123645835882826-WASH FACE_2.mp4,washface2,238,features_cache/02123645835882826-WASH FACE_2.pt
ASL-Citizen/videos/05343829958910762-OUTSIDE.mp4,outside,259,features_cache/05343829958910762-OUTSIDE.pt
ASL-Citizen/videos/05485678246989911-FIRST.mp4,first,216,features_cache/05485678246989911-FIRST.pt
ASL-Citizen/videos/8567456917650147-DONT WANT.mp4,dontwant,195,features_cache/8567456917650147-DONT WANT.pt
ASL-Citizen/videos/4328641884608131-THEY 2.mp4,they2,24,features_cache/4328641884608131-THEY 2.pt
ASL-Citizen/videos/8230281164526032-RIGHT 2.mp4,right2,292,features_cache/8230281164526032-RIGHT 2.pt
ASL-Citizen/videos/4819799429199918-WHY NOT.mp4,whynot,40,features_cache/4819799429199918-WHY NOT.pt
ASL-Citizen/videos/9753608595478365-CHEAT 2.mp4,cheat2,246,features_cache/9753608595478365-CHEAT 2.pt
ASL-Citizen/videos/8661268196723311-WHO.mp4,who,13,features_cache/8661268196723311-WHO.pt
ASL-Citizen/videos/7550465099881678-FINE.mp4,fine1,225,features_cache/7550465099881678-FINE.pt
ASL-Citizen/videos/9588758719672794-FALL 1.mp4,fall1,173,features_cache/9588758719672794-FALL 1.pt
ASL-Citizen/videos/6075593809584825-QUIET.mp4,quiet,287,features_cache/6075593809584825-QUIET.pt
ASL-Citizen/videos/423338670903896-GREEN.mp4,green,149,features_cache/423338670903896-GREEN.pt
ASL-Citizen/videos/47951133368624266-TIRED OF.mp4,tiredof,94,features_cache/47951133368624266-TIRED OF.pt
ASL-Citizen/videos/5907512259486958-NINE.mp4,nine,203,features_cache/5907512259486958-NINE.pt
ASL-Citizen/videos/41718956600012147-PIZZA 2.mp4,pizza2,283,features_cache/41718956600012147-PIZZA 2.pt
ASL-Citizen/videos/9168366765708109-WASH 3.mp4,wash2,242,features_cache/9168366765708109-WASH 3.pt
ASL-Citizen/videos/14183690564944396-QUIET.mp4,quiet,287,features_cache/14183690564944396-QUIET.pt
ASL-Citizen/videos/1447490917413885-YELLOW.mp4,yellow,150,features_cache/1447490917413885-YELLOW.pt
ASL-Citizen/videos/670987535755851-HAIR.mp4,hair1,229,features_cache/670987535755851-HAIR.pt
ASL-Citizen/videos/234436249250785-REST.mp4,rest,290,features_cache/234436249250785-REST.pt
ASL-Citizen/videos/6536264066731292-REMEMBER.mp4,remember2,81,features_cache/6536264066731292-REMEMBER.pt
ASL-Citizen/videos/6286166587594828-SISTER.mp4,sister,36,features_cache/6286166587594828-SISTER.pt
ASL-Citizen/videos/6806750611331462-REMEMBER.mp4,remember2,81,features_cache/6806750611331462-REMEMBER.pt
ASL-Citizen/videos/8758504401693781-FROM.mp4,from,44,features_cache/8758504401693781-FROM.pt
ASL-Citizen/videos/20473125375281365-MONTH.mp4,month,60,features_cache/20473125375281365-MONTH.pt
ASL-Citizen/videos/4683181875389255-RED.mp4,red,147,features_cache/4683181875389255-RED.pt
ASL-Citizen/videos/43620306429573485-COME HERE.mp4,comehere,72,features_cache/43620306429573485-COME HERE.pt
ASL-Citizen/videos/7365666114534664-FEW.mp4,few,1,features_cache/7365666114534664-FEW.pt
ASL-Citizen/videos/997878459075781-HOSPITAL.mp4,hospital1,247,features_cache/997878459075781-HOSPITAL.pt
ASL-Citizen/videos/7338886485885157-BREAD.mp4,bread,138,features_cache/7338886485885157-BREAD.pt
ASL-Citizen/videos/2736869319842712-THINK.mp4,think,78,features_cache/2736869319842712-THINK.pt
ASL-Citizen/videos/08488323505784323-MILK.mp4,milk1,129,features_cache/08488323505784323-MILK.pt
ASL-Citizen/videos/39433246279112355-THEY.mp4,they1,23,features_cache/39433246279112355-THEY.pt
ASL-Citizen/videos/432357911959405-SHORT WORD.mp4,shortword,161,features_cache/432357911959405-SHORT WORD.pt
ASL-Citizen/videos/9595840152815802-seedWAIT.mp4,wait,76,features_cache/9595840152815802-seedWAIT.pt
ASL-Citizen/videos/49543779997763004-CAR ACCIDENT.mp4,caraccident,141,features_cache/49543779997763004-CAR ACCIDENT.pt
ASL-Citizen/videos/2868450170530843-BASKETBALL 2.mp4,basketball3,213,features_cache/2868450170530843-BASKETBALL 2.pt
ASL-Citizen/videos/5593046524743397-SHORT WORD.mp4,shortword,161,features_cache/5593046524743397-SHORT WORD.pt
ASL-Citizen/videos/11578580230387026-TEETH.mp4,teeth,204,features_cache/11578580230387026-TEETH.pt
ASL-Citizen/videos/2140134632834978-NO.mp4,no,9,features_cache/2140134632834978-NO.pt
ASL-Citizen/videos/1420689770801613-NAME.mp4,name,10,features_cache/1420689770801613-NAME.pt
ASL-Citizen/videos/9681121600248539-RING.mp4,ring,294,features_cache/9681121600248539-RING.pt
ASL-Citizen/videos/6231314249396942-EXCITED.mp4,excited,96,features_cache/6231314249396942-EXCITED.pt
ASL-Citizen/videos/8847636378141681-ROAD.mp4,road,297,features_cache/8847636378141681-ROAD.pt
ASL-Citizen/videos/4290157295522645-NAME.mp4,name,10,features_cache/4290157295522645-NAME.pt
ASL-Citizen/videos/33746486664369946-TELL.mp4,tell,83,features_cache/33746486664369946-TELL.pt
ASL-Citizen/videos/8173736687292095-JUICE 2.mp4,juice1,127,features_cache/8173736687292095-JUICE 2.pt
ASL-Citizen/videos/9459597436871814-JUICE 2.mp4,juice1,127,features_cache/9459597436871814-JUICE 2.pt
ASL-Citizen/videos/04420679807064798-UP.mp4,up,271,features_cache/04420679807064798-UP.pt
ASL-Citizen/videos/7156205353982776-DINNER.mp4,dinner1,170,features_cache/7156205353982776-DINNER.pt
ASL-Citizen/videos/5578116007946967-LOVE.mp4,love,98,features_cache/5578116007946967-LOVE.pt
ASL-Citizen/videos/17984011488050022-MORE.mp4,more,119,features_cache/17984011488050022-MORE.pt
ASL-Citizen/videos/24247331497787394-POLICEMAN 2.mp4,policeman2,153,features_cache/24247331497787394-POLICEMAN 2.pt
ASL-Citizen/videos/4692573917409695-STUDY.mp4,study,69,features_cache/4692573917409695-STUDY.pt
ASL-Citizen/videos/37485805543594086-seedCAN 2.mp4,can2,115,features_cache/37485805543594086-seedCAN 2.pt
ASL-Citizen/videos/6008496408497583-SNOW.mp4,snow1,208,features_cache/6008496408497583-SNOW.pt
ASL-Citizen/videos/09734878070308994-PINK.mp4,pink,146,features_cache/09734878070308994-PINK.pt
ASL-Citizen/videos/7265533909120991-THIRD.mp4,third1,220,features_cache/7265533909120991-THIRD.pt
ASL-Citizen/videos/007361950405342821-OUT.mp4,out,258,features_cache/007361950405342821-OUT.pt
ASL-Citizen/videos/3935125327986193-RAINBOW.mp4,rainbow,207,features_cache/3935125327986193-RAINBOW.pt
ASL-Citizen/videos/3470919203014764-HAT 2.mp4,hat2,234,features_cache/3470919203014764-HAT 2.pt
ASL-Citizen/videos/1591134330772026-CAR ACCIDENT.mp4,caraccident,141,features_cache/1591134330772026-CAR ACCIDENT.pt
ASL-Citizen/videos/24737839878937717-THIRD.mp4,third1,220,features_cache/24737839878937717-THIRD.pt
ASL-Citizen/videos/24649095240231023-ICECREAM.mp4,icecream,187,features_cache/24649095240231023-ICECREAM.pt
ASL-Citizen/videos/5086723486875651-RUN.mp4,run1,295,features_cache/5086723486875651-RUN.pt
ASL-Citizen/videos/20440211514016982-RESTAURANT.mp4,restaurant,104,features_cache/20440211514016982-RESTAURANT.pt
ASL-Citizen/videos/5548976355283721-MOUTH.mp4,mouth,111,features_cache/5548976355283721-MOUTH.pt
ASL-Citizen/videos/013034176255974472-STEAK.mp4,steak,299,features_cache/013034176255974472-STEAK.pt
ASL-Citizen/videos/9618610602589022-UNDERSTAND.mp4,understand,79,features_cache/9618610602589022-UNDERSTAND.pt
ASL-Citizen/videos/8520012956955552-BASKETBALL 3.mp4,basketball2,212,features_cache/8520012956955552-BASKETBALL 3.pt
ASL-Citizen/videos/9414769082542918-WOMAN.mp4,woman1,31,features_cache/9414769082542918-WOMAN.pt
ASL-Citizen/videos/742685320734598-TALK 2.mp4,talk2,89,features_cache/742685320734598-TALK 2.pt
ASL-Citizen/videos/8519820468678287-MILK 2.mp4,milk2,130,features_cache/8519820468678287-MILK 2.pt
ASL-Citizen/videos/1649548882719689-COME OUT.mp4,comeout,73,features_cache/1649548882719689-COME OUT.pt
ASL-Citizen/videos/9802753357268721-THEY.mp4,they1,23,features_cache/9802753357268721-THEY.pt
ASL-Citizen/videos/761832876769178-TALL 2.mp4,tall1,175,features_cache/761832876769178-TALL 2.pt
ASL-Citizen/videos/3386279434783077-JUICE 2.mp4,juice1,127,features_cache/3386279434783077-JUICE 2.pt
ASL-Citizen/videos/25398273569443774-EAT.mp4,eat1,62,features_cache/25398273569443774-EAT.pt
ASL-Citizen/videos/0773952609683628-ASK.mp4,ask,84,features_cache/0773952609683628-ASK.pt
ASL-Citizen/videos/24988642567491515-PLAY.mp4,play,68,features_cache/24988642567491515-PLAY.pt
ASL-Citizen/videos/6699199039687858-RUN 2.mp4,run2,296,features_cache/6699199039687858-RUN 2.pt
ASL-Citizen/videos/2308071060871244-WOMAN.mp4,woman1,31,features_cache/2308071060871244-WOMAN.pt
ASL-Citizen/videos/8842542767772572-STUDY.mp4,study,69,features_cache/8842542767772572-STUDY.pt
ASL-Citizen/videos/14578043609279767-PIZZA.mp4,pizza1,282,features_cache/14578043609279767-PIZZA.pt
ASL-Citizen/videos/6314636318670706-FISHING.mp4,fishing1,218,features_cache/6314636318670706-FISHING.pt
ASL-Citizen/videos/8416155976192394-LOVE.mp4,love,98,features_cache/8416155976192394-LOVE.pt
ASL-Citizen/videos/6410841738338511-YESTERDAY.mp4,yesterday,52,features_cache/6410841738338511-YESTERDAY.pt
ASL-Citizen/videos/37332866889587546-HOME.mp4,home,47,features_cache/37332866889587546-HOME.pt
ASL-Citizen/videos/05216261504805786-PIZZA.mp4,pizza1,282,features_cache/05216261504805786-PIZZA.pt
ASL-Citizen/videos/05081207623570383-LONG.mp4,long,179,features_cache/05081207623570383-LONG.pt
ASL-Citizen/videos/674030928817341-NOW.mp4,now,53,features_cache/674030928817341-NOW.pt
ASL-Citizen/videos/9162471614827756-DONT CARE.mp4,dontcare,189,features_cache/9162471614827756-DONT CARE.pt
ASL-Citizen/videos/9223917641630366-GUM.mp4,gum,228,features_cache/9223917641630366-GUM.pt
ASL-Citizen/videos/9101671993573477-CANNOT.mp4,cannot,116,features_cache/9101671993573477-CANNOT.pt
ASL-Citizen/videos/7903893233633115-UNDERSTAND.mp4,understand,79,features_cache/7903893233633115-UNDERSTAND.pt
ASL-Citizen/videos/06322082897464032-WOMAN 2.mp4,woman2,32,features_cache/06322082897464032-WOMAN 2.pt
ASL-Citizen/videos/6385220505766029-seedINSIDE.mp4,inside,257,features_cache/6385220505766029-seedINSIDE.pt
ASL-Citizen/videos/0165763043403353-COME.mp4,come,71,features_cache/0165763043403353-COME.pt
ASL-Citizen/videos/26627299674597715-FINE 2.mp4,fine2,226,features_cache/26627299674597715-FINE 2.pt
ASL-Citizen/videos/8658840891802784-HAIR 2.mp4,hair2,230,features_cache/8658840891802784-HAIR 2.pt
ASL-Citizen/videos/6677362425561164-SHORT DISTANCE.mp4,shortdistance,158,features_cache/6677362425561164-SHORT DISTANCE.pt
ASL-Citizen/videos/05125135340637166-LONG LINE.mp4,longline,181,features_cache/05125135340637166-LONG LINE.pt
ASL-Citizen/videos/5124593672960627-BALL.mp4,ball,210,features_cache/5124593672960627-BALL.pt
ASL-Citizen/videos/016688575984834975-WARM.mp4,warm,243,features_cache/016688575984834975-WARM.pt
ASL-Citizen/videos/5902432319745912-CHEAT 1.mp4,cheat1,245,features_cache/5902432319745912-CHEAT 1.pt
ASL-Citizen/videos/1839644278586121-PIZZA 2.mp4,pizza2,283,features_cache/1839644278586121-PIZZA 2.pt
ASL-Citizen/videos/8268472142479768-HOW.mp4,how1,41,features_cache/8268472142479768-HOW.pt
ASL-Citizen/videos/357584396820976-VACATION.mp4,vacation,125,features_cache/357584396820976-VACATION.pt
ASL-Citizen/videos/9294205798192716-YEAR.mp4,year,61,features_cache/9294205798192716-YEAR.pt
ASL-Citizen/videos/7459449006062382-RIGHT 2.mp4,right2,292,features_cache/7459449006062382-RIGHT 2.pt
ASL-Citizen/videos/7072821167111014-ASK.mp4,ask,84,features_cache/7072821167111014-ASK.pt
ASL-Citizen/videos/4239287595408421-QM.mp4,qm,285,features_cache/4239287595408421-QM.pt
ASL-Citizen/videos/516342335411355-BYE.mp4,bye,2,features_cache/516342335411355-BYE.pt
ASL-Citizen/videos/4499555412349274-WORK.mp4,work,67,features_cache/4499555412349274-WORK.pt
ASL-Citizen/videos/8895105417637403-HOT.mp4,hot,244,features_cache/8895105417637403-HOT.pt
ASL-Citizen/videos/9595346857231493-SNOW.mp4,snow1,208,features_cache/9595346857231493-SNOW.pt
ASL-Citizen/videos/7248892268066589-seedMOUTH.mp4,mouth,111,features_cache/7248892268066589-seedMOUTH.pt
ASL-Citizen/videos/391536273026285-PINK.mp4,pink,146,features_cache/391536273026285-PINK.pt
ASL-Citizen/videos/281398604367074-WHICH.mp4,which,43,features_cache/281398604367074-WHICH.pt
ASL-Citizen/videos/19177103667968498-WOMAN 2.mp4,woman2,32,features_cache/19177103667968498-WOMAN 2.pt
ASL-Citizen/videos/7315727436787696-PLEASE.mp4,please,5,features_cache/7315727436787696-PLEASE.pt
ASL-Citizen/videos/3746133910472198-PINK.mp4,pink,146,features_cache/3746133910472198-PINK.pt
ASL-Citizen/videos/8094645891918644-SMALL.mp4,small,155,features_cache/8094645891918644-SMALL.pt
ASL-Citizen/videos/6389127475790424-THIRSTY.mp4,thirsty,205,features_cache/6389127475790424-THIRSTY.pt
ASL-Citizen/videos/010403334094505556-CANNOT.mp4,cannot,116,features_cache/010403334094505556-CANNOT.pt
ASL-Citizen/videos/6576010639886045-GIRL.mp4,girl,29,features_cache/6576010639886045-GIRL.pt
ASL-Citizen/videos/8251121237297434-HOME.mp4,home,47,features_cache/8251121237297434-HOME.pt
ASL-Citizen/videos/10652117554281637-GREEN.mp4,green,149,features_cache/10652117554281637-GREEN.pt
ASL-Citizen/videos/4018868771129471-BROTHER.mp4,brother,35,features_cache/4018868771129471-BROTHER.pt
ASL-Citizen/videos/9496087152374615-CLOTHES.mp4,clothes,143,features_cache/9496087152374615-CLOTHES.pt
ASL-Citizen/videos/9495036728797663-SKIN.mp4,skin,166,features_cache/9495036728797663-SKIN.pt
ASL-Citizen/videos/6541090103446905-PIZZA 2.mp4,pizza2,283,features_cache/6541090103446905-PIZZA 2.pt
ASL-Citizen/videos/19974751579540495-RELAX 2.mp4,relax2,289,features_cache/19974751579540495-RELAX 2.pt
ASL-Citizen/videos/8323715285073319-NO.mp4,no,9,features_cache/8323715285073319-NO.pt
ASL-Citizen/videos/4799148442759036-FIFTH.mp4,fifth,223,features_cache/4799148442759036-FIFTH.pt
ASL-Citizen/videos/5814806084205502-SNOW.mp4,snow1,208,features_cache/5814806084205502-SNOW.pt
ASL-Citizen/videos/6602084562023567-GIVE.mp4,give,227,features_cache/6602084562023567-GIVE.pt
ASL-Citizen/videos/48835152790248215-CHEAT 1.mp4,cheat1,245,features_cache/48835152790248215-CHEAT 1.pt
ASL-Citizen/videos/9964545639510212-UP.mp4,up,271,features_cache/9964545639510212-UP.pt
ASL-Citizen/videos/0838183976241691-COME OUT.mp4,comeout,73,features_cache/0838183976241691-COME OUT.pt
ASL-Citizen/videos/8004144394396016-GIRL.mp4,girl,29,features_cache/8004144394396016-GIRL.pt
ASL-Citizen/videos/9655262386814538-PERSON.mp4,person,151,features_cache/9655262386814538-PERSON.pt
ASL-Citizen/videos/9942372357331064-SHOWER.mp4,shower,86,features_cache/9942372357331064-SHOWER.pt
ASL-Citizen/videos/2520276239607937-HOLD 2.mp4,hold2,252,features_cache/2520276239607937-HOLD 2.pt
ASL-Citizen/videos/5477255935110736-LONG AGO.mp4,longago,180,features_cache/5477255935110736-LONG AGO.pt
ASL-Citizen/videos/871249121007492-WEEK.mp4,week,58,features_cache/871249121007492-WEEK.pt
ASL-Citizen/videos/374515997545366-TWO.mp4,two,197,features_cache/374515997545366-TWO.pt
ASL-Citizen/videos/11034432898849245-MOUTH.mp4,mouth,111,features_cache/11034432898849245-MOUTH.pt
ASL-Citizen/videos/06676789093195468-seedJUICE 2.mp4,juice1,127,features_cache/06676789093195468-seedJUICE 2.pt
ASL-Citizen/videos/8261106694989635-COME OUT.mp4,comeout,73,features_cache/8261106694989635-COME OUT.pt
ASL-Citizen/videos/8324098934706567-ON.mp4,on,279,features_cache/8324098934706567-ON.pt
ASL-Citizen/videos/8196326584627591-PIZZA.mp4,pizza1,282,features_cache/8196326584627591-PIZZA.pt
ASL-Citizen/videos/4609251265632117-seedCHEAT 2.mp4,cheat2,246,features_cache/4609251265632117-seedCHEAT 2.pt
ASL-Citizen/videos/44038788377442706-seedMUST.mp4,must,117,features_cache/44038788377442706-seedMUST.pt
ASL-Citizen/videos/39452534330124855-HEAR 2.mp4,hear2,22,features_cache/39452534330124855-HEAR 2.pt
ASL-Citizen/videos/31049412762325446-UNDERSTAND.mp4,understand,79,features_cache/31049412762325446-UNDERSTAND.pt
ASL-Citizen/videos/6119825081396184-HOW.mp4,how1,41,features_cache/6119825081396184-HOW.pt
ASL-Citizen/videos/7524645430552388-WHEN.mp4,when,38,features_cache/7524645430552388-WHEN.pt
ASL-Citizen/videos/683902846076992-KNOW.mp4,know,77,features_cache/683902846076992-KNOW.pt
ASL-Citizen/videos/3530121502635266-HOLIDAY.mp4,holiday,253,features_cache/3530121502635266-HOLIDAY.pt
ASL-Citizen/videos/4599598422259412-FROM.mp4,from,44,features_cache/4599598422259412-FROM.pt
ASL-Citizen/videos/13932747491897324-NOT UNDERSTAND.mp4,notunderstand,269,features_cache/13932747491897324-NOT UNDERSTAND.pt
ASL-Citizen/videos/8451884341180083-TALL.mp4,tall2,176,features_cache/8451884341180083-TALL.pt
ASL-Citizen/videos/136565516481288-NIGHT.mp4,night1,56,features_cache/136565516481288-NIGHT.pt
ASL-Citizen/videos/9735032443497869-HOT.mp4,hot,244,features_cache/9735032443497869-HOT.pt
ASL-Citizen/videos/22527987792755377-FALL 2.mp4,fall2,174,features_cache/22527987792755377-FALL 2.pt
ASL-Citizen/videos/6070420577296711-HAIR.mp4,hair1,229,features_cache/6070420577296711-HAIR.pt
ASL-Citizen/videos/8161476726173267-THREE.mp4,three,198,features_cache/8161476726173267-THREE.pt
ASL-Citizen/videos/030859863529683285-TELL.mp4,tell,83,features_cache/030859863529683285-TELL.pt
ASL-Citizen/videos/26897672753391566-CANNOT.mp4,cannot,116,features_cache/26897672753391566-CANNOT.pt
ASL-Citizen/videos/19025693129608157-UNDER.mp4,under,270,features_cache/19025693129608157-UNDER.pt
ASL-Citizen/videos/45448916929627536-SKIRT.mp4,skirt,167,features_cache/45448916929627536-SKIRT.pt
ASL-Citizen/videos/04197539325319677-IN.mp4,in,256,features_cache/04197539325319677-IN.pt
ASL-Citizen/videos/6023137274127355-FRIENDLY.mp4,friendly,27,features_cache/6023137274127355-FRIENDLY.pt
ASL-Citizen/videos/06282497465691494-CHEAT 2.mp4,cheat2,246,features_cache/06282497465691494-CHEAT 2.pt
ASL-Citizen/videos/9401487196258995-HAVE.mp4,have,235,features_cache/9401487196258995-HAVE.pt
ASL-Citizen/videos/44454593042241-NAME.mp4,name,10,features_cache/44454593042241-NAME.pt
ASL-Citizen/videos/009581512128078229-SEVEN.mp4,seven,201,features_cache/009581512128078229-SEVEN.pt
ASL-Citizen/videos/9806364877963409-HOLD.mp4,hold1,251,features_cache/9806364877963409-HOLD.pt
ASL-Citizen/videos/16008973698421536-SHOP.mp4,shop1,102,features_cache/16008973698421536-SHOP.pt
ASL-Citizen/videos/6098755056170255-HAPPY.mp4,happy,90,features_cache/6098755056170255-HAPPY.pt
ASL-Citizen/videos/24474871303354728-MONEY.mp4,money1,109,features_cache/24474871303354728-MONEY.pt
ASL-Citizen/videos/6140597203770268-PIZZA 2.mp4,pizza2,283,features_cache/6140597203770268-PIZZA 2.pt
ASL-Citizen/videos/911299602076816-HE.mp4,he,236,features_cache/911299602076816-HE.pt
ASL-Citizen/videos/6066190917613212-BIG.mp4,big,156,features_cache/6066190917613212-BIG.pt
ASL-Citizen/videos/2495443890240825-GIVE.mp4,give,227,features_cache/2495443890240825-GIVE.pt
ASL-Citizen/videos/23088076543044678-BALL.mp4,ball,210,features_cache/23088076543044678-BALL.pt
ASL-Citizen/videos/2545853485828533-WASH MACHINE.mp4,washmachine,240,features_cache/2545853485828533-WASH MACHINE.pt
ASL-Citizen/videos/5731342734296525-ANGRY.mp4,angry,92,features_cache/5731342734296525-ANGRY.pt
ASL-Citizen/videos/22564312174500656-CAR.mp4,car,106,features_cache/22564312174500656-CAR.pt
ASL-Citizen/videos/6225526845167895-BYE.mp4,bye,2,features_cache/6225526845167895-BYE.pt
ASL-Citizen/videos/4169312639416005-CAN.mp4,can1,114,features_cache/4169312639416005-CAN.pt
ASL-Citizen/videos/8003023496512565-HOLIDAY.mp4,holiday,253,features_cache/8003023496512565-HOLIDAY.pt
ASL-Citizen/videos/457792446310088-PULL.mp4,pull,284,features_cache/457792446310088-PULL.pt
ASL-Citizen/videos/7317136659517625-WHY.mp4,why,39,features_cache/7317136659517625-WHY.pt
ASL-Citizen/videos/7886062877616418-FEW.mp4,few,1,features_cache/7886062877616418-FEW.pt
ASL-Citizen/videos/8708113120439269-PERSON.mp4,person,151,features_cache/8708113120439269-PERSON.pt
ASL-Citizen/videos/670269253669108-UP.mp4,up,271,features_cache/670269253669108-UP.pt
ASL-Citizen/videos/2533700608131162-HUG.mp4,hug,254,features_cache/2533700608131162-HUG.pt
ASL-Citizen/videos/43427220295034963-HIS.mp4,his,20,features_cache/43427220295034963-HIS.pt
ASL-Citizen/videos/775115376734139-BOY.mp4,boy,28,features_cache/775115376734139-BOY.pt
ASL-Citizen/videos/5428785498844215-INSIDE.mp4,inside,257,features_cache/5428785498844215-INSIDE.pt
ASL-Citizen/videos/9164621293102129-SHOP.mp4,shop1,102,features_cache/9164621293102129-SHOP.pt
ASL-Citizen/videos/38749827044554674-WARM.mp4,warm,243,features_cache/38749827044554674-WARM.pt
ASL-Citizen/videos/8835091890723679-OVER.mp4,over,260,features_cache/8835091890723679-OVER.pt
ASL-Citizen/videos/649470740341924-EXCITED.mp4,excited,96,features_cache/649470740341924-EXCITED.pt
ASL-Citizen/videos/1794361731561036-MONEY.mp4,money1,109,features_cache/1794361731561036-MONEY.pt
ASL-Citizen/videos/6424922559625883-BEFORE.mp4,before,122,features_cache/6424922559625883-BEFORE.pt
ASL-Citizen/videos/42327270691916885-YES.mp4,yes,8,features_cache/42327270691916885-YES.pt
ASL-Citizen/videos/11653220295321187-NINE.mp4,nine,203,features_cache/11653220295321187-NINE.pt
ASL-Citizen/videos/7190969923093613-DINNER 2.mp4,dinner2,171,features_cache/7190969923093613-DINNER 2.pt
ASL-Citizen/videos/37150818596578294-YOUR.mp4,your,18,features_cache/37150818596578294-YOUR.pt
ASL-Citizen/videos/5912616726306081-TINY.mp4,tiny,157,features_cache/5912616726306081-TINY.pt
ASL-Citizen/videos/5297020534990635-PLAY.mp4,play,68,features_cache/5297020534990635-PLAY.pt
ASL-Citizen/videos/023693734396403432-COME HERE.mp4,comehere,72,features_cache/023693734396403432-COME HERE.pt
ASL-Citizen/videos/5678583650489399-DONT NEED.mp4,dontneed,194,features_cache/5678583650489399-DONT NEED.pt
ASL-Citizen/videos/9227341609547473-WASH FACE_1.mp4,washface1,237,features_cache/9227341609547473-WASH FACE_1.pt
ASL-Citizen/videos/3854547330374838-FRIENDLY.mp4,friendly,27,features_cache/3854547330374838-FRIENDLY.pt
ASL-Citizen/videos/7363191522429331-NIGHT 2.mp4,night2,57,features_cache/7363191522429331-NIGHT 2.pt
ASL-Citizen/videos/3817844696728503-EIGHT.mp4,eight,202,features_cache/3817844696728503-EIGHT.pt
ASL-Citizen/videos/5290075047843825-EAT 2.mp4,eat2,63,features_cache/5290075047843825-EAT 2.pt
ASL-Citizen/videos/09656289044816302-NEED.mp4,need,118,features_cache/09656289044816302-NEED.pt
ASL-Citizen/videos/3034348489686687-JUICE 2.mp4,juice1,127,features_cache/3034348489686687-JUICE 2.pt
ASL-Citizen/videos/6725766098180614-HARD.mp4,hard,232,features_cache/6725766098180614-HARD.pt
ASL-Citizen/videos/9737377000390648-RELAX 2.mp4,relax2,289,features_cache/9737377000390648-RELAX 2.pt
ASL-Citizen/videos/6604264517646619-LISTEN.mp4,listen,133,features_cache/6604264517646619-LISTEN.pt
ASL-Citizen/videos/69160499620491-SNOW.mp4,snow1,208,features_cache/69160499620491-SNOW.pt
ASL-Citizen/videos/9962110156759649-FISHING 2.mp4,fishing2,219,features_cache/9962110156759649-FISHING 2.pt
ASL-Citizen/videos/17840772305550012-HOLD 2.mp4,hold2,252,features_cache/17840772305550012-HOLD 2.pt
ASL-Citizen/videos/9103537770737806-BECAUSE.mp4,because,124,features_cache/9103537770737806-BECAUSE.pt
ASL-Citizen/videos/09318680773691468-BASKETBALL 3.mp4,basketball2,212,features_cache/09318680773691468-BASKETBALL 3.pt
ASL-Citizen/videos/6872173557168539-NEAR.mp4,near,277,features_cache/6872173557168539-NEAR.pt
ASL-Citizen/videos/6608454924362013-WASH MACHINE.mp4,washmachine,240,features_cache/6608454924362013-WASH MACHINE.pt
ASL-Citizen/videos/5295273734383446-NOW.mp4,now,53,features_cache/5295273734383446-NOW.pt
ASL-Citizen/videos/04627938319905933-SUNDAY.mp4,sunday,268,features_cache/04627938319905933-SUNDAY.pt
ASL-Citizen/videos/3407129339550383-EAT.mp4,eat1,62,features_cache/3407129339550383-EAT.pt
ASL-Citizen/videos/6921187815453724-FISH.mp4,fish,217,features_cache/6921187815453724-FISH.pt
ASL-Citizen/videos/18362037497753203-WHAT 2.mp4,what1,11,features_cache/18362037497753203-WHAT 2.pt
ASL-Citizen/videos/05741077184198029-WHY NOT.mp4,whynot,40,features_cache/05741077184198029-WHY NOT.pt
ASL-Citizen/videos/2510897626267057-BEFORE.mp4,before,122,features_cache/2510897626267057-BEFORE.pt
ASL-Citizen/videos/16141284391504773-PULL.mp4,pull,284,features_cache/16141284391504773-PULL.pt
ASL-Citizen/videos/6976005769773519-LISTEN.mp4,listen,133,features_cache/6976005769773519-LISTEN.pt
ASL-Citizen/videos/6442160472665606-SLOW.mp4,slow,168,features_cache/6442160472665606-SLOW.pt
ASL-Citizen/videos/27058948226409374-FIRST.mp4,first,216,features_cache/27058948226409374-FIRST.pt
ASL-Citizen/videos/7018637195283961-CANNOT.mp4,cannot,116,features_cache/7018637195283961-CANNOT.pt
ASL-Citizen/videos/24305385036313631-MILK 2.mp4,milk2,130,features_cache/24305385036313631-MILK 2.pt
ASL-Citizen/videos/8807506945426973-NOW.mp4,now,53,features_cache/8807506945426973-NOW.pt
ASL-Citizen/videos/03952382880259808-DINNER.mp4,dinner1,170,features_cache/03952382880259808-DINNER.pt
ASL-Citizen/videos/2629108059091052-ASK.mp4,ask,84,features_cache/2629108059091052-ASK.pt
ASL-Citizen/videos/610712221951559-FIND.mp4,find,224,features_cache/610712221951559-FIND.pt
ASL-Citizen/videos/1408851244927558-COMPUTER.mp4,computer,113,features_cache/1408851244927558-COMPUTER.pt
ASL-Citizen/videos/7131247482749883-TINY.mp4,tiny,157,features_cache/7131247482749883-TINY.pt
ASL-Citizen/videos/9120440265664227-SKIN.mp4,skin,166,features_cache/9120440265664227-SKIN.pt
ASL-Citizen/videos/2187365398138117-MEET.mp4,meet,276,features_cache/2187365398138117-MEET.pt
ASL-Citizen/videos/9749017469824097-IN.mp4,in,256,features_cache/9749017469824097-IN.pt
ASL-Citizen/videos/40638702666442783-IMPROVE.mp4,improve,154,features_cache/40638702666442783-IMPROVE.pt
ASL-Citizen/videos/8291769061447769-FATHER.mp4,father,34,features_cache/8291769061447769-FATHER.pt
ASL-Citizen/videos/508481128243949-CAN.mp4,can1,114,features_cache/508481128243949-CAN.pt
ASL-Citizen/videos/019779856775418603-SHOUT.mp4,shout1,164,features_cache/019779856775418603-SHOUT.pt
ASL-Citizen/videos/016582261263730524-HAIR 2.mp4,hair2,230,features_cache/016582261263730524-HAIR 2.pt
ASL-Citizen/videos/04946087859284831-LOST.mp4,lost,274,features_cache/04946087859284831-LOST.pt
ASL-Citizen/videos/6290782674186028-BIG.mp4,big,156,features_cache/6290782674186028-BIG.pt
ASL-Citizen/videos/752125213687646-MAN.mp4,man,30,features_cache/752125213687646-MAN.pt
ASL-Citizen/videos/44681204092560045-MILK.mp4,milk1,129,features_cache/44681204092560045-MILK.pt
ASL-Citizen/videos/35024304836544506-STOP.mp4,stop,300,features_cache/35024304836544506-STOP.pt
ASL-Citizen/videos/2772604677552697-PEN.mp4,pen,281,features_cache/2772604677552697-PEN.pt
ASL-Citizen/videos/1094362815985177-TIRED OF.mp4,tiredof,94,features_cache/1094362815985177-TIRED OF.pt
ASL-Citizen/videos/07633291774567197-THIRD.mp4,third1,220,features_cache/07633291774567197-THIRD.pt
ASL-Citizen/videos/08956501268165051-SICK.mp4,sick,95,features_cache/08956501268165051-SICK.pt
ASL-Citizen/videos/22197704566481224-HEAR 1.mp4,hear1,21,features_cache/22197704566481224-HEAR 1.pt
ASL-Citizen/videos/932293062384631-HAT 2.mp4,hat2,234,features_cache/932293062384631-HAT 2.pt
ASL-Citizen/videos/17770034337690066-MILK 2.mp4,milk2,130,features_cache/17770034337690066-MILK 2.pt
ASL-Citizen/videos/31425309138505586-HOUSE.mp4,house,48,features_cache/31425309138505586-HOUSE.pt
ASL-Citizen/videos/6509025005028912-JUICE 2.mp4,juice1,127,features_cache/6509025005028912-JUICE 2.pt
ASL-Citizen/videos/08468658607793822-MONTH.mp4,month,60,features_cache/08468658607793822-MONTH.pt
ASL-Citizen/videos/4950540994948227-WRITE.mp4,write,137,features_cache/4950540994948227-WRITE.pt
ASL-Citizen/videos/040871031966041915-CAR ACCIDENT.mp4,caraccident,141,features_cache/040871031966041915-CAR ACCIDENT.pt
ASL-Citizen/videos/8277007481649858-BASKETBALL 2.mp4,basketball3,213,features_cache/8277007481649858-BASKETBALL 2.pt
ASL-Citizen/videos/9566049112694803-THEY.mp4,they1,23,features_cache/9566049112694803-THEY.pt
ASL-Citizen/videos/10818908631731938-ONE.mp4,one,196,features_cache/10818908631731938-ONE.pt
ASL-Citizen/videos/5199425437483545-SORRY.mp4,sorry,7,features_cache/5199425437483545-SORRY.pt
ASL-Citizen/videos/9790302153060182-WHO.mp4,who,13,features_cache/9790302153060182-WHO.pt
ASL-Citizen/videos/6657698379837473-DRINK.mp4,drink1,64,features_cache/6657698379837473-DRINK.pt
ASL-Citizen/videos/40443988565760036-seedWORK.mp4,work,67,features_cache/40443988565760036-seedWORK.pt
ASL-Citizen/videos/3717896319825944-BIG.mp4,big,156,features_cache/3717896319825944-BIG.pt
ASL-Citizen/videos/4631380312407023-THEY 2.mp4,they2,24,features_cache/4631380312407023-THEY 2.pt
ASL-Citizen/videos/2737442073756089-ARRIVE.mp4,arrive,75,features_cache/2737442073756089-ARRIVE.pt
ASL-Citizen/videos/8832394822428096-LONG AGO.mp4,longago,180,features_cache/8832394822428096-LONG AGO.pt
ASL-Citizen/videos/030872070886360792-WHICH.mp4,which,43,features_cache/030872070886360792-WHICH.pt
ASL-Citizen/videos/23780488148592638-NIGHT.mp4,night1,56,features_cache/23780488148592638-NIGHT.pt
ASL-Citizen/videos/29204473692320576-TALK.mp4,talk1,88,features_cache/29204473692320576-TALK.pt
ASL-Citizen/videos/3709997507310303-ANGRY.mp4,angry,92,features_cache/3709997507310303-ANGRY.pt
ASL-Citizen/videos/17958771758440428-FRIENDLY.mp4,friendly,27,features_cache/17958771758440428-FRIENDLY.pt
ASL-Citizen/videos/8765379179357844-WASH MACHINE.mp4,washmachine,240,features_cache/8765379179357844-WASH MACHINE.pt
ASL-Citizen/videos/5427213551397272-WATCH.mp4,watch,82,features_cache/5427213551397272-WATCH.pt
ASL-Citizen/videos/21902607239546956-FOR.mp4,for,215,features_cache/21902607239546956-FOR.pt
ASL-Citizen/videos/009982843301954203-BOY.mp4,boy,28,features_cache/009982843301954203-BOY.pt
ASL-Citizen/videos/5322570103859836-SMALL.mp4,small,155,features_cache/5322570103859836-SMALL.pt
ASL-Citizen/videos/9530219281847232-COCONUT.mp4,coconut,132,features_cache/9530219281847232-COCONUT.pt
ASL-Citizen/videos/7517256237645435-NOT UNDERSTAND.mp4,notunderstand,269,features_cache/7517256237645435-NOT UNDERSTAND.pt
ASL-Citizen/videos/9714074937680455-FACE.mp4,face,250,features_cache/9714074937680455-FACE.pt
ASL-Citizen/videos/13995491773850532-SHOUT 2.mp4,shout2,165,features_cache/13995491773850532-SHOUT 2.pt
ASL-Citizen/videos/010629293779391924-HOSPITAL 2.mp4,hospital2,248,features_cache/010629293779391924-HOSPITAL 2.pt
ASL-Citizen/videos/21653364727074398-BOOK.mp4,book,108,features_cache/21653364727074398-BOOK.pt
ASL-Citizen/videos/07314977698053204-LOCK 2.mp4,lock2,185,features_cache/07314977698053204-LOCK 2.pt
ASL-Citizen/videos/4019455066409363-SKIRT.mp4,skirt,167,features_cache/4019455066409363-SKIRT.pt
ASL-Citizen/videos/11067037918278833-PIZZA.mp4,pizza1,282,features_cache/11067037918278833-PIZZA.pt
ASL-Citizen/videos/28965636285359087-PIZZA 2.mp4,pizza2,283,features_cache/28965636285359087-PIZZA 2.pt
ASL-Citizen/videos/20336656316280433-FOOTBALL.mp4,football,214,features_cache/20336656316280433-FOOTBALL.pt
ASL-Citizen/videos/5833224752574873-HURT.mp4,hurt,255,features_cache/5833224752574873-HURT.pt
ASL-Citizen/videos/6761534511903275-GIVE.mp4,give,227,features_cache/6761534511903275-GIVE.pt
ASL-Citizen/videos/37616747596569344-MY.mp4,my,16,features_cache/37616747596569344-MY.pt
ASL-Citizen/videos/1658058230539896-HERE.mp4,here,45,features_cache/1658058230539896-HERE.pt
ASL-Citizen/videos/7510361706596533-EAT 2.mp4,eat2,63,features_cache/7510361706596533-EAT 2.pt
ASL-Citizen/videos/7491576036902756-IN.mp4,in,256,features_cache/7491576036902756-IN.pt
ASL-Citizen/videos/16867345393229916-DONT NEED.mp4,dontneed,194,features_cache/16867345393229916-DONT NEED.pt
ASL-Citizen/videos/0391236078587216-HOSPITAL.mp4,hospital1,247,features_cache/0391236078587216-HOSPITAL.pt
ASL-Citizen/videos/7392604812272379-WHY NOT.mp4,whynot,40,features_cache/7392604812272379-WHY NOT.pt
ASL-Citizen/videos/4372505087382914-ME.mp4,me,15,features_cache/4372505087382914-ME.pt
ASL-Citizen/videos/49163773457742876-WANT.mp4,want2,101,features_cache/49163773457742876-WANT.pt
ASL-Citizen/videos/1845988193133219-BOY.mp4,boy,28,features_cache/1845988193133219-BOY.pt
ASL-Citizen/videos/10954121875598655-ANGRY.mp4,angry,92,features_cache/10954121875598655-ANGRY.pt
ASL-Citizen/videos/04551864995837951-SAD.mp4,sad,91,features_cache/04551864995837951-SAD.pt
ASL-Citizen/videos/7455948118093856-MORE.mp4,more,119,features_cache/7455948118093856-MORE.pt
ASL-Citizen/videos/8484693843266342-NOW.mp4,now,53,features_cache/8484693843266342-NOW.pt
ASL-Citizen/videos/04484164963593007-BREAD.mp4,bread,138,features_cache/04484164963593007-BREAD.pt
ASL-Citizen/videos/4503391546688418-BASKETBALL 2.mp4,basketball3,213,features_cache/4503391546688418-BASKETBALL 2.pt
ASL-Citizen/videos/8486809407942575-HELLO.mp4,hello,0,features_cache/8486809407942575-HELLO.pt
ASL-Citizen/videos/5750125405910644-PURPLE.mp4,purple,286,features_cache/5750125405910644-PURPLE.pt
ASL-Citizen/videos/3398614981110786-SLOW.mp4,slow,168,features_cache/3398614981110786-SLOW.pt
ASL-Citizen/videos/7378759651365803-ME.mp4,me,15,features_cache/7378759651365803-ME.pt
ASL-Citizen/videos/6506737411983545-WHO.mp4,who,13,features_cache/6506737411983545-WHO.pt
ASL-Citizen/videos/9945574805226676-VACATION.mp4,vacation,125,features_cache/9945574805226676-VACATION.pt
ASL-Citizen/videos/17240949757701873-FIRST.mp4,first,216,features_cache/17240949757701873-FIRST.pt
ASL-Citizen/videos/862116915394596-WASH FACE_1.mp4,washface1,237,features_cache/862116915394596-WASH FACE_1.pt
ASL-Citizen/videos/3069443217473251-MORNING.mp4,morning,55,features_cache/3069443217473251-MORNING.pt
ASL-Citizen/videos/08433061936933717-NIGHT.mp4,night1,56,features_cache/08433061936933717-NIGHT.pt
ASL-Citizen/videos/23334975507025213-SHORT WORD.mp4,shortword,161,features_cache/23334975507025213-SHORT WORD.pt
ASL-Citizen/videos/18921390418588913-OLD.mp4,old,278,features_cache/18921390418588913-OLD.pt
ASL-Citizen/videos/71363394216049-HE.mp4,he,236,features_cache/71363394216049-HE.pt
ASL-Citizen/videos/2051526131016177-QM.mp4,qm,285,features_cache/2051526131016177-QM.pt
ASL-Citizen/videos/14528860379505093-ONCE.mp4,once,280,features_cache/14528860379505093-ONCE.pt
ASL-Citizen/videos/29048224700988334-LOST.mp4,lost,274,features_cache/29048224700988334-LOST.pt
ASL-Citizen/videos/10385058399783764-MAN.mp4,man,30,features_cache/10385058399783764-MAN.pt
ASL-Citizen/videos/3409293200442196-PERSON.mp4,person,151,features_cache/3409293200442196-PERSON.pt
ASL-Citizen/videos/9161842981344352-YES.mp4,yes,8,features_cache/9161842981344352-YES.pt
ASL-Citizen/videos/6275191215658549-BECAUSE.mp4,because,124,features_cache/6275191215658549-BECAUSE.pt
ASL-Citizen/videos/778728036693922-SHOUT.mp4,shout1,164,features_cache/778728036693922-SHOUT.pt
ASL-Citizen/videos/9202711012693181-SLEEP.mp4,sleep,66,features_cache/9202711012693181-SLEEP.pt
ASL-Citizen/videos/40634432788433883-COME OUT.mp4,comeout,73,features_cache/40634432788433883-COME OUT.pt
ASL-Citizen/videos/36180513052904173-DOWN.mp4,down,272,features_cache/36180513052904173-DOWN.pt
ASL-Citizen/videos/7745734263568671-CHEAT 2.mp4,cheat2,246,features_cache/7745734263568671-CHEAT 2.pt
ASL-Citizen/videos/06848483812177042-BLUE.mp4,blue,148,features_cache/06848483812177042-BLUE.pt
ASL-Citizen/videos/4180054400928148-MILK.mp4,milk1,129,features_cache/4180054400928148-MILK.pt
ASL-Citizen/videos/11262109263150855-DONT LIKE.mp4,dontlike,192,features_cache/11262109263150855-DONT LIKE.pt
ASL-Citizen/videos/5069711657843581-OLD.mp4,old,278,features_cache/5069711657843581-OLD.pt
ASL-Citizen/videos/27934471953770945-MOUTH.mp4,mouth,111,features_cache/27934471953770945-MOUTH.pt
ASL-Citizen/videos/5228167151560652-FIRST.mp4,first,216,features_cache/5228167151560652-FIRST.pt
ASL-Citizen/videos/5318939200518071-SEVEN.mp4,seven,201,features_cache/5318939200518071-SEVEN.pt
ASL-Citizen/videos/6505564692308512-MONEY.mp4,money1,109,features_cache/6505564692308512-MONEY.pt
ASL-Citizen/videos/8275784411364397-BASKETBALL.mp4,basketball1,211,features_cache/8275784411364397-BASKETBALL.pt
ASL-Citizen/videos/5356083044987929-SHOULD.mp4,should,163,features_cache/5356083044987929-SHOULD.pt
ASL-Citizen/videos/6647163157486824-PERSON.mp4,person,151,features_cache/6647163157486824-PERSON.pt
ASL-Citizen/videos/46335356746727197-PIZZA.mp4,pizza1,282,features_cache/46335356746727197-PIZZA.pt
ASL-Citizen/videos/5143602882276022-SUNDAY.mp4,sunday,268,features_cache/5143602882276022-SUNDAY.pt
ASL-Citizen/videos/07764420978703401-HOT.mp4,hot,244,features_cache/07764420978703401-HOT.pt
ASL-Citizen/videos/241481900450897-HOUSE.mp4,house,48,features_cache/241481900450897-HOUSE.pt
ASL-Citizen/videos/34976705610130154-WASH 1.mp4,wash1,241,features_cache/34976705610130154-WASH 1.pt
ASL-Citizen/videos/9740100320316809-LEAVE.mp4,leave,74,features_cache/9740100320316809-LEAVE.pt
ASL-Citizen/videos/7256939070327812-LOCK.mp4,lock1,184,features_cache/7256939070327812-LOCK.pt
ASL-Citizen/videos/7626564808880898-YOURSELF.mp4,yourself,19,features_cache/7626564808880898-YOURSELF.pt
ASL-Citizen/videos/12299320077235443-FACE.mp4,face,250,features_cache/12299320077235443-FACE.pt
ASL-Citizen/videos/9391465981441383-WARM.mp4,warm,243,features_cache/9391465981441383-WARM.pt
ASL-Citizen/videos/8543994485551978-QUIET.mp4,quiet,287,features_cache/8543994485551978-QUIET.pt
ASL-Citizen/videos/4064666652509181-PHONE.mp4,phone,107,features_cache/4064666652509181-PHONE.pt
ASL-Citizen/videos/09078322149673279-SMALL.mp4,small,155,features_cache/09078322149673279-SMALL.pt
ASL-Citizen/videos/8594289353554898-SORRY.mp4,sorry,7,features_cache/8594289353554898-SORRY.pt
ASL-Citizen/videos/8638262994392436-SCHOOL.mp4,school,49,features_cache/8638262994392436-SCHOOL.pt
ASL-Citizen/videos/06119477404825924-EXCITED.mp4,excited,96,features_cache/06119477404825924-EXCITED.pt
ASL-Citizen/videos/8140021160563258-FAST.mp4,fast,169,features_cache/8140021160563258-FAST.pt
ASL-Citizen/videos/23140469319162804-SIDE.mp4,side,87,features_cache/23140469319162804-SIDE.pt
ASL-Citizen/videos/4107370316562351-NINE.mp4,nine,203,features_cache/4107370316562351-NINE.pt
ASL-Citizen/videos/018205117440444507-PURPLE.mp4,purple,286,features_cache/018205117440444507-PURPLE.pt
ASL-Citizen/videos/14684615781592747-WHITE.mp4,white,144,features_cache/14684615781592747-WHITE.pt
ASL-Citizen/videos/5593061852952874-HEAR 2.mp4,hear2,22,features_cache/5593061852952874-HEAR 2.pt
ASL-Citizen/videos/13401052196261154-FAST.mp4,fast,169,features_cache/13401052196261154-FAST.pt
ASL-Citizen/videos/6670065305963329-DOWN.mp4,down,272,features_cache/6670065305963329-DOWN.pt
ASL-Citizen/videos/011439809438488657-WHAT 2.mp4,what1,11,features_cache/011439809438488657-WHAT 2.pt
ASL-Citizen/videos/13334577024596217-SUNDAY.mp4,sunday,268,features_cache/13334577024596217-SUNDAY.pt
ASL-Citizen/videos/5928105475163117-THIRD.mp4,third1,220,features_cache/5928105475163117-THIRD.pt
ASL-Citizen/videos/777804314039809-OK.mp4,ok,136,features_cache/777804314039809-OK.pt
ASL-Citizen/videos/5834024675891472-STEAK.mp4,steak,299,features_cache/5834024675891472-STEAK.pt
ASL-Citizen/videos/9562733045073122-WHITE.mp4,white,144,features_cache/9562733045073122-WHITE.pt
ASL-Citizen/videos/16724254053715604-BOX.mp4,box,139,features_cache/16724254053715604-BOX.pt
ASL-Citizen/videos/7633981531204574-THIRSTY.mp4,thirsty,205,features_cache/7633981531204574-THIRSTY.pt
ASL-Citizen/videos/8749149490186505-TOMORROW.mp4,tomorrow,51,features_cache/8749149490186505-TOMORROW.pt
ASL-Citizen/videos/8876324339140911-GIRL.mp4,girl,29,features_cache/8876324339140911-GIRL.pt
ASL-Citizen/videos/19282859630906146-RUN.mp4,run1,295,features_cache/19282859630906146-RUN.pt
ASL-Citizen/videos/6037357738912783-MORNING.mp4,morning,55,features_cache/6037357738912783-MORNING.pt
ASL-Citizen/videos/851571236685408-HEAR 1.mp4,hear1,21,features_cache/851571236685408-HEAR 1.pt
ASL-Citizen/videos/805120769524823-WHAT 1.mp4,what2,12,features_cache/805120769524823-WHAT 1.pt
ASL-Citizen/videos/14047979212459105-COFFEE.mp4,coffee,131,features_cache/14047979212459105-COFFEE.pt
ASL-Citizen/videos/7750110153422656-WEAK.mp4,weak,59,features_cache/7750110153422656-WEAK.pt
ASL-Citizen/videos/8799845932622608-BOOK.mp4,book,108,features_cache/8799845932622608-BOOK.pt
ASL-Citizen/videos/935532886653847-MILK 2.mp4,milk2,130,features_cache/935532886653847-MILK 2.pt
ASL-Citizen/videos/0566177886642838-WORK.mp4,work,67,features_cache/0566177886642838-WORK.pt
ASL-Citizen/videos/15737752814991346-YOU.mp4,you,14,features_cache/15737752814991346-YOU.pt
ASL-Citizen/videos/7848059389053903-REST.mp4,rest,290,features_cache/7848059389053903-REST.pt
ASL-Citizen/videos/604904578492196-MILK 2.mp4,milk2,130,features_cache/604904578492196-MILK 2.pt
ASL-Citizen/videos/6280569276795847-CHEAT 1.mp4,cheat1,245,features_cache/6280569276795847-CHEAT 1.pt
ASL-Citizen/videos/7088118724781087-SIDE.mp4,side,87,features_cache/7088118724781087-SIDE.pt
ASL-Citizen/videos/6094303280252125-YOURSELF.mp4,yourself,19,features_cache/6094303280252125-YOURSELF.pt
ASL-Citizen/videos/3192994860199374-SHORTS.mp4,shorts,160,features_cache/3192994860199374-SHORTS.pt
ASL-Citizen/videos/26540643811273745-BASKETBALL.mp4,basketball1,211,features_cache/26540643811273745-BASKETBALL.pt
ASL-Citizen/videos/837263866248287-REST.mp4,rest,290,features_cache/837263866248287-REST.pt
ASL-Citizen/videos/3909320209952225-YOUR.mp4,your,18,features_cache/3909320209952225-YOUR.pt
ASL-Citizen/videos/8020509074204789-THIRD 2.mp4,third2,221,features_cache/8020509074204789-THIRD 2.pt
ASL-Citizen/videos/38015177391211163-THERE.mp4,there,46,features_cache/38015177391211163-THERE.pt
ASL-Citizen/videos/6798966757937068-YESTERDAY.mp4,yesterday,52,features_cache/6798966757937068-YESTERDAY.pt
ASL-Citizen/videos/3975568860688534-CAR ACCIDENT.mp4,caraccident,141,features_cache/3975568860688534-CAR ACCIDENT.pt
ASL-Citizen/videos/3584447878251358-PLEASE.mp4,please,5,features_cache/3584447878251358-PLEASE.pt
ASL-Citizen/videos/12765322193107487-TIRED.mp4,tired,93,features_cache/12765322193107487-TIRED.pt
ASL-Citizen/videos/33282959086389163-BASKETBALL.mp4,basketball1,211,features_cache/33282959086389163-BASKETBALL.pt
ASL-Citizen/videos/4365375222578598-TIRED OF.mp4,tiredof,94,features_cache/4365375222578598-TIRED OF.pt
ASL-Citizen/videos/0992010599048676-DRINK 2.mp4,drink2,65,features_cache/0992010599048676-DRINK 2.pt
ASL-Citizen/videos/31977909341879607-seedWHAT 1.mp4,what2,12,features_cache/31977909341879607-seedWHAT 1.pt
ASL-Citizen/videos/31751363195904125-BASKETBALL 2.mp4,basketball3,213,features_cache/31751363195904125-BASKETBALL 2.pt
ASL-Citizen/videos/27192113557186715-BROTHER.mp4,brother,35,features_cache/27192113557186715-BROTHER.pt
ASL-Citizen/videos/5537594403911712-SHOULD.mp4,should,163,features_cache/5537594403911712-SHOULD.pt
ASL-Citizen/videos/8920807082520505-NO.mp4,no,9,features_cache/8920807082520505-NO.pt
ASL-Citizen/videos/7278705413828479-NIGHT.mp4,night1,56,features_cache/7278705413828479-NIGHT.pt
ASL-Citizen/videos/6240048986671136-THIRD.mp4,third1,220,features_cache/6240048986671136-THIRD.pt
ASL-Citizen/videos/0651492743548332-PIZZA.mp4,pizza1,282,features_cache/0651492743548332-PIZZA.pt
ASL-Citizen/videos/027291208517367993-YESTERDAY.mp4,yesterday,52,features_cache/027291208517367993-YESTERDAY.pt
ASL-Citizen/videos/6842872304275744-TUESDAY.mp4,tuesday,264,features_cache/6842872304275744-TUESDAY.pt
ASL-Citizen/videos/4532472803219878-TWO.mp4,two,197,features_cache/4532472803219878-TWO.pt
ASL-Citizen/videos/7102655908980355-CANNOT.mp4,cannot,116,features_cache/7102655908980355-CANNOT.pt
ASL-Citizen/videos/6249265333085945-DONT NEED.mp4,dontneed,194,features_cache/6249265333085945-DONT NEED.pt
ASL-Citizen/videos/30686159780357336-WORK.mp4,work,67,features_cache/30686159780357336-WORK.pt
ASL-Citizen/videos/3625572689797971-BALL.mp4,ball,210,features_cache/3625572689797971-BALL.pt
ASL-Citizen/videos/06793339114876251-LIKE.mp4,like,99,features_cache/06793339114876251-LIKE.pt
ASL-Citizen/videos/6791117576049817-OUT.mp4,out,258,features_cache/6791117576049817-OUT.pt
ASL-Citizen/videos/2868793159710059-WHAT 1.mp4,what2,12,features_cache/2868793159710059-WHAT 1.pt
ASL-Citizen/videos/10850128576562801-PIZZA.mp4,pizza1,282,features_cache/10850128576562801-PIZZA.pt
ASL-Citizen/videos/15280928719316456-MILK.mp4,milk1,129,features_cache/15280928719316456-MILK.pt
ASL-Citizen/videos/9474917526716478-BASKETBALL.mp4,basketball1,211,features_cache/9474917526716478-BASKETBALL.pt
ASL-Citizen/videos/6639265388456241-THIRD.mp4,third1,220,features_cache/6639265388456241-THIRD.pt
ASL-Citizen/videos/44391377811432076-RELAX.mp4,relax1,288,features_cache/44391377811432076-RELAX.pt
ASL-Citizen/videos/297478665328176-FIFTH.mp4,fifth,223,features_cache/297478665328176-FIFTH.pt
ASL-Citizen/videos/507044716699117-FOOTBALL.mp4,football,214,features_cache/507044716699117-FOOTBALL.pt
ASL-Citizen/videos/6804741868397373-CANNOT.mp4,cannot,116,features_cache/6804741868397373-CANNOT.pt
ASL-Citizen/videos/5147910297073359-UNDER.mp4,under,270,features_cache/5147910297073359-UNDER.pt
ASL-Citizen/videos/3898954528098082-FALL 2.mp4,fall2,174,features_cache/3898954528098082-FALL 2.pt
ASL-Citizen/videos/801384356111841-RIGHT 2.mp4,right2,292,features_cache/801384356111841-RIGHT 2.pt
ASL-Citizen/videos/31080382328753453-ME.mp4,me,15,features_cache/31080382328753453-ME.pt
ASL-Citizen/videos/5122897054535298-SHOUT.mp4,shout1,164,features_cache/5122897054535298-SHOUT.pt
ASL-Citizen/videos/6232018946551858-LONG WORD.mp4,longword,183,features_cache/6232018946551858-LONG WORD.pt
ASL-Citizen/videos/3776311176032783-FIRST.mp4,first,216,features_cache/3776311176032783-FIRST.pt
ASL-Citizen/videos/46872059376636366-CAN.mp4,can1,114,features_cache/46872059376636366-CAN.pt
ASL-Citizen/videos/38534242467651847-HOLD.mp4,hold1,251,features_cache/38534242467651847-HOLD.pt
ASL-Citizen/videos/6064749990913116-FOREST.mp4,forest,126,features_cache/6064749990913116-FOREST.pt
ASL-Citizen/videos/9243821576552336-FEW.mp4,few,1,features_cache/9243821576552336-FEW.pt
ASL-Citizen/videos/19532533865671398-WHERE.mp4,where,37,features_cache/19532533865671398-WHERE.pt
ASL-Citizen/videos/7184251334812357-FOUR.mp4,four,199,features_cache/7184251334812357-FOUR.pt
ASL-Citizen/videos/649842211970002-TIME.mp4,time,178,features_cache/649842211970002-TIME.pt
ASL-Citizen/videos/2281067908916985-SLEEP.mp4,sleep,66,features_cache/2281067908916985-SLEEP.pt
ASL-Citizen/videos/5871729923873938-THURSDAY.mp4,thursday,262,features_cache/5871729923873938-THURSDAY.pt
ASL-Citizen/videos/9682333715513665-BYE.mp4,bye,2,features_cache/9682333715513665-BYE.pt
ASL-Citizen/videos/529921689981206-DINNER.mp4,dinner1,170,features_cache/529921689981206-DINNER.pt
ASL-Citizen/videos/02127544513426116-BASKETBALL.mp4,basketball1,211,features_cache/02127544513426116-BASKETBALL.pt
ASL-Citizen/videos/6999394901611251-WHERE.mp4,where,37,features_cache/6999394901611251-WHERE.pt
ASL-Citizen/videos/6843278718682517-MILK.mp4,milk1,129,features_cache/6843278718682517-MILK.pt
ASL-Citizen/videos/06509213312274453-SICK.mp4,sick,95,features_cache/06509213312274453-SICK.pt
ASL-Citizen/videos/26657946023294365-THEY.mp4,they1,23,features_cache/26657946023294365-THEY.pt
ASL-Citizen/videos/6628308182846039-LOCK 2.mp4,lock2,185,features_cache/6628308182846039-LOCK 2.pt
ASL-Citizen/videos/31045839782231943-BLACK.mp4,black,145,features_cache/31045839782231943-BLACK.pt
ASL-Citizen/videos/8440854457144005-DONT NEED.mp4,dontneed,194,features_cache/8440854457144005-DONT NEED.pt
ASL-Citizen/videos/1308428485723372-CLOTHES.mp4,clothes,143,features_cache/1308428485723372-CLOTHES.pt
ASL-Citizen/videos/598478551917363-LATER.mp4,later,54,features_cache/598478551917363-LATER.pt
ASL-Citizen/videos/8582421156380451-STUDY.mp4,study,69,features_cache/8582421156380451-STUDY.pt
ASL-Citizen/videos/6305730816691577-THIRSTY.mp4,thirsty,205,features_cache/6305730816691577-THIRSTY.pt
ASL-Citizen/videos/6346768380599668-HEAR 2.mp4,hear2,22,features_cache/6346768380599668-HEAR 2.pt
ASL-Citizen/videos/6614065577350312-HE.mp4,he,236,features_cache/6614065577350312-HE.pt
ASL-Citizen/videos/012509443500401618-HURT.mp4,hurt,255,features_cache/012509443500401618-HURT.pt
ASL-Citizen/videos/8385294089384643-MORE.mp4,more,119,features_cache/8385294089384643-MORE.pt
ASL-Citizen/videos/20972785132487148-SNOW.mp4,snow1,208,features_cache/20972785132487148-SNOW.pt
ASL-Citizen/videos/7298861314397587-BLUE.mp4,blue,148,features_cache/7298861314397587-BLUE.pt
ASL-Citizen/videos/09691552256972735-HAPPY.mp4,happy,90,features_cache/09691552256972735-HAPPY.pt
ASL-Citizen/videos/25762006967045403-WAIT.mp4,wait,76,features_cache/25762006967045403-WAIT.pt
ASL-Citizen/videos/2943001197646342-BLACK.mp4,black,145,features_cache/2943001197646342-BLACK.pt
ASL-Citizen/videos/3348135305985307-VACATION.mp4,vacation,125,features_cache/3348135305985307-VACATION.pt
ASL-Citizen/videos/05717961995734888-REST.mp4,rest,290,features_cache/05717961995734888-REST.pt
ASL-Citizen/videos/6318484937161617-THINK.mp4,think,78,features_cache/6318484937161617-THINK.pt
ASL-Citizen/videos/20192391636338614-WATCH.mp4,watch,82,features_cache/20192391636338614-WATCH.pt
ASL-Citizen/videos/5467979056207073-MAN.mp4,man,30,features_cache/5467979056207073-MAN.pt
ASL-Citizen/videos/9300531414473567-DINNER 2.mp4,dinner2,171,features_cache/9300531414473567-DINNER 2.pt
ASL-Citizen/videos/1431969749910329-KNOW.mp4,know,77,features_cache/1431969749910329-KNOW.pt
ASL-Citizen/videos/883771328343447-PHONE.mp4,phone,107,features_cache/883771328343447-PHONE.pt
ASL-Citizen/videos/7291882768963214-ON.mp4,on,279,features_cache/7291882768963214-ON.pt
ASL-Citizen/videos/7252860310199465-DINNER 2.mp4,dinner2,171,features_cache/7252860310199465-DINNER 2.pt
ASL-Citizen/videos/5812569963209646-WASH FACE_2.mp4,washface2,238,features_cache/5812569963209646-WASH FACE_2.pt
ASL-Citizen/videos/9643840474305965-seedASK.mp4,ask,84,features_cache/9643840474305965-seedASK.pt
ASL-Citizen/videos/06377321204834696-NIGHT.mp4,night1,56,features_cache/06377321204834696-NIGHT.pt
ASL-Citizen/videos/7060480589114095-SKIRT.mp4,skirt,167,features_cache/7060480589114095-SKIRT.pt
ASL-Citizen/videos/25760632227411073-seedFOUR.mp4,four,199,features_cache/25760632227411073-seedFOUR.pt
ASL-Citizen/videos/4816853578485114-PURPLE.mp4,purple,286,features_cache/4816853578485114-PURPLE.pt
ASL-Citizen/videos/7016774114845865-ASK.mp4,ask,84,features_cache/7016774114845865-ASK.pt
ASL-Citizen/videos/4876077931735432-SLEEP.mp4,sleep,66,features_cache/4876077931735432-SLEEP.pt
ASL-Citizen/videos/6508184542691728-GIRL.mp4,girl,29,features_cache/6508184542691728-GIRL.pt
ASL-Citizen/videos/4460836108274411-BROTHER.mp4,brother,35,features_cache/4460836108274411-BROTHER.pt
ASL-Citizen/videos/6566709580679297-CANNOT.mp4,cannot,116,features_cache/6566709580679297-CANNOT.pt
ASL-Citizen/videos/1971506530184275-WEEK.mp4,week,58,features_cache/1971506530184275-WEEK.pt
ASL-Citizen/videos/6576791015381793-TEETH.mp4,teeth,204,features_cache/6576791015381793-TEETH.pt
ASL-Citizen/videos/3496178934759264-RUN.mp4,run1,295,features_cache/3496178934759264-RUN.pt
ASL-Citizen/videos/4804221082509599-AFTER.mp4,after,123,features_cache/4804221082509599-AFTER.pt
ASL-Citizen/videos/21618782454132157-WHY NOT.mp4,whynot,40,features_cache/21618782454132157-WHY NOT.pt
ASL-Citizen/videos/8931379850242065-FAMILY.mp4,family,25,features_cache/8931379850242065-FAMILY.pt
ASL-Citizen/videos/22010570781389371-seedHOSPITAL.mp4,hospital2,248,features_cache/22010570781389371-seedHOSPITAL.pt
ASL-Citizen/videos/7819362494402429-GO.mp4,go,70,features_cache/7819362494402429-GO.pt
ASL-Citizen/videos/47832051707828005-SICK.mp4,sick,95,features_cache/47832051707828005-SICK.pt
ASL-Citizen/videos/41626131546341005-NIGHT.mp4,night1,56,features_cache/41626131546341005-NIGHT.pt
ASL-Citizen/videos/03800598663017607-DRINK.mp4,drink1,64,features_cache/03800598663017607-DRINK.pt
ASL-Citizen/videos/987601351199263-BLACK.mp4,black,145,features_cache/987601351199263-BLACK.pt
ASL-Citizen/videos/08394666724822031-TEETH.mp4,teeth,204,features_cache/08394666724822031-TEETH.pt
ASL-Citizen/videos/015374930842425139-LONG TIME.mp4,longtime,182,features_cache/015374930842425139-LONG TIME.pt
ASL-Citizen/videos/0996191204786725-RIGHT 2.mp4,right2,292,features_cache/0996191204786725-RIGHT 2.pt
ASL-Citizen/videos/46990916993526644-LOCK 3.mp4,lock3,186,features_cache/46990916993526644-LOCK 3.pt
ASL-Citizen/videos/5561232882497655-THIRSTY.mp4,thirsty,205,features_cache/5561232882497655-THIRSTY.pt
ASL-Citizen/videos/04763199801070739-SHOULD.mp4,should,163,features_cache/04763199801070739-SHOULD.pt
ASL-Citizen/videos/526049354350854-HURT.mp4,hurt,255,features_cache/526049354350854-HURT.pt
ASL-Citizen/videos/3624441269846441-FRIEND.mp4,friend,26,features_cache/3624441269846441-FRIEND.pt
ASL-Citizen/videos/05847255404552798-NOT UNDERSTAND.mp4,notunderstand,269,features_cache/05847255404552798-NOT UNDERSTAND.pt
ASL-Citizen/videos/17829071704874955-FOREST.mp4,forest,126,features_cache/17829071704874955-FOREST.pt
ASL-Citizen/videos/11749464878448368-COMPUTER.mp4,computer,113,features_cache/11749464878448368-COMPUTER.pt
ASL-Citizen/videos/8932539278763267-BOX.mp4,box,139,features_cache/8932539278763267-BOX.pt
ASL-Citizen/videos/5859575512017567-FAST.mp4,fast,169,features_cache/5859575512017567-FAST.pt
ASL-Citizen/videos/751778555679772-SKIRT.mp4,skirt,167,features_cache/751778555679772-SKIRT.pt
ASL-Citizen/videos/47808272675912145-OLD.mp4,old,278,features_cache/47808272675912145-OLD.pt
ASL-Citizen/videos/8930667013805091-PINK.mp4,pink,146,features_cache/8930667013805091-PINK.pt
ASL-Citizen/videos/16617331553945736-STOP.mp4,stop,300,features_cache/16617331553945736-STOP.pt
ASL-Citizen/videos/09098843335275708-SHOP 1.mp4,shop2,103,features_cache/09098843335275708-SHOP 1.pt
ASL-Citizen/videos/2584206156199014-TIME.mp4,time,178,features_cache/2584206156199014-TIME.pt
ASL-Citizen/videos/6507691323282758-seedSTUDY.mp4,study,69,features_cache/6507691323282758-seedSTUDY.pt
ASL-Citizen/videos/5227323060671167-FRIEND.mp4,friend,26,features_cache/5227323060671167-FRIEND.pt
ASL-Citizen/videos/7319877416486016-EIGHT.mp4,eight,202,features_cache/7319877416486016-EIGHT.pt
ASL-Citizen/videos/308381289344986-DONT WANT.mp4,dontwant,195,features_cache/308381289344986-DONT WANT.pt
ASL-Citizen/videos/9031186843157322-WHAT 2.mp4,what1,11,features_cache/9031186843157322-WHAT 2.pt
ASL-Citizen/videos/7017628262076234-CLOTHES.mp4,clothes,143,features_cache/7017628262076234-CLOTHES.pt
ASL-Citizen/videos/7392892050645878-THIRD.mp4,third1,220,features_cache/7392892050645878-THIRD.pt
ASL-Citizen/videos/43942790671551957-BLUE.mp4,blue,148,features_cache/43942790671551957-BLUE.pt
ASL-Citizen/videos/8509117150549808-WHY NOT.mp4,whynot,40,features_cache/8509117150549808-WHY NOT.pt
ASL-Citizen/videos/24973653816736485-TIRED OF.mp4,tiredof,94,features_cache/24973653816736485-TIRED OF.pt
ASL-Citizen/videos/3361329226638696-BREAD.mp4,bread,138,features_cache/3361329226638696-BREAD.pt
ASL-Citizen/videos/1108717638938157-SHORT WORD.mp4,shortword,161,features_cache/1108717638938157-SHORT WORD.pt
ASL-Citizen/videos/024661755952086084-NEED.mp4,need,118,features_cache/024661755952086084-NEED.pt
ASL-Citizen/videos/5697649035143537-NINE.mp4,nine,203,features_cache/5697649035143537-NINE.pt
ASL-Citizen/videos/9780162828295738-FOUR.mp4,four,199,features_cache/9780162828295738-FOUR.pt
ASL-Citizen/videos/27486118477949417-LOCK.mp4,lock1,184,features_cache/27486118477949417-LOCK.pt
ASL-Citizen/videos/5375662520633018-DONT KNOW.mp4,dontknow,191,features_cache/5375662520633018-DONT KNOW.pt
ASL-Citizen/videos/21912920202224706-HOTEL.mp4,hotel,105,features_cache/21912920202224706-HOTEL.pt
ASL-Citizen/videos/3946473992402564-FEW.mp4,few,1,features_cache/3946473992402564-FEW.pt
ASL-Citizen/videos/19978233231036002-WRITE.mp4,write,137,features_cache/19978233231036002-WRITE.pt
ASL-Citizen/videos/12735774617818363-COME HERE.mp4,comehere,72,features_cache/12735774617818363-COME HERE.pt
ASL-Citizen/videos/4292129138629355-WEDNESDAY.mp4,wednesday,265,features_cache/4292129138629355-WEDNESDAY.pt
ASL-Citizen/videos/3880806420277956-COFFEE.mp4,coffee,131,features_cache/3880806420277956-COFFEE.pt
ASL-Citizen/videos/48046366607913615-DINNER.mp4,dinner1,170,features_cache/48046366607913615-DINNER.pt
ASL-Citizen/videos/947982656985868-YOURSELF.mp4,yourself,19,features_cache/947982656985868-YOURSELF.pt
ASL-Citizen/videos/7861742512788061-DRINK 2.mp4,drink2,65,features_cache/7861742512788061-DRINK 2.pt
ASL-Citizen/videos/5247464668990265-LONG TIME.mp4,longtime,182,features_cache/5247464668990265-LONG TIME.pt
ASL-Citizen/videos/4835829443974926-FRIDAY.mp4,friday,266,features_cache/4835829443974926-FRIDAY.pt
ASL-Citizen/videos/775587550020437-IN.mp4,in,256,features_cache/775587550020437-IN.pt
ASL-Citizen/videos/3500609473112364-HE.mp4,he,236,features_cache/3500609473112364-HE.pt
ASL-Citizen/videos/28865913696775825-WANT.mp4,want2,101,features_cache/28865913696775825-WANT.pt
ASL-Citizen/videos/03433722050776988-TIRED OF.mp4,tiredof,94,features_cache/03433722050776988-TIRED OF.pt
ASL-Citizen/videos/23448265307560723-LEFT.mp4,left,273,features_cache/23448265307560723-LEFT.pt
ASL-Citizen/videos/20224314109633568-LEAVE.mp4,leave,74,features_cache/20224314109633568-LEAVE.pt
ASL-Citizen/videos/7087167543908557-RIGHT 3.mp4,right3,293,features_cache/7087167543908557-RIGHT 3.pt
ASL-Citizen/videos/14332727030886439-COFFEE.mp4,coffee,131,features_cache/14332727030886439-COFFEE.pt
ASL-Citizen/videos/8428969268838955-STEAK.mp4,steak,299,features_cache/8428969268838955-STEAK.pt
ASL-Citizen/videos/537675071184353-BOX.mp4,box,139,features_cache/537675071184353-BOX.pt
ASL-Citizen/videos/6745020347254402-TALL 2.mp4,tall1,175,features_cache/6745020347254402-TALL 2.pt
ASL-Citizen/videos/7527092501067958-CHEAT 1.mp4,cheat1,245,features_cache/7527092501067958-CHEAT 1.pt
ASL-Citizen/videos/8255103409999225-GIVE.mp4,give,227,features_cache/8255103409999225-GIVE.pt
ASL-Citizen/videos/32286789380855874-THINK.mp4,think,78,features_cache/32286789380855874-THINK.pt
ASL-Citizen/videos/14345864717253365-JUICE 2.mp4,juice1,127,features_cache/14345864717253365-JUICE 2.pt
ASL-Citizen/videos/4586425708304669-SHOW.mp4,show,85,features_cache/4586425708304669-SHOW.pt
ASL-Citizen/videos/16694417150150498-LONG LINE.mp4,longline,181,features_cache/16694417150150498-LONG LINE.pt
ASL-Citizen/videos/7852598168866489-LEAVE.mp4,leave,74,features_cache/7852598168866489-LEAVE.pt
ASL-Citizen/videos/1057303534238816-HOLD.mp4,hold1,251,features_cache/1057303534238816-HOLD.pt
ASL-Citizen/videos/7616072029870902-MONDAY.mp4,monday,263,features_cache/7616072029870902-MONDAY.pt
ASL-Citizen/videos/3237463925695041-HOTEL.mp4,hotel,105,features_cache/3237463925695041-HOTEL.pt
ASL-Citizen/videos/9567263704149651-MY.mp4,my,16,features_cache/9567263704149651-MY.pt
ASL-Citizen/videos/6096795736324836-MUST.mp4,must,117,features_cache/6096795736324836-MUST.pt
ASL-Citizen/videos/3008181888945094-NIGHT.mp4,night1,56,features_cache/3008181888945094-NIGHT.pt
ASL-Citizen/videos/7199140986089654-YES.mp4,yes,8,features_cache/7199140986089654-YES.pt
ASL-Citizen/videos/17485211510665932-WHY.mp4,why,39,features_cache/17485211510665932-WHY.pt
ASL-Citizen/videos/25381647462317525-SHOP.mp4,shop1,102,features_cache/25381647462317525-SHOP.pt
ASL-Citizen/videos/9924885587671943-TOMORROW.mp4,tomorrow,51,features_cache/9924885587671943-TOMORROW.pt
ASL-Citizen/videos/8259197203871462-GOOD.mp4,good,3,features_cache/8259197203871462-GOOD.pt
ASL-Citizen/videos/6384599640128985-SHOULD.mp4,should,163,features_cache/6384599640128985-SHOULD.pt
ASL-Citizen/videos/03523043564408157-SHORT PERSON.mp4,shortperson,159,features_cache/03523043564408157-SHORT PERSON.pt
ASL-Citizen/videos/7827802094256076-SCHOOL.mp4,school,49,features_cache/7827802094256076-SCHOOL.pt
ASL-Citizen/videos/7959535258775348-GUM.mp4,gum,228,features_cache/7959535258775348-GUM.pt
ASL-Citizen/videos/8907848106357383-HURT.mp4,hurt,255,features_cache/8907848106357383-HURT.pt
ASL-Citizen/videos/5484175065329109-LATER.mp4,later,54,features_cache/5484175065329109-LATER.pt
ASL-Citizen/videos/831824025627647-JUICE 2.mp4,juice1,127,features_cache/831824025627647-JUICE 2.pt
ASL-Citizen/videos/24121922368642568-COME OUT.mp4,comeout,73,features_cache/24121922368642568-COME OUT.pt
ASL-Citizen/videos/7090308723893539-seedEAT.mp4,eat2,63,features_cache/7090308723893539-seedEAT.pt
ASL-Citizen/videos/7730295007259882-FAST.mp4,fast,169,features_cache/7730295007259882-FAST.pt
ASL-Citizen/videos/03136572284130934-HUG.mp4,hug,254,features_cache/03136572284130934-HUG.pt
ASL-Citizen/videos/4380470181356373-SHORT DISTANCE.mp4,shortdistance,158,features_cache/4380470181356373-SHORT DISTANCE.pt
ASL-Citizen/videos/4973489684078234-NIGHT.mp4,night1,56,features_cache/4973489684078234-NIGHT.pt
ASL-Citizen/videos/004186469584698038-POLICEMAN 2.mp4,policeman2,153,features_cache/004186469584698038-POLICEMAN 2.pt
ASL-Citizen/videos/8445754712023406-NOW.mp4,now,53,features_cache/8445754712023406-NOW.pt
ASL-Citizen/videos/550827298682977-EAT.mp4,eat1,62,features_cache/550827298682977-EAT.pt
ASL-Citizen/videos/4891421858471512-THIRSTY.mp4,thirsty,205,features_cache/4891421858471512-THIRSTY.pt
ASL-Citizen/videos/8909948723540735-SLEEP.mp4,sleep,66,features_cache/8909948723540735-SLEEP.pt
ASL-Citizen/videos/5453337842086863-REMEMBER.mp4,remember2,81,features_cache/5453337842086863-REMEMBER.pt
ASL-Citizen/videos/7679716592186021-NIGHT 2.mp4,night2,57,features_cache/7679716592186021-NIGHT 2.pt
ASL-Citizen/videos/15472336219623406-seedCOCONUT.mp4,coconut,132,features_cache/15472336219623406-seedCOCONUT.pt
ASL-Citizen/videos/6233555373010602-seedAGAIN.mp4,again,121,features_cache/6233555373010602-seedAGAIN.pt
ASL-Citizen/videos/32402486526671526-SHOT.mp4,shot,162,features_cache/32402486526671526-SHOT.pt
ASL-Citizen/videos/7267570988406729-TALL.mp4,tall2,176,features_cache/7267570988406729-TALL.pt
ASL-Citizen/videos/9948289944989086-OVER.mp4,over,260,features_cache/9948289944989086-OVER.pt
ASL-Citizen/videos/5067446799388442-WEAK.mp4,weak,59,features_cache/5067446799388442-WEAK.pt
ASL-Citizen/videos/8214491286622887-CAR ACCIDENT.mp4,caraccident,141,features_cache/8214491286622887-CAR ACCIDENT.pt
ASL-Citizen/videos/8240048277919259-SHOT.mp4,shot,162,features_cache/8240048277919259-SHOT.pt
ASL-Citizen/videos/11145080913999261-SKIRT.mp4,skirt,167,features_cache/11145080913999261-SKIRT.pt
ASL-Citizen/videos/1870662845695683-SLOW.mp4,slow,168,features_cache/1870662845695683-SLOW.pt
ASL-Citizen/videos/8086639764142398-MUST.mp4,must,117,features_cache/8086639764142398-MUST.pt
ASL-Citizen/videos/052047780303462465-TOMORROW.mp4,tomorrow,51,features_cache/052047780303462465-TOMORROW.pt
ASL-Citizen/videos/5236995011746155-HOLD.mp4,hold1,251,features_cache/5236995011746155-HOLD.pt
ASL-Citizen/videos/5289028229164205-ME.mp4,me,15,features_cache/5289028229164205-ME.pt
ASL-Citizen/videos/35908970574329513-SCHOOL.mp4,school,49,features_cache/35908970574329513-SCHOOL.pt
ASL-Citizen/videos/2631901034056372-LOVE.mp4,love,98,features_cache/2631901034056372-LOVE.pt
ASL-Citizen/videos/8489945786773696-FIND.mp4,find,224,features_cache/8489945786773696-FIND.pt
ASL-Citizen/videos/37682711344124065-HIS.mp4,his,20,features_cache/37682711344124065-HIS.pt
ASL-Citizen/videos/9797582479930809-HIS.mp4,his,20,features_cache/9797582479930809-HIS.pt
ASL-Citizen/videos/9832027585927117-GUM.mp4,gum,228,features_cache/9832027585927117-GUM.pt
ASL-Citizen/videos/8266474432111652-YELLOW.mp4,yellow,150,features_cache/8266474432111652-YELLOW.pt
ASL-Citizen/videos/1277751594377292-FINISH.mp4,finish,120,features_cache/1277751594377292-FINISH.pt
ASL-Citizen/videos/9372146425165919-HOLIDAY.mp4,holiday,253,features_cache/9372146425165919-HOLIDAY.pt
ASL-Citizen/videos/8852825102646966-BYE.mp4,bye,2,features_cache/8852825102646966-BYE.pt
ASL-Citizen/videos/5590519264155278-SHOULD.mp4,should,163,features_cache/5590519264155278-SHOULD.pt
ASL-Citizen/videos/41518599110000265-CHECK.mp4,check,249,features_cache/41518599110000265-CHECK.pt
ASL-Citizen/videos/8955906340253117-HIS.mp4,his,20,features_cache/8955906340253117-HIS.pt
ASL-Citizen/videos/44466153499531913-QM.mp4,qm,285,features_cache/44466153499531913-QM.pt
ASL-Citizen/videos/02604937104585603-BIG.mp4,big,156,features_cache/02604937104585603-BIG.pt
ASL-Citizen/videos/3200146424374346-TEAR.mp4,tear,177,features_cache/3200146424374346-TEAR.pt
ASL-Citizen/videos/372702914086825-MONEY.mp4,money1,109,features_cache/372702914086825-MONEY.pt
ASL-Citizen/videos/08500703683856536-MONEY 2.mp4,money2,110,features_cache/08500703683856536-MONEY 2.pt
ASL-Citizen/videos/7190341808730427-IN.mp4,in,256,features_cache/7190341808730427-IN.pt
ASL-Citizen/videos/7390455024509361-GREEN.mp4,green,149,features_cache/7390455024509361-GREEN.pt
ASL-Citizen/videos/05568373504354196-WHY NOT.mp4,whynot,40,features_cache/05568373504354196-WHY NOT.pt
ASL-Citizen/videos/31356371644899217-THIRSTY.mp4,thirsty,205,features_cache/31356371644899217-THIRSTY.pt
ASL-Citizen/videos/20888016796878928-MILK 2.mp4,milk2,130,features_cache/20888016796878928-MILK 2.pt
ASL-Citizen/videos/8096040976130479-BOX.mp4,box,139,features_cache/8096040976130479-BOX.pt
ASL-Citizen/videos/7984172495527542-FIFTH.mp4,fifth,223,features_cache/7984172495527542-FIFTH.pt
ASL-Citizen/videos/7006894910724286-RUN 2.mp4,run2,296,features_cache/7006894910724286-RUN 2.pt
ASL-Citizen/videos/44957906361977806-FINISH.mp4,finish,120,features_cache/44957906361977806-FINISH.pt
ASL-Citizen/videos/7664400740199233-IMPROVE.mp4,improve,154,features_cache/7664400740199233-IMPROVE.pt
ASL-Citizen/videos/13208623282049303-YELLOW.mp4,yellow,150,features_cache/13208623282049303-YELLOW.pt
ASL-Citizen/videos/5761343095959279-MONEY 2.mp4,money2,110,features_cache/5761343095959279-MONEY 2.pt
ASL-Citizen/videos/01230846075406311-SHOUT 2.mp4,shout2,165,features_cache/01230846075406311-SHOUT 2.pt
ASL-Citizen/videos/6308893790777685-BASKETBALL 3.mp4,basketball2,212,features_cache/6308893790777685-BASKETBALL 3.pt
ASL-Citizen/videos/9082211785363523-SIGN.mp4,sign,298,features_cache/9082211785363523-SIGN.pt
ASL-Citizen/videos/20384437998668337-LISTEN.mp4,listen,133,features_cache/20384437998668337-LISTEN.pt
ASL-Citizen/videos/2565133575738987-SLOW.mp4,slow,168,features_cache/2565133575738987-SLOW.pt
ASL-Citizen/videos/5676452265607212-DONT KNOW.mp4,dontknow,191,features_cache/5676452265607212-DONT KNOW.pt
ASL-Citizen/videos/23746635240974534-BALL.mp4,ball,210,features_cache/23746635240974534-BALL.pt
ASL-Citizen/videos/4600763876177605-NINE.mp4,nine,203,features_cache/4600763876177605-NINE.pt
ASL-Citizen/videos/12720660395411154-FACE.mp4,face,250,features_cache/12720660395411154-FACE.pt
ASL-Citizen/videos/009200541003407947-PIZZA.mp4,pizza1,282,features_cache/009200541003407947-PIZZA.pt
ASL-Citizen/videos/5676946482783816-LEFT.mp4,left,273,features_cache/5676946482783816-LEFT.pt
ASL-Citizen/videos/28384461946019557-LOCK 3.mp4,lock3,186,features_cache/28384461946019557-LOCK 3.pt
ASL-Citizen/videos/5035301373430681-EAT.mp4,eat1,62,features_cache/5035301373430681-EAT.pt
ASL-Citizen/videos/34424793385745867-HOLD.mp4,hold1,251,features_cache/34424793385745867-HOLD.pt
ASL-Citizen/videos/405804141117764-CAN.mp4,can1,114,features_cache/405804141117764-CAN.pt
ASL-Citizen/videos/568580422479875-EIGHT.mp4,eight,202,features_cache/568580422479875-EIGHT.pt
ASL-Citizen/videos/20706644268783325-ACCIDENT.mp4,accident,142,features_cache/20706644268783325-ACCIDENT.pt
ASL-Citizen/videos/42910870583344485-SISTER.mp4,sister,36,features_cache/42910870583344485-SISTER.pt
ASL-Citizen/videos/6239658112954449-POLICEMAN.mp4,policeman1,152,features_cache/6239658112954449-POLICEMAN.pt
ASL-Citizen/videos/36282453647584556-SLOW.mp4,slow,168,features_cache/36282453647584556-SLOW.pt
ASL-Citizen/videos/5873101193402999-FIRST.mp4,first,216,features_cache/5873101193402999-FIRST.pt
ASL-Citizen/videos/7215281985069719-INSIDE.mp4,inside,257,features_cache/7215281985069719-INSIDE.pt
ASL-Citizen/videos/8500068040222597-BAD.mp4,bad,4,features_cache/8500068040222597-BAD.pt
ASL-Citizen/videos/782941320203238-WHEN.mp4,when,38,features_cache/782941320203238-WHEN.pt
ASL-Citizen/videos/8459253067700705-WANT.mp4,want2,101,features_cache/8459253067700705-WANT.pt
ASL-Citizen/videos/1340650432799635-HELLO.mp4,hello,0,features_cache/1340650432799635-HELLO.pt
ASL-Citizen/videos/8314690273377165-LOCK.mp4,lock1,184,features_cache/8314690273377165-LOCK.pt
ASL-Citizen/videos/0022932153577568393-HELLO.mp4,hello,0,features_cache/0022932153577568393-HELLO.pt
ASL-Citizen/videos/30651763223309914-LIKE.mp4,like,99,features_cache/30651763223309914-LIKE.pt
ASL-Citizen/videos/16224039808744672-SUNDAY.mp4,sunday,268,features_cache/16224039808744672-SUNDAY.pt
ASL-Citizen/videos/07263724798158067-OK.mp4,ok,136,features_cache/07263724798158067-OK.pt
ASL-Citizen/videos/4726973530309644-LIKE.mp4,like,99,features_cache/4726973530309644-LIKE.pt
ASL-Citizen/videos/5397456807951848-HAIRCUT.mp4,haircut,231,features_cache/5397456807951848-HAIRCUT.pt
ASL-Citizen/videos/7598045336471533-TEAR.mp4,tear,177,features_cache/7598045336471533-TEAR.pt
ASL-Citizen/videos/5231664394702622-HIS.mp4,his,20,features_cache/5231664394702622-HIS.pt
ASL-Citizen/videos/28913897920899023-WHY.mp4,why,39,features_cache/28913897920899023-WHY.pt
ASL-Citizen/videos/41751768001215694-WOMAN.mp4,woman1,31,features_cache/41751768001215694-WOMAN.pt
ASL-Citizen/videos/6764394079174805-TALL 2.mp4,tall1,175,features_cache/6764394079174805-TALL 2.pt
ASL-Citizen/videos/1444025710176855-HOT.mp4,hot,244,features_cache/1444025710176855-HOT.pt
ASL-Citizen/videos/5141931754382849-ARRIVE.mp4,arrive,75,features_cache/5141931754382849-ARRIVE.pt
ASL-Citizen/videos/9811460119529283-HOW.mp4,how1,41,features_cache/9811460119529283-HOW.pt
ASL-Citizen/videos/3561418384547448-seedSHOULD.mp4,should,163,features_cache/3561418384547448-seedSHOULD.pt
ASL-Citizen/videos/10598037016025708-INSIDE.mp4,inside,257,features_cache/10598037016025708-INSIDE.pt
ASL-Citizen/videos/2511395250106927-FALLING ASLEEP.mp4,fallingasleep,172,features_cache/2511395250106927-FALLING ASLEEP.pt
ASL-Citizen/videos/6013608694688473-WHO.mp4,who,13,features_cache/6013608694688473-WHO.pt
ASL-Citizen/videos/023787576451673953-AGAIN.mp4,again,121,features_cache/023787576451673953-AGAIN.pt
ASL-Citizen/videos/712962223793935-SHOWER.mp4,shower,86,features_cache/712962223793935-SHOWER.pt
ASL-Citizen/videos/0462475122803383-HOME.mp4,home,47,features_cache/0462475122803383-HOME.pt
ASL-Citizen/videos/37306487463394866-AGAIN.mp4,again,121,features_cache/37306487463394866-AGAIN.pt
ASL-Citizen/videos/053732365300724894-HE.mp4,he,236,features_cache/053732365300724894-HE.pt
ASL-Citizen/videos/7592239535885594-TALK 2.mp4,talk2,89,features_cache/7592239535885594-TALK 2.pt
ASL-Citizen/videos/7699430066397663-GOOD.mp4,good,3,features_cache/7699430066397663-GOOD.pt
ASL-Citizen/videos/7769271033995591-seedOUTSIDE.mp4,outside,259,features_cache/7769271033995591-seedOUTSIDE.pt
ASL-Citizen/videos/23627306204455656-FAMILY.mp4,family,25,features_cache/23627306204455656-FAMILY.pt
ASL-Citizen/videos/42747790982122713-BIG.mp4,big,156,features_cache/42747790982122713-BIG.pt
ASL-Citizen/videos/49400025068696496-STOP.mp4,stop,300,features_cache/49400025068696496-STOP.pt
ASL-Citizen/videos/36676421453236063-COME HERE.mp4,comehere,72,features_cache/36676421453236063-COME HERE.pt
ASL-Citizen/videos/11994695058883398-KNOW.mp4,know,77,features_cache/11994695058883398-KNOW.pt
ASL-Citizen/videos/46090954553130903-CHEAT 2.mp4,cheat2,246,features_cache/46090954553130903-CHEAT 2.pt
ASL-Citizen/videos/6291161995981325-CAR ACCIDENT.mp4,caraccident,141,features_cache/6291161995981325-CAR ACCIDENT.pt
ASL-Citizen/videos/10912966695485293-WHICH.mp4,which,43,features_cache/10912966695485293-WHICH.pt
ASL-Citizen/videos/2984516429954649-BLACK.mp4,black,145,features_cache/2984516429954649-BLACK.pt
ASL-Citizen/videos/21577690984159714-DRINK.mp4,drink1,64,features_cache/21577690984159714-DRINK.pt
ASL-Citizen/videos/16373316542801275-LIKE.mp4,like,99,features_cache/16373316542801275-LIKE.pt
ASL-Citizen/videos/5467382410629027-TINY.mp4,tiny,157,features_cache/5467382410629027-TINY.pt
ASL-Citizen/videos/2612958352148784-RED.mp4,red,147,features_cache/2612958352148784-RED.pt
ASL-Citizen/videos/07790071532440357-LIKE.mp4,like,99,features_cache/07790071532440357-LIKE.pt
ASL-Citizen/videos/753996406991871-ICECREAM.mp4,icecream,187,features_cache/753996406991871-ICECREAM.pt
ASL-Citizen/videos/11163894424136789-LIKE.mp4,like,99,features_cache/11163894424136789-LIKE.pt
ASL-Citizen/videos/9441415075906014-HELLO.mp4,hello,0,features_cache/9441415075906014-HELLO.pt
ASL-Citizen/videos/989495968614083-DONT WANT.mp4,dontwant,195,features_cache/989495968614083-DONT WANT.pt
ASL-Citizen/videos/6706457733210773-ASK.mp4,ask,84,features_cache/6706457733210773-ASK.pt
ASL-Citizen/videos/17202683391220974-WEAK.mp4,weak,59,features_cache/17202683391220974-WEAK.pt
ASL-Citizen/videos/27832701315476815-UNDERSTAND.mp4,understand,79,features_cache/27832701315476815-UNDERSTAND.pt
ASL-Citizen/videos/549227927228314-THEY 2.mp4,they2,24,features_cache/549227927228314-THEY 2.pt
ASL-Citizen/videos/14003138099067614-KNOW.mp4,know,77,features_cache/14003138099067614-KNOW.pt
ASL-Citizen/videos/7098756135951907-RAIN.mp4,rain,206,features_cache/7098756135951907-RAIN.pt
ASL-Citizen/videos/4099076842496614-seedFINE.mp4,fine1,225,features_cache/4099076842496614-seedFINE.pt
ASL-Citizen/videos/42464010618997516-SEE.mp4,see,200,features_cache/42464010618997516-SEE.pt
ASL-Citizen/videos/13003635427131122-LONG LINE.mp4,longline,181,features_cache/13003635427131122-LONG LINE.pt
ASL-Citizen/videos/8410349218008399-YEAR.mp4,year,61,features_cache/8410349218008399-YEAR.pt
ASL-Citizen/videos/41247241504607346-seedBASKETBALL.mp4,basketball3,213,features_cache/41247241504607346-seedBASKETBALL.pt
ASL-Citizen/videos/36267470650488587-MAN.mp4,man,30,features_cache/36267470650488587-MAN.pt
ASL-Citizen/videos/30016965472947743-LOVE.mp4,love,98,features_cache/30016965472947743-LOVE.pt
ASL-Citizen/videos/8882005700954121-FIRST.mp4,first,216,features_cache/8882005700954121-FIRST.pt
ASL-Citizen/videos/26195343019974393-DOWN.mp4,down,272,features_cache/26195343019974393-DOWN.pt
ASL-Citizen/videos/948548155363955-HOW.mp4,how1,41,features_cache/948548155363955-HOW.pt
ASL-Citizen/videos/16450858337949814-OUT.mp4,out,258,features_cache/16450858337949814-OUT.pt
ASL-Citizen/videos/09610249068216015-MYSELF.mp4,myself,17,features_cache/09610249068216015-MYSELF.pt
ASL-Citizen/videos/7649407778254083-ROAD.mp4,road,297,features_cache/7649407778254083-ROAD.pt
ASL-Citizen/videos/4173145279866881-SCHOOL.mp4,school,49,features_cache/4173145279866881-SCHOOL.pt
ASL-Citizen/videos/7500658993152138-PIZZA.mp4,pizza1,282,features_cache/7500658993152138-PIZZA.pt
ASL-Citizen/videos/35719825418034645-REMEMBER 2.mp4,remember1,80,features_cache/35719825418034645-REMEMBER 2.pt
ASL-Citizen/videos/028058221931593907-TIRED OF.mp4,tiredof,94,features_cache/028058221931593907-TIRED OF.pt
ASL-Citizen/videos/7096733878911947-SLEEP.mp4,sleep,66,features_cache/7096733878911947-SLEEP.pt
ASL-Citizen/videos/14035684480958777-THUNDER.mp4,thunder,261,features_cache/14035684480958777-THUNDER.pt
ASL-Citizen/videos/9960146118001314-PLEASE.mp4,please,5,features_cache/9960146118001314-PLEASE.pt
ASL-Citizen/videos/06664942875978608-TEAR.mp4,tear,177,features_cache/06664942875978608-TEAR.pt
ASL-Citizen/videos/6454834469508166-FALLING ASLEEP.mp4,fallingasleep,172,features_cache/6454834469508166-FALLING ASLEEP.pt
ASL-Citizen/videos/8926729576160704-ASK.mp4,ask,84,features_cache/8926729576160704-ASK.pt
ASL-Citizen/videos/09201551675874953-REMEMBER 2.mp4,remember1,80,features_cache/09201551675874953-REMEMBER 2.pt
ASL-Citizen/videos/3908364120649177-HOLIDAY.mp4,holiday,253,features_cache/3908364120649177-HOLIDAY.pt
ASL-Citizen/videos/6301138822805035-PERSON.mp4,person,151,features_cache/6301138822805035-PERSON.pt
ASL-Citizen/videos/5592669755961488-WARM.mp4,warm,243,features_cache/5592669755961488-WARM.pt
ASL-Citizen/videos/6424562415149335-BEFORE.mp4,before,122,features_cache/6424562415149335-BEFORE.pt
ASL-Citizen/videos/6723185528945876-LONG.mp4,long,179,features_cache/6723185528945876-LONG.pt
ASL-Citizen/videos/986022284412545-WHAT 1.mp4,what2,12,features_cache/986022284412545-WHAT 1.pt
ASL-Citizen/videos/7773173037795189-CAR.mp4,car,106,features_cache/7773173037795189-CAR.pt
ASL-Citizen/videos/5776973063690316-SHORTS.mp4,shorts,160,features_cache/5776973063690316-SHORTS.pt
ASL-Citizen/videos/09635620025138936-MORNING.mp4,morning,55,features_cache/09635620025138936-MORNING.pt
ASL-Citizen/videos/3002324260060374-THIRD.mp4,third1,220,features_cache/3002324260060374-THIRD.pt
ASL-Citizen/videos/4965228928111429-POLICEMAN 2.mp4,policeman2,153,features_cache/4965228928111429-POLICEMAN 2.pt
ASL-Citizen/videos/7227128162421703-ME.mp4,me,15,features_cache/7227128162421703-ME.pt
ASL-Citizen/videos/6615832749329904-MONTH.mp4,month,60,features_cache/6615832749329904-MONTH.pt
ASL-Citizen/videos/19475974684528485-LATER.mp4,later,54,features_cache/19475974684528485-LATER.pt
ASL-Citizen/videos/9914966024808285-RAINBOW.mp4,rainbow,207,features_cache/9914966024808285-RAINBOW.pt
ASL-Citizen/videos/3746042824477198-MONTH.mp4,month,60,features_cache/3746042824477198-MONTH.pt
ASL-Citizen/videos/4567454487857454-AGAIN.mp4,again,121,features_cache/4567454487857454-AGAIN.pt
ASL-Citizen/videos/01901925493489287-UP.mp4,up,271,features_cache/01901925493489287-UP.pt
ASL-Citizen/videos/9134169706244761-EXCITED.mp4,excited,96,features_cache/9134169706244761-EXCITED.pt
ASL-Citizen/videos/7377458768815033-INSIDE.mp4,inside,257,features_cache/7377458768815033-INSIDE.pt
ASL-Citizen/videos/7069232354445314-TWO.mp4,two,197,features_cache/7069232354445314-TWO.pt
ASL-Citizen/videos/980268379295643-FRIENDLY.mp4,friendly,27,features_cache/980268379295643-FRIENDLY.pt
ASL-Citizen/videos/581609874344502-RIGHT 1.mp4,right1,291,features_cache/581609874344502-RIGHT 1.pt
ASL-Citizen/videos/5851960225980641-HOSPITAL.mp4,hospital1,247,features_cache/5851960225980641-HOSPITAL.pt
ASL-Citizen/videos/8408268215646388-seedDONT KNOW.mp4,dontknow,191,features_cache/8408268215646388-seedDONT KNOW.pt
ASL-Citizen/videos/8894742158302094-FOR.mp4,for,215,features_cache/8894742158302094-FOR.pt
ASL-Citizen/videos/21783777710858643-MONDAY.mp4,monday,263,features_cache/21783777710858643-MONDAY.pt
ASL-Citizen/videos/28052237070381203-OUT.mp4,out,258,features_cache/28052237070381203-OUT.pt
ASL-Citizen/videos/9695299725983888-GREEN.mp4,green,149,features_cache/9695299725983888-GREEN.pt
ASL-Citizen/videos/4684360511164203-THUNDER.mp4,thunder,261,features_cache/4684360511164203-THUNDER.pt
ASL-Citizen/videos/4236295371857297-HOLIDAY.mp4,holiday,253,features_cache/4236295371857297-HOLIDAY.pt
ASL-Citizen/videos/43549930895032407-RIGHT 2.mp4,right2,292,features_cache/43549930895032407-RIGHT 2.pt
ASL-Citizen/videos/3456461233909407-DONT NEED.mp4,dontneed,194,features_cache/3456461233909407-DONT NEED.pt
ASL-Citizen/videos/217274752867896-TOMORROW.mp4,tomorrow,51,features_cache/217274752867896-TOMORROW.pt
ASL-Citizen/videos/9985068116144047-READ.mp4,read,134,features_cache/9985068116144047-READ.pt
ASL-Citizen/videos/7070873202276802-THURSDAY.mp4,thursday,262,features_cache/7070873202276802-THURSDAY.pt
ASL-Citizen/videos/7254166313904942-MAN.mp4,man,30,features_cache/7254166313904942-MAN.pt
ASL-Citizen/videos/9444982541011977-FALL 1.mp4,fall1,173,features_cache/9444982541011977-FALL 1.pt
ASL-Citizen/videos/009299695590603507-MORE.mp4,more,119,features_cache/009299695590603507-MORE.pt
ASL-Citizen/videos/11392442549712078-FRIEND.mp4,friend,26,features_cache/11392442549712078-FRIEND.pt
ASL-Citizen/videos/32089582939276595-LEAVE.mp4,leave,74,features_cache/32089582939276595-LEAVE.pt
ASL-Citizen/videos/27864840484997955-LOCK 3.mp4,lock3,186,features_cache/27864840484997955-LOCK 3.pt
ASL-Citizen/videos/5706413352425115-ME.mp4,me,15,features_cache/5706413352425115-ME.pt
ASL-Citizen/videos/2646186168243747-HOLD.mp4,hold1,251,features_cache/2646186168243747-HOLD.pt
ASL-Citizen/videos/6643964303284857-COMPUTER.mp4,computer,113,features_cache/6643964303284857-COMPUTER.pt
ASL-Citizen/videos/512120209161115-seedREST.mp4,rest,290,features_cache/512120209161115-seedREST.pt
ASL-Citizen/videos/7496878770460367-HAPPY.mp4,happy,90,features_cache/7496878770460367-HAPPY.pt
ASL-Citizen/videos/9346193415975794-SAD.mp4,sad,91,features_cache/9346193415975794-SAD.pt
ASL-Citizen/videos/062213927382773315-DONT LIKE.mp4,dontlike,192,features_cache/062213927382773315-DONT LIKE.pt
ASL-Citizen/videos/8846959281293827-SNOW.mp4,snow1,208,features_cache/8846959281293827-SNOW.pt
ASL-Citizen/videos/8840554456240215-SMALL.mp4,small,155,features_cache/8840554456240215-SMALL.pt
ASL-Citizen/videos/057053409811736344-COMPUTER.mp4,computer,113,features_cache/057053409811736344-COMPUTER.pt
ASL-Citizen/videos/9516214129149208-THINK.mp4,think,78,features_cache/9516214129149208-THINK.pt
ASL-Citizen/videos/720550505318138-MONTH.mp4,month,60,features_cache/720550505318138-MONTH.pt
ASL-Citizen/videos/21796691915238897-RIGHT 3.mp4,right3,293,features_cache/21796691915238897-RIGHT 3.pt
ASL-Citizen/videos/1522542977654986-TWO.mp4,two,197,features_cache/1522542977654986-TWO.pt
ASL-Citizen/videos/19963506601337566-THIRD 2.mp4,third2,221,features_cache/19963506601337566-THIRD 2.pt
ASL-Citizen/videos/4453752885897677-LATER.mp4,later,54,features_cache/4453752885897677-LATER.pt
ASL-Citizen/videos/6087294130758363-FIND.mp4,find,224,features_cache/6087294130758363-FIND.pt
ASL-Citizen/videos/43850886882252116-RING.mp4,ring,294,features_cache/43850886882252116-RING.pt
ASL-Citizen/videos/013141854539429731-FROM.mp4,from,44,features_cache/013141854539429731-FROM.pt
ASL-Citizen/videos/7701956517148509-YEAR.mp4,year,61,features_cache/7701956517148509-YEAR.pt
ASL-Citizen/videos/4913573805309359-SATURDAY.mp4,saturday,267,features_cache/4913573805309359-SATURDAY.pt
ASL-Citizen/videos/654093168411062-FOURTH.mp4,fourth,222,features_cache/654093168411062-FOURTH.pt
ASL-Citizen/videos/7373342341096676-YESTERDAY.mp4,yesterday,52,features_cache/7373342341096676-YESTERDAY.pt
ASL-Citizen/videos/5963299190150662-LEFT.mp4,left,273,features_cache/5963299190150662-LEFT.pt
ASL-Citizen/videos/3739496799982378-AFTER.mp4,after,123,features_cache/3739496799982378-AFTER.pt
ASL-Citizen/videos/5076116676855178-RUN 2.mp4,run2,296,features_cache/5076116676855178-RUN 2.pt
ASL-Citizen/videos/7900722949705501-HOSPITAL.mp4,hospital1,247,features_cache/7900722949705501-HOSPITAL.pt
ASL-Citizen/videos/04180317641119857-THIRSTY.mp4,thirsty,205,features_cache/04180317641119857-THIRSTY.pt
ASL-Citizen/videos/10932856095070553-LEFT.mp4,left,273,features_cache/10932856095070553-LEFT.pt
ASL-Citizen/videos/3288526883034957-WHAT 1.mp4,what2,12,features_cache/3288526883034957-WHAT 1.pt
ASL-Citizen/videos/4490976953663457-WASH MACHINE.mp4,washmachine,240,features_cache/4490976953663457-WASH MACHINE.pt
ASL-Citizen/videos/4524110820294147-WOMAN 2.mp4,woman2,32,features_cache/4524110820294147-WOMAN 2.pt
ASL-Citizen/videos/9528626762979313-SCHOOL.mp4,school,49,features_cache/9528626762979313-SCHOOL.pt
ASL-Citizen/videos/06358416185616833-FAMILY.mp4,family,25,features_cache/06358416185616833-FAMILY.pt
ASL-Citizen/videos/365521620310868-LEFT.mp4,left,273,features_cache/365521620310868-LEFT.pt
ASL-Citizen/videos/7636219949743834-BEFORE.mp4,before,122,features_cache/7636219949743834-BEFORE.pt
ASL-Citizen/videos/44744498444419367-LOVE.mp4,love,98,features_cache/44744498444419367-LOVE.pt
ASL-Citizen/videos/48576039738055954-WHEN.mp4,when,38,features_cache/48576039738055954-WHEN.pt
ASL-Citizen/videos/43142287081368647-HOSPITAL.mp4,hospital1,247,features_cache/43142287081368647-HOSPITAL.pt
ASL-Citizen/videos/3398710779786851-HEAR 2.mp4,hear2,22,features_cache/3398710779786851-HEAR 2.pt
ASL-Citizen/videos/256656129299595-HAIR 2.mp4,hair2,230,features_cache/256656129299595-HAIR 2.pt
ASL-Citizen/videos/8530796491228245-RAINBOW.mp4,rainbow,207,features_cache/8530796491228245-RAINBOW.pt
ASL-Citizen/videos/769931171329109-PINK.mp4,pink,146,features_cache/769931171329109-PINK.pt
ASL-Citizen/videos/8252872177970572-HAVE.mp4,have,235,features_cache/8252872177970572-HAVE.pt
ASL-Citizen/videos/8360801452399957-FATHER.mp4,father,34,features_cache/8360801452399957-FATHER.pt
ASL-Citizen/videos/9035254231738448-FATHER.mp4,father,34,features_cache/9035254231738448-FATHER.pt
ASL-Citizen/videos/48170822654446366-FIND.mp4,find,224,features_cache/48170822654446366-FIND.pt
ASL-Citizen/videos/9302337319048826-HOUSE.mp4,house,48,features_cache/9302337319048826-HOUSE.pt
ASL-Citizen/videos/2151941336300882-THEY.mp4,they1,23,features_cache/2151941336300882-THEY.pt
ASL-Citizen/videos/06477303833996939-OUTSIDE.mp4,outside,259,features_cache/06477303833996939-OUTSIDE.pt
ASL-Citizen/videos/6528064521146906-THANK YOU.mp4,thankyou,6,features_cache/6528064521146906-THANK YOU.pt
ASL-Citizen/videos/14785468598397355-CAR.mp4,car,106,features_cache/14785468598397355-CAR.pt
ASL-Citizen/videos/6612943596708132-COME HERE.mp4,comehere,72,features_cache/6612943596708132-COME HERE.pt
ASL-Citizen/videos/447006939417427-WASH FACE_2.mp4,washface2,238,features_cache/447006939417427-WASH FACE_2.pt
ASL-Citizen/videos/19920387220298008-MAN.mp4,man,30,features_cache/19920387220298008-MAN.pt
ASL-Citizen/videos/3609605433696399-LOCK 3.mp4,lock3,186,features_cache/3609605433696399-LOCK 3.pt
ASL-Citizen/videos/9816718901577759-WHO.mp4,who,13,features_cache/9816718901577759-WHO.pt
ASL-Citizen/videos/3620311424479943-FOREST.mp4,forest,126,features_cache/3620311424479943-FOREST.pt
ASL-Citizen/videos/509981993401708-FIRST.mp4,first,216,features_cache/509981993401708-FIRST.pt
ASL-Citizen/videos/5908049038731553-HE.mp4,he,236,features_cache/5908049038731553-HE.pt
ASL-Citizen/videos/38731487247930807-THEY.mp4,they1,23,features_cache/38731487247930807-THEY.pt
ASL-Citizen/videos/7610787111957336-SEE.mp4,see,200,features_cache/7610787111957336-SEE.pt
ASL-Citizen/videos/36979047566586587-WHY.mp4,why,39,features_cache/36979047566586587-WHY.pt
ASL-Citizen/videos/3283413810240037-HELLO.mp4,hello,0,features_cache/3283413810240037-HELLO.pt
ASL-Citizen/videos/6366246076484883-ME.mp4,me,15,features_cache/6366246076484883-ME.pt
ASL-Citizen/videos/057804326061879685-TALL 2.mp4,tall1,175,features_cache/057804326061879685-TALL 2.pt
ASL-Citizen/videos/94261027597993-THIRD 2.mp4,third2,221,features_cache/94261027597993-THIRD 2.pt
ASL-Citizen/videos/6667922486398736-LATER.mp4,later,54,features_cache/6667922486398736-LATER.pt
ASL-Citizen/videos/9973277236979394-THIRD.mp4,third1,220,features_cache/9973277236979394-THIRD.pt
ASL-Citizen/videos/5419108965116659-SHORT DISTANCE.mp4,shortdistance,158,features_cache/5419108965116659-SHORT DISTANCE.pt
ASL-Citizen/videos/7513851311835607-DONT FEEL_LIKE.mp4,dontfeellike,190,features_cache/7513851311835607-DONT FEEL_LIKE.pt
ASL-Citizen/videos/15179467641851585-SORRY.mp4,sorry,7,features_cache/15179467641851585-SORRY.pt
ASL-Citizen/videos/05201193593265785-FALL 1.mp4,fall1,173,features_cache/05201193593265785-FALL 1.pt
ASL-Citizen/videos/18286437913060416-FINISH.mp4,finish,120,features_cache/18286437913060416-FINISH.pt
ASL-Citizen/videos/15494923443405972-YEAR.mp4,year,61,features_cache/15494923443405972-YEAR.pt
ASL-Citizen/videos/15451191030465905-EAT 2.mp4,eat2,63,features_cache/15451191030465905-EAT 2.pt
ASL-Citizen/videos/09371248383875841-DRINK.mp4,drink1,64,features_cache/09371248383875841-DRINK.pt
ASL-Citizen/videos/10459504068825787-SIDE.mp4,side,87,features_cache/10459504068825787-SIDE.pt
ASL-Citizen/videos/1536990053623799-SUNDAY.mp4,sunday,268,features_cache/1536990053623799-SUNDAY.pt
ASL-Citizen/videos/17005888495259858-WASH HANDS.mp4,washhands,239,features_cache/17005888495259858-WASH HANDS.pt
ASL-Citizen/videos/08206696209967901-MILK 2.mp4,milk2,130,features_cache/08206696209967901-MILK 2.pt
ASL-Citizen/videos/41939576818123947-RUN.mp4,run1,295,features_cache/41939576818123947-RUN.pt
ASL-Citizen/videos/7162123324943834-COFFEE.mp4,coffee,131,features_cache/7162123324943834-COFFEE.pt
ASL-Citizen/videos/9799712877573663-THIRD.mp4,third1,220,features_cache/9799712877573663-THIRD.pt
ASL-Citizen/videos/27829246360194815-SEE.mp4,see,200,features_cache/27829246360194815-SEE.pt
ASL-Citizen/videos/8172251530007957-WEDNESDAY.mp4,wednesday,265,features_cache/8172251530007957-WEDNESDAY.pt
ASL-Citizen/videos/024827291322842227-THREE.mp4,three,198,features_cache/024827291322842227-THREE.pt
ASL-Citizen/videos/7710150320331248-HOSPITAL.mp4,hospital1,247,features_cache/7710150320331248-HOSPITAL.pt
ASL-Citizen/videos/34003839894774157-WATCH.mp4,watch,82,features_cache/34003839894774157-WATCH.pt
ASL-Citizen/videos/3763753545913606-LOCK 2.mp4,lock2,185,features_cache/3763753545913606-LOCK 2.pt
ASL-Citizen/videos/8186237678554815-TIRED.mp4,tired,93,features_cache/8186237678554815-TIRED.pt
ASL-Citizen/videos/9815268029473943-CAN 2.mp4,can2,115,features_cache/9815268029473943-CAN 2.pt
ASL-Citizen/videos/2507302256262631-BAD.mp4,bad,4,features_cache/2507302256262631-BAD.pt
ASL-Citizen/videos/1537394647814423-NEAR.mp4,near,277,features_cache/1537394647814423-NEAR.pt
ASL-Citizen/videos/48123866111508606-MONEY.mp4,money1,109,features_cache/48123866111508606-MONEY.pt
ASL-Citizen/videos/7974779200162558-JUICE 2.mp4,juice1,127,features_cache/7974779200162558-JUICE 2.pt
ASL-Citizen/videos/31309364382409033-READY.mp4,ready,135,features_cache/31309364382409033-READY.pt
ASL-Citizen/videos/834422647208874-BOXING.mp4,boxing,140,features_cache/834422647208874-BOXING.pt
ASL-Citizen/videos/5422761871296606-MYSELF.mp4,myself,17,features_cache/5422761871296606-MYSELF.pt
ASL-Citizen/videos/01699135237473781-THIRD.mp4,third1,220,features_cache/01699135237473781-THIRD.pt
ASL-Citizen/videos/6285246934559876-RIGHT 3.mp4,right3,293,features_cache/6285246934559876-RIGHT 3.pt
ASL-Citizen/videos/4264277466427575-WEDNESDAY.mp4,wednesday,265,features_cache/4264277466427575-WEDNESDAY.pt
ASL-Citizen/videos/00048437403594836503-JUICE 2.mp4,juice1,127,features_cache/00048437403594836503-JUICE 2.pt
ASL-Citizen/videos/7421046995405918-LATER.mp4,later,54,features_cache/7421046995405918-LATER.pt
ASL-Citizen/videos/09194534501318863-WOMAN.mp4,woman1,31,features_cache/09194534501318863-WOMAN.pt
ASL-Citizen/videos/04811473584388826-FEW.mp4,few,1,features_cache/04811473584388826-FEW.pt
ASL-Citizen/videos/7139405374805046-FRIDAY.mp4,friday,266,features_cache/7139405374805046-FRIDAY.pt
ASL-Citizen/videos/43465593353899346-COME HERE.mp4,comehere,72,features_cache/43465593353899346-COME HERE.pt
ASL-Citizen/videos/21548992260682898-SHOUT.mp4,shout1,164,features_cache/21548992260682898-SHOUT.pt
ASL-Citizen/videos/27759670594914465-CAR.mp4,car,106,features_cache/27759670594914465-CAR.pt
ASL-Citizen/videos/11272869599260926-FRIEND.mp4,friend,26,features_cache/11272869599260926-FRIEND.pt
ASL-Citizen/videos/829126981984009-WASH HANDS.mp4,washhands,239,features_cache/829126981984009-WASH HANDS.pt
ASL-Citizen/videos/32812627988842413-WASH 3.mp4,wash2,242,features_cache/32812627988842413-WASH 3.pt
ASL-Citizen/videos/23772686403669718-NEAR.mp4,near,277,features_cache/23772686403669718-NEAR.pt
ASL-Citizen/videos/7026113635284041-RELAX.mp4,relax1,288,features_cache/7026113635284041-RELAX.pt
ASL-Citizen/videos/17805053135170135-BALL.mp4,ball,210,features_cache/17805053135170135-BALL.pt
ASL-Citizen/videos/14452193915198386-WHO.mp4,who,13,features_cache/14452193915198386-WHO.pt
ASL-Citizen/videos/7389847417168793-LONG WORD.mp4,longword,183,features_cache/7389847417168793-LONG WORD.pt
ASL-Citizen/videos/6034625259296462-DOWN.mp4,down,272,features_cache/6034625259296462-DOWN.pt
ASL-Citizen/videos/12263814955166064-SMALL.mp4,small,155,features_cache/12263814955166064-SMALL.pt
ASL-Citizen/videos/8842873768781858-HOSPITAL.mp4,hospital1,247,features_cache/8842873768781858-HOSPITAL.pt
ASL-Citizen/videos/8911479271955505-SKIN.mp4,skin,166,features_cache/8911479271955505-SKIN.pt
ASL-Citizen/videos/7814797814030179-LISTEN.mp4,listen,133,features_cache/7814797814030179-LISTEN.pt
ASL-Citizen/videos/6436088371555648-YOU.mp4,you,14,features_cache/6436088371555648-YOU.pt
ASL-Citizen/videos/043482777446862686-SHORT DISTANCE.mp4,shortdistance,158,features_cache/043482777446862686-SHORT DISTANCE.pt
ASL-Citizen/videos/755833870854435-YOUR.mp4,your,18,features_cache/755833870854435-YOUR.pt
ASL-Citizen/videos/7833431773780957-AFTER.mp4,after,123,features_cache/7833431773780957-AFTER.pt
ASL-Citizen/videos/8533448692981274-CAN 2.mp4,can2,115,features_cache/8533448692981274-CAN 2.pt
ASL-Citizen/videos/22184082671771677-READY.mp4,ready,135,features_cache/22184082671771677-READY.pt
ASL-Citizen/videos/6295241627456369-SHOP.mp4,shop1,102,features_cache/6295241627456369-SHOP.pt
ASL-Citizen/videos/3230946721385768-VACATION.mp4,vacation,125,features_cache/3230946721385768-VACATION.pt
ASL-Citizen/videos/42610479482376906-WASH HANDS.mp4,washhands,239,features_cache/42610479482376906-WASH HANDS.pt
ASL-Citizen/videos/22666524686508982-BROTHER.mp4,brother,35,features_cache/22666524686508982-BROTHER.pt
ASL-Citizen/videos/9178425279059637-THIRSTY.mp4,thirsty,205,features_cache/9178425279059637-THIRSTY.pt
ASL-Citizen/videos/17698575148011098-COCONUT.mp4,coconut,132,features_cache/17698575148011098-COCONUT.pt
ASL-Citizen/videos/06888060382968919-GIRL.mp4,girl,29,features_cache/06888060382968919-GIRL.pt
ASL-Citizen/videos/2613508295176463-SAD.mp4,sad,91,features_cache/2613508295176463-SAD.pt
ASL-Citizen/videos/11962668394630627-LOCK 3.mp4,lock3,186,features_cache/11962668394630627-LOCK 3.pt
ASL-Citizen/videos/9043653713555424-SHORT WORD.mp4,shortword,161,features_cache/9043653713555424-SHORT WORD.pt
ASL-Citizen/videos/27973404455034934-DRINK 2.mp4,drink2,65,features_cache/27973404455034934-DRINK 2.pt
ASL-Citizen/videos/28397460434529687-THIRD 2.mp4,third2,221,features_cache/28397460434529687-THIRD 2.pt
ASL-Citizen/videos/525488733200399-seedQM.mp4,qm,285,features_cache/525488733200399-seedQM.pt
ASL-Citizen/videos/8852816910643553-WEDNESDAY.mp4,wednesday,265,features_cache/8852816910643553-WEDNESDAY.pt
ASL-Citizen/videos/4350117815065837-ASK.mp4,ask,84,features_cache/4350117815065837-ASK.pt
ASL-Citizen/videos/9822080726080076-THIRSTY.mp4,thirsty,205,features_cache/9822080726080076-THIRSTY.pt
ASL-Citizen/videos/692143353940744-COCONUT.mp4,coconut,132,features_cache/692143353940744-COCONUT.pt
ASL-Citizen/videos/958666333331422-HURT.mp4,hurt,255,features_cache/958666333331422-HURT.pt
ASL-Citizen/videos/04251771279467076-FAST.mp4,fast,169,features_cache/04251771279467076-FAST.pt
ASL-Citizen/videos/09575850274295639-HOUSE.mp4,house,48,features_cache/09575850274295639-HOUSE.pt
ASL-Citizen/videos/24971364861206635-THREE.mp4,three,198,features_cache/24971364861206635-THREE.pt
ASL-Citizen/videos/7240610566708248-GIRL.mp4,girl,29,features_cache/7240610566708248-GIRL.pt
ASL-Citizen/videos/9883948960288635-THREE.mp4,three,198,features_cache/9883948960288635-THREE.pt
ASL-Citizen/videos/8131465647557155-HEAR 1.mp4,hear1,21,features_cache/8131465647557155-HEAR 1.pt
ASL-Citizen/videos/5187973451212378-ACCIDENT.mp4,accident,142,features_cache/5187973451212378-ACCIDENT.pt
ASL-Citizen/videos/389404984044198-MILK.mp4,milk1,129,features_cache/389404984044198-MILK.pt
ASL-Citizen/videos/8911976032426165-OUTSIDE.mp4,outside,259,features_cache/8911976032426165-OUTSIDE.pt
ASL-Citizen/videos/04219417802369829-CANNOT.mp4,cannot,116,features_cache/04219417802369829-CANNOT.pt
ASL-Citizen/videos/46274575151134756-COME HERE.mp4,comehere,72,features_cache/46274575151134756-COME HERE.pt
ASL-Citizen/videos/41399470555461226-BAD.mp4,bad,4,features_cache/41399470555461226-BAD.pt
ASL-Citizen/videos/4570422523366495-SHOW.mp4,show,85,features_cache/4570422523366495-SHOW.pt
ASL-Citizen/videos/5754294612733062-PLAY.mp4,play,68,features_cache/5754294612733062-PLAY.pt
ASL-Citizen/videos/493597497646437-FALLING ASLEEP.mp4,fallingasleep,172,features_cache/493597497646437-FALLING ASLEEP.pt
ASL-Citizen/videos/6017424580561013-TIME.mp4,time,178,features_cache/6017424580561013-TIME.pt
ASL-Citizen/videos/018608011345459197-RAINBOW.mp4,rainbow,207,features_cache/018608011345459197-RAINBOW.pt
ASL-Citizen/videos/33232019825309056-TIME.mp4,time,178,features_cache/33232019825309056-TIME.pt
ASL-Citizen/videos/5123454423358422-LOCK.mp4,lock1,184,features_cache/5123454423358422-LOCK.pt
ASL-Citizen/videos/7897919262631368-DONT NEED.mp4,dontneed,194,features_cache/7897919262631368-DONT NEED.pt
ASL-Citizen/videos/3536046835424844-BECAUSE.mp4,because,124,features_cache/3536046835424844-BECAUSE.pt
ASL-Citizen/videos/2952311704357522-WHY.mp4,why,39,features_cache/2952311704357522-WHY.pt
ASL-Citizen/videos/5889788123407595-OK.mp4,ok,136,features_cache/5889788123407595-OK.pt
ASL-Citizen/videos/4310503699122721-LOUD.mp4,loud,97,features_cache/4310503699122721-LOUD.pt
ASL-Citizen/videos/39269779031539565-WANT 2.mp4,want1,100,features_cache/39269779031539565-WANT 2.pt
ASL-Citizen/videos/03417741523798723-CHEAT 1.mp4,cheat1,245,features_cache/03417741523798723-CHEAT 1.pt
ASL-Citizen/videos/0516106106258869-ACCIDENT.mp4,accident,142,features_cache/0516106106258869-ACCIDENT.pt
ASL-Citizen/videos/010035178979511006-BROTHER.mp4,brother,35,features_cache/010035178979511006-BROTHER.pt
ASL-Citizen/videos/2705900673298267-WEAK.mp4,weak,59,features_cache/2705900673298267-WEAK.pt
ASL-Citizen/videos/14992936899376108-LIKE.mp4,like,99,features_cache/14992936899376108-LIKE.pt
ASL-Citizen/videos/2272702675257865-DINNER.mp4,dinner1,170,features_cache/2272702675257865-DINNER.pt
ASL-Citizen/videos/009022098812239365-FRIDAY.mp4,friday,266,features_cache/009022098812239365-FRIDAY.pt
ASL-Citizen/videos/31124426927980275-seedSCHOOL.mp4,school,49,features_cache/31124426927980275-seedSCHOOL.pt
ASL-Citizen/videos/3266443891683517-RING.mp4,ring,294,features_cache/3266443891683517-RING.pt
ASL-Citizen/videos/41673665309194896-WHERE.mp4,where,37,features_cache/41673665309194896-WHERE.pt
ASL-Citizen/videos/15552261128903067-SICK.mp4,sick,95,features_cache/15552261128903067-SICK.pt
ASL-Citizen/videos/7414475346730574-ASK.mp4,ask,84,features_cache/7414475346730574-ASK.pt
ASL-Citizen/videos/2343358944084637-DINNER.mp4,dinner1,170,features_cache/2343358944084637-DINNER.pt
ASL-Citizen/videos/5868706101025754-REMEMBER 2.mp4,remember1,80,features_cache/5868706101025754-REMEMBER 2.pt
ASL-Citizen/videos/6108589693515236-BASKETBALL 3.mp4,basketball2,212,features_cache/6108589693515236-BASKETBALL 3.pt
ASL-Citizen/videos/21030898208435467-TINY.mp4,tiny,157,features_cache/21030898208435467-TINY.pt
ASL-Citizen/videos/32025561597469765-ROAD.mp4,road,297,features_cache/32025561597469765-ROAD.pt
ASL-Citizen/videos/23777351543576053-AGAIN.mp4,again,121,features_cache/23777351543576053-AGAIN.pt
ASL-Citizen/videos/9700186902669536-SHORT DISTANCE.mp4,shortdistance,158,features_cache/9700186902669536-SHORT DISTANCE.pt
ASL-Citizen/videos/8416382602074572-NIGHT.mp4,night1,56,features_cache/8416382602074572-NIGHT.pt
ASL-Citizen/videos/46915580180788496-MONEY.mp4,money1,109,features_cache/46915580180788496-MONEY.pt
ASL-Citizen/videos/11859467509853383-NEAR.mp4,near,277,features_cache/11859467509853383-NEAR.pt
ASL-Citizen/videos/4478889518516045-SHOWER.mp4,shower,86,features_cache/4478889518516045-SHOWER.pt
ASL-Citizen/videos/33231290732984786-SHOULD.mp4,should,163,features_cache/33231290732984786-SHOULD.pt
ASL-Citizen/videos/2882356773907908-SHOWER.mp4,shower,86,features_cache/2882356773907908-SHOWER.pt
ASL-Citizen/videos/46209838775384027-REMEMBER.mp4,remember2,81,features_cache/46209838775384027-REMEMBER.pt
ASL-Citizen/videos/9233563790165935-TALL.mp4,tall2,176,features_cache/9233563790165935-TALL.pt
ASL-Citizen/videos/7067982649701063-DONT KNOW.mp4,dontknow,191,features_cache/7067982649701063-DONT KNOW.pt
ASL-Citizen/videos/3122089299643398-PURPLE.mp4,purple,286,features_cache/3122089299643398-PURPLE.pt
ASL-Citizen/videos/10206502257817629-SICK.mp4,sick,95,features_cache/10206502257817629-SICK.pt
ASL-Citizen/videos/7090843934195987-seedFALL 1.mp4,fall1,173,features_cache/7090843934195987-seedFALL 1.pt
ASL-Citizen/videos/649752026549048-WHITE.mp4,white,144,features_cache/649752026549048-WHITE.pt
ASL-Citizen/videos/4628193900204982-FAMILY.mp4,family,25,features_cache/4628193900204982-FAMILY.pt
ASL-Citizen/videos/6734540683790273-UNDER.mp4,under,270,features_cache/6734540683790273-UNDER.pt
ASL-Citizen/videos/0627115155087461-BOX.mp4,box,139,features_cache/0627115155087461-BOX.pt
ASL-Citizen/videos/6004784750880328-ARRIVE.mp4,arrive,75,features_cache/6004784750880328-ARRIVE.pt
ASL-Citizen/videos/3946410565061349-DOWN.mp4,down,272,features_cache/3946410565061349-DOWN.pt
ASL-Citizen/videos/9443252778158697-HERE.mp4,here,45,features_cache/9443252778158697-HERE.pt
ASL-Citizen/videos/9803567148494403-LONG TIME.mp4,longtime,182,features_cache/9803567148494403-LONG TIME.pt
ASL-Citizen/videos/31057256746156847-COMPUTER.mp4,computer,113,features_cache/31057256746156847-COMPUTER.pt
ASL-Citizen/videos/5513084012779732-PINK.mp4,pink,146,features_cache/5513084012779732-PINK.pt
ASL-Citizen/videos/1823075331771542-GIVE.mp4,give,227,features_cache/1823075331771542-GIVE.pt
ASL-Citizen/videos/13840564937608724-MILK.mp4,milk1,129,features_cache/13840564937608724-MILK.pt
ASL-Citizen/videos/375964197411883-ASK.mp4,ask,84,features_cache/375964197411883-ASK.pt
ASL-Citizen/videos/2597890978149069-FOREST.mp4,forest,126,features_cache/2597890978149069-FOREST.pt
ASL-Citizen/videos/18315957142055916-STEAK.mp4,steak,299,features_cache/18315957142055916-STEAK.pt
ASL-Citizen/videos/3021308895728725-MUST.mp4,must,117,features_cache/3021308895728725-MUST.pt
ASL-Citizen/videos/23836765305405327-AGAIN.mp4,again,121,features_cache/23836765305405327-AGAIN.pt
ASL-Citizen/videos/10900652243107323-WEDNESDAY.mp4,wednesday,265,features_cache/10900652243107323-WEDNESDAY.pt
ASL-Citizen/videos/2621867988808324-ONE.mp4,one,196,features_cache/2621867988808324-ONE.pt
ASL-Citizen/videos/3119997663932217-HOW.mp4,how1,41,features_cache/3119997663932217-HOW.pt
ASL-Citizen/videos/05648365140781064-FALL 2.mp4,fall2,174,features_cache/05648365140781064-FALL 2.pt
ASL-Citizen/videos/3700870527360489-ROAD.mp4,road,297,features_cache/3700870527360489-ROAD.pt
ASL-Citizen/videos/9644130188424822-NO.mp4,no,9,features_cache/9644130188424822-NO.pt
ASL-Citizen/videos/8487114823108493-THANK YOU.mp4,thankyou,6,features_cache/8487114823108493-THANK YOU.pt
ASL-Citizen/videos/038974698230258786-WRITE.mp4,write,137,features_cache/038974698230258786-WRITE.pt
ASL-Citizen/videos/8086834181579459-DONT FEEL_LIKE.mp4,dontfeellike,190,features_cache/8086834181579459-DONT FEEL_LIKE.pt
ASL-Citizen/videos/5274810899773681-ON.mp4,on,279,features_cache/5274810899773681-ON.pt
ASL-Citizen/videos/4146368402347771-RAIN.mp4,rain,206,features_cache/4146368402347771-RAIN.pt
ASL-Citizen/videos/9200587270292702-NAME.mp4,name,10,features_cache/9200587270292702-NAME.pt
ASL-Citizen/videos/3028554929015699-YOUR.mp4,your,18,features_cache/3028554929015699-YOUR.pt
ASL-Citizen/videos/0028010408268621667-BOXING.mp4,boxing,140,features_cache/0028010408268621667-BOXING.pt
ASL-Citizen/videos/6584846911041882-DINNER.mp4,dinner1,170,features_cache/6584846911041882-DINNER.pt
ASL-Citizen/videos/7458898077174032-SHORTS.mp4,shorts,160,features_cache/7458898077174032-SHORTS.pt
ASL-Citizen/videos/032461289208484345-BOXING.mp4,boxing,140,features_cache/032461289208484345-BOXING.pt
ASL-Citizen/videos/7812769838626092-HOSPITAL 2.mp4,hospital2,248,features_cache/7812769838626092-HOSPITAL 2.pt
ASL-Citizen/videos/6813550610553949-NEAR.mp4,near,277,features_cache/6813550610553949-NEAR.pt
ASL-Citizen/videos/23988559820512312-BOX.mp4,box,139,features_cache/23988559820512312-BOX.pt
ASL-Citizen/videos/9548795315502336-SNOW.mp4,snow1,208,features_cache/9548795315502336-SNOW.pt
ASL-Citizen/videos/22884594515032175-SCHOOL.mp4,school,49,features_cache/22884594515032175-SCHOOL.pt
ASL-Citizen/videos/7764622739129698-LONG WORD.mp4,longword,183,features_cache/7764622739129698-LONG WORD.pt
ASL-Citizen/videos/507695201823195-THERE.mp4,there,46,features_cache/507695201823195-THERE.pt
ASL-Citizen/videos/14629325733857867-POLICEMAN 2.mp4,policeman2,153,features_cache/14629325733857867-POLICEMAN 2.pt
ASL-Citizen/videos/0228250680719837-SNOW 2.mp4,snow2,209,features_cache/0228250680719837-SNOW 2.pt
ASL-Citizen/videos/8096143212661329-HOTEL.mp4,hotel,105,features_cache/8096143212661329-HOTEL.pt
ASL-Citizen/videos/6322740332395209-REMEMBER 2.mp4,remember1,80,features_cache/6322740332395209-REMEMBER 2.pt
ASL-Citizen/videos/02332021183512567-OUTSIDE.mp4,outside,259,features_cache/02332021183512567-OUTSIDE.pt
ASL-Citizen/videos/6761847106685626-READY.mp4,ready,135,features_cache/6761847106685626-READY.pt
ASL-Citizen/videos/2989428971526771-SHOULD.mp4,should,163,features_cache/2989428971526771-SHOULD.pt
ASL-Citizen/videos/5699293489634374-YELLOW.mp4,yellow,150,features_cache/5699293489634374-YELLOW.pt
ASL-Citizen/videos/019810678882753452-FEW.mp4,few,1,features_cache/019810678882753452-FEW.pt
ASL-Citizen/videos/8302351765731029-TIRED OF.mp4,tiredof,94,features_cache/8302351765731029-TIRED OF.pt
ASL-Citizen/videos/2573968835438749-SEVEN.mp4,seven,201,features_cache/2573968835438749-SEVEN.pt
ASL-Citizen/videos/5247185728423776-THEY.mp4,they1,23,features_cache/5247185728423776-THEY.pt
ASL-Citizen/videos/6733454453757095-SISTER.mp4,sister,36,features_cache/6733454453757095-SISTER.pt
ASL-Citizen/videos/7327271470470507-EAT.mp4,eat1,62,features_cache/7327271470470507-EAT.pt
ASL-Citizen/videos/4656606080155459-NO.mp4,no,9,features_cache/4656606080155459-NO.pt
ASL-Citizen/videos/710782441303607-UNDER.mp4,under,270,features_cache/710782441303607-UNDER.pt
ASL-Citizen/videos/8285722836345848-ICECREAM.mp4,icecream,187,features_cache/8285722836345848-ICECREAM.pt
ASL-Citizen/videos/4771713770348647-REST.mp4,rest,290,features_cache/4771713770348647-REST.pt
ASL-Citizen/videos/43948877742808024-SISTER.mp4,sister,36,features_cache/43948877742808024-SISTER.pt
ASL-Citizen/videos/7790165590558125-seedCHECK.mp4,check,249,features_cache/7790165590558125-seedCHECK.pt
ASL-Citizen/videos/5023793115629094-BYE.mp4,bye,2,features_cache/5023793115629094-BYE.pt
ASL-Citizen/videos/7876149794288574-SKIRT.mp4,skirt,167,features_cache/7876149794288574-SKIRT.pt
ASL-Citizen/videos/9044717877883695-LONG LINE.mp4,longline,181,features_cache/9044717877883695-LONG LINE.pt
ASL-Citizen/videos/14423648754225304-TEAR.mp4,tear,177,features_cache/14423648754225304-TEAR.pt
ASL-Citizen/videos/04442046013887868-FRIEND.mp4,friend,26,features_cache/04442046013887868-FRIEND.pt
ASL-Citizen/videos/6463262143597508-STUDY.mp4,study,69,features_cache/6463262143597508-STUDY.pt
ASL-Citizen/videos/650504063052805-RAINBOW.mp4,rainbow,207,features_cache/650504063052805-RAINBOW.pt
ASL-Citizen/videos/19697592826884014-LONG WORD.mp4,longword,183,features_cache/19697592826884014-LONG WORD.pt
ASL-Citizen/videos/9366553386825931-UNDER.mp4,under,270,features_cache/9366553386825931-UNDER.pt
ASL-Citizen/videos/6191553425770482-WHEN.mp4,when,38,features_cache/6191553425770482-WHEN.pt
ASL-Citizen/videos/3288337390709779-RELAX 2.mp4,relax2,289,features_cache/3288337390709779-RELAX 2.pt
ASL-Citizen/videos/2027477584552939-YEAR.mp4,year,61,features_cache/2027477584552939-YEAR.pt
ASL-Citizen/videos/14166593755537016-LOCK.mp4,lock1,184,features_cache/14166593755537016-LOCK.pt
ASL-Citizen/videos/8528744514122979-FATHER.mp4,father,34,features_cache/8528744514122979-FATHER.pt
ASL-Citizen/videos/7276443456531434-WATER.mp4,water,112,features_cache/7276443456531434-WATER.pt
ASL-Citizen/videos/9799150066558244-RELAX.mp4,relax1,288,features_cache/9799150066558244-RELAX.pt
ASL-Citizen/videos/6605969835390502-UNDERSTAND.mp4,understand,79,features_cache/6605969835390502-UNDERSTAND.pt
ASL-Citizen/videos/22448269867455983-TELL.mp4,tell,83,features_cache/22448269867455983-TELL.pt
ASL-Citizen/videos/3510355166470642-ON.mp4,on,279,features_cache/3510355166470642-ON.pt
ASL-Citizen/videos/6677797392644389-TIME.mp4,time,178,features_cache/6677797392644389-TIME.pt
ASL-Citizen/videos/24064885357062593-COME.mp4,come,71,features_cache/24064885357062593-COME.pt
ASL-Citizen/videos/3698315596863162-MUST.mp4,must,117,features_cache/3698315596863162-MUST.pt
ASL-Citizen/videos/07944448274658145-MEET.mp4,meet,276,features_cache/07944448274658145-MEET.pt
ASL-Citizen/videos/5685590569996577-LOCK.mp4,lock1,184,features_cache/5685590569996577-LOCK.pt
ASL-Citizen/videos/7589467495928648-COME.mp4,come,71,features_cache/7589467495928648-COME.pt
ASL-Citizen/videos/8642660378572646-BECAUSE.mp4,because,124,features_cache/8642660378572646-BECAUSE.pt
ASL-Citizen/videos/18946561602666945-COME OUT.mp4,comeout,73,features_cache/18946561602666945-COME OUT.pt
ASL-Citizen/videos/019466731254031755-BAD.mp4,bad,4,features_cache/019466731254031755-BAD.pt
ASL-Citizen/videos/6080391494064927-WRITE.mp4,write,137,features_cache/6080391494064927-WRITE.pt
ASL-Citizen/videos/015395985479345287-WHY.mp4,why,39,features_cache/015395985479345287-WHY.pt
ASL-Citizen/videos/155075391321839-HOT.mp4,hot,244,features_cache/155075391321839-HOT.pt
ASL-Citizen/videos/699994024863398-PINK.mp4,pink,146,features_cache/699994024863398-PINK.pt
ASL-Citizen/videos/23601871909315686-SICK.mp4,sick,95,features_cache/23601871909315686-SICK.pt
ASL-Citizen/videos/48811213406676823-HAT 2.mp4,hat2,234,features_cache/48811213406676823-HAT 2.pt
ASL-Citizen/videos/21749297295764602-MY.mp4,my,16,features_cache/21749297295764602-MY.pt
ASL-Citizen/videos/48434007472145746-TIRED.mp4,tired,93,features_cache/48434007472145746-TIRED.pt
ASL-Citizen/videos/15500552819785973-MONEY.mp4,money1,109,features_cache/15500552819785973-MONEY.pt
ASL-Citizen/videos/36805542769003496-HOSPITAL.mp4,hospital1,247,features_cache/36805542769003496-HOSPITAL.pt
ASL-Citizen/videos/113393264193685-RUN.mp4,run1,295,features_cache/113393264193685-RUN.pt
ASL-Citizen/videos/3452024214396816-FOUR.mp4,four,199,features_cache/3452024214396816-FOUR.pt
ASL-Citizen/videos/46127083971802185-WASH FACE_2.mp4,washface2,238,features_cache/46127083971802185-WASH FACE_2.pt
ASL-Citizen/videos/4201900473696285-OVER.mp4,over,260,features_cache/4201900473696285-OVER.pt
ASL-Citizen/videos/47706798454964705-MONEY.mp4,money1,109,features_cache/47706798454964705-MONEY.pt
ASL-Citizen/videos/2634483829913492-ARRIVE.mp4,arrive,75,features_cache/2634483829913492-ARRIVE.pt
ASL-Citizen/videos/0999990986760626-WRITE.mp4,write,137,features_cache/0999990986760626-WRITE.pt
ASL-Citizen/videos/09620070749870502-YELLOW.mp4,yellow,150,features_cache/09620070749870502-YELLOW.pt
ASL-Citizen/videos/7797166334875791-HAIR 2.mp4,hair2,230,features_cache/7797166334875791-HAIR 2.pt
ASL-Citizen/videos/6623080502609515-SKIRT.mp4,skirt,167,features_cache/6623080502609515-SKIRT.pt
ASL-Citizen/videos/8732438708155559-MEET.mp4,meet,276,features_cache/8732438708155559-MEET.pt
ASL-Citizen/videos/635224667225623-CAR.mp4,car,106,features_cache/635224667225623-CAR.pt
ASL-Citizen/videos/49048216453326043-ONE.mp4,one,196,features_cache/49048216453326043-ONE.pt
ASL-Citizen/videos/5079470676136524-FINE 2.mp4,fine2,226,features_cache/5079470676136524-FINE 2.pt
ASL-Citizen/videos/584256881494418-SIDE.mp4,side,87,features_cache/584256881494418-SIDE.pt
ASL-Citizen/videos/48675740621516783-SICK.mp4,sick,95,features_cache/48675740621516783-SICK.pt
ASL-Citizen/videos/6030690864757573-FALL 1.mp4,fall1,173,features_cache/6030690864757573-FALL 1.pt
ASL-Citizen/videos/9212651801197169-HOLD 2.mp4,hold2,252,features_cache/9212651801197169-HOLD 2.pt
ASL-Citizen/videos/5329769403085676-HOSPITAL 2.mp4,hospital2,248,features_cache/5329769403085676-HOSPITAL 2.pt
ASL-Citizen/videos/20910643157904762-HEAR 2.mp4,hear2,22,features_cache/20910643157904762-HEAR 2.pt
ASL-Citizen/videos/08278007913555152-BECAUSE.mp4,because,124,features_cache/08278007913555152-BECAUSE.pt
ASL-Citizen/videos/5103247380926332-TWO.mp4,two,197,features_cache/5103247380926332-TWO.pt
ASL-Citizen/videos/31292634392838026-FRIEND.mp4,friend,26,features_cache/31292634392838026-FRIEND.pt
ASL-Citizen/videos/274897834577152-THANK YOU.mp4,thankyou,6,features_cache/274897834577152-THANK YOU.pt
ASL-Citizen/videos/39775234781267255-SHORT WORD.mp4,shortword,161,features_cache/39775234781267255-SHORT WORD.pt
ASL-Citizen/videos/3431354898076535-WHICH.mp4,which,43,features_cache/3431354898076535-WHICH.pt
ASL-Citizen/videos/7530496807705915-GIVE.mp4,give,227,features_cache/7530496807705915-GIVE.pt
ASL-Citizen/videos/2724933845029811-YEAR.mp4,year,61,features_cache/2724933845029811-YEAR.pt
ASL-Citizen/videos/6679488064816475-STOP.mp4,stop,300,features_cache/6679488064816475-STOP.pt
ASL-Citizen/videos/46389552341659956-SORRY.mp4,sorry,7,features_cache/46389552341659956-SORRY.pt
ASL-Citizen/videos/4103900407521166-READ.mp4,read,134,features_cache/4103900407521166-READ.pt
ASL-Citizen/videos/45473820037956725-COME.mp4,come,71,features_cache/45473820037956725-COME.pt
ASL-Citizen/videos/9384391083765347-FATHER.mp4,father,34,features_cache/9384391083765347-FATHER.pt
ASL-Citizen/videos/38330302294288865-STOP.mp4,stop,300,features_cache/38330302294288865-STOP.pt
ASL-Citizen/videos/7920765076246545-FISHING.mp4,fishing1,218,features_cache/7920765076246545-FISHING.pt
ASL-Citizen/videos/604500924834261-COME HERE.mp4,comehere,72,features_cache/604500924834261-COME HERE.pt
ASL-Citizen/videos/05642494807341181-ACCIDENT.mp4,accident,142,features_cache/05642494807341181-ACCIDENT.pt
ASL-Citizen/videos/5193451899614112-MOUTH.mp4,mouth,111,features_cache/5193451899614112-MOUTH.pt
ASL-Citizen/videos/6284005306614739-seedSNOW 2.mp4,snow2,209,features_cache/6284005306614739-seedSNOW 2.pt
ASL-Citizen/videos/6275581915874648-OUT.mp4,out,258,features_cache/6275581915874648-OUT.pt
ASL-Citizen/videos/9495196886045365-NIGHT.mp4,night1,56,features_cache/9495196886045365-NIGHT.pt
ASL-Citizen/videos/6004944388944689-BASKETBALL.mp4,basketball1,211,features_cache/6004944388944689-BASKETBALL.pt
ASL-Citizen/videos/23583741832617644-FINISH.mp4,finish,120,features_cache/23583741832617644-FINISH.pt
ASL-Citizen/videos/8253306159728897-SNOW 2.mp4,snow2,209,features_cache/8253306159728897-SNOW 2.pt
ASL-Citizen/videos/7508574803030745-WHY.mp4,why,39,features_cache/7508574803030745-WHY.pt
ASL-Citizen/videos/2385877628379207-RIGHT 1.mp4,right1,291,features_cache/2385877628379207-RIGHT 1.pt
ASL-Citizen/videos/4205807926168852-COME HERE.mp4,comehere,72,features_cache/4205807926168852-COME HERE.pt
ASL-Citizen/videos/3147681618714515-YESTERDAY.mp4,yesterday,52,features_cache/3147681618714515-YESTERDAY.pt
ASL-Citizen/videos/5693264734341381-LONG WORD.mp4,longword,183,features_cache/5693264734341381-LONG WORD.pt
ASL-Citizen/videos/6750134276748303-HOSPITAL 2.mp4,hospital2,248,features_cache/6750134276748303-HOSPITAL 2.pt
ASL-Citizen/videos/7382460351716511-ARRIVE.mp4,arrive,75,features_cache/7382460351716511-ARRIVE.pt
ASL-Citizen/videos/009382562661681249-SHOUT.mp4,shout1,164,features_cache/009382562661681249-SHOUT.pt
ASL-Citizen/videos/021400606751670992-SHOUT 2.mp4,shout2,165,features_cache/021400606751670992-SHOUT 2.pt
ASL-Citizen/videos/26911920543192847-FOR.mp4,for,215,features_cache/26911920543192847-FOR.pt
ASL-Citizen/videos/8290204958088538-SNOW 2.mp4,snow2,209,features_cache/8290204958088538-SNOW 2.pt
ASL-Citizen/videos/12137585523641614-FINE 2.mp4,fine2,226,features_cache/12137585523641614-FINE 2.pt
ASL-Citizen/videos/872807871014343-TALL.mp4,tall2,176,features_cache/872807871014343-TALL.pt
ASL-Citizen/videos/22557588909046955-REMEMBER.mp4,remember2,81,features_cache/22557588909046955-REMEMBER.pt
ASL-Citizen/videos/5737751672936373-JUICE 1.mp4,juice2,128,features_cache/5737751672936373-JUICE 1.pt
ASL-Citizen/videos/6209176893818835-HEAR 2.mp4,hear2,22,features_cache/6209176893818835-HEAR 2.pt
ASL-Citizen/videos/8717940097999166-IMPROVE.mp4,improve,154,features_cache/8717940097999166-IMPROVE.pt
ASL-Citizen/videos/6970697622023043-HAPPY.mp4,happy,90,features_cache/6970697622023043-HAPPY.pt
ASL-Citizen/videos/6091965583018604-TOMORROW.mp4,tomorrow,51,features_cache/6091965583018604-TOMORROW.pt
ASL-Citizen/videos/3687430189102143-SEVEN.mp4,seven,201,features_cache/3687430189102143-SEVEN.pt
ASL-Citizen/videos/3309201889460296-COFFEE.mp4,coffee,131,features_cache/3309201889460296-COFFEE.pt
ASL-Citizen/videos/602302828020274-HAIR.mp4,hair1,229,features_cache/602302828020274-HAIR.pt
ASL-Citizen/videos/09065730752763623-FOOTBALL.mp4,football,214,features_cache/09065730752763623-FOOTBALL.pt
ASL-Citizen/videos/9340539684203915-MORE.mp4,more,119,features_cache/9340539684203915-MORE.pt
ASL-Citizen/videos/8314167135502288-RELAX 2.mp4,relax2,289,features_cache/8314167135502288-RELAX 2.pt
ASL-Citizen/videos/8423407068680839-RIGHT 2.mp4,right2,292,features_cache/8423407068680839-RIGHT 2.pt
ASL-Citizen/videos/5669381179343234-SHOP 1.mp4,shop2,103,features_cache/5669381179343234-SHOP 1.pt
ASL-Citizen/videos/8392736951564765-ROAD.mp4,road,297,features_cache/8392736951564765-ROAD.pt
ASL-Citizen/videos/8631758521521087-seedTHERE.mp4,there,46,features_cache/8631758521521087-seedTHERE.pt
ASL-Citizen/videos/16299776483079054-HAIR.mp4,hair1,229,features_cache/16299776483079054-HAIR.pt
ASL-Citizen/videos/5032023927002274-BECAUSE.mp4,because,124,features_cache/5032023927002274-BECAUSE.pt
ASL-Citizen/videos/3845231217942484-FRIEND.mp4,friend,26,features_cache/3845231217942484-FRIEND.pt
ASL-Citizen/videos/9848111823112367-SATURDAY.mp4,saturday,267,features_cache/9848111823112367-SATURDAY.pt
ASL-Citizen/videos/5049858314243783-SISTER.mp4,sister,36,features_cache/5049858314243783-SISTER.pt
ASL-Citizen/videos/1618533004091658-RAIN.mp4,rain,206,features_cache/1618533004091658-RAIN.pt
ASL-Citizen/videos/9957580073891368-DRINK.mp4,drink1,64,features_cache/9957580073891368-DRINK.pt
ASL-Citizen/videos/06593189811311206-WHEN.mp4,when,38,features_cache/06593189811311206-WHEN.pt
ASL-Citizen/videos/8082218522582074-YOUR.mp4,your,18,features_cache/8082218522582074-YOUR.pt
ASL-Citizen/videos/45151012977533345-NIGHT 2.mp4,night2,57,features_cache/45151012977533345-NIGHT 2.pt
ASL-Citizen/videos/7732201205577105-JUICE 1.mp4,juice2,128,features_cache/7732201205577105-JUICE 1.pt
ASL-Citizen/videos/8354410716389704-GO.mp4,go,70,features_cache/8354410716389704-GO.pt
ASL-Citizen/videos/4718272651803548-SHOUT 2.mp4,shout2,165,features_cache/4718272651803548-SHOUT 2.pt
ASL-Citizen/videos/8102034151544322-MYSELF.mp4,myself,17,features_cache/8102034151544322-MYSELF.pt
ASL-Citizen/videos/5359334100270841-WASH 1.mp4,wash1,241,features_cache/5359334100270841-WASH 1.pt
ASL-Citizen/videos/3471783198230618-seedCHEAT 1.mp4,cheat1,245,features_cache/3471783198230618-seedCHEAT 1.pt
ASL-Citizen/videos/27729977052943555-IMPROVE.mp4,improve,154,features_cache/27729977052943555-IMPROVE.pt
ASL-Citizen/videos/30964549147710785-DONT LIKE.mp4,dontlike,192,features_cache/30964549147710785-DONT LIKE.pt
ASL-Citizen/videos/4924276370652909-ANGRY.mp4,angry,92,features_cache/4924276370652909-ANGRY.pt
ASL-Citizen/videos/04750318949877119-NINE.mp4,nine,203,features_cache/04750318949877119-NINE.pt
ASL-Citizen/videos/8564819819245386-SLOW.mp4,slow,168,features_cache/8564819819245386-SLOW.pt
ASL-Citizen/videos/9502405518837727-LONG AGO.mp4,longago,180,features_cache/9502405518837727-LONG AGO.pt
ASL-Citizen/videos/31306609697024634-TALL.mp4,tall2,176,features_cache/31306609697024634-TALL.pt
ASL-Citizen/videos/8414975058641474-CLOTHES.mp4,clothes,143,features_cache/8414975058641474-CLOTHES.pt
ASL-Citizen/videos/1789715889624135-HELLO.mp4,hello,0,features_cache/1789715889624135-HELLO.pt
ASL-Citizen/videos/5360935407801806-PHONE.mp4,phone,107,features_cache/5360935407801806-PHONE.pt
ASL-Citizen/videos/37780811677702975-BOXING.mp4,boxing,140,features_cache/37780811677702975-BOXING.pt
ASL-Citizen/videos/8405210694686958-PLAY.mp4,play,68,features_cache/8405210694686958-PLAY.pt
ASL-Citizen/videos/8231733764844025-RIGHT 1.mp4,right1,291,features_cache/8231733764844025-RIGHT 1.pt
ASL-Citizen/videos/370239630656223-DONT CARE.mp4,dontcare,189,features_cache/370239630656223-DONT CARE.pt
ASL-Citizen/videos/3802527701650662-seedACCIDENT.mp4,accident,142,features_cache/3802527701650662-seedACCIDENT.pt
ASL-Citizen/videos/5799032318024369-COME OUT.mp4,comeout,73,features_cache/5799032318024369-COME OUT.pt
ASL-Citizen/videos/019273526178733125-CAN.mp4,can1,114,features_cache/019273526178733125-CAN.pt
ASL-Citizen/videos/675487631009581-SORRY.mp4,sorry,7,features_cache/675487631009581-SORRY.pt
ASL-Citizen/videos/9242824842685808-GAME.mp4,game,275,features_cache/9242824842685808-GAME.pt
ASL-Citizen/videos/8091425965432621-READY.mp4,ready,135,features_cache/8091425965432621-READY.pt
ASL-Citizen/videos/2739015087815422-SEE.mp4,see,200,features_cache/2739015087815422-SEE.pt
ASL-Citizen/videos/7135369459309966-GREEN.mp4,green,149,features_cache/7135369459309966-GREEN.pt
ASL-Citizen/videos/8631882844083429-BASKETBALL 3.mp4,basketball2,212,features_cache/8631882844083429-BASKETBALL 3.pt
ASL-Citizen/videos/8223016495822211-FISHING.mp4,fishing1,218,features_cache/8223016495822211-FISHING.pt
ASL-Citizen/videos/6257839200605431-WHO.mp4,who,13,features_cache/6257839200605431-WHO.pt
ASL-Citizen/videos/24293115694483824-HOLIDAY.mp4,holiday,253,features_cache/24293115694483824-HOLIDAY.pt
ASL-Citizen/videos/8743084339669149-TODAY.mp4,today,50,features_cache/8743084339669149-TODAY.pt
ASL-Citizen/videos/9392287451739223-BOX.mp4,box,139,features_cache/9392287451739223-BOX.pt
ASL-Citizen/videos/32425004743799657-READY.mp4,ready,135,features_cache/32425004743799657-READY.pt
ASL-Citizen/videos/28644332710493026-WRITE.mp4,write,137,features_cache/28644332710493026-WRITE.pt
ASL-Citizen/videos/7233969476552542-HEAR 1.mp4,hear1,21,features_cache/7233969476552542-HEAR 1.pt
ASL-Citizen/videos/10580021160220965-GAME.mp4,game,275,features_cache/10580021160220965-GAME.pt
ASL-Citizen/videos/8172430267718573-seedNEED.mp4,need,118,features_cache/8172430267718573-seedNEED.pt
ASL-Citizen/videos/4223618248504115-WHERE.mp4,where,37,features_cache/4223618248504115-WHERE.pt
ASL-Citizen/videos/3187350995521874-STUDY.mp4,study,69,features_cache/3187350995521874-STUDY.pt
ASL-Citizen/videos/19433371551876055-HOUSE.mp4,house,48,features_cache/19433371551876055-HOUSE.pt
ASL-Citizen/videos/05145930910857799-RELAX 2.mp4,relax2,289,features_cache/05145930910857799-RELAX 2.pt
ASL-Citizen/videos/42961246858695024-PLEASE.mp4,please,5,features_cache/42961246858695024-PLEASE.pt
ASL-Citizen/videos/49760400270180294-QUIET.mp4,quiet,287,features_cache/49760400270180294-QUIET.pt
ASL-Citizen/videos/4056710943274293-RESTAURANT.mp4,restaurant,104,features_cache/4056710943274293-RESTAURANT.pt
ASL-Citizen/videos/5046064121660587-LOVE.mp4,love,98,features_cache/5046064121660587-LOVE.pt
ASL-Citizen/videos/9364108656072121-HOUSE.mp4,house,48,features_cache/9364108656072121-HOUSE.pt
ASL-Citizen/videos/8059232169740724-SNOW.mp4,snow1,208,features_cache/8059232169740724-SNOW.pt
ASL-Citizen/videos/7634160961141707-COME.mp4,come,71,features_cache/7634160961141707-COME.pt
ASL-Citizen/videos/3823509508410865-TELL.mp4,tell,83,features_cache/3823509508410865-TELL.pt
ASL-Citizen/videos/3827741794247175-FINE.mp4,fine1,225,features_cache/3827741794247175-FINE.pt
ASL-Citizen/videos/5313155829321003-SEVEN.mp4,seven,201,features_cache/5313155829321003-SEVEN.pt
ASL-Citizen/videos/5499151016968098-HAVE.mp4,have,235,features_cache/5499151016968098-HAVE.pt
ASL-Citizen/videos/5314914930795629-PEN.mp4,pen,281,features_cache/5314914930795629-PEN.pt
ASL-Citizen/videos/30590478365410667-WHAT 2.mp4,what1,11,features_cache/30590478365410667-WHAT 2.pt
ASL-Citizen/videos/03524803889652772-OUT.mp4,out,258,features_cache/03524803889652772-OUT.pt
ASL-Citizen/videos/5167679505274874-NIGHT 2.mp4,night2,57,features_cache/5167679505274874-NIGHT 2.pt
ASL-Citizen/videos/11971365576674886-BROTHER.mp4,brother,35,features_cache/11971365576674886-BROTHER.pt
ASL-Citizen/videos/20130852348769812-RING.mp4,ring,294,features_cache/20130852348769812-RING.pt
ASL-Citizen/videos/26616905656998036-FOUR.mp4,four,199,features_cache/26616905656998036-FOUR.pt
ASL-Citizen/videos/5466921822613424-SISTER.mp4,sister,36,features_cache/5466921822613424-SISTER.pt
ASL-Citizen/videos/8903054743444117-WRITE.mp4,write,137,features_cache/8903054743444117-WRITE.pt
ASL-Citizen/videos/12868787511407453-LEAVE.mp4,leave,74,features_cache/12868787511407453-LEAVE.pt
ASL-Citizen/videos/06524477833422293-WEEK.mp4,week,58,features_cache/06524477833422293-WEEK.pt
ASL-Citizen/videos/32867602785976624-LONG TIME.mp4,longtime,182,features_cache/32867602785976624-LONG TIME.pt
ASL-Citizen/videos/0304273385488667-FALL 2.mp4,fall2,174,features_cache/0304273385488667-FALL 2.pt
ASL-Citizen/videos/04515307711600891-PLEASE.mp4,please,5,features_cache/04515307711600891-PLEASE.pt
ASL-Citizen/videos/5230550388567756-WHICH.mp4,which,43,features_cache/5230550388567756-WHICH.pt
ASL-Citizen/videos/1376861841044581-UNDERSTAND.mp4,understand,79,features_cache/1376861841044581-UNDERSTAND.pt
ASL-Citizen/videos/07495102384627716-READ.mp4,read,134,features_cache/07495102384627716-READ.pt
ASL-Citizen/videos/9944246879207452-MAN.mp4,man,30,features_cache/9944246879207452-MAN.pt
ASL-Citizen/videos/738099048767574-FAST.mp4,fast,169,features_cache/738099048767574-FAST.pt
ASL-Citizen/videos/4921984662423913-EXCITED.mp4,excited,96,features_cache/4921984662423913-EXCITED.pt
ASL-Citizen/videos/6601537706780105-ONE.mp4,one,196,features_cache/6601537706780105-ONE.pt
ASL-Citizen/videos/4850265215935283-SNOW 2.mp4,snow2,209,features_cache/4850265215935283-SNOW 2.pt
ASL-Citizen/videos/7636741302290102-FIND.mp4,find,224,features_cache/7636741302290102-FIND.pt
ASL-Citizen/videos/6598897439554561-TUESDAY.mp4,tuesday,264,features_cache/6598897439554561-TUESDAY.pt
ASL-Citizen/videos/761410636092072-COMPUTER.mp4,computer,113,features_cache/761410636092072-COMPUTER.pt
ASL-Citizen/videos/9694361872774049-MONEY 2.mp4,money2,110,features_cache/9694361872774049-MONEY 2.pt
ASL-Citizen/videos/8410803588889355-THINK.mp4,think,78,features_cache/8410803588889355-THINK.pt
ASL-Citizen/videos/4782730717831809-PLEASE.mp4,please,5,features_cache/4782730717831809-PLEASE.pt
ASL-Citizen/videos/916464465181106-HURT.mp4,hurt,255,features_cache/916464465181106-HURT.pt
ASL-Citizen/videos/23051551564122996-WHAT 2.mp4,what1,11,features_cache/23051551564122996-WHAT 2.pt
ASL-Citizen/videos/21634847585574835-SHOT.mp4,shot,162,features_cache/21634847585574835-SHOT.pt
ASL-Citizen/videos/4404463715615452-HUG.mp4,hug,254,features_cache/4404463715615452-HUG.pt
ASL-Citizen/videos/07563266696692095-SHORT WORD.mp4,shortword,161,features_cache/07563266696692095-SHORT WORD.pt
ASL-Citizen/videos/5485132064587208-LOCK 3.mp4,lock3,186,features_cache/5485132064587208-LOCK 3.pt
ASL-Citizen/videos/0497069696398067-UNDERSTAND.mp4,understand,79,features_cache/0497069696398067-UNDERSTAND.pt
ASL-Citizen/videos/1218029185561833-SHOULD.mp4,should,163,features_cache/1218029185561833-SHOULD.pt
ASL-Citizen/videos/3162982972600652-LISTEN.mp4,listen,133,features_cache/3162982972600652-LISTEN.pt
ASL-Citizen/videos/6316308034199363-REMEMBER 2.mp4,remember1,80,features_cache/6316308034199363-REMEMBER 2.pt
ASL-Citizen/videos/42379771831553437-CAN 2.mp4,can2,115,features_cache/42379771831553437-CAN 2.pt
ASL-Citizen/videos/8821070878180772-SHOWER.mp4,shower,86,features_cache/8821070878180772-SHOWER.pt
ASL-Citizen/videos/7906090341724674-HOSPITAL 2.mp4,hospital2,248,features_cache/7906090341724674-HOSPITAL 2.pt
ASL-Citizen/videos/016800435852914797-SKIN.mp4,skin,166,features_cache/016800435852914797-SKIN.pt
ASL-Citizen/videos/17688969691666112-FAMILY.mp4,family,25,features_cache/17688969691666112-FAMILY.pt
ASL-Citizen/videos/2929541435372467-TIRED.mp4,tired,93,features_cache/2929541435372467-TIRED.pt
ASL-Citizen/videos/9303259452994823-SIGN.mp4,sign,298,features_cache/9303259452994823-SIGN.pt
ASL-Citizen/videos/4944603204831548-TWO.mp4,two,197,features_cache/4944603204831548-TWO.pt
ASL-Citizen/videos/5393407731733888-FINE.mp4,fine1,225,features_cache/5393407731733888-FINE.pt
ASL-Citizen/videos/47174671276139857-HAT.mp4,hat1,233,features_cache/47174671276139857-HAT.pt
ASL-Citizen/videos/6166240703539723-MONDAY.mp4,monday,263,features_cache/6166240703539723-MONDAY.pt
ASL-Citizen/videos/4433647360335806-DONT FEEL_LIKE.mp4,dontfeellike,190,features_cache/4433647360335806-DONT FEEL_LIKE.pt
ASL-Citizen/videos/7266634930515181-BIG.mp4,big,156,features_cache/7266634930515181-BIG.pt
ASL-Citizen/videos/7773877074443272-SMALL.mp4,small,155,features_cache/7773877074443272-SMALL.pt
ASL-Citizen/videos/8782854489533616-STUDY.mp4,study,69,features_cache/8782854489533616-STUDY.pt
ASL-Citizen/videos/8059159679176162-POLICEMAN.mp4,policeman1,152,features_cache/8059159679176162-POLICEMAN.pt
ASL-Citizen/videos/03554605558492718-ME.mp4,me,15,features_cache/03554605558492718-ME.pt
ASL-Citizen/videos/6865453372883275-HOSPITAL.mp4,hospital1,247,features_cache/6865453372883275-HOSPITAL.pt
ASL-Citizen/videos/8474387397013008-YELLOW.mp4,yellow,150,features_cache/8474387397013008-YELLOW.pt
ASL-Citizen/videos/7453541034941298-SHOP 1.mp4,shop2,103,features_cache/7453541034941298-SHOP 1.pt
ASL-Citizen/videos/813623611627083-PIZZA.mp4,pizza1,282,features_cache/813623611627083-PIZZA.pt
ASL-Citizen/videos/2590814753491968-WHO.mp4,who,13,features_cache/2590814753491968-WHO.pt
ASL-Citizen/videos/9606737155753842-FINE.mp4,fine1,225,features_cache/9606737155753842-FINE.pt
ASL-Citizen/videos/3518914916730942-FAST.mp4,fast,169,features_cache/3518914916730942-FAST.pt
ASL-Citizen/videos/524777456764691-DONT NEED.mp4,dontneed,194,features_cache/524777456764691-DONT NEED.pt
ASL-Citizen/videos/7980366744263454-BOY.mp4,boy,28,features_cache/7980366744263454-BOY.pt
ASL-Citizen/videos/649126252898258-COMPUTER.mp4,computer,113,features_cache/649126252898258-COMPUTER.pt
ASL-Citizen/videos/40229877453598006-SMALL.mp4,small,155,features_cache/40229877453598006-SMALL.pt
ASL-Citizen/videos/01653635897919692-YOU.mp4,you,14,features_cache/01653635897919692-YOU.pt
ASL-Citizen/videos/2833503746558905-WHAT 2.mp4,what1,11,features_cache/2833503746558905-WHAT 2.pt
ASL-Citizen/videos/6700586258529033-GAME.mp4,game,275,features_cache/6700586258529033-GAME.pt
ASL-Citizen/videos/4609461507319288-FISHING.mp4,fishing1,218,features_cache/4609461507319288-FISHING.pt
ASL-Citizen/videos/6762437534373142-UNDERSTAND.mp4,understand,79,features_cache/6762437534373142-UNDERSTAND.pt
ASL-Citizen/videos/6817762104884393-GREEN.mp4,green,149,features_cache/6817762104884393-GREEN.pt
ASL-Citizen/videos/6851909585608895-MEET.mp4,meet,276,features_cache/6851909585608895-MEET.pt
ASL-Citizen/videos/35453002868935335-WANT.mp4,want2,101,features_cache/35453002868935335-WANT.pt
ASL-Citizen/videos/10372200769813755-WASH HANDS.mp4,washhands,239,features_cache/10372200769813755-WASH HANDS.pt
ASL-Citizen/videos/9149471027743297-PIZZA 2.mp4,pizza2,283,features_cache/9149471027743297-PIZZA 2.pt
ASL-Citizen/videos/3596096190769984-LEFT.mp4,left,273,features_cache/3596096190769984-LEFT.pt
ASL-Citizen/videos/5651079602343521-seedMOTHER.mp4,mother,33,features_cache/5651079602343521-seedMOTHER.pt
ASL-Citizen/videos/7791424980867376-GOOD.mp4,good,3,features_cache/7791424980867376-GOOD.pt
ASL-Citizen/videos/52182646297618-TOMORROW.mp4,tomorrow,51,features_cache/52182646297618-TOMORROW.pt
ASL-Citizen/videos/3702604002311216-GO.mp4,go,70,features_cache/3702604002311216-GO.pt
ASL-Citizen/videos/021082697826027008-TIRED.mp4,tired,93,features_cache/021082697826027008-TIRED.pt
ASL-Citizen/videos/570638014197151-seedBOOK.mp4,book,108,features_cache/570638014197151-seedBOOK.pt
ASL-Citizen/videos/7530930644508076-seedFINISH.mp4,finish,120,features_cache/7530930644508076-seedFINISH.pt
ASL-Citizen/videos/26448644446252545-CHEAT 1.mp4,cheat1,245,features_cache/26448644446252545-CHEAT 1.pt
ASL-Citizen/videos/5215592040153327-WHEN.mp4,when,38,features_cache/5215592040153327-WHEN.pt
ASL-Citizen/videos/7101379684268079-PIZZA.mp4,pizza1,282,features_cache/7101379684268079-PIZZA.pt
ASL-Citizen/videos/7033812288970933-HOSPITAL 2.mp4,hospital2,248,features_cache/7033812288970933-HOSPITAL 2.pt
ASL-Citizen/videos/6365752251096612-WASH MACHINE.mp4,washmachine,240,features_cache/6365752251096612-WASH MACHINE.pt
ASL-Citizen/videos/6564399114595247-SKIRT.mp4,skirt,167,features_cache/6564399114595247-SKIRT.pt
ASL-Citizen/videos/5885899384323652-SHOP 1.mp4,shop2,103,features_cache/5885899384323652-SHOP 1.pt
ASL-Citizen/videos/9942858017835066-HAT.mp4,hat1,233,features_cache/9942858017835066-HAT.pt
ASL-Citizen/videos/7600984398237483-THREE.mp4,three,198,features_cache/7600984398237483-THREE.pt
ASL-Citizen/videos/8108861250431312-seedLOVE.mp4,love,98,features_cache/8108861250431312-seedLOVE.pt
ASL-Citizen/videos/9366580352664862-LOST.mp4,lost,274,features_cache/9366580352664862-LOST.pt
ASL-Citizen/videos/7401311396654036-WASH MACHINE.mp4,washmachine,240,features_cache/7401311396654036-WASH MACHINE.pt
ASL-Citizen/videos/5152555138873871-RELAX.mp4,relax1,288,features_cache/5152555138873871-RELAX.pt
ASL-Citizen/videos/2737970899611304-ICECREAM.mp4,icecream,187,features_cache/2737970899611304-ICECREAM.pt
ASL-Citizen/videos/25636075116194657-DONT MIND.mp4,dontmind,193,features_cache/25636075116194657-DONT MIND.pt
ASL-Citizen/videos/6729052378234341-BOX.mp4,box,139,features_cache/6729052378234341-BOX.pt
ASL-Citizen/videos/3869989642963936-BOX.mp4,box,139,features_cache/3869989642963936-BOX.pt
ASL-Citizen/videos/8679847374335452-READ.mp4,read,134,features_cache/8679847374335452-READ.pt
ASL-Citizen/videos/47737953692529755-SIDE.mp4,side,87,features_cache/47737953692529755-SIDE.pt
ASL-Citizen/videos/9930262519706274-WASH MACHINE.mp4,washmachine,240,features_cache/9930262519706274-WASH MACHINE.pt
ASL-Citizen/videos/9825146554340649-HAT 2.mp4,hat2,234,features_cache/9825146554340649-HAT 2.pt
ASL-Citizen/videos/5472668818166875-NOT UNDERSTAND.mp4,notunderstand,269,features_cache/5472668818166875-NOT UNDERSTAND.pt
ASL-Citizen/videos/11089491353830105-COFFEE.mp4,coffee,131,features_cache/11089491353830105-COFFEE.pt
ASL-Citizen/videos/30163868001403205-WHY.mp4,why,39,features_cache/30163868001403205-WHY.pt
ASL-Citizen/videos/7833883874477823-HAIR 2.mp4,hair2,230,features_cache/7833883874477823-HAIR 2.pt
ASL-Citizen/videos/7275550135371469-IMPROVE.mp4,improve,154,features_cache/7275550135371469-IMPROVE.pt
ASL-Citizen/videos/6591528070744967-WHY NOT.mp4,whynot,40,features_cache/6591528070744967-WHY NOT.pt
ASL-Citizen/videos/7100160952925088-GO.mp4,go,70,features_cache/7100160952925088-GO.pt
ASL-Citizen/videos/8119655895548867-FOOTBALL.mp4,football,214,features_cache/8119655895548867-FOOTBALL.pt
ASL-Citizen/videos/7559675753022133-LONG.mp4,long,179,features_cache/7559675753022133-LONG.pt
ASL-Citizen/videos/5510328783059422-HOLD 2.mp4,hold2,252,features_cache/5510328783059422-HOLD 2.pt
ASL-Citizen/videos/2795008669013317-OK.mp4,ok,136,features_cache/2795008669013317-OK.pt
ASL-Citizen/videos/2980803225080717-DRINK 2.mp4,drink2,65,features_cache/2980803225080717-DRINK 2.pt
ASL-Citizen/videos/410423529993996-SHORT WORD.mp4,shortword,161,features_cache/410423529993996-SHORT WORD.pt
ASL-Citizen/videos/214143352672429-HAPPY.mp4,happy,90,features_cache/214143352672429-HAPPY.pt
ASL-Citizen/videos/3688651706716082-PIZZA.mp4,pizza1,282,features_cache/3688651706716082-PIZZA.pt
ASL-Citizen/videos/9807956157005397-seedUNDERSTAND.mp4,understand,79,features_cache/9807956157005397-seedUNDERSTAND.pt
ASL-Citizen/videos/5584555568489951-SEVEN.mp4,seven,201,features_cache/5584555568489951-SEVEN.pt
ASL-Citizen/videos/30471262925487697-MONEY.mp4,money1,109,features_cache/30471262925487697-MONEY.pt
ASL-Citizen/videos/8428250904922814-JUICE 1.mp4,juice2,128,features_cache/8428250904922814-JUICE 1.pt
ASL-Citizen/videos/9399480572843995-SMALL.mp4,small,155,features_cache/9399480572843995-SMALL.pt
ASL-Citizen/videos/3434800756655605-YOURSELF.mp4,yourself,19,features_cache/3434800756655605-YOURSELF.pt
ASL-Citizen/videos/5597756711675372-NEED.mp4,need,118,features_cache/5597756711675372-NEED.pt
ASL-Citizen/videos/6462406278843633-WAIT.mp4,wait,76,features_cache/6462406278843633-WAIT.pt
ASL-Citizen/videos/9588496367896835-HUG.mp4,hug,254,features_cache/9588496367896835-HUG.pt
ASL-Citizen/videos/19115013411709159-BLUE.mp4,blue,148,features_cache/19115013411709159-BLUE.pt
ASL-Citizen/videos/9003102290476375-FISH.mp4,fish,217,features_cache/9003102290476375-FISH.pt
ASL-Citizen/videos/36938644349320904-MOUTH.mp4,mouth,111,features_cache/36938644349320904-MOUTH.pt
ASL-Citizen/videos/9036351636541202-HARD.mp4,hard,232,features_cache/9036351636541202-HARD.pt
ASL-Citizen/videos/9517471737897159-HAIR.mp4,hair1,229,features_cache/9517471737897159-HAIR.pt
ASL-Citizen/videos/6070369210988702-WANT 2.mp4,want1,100,features_cache/6070369210988702-WANT 2.pt
ASL-Citizen/videos/6343693205934693-SHORT WORD.mp4,shortword,161,features_cache/6343693205934693-SHORT WORD.pt
ASL-Citizen/videos/7082471611464682-CANNOT.mp4,cannot,116,features_cache/7082471611464682-CANNOT.pt
ASL-Citizen/videos/7203692682452196-BASKETBALL 2.mp4,basketball3,213,features_cache/7203692682452196-BASKETBALL 2.pt
ASL-Citizen/videos/4592926945829485-WANT 2.mp4,want1,100,features_cache/4592926945829485-WANT 2.pt
ASL-Citizen/videos/12258829170617513-CAR ACCIDENT.mp4,caraccident,141,features_cache/12258829170617513-CAR ACCIDENT.pt
ASL-Citizen/videos/6732040687327616-THREE.mp4,three,198,features_cache/6732040687327616-THREE.pt
ASL-Citizen/videos/461883720842444-COFFEE.mp4,coffee,131,features_cache/461883720842444-COFFEE.pt
ASL-Citizen/videos/18539733816419912-HOT.mp4,hot,244,features_cache/18539733816419912-HOT.pt
ASL-Citizen/videos/7669593382662208-PEN.mp4,pen,281,features_cache/7669593382662208-PEN.pt
ASL-Citizen/videos/8004689290030678-MYSELF.mp4,myself,17,features_cache/8004689290030678-MYSELF.pt
ASL-Citizen/videos/38186637601711904-RAIN.mp4,rain,206,features_cache/38186637601711904-RAIN.pt
ASL-Citizen/videos/6530217528561999-ACCIDENT.mp4,accident,142,features_cache/6530217528561999-ACCIDENT.pt
ASL-Citizen/videos/9015640974671153-HAIRCUT.mp4,haircut,231,features_cache/9015640974671153-HAIRCUT.pt
ASL-Citizen/videos/018213254785876654-GUM.mp4,gum,228,features_cache/018213254785876654-GUM.pt
ASL-Citizen/videos/3017291812844134-FOREST.mp4,forest,126,features_cache/3017291812844134-FOREST.pt
ASL-Citizen/videos/583219774394824-PLEASE.mp4,please,5,features_cache/583219774394824-PLEASE.pt
ASL-Citizen/videos/7597723277213178-HELLO.mp4,hello,0,features_cache/7597723277213178-HELLO.pt
ASL-Citizen/videos/04767856717262209-RAINBOW.mp4,rainbow,207,features_cache/04767856717262209-RAINBOW.pt
ASL-Citizen/videos/43850343684093573-SISTER.mp4,sister,36,features_cache/43850343684093573-SISTER.pt
ASL-Citizen/videos/6362923651535677-LOCK.mp4,lock1,184,features_cache/6362923651535677-LOCK.pt
ASL-Citizen/videos/6147678260624159-MAN.mp4,man,30,features_cache/6147678260624159-MAN.pt
ASL-Citizen/videos/8678843065070294-FEW.mp4,few,1,features_cache/8678843065070294-FEW.pt
ASL-Citizen/videos/9348316265500123-WASH MACHINE.mp4,washmachine,240,features_cache/9348316265500123-WASH MACHINE.pt
ASL-Citizen/videos/8018557080548603-RIGHT 1.mp4,right1,291,features_cache/8018557080548603-RIGHT 1.pt
ASL-Citizen/videos/011107081071308533-FRIEND.mp4,friend,26,features_cache/011107081071308533-FRIEND.pt
ASL-Citizen/videos/42282162571947923-JUICE 2.mp4,juice1,127,features_cache/42282162571947923-JUICE 2.pt
ASL-Citizen/videos/40555239403813315-TALK 2.mp4,talk2,89,features_cache/40555239403813315-TALK 2.pt
ASL-Citizen/videos/5268798024931471-BEFORE.mp4,before,122,features_cache/5268798024931471-BEFORE.pt
ASL-Citizen/videos/6635655797958437-NEED.mp4,need,118,features_cache/6635655797958437-NEED.pt
ASL-Citizen/videos/6009435442583633-GREEN.mp4,green,149,features_cache/6009435442583633-GREEN.pt
ASL-Citizen/videos/7641377252718362-FRIENDLY.mp4,friendly,27,features_cache/7641377252718362-FRIENDLY.pt
ASL-Citizen/videos/7280683399053265-LOCK.mp4,lock1,184,features_cache/7280683399053265-LOCK.pt
ASL-Citizen/videos/8717820413596085-CHECK.mp4,check,249,features_cache/8717820413596085-CHECK.pt
ASL-Citizen/videos/03796928114028275-PURPLE.mp4,purple,286,features_cache/03796928114028275-PURPLE.pt
ASL-Citizen/videos/07309619016174085-JUICE 2.mp4,juice1,127,features_cache/07309619016174085-JUICE 2.pt
ASL-Citizen/videos/8048992972991538-RUN 2.mp4,run2,296,features_cache/8048992972991538-RUN 2.pt
ASL-Citizen/videos/05621943739652169-seedHAT 2.mp4,hat2,234,features_cache/05621943739652169-seedHAT 2.pt
ASL-Citizen/videos/03024145767370201-DONT LIKE.mp4,dontlike,192,features_cache/03024145767370201-DONT LIKE.pt
ASL-Citizen/videos/15880452209619778-seedSHOWER.mp4,shower,86,features_cache/15880452209619778-seedSHOWER.pt
ASL-Citizen/videos/08964025741730142-COCONUT.mp4,coconut,132,features_cache/08964025741730142-COCONUT.pt
ASL-Citizen/videos/9008308735550123-FOR.mp4,for,215,features_cache/9008308735550123-FOR.pt
ASL-Citizen/videos/9350853025929522-HAPPY.mp4,happy,90,features_cache/9350853025929522-HAPPY.pt
ASL-Citizen/videos/39072102417686616-DONT LIKE.mp4,dontlike,192,features_cache/39072102417686616-DONT LIKE.pt
ASL-Citizen/videos/2296966005698584-OVER.mp4,over,260,features_cache/2296966005698584-OVER.pt
ASL-Citizen/videos/3679140181969016-POLICEMAN 2.mp4,policeman2,153,features_cache/3679140181969016-POLICEMAN 2.pt
ASL-Citizen/videos/5848819832620695-SHORT PERSON.mp4,shortperson,159,features_cache/5848819832620695-SHORT PERSON.pt
ASL-Citizen/videos/47165375589336156-CAN 2.mp4,can2,115,features_cache/47165375589336156-CAN 2.pt
ASL-Citizen/videos/8799769684729675-HAT.mp4,hat1,233,features_cache/8799769684729675-HAT.pt
ASL-Citizen/videos/07866629616489296-TIME.mp4,time,178,features_cache/07866629616489296-TIME.pt
ASL-Citizen/videos/7004134978950136-TIRED OF.mp4,tiredof,94,features_cache/7004134978950136-TIRED OF.pt
ASL-Citizen/videos/3183981707552783-AFTER.mp4,after,123,features_cache/3183981707552783-AFTER.pt
ASL-Citizen/videos/02143150455074827-WASH 3.mp4,wash2,242,features_cache/02143150455074827-WASH 3.pt
ASL-Citizen/videos/5907336185978251-WHAT 2.mp4,what1,11,features_cache/5907336185978251-WHAT 2.pt
ASL-Citizen/videos/016094158151485072-MY.mp4,my,16,features_cache/016094158151485072-MY.pt
ASL-Citizen/videos/8591646328654394-FOREST.mp4,forest,126,features_cache/8591646328654394-FOREST.pt
ASL-Citizen/videos/01379619951634381-NO.mp4,no,9,features_cache/01379619951634381-NO.pt
ASL-Citizen/videos/4355480080455063-LONG AGO.mp4,longago,180,features_cache/4355480080455063-LONG AGO.pt
ASL-Citizen/videos/4863986785207244-PULL.mp4,pull,284,features_cache/4863986785207244-PULL.pt
ASL-Citizen/videos/4368126942072501-RUN 2.mp4,run2,296,features_cache/4368126942072501-RUN 2.pt
ASL-Citizen/videos/234623436509398-HUG.mp4,hug,254,features_cache/234623436509398-HUG.pt
ASL-Citizen/videos/6395548397632866-CAN 2.mp4,can2,115,features_cache/6395548397632866-CAN 2.pt
ASL-Citizen/videos/15075580144096845-IN.mp4,in,256,features_cache/15075580144096845-IN.pt
ASL-Citizen/videos/9501738807945013-seedWASH FACE_1.mp4,washface1,237,features_cache/9501738807945013-seedWASH FACE_1.pt
ASL-Citizen/videos/6761099411780225-FOURTH.mp4,fourth,222,features_cache/6761099411780225-FOURTH.pt
ASL-Citizen/videos/5507484645756615-MAN.mp4,man,30,features_cache/5507484645756615-MAN.pt
ASL-Citizen/videos/004781946295929318-FRIEND.mp4,friend,26,features_cache/004781946295929318-FRIEND.pt
ASL-Citizen/videos/31742888688212156-BASKETBALL 2.mp4,basketball3,213,features_cache/31742888688212156-BASKETBALL 2.pt
ASL-Citizen/videos/7072634397394595-BYE.mp4,bye,2,features_cache/7072634397394595-BYE.pt
ASL-Citizen/videos/8670853358798363-QM.mp4,qm,285,features_cache/8670853358798363-QM.pt
ASL-Citizen/videos/3879414336508915-TALL 2.mp4,tall1,175,features_cache/3879414336508915-TALL 2.pt
ASL-Citizen/videos/9962952560797529-TALL.mp4,tall2,176,features_cache/9962952560797529-TALL.pt
ASL-Citizen/videos/8021839884054152-INSIDE.mp4,inside,257,features_cache/8021839884054152-INSIDE.pt
ASL-Citizen/videos/5230063842602348-HERE.mp4,here,45,features_cache/5230063842602348-HERE.pt
ASL-Citizen/videos/7949225599155112-WOMAN.mp4,woman1,31,features_cache/7949225599155112-WOMAN.pt
ASL-Citizen/videos/5746654203349242-TALL.mp4,tall2,176,features_cache/5746654203349242-TALL.pt
ASL-Citizen/videos/07753671674949336-TALK.mp4,talk1,88,features_cache/07753671674949336-TALK.pt
ASL-Citizen/videos/05214904253811725-READ.mp4,read,134,features_cache/05214904253811725-READ.pt
ASL-Citizen/videos/2521736675226627-TINY.mp4,tiny,157,features_cache/2521736675226627-TINY.pt
ASL-Citizen/videos/3561770917724887-RIGHT 1.mp4,right1,291,features_cache/3561770917724887-RIGHT 1.pt
ASL-Citizen/videos/5134737021726334-THREE.mp4,three,198,features_cache/5134737021726334-THREE.pt
ASL-Citizen/videos/740862240979959-HUG.mp4,hug,254,features_cache/740862240979959-HUG.pt
ASL-Citizen/videos/5528663456089828-CHEAT 2.mp4,cheat2,246,features_cache/5528663456089828-CHEAT 2.pt
ASL-Citizen/videos/6447196084149984-NOW.mp4,now,53,features_cache/6447196084149984-NOW.pt
ASL-Citizen/videos/8471836538815907-YELLOW.mp4,yellow,150,features_cache/8471836538815907-YELLOW.pt
ASL-Citizen/videos/45357856584990053-FACE.mp4,face,250,features_cache/45357856584990053-FACE.pt
ASL-Citizen/videos/8877340171713295-SIGN.mp4,sign,298,features_cache/8877340171713295-SIGN.pt
ASL-Citizen/videos/20712970403642705-FACE.mp4,face,250,features_cache/20712970403642705-FACE.pt
ASL-Citizen/videos/6785114540405601-OK.mp4,ok,136,features_cache/6785114540405601-OK.pt
ASL-Citizen/videos/6504039194102542-BLACK.mp4,black,145,features_cache/6504039194102542-BLACK.pt
ASL-Citizen/videos/046600423860213125-HAT.mp4,hat1,233,features_cache/046600423860213125-HAT.pt
ASL-Citizen/videos/4315928891640657-BROTHER.mp4,brother,35,features_cache/4315928891640657-BROTHER.pt
ASL-Citizen/videos/8237538118192598-NOW.mp4,now,53,features_cache/8237538118192598-NOW.pt
ASL-Citizen/videos/5222576863044399-NAME.mp4,name,10,features_cache/5222576863044399-NAME.pt
ASL-Citizen/videos/15020031718495486-UP.mp4,up,271,features_cache/15020031718495486-UP.pt
ASL-Citizen/videos/5053058607957088-HIS.mp4,his,20,features_cache/5053058607957088-HIS.pt
ASL-Citizen/videos/9387029049305324-OLD.mp4,old,278,features_cache/9387029049305324-OLD.pt
ASL-Citizen/videos/2935343968735329-LIKE.mp4,like,99,features_cache/2935343968735329-LIKE.pt
ASL-Citizen/videos/6721385997956766-GO.mp4,go,70,features_cache/6721385997956766-GO.pt
ASL-Citizen/videos/3406593347526188-DONT LIKE.mp4,dontlike,192,features_cache/3406593347526188-DONT LIKE.pt
ASL-Citizen/videos/3044795316340403-OLD.mp4,old,278,features_cache/3044795316340403-OLD.pt
ASL-Citizen/videos/88745308764556-OLD.mp4,old,278,features_cache/88745308764556-OLD.pt
ASL-Citizen/videos/2721865535116479-FINE 2.mp4,fine2,226,features_cache/2721865535116479-FINE 2.pt
ASL-Citizen/videos/5213050714749854-THURSDAY.mp4,thursday,262,features_cache/5213050714749854-THURSDAY.pt
ASL-Citizen/videos/7350299844158996-CHEAT 2.mp4,cheat2,246,features_cache/7350299844158996-CHEAT 2.pt
ASL-Citizen/videos/3104171211008371-WASH FACE_1.mp4,washface1,237,features_cache/3104171211008371-WASH FACE_1.pt
ASL-Citizen/videos/9602965376964985-HEAR 2.mp4,hear2,22,features_cache/9602965376964985-HEAR 2.pt
ASL-Citizen/videos/7057474129672285-THANK YOU.mp4,thankyou,6,features_cache/7057474129672285-THANK YOU.pt
ASL-Citizen/videos/7038003061393994-PERSON.mp4,person,151,features_cache/7038003061393994-PERSON.pt
ASL-Citizen/videos/6824707966702848-SHOT.mp4,shot,162,features_cache/6824707966702848-SHOT.pt
ASL-Citizen/videos/7815897175027569-YESTERDAY.mp4,yesterday,52,features_cache/7815897175027569-YESTERDAY.pt
ASL-Citizen/videos/7225775683164837-AFTER.mp4,after,123,features_cache/7225775683164837-AFTER.pt
ASL-Citizen/videos/4283971549933443-POLICEMAN.mp4,policeman1,152,features_cache/4283971549933443-POLICEMAN.pt
ASL-Citizen/videos/9036149331863652-seedTHURSDAY.mp4,thursday,262,features_cache/9036149331863652-seedTHURSDAY.pt
ASL-Citizen/videos/27108125943989636-MONTH.mp4,month,60,features_cache/27108125943989636-MONTH.pt
ASL-Citizen/videos/22774843825156066-OLD.mp4,old,278,features_cache/22774843825156066-OLD.pt
ASL-Citizen/videos/09630676489226286-BREAD.mp4,bread,138,features_cache/09630676489226286-BREAD.pt
ASL-Citizen/videos/8424140836485605-RELAX.mp4,relax1,288,features_cache/8424140836485605-RELAX.pt
ASL-Citizen/videos/5448242559376495-WASH 1.mp4,wash1,241,features_cache/5448242559376495-WASH 1.pt
ASL-Citizen/videos/14364550029901446-POLICEMAN.mp4,policeman1,152,features_cache/14364550029901446-POLICEMAN.pt
ASL-Citizen/videos/8483682803199779-ROAD.mp4,road,297,features_cache/8483682803199779-ROAD.pt
ASL-Citizen/videos/22517045161179094-TELL.mp4,tell,83,features_cache/22517045161179094-TELL.pt
ASL-Citizen/videos/10864907962585901-LONG AGO.mp4,longago,180,features_cache/10864907962585901-LONG AGO.pt
ASL-Citizen/videos/741422728364364-FISHING 2.mp4,fishing2,219,features_cache/741422728364364-FISHING 2.pt
ASL-Citizen/videos/8233596431400674-MEET.mp4,meet,276,features_cache/8233596431400674-MEET.pt
ASL-Citizen/videos/895022317746502-MY.mp4,my,16,features_cache/895022317746502-MY.pt
ASL-Citizen/videos/8875228820715491-RIGHT 1.mp4,right1,291,features_cache/8875228820715491-RIGHT 1.pt
ASL-Citizen/videos/5991757826723607-YEAR.mp4,year,61,features_cache/5991757826723607-YEAR.pt
ASL-Citizen/videos/24023101240023603-IN.mp4,in,256,features_cache/24023101240023603-IN.pt
ASL-Citizen/videos/5307745611208445-LOST.mp4,lost,274,features_cache/5307745611208445-LOST.pt
ASL-Citizen/videos/17339057849597905-GAME.mp4,game,275,features_cache/17339057849597905-GAME.pt
ASL-Citizen/videos/08513757310623649-ANGRY.mp4,angry,92,features_cache/08513757310623649-ANGRY.pt
ASL-Citizen/videos/3000727886718244-EAT 2.mp4,eat2,63,features_cache/3000727886718244-EAT 2.pt
ASL-Citizen/videos/04965470419126761-GAME.mp4,game,275,features_cache/04965470419126761-GAME.pt
ASL-Citizen/videos/8448196339727241-ONE.mp4,one,196,features_cache/8448196339727241-ONE.pt
ASL-Citizen/videos/5822463684411485-FOR.mp4,for,215,features_cache/5822463684411485-FOR.pt
ASL-Citizen/videos/5406380076043125-TALL.mp4,tall2,176,features_cache/5406380076043125-TALL.pt
ASL-Citizen/videos/8427112039714342-WASH MACHINE.mp4,washmachine,240,features_cache/8427112039714342-WASH MACHINE.pt
ASL-Citizen/videos/10267126113165492-SHOT.mp4,shot,162,features_cache/10267126113165492-SHOT.pt
ASL-Citizen/videos/07605700088382661-MILK.mp4,milk1,129,features_cache/07605700088382661-MILK.pt
ASL-Citizen/videos/5203155274355433-MOUTH.mp4,mouth,111,features_cache/5203155274355433-MOUTH.pt
ASL-Citizen/videos/9206686642139341-GAME.mp4,game,275,features_cache/9206686642139341-GAME.pt
ASL-Citizen/videos/60747246290653-HOTEL.mp4,hotel,105,features_cache/60747246290653-HOTEL.pt
ASL-Citizen/videos/601711486647929-HOTEL.mp4,hotel,105,features_cache/601711486647929-HOTEL.pt
ASL-Citizen/videos/3176963790933418-FACE.mp4,face,250,features_cache/3176963790933418-FACE.pt
ASL-Citizen/videos/47930207467201935-COMPUTER.mp4,computer,113,features_cache/47930207467201935-COMPUTER.pt
ASL-Citizen/videos/4344488363060912-BALL.mp4,ball,210,features_cache/4344488363060912-BALL.pt
ASL-Citizen/videos/7833854125076765-CAR.mp4,car,106,features_cache/7833854125076765-CAR.pt
ASL-Citizen/videos/941475953685674-UNDERSTAND.mp4,understand,79,features_cache/941475953685674-UNDERSTAND.pt
ASL-Citizen/videos/8596007602362212-SEE.mp4,see,200,features_cache/8596007602362212-SEE.pt
ASL-Citizen/videos/4609040369113997-DONT MIND.mp4,dontmind,193,features_cache/4609040369113997-DONT MIND.pt
ASL-Citizen/videos/9311193287262545-HEAR 1.mp4,hear1,21,features_cache/9311193287262545-HEAR 1.pt
ASL-Citizen/videos/09099856380963733-HAIR.mp4,hair1,229,features_cache/09099856380963733-HAIR.pt
ASL-Citizen/videos/1418500594169667-LONG TIME.mp4,longtime,182,features_cache/1418500594169667-LONG TIME.pt
ASL-Citizen/videos/4752142917519069-RESTAURANT.mp4,restaurant,104,features_cache/4752142917519069-RESTAURANT.pt
ASL-Citizen/videos/32239543799238746-PIZZA.mp4,pizza1,282,features_cache/32239543799238746-PIZZA.pt
ASL-Citizen/videos/2571676670148062-UP.mp4,up,271,features_cache/2571676670148062-UP.pt
ASL-Citizen/videos/9644051763540258-THUNDER.mp4,thunder,261,features_cache/9644051763540258-THUNDER.pt
ASL-Citizen/videos/6932089918973738-BASKETBALL.mp4,basketball1,211,features_cache/6932089918973738-BASKETBALL.pt
ASL-Citizen/videos/18167694443493398-BLUE.mp4,blue,148,features_cache/18167694443493398-BLUE.pt
ASL-Citizen/videos/3873300449534989-WEAK.mp4,weak,59,features_cache/3873300449534989-WEAK.pt
ASL-Citizen/videos/6363494051663907-WAIT.mp4,wait,76,features_cache/6363494051663907-WAIT.pt
ASL-Citizen/videos/611662781142956-WEEK.mp4,week,58,features_cache/611662781142956-WEEK.pt
ASL-Citizen/videos/37261957146756175-FAMILY.mp4,family,25,features_cache/37261957146756175-FAMILY.pt
ASL-Citizen/videos/7262872200367188-seedHIS.mp4,his,20,features_cache/7262872200367188-seedHIS.pt
ASL-Citizen/videos/1866812929675714-AFTER.mp4,after,123,features_cache/1866812929675714-AFTER.pt
ASL-Citizen/videos/27099967632967203-seedMONEY 2.mp4,money2,110,features_cache/27099967632967203-seedMONEY 2.pt
ASL-Citizen/videos/21779097888101995-CHECK.mp4,check,249,features_cache/21779097888101995-CHECK.pt
ASL-Citizen/videos/1890921247559474-THEY 2.mp4,they2,24,features_cache/1890921247559474-THEY 2.pt
ASL-Citizen/videos/8488034715697461-SHOP.mp4,shop1,102,features_cache/8488034715697461-SHOP.pt
ASL-Citizen/videos/9662843888411099-TELL.mp4,tell,83,features_cache/9662843888411099-TELL.pt
ASL-Citizen/videos/18176844654801472-CAR ACCIDENT.mp4,caraccident,141,features_cache/18176844654801472-CAR ACCIDENT.pt
ASL-Citizen/videos/8461654509651795-LOCK.mp4,lock1,184,features_cache/8461654509651795-LOCK.pt
ASL-Citizen/videos/1257229740442749-ONE.mp4,one,196,features_cache/1257229740442749-ONE.pt
ASL-Citizen/videos/3742268556881354-SATURDAY.mp4,saturday,267,features_cache/3742268556881354-SATURDAY.pt
ASL-Citizen/videos/9562392038387719-IN.mp4,in,256,features_cache/9562392038387719-IN.pt
ASL-Citizen/videos/916286415627332-OUTSIDE.mp4,outside,259,features_cache/916286415627332-OUTSIDE.pt
ASL-Citizen/videos/0020247732352038916-WATER.mp4,water,112,features_cache/0020247732352038916-WATER.pt
ASL-Citizen/videos/3465330154858288-PULL.mp4,pull,284,features_cache/3465330154858288-PULL.pt
ASL-Citizen/videos/7977634970502872-DONT FEEL_LIKE.mp4,dontfeellike,190,features_cache/7977634970502872-DONT FEEL_LIKE.pt
ASL-Citizen/videos/8227868379853136-STEAK.mp4,steak,299,features_cache/8227868379853136-STEAK.pt
ASL-Citizen/videos/3280234496255292-SICK.mp4,sick,95,features_cache/3280234496255292-SICK.pt
ASL-Citizen/videos/8341336597329694-MORE.mp4,more,119,features_cache/8341336597329694-MORE.pt
ASL-Citizen/videos/6542147977884243-YEAR.mp4,year,61,features_cache/6542147977884243-YEAR.pt
ASL-Citizen/videos/31921160795841863-STOP.mp4,stop,300,features_cache/31921160795841863-STOP.pt
ASL-Citizen/videos/8733418056669557-FALL 1.mp4,fall1,173,features_cache/8733418056669557-FALL 1.pt
ASL-Citizen/videos/9964601084801226-HOLIDAY.mp4,holiday,253,features_cache/9964601084801226-HOLIDAY.pt
ASL-Citizen/videos/6090940087363164-SHORT PERSON.mp4,shortperson,159,features_cache/6090940087363164-SHORT PERSON.pt
ASL-Citizen/videos/08601207653804144-ON.mp4,on,279,features_cache/08601207653804144-ON.pt
ASL-Citizen/videos/44658163668126827-HARD.mp4,hard,232,features_cache/44658163668126827-HARD.pt
ASL-Citizen/videos/34078816314143934-seedON.mp4,on,279,features_cache/34078816314143934-seedON.pt
ASL-Citizen/videos/8216608296506718-GIRL.mp4,girl,29,features_cache/8216608296506718-GIRL.pt
ASL-Citizen/videos/7157386044540075-DRINK 2.mp4,drink2,65,features_cache/7157386044540075-DRINK 2.pt
ASL-Citizen/videos/31404819346562585-HOLD 2.mp4,hold2,252,features_cache/31404819346562585-HOLD 2.pt
ASL-Citizen/videos/24717630255156675-OUT.mp4,out,258,features_cache/24717630255156675-OUT.pt
ASL-Citizen/videos/4395266319587732-IN.mp4,in,256,features_cache/4395266319587732-IN.pt
ASL-Citizen/videos/6045778841848166-HOLIDAY.mp4,holiday,253,features_cache/6045778841848166-HOLIDAY.pt
ASL-Citizen/videos/43210557578051034-LATER.mp4,later,54,features_cache/43210557578051034-LATER.pt
ASL-Citizen/videos/8015873013126795-WASH FACE_2.mp4,washface2,238,features_cache/8015873013126795-WASH FACE_2.pt
ASL-Citizen/videos/6023129308188109-FOR.mp4,for,215,features_cache/6023129308188109-FOR.pt
ASL-Citizen/videos/823557454867716-SMALL.mp4,small,155,features_cache/823557454867716-SMALL.pt
ASL-Citizen/videos/7017362135157239-LOUD.mp4,loud,97,features_cache/7017362135157239-LOUD.pt
ASL-Citizen/videos/3162310724287807-HIS.mp4,his,20,features_cache/3162310724287807-HIS.pt
ASL-Citizen/videos/9641757994089148-SKIRT.mp4,skirt,167,features_cache/9641757994089148-SKIRT.pt
ASL-Citizen/videos/87897827260682-FISHING 2.mp4,fishing2,219,features_cache/87897827260682-FISHING 2.pt
ASL-Citizen/videos/4926491933719179-STEAK.mp4,steak,299,features_cache/4926491933719179-STEAK.pt
ASL-Citizen/videos/30228091684040814-DINNER 2.mp4,dinner2,171,features_cache/30228091684040814-DINNER 2.pt
ASL-Citizen/videos/5300191533671401-BROTHER.mp4,brother,35,features_cache/5300191533671401-BROTHER.pt
ASL-Citizen/videos/234754708953965-ROAD.mp4,road,297,features_cache/234754708953965-ROAD.pt
ASL-Citizen/videos/6126331658791906-SEE.mp4,see,200,features_cache/6126331658791906-SEE.pt
ASL-Citizen/videos/964897892640955-FIRST.mp4,first,216,features_cache/964897892640955-FIRST.pt
ASL-Citizen/videos/5006808666383471-LOST.mp4,lost,274,features_cache/5006808666383471-LOST.pt
ASL-Citizen/videos/7872690020669608-FACE.mp4,face,250,features_cache/7872690020669608-FACE.pt
ASL-Citizen/videos/03504395991070819-FACE.mp4,face,250,features_cache/03504395991070819-FACE.pt
ASL-Citizen/videos/02185976473813267-SCHOOL.mp4,school,49,features_cache/02185976473813267-SCHOOL.pt
ASL-Citizen/videos/1178260244339504-YOUR.mp4,your,18,features_cache/1178260244339504-YOUR.pt
ASL-Citizen/videos/834862039759457-HURT.mp4,hurt,255,features_cache/834862039759457-HURT.pt
ASL-Citizen/videos/32342619342139356-THERE.mp4,there,46,features_cache/32342619342139356-THERE.pt
ASL-Citizen/videos/12588169530081594-TEAR.mp4,tear,177,features_cache/12588169530081594-TEAR.pt
ASL-Citizen/videos/7537023171746606-DOWN.mp4,down,272,features_cache/7537023171746606-DOWN.pt
ASL-Citizen/videos/3098607539628562-BOY.mp4,boy,28,features_cache/3098607539628562-BOY.pt
ASL-Citizen/videos/2036937846086384-LOCK 2.mp4,lock2,185,features_cache/2036937846086384-LOCK 2.pt
ASL-Citizen/videos/32210749460141397-TUESDAY.mp4,tuesday,264,features_cache/32210749460141397-TUESDAY.pt
ASL-Citizen/videos/7427956686831865-DONT KNOW.mp4,dontknow,191,features_cache/7427956686831865-DONT KNOW.pt
ASL-Citizen/videos/5327888311124136-SHORT DISTANCE.mp4,shortdistance,158,features_cache/5327888311124136-SHORT DISTANCE.pt
ASL-Citizen/videos/9975042171428656-THEY.mp4,they1,23,features_cache/9975042171428656-THEY.pt
ASL-Citizen/videos/020348353483319093-SHOWER.mp4,shower,86,features_cache/020348353483319093-SHOWER.pt
ASL-Citizen/videos/4396925655719641-NINE.mp4,nine,203,features_cache/4396925655719641-NINE.pt
ASL-Citizen/videos/09185137973370061-BOY.mp4,boy,28,features_cache/09185137973370061-BOY.pt
ASL-Citizen/videos/5024114977669767-READY.mp4,ready,135,features_cache/5024114977669767-READY.pt
ASL-Citizen/videos/41954614425506565-WHICH.mp4,which,43,features_cache/41954614425506565-WHICH.pt
ASL-Citizen/videos/774703050634578-LEAVE.mp4,leave,74,features_cache/774703050634578-LEAVE.pt
ASL-Citizen/videos/2604397810129897-MILK.mp4,milk1,129,features_cache/2604397810129897-MILK.pt
ASL-Citizen/videos/23239426425542065-TALL 2.mp4,tall1,175,features_cache/23239426425542065-TALL 2.pt
ASL-Citizen/videos/2616083634897459-WHICH.mp4,which,43,features_cache/2616083634897459-WHICH.pt
ASL-Citizen/videos/32037141981026096-MILK 2.mp4,milk2,130,features_cache/32037141981026096-MILK 2.pt
ASL-Citizen/videos/6987461352824034-TALL 2.mp4,tall1,175,features_cache/6987461352824034-TALL 2.pt
ASL-Citizen/videos/5775017523482058-MONDAY.mp4,monday,263,features_cache/5775017523482058-MONDAY.pt
ASL-Citizen/videos/8980531534841563-HEAR 1.mp4,hear1,21,features_cache/8980531534841563-HEAR 1.pt
ASL-Citizen/videos/26054487231271284-PIZZA 2.mp4,pizza2,283,features_cache/26054487231271284-PIZZA 2.pt
ASL-Citizen/videos/7496447065789817-HOTEL.mp4,hotel,105,features_cache/7496447065789817-HOTEL.pt
ASL-Citizen/videos/27180519126803837-DOWN.mp4,down,272,features_cache/27180519126803837-DOWN.pt
ASL-Citizen/videos/6326777304075857-HARD.mp4,hard,232,features_cache/6326777304075857-HARD.pt
ASL-Citizen/videos/11794226320729084-AGAIN.mp4,again,121,features_cache/11794226320729084-AGAIN.pt
ASL-Citizen/videos/404671863993352-WHAT 2.mp4,what1,11,features_cache/404671863993352-WHAT 2.pt
ASL-Citizen/videos/4372377651702166-UP.mp4,up,271,features_cache/4372377651702166-UP.pt
ASL-Citizen/videos/9495896765987966-MYSELF.mp4,myself,17,features_cache/9495896765987966-MYSELF.pt
ASL-Citizen/videos/6027629299585064-WORK.mp4,work,67,features_cache/6027629299585064-WORK.pt
ASL-Citizen/videos/5942273951388612-DONT MIND.mp4,dontmind,193,features_cache/5942273951388612-DONT MIND.pt
ASL-Citizen/videos/164474263734949-CAN 2.mp4,can2,115,features_cache/164474263734949-CAN 2.pt
ASL-Citizen/videos/2284552395325492-TEETH.mp4,teeth,204,features_cache/2284552395325492-TEETH.pt
ASL-Citizen/videos/2815788565679065-MOTHER.mp4,mother,33,features_cache/2815788565679065-MOTHER.pt
ASL-Citizen/videos/9421879642468542-HOW 2.mp4,how2,42,features_cache/9421879642468542-HOW 2.pt
ASL-Citizen/videos/9417609246035323-YEAR.mp4,year,61,features_cache/9417609246035323-YEAR.pt
ASL-Citizen/videos/7328542672851355-BALL.mp4,ball,210,features_cache/7328542672851355-BALL.pt
ASL-Citizen/videos/25805429268292435-NEAR.mp4,near,277,features_cache/25805429268292435-NEAR.pt
ASL-Citizen/videos/8485035331460282-WANT 2.mp4,want1,100,features_cache/8485035331460282-WANT 2.pt
ASL-Citizen/videos/7448166531437062-LEAVE.mp4,leave,74,features_cache/7448166531437062-LEAVE.pt
ASL-Citizen/videos/06382320756365445-SNOW 2.mp4,snow2,209,features_cache/06382320756365445-SNOW 2.pt
ASL-Citizen/videos/8472092753663696-LONG TIME.mp4,longtime,182,features_cache/8472092753663696-LONG TIME.pt
ASL-Citizen/videos/32255158464599476-WASH 3.mp4,wash2,242,features_cache/32255158464599476-WASH 3.pt
ASL-Citizen/videos/34367592457730645-FALL 1.mp4,fall1,173,features_cache/34367592457730645-FALL 1.pt
ASL-Citizen/videos/42737517879991826-SHOWER.mp4,shower,86,features_cache/42737517879991826-SHOWER.pt
ASL-Citizen/videos/34169036359301463-BAD.mp4,bad,4,features_cache/34169036359301463-BAD.pt
ASL-Citizen/videos/47940759774229513-TWO.mp4,two,197,features_cache/47940759774229513-TWO.pt
ASL-Citizen/videos/3870410582161561-OLD.mp4,old,278,features_cache/3870410582161561-OLD.pt
ASL-Citizen/videos/6684303463308252-MORE.mp4,more,119,features_cache/6684303463308252-MORE.pt
ASL-Citizen/videos/9268534907068866-YOURSELF.mp4,yourself,19,features_cache/9268534907068866-YOURSELF.pt
ASL-Citizen/videos/08847046905884137-HAIRCUT.mp4,haircut,231,features_cache/08847046905884137-HAIRCUT.pt
ASL-Citizen/videos/21698877434119446-DRINK.mp4,drink1,64,features_cache/21698877434119446-DRINK.pt
ASL-Citizen/videos/7973737888203138-MILK.mp4,milk1,129,features_cache/7973737888203138-MILK.pt
ASL-Citizen/videos/019113149258163764-BASKETBALL.mp4,basketball1,211,features_cache/019113149258163764-BASKETBALL.pt
ASL-Citizen/videos/31253947601473575-BOY.mp4,boy,28,features_cache/31253947601473575-BOY.pt
ASL-Citizen/videos/3282308082648395-SHOT.mp4,shot,162,features_cache/3282308082648395-SHOT.pt
ASL-Citizen/videos/11578251471553402-LOST.mp4,lost,274,features_cache/11578251471553402-LOST.pt
ASL-Citizen/videos/775625119462628-SHOUT.mp4,shout1,164,features_cache/775625119462628-SHOUT.pt
ASL-Citizen/videos/40693562690587415-MILK 2.mp4,milk2,130,features_cache/40693562690587415-MILK 2.pt
ASL-Citizen/videos/6929470733627958-WASH MACHINE.mp4,washmachine,240,features_cache/6929470733627958-WASH MACHINE.pt
ASL-Citizen/videos/7891338619617014-seedCOME OUT.mp4,comeout,73,features_cache/7891338619617014-seedCOME OUT.pt
ASL-Citizen/videos/2570647676865354-WRITE.mp4,write,137,features_cache/2570647676865354-WRITE.pt
ASL-Citizen/videos/07916829935948999-FIND.mp4,find,224,features_cache/07916829935948999-FIND.pt
ASL-Citizen/videos/04062978790799687-QM.mp4,qm,285,features_cache/04062978790799687-QM.pt
ASL-Citizen/videos/9483343406371267-FALL 2.mp4,fall2,174,features_cache/9483343406371267-FALL 2.pt
ASL-Citizen/videos/9201603017058646-PIZZA.mp4,pizza1,282,features_cache/9201603017058646-PIZZA.pt
ASL-Citizen/videos/29761682879368934-SORRY.mp4,sorry,7,features_cache/29761682879368934-SORRY.pt
ASL-Citizen/videos/280244962956949-LONG AGO.mp4,longago,180,features_cache/280244962956949-LONG AGO.pt
ASL-Citizen/videos/5604885668088828-WARM.mp4,warm,243,features_cache/5604885668088828-WARM.pt
ASL-Citizen/videos/7074916148267218-TUESDAY.mp4,tuesday,264,features_cache/7074916148267218-TUESDAY.pt
ASL-Citizen/videos/49212530571549884-MONTH.mp4,month,60,features_cache/49212530571549884-MONTH.pt
ASL-Citizen/videos/03049942828394614-INSIDE.mp4,inside,257,features_cache/03049942828394614-INSIDE.pt
ASL-Citizen/videos/48284300752371-WASH FACE_2.mp4,washface2,238,features_cache/48284300752371-WASH FACE_2.pt
ASL-Citizen/videos/576125539435921-WHAT 1.mp4,what2,12,features_cache/576125539435921-WHAT 1.pt
ASL-Citizen/videos/15222713126322973-SLOW.mp4,slow,168,features_cache/15222713126322973-SLOW.pt
ASL-Citizen/videos/8933388684146621-MILK 2.mp4,milk2,130,features_cache/8933388684146621-MILK 2.pt
ASL-Citizen/videos/9647398686970019-SHOUT.mp4,shout1,164,features_cache/9647398686970019-SHOUT.pt
ASL-Citizen/videos/20484863672289855-SLOW.mp4,slow,168,features_cache/20484863672289855-SLOW.pt
ASL-Citizen/videos/35907489638359325-OUTSIDE.mp4,outside,259,features_cache/35907489638359325-OUTSIDE.pt
ASL-Citizen/videos/8059203050407333-TWO.mp4,two,197,features_cache/8059203050407333-TWO.pt
ASL-Citizen/videos/9067280103897586-HIS.mp4,his,20,features_cache/9067280103897586-HIS.pt
ASL-Citizen/videos/6567412173750102-RESTAURANT.mp4,restaurant,104,features_cache/6567412173750102-RESTAURANT.pt
ASL-Citizen/videos/319407388986372-HUG.mp4,hug,254,features_cache/319407388986372-HUG.pt
ASL-Citizen/videos/6478807707974723-FINE.mp4,fine1,225,features_cache/6478807707974723-FINE.pt
ASL-Citizen/videos/9634081739951301-MILK.mp4,milk1,129,features_cache/9634081739951301-MILK.pt
ASL-Citizen/videos/7755808751463698-WARM.mp4,warm,243,features_cache/7755808751463698-WARM.pt
ASL-Citizen/videos/5405588826357139-THURSDAY.mp4,thursday,262,features_cache/5405588826357139-THURSDAY.pt
ASL-Citizen/videos/6377819207052728-WASH HANDS.mp4,washhands,239,features_cache/6377819207052728-WASH HANDS.pt
ASL-Citizen/videos/8166775639657509-DONT KNOW.mp4,dontknow,191,features_cache/8166775639657509-DONT KNOW.pt
ASL-Citizen/videos/2391001923220577-FOR.mp4,for,215,features_cache/2391001923220577-FOR.pt
ASL-Citizen/videos/6564979311240984-COME OUT.mp4,comeout,73,features_cache/6564979311240984-COME OUT.pt
ASL-Citizen/videos/8666218082287052-FRIDAY.mp4,friday,266,features_cache/8666218082287052-FRIDAY.pt
ASL-Citizen/videos/9039471497068761-THUNDER.mp4,thunder,261,features_cache/9039471497068761-THUNDER.pt
ASL-Citizen/videos/08173491607016081-COFFEE.mp4,coffee,131,features_cache/08173491607016081-COFFEE.pt
ASL-Citizen/videos/5521129539800975-YOU.mp4,you,14,features_cache/5521129539800975-YOU.pt
ASL-Citizen/videos/4847160098743586-SIGN.mp4,sign,298,features_cache/4847160098743586-SIGN.pt
ASL-Citizen/videos/09658252794938504-SKIRT.mp4,skirt,167,features_cache/09658252794938504-SKIRT.pt
ASL-Citizen/videos/7485487364961576-SKIRT.mp4,skirt,167,features_cache/7485487364961576-SKIRT.pt
ASL-Citizen/videos/49645746418775105-RED.mp4,red,147,features_cache/49645746418775105-RED.pt
ASL-Citizen/videos/9546720188783062-TELL.mp4,tell,83,features_cache/9546720188783062-TELL.pt
ASL-Citizen/videos/8492831854951581-SISTER.mp4,sister,36,features_cache/8492831854951581-SISTER.pt
ASL-Citizen/videos/6223855708067614-TUESDAY.mp4,tuesday,264,features_cache/6223855708067614-TUESDAY.pt
ASL-Citizen/videos/20438188384925993-FALL 1.mp4,fall1,173,features_cache/20438188384925993-FALL 1.pt
ASL-Citizen/videos/027783204896376645-WASH 1.mp4,wash1,241,features_cache/027783204896376645-WASH 1.pt
ASL-Citizen/videos/15090727801542636-HOLIDAY.mp4,holiday,253,features_cache/15090727801542636-HOLIDAY.pt
ASL-Citizen/videos/7924078893739708-CAR ACCIDENT.mp4,caraccident,141,features_cache/7924078893739708-CAR ACCIDENT.pt
ASL-Citizen/videos/02701473838965196-HERE.mp4,here,45,features_cache/02701473838965196-HERE.pt
ASL-Citizen/videos/44864710765134386-ROAD.mp4,road,297,features_cache/44864710765134386-ROAD.pt
ASL-Citizen/videos/6657683065332798-SHORT PERSON.mp4,shortperson,159,features_cache/6657683065332798-SHORT PERSON.pt
ASL-Citizen/videos/6732603224885105-NIGHT 2.mp4,night2,57,features_cache/6732603224885105-NIGHT 2.pt
ASL-Citizen/videos/2771819427724249-BOY.mp4,boy,28,features_cache/2771819427724249-BOY.pt
ASL-Citizen/videos/7842993140003118-YOURSELF.mp4,yourself,19,features_cache/7842993140003118-YOURSELF.pt
ASL-Citizen/videos/25994229392219026-DONT WANT.mp4,dontwant,195,features_cache/25994229392219026-DONT WANT.pt
ASL-Citizen/videos/8647333764267484-TUESDAY.mp4,tuesday,264,features_cache/8647333764267484-TUESDAY.pt
ASL-Citizen/videos/20256764007408412-RAIN.mp4,rain,206,features_cache/20256764007408412-RAIN.pt
ASL-Citizen/videos/8183221927215032-seedSHORT PERSON.mp4,shortperson,159,features_cache/8183221927215032-seedSHORT PERSON.pt
ASL-Citizen/videos/05548878248925537-HAT 2.mp4,hat2,234,features_cache/05548878248925537-HAT 2.pt
ASL-Citizen/videos/7696470189284643-WEDNESDAY.mp4,wednesday,265,features_cache/7696470189284643-WEDNESDAY.pt
ASL-Citizen/videos/9960564802984058-QUIET.mp4,quiet,287,features_cache/9960564802984058-QUIET.pt
ASL-Citizen/videos/6708723992592991-THUNDER.mp4,thunder,261,features_cache/6708723992592991-THUNDER.pt
ASL-Citizen/videos/9876323549885566-REMEMBER 2.mp4,remember1,80,features_cache/9876323549885566-REMEMBER 2.pt
ASL-Citizen/videos/8690193331793459-CHEAT 2.mp4,cheat2,246,features_cache/8690193331793459-CHEAT 2.pt
ASL-Citizen/videos/3313359801487539-PULL.mp4,pull,284,features_cache/3313359801487539-PULL.pt
ASL-Citizen/videos/8734553120282014-MONDAY.mp4,monday,263,features_cache/8734553120282014-MONDAY.pt
ASL-Citizen/videos/5290011828137291-FIFTH.mp4,fifth,223,features_cache/5290011828137291-FIFTH.pt
ASL-Citizen/videos/03639476417637688-REMEMBER 2.mp4,remember1,80,features_cache/03639476417637688-REMEMBER 2.pt
ASL-Citizen/videos/38545963253984183-seedDONT LIKE.mp4,dontlike,192,features_cache/38545963253984183-seedDONT LIKE.pt
ASL-Citizen/videos/30708690329373534-RIGHT 3.mp4,right3,293,features_cache/30708690329373534-RIGHT 3.pt
ASL-Citizen/videos/8366334478647104-RESTAURANT.mp4,restaurant,104,features_cache/8366334478647104-RESTAURANT.pt
ASL-Citizen/videos/020744311307733465-WOMAN.mp4,woman1,31,features_cache/020744311307733465-WOMAN.pt
ASL-Citizen/videos/48721608073646605-HOW 2.mp4,how2,42,features_cache/48721608073646605-HOW 2.pt
ASL-Citizen/videos/6997365376367899-WHERE.mp4,where,37,features_cache/6997365376367899-WHERE.pt
ASL-Citizen/videos/4176423942541969-FALLING ASLEEP.mp4,fallingasleep,172,features_cache/4176423942541969-FALLING ASLEEP.pt
ASL-Citizen/videos/17658169017431757-WARM.mp4,warm,243,features_cache/17658169017431757-WARM.pt
ASL-Citizen/videos/799511982280311-NEAR.mp4,near,277,features_cache/799511982280311-NEAR.pt
ASL-Citizen/videos/1917265918954878-GO.mp4,go,70,features_cache/1917265918954878-GO.pt
ASL-Citizen/videos/5205785031120291-WAIT.mp4,wait,76,features_cache/5205785031120291-WAIT.pt
ASL-Citizen/videos/16452616343668436-WRITE.mp4,write,137,features_cache/16452616343668436-WRITE.pt
ASL-Citizen/videos/8533506618350233-WASH 1.mp4,wash1,241,features_cache/8533506618350233-WASH 1.pt
ASL-Citizen/videos/3162233872598166-QM.mp4,qm,285,features_cache/3162233872598166-QM.pt
ASL-Citizen/videos/2999107393441156-UNDERSTAND.mp4,understand,79,features_cache/2999107393441156-UNDERSTAND.pt
ASL-Citizen/videos/5134445921844375-POLICEMAN.mp4,policeman1,152,features_cache/5134445921844375-POLICEMAN.pt
ASL-Citizen/videos/6801871688653853-SHORT PERSON.mp4,shortperson,159,features_cache/6801871688653853-SHORT PERSON.pt
ASL-Citizen/videos/7776387397789923-PHONE.mp4,phone,107,features_cache/7776387397789923-PHONE.pt
ASL-Citizen/videos/20970768838159226-FRIENDLY.mp4,friendly,27,features_cache/20970768838159226-FRIENDLY.pt
ASL-Citizen/videos/03561262066037396-MILK.mp4,milk1,129,features_cache/03561262066037396-MILK.pt
ASL-Citizen/videos/15592377033295812-YOUR.mp4,your,18,features_cache/15592377033295812-YOUR.pt
ASL-Citizen/videos/7155428740512584-TUESDAY.mp4,tuesday,264,features_cache/7155428740512584-TUESDAY.pt
ASL-Citizen/videos/13163546488509348-PULL.mp4,pull,284,features_cache/13163546488509348-PULL.pt
ASL-Citizen/videos/9602463111735635-HARD.mp4,hard,232,features_cache/9602463111735635-HARD.pt
ASL-Citizen/videos/8565069314790652-CANNOT.mp4,cannot,116,features_cache/8565069314790652-CANNOT.pt
ASL-Citizen/videos/4900310367188452-DONT WANT.mp4,dontwant,195,features_cache/4900310367188452-DONT WANT.pt
ASL-Citizen/videos/300065378201829-BAD.mp4,bad,4,features_cache/300065378201829-BAD.pt
ASL-Citizen/videos/48582056242680793-HOW 2.mp4,how2,42,features_cache/48582056242680793-HOW 2.pt
ASL-Citizen/videos/174515932829846-HOW 2.mp4,how2,42,features_cache/174515932829846-HOW 2.pt
ASL-Citizen/videos/14687718783872805-MONEY.mp4,money1,109,features_cache/14687718783872805-MONEY.pt
ASL-Citizen/videos/31349065890424477-HOLD.mp4,hold1,251,features_cache/31349065890424477-HOLD.pt
ASL-Citizen/videos/7550518813765172-LOUD.mp4,loud,97,features_cache/7550518813765172-LOUD.pt
ASL-Citizen/videos/41458666491716034-HAVE.mp4,have,235,features_cache/41458666491716034-HAVE.pt
ASL-Citizen/videos/8014199576738186-CAR.mp4,car,106,features_cache/8014199576738186-CAR.pt
ASL-Citizen/videos/057899813451194104-VACATION.mp4,vacation,125,features_cache/057899813451194104-VACATION.pt
ASL-Citizen/videos/7267227999834953-MORE.mp4,more,119,features_cache/7267227999834953-MORE.pt
ASL-Citizen/videos/42893001841603384-SKIRT.mp4,skirt,167,features_cache/42893001841603384-SKIRT.pt
ASL-Citizen/videos/69094637897625-YOUR.mp4,your,18,features_cache/69094637897625-YOUR.pt
ASL-Citizen/videos/8866678521084916-FRIENDLY.mp4,friendly,27,features_cache/8866678521084916-FRIENDLY.pt
ASL-Citizen/videos/7219560821026212-WHEN.mp4,when,38,features_cache/7219560821026212-WHEN.pt
ASL-Citizen/videos/14032048715472367-PERSON.mp4,person,151,features_cache/14032048715472367-PERSON.pt
ASL-Citizen/videos/8257819899330097-HEAR 2.mp4,hear2,22,features_cache/8257819899330097-HEAR 2.pt
ASL-Citizen/videos/09261094604926612-FINE 2.mp4,fine2,226,features_cache/09261094604926612-FINE 2.pt
ASL-Citizen/videos/20840450327901783-ICECREAM.mp4,icecream,187,features_cache/20840450327901783-ICECREAM.pt
ASL-Citizen/videos/37022317180054576-LEFT.mp4,left,273,features_cache/37022317180054576-LEFT.pt
ASL-Citizen/videos/29162884683589496-STUDY.mp4,study,69,features_cache/29162884683589496-STUDY.pt
ASL-Citizen/videos/16318761526094283-WHICH.mp4,which,43,features_cache/16318761526094283-WHICH.pt
ASL-Citizen/videos/39482264925413-seedFEW.mp4,few,1,features_cache/39482264925413-seedFEW.pt
ASL-Citizen/videos/47175728440552755-GO.mp4,go,70,features_cache/47175728440552755-GO.pt
ASL-Citizen/videos/40723216723050504-WATER.mp4,water,112,features_cache/40723216723050504-WATER.pt
ASL-Citizen/videos/8481206008282063-SHOP 1.mp4,shop2,103,features_cache/8481206008282063-SHOP 1.pt
ASL-Citizen/videos/5711939033036411-SNOW 2.mp4,snow2,209,features_cache/5711939033036411-SNOW 2.pt
ASL-Citizen/videos/5810704895023209-SHORTS.mp4,shorts,160,features_cache/5810704895023209-SHORTS.pt
ASL-Citizen/videos/5157432639091493-SORRY.mp4,sorry,7,features_cache/5157432639091493-SORRY.pt
ASL-Citizen/videos/2295384916053822-ASK.mp4,ask,84,features_cache/2295384916053822-ASK.pt
ASL-Citizen/videos/2555869507686881-ON.mp4,on,279,features_cache/2555869507686881-ON.pt
ASL-Citizen/videos/3389794602923144-CAN.mp4,can1,114,features_cache/3389794602923144-CAN.pt
ASL-Citizen/videos/8548989414271908-SAD.mp4,sad,91,features_cache/8548989414271908-SAD.pt
ASL-Citizen/videos/6941529092882297-THREE.mp4,three,198,features_cache/6941529092882297-THREE.pt
ASL-Citizen/videos/15475602014471002-WOMAN.mp4,woman1,31,features_cache/15475602014471002-WOMAN.pt
ASL-Citizen/videos/8911482652584646-YOUR.mp4,your,18,features_cache/8911482652584646-YOUR.pt
ASL-Citizen/videos/6780567906806103-LOCK 2.mp4,lock2,185,features_cache/6780567906806103-LOCK 2.pt
ASL-Citizen/videos/09283265927384354-FOURTH.mp4,fourth,222,features_cache/09283265927384354-FOURTH.pt
ASL-Citizen/videos/41279108584600577-YES.mp4,yes,8,features_cache/41279108584600577-YES.pt
ASL-Citizen/videos/7021264748199698-PERSON.mp4,person,151,features_cache/7021264748199698-PERSON.pt
ASL-Citizen/videos/23816999184777976-WOMAN 2.mp4,woman2,32,features_cache/23816999184777976-WOMAN 2.pt
ASL-Citizen/videos/2576051855717578-GIRL.mp4,girl,29,features_cache/2576051855717578-GIRL.pt
ASL-Citizen/videos/05227033977936646-SIGN.mp4,sign,298,features_cache/05227033977936646-SIGN.pt
ASL-Citizen/videos/5077889287808497-BOY.mp4,boy,28,features_cache/5077889287808497-BOY.pt
ASL-Citizen/videos/7468673870660452-EAT.mp4,eat1,62,features_cache/7468673870660452-EAT.pt
ASL-Citizen/videos/039666935094600175-HOLD.mp4,hold1,251,features_cache/039666935094600175-HOLD.pt
ASL-Citizen/videos/10928494959813584-NOW.mp4,now,53,features_cache/10928494959813584-NOW.pt
ASL-Citizen/videos/1293300004047313-BECAUSE.mp4,because,124,features_cache/1293300004047313-BECAUSE.pt
ASL-Citizen/videos/545246624123902-HOSPITAL 2.mp4,hospital2,248,features_cache/545246624123902-HOSPITAL 2.pt
ASL-Citizen/videos/46414416557148286-SLOW.mp4,slow,168,features_cache/46414416557148286-SLOW.pt
ASL-Citizen/videos/484062284592782-RUN 2.mp4,run2,296,features_cache/484062284592782-RUN 2.pt
ASL-Citizen/videos/29717771444438834-RUN.mp4,run1,295,features_cache/29717771444438834-RUN.pt
ASL-Citizen/videos/574389810940992-ACCIDENT.mp4,accident,142,features_cache/574389810940992-ACCIDENT.pt
ASL-Citizen/videos/732802596992111-MORNING.mp4,morning,55,features_cache/732802596992111-MORNING.pt
ASL-Citizen/videos/9160044018370417-STEAK.mp4,steak,299,features_cache/9160044018370417-STEAK.pt
ASL-Citizen/videos/7788645907269662-TODAY.mp4,today,50,features_cache/7788645907269662-TODAY.pt
ASL-Citizen/videos/05926717473875498-JUICE 1.mp4,juice2,128,features_cache/05926717473875498-JUICE 1.pt
ASL-Citizen/videos/3937353447121881-DOWN.mp4,down,272,features_cache/3937353447121881-DOWN.pt
ASL-Citizen/videos/8461864474082759-MONEY 2.mp4,money2,110,features_cache/8461864474082759-MONEY 2.pt
ASL-Citizen/videos/9430816472530015-SIGN.mp4,sign,298,features_cache/9430816472530015-SIGN.pt
ASL-Citizen/videos/7093332877211556-FINE 2.mp4,fine2,226,features_cache/7093332877211556-FINE 2.pt
ASL-Citizen/videos/6195150298418479-STEAK.mp4,steak,299,features_cache/6195150298418479-STEAK.pt
ASL-Citizen/videos/7247754342826607-FISH.mp4,fish,217,features_cache/7247754342826607-FISH.pt
ASL-Citizen/videos/24758144482774802-WHO.mp4,who,13,features_cache/24758144482774802-WHO.pt
ASL-Citizen/videos/4485258696144441-THURSDAY.mp4,thursday,262,features_cache/4485258696144441-THURSDAY.pt
ASL-Citizen/videos/7840179711124966-TALK.mp4,talk1,88,features_cache/7840179711124966-TALK.pt
ASL-Citizen/videos/11993177745336547-HOUSE.mp4,house,48,features_cache/11993177745336547-HOUSE.pt
ASL-Citizen/videos/451507877116903-RIGHT 2.mp4,right2,292,features_cache/451507877116903-RIGHT 2.pt
ASL-Citizen/videos/9648437167288393-WHAT 1.mp4,what2,12,features_cache/9648437167288393-WHAT 1.pt
ASL-Citizen/videos/5460269220331138-HUG.mp4,hug,254,features_cache/5460269220331138-HUG.pt
ASL-Citizen/videos/21963390619756917-STOP.mp4,stop,300,features_cache/21963390619756917-STOP.pt
ASL-Citizen/videos/651336877921074-SNOW 2.mp4,snow2,209,features_cache/651336877921074-SNOW 2.pt
ASL-Citizen/videos/30418218950044373-FALLING ASLEEP.mp4,fallingasleep,172,features_cache/30418218950044373-FALLING ASLEEP.pt
ASL-Citizen/videos/6796509348248554-POLICEMAN.mp4,policeman1,152,features_cache/6796509348248554-POLICEMAN.pt
ASL-Citizen/videos/35269827677087906-INSIDE.mp4,inside,257,features_cache/35269827677087906-INSIDE.pt
ASL-Citizen/videos/4564640182785744-TIRED.mp4,tired,93,features_cache/4564640182785744-TIRED.pt
ASL-Citizen/videos/294085244915538-SHORT DISTANCE.mp4,shortdistance,158,features_cache/294085244915538-SHORT DISTANCE.pt
ASL-Citizen/videos/22733514464849502-HAVE.mp4,have,235,features_cache/22733514464849502-HAVE.pt
ASL-Citizen/videos/3043407899346855-BECAUSE.mp4,because,124,features_cache/3043407899346855-BECAUSE.pt
ASL-Citizen/videos/34628833251266156-BASKETBALL 2.mp4,basketball3,213,features_cache/34628833251266156-BASKETBALL 2.pt
ASL-Citizen/videos/6510776791424999-DONT WANT.mp4,dontwant,195,features_cache/6510776791424999-DONT WANT.pt
ASL-Citizen/videos/08795608187591553-HOSPITAL.mp4,hospital1,247,features_cache/08795608187591553-HOSPITAL.pt
ASL-Citizen/videos/32452207713267134-YOURSELF.mp4,yourself,19,features_cache/32452207713267134-YOURSELF.pt
ASL-Citizen/videos/11902173661620474-TOMORROW.mp4,tomorrow,51,features_cache/11902173661620474-TOMORROW.pt
ASL-Citizen/videos/19866027442823042-FINE.mp4,fine1,225,features_cache/19866027442823042-FINE.pt
ASL-Citizen/videos/2867662506233086-GIVE.mp4,give,227,features_cache/2867662506233086-GIVE.pt
ASL-Citizen/videos/11854818371036102-PLEASE.mp4,please,5,features_cache/11854818371036102-PLEASE.pt
ASL-Citizen/videos/6264899046227357-READ.mp4,read,134,features_cache/6264899046227357-READ.pt
ASL-Citizen/videos/08954159459247557-CHEAT 2.mp4,cheat2,246,features_cache/08954159459247557-CHEAT 2.pt
ASL-Citizen/videos/2611842054563771-EIGHT.mp4,eight,202,features_cache/2611842054563771-EIGHT.pt
ASL-Citizen/videos/6799784418664736-VACATION.mp4,vacation,125,features_cache/6799784418664736-VACATION.pt
ASL-Citizen/videos/5407096343613205-WHEN.mp4,when,38,features_cache/5407096343613205-WHEN.pt
ASL-Citizen/videos/03669973155553041-WORK.mp4,work,67,features_cache/03669973155553041-WORK.pt
ASL-Citizen/videos/0859634019917137-RIGHT 2.mp4,right2,292,features_cache/0859634019917137-RIGHT 2.pt
ASL-Citizen/videos/4778160186607152-THERE.mp4,there,46,features_cache/4778160186607152-THERE.pt
ASL-Citizen/videos/216466216069908-HAIRCUT.mp4,haircut,231,features_cache/216466216069908-HAIRCUT.pt
ASL-Citizen/videos/6475011403601416-WANT 2.mp4,want1,100,features_cache/6475011403601416-WANT 2.pt
ASL-Citizen/videos/7006268761752481-WATER.mp4,water,112,features_cache/7006268761752481-WATER.pt
ASL-Citizen/videos/3239103853589713-PEN.mp4,pen,281,features_cache/3239103853589713-PEN.pt
ASL-Citizen/videos/12680005272334216-FIRST.mp4,first,216,features_cache/12680005272334216-FIRST.pt
ASL-Citizen/videos/11309810402342868-MEET.mp4,meet,276,features_cache/11309810402342868-MEET.pt
ASL-Citizen/videos/1773388220025398-NINE.mp4,nine,203,features_cache/1773388220025398-NINE.pt
ASL-Citizen/videos/9151764244582838-FISHING.mp4,fishing1,218,features_cache/9151764244582838-FISHING.pt
ASL-Citizen/videos/7064861602475268-LONG TIME.mp4,longtime,182,features_cache/7064861602475268-LONG TIME.pt
ASL-Citizen/videos/5750742800712179-CAR.mp4,car,106,features_cache/5750742800712179-CAR.pt
ASL-Citizen/videos/6080948754683995-NIGHT.mp4,night1,56,features_cache/6080948754683995-NIGHT.pt
ASL-Citizen/videos/41546159157586926-COCONUT.mp4,coconut,132,features_cache/41546159157586926-COCONUT.pt
ASL-Citizen/videos/7875424216858471-DRINK 2.mp4,drink2,65,features_cache/7875424216858471-DRINK 2.pt
ASL-Citizen/videos/6678250464336102-CANNOT.mp4,cannot,116,features_cache/6678250464336102-CANNOT.pt
ASL-Citizen/videos/6691698807153292-SHORT DISTANCE.mp4,shortdistance,158,features_cache/6691698807153292-SHORT DISTANCE.pt
ASL-Citizen/videos/6566112740628165-BOXING.mp4,boxing,140,features_cache/6566112740628165-BOXING.pt
ASL-Citizen/videos/9312801093240823-BREAD.mp4,bread,138,features_cache/9312801093240823-BREAD.pt
ASL-Citizen/videos/8085500416304852-WOMAN 2.mp4,woman2,32,features_cache/8085500416304852-WOMAN 2.pt
ASL-Citizen/videos/536545916916543-CHECK.mp4,check,249,features_cache/536545916916543-CHECK.pt
ASL-Citizen/videos/037484834739207384-CAR ACCIDENT.mp4,caraccident,141,features_cache/037484834739207384-CAR ACCIDENT.pt
ASL-Citizen/videos/4880162825887451-WHAT 1.mp4,what2,12,features_cache/4880162825887451-WHAT 1.pt
ASL-Citizen/videos/15735328773357837-WHY.mp4,why,39,features_cache/15735328773357837-WHY.pt
ASL-Citizen/videos/1692890138222276-ONCE.mp4,once,280,features_cache/1692890138222276-ONCE.pt
ASL-Citizen/videos/3050685466508465-COMPUTER.mp4,computer,113,features_cache/3050685466508465-COMPUTER.pt
ASL-Citizen/videos/7332760064631829-SHORT PERSON.mp4,shortperson,159,features_cache/7332760064631829-SHORT PERSON.pt
ASL-Citizen/videos/13725759274145277-DONT FEEL_LIKE.mp4,dontfeellike,190,features_cache/13725759274145277-DONT FEEL_LIKE.pt
ASL-Citizen/videos/7938165305080715-WASH HANDS.mp4,washhands,239,features_cache/7938165305080715-WASH HANDS.pt
ASL-Citizen/videos/8078640148398311-RIGHT 3.mp4,right3,293,features_cache/8078640148398311-RIGHT 3.pt
ASL-Citizen/videos/3018334807491294-UNDERSTAND.mp4,understand,79,features_cache/3018334807491294-UNDERSTAND.pt
ASL-Citizen/videos/38548945041563365-HOLD.mp4,hold1,251,features_cache/38548945041563365-HOLD.pt
ASL-Citizen/videos/06132878384310203-WORK.mp4,work,67,features_cache/06132878384310203-WORK.pt
ASL-Citizen/videos/9708327245803046-LOUD.mp4,loud,97,features_cache/9708327245803046-LOUD.pt
ASL-Citizen/videos/6043215347342348-DONT NEED.mp4,dontneed,194,features_cache/6043215347342348-DONT NEED.pt
ASL-Citizen/videos/9451639427875718-DINNER 2.mp4,dinner2,171,features_cache/9451639427875718-DINNER 2.pt
ASL-Citizen/videos/626518973674437-WASH 1.mp4,wash1,241,features_cache/626518973674437-WASH 1.pt
ASL-Citizen/videos/5981538548006924-COME OUT.mp4,comeout,73,features_cache/5981538548006924-COME OUT.pt
ASL-Citizen/videos/8003611014471996-WASH HANDS.mp4,washhands,239,features_cache/8003611014471996-WASH HANDS.pt
ASL-Citizen/videos/900949174809696-PHONE.mp4,phone,107,features_cache/900949174809696-PHONE.pt
ASL-Citizen/videos/8746511802103558-RELAX 2.mp4,relax2,289,features_cache/8746511802103558-RELAX 2.pt
ASL-Citizen/videos/7778374003477178-FISH.mp4,fish,217,features_cache/7778374003477178-FISH.pt
ASL-Citizen/videos/7099643338543817-seedFACE.mp4,face,250,features_cache/7099643338543817-seedFACE.pt
ASL-Citizen/videos/7844345571669167-ROAD.mp4,road,297,features_cache/7844345571669167-ROAD.pt
ASL-Citizen/videos/1506301246657502-FISH.mp4,fish,217,features_cache/1506301246657502-FISH.pt
ASL-Citizen/videos/04439224802145447-GOOD.mp4,good,3,features_cache/04439224802145447-GOOD.pt
ASL-Citizen/videos/40220276923849707-HOLIDAY.mp4,holiday,253,features_cache/40220276923849707-HOLIDAY.pt
ASL-Citizen/videos/0212880416270389-RING.mp4,ring,294,features_cache/0212880416270389-RING.pt
ASL-Citizen/videos/01939633543494801-WATCH.mp4,watch,82,features_cache/01939633543494801-WATCH.pt
ASL-Citizen/videos/295507559508553-SKIN.mp4,skin,166,features_cache/295507559508553-SKIN.pt
ASL-Citizen/videos/8440442611677397-FOUR.mp4,four,199,features_cache/8440442611677397-FOUR.pt
ASL-Citizen/videos/010222231968019413-FRIDAY.mp4,friday,266,features_cache/010222231968019413-FRIDAY.pt
ASL-Citizen/videos/6238919375722007-HEAR 2.mp4,hear2,22,features_cache/6238919375722007-HEAR 2.pt
ASL-Citizen/videos/8246086155413415-PEN.mp4,pen,281,features_cache/8246086155413415-PEN.pt
ASL-Citizen/videos/03304809667582709-SKIN.mp4,skin,166,features_cache/03304809667582709-SKIN.pt
ASL-Citizen/videos/647128079267353-SAD.mp4,sad,91,features_cache/647128079267353-SAD.pt
ASL-Citizen/videos/14787773014689765-FALLING ASLEEP.mp4,fallingasleep,172,features_cache/14787773014689765-FALLING ASLEEP.pt
ASL-Citizen/videos/7586512560063088-COME HERE.mp4,comehere,72,features_cache/7586512560063088-COME HERE.pt
ASL-Citizen/videos/6692766688263203-WAIT.mp4,wait,76,features_cache/6692766688263203-WAIT.pt
ASL-Citizen/videos/4091388061019394-YOU.mp4,you,14,features_cache/4091388061019394-YOU.pt
ASL-Citizen/videos/18007007901388916-RIGHT 3.mp4,right3,293,features_cache/18007007901388916-RIGHT 3.pt
ASL-Citizen/videos/3022272246576403-THIRSTY.mp4,thirsty,205,features_cache/3022272246576403-THIRSTY.pt
ASL-Citizen/videos/08724669560361598-TIRED OF.mp4,tiredof,94,features_cache/08724669560361598-TIRED OF.pt
ASL-Citizen/videos/39997485951175893-LOCK 2.mp4,lock2,185,features_cache/39997485951175893-LOCK 2.pt
ASL-Citizen/videos/029950708361064615-YOURSELF.mp4,yourself,19,features_cache/029950708361064615-YOURSELF.pt
ASL-Citizen/videos/23066232950898735-LOST.mp4,lost,274,features_cache/23066232950898735-LOST.pt
ASL-Citizen/videos/18138009641921315-NOT UNDERSTAND.mp4,notunderstand,269,features_cache/18138009641921315-NOT UNDERSTAND.pt
ASL-Citizen/videos/12693870947836405-PINK.mp4,pink,146,features_cache/12693870947836405-PINK.pt
ASL-Citizen/videos/8620488918536162-WOMAN 2.mp4,woman2,32,features_cache/8620488918536162-WOMAN 2.pt
ASL-Citizen/videos/720220390455963-seedNOW.mp4,now,53,features_cache/720220390455963-seedNOW.pt
ASL-Citizen/videos/4243347380620037-LOVE.mp4,love,98,features_cache/4243347380620037-LOVE.pt
ASL-Citizen/videos/1289596772932744-YESTERDAY.mp4,yesterday,52,features_cache/1289596772932744-YESTERDAY.pt
ASL-Citizen/videos/44853785617317854-HOT.mp4,hot,244,features_cache/44853785617317854-HOT.pt
ASL-Citizen/videos/9207650208931104-WRITE.mp4,write,137,features_cache/9207650208931104-WRITE.pt
ASL-Citizen/videos/04762206287810322-YESTERDAY.mp4,yesterday,52,features_cache/04762206287810322-YESTERDAY.pt
ASL-Citizen/videos/20696771943044578-RED.mp4,red,147,features_cache/20696771943044578-RED.pt
ASL-Citizen/videos/4141832419761349-BASKETBALL 2.mp4,basketball3,213,features_cache/4141832419761349-BASKETBALL 2.pt
ASL-Citizen/videos/9562965718628607-RED.mp4,red,147,features_cache/9562965718628607-RED.pt
ASL-Citizen/videos/9753025897733882-WEEK.mp4,week,58,features_cache/9753025897733882-WEEK.pt
ASL-Citizen/videos/029557500489408195-WEDNESDAY.mp4,wednesday,265,features_cache/029557500489408195-WEDNESDAY.pt
ASL-Citizen/videos/2868358953291379-WHERE.mp4,where,37,features_cache/2868358953291379-WHERE.pt
ASL-Citizen/videos/6239284754747361-EAT.mp4,eat1,62,features_cache/6239284754747361-EAT.pt
ASL-Citizen/videos/5364358287706597-SMALL.mp4,small,155,features_cache/5364358287706597-SMALL.pt
ASL-Citizen/videos/5227310416777942-BALL.mp4,ball,210,features_cache/5227310416777942-BALL.pt
ASL-Citizen/videos/6566761603349596-FISHING.mp4,fishing1,218,features_cache/6566761603349596-FISHING.pt
ASL-Citizen/videos/6225015031576664-TALL 2.mp4,tall1,175,features_cache/6225015031576664-TALL 2.pt
ASL-Citizen/videos/5010256625497389-MONEY 2.mp4,money2,110,features_cache/5010256625497389-MONEY 2.pt
ASL-Citizen/videos/556285767191335-AGAIN.mp4,again,121,features_cache/556285767191335-AGAIN.pt
ASL-Citizen/videos/9802266826531876-MYSELF.mp4,myself,17,features_cache/9802266826531876-MYSELF.pt
ASL-Citizen/videos/9012410432765985-NOT UNDERSTAND.mp4,notunderstand,269,features_cache/9012410432765985-NOT UNDERSTAND.pt
ASL-Citizen/videos/25966742495980744-PINK.mp4,pink,146,features_cache/25966742495980744-PINK.pt
ASL-Citizen/videos/26384319177085724-HEAR 2.mp4,hear2,22,features_cache/26384319177085724-HEAR 2.pt
ASL-Citizen/videos/36660484991081765-PEN.mp4,pen,281,features_cache/36660484991081765-PEN.pt
ASL-Citizen/videos/5177668979117112-EXCITED.mp4,excited,96,features_cache/5177668979117112-EXCITED.pt
ASL-Citizen/videos/9383898598024172-BOXING.mp4,boxing,140,features_cache/9383898598024172-BOXING.pt
ASL-Citizen/videos/6192611032317992-CHEAT 1.mp4,cheat1,245,features_cache/6192611032317992-CHEAT 1.pt
ASL-Citizen/videos/01553665764183787-BLUE.mp4,blue,148,features_cache/01553665764183787-BLUE.pt
ASL-Citizen/videos/22349971035391758-WHO.mp4,who,13,features_cache/22349971035391758-WHO.pt
ASL-Citizen/videos/5886530842290676-SATURDAY.mp4,saturday,267,features_cache/5886530842290676-SATURDAY.pt
ASL-Citizen/videos/5746326919100171-SATURDAY.mp4,saturday,267,features_cache/5746326919100171-SATURDAY.pt
ASL-Citizen/videos/02205485916234662-TELL.mp4,tell,83,features_cache/02205485916234662-TELL.pt
ASL-Citizen/videos/25111790510667253-ARRIVE.mp4,arrive,75,features_cache/25111790510667253-ARRIVE.pt
ASL-Citizen/videos/35975737443447775-SEVEN.mp4,seven,201,features_cache/35975737443447775-SEVEN.pt
ASL-Citizen/videos/23481839806379456-HEAR 2.mp4,hear2,22,features_cache/23481839806379456-HEAR 2.pt
ASL-Citizen/videos/7527802405491184-LONG AGO.mp4,longago,180,features_cache/7527802405491184-LONG AGO.pt
ASL-Citizen/videos/384440946378765-WAIT.mp4,wait,76,features_cache/384440946378765-WAIT.pt
ASL-Citizen/videos/0030496625578089187-BROTHER.mp4,brother,35,features_cache/0030496625578089187-BROTHER.pt
ASL-Citizen/videos/6131044630427722-REMEMBER.mp4,remember2,81,features_cache/6131044630427722-REMEMBER.pt
ASL-Citizen/videos/6549855977754031-CAN 2.mp4,can2,115,features_cache/6549855977754031-CAN 2.pt
ASL-Citizen/videos/09675797053636837-MEET.mp4,meet,276,features_cache/09675797053636837-MEET.pt
ASL-Citizen/videos/8037153286426952-HOW 2.mp4,how2,42,features_cache/8037153286426952-HOW 2.pt
ASL-Citizen/videos/5146362742120918-TEAR.mp4,tear,177,features_cache/5146362742120918-TEAR.pt
ASL-Citizen/videos/7589052265859373-ONE.mp4,one,196,features_cache/7589052265859373-ONE.pt
ASL-Citizen/videos/8443975795179439-KNOW.mp4,know,77,features_cache/8443975795179439-KNOW.pt
ASL-Citizen/videos/0980072335181359-LONG LINE.mp4,longline,181,features_cache/0980072335181359-LONG LINE.pt
ASL-Citizen/videos/9174976347516473-HOT.mp4,hot,244,features_cache/9174976347516473-HOT.pt
ASL-Citizen/videos/872388253869564-NEAR.mp4,near,277,features_cache/872388253869564-NEAR.pt
ASL-Citizen/videos/6889720299798965-LISTEN.mp4,listen,133,features_cache/6889720299798965-LISTEN.pt
ASL-Citizen/videos/32441911620852726-LOCK.mp4,lock1,184,features_cache/32441911620852726-LOCK.pt
ASL-Citizen/videos/806968967507766-DONT FEEL_LIKE.mp4,dontfeellike,190,features_cache/806968967507766-DONT FEEL_LIKE.pt
ASL-Citizen/videos/9742393555058024-WEAK.mp4,weak,59,features_cache/9742393555058024-WEAK.pt
ASL-Citizen/videos/5178237631667904-GIVE.mp4,give,227,features_cache/5178237631667904-GIVE.pt
ASL-Citizen/videos/18207981361044623-UP.mp4,up,271,features_cache/18207981361044623-UP.pt
ASL-Citizen/videos/21405099455969334-TALK 2.mp4,talk2,89,features_cache/21405099455969334-TALK 2.pt
ASL-Citizen/videos/8847368678669987-WHY NOT.mp4,whynot,40,features_cache/8847368678669987-WHY NOT.pt
ASL-Citizen/videos/20350128604692963-DOWN.mp4,down,272,features_cache/20350128604692963-DOWN.pt
ASL-Citizen/videos/8177275884769319-MORNING.mp4,morning,55,features_cache/8177275884769319-MORNING.pt
ASL-Citizen/videos/9092689562509508-YES.mp4,yes,8,features_cache/9092689562509508-YES.pt
ASL-Citizen/videos/16870669316247833-THANK YOU.mp4,thankyou,6,features_cache/16870669316247833-THANK YOU.pt
ASL-Citizen/videos/5018207621184709-HUG.mp4,hug,254,features_cache/5018207621184709-HUG.pt
ASL-Citizen/videos/8524416998282469-DONT WANT.mp4,dontwant,195,features_cache/8524416998282469-DONT WANT.pt
ASL-Citizen/videos/4160758992789071-QM.mp4,qm,285,features_cache/4160758992789071-QM.pt
ASL-Citizen/videos/8757916868422391-PLAY.mp4,play,68,features_cache/8757916868422391-PLAY.pt
ASL-Citizen/videos/04487787596749482-ACCIDENT.mp4,accident,142,features_cache/04487787596749482-ACCIDENT.pt
ASL-Citizen/videos/8336694263458977-HIS.mp4,his,20,features_cache/8336694263458977-HIS.pt
ASL-Citizen/videos/16004917375203398-FAMILY.mp4,family,25,features_cache/16004917375203398-FAMILY.pt
ASL-Citizen/videos/2947077988392439-BREAD.mp4,bread,138,features_cache/2947077988392439-BREAD.pt
ASL-Citizen/videos/8439028545724394-DONT MIND.mp4,dontmind,193,features_cache/8439028545724394-DONT MIND.pt
ASL-Citizen/videos/7705705309163291-IMPROVE.mp4,improve,154,features_cache/7705705309163291-IMPROVE.pt
ASL-Citizen/videos/2386452559431056-SIGN.mp4,sign,298,features_cache/2386452559431056-SIGN.pt
ASL-Citizen/videos/436786219067409-HERE.mp4,here,45,features_cache/436786219067409-HERE.pt
ASL-Citizen/videos/1887581784254071-STEAK.mp4,steak,299,features_cache/1887581784254071-STEAK.pt
ASL-Citizen/videos/6877288715387846-JUICE 1.mp4,juice2,128,features_cache/6877288715387846-JUICE 1.pt
ASL-Citizen/videos/20298892697180704-SHOW.mp4,show,85,features_cache/20298892697180704-SHOW.pt
ASL-Citizen/videos/843928640648258-RAINBOW.mp4,rainbow,207,features_cache/843928640648258-RAINBOW.pt
ASL-Citizen/videos/749913725128877-MORNING.mp4,morning,55,features_cache/749913725128877-MORNING.pt
ASL-Citizen/videos/4989883733959082-ANGRY.mp4,angry,92,features_cache/4989883733959082-ANGRY.pt
ASL-Citizen/videos/3748668152168735-BASKETBALL 2.mp4,basketball3,213,features_cache/3748668152168735-BASKETBALL 2.pt
ASL-Citizen/videos/10938335699122836-STOP.mp4,stop,300,features_cache/10938335699122836-STOP.pt
ASL-Citizen/videos/9606044865212258-HEAR 1.mp4,hear1,21,features_cache/9606044865212258-HEAR 1.pt
ASL-Citizen/videos/00238030747052953-FISHING 2.mp4,fishing2,219,features_cache/00238030747052953-FISHING 2.pt
ASL-Citizen/videos/9745449040953389-HAPPY.mp4,happy,90,features_cache/9745449040953389-HAPPY.pt
ASL-Citizen/videos/4337179121121768-ACCIDENT.mp4,accident,142,features_cache/4337179121121768-ACCIDENT.pt
ASL-Citizen/videos/541403296602635-YES.mp4,yes,8,features_cache/541403296602635-YES.pt
ASL-Citizen/videos/4862918993582295-MONEY.mp4,money1,109,features_cache/4862918993582295-MONEY.pt
ASL-Citizen/videos/4446871579256513-SICK.mp4,sick,95,features_cache/4446871579256513-SICK.pt
ASL-Citizen/videos/6393982664215556-HOME.mp4,home,47,features_cache/6393982664215556-HOME.pt
ASL-Citizen/videos/4402830392789814-FISH.mp4,fish,217,features_cache/4402830392789814-FISH.pt
ASL-Citizen/videos/1348177330360374-THIRSTY.mp4,thirsty,205,features_cache/1348177330360374-THIRSTY.pt
ASL-Citizen/videos/821577765331265-SHOP.mp4,shop1,102,features_cache/821577765331265-SHOP.pt
ASL-Citizen/videos/1830009936727366-WHO.mp4,who,13,features_cache/1830009936727366-WHO.pt
ASL-Citizen/videos/5261480212755754-FISHING.mp4,fishing1,218,features_cache/5261480212755754-FISHING.pt
ASL-Citizen/videos/2621288608804102-UNDERSTAND.mp4,understand,79,features_cache/2621288608804102-UNDERSTAND.pt
ASL-Citizen/videos/20620677050827374-HAVE.mp4,have,235,features_cache/20620677050827374-HAVE.pt
ASL-Citizen/videos/3042232702583685-WASH FACE_1.mp4,washface1,237,features_cache/3042232702583685-WASH FACE_1.pt
ASL-Citizen/videos/8220245248179359-COFFEE.mp4,coffee,131,features_cache/8220245248179359-COFFEE.pt
ASL-Citizen/videos/8238388791773112-COMPUTER.mp4,computer,113,features_cache/8238388791773112-COMPUTER.pt
ASL-Citizen/videos/33958708655307857-MORNING.mp4,morning,55,features_cache/33958708655307857-MORNING.pt
ASL-Citizen/videos/009543425625697877-CAR.mp4,car,106,features_cache/009543425625697877-CAR.pt
ASL-Citizen/videos/1702104990990969-THUNDER.mp4,thunder,261,features_cache/1702104990990969-THUNDER.pt
ASL-Citizen/videos/0854900448461906-WHY NOT.mp4,whynot,40,features_cache/0854900448461906-WHY NOT.pt
ASL-Citizen/videos/7119985294088114-SNOW 2.mp4,snow2,209,features_cache/7119985294088114-SNOW 2.pt
ASL-Citizen/videos/01737573342017562-LOCK.mp4,lock1,184,features_cache/01737573342017562-LOCK.pt
ASL-Citizen/videos/06917328234600406-RUN.mp4,run1,295,features_cache/06917328234600406-RUN.pt
ASL-Citizen/videos/7958083633408806-FOURTH.mp4,fourth,222,features_cache/7958083633408806-FOURTH.pt
ASL-Citizen/videos/9142855178851206-RIGHT 2.mp4,right2,292,features_cache/9142855178851206-RIGHT 2.pt
ASL-Citizen/videos/09884440955953999-TALK.mp4,talk1,88,features_cache/09884440955953999-TALK.pt
ASL-Citizen/videos/7581636047431053-FEW.mp4,few,1,features_cache/7581636047431053-FEW.pt
ASL-Citizen/videos/17397453036518828-seedSHORT WORD.mp4,shortword,161,features_cache/17397453036518828-seedSHORT WORD.pt
ASL-Citizen/videos/6190578409804524-TEETH.mp4,teeth,204,features_cache/6190578409804524-TEETH.pt
ASL-Citizen/videos/8815573731027433-SMALL.mp4,small,155,features_cache/8815573731027433-SMALL.pt
ASL-Citizen/videos/2522962355824774-SIGN.mp4,sign,298,features_cache/2522962355824774-SIGN.pt
ASL-Citizen/videos/622250163635764-CAN.mp4,can1,114,features_cache/622250163635764-CAN.pt
ASL-Citizen/videos/5974251648548923-BYE.mp4,bye,2,features_cache/5974251648548923-BYE.pt
ASL-Citizen/videos/44063098161264325-CANNOT.mp4,cannot,116,features_cache/44063098161264325-CANNOT.pt
ASL-Citizen/videos/36803371518328487-WOMAN 2.mp4,woman2,32,features_cache/36803371518328487-WOMAN 2.pt
ASL-Citizen/videos/6897158330887838-SHOULD.mp4,should,163,features_cache/6897158330887838-SHOULD.pt
ASL-Citizen/videos/9336989948406158-WHY NOT.mp4,whynot,40,features_cache/9336989948406158-WHY NOT.pt
ASL-Citizen/videos/15263395462454632-WAIT.mp4,wait,76,features_cache/15263395462454632-WAIT.pt
ASL-Citizen/videos/6685545877813535-HOTEL.mp4,hotel,105,features_cache/6685545877813535-HOTEL.pt
ASL-Citizen/videos/2350002137499918-THIRD 2.mp4,third2,221,features_cache/2350002137499918-THIRD 2.pt
ASL-Citizen/videos/011209496542357256-SHOUT.mp4,shout1,164,features_cache/011209496542357256-SHOUT.pt
ASL-Citizen/videos/9286228654161253-POLICEMAN.mp4,policeman1,152,features_cache/9286228654161253-POLICEMAN.pt
ASL-Citizen/videos/13588424203367055-WHICH.mp4,which,43,features_cache/13588424203367055-WHICH.pt
ASL-Citizen/videos/15127094297670984-OUTSIDE.mp4,outside,259,features_cache/15127094297670984-OUTSIDE.pt
ASL-Citizen/videos/060486944430018674-SISTER.mp4,sister,36,features_cache/060486944430018674-SISTER.pt
ASL-Citizen/videos/45273738498753846-SICK.mp4,sick,95,features_cache/45273738498753846-SICK.pt
ASL-Citizen/videos/23222004944717023-WHITE.mp4,white,144,features_cache/23222004944717023-WHITE.pt
ASL-Citizen/videos/9202748967859651-FEW.mp4,few,1,features_cache/9202748967859651-FEW.pt
ASL-Citizen/videos/7637262020700946-WANT 2.mp4,want1,100,features_cache/7637262020700946-WANT 2.pt
ASL-Citizen/videos/5350084899124048-HOLD.mp4,hold1,251,features_cache/5350084899124048-HOLD.pt
ASL-Citizen/videos/8701253074811803-WORK.mp4,work,67,features_cache/8701253074811803-WORK.pt
ASL-Citizen/videos/03585934138942326-HARD.mp4,hard,232,features_cache/03585934138942326-HARD.pt
ASL-Citizen/videos/15796700651796436-DINNER.mp4,dinner1,170,features_cache/15796700651796436-DINNER.pt
ASL-Citizen/videos/39754483460578527-LEAVE.mp4,leave,74,features_cache/39754483460578527-LEAVE.pt
ASL-Citizen/videos/755471286197448-WEAK.mp4,weak,59,features_cache/755471286197448-WEAK.pt
ASL-Citizen/videos/5787844095877386-FALL 2.mp4,fall2,174,features_cache/5787844095877386-FALL 2.pt
ASL-Citizen/videos/4677072912905753-WASH HANDS.mp4,washhands,239,features_cache/4677072912905753-WASH HANDS.pt
ASL-Citizen/videos/819028006626159-NINE.mp4,nine,203,features_cache/819028006626159-NINE.pt
ASL-Citizen/videos/030909484544824117-TALL 2.mp4,tall1,175,features_cache/030909484544824117-TALL 2.pt
ASL-Citizen/videos/8033122312007706-HAIR 2.mp4,hair2,230,features_cache/8033122312007706-HAIR 2.pt
ASL-Citizen/videos/5194308575650113-WHERE.mp4,where,37,features_cache/5194308575650113-WHERE.pt
ASL-Citizen/videos/2174478921817542-PEN.mp4,pen,281,features_cache/2174478921817542-PEN.pt
ASL-Citizen/videos/43373441462190754-seedSKIRT.mp4,skirt,167,features_cache/43373441462190754-seedSKIRT.pt
ASL-Citizen/videos/22029025492474763-QM.mp4,qm,285,features_cache/22029025492474763-QM.pt
ASL-Citizen/videos/9887689628542427-YOURSELF.mp4,yourself,19,features_cache/9887689628542427-YOURSELF.pt
ASL-Citizen/videos/41922372703553545-TELL.mp4,tell,83,features_cache/41922372703553545-TELL.pt
ASL-Citizen/videos/2330293199408191-YEAR.mp4,year,61,features_cache/2330293199408191-YEAR.pt
ASL-Citizen/videos/6449291006787454-SEE.mp4,see,200,features_cache/6449291006787454-SEE.pt
ASL-Citizen/videos/017799112398557027-WASH HANDS.mp4,washhands,239,features_cache/017799112398557027-WASH HANDS.pt
ASL-Citizen/videos/14991994807763365-WANT 2.mp4,want1,100,features_cache/14991994807763365-WANT 2.pt
ASL-Citizen/videos/25558441748888305-FAST.mp4,fast,169,features_cache/25558441748888305-FAST.pt
ASL-Citizen/videos/9719846158851413-LONG WORD.mp4,longword,183,features_cache/9719846158851413-LONG WORD.pt
ASL-Citizen/videos/6599860347482203-SHOULD.mp4,should,163,features_cache/6599860347482203-SHOULD.pt
ASL-Citizen/videos/0496235325587806-TODAY.mp4,today,50,features_cache/0496235325587806-TODAY.pt
ASL-Citizen/videos/06003899001497115-BASKETBALL.mp4,basketball1,211,features_cache/06003899001497115-BASKETBALL.pt
ASL-Citizen/videos/9068673089516739-PLAY.mp4,play,68,features_cache/9068673089516739-PLAY.pt
ASL-Citizen/videos/4825141900931511-WASH 3.mp4,wash2,242,features_cache/4825141900931511-WASH 3.pt
ASL-Citizen/videos/8364889976962788-SISTER.mp4,sister,36,features_cache/8364889976962788-SISTER.pt
ASL-Citizen/videos/9117047483562963-PLEASE.mp4,please,5,features_cache/9117047483562963-PLEASE.pt
ASL-Citizen/videos/7936337109977374-RIGHT 2.mp4,right2,292,features_cache/7936337109977374-RIGHT 2.pt
ASL-Citizen/videos/6955748352234681-SHOP.mp4,shop1,102,features_cache/6955748352234681-SHOP.pt
ASL-Citizen/videos/4684505580965648-COME HERE.mp4,comehere,72,features_cache/4684505580965648-COME HERE.pt
ASL-Citizen/videos/8779008153671655-REST.mp4,rest,290,features_cache/8779008153671655-REST.pt
ASL-Citizen/videos/8784477143712637-seedTALK 2.mp4,talk2,89,features_cache/8784477143712637-seedTALK 2.pt
ASL-Citizen/videos/5534005644089397-LIKE.mp4,like,99,features_cache/5534005644089397-LIKE.pt
ASL-Citizen/videos/8725106492066892-SHOW.mp4,show,85,features_cache/8725106492066892-SHOW.pt
ASL-Citizen/videos/5647395876131487-DONT KNOW.mp4,dontknow,191,features_cache/5647395876131487-DONT KNOW.pt
ASL-Citizen/videos/049529284510214655-TALK 2.mp4,talk2,89,features_cache/049529284510214655-TALK 2.pt
ASL-Citizen/videos/09534265160807731-WHEN.mp4,when,38,features_cache/09534265160807731-WHEN.pt
ASL-Citizen/videos/21550036390436733-BYE.mp4,bye,2,features_cache/21550036390436733-BYE.pt
ASL-Citizen/videos/5834482146577376-ME.mp4,me,15,features_cache/5834482146577376-ME.pt
ASL-Citizen/videos/7514958791255617-HEAR 2.mp4,hear2,22,features_cache/7514958791255617-HEAR 2.pt
ASL-Citizen/videos/1586194739868847-SMALL.mp4,small,155,features_cache/1586194739868847-SMALL.pt
ASL-Citizen/videos/4736662703887722-LOCK.mp4,lock1,184,features_cache/4736662703887722-LOCK.pt
ASL-Citizen/videos/03851538519892728-FOREST.mp4,forest,126,features_cache/03851538519892728-FOREST.pt
ASL-Citizen/videos/38834952380755383-BALL.mp4,ball,210,features_cache/38834952380755383-BALL.pt
ASL-Citizen/videos/7809584186980043-FIND.mp4,find,224,features_cache/7809584186980043-FIND.pt
ASL-Citizen/videos/5860911573298422-FRIDAY.mp4,friday,266,features_cache/5860911573298422-FRIDAY.pt
ASL-Citizen/videos/4483601328778779-READY.mp4,ready,135,features_cache/4483601328778779-READY.pt
ASL-Citizen/videos/1636390875008531-SORRY.mp4,sorry,7,features_cache/1636390875008531-SORRY.pt
ASL-Citizen/videos/6898518339895967-PIZZA.mp4,pizza1,282,features_cache/6898518339895967-PIZZA.pt
ASL-Citizen/videos/6745834273988278-UNDERSTAND.mp4,understand,79,features_cache/6745834273988278-UNDERSTAND.pt
ASL-Citizen/videos/4865367417269335-BOOK.mp4,book,108,features_cache/4865367417269335-BOOK.pt
ASL-Citizen/videos/6640412362876384-QM.mp4,qm,285,features_cache/6640412362876384-QM.pt
ASL-Citizen/videos/27555332923654485-RED.mp4,red,147,features_cache/27555332923654485-RED.pt
ASL-Citizen/videos/7743737332850424-WAIT.mp4,wait,76,features_cache/7743737332850424-WAIT.pt
ASL-Citizen/videos/8597000177418852-WASH HANDS.mp4,washhands,239,features_cache/8597000177418852-WASH HANDS.pt
ASL-Citizen/videos/5662653500807588-ASK.mp4,ask,84,features_cache/5662653500807588-ASK.pt
ASL-Citizen/videos/39916997099175644-HURT.mp4,hurt,255,features_cache/39916997099175644-HURT.pt
ASL-Citizen/videos/8399316048555681-COME HERE.mp4,comehere,72,features_cache/8399316048555681-COME HERE.pt
ASL-Citizen/videos/5629018303180957-SNOW 2.mp4,snow2,209,features_cache/5629018303180957-SNOW 2.pt
ASL-Citizen/videos/8975647695269129-HAIRCUT.mp4,haircut,231,features_cache/8975647695269129-HAIRCUT.pt
ASL-Citizen/videos/9354080358924928-BIG.mp4,big,156,features_cache/9354080358924928-BIG.pt
ASL-Citizen/videos/5599244971777204-SHORT DISTANCE.mp4,shortdistance,158,features_cache/5599244971777204-SHORT DISTANCE.pt
ASL-Citizen/videos/05938324974298559-RAIN.mp4,rain,206,features_cache/05938324974298559-RAIN.pt
ASL-Citizen/videos/4445119407271021-OUT.mp4,out,258,features_cache/4445119407271021-OUT.pt
ASL-Citizen/videos/566327103640174-TIME.mp4,time,178,features_cache/566327103640174-TIME.pt
ASL-Citizen/videos/7176043715108875-MILK 2.mp4,milk2,130,features_cache/7176043715108875-MILK 2.pt
ASL-Citizen/videos/7034007929241748-HAIR.mp4,hair1,229,features_cache/7034007929241748-HAIR.pt
ASL-Citizen/videos/3161548976113897-SMALL.mp4,small,155,features_cache/3161548976113897-SMALL.pt
ASL-Citizen/videos/19894739757704438-LONG LINE.mp4,longline,181,features_cache/19894739757704438-LONG LINE.pt
ASL-Citizen/videos/6626824329420462-ARRIVE.mp4,arrive,75,features_cache/6626824329420462-ARRIVE.pt
ASL-Citizen/videos/42506243049714176-COFFEE.mp4,coffee,131,features_cache/42506243049714176-COFFEE.pt
ASL-Citizen/videos/4073613915341763-THIRSTY.mp4,thirsty,205,features_cache/4073613915341763-THIRSTY.pt
ASL-Citizen/videos/14082179940882456-EAT 2.mp4,eat2,63,features_cache/14082179940882456-EAT 2.pt
ASL-Citizen/videos/5007495284169172-ANGRY.mp4,angry,92,features_cache/5007495284169172-ANGRY.pt
ASL-Citizen/videos/5390288806667989-TIME.mp4,time,178,features_cache/5390288806667989-TIME.pt
ASL-Citizen/videos/8195877851123277-PINK.mp4,pink,146,features_cache/8195877851123277-PINK.pt
ASL-Citizen/videos/7326855771738956-WRITE.mp4,write,137,features_cache/7326855771738956-WRITE.pt
ASL-Citizen/videos/051363787498898805-SHOP.mp4,shop1,102,features_cache/051363787498898805-SHOP.pt
ASL-Citizen/videos/3516860036460976-LOVE.mp4,love,98,features_cache/3516860036460976-LOVE.pt
ASL-Citizen/videos/11439112889648184-RUN.mp4,run1,295,features_cache/11439112889648184-RUN.pt
ASL-Citizen/videos/18381152383788324-DONT FEEL_LIKE.mp4,dontfeellike,190,features_cache/18381152383788324-DONT FEEL_LIKE.pt
ASL-Citizen/videos/8687294124175742-WHEN.mp4,when,38,features_cache/8687294124175742-WHEN.pt
ASL-Citizen/videos/3547822635817448-DINNER 2.mp4,dinner2,171,features_cache/3547822635817448-DINNER 2.pt
ASL-Citizen/videos/8060202946371722-PURPLE.mp4,purple,286,features_cache/8060202946371722-PURPLE.pt
ASL-Citizen/videos/7073726372897704-FALL 1.mp4,fall1,173,features_cache/7073726372897704-FALL 1.pt
ASL-Citizen/videos/3463923454219011-REMEMBER.mp4,remember2,81,features_cache/3463923454219011-REMEMBER.pt
ASL-Citizen/videos/29553440584957724-DINNER.mp4,dinner1,170,features_cache/29553440584957724-DINNER.pt
ASL-Citizen/videos/3226285303366272-SHOP 1.mp4,shop2,103,features_cache/3226285303366272-SHOP 1.pt
ASL-Citizen/videos/8929404568287749-LONG AGO.mp4,longago,180,features_cache/8929404568287749-LONG AGO.pt
ASL-Citizen/videos/7256259495750175-HARD.mp4,hard,232,features_cache/7256259495750175-HARD.pt
ASL-Citizen/videos/4815528103072002-SHOT.mp4,shot,162,features_cache/4815528103072002-SHOT.pt
ASL-Citizen/videos/04899275307347506-HOLD 2.mp4,hold2,252,features_cache/04899275307347506-HOLD 2.pt
ASL-Citizen/videos/37002278542070477-TIRED OF.mp4,tiredof,94,features_cache/37002278542070477-TIRED OF.pt
ASL-Citizen/videos/47748695190615664-ICECREAM.mp4,icecream,187,features_cache/47748695190615664-ICECREAM.pt
ASL-Citizen/videos/5455626698442448-LONG TIME.mp4,longtime,182,features_cache/5455626698442448-LONG TIME.pt
ASL-Citizen/videos/24752713514497837-HAVE.mp4,have,235,features_cache/24752713514497837-HAVE.pt
ASL-Citizen/videos/7931358438727161-DOWN.mp4,down,272,features_cache/7931358438727161-DOWN.pt
ASL-Citizen/videos/7222349131719781-OUT.mp4,out,258,features_cache/7222349131719781-OUT.pt
ASL-Citizen/videos/12817656792505772-HOME.mp4,home,47,features_cache/12817656792505772-HOME.pt
ASL-Citizen/videos/34469848178573526-ARRIVE.mp4,arrive,75,features_cache/34469848178573526-ARRIVE.pt
ASL-Citizen/videos/3380520143388104-SCHOOL.mp4,school,49,features_cache/3380520143388104-SCHOOL.pt
ASL-Citizen/videos/016569277193326126-SLEEP.mp4,sleep,66,features_cache/016569277193326126-SLEEP.pt
ASL-Citizen/videos/10390691301258559-FISHING.mp4,fishing1,218,features_cache/10390691301258559-FISHING.pt
ASL-Citizen/videos/6013462323405956-READ.mp4,read,134,features_cache/6013462323405956-READ.pt
ASL-Citizen/videos/14205958632175242-HURT.mp4,hurt,255,features_cache/14205958632175242-HURT.pt
ASL-Citizen/videos/515096322565082-FRIENDLY.mp4,friendly,27,features_cache/515096322565082-FRIENDLY.pt
ASL-Citizen/videos/5922098297054987-TINY.mp4,tiny,157,features_cache/5922098297054987-TINY.pt
ASL-Citizen/videos/12127008483455959-UNDER.mp4,under,270,features_cache/12127008483455959-UNDER.pt
ASL-Citizen/videos/2914199186768185-LOCK 2.mp4,lock2,185,features_cache/2914199186768185-LOCK 2.pt
ASL-Citizen/videos/2815065509240542-HOW 2.mp4,how2,42,features_cache/2815065509240542-HOW 2.pt
ASL-Citizen/videos/206876353960062-BALL.mp4,ball,210,features_cache/206876353960062-BALL.pt
ASL-Citizen/videos/6481029082097123-WHAT 1.mp4,what2,12,features_cache/6481029082097123-WHAT 1.pt
ASL-Citizen/videos/5649834747186528-CANNOT.mp4,cannot,116,features_cache/5649834747186528-CANNOT.pt
ASL-Citizen/videos/9666166092642376-seedRUN.mp4,run1,295,features_cache/9666166092642376-seedRUN.pt
ASL-Citizen/videos/029712965052663964-MONEY 2.mp4,money2,110,features_cache/029712965052663964-MONEY 2.pt
ASL-Citizen/videos/2907662588756057-SISTER.mp4,sister,36,features_cache/2907662588756057-SISTER.pt
ASL-Citizen/videos/47487203015095614-SUNDAY.mp4,sunday,268,features_cache/47487203015095614-SUNDAY.pt
ASL-Citizen/videos/2966287472212086-WASH MACHINE.mp4,washmachine,240,features_cache/2966287472212086-WASH MACHINE.pt
ASL-Citizen/videos/6741912564576187-FINE.mp4,fine1,225,features_cache/6741912564576187-FINE.pt
ASL-Citizen/videos/6771094182530923-SHOULD.mp4,should,163,features_cache/6771094182530923-SHOULD.pt
ASL-Citizen/videos/2965219491506226-seedSEVEN.mp4,seven,201,features_cache/2965219491506226-seedSEVEN.pt
ASL-Citizen/videos/7935982603169873-HAPPY.mp4,happy,90,features_cache/7935982603169873-HAPPY.pt
ASL-Citizen/videos/5579042190173937-HAIRCUT.mp4,haircut,231,features_cache/5579042190173937-HAIRCUT.pt
ASL-Citizen/videos/217732808571379-YOUR.mp4,your,18,features_cache/217732808571379-YOUR.pt
ASL-Citizen/videos/1724846081232847-HE.mp4,he,236,features_cache/1724846081232847-HE.pt
ASL-Citizen/videos/28138237536258726-HOSPITAL 2.mp4,hospital2,248,features_cache/28138237536258726-HOSPITAL 2.pt
ASL-Citizen/videos/5277617172355613-BASKETBALL 3.mp4,basketball2,212,features_cache/5277617172355613-BASKETBALL 3.pt
ASL-Citizen/videos/6219143552885611-GIRL.mp4,girl,29,features_cache/6219143552885611-GIRL.pt
ASL-Citizen/videos/846608437488356-MONDAY.mp4,monday,263,features_cache/846608437488356-MONDAY.pt
ASL-Citizen/videos/29703412364186654-seedLOST.mp4,lost,274,features_cache/29703412364186654-seedLOST.pt
ASL-Citizen/videos/920513750448132-WHAT 1.mp4,what2,12,features_cache/920513750448132-WHAT 1.pt
ASL-Citizen/videos/4843579408025589-GOOD.mp4,good,3,features_cache/4843579408025589-GOOD.pt
ASL-Citizen/videos/39448354221143345-FISHING 2.mp4,fishing2,219,features_cache/39448354221143345-FISHING 2.pt
ASL-Citizen/videos/19466969481468022-RESTAURANT.mp4,restaurant,104,features_cache/19466969481468022-RESTAURANT.pt
ASL-Citizen/videos/06432011024096629-FRIEND.mp4,friend,26,features_cache/06432011024096629-FRIEND.pt
ASL-Citizen/videos/1037401808949161-LOCK 2.mp4,lock2,185,features_cache/1037401808949161-LOCK 2.pt
ASL-Citizen/videos/05859480723249688-PLEASE.mp4,please,5,features_cache/05859480723249688-PLEASE.pt
ASL-Citizen/videos/016543374713810843-DONT FEEL_LIKE.mp4,dontfeellike,190,features_cache/016543374713810843-DONT FEEL_LIKE.pt
ASL-Citizen/videos/08948222222557001-KNOW.mp4,know,77,features_cache/08948222222557001-KNOW.pt
ASL-Citizen/videos/9506820483257186-WOMAN.mp4,woman1,31,features_cache/9506820483257186-WOMAN.pt
ASL-Citizen/videos/08388847822934364-FISHING.mp4,fishing1,218,features_cache/08388847822934364-FISHING.pt
ASL-Citizen/videos/389371743668222-WHY NOT.mp4,whynot,40,features_cache/389371743668222-WHY NOT.pt
ASL-Citizen/videos/4657156880345066-SHOP 1.mp4,shop2,103,features_cache/4657156880345066-SHOP 1.pt
ASL-Citizen/videos/9202952888505809-BOXING.mp4,boxing,140,features_cache/9202952888505809-BOXING.pt
ASL-Citizen/videos/5471170729843933-READ.mp4,read,134,features_cache/5471170729843933-READ.pt
ASL-Citizen/videos/5442330055496771-HAPPY.mp4,happy,90,features_cache/5442330055496771-HAPPY.pt
ASL-Citizen/videos/4544324354652651-DONT KNOW.mp4,dontknow,191,features_cache/4544324354652651-DONT KNOW.pt
ASL-Citizen/videos/770154845154275-SHORT PERSON.mp4,shortperson,159,features_cache/770154845154275-SHORT PERSON.pt
ASL-Citizen/videos/34076966817997323-ME.mp4,me,15,features_cache/34076966817997323-ME.pt
ASL-Citizen/videos/7214540527811755-WEDNESDAY.mp4,wednesday,265,features_cache/7214540527811755-WEDNESDAY.pt
ASL-Citizen/videos/3989419786997057-RUN 2.mp4,run2,296,features_cache/3989419786997057-RUN 2.pt
ASL-Citizen/videos/8993471320366198-MILK.mp4,milk1,129,features_cache/8993471320366198-MILK.pt
ASL-Citizen/videos/40702086170853957-EIGHT.mp4,eight,202,features_cache/40702086170853957-EIGHT.pt
ASL-Citizen/videos/7793561463028711-PULL.mp4,pull,284,features_cache/7793561463028711-PULL.pt
ASL-Citizen/videos/5400034686127342-THUNDER.mp4,thunder,261,features_cache/5400034686127342-THUNDER.pt
ASL-Citizen/videos/11980595907059866-SHOUT.mp4,shout1,164,features_cache/11980595907059866-SHOUT.pt
ASL-Citizen/videos/21216630436083284-FOUR.mp4,four,199,features_cache/21216630436083284-FOUR.pt
ASL-Citizen/videos/8921265008269801-THERE.mp4,there,46,features_cache/8921265008269801-THERE.pt
ASL-Citizen/videos/46422038207757876-PULL.mp4,pull,284,features_cache/46422038207757876-PULL.pt
ASL-Citizen/videos/8176197669859617-HOLD 2.mp4,hold2,252,features_cache/8176197669859617-HOLD 2.pt
ASL-Citizen/videos/845411153644452-FAMILY.mp4,family,25,features_cache/845411153644452-FAMILY.pt
ASL-Citizen/videos/29915431355742017-MUST.mp4,must,117,features_cache/29915431355742017-MUST.pt
ASL-Citizen/videos/4263603161819096-GREEN.mp4,green,149,features_cache/4263603161819096-GREEN.pt
ASL-Citizen/videos/37275461912744046-WHERE.mp4,where,37,features_cache/37275461912744046-WHERE.pt
ASL-Citizen/videos/7005126744250538-HIS.mp4,his,20,features_cache/7005126744250538-HIS.pt
ASL-Citizen/videos/8337573441144548-FOREST.mp4,forest,126,features_cache/8337573441144548-FOREST.pt
ASL-Citizen/videos/6040690307068084-THUNDER.mp4,thunder,261,features_cache/6040690307068084-THUNDER.pt
ASL-Citizen/videos/4850200936266942-WOMAN.mp4,woman1,31,features_cache/4850200936266942-WOMAN.pt
ASL-Citizen/videos/8572101505941552-LOCK 3.mp4,lock3,186,features_cache/8572101505941552-LOCK 3.pt
ASL-Citizen/videos/8357476759625222-COME HERE.mp4,comehere,72,features_cache/8357476759625222-COME HERE.pt
ASL-Citizen/videos/5658430416463056-HOW 2.mp4,how2,42,features_cache/5658430416463056-HOW 2.pt
ASL-Citizen/videos/07920867242275098-TUESDAY.mp4,tuesday,264,features_cache/07920867242275098-TUESDAY.pt
ASL-Citizen/videos/44297246914857435-NEAR.mp4,near,277,features_cache/44297246914857435-NEAR.pt
ASL-Citizen/videos/7823986821268818-LOCK.mp4,lock1,184,features_cache/7823986821268818-LOCK.pt
ASL-Citizen/videos/4624064779710624-THANK YOU.mp4,thankyou,6,features_cache/4624064779710624-THANK YOU.pt
ASL-Citizen/videos/3675837334966965-DONT FEEL_LIKE.mp4,dontfeellike,190,features_cache/3675837334966965-DONT FEEL_LIKE.pt
ASL-Citizen/videos/2628676800017937-PEN.mp4,pen,281,features_cache/2628676800017937-PEN.pt
ASL-Citizen/videos/9667160120749572-TALL 2.mp4,tall1,175,features_cache/9667160120749572-TALL 2.pt
ASL-Citizen/videos/41464225168906266-JUICE 2.mp4,juice1,127,features_cache/41464225168906266-JUICE 2.pt
ASL-Citizen/videos/11865010364073503-REST.mp4,rest,290,features_cache/11865010364073503-REST.pt
ASL-Citizen/videos/6932057977804538-TWO.mp4,two,197,features_cache/6932057977804538-TWO.pt
ASL-Citizen/videos/22762374635521176-GO.mp4,go,70,features_cache/22762374635521176-GO.pt
ASL-Citizen/videos/32275763791411505-TWO.mp4,two,197,features_cache/32275763791411505-TWO.pt
ASL-Citizen/videos/6867078000301718-HOME.mp4,home,47,features_cache/6867078000301718-HOME.pt
ASL-Citizen/videos/6798727816721306-HURT.mp4,hurt,255,features_cache/6798727816721306-HURT.pt
ASL-Citizen/videos/6665512741672404-THUNDER.mp4,thunder,261,features_cache/6665512741672404-THUNDER.pt
ASL-Citizen/videos/1275053046079455-SNOW 2.mp4,snow2,209,features_cache/1275053046079455-SNOW 2.pt
ASL-Citizen/videos/7633870830493861-GOOD.mp4,good,3,features_cache/7633870830493861-GOOD.pt
ASL-Citizen/videos/9101168111350384-ME.mp4,me,15,features_cache/9101168111350384-ME.pt
ASL-Citizen/videos/07770960749445921-MOUTH.mp4,mouth,111,features_cache/07770960749445921-MOUTH.pt
ASL-Citizen/videos/3821975767924515-STEAK.mp4,steak,299,features_cache/3821975767924515-STEAK.pt
ASL-Citizen/videos/3903052006623524-seedWHICH.mp4,which,43,features_cache/3903052006623524-seedWHICH.pt
ASL-Citizen/videos/41699711447604804-NINE.mp4,nine,203,features_cache/41699711447604804-NINE.pt
ASL-Citizen/videos/06449428111272604-MONDAY.mp4,monday,263,features_cache/06449428111272604-MONDAY.pt
ASL-Citizen/videos/9999788504770488-PINK.mp4,pink,146,features_cache/9999788504770488-PINK.pt
ASL-Citizen/videos/8702889283080875-ASK.mp4,ask,84,features_cache/8702889283080875-ASK.pt
ASL-Citizen/videos/285782838453037-LOVE.mp4,love,98,features_cache/285782838453037-LOVE.pt
ASL-Citizen/videos/06476990357042611-THANK YOU.mp4,thankyou,6,features_cache/06476990357042611-THANK YOU.pt
ASL-Citizen/videos/7170093068062318-SHORTS.mp4,shorts,160,features_cache/7170093068062318-SHORTS.pt
ASL-Citizen/videos/9326065826263876-RUN 2.mp4,run2,296,features_cache/9326065826263876-RUN 2.pt
ASL-Citizen/videos/051784547838668704-WASH 1.mp4,wash1,241,features_cache/051784547838668704-WASH 1.pt
ASL-Citizen/videos/4831957019657078-HOLD 2.mp4,hold2,252,features_cache/4831957019657078-HOLD 2.pt
ASL-Citizen/videos/22392770332459322-TALL.mp4,tall2,176,features_cache/22392770332459322-TALL.pt
ASL-Citizen/videos/1252058000500471-RIGHT 2.mp4,right2,292,features_cache/1252058000500471-RIGHT 2.pt
ASL-Citizen/videos/7244642408200301-ONCE.mp4,once,280,features_cache/7244642408200301-ONCE.pt
ASL-Citizen/videos/3651635807937157-SHOWER.mp4,shower,86,features_cache/3651635807937157-SHOWER.pt
ASL-Citizen/videos/5636539659239006-FOR.mp4,for,215,features_cache/5636539659239006-FOR.pt
ASL-Citizen/videos/24705661999001016-RIGHT 1.mp4,right1,291,features_cache/24705661999001016-RIGHT 1.pt
ASL-Citizen/videos/5238602177067699-LATER.mp4,later,54,features_cache/5238602177067699-LATER.pt
ASL-Citizen/videos/7179257483743249-READ.mp4,read,134,features_cache/7179257483743249-READ.pt
ASL-Citizen/videos/5444162139741568-KNOW.mp4,know,77,features_cache/5444162139741568-KNOW.pt
ASL-Citizen/videos/6966841023893111-LEAVE.mp4,leave,74,features_cache/6966841023893111-LEAVE.pt
ASL-Citizen/videos/7716987223343876-FOOTBALL.mp4,football,214,features_cache/7716987223343876-FOOTBALL.pt
ASL-Citizen/videos/3654136803353809-SHORT DISTANCE.mp4,shortdistance,158,features_cache/3654136803353809-SHORT DISTANCE.pt
ASL-Citizen/videos/8595649055844512-DRINK 2.mp4,drink2,65,features_cache/8595649055844512-DRINK 2.pt
ASL-Citizen/videos/3526304686236028-CHECK.mp4,check,249,features_cache/3526304686236028-CHECK.pt
ASL-Citizen/videos/9933444469916732-EAT 2.mp4,eat2,63,features_cache/9933444469916732-EAT 2.pt
ASL-Citizen/videos/27529039967889046-COME HERE.mp4,comehere,72,features_cache/27529039967889046-COME HERE.pt
ASL-Citizen/videos/09466624300997495-MONDAY.mp4,monday,263,features_cache/09466624300997495-MONDAY.pt
ASL-Citizen/videos/09249006308823682-WHICH.mp4,which,43,features_cache/09249006308823682-WHICH.pt
ASL-Citizen/videos/9190616700056677-FOOTBALL.mp4,football,214,features_cache/9190616700056677-FOOTBALL.pt
ASL-Citizen/videos/4617099319240938-WASH FACE_1.mp4,washface1,237,features_cache/4617099319240938-WASH FACE_1.pt
ASL-Citizen/videos/9946779837927824-REMEMBER.mp4,remember2,81,features_cache/9946779837927824-REMEMBER.pt
ASL-Citizen/videos/2734240294538983-SAD.mp4,sad,91,features_cache/2734240294538983-SAD.pt
ASL-Citizen/videos/5338341147221657-THINK.mp4,think,78,features_cache/5338341147221657-THINK.pt
ASL-Citizen/videos/670019265660998-HOW.mp4,how1,41,features_cache/670019265660998-HOW.pt
ASL-Citizen/videos/8375968171209345-REMEMBER.mp4,remember2,81,features_cache/8375968171209345-REMEMBER.pt
ASL-Citizen/videos/6031397118143422-LOCK.mp4,lock1,184,features_cache/6031397118143422-LOCK.pt
ASL-Citizen/videos/7174661485702265-HOSPITAL.mp4,hospital1,247,features_cache/7174661485702265-HOSPITAL.pt
ASL-Citizen/videos/3150362992415996-DRINK.mp4,drink1,64,features_cache/3150362992415996-DRINK.pt
ASL-Citizen/videos/2290456408074184-GO.mp4,go,70,features_cache/2290456408074184-GO.pt
ASL-Citizen/videos/9847367241171265-LOST.mp4,lost,274,features_cache/9847367241171265-LOST.pt
ASL-Citizen/videos/1267097568238067-MONEY.mp4,money1,109,features_cache/1267097568238067-MONEY.pt
ASL-Citizen/videos/2955615009335826-seedFINE.mp4,fine2,226,features_cache/2955615009335826-seedFINE.pt
ASL-Citizen/videos/3805414515815826-SEVEN.mp4,seven,201,features_cache/3805414515815826-SEVEN.pt
ASL-Citizen/videos/3657614347351763-LONG.mp4,long,179,features_cache/3657614347351763-LONG.pt
ASL-Citizen/videos/24626162714112465-HAVE.mp4,have,235,features_cache/24626162714112465-HAVE.pt
ASL-Citizen/videos/07214322840682375-FINE.mp4,fine1,225,features_cache/07214322840682375-FINE.pt
ASL-Citizen/videos/8738404409133997-FRIDAY.mp4,friday,266,features_cache/8738404409133997-FRIDAY.pt
ASL-Citizen/videos/8105119250658037-WASH MACHINE.mp4,washmachine,240,features_cache/8105119250658037-WASH MACHINE.pt
ASL-Citizen/videos/9595878690275568-FOURTH.mp4,fourth,222,features_cache/9595878690275568-FOURTH.pt
ASL-Citizen/videos/474306604326884-RING.mp4,ring,294,features_cache/474306604326884-RING.pt
ASL-Citizen/videos/9985170878370957-HE.mp4,he,236,features_cache/9985170878370957-HE.pt
ASL-Citizen/videos/5369002649936094-seedWEEK.mp4,week,58,features_cache/5369002649936094-seedWEEK.pt
ASL-Citizen/videos/6456716537968419-CAN 2.mp4,can2,115,features_cache/6456716537968419-CAN 2.pt
ASL-Citizen/videos/11145379171594882-NOT UNDERSTAND.mp4,notunderstand,269,features_cache/11145379171594882-NOT UNDERSTAND.pt
ASL-Citizen/videos/8581425765281641-WEDNESDAY.mp4,wednesday,265,features_cache/8581425765281641-WEDNESDAY.pt
ASL-Citizen/videos/7971484897982948-BOXING.mp4,boxing,140,features_cache/7971484897982948-BOXING.pt
ASL-Citizen/videos/2008258349616816-THEY.mp4,they1,23,features_cache/2008258349616816-THEY.pt
ASL-Citizen/videos/8303185695739115-FIND.mp4,find,224,features_cache/8303185695739115-FIND.pt
ASL-Citizen/videos/7547776748860455-REST.mp4,rest,290,features_cache/7547776748860455-REST.pt
ASL-Citizen/videos/7613696736100914-HELLO.mp4,hello,0,features_cache/7613696736100914-HELLO.pt
ASL-Citizen/videos/6176616285163985-HAVE.mp4,have,235,features_cache/6176616285163985-HAVE.pt
ASL-Citizen/videos/6458203226414239-GUM.mp4,gum,228,features_cache/6458203226414239-GUM.pt
ASL-Citizen/videos/10075573014808614-RESTAURANT.mp4,restaurant,104,features_cache/10075573014808614-RESTAURANT.pt
ASL-Citizen/videos/13166996541572007-HOLIDAY.mp4,holiday,253,features_cache/13166996541572007-HOLIDAY.pt
ASL-Citizen/videos/8116386646458416-STEAK.mp4,steak,299,features_cache/8116386646458416-STEAK.pt
ASL-Citizen/videos/6898343982713611-RIGHT 3.mp4,right3,293,features_cache/6898343982713611-RIGHT 3.pt
ASL-Citizen/videos/9406543649940853-CAN.mp4,can1,114,features_cache/9406543649940853-CAN.pt
ASL-Citizen/videos/9877174751784656-HAIRCUT.mp4,haircut,231,features_cache/9877174751784656-HAIRCUT.pt
ASL-Citizen/videos/486521679239563-READ.mp4,read,134,features_cache/486521679239563-READ.pt
ASL-Citizen/videos/9981647509356435-GO.mp4,go,70,features_cache/9981647509356435-GO.pt
ASL-Citizen/videos/22142860158788769-seedTALL.mp4,tall1,175,features_cache/22142860158788769-seedTALL.pt
ASL-Citizen/videos/1490020062593329-ANGRY.mp4,angry,92,features_cache/1490020062593329-ANGRY.pt
ASL-Citizen/videos/3754045586202104-DONT MIND.mp4,dontmind,193,features_cache/3754045586202104-DONT MIND.pt
ASL-Citizen/videos/4511146136880271-PERSON.mp4,person,151,features_cache/4511146136880271-PERSON.pt
ASL-Citizen/videos/35342104865755664-HAIRCUT.mp4,haircut,231,features_cache/35342104865755664-HAIRCUT.pt
ASL-Citizen/videos/35577698333107777-BOOK.mp4,book,108,features_cache/35577698333107777-BOOK.pt
ASL-Citizen/videos/5240521827757312-FEW.mp4,few,1,features_cache/5240521827757312-FEW.pt
ASL-Citizen/videos/8828344007252673-HERE.mp4,here,45,features_cache/8828344007252673-HERE.pt
ASL-Citizen/videos/2102101765959472-DONT KNOW.mp4,dontknow,191,features_cache/2102101765959472-DONT KNOW.pt
ASL-Citizen/videos/31514063915992985-NIGHT.mp4,night1,56,features_cache/31514063915992985-NIGHT.pt
ASL-Citizen/videos/5660843583963-GIRL.mp4,girl,29,features_cache/5660843583963-GIRL.pt
ASL-Citizen/videos/4614534315577101-NOW.mp4,now,53,features_cache/4614534315577101-NOW.pt
ASL-Citizen/videos/3301407948585937-ON.mp4,on,279,features_cache/3301407948585937-ON.pt
ASL-Citizen/videos/3907800695664563-seedFIRST.mp4,first,216,features_cache/3907800695664563-seedFIRST.pt
ASL-Citizen/videos/8163927369729056-LATER.mp4,later,54,features_cache/8163927369729056-LATER.pt
ASL-Citizen/videos/31576138725855984-ON.mp4,on,279,features_cache/31576138725855984-ON.pt
ASL-Citizen/videos/7163283698883582-FISHING.mp4,fishing1,218,features_cache/7163283698883582-FISHING.pt
ASL-Citizen/videos/04309409667596498-READY.mp4,ready,135,features_cache/04309409667596498-READY.pt
ASL-Citizen/videos/23118704675352353-SIGN.mp4,sign,298,features_cache/23118704675352353-SIGN.pt
ASL-Citizen/videos/6066139458985846-OVER.mp4,over,260,features_cache/6066139458985846-OVER.pt
ASL-Citizen/videos/5241537220175312-SHORTS.mp4,shorts,160,features_cache/5241537220175312-SHORTS.pt
ASL-Citizen/videos/6833845760562054-PLAY.mp4,play,68,features_cache/6833845760562054-PLAY.pt
ASL-Citizen/videos/38873595520887383-ONCE.mp4,once,280,features_cache/38873595520887383-ONCE.pt
ASL-Citizen/videos/20489516363250782-NINE.mp4,nine,203,features_cache/20489516363250782-NINE.pt
ASL-Citizen/videos/6562587317755335-MUST.mp4,must,117,features_cache/6562587317755335-MUST.pt
ASL-Citizen/videos/2905919775491457-SHOT.mp4,shot,162,features_cache/2905919775491457-SHOT.pt
ASL-Citizen/videos/7413443665258739-FIFTH.mp4,fifth,223,features_cache/7413443665258739-FIFTH.pt
ASL-Citizen/videos/6649228074925546-ON.mp4,on,279,features_cache/6649228074925546-ON.pt
ASL-Citizen/videos/03323585576449206-YOU.mp4,you,14,features_cache/03323585576449206-YOU.pt
ASL-Citizen/videos/4747623892063422-BASKETBALL.mp4,basketball1,211,features_cache/4747623892063422-BASKETBALL.pt
ASL-Citizen/videos/2816071785934098-BLACK.mp4,black,145,features_cache/2816071785934098-BLACK.pt
ASL-Citizen/videos/020186094005305577-TIME.mp4,time,178,features_cache/020186094005305577-TIME.pt
ASL-Citizen/videos/39604229878593755-BLUE.mp4,blue,148,features_cache/39604229878593755-BLUE.pt
ASL-Citizen/videos/9456646092653287-TALK.mp4,talk1,88,features_cache/9456646092653287-TALK.pt
ASL-Citizen/videos/9694677034062367-THIRD.mp4,third1,220,features_cache/9694677034062367-THIRD.pt
ASL-Citizen/videos/08228267952066615-NO.mp4,no,9,features_cache/08228267952066615-NO.pt
ASL-Citizen/videos/24117064463804905-TALK.mp4,talk1,88,features_cache/24117064463804905-TALK.pt
ASL-Citizen/videos/33672628337900656-FACE.mp4,face,250,features_cache/33672628337900656-FACE.pt
ASL-Citizen/videos/8914567034969603-WASH MACHINE.mp4,washmachine,240,features_cache/8914567034969603-WASH MACHINE.pt
ASL-Citizen/videos/8927117504647817-LISTEN.mp4,listen,133,features_cache/8927117504647817-LISTEN.pt
ASL-Citizen/videos/4773618388112417-BROTHER.mp4,brother,35,features_cache/4773618388112417-BROTHER.pt
ASL-Citizen/videos/8699676621201298-OK.mp4,ok,136,features_cache/8699676621201298-OK.pt
ASL-Citizen/videos/8405976360991811-SUNDAY.mp4,sunday,268,features_cache/8405976360991811-SUNDAY.pt
ASL-Citizen/videos/5447109669096151-LOST.mp4,lost,274,features_cache/5447109669096151-LOST.pt
ASL-Citizen/videos/29341979023390885-FRIEND.mp4,friend,26,features_cache/29341979023390885-FRIEND.pt
ASL-Citizen/videos/28192168899394865-BOXING.mp4,boxing,140,features_cache/28192168899394865-BOXING.pt
ASL-Citizen/videos/10705964518700384-JUICE 2.mp4,juice1,127,features_cache/10705964518700384-JUICE 2.pt
ASL-Citizen/videos/4266956774131161-DRINK.mp4,drink1,64,features_cache/4266956774131161-DRINK.pt
ASL-Citizen/videos/5872467669891628-RAIN.mp4,rain,206,features_cache/5872467669891628-RAIN.pt
ASL-Citizen/videos/9959161578599864-BOOK.mp4,book,108,features_cache/9959161578599864-BOOK.pt
ASL-Citizen/videos/9120273911351187-SNOW.mp4,snow1,208,features_cache/9120273911351187-SNOW.pt
ASL-Citizen/videos/2503930490736366-KNOW.mp4,know,77,features_cache/2503930490736366-KNOW.pt
ASL-Citizen/videos/9873350412583777-ICECREAM.mp4,icecream,187,features_cache/9873350412583777-ICECREAM.pt
ASL-Citizen/videos/029798118124713113-DINNER.mp4,dinner1,170,features_cache/029798118124713113-DINNER.pt
ASL-Citizen/videos/11258166968082794-YOURSELF.mp4,yourself,19,features_cache/11258166968082794-YOURSELF.pt
ASL-Citizen/videos/7341162668077774-LIKE.mp4,like,99,features_cache/7341162668077774-LIKE.pt
ASL-Citizen/videos/6082022551291582-TODAY.mp4,today,50,features_cache/6082022551291582-TODAY.pt
ASL-Citizen/videos/715071805712485-FAST.mp4,fast,169,features_cache/715071805712485-FAST.pt
ASL-Citizen/videos/7257805929367986-HOW 2.mp4,how2,42,features_cache/7257805929367986-HOW 2.pt
ASL-Citizen/videos/8482683234623885-FOOTBALL.mp4,football,214,features_cache/8482683234623885-FOOTBALL.pt
ASL-Citizen/videos/5366927772142136-PINK.mp4,pink,146,features_cache/5366927772142136-PINK.pt
ASL-Citizen/videos/8193497627421649-ONE.mp4,one,196,features_cache/8193497627421649-ONE.pt
ASL-Citizen/videos/18874154401151766-SHOP.mp4,shop1,102,features_cache/18874154401151766-SHOP.pt
ASL-Citizen/videos/2745229669515832-LOUD.mp4,loud,97,features_cache/2745229669515832-LOUD.pt
ASL-Citizen/videos/17987836792170242-YOU.mp4,you,14,features_cache/17987836792170242-YOU.pt
ASL-Citizen/videos/7210851228367339-BOOK.mp4,book,108,features_cache/7210851228367339-BOOK.pt
ASL-Citizen/videos/9807986685399508-TOMORROW.mp4,tomorrow,51,features_cache/9807986685399508-TOMORROW.pt
ASL-Citizen/videos/0505419163931653-NEED.mp4,need,118,features_cache/0505419163931653-NEED.pt
ASL-Citizen/videos/7646708092060626-FINISH.mp4,finish,120,features_cache/7646708092060626-FINISH.pt
ASL-Citizen/videos/2413023602974027-SORRY.mp4,sorry,7,features_cache/2413023602974027-SORRY.pt
ASL-Citizen/videos/9004276587748703-WASH 3.mp4,wash2,242,features_cache/9004276587748703-WASH 3.pt
ASL-Citizen/videos/08764601906609903-HOTEL.mp4,hotel,105,features_cache/08764601906609903-HOTEL.pt
ASL-Citizen/videos/7285669729445197-MILK 2.mp4,milk2,130,features_cache/7285669729445197-MILK 2.pt
ASL-Citizen/videos/578321221600814-YEAR.mp4,year,61,features_cache/578321221600814-YEAR.pt
ASL-Citizen/videos/31909691969588727-THEY.mp4,they1,23,features_cache/31909691969588727-THEY.pt
ASL-Citizen/videos/18379932971765545-ARRIVE.mp4,arrive,75,features_cache/18379932971765545-ARRIVE.pt
ASL-Citizen/videos/9467762244571682-HARD.mp4,hard,232,features_cache/9467762244571682-HARD.pt
ASL-Citizen/videos/04221143689849938-LOCK 2.mp4,lock2,185,features_cache/04221143689849938-LOCK 2.pt
ASL-Citizen/videos/13769138665846503-LOCK.mp4,lock1,184,features_cache/13769138665846503-LOCK.pt
ASL-Citizen/videos/5745729001649573-OK.mp4,ok,136,features_cache/5745729001649573-OK.pt
ASL-Citizen/videos/7434083371662132-HAIRCUT.mp4,haircut,231,features_cache/7434083371662132-HAIRCUT.pt
ASL-Citizen/videos/8530574286013528-seedGREEN.mp4,green,149,features_cache/8530574286013528-seedGREEN.pt
ASL-Citizen/videos/3860077714893173-FINISH.mp4,finish,120,features_cache/3860077714893173-FINISH.pt
ASL-Citizen/videos/5814218831348728-LIKE.mp4,like,99,features_cache/5814218831348728-LIKE.pt
ASL-Citizen/videos/8795288395549647-FEW.mp4,few,1,features_cache/8795288395549647-FEW.pt
ASL-Citizen/videos/7652691083354926-YOUR.mp4,your,18,features_cache/7652691083354926-YOUR.pt
ASL-Citizen/videos/516787085039579-WHY NOT.mp4,whynot,40,features_cache/516787085039579-WHY NOT.pt
ASL-Citizen/videos/03376426509046859-HOW.mp4,how1,41,features_cache/03376426509046859-HOW.pt
ASL-Citizen/videos/31084732949464255-DONT KNOW.mp4,dontknow,191,features_cache/31084732949464255-DONT KNOW.pt
ASL-Citizen/videos/000884691765486556-YESTERDAY.mp4,yesterday,52,features_cache/000884691765486556-YESTERDAY.pt
ASL-Citizen/videos/8894885784668014-GIVE.mp4,give,227,features_cache/8894885784668014-GIVE.pt
ASL-Citizen/videos/3814009077656757-KNOW.mp4,know,77,features_cache/3814009077656757-KNOW.pt
ASL-Citizen/videos/8635216593391397-WANT 2.mp4,want1,100,features_cache/8635216593391397-WANT 2.pt
ASL-Citizen/videos/006797297377982181-READY.mp4,ready,135,features_cache/006797297377982181-READY.pt
ASL-Citizen/videos/0531086038353783-FRIENDLY.mp4,friendly,27,features_cache/0531086038353783-FRIENDLY.pt
ASL-Citizen/videos/22306165813631562-HOW.mp4,how1,41,features_cache/22306165813631562-HOW.pt
ASL-Citizen/videos/9174915733024191-GIVE.mp4,give,227,features_cache/9174915733024191-GIVE.pt
ASL-Citizen/videos/464160304730604-seedREMEMBER 2.mp4,remember1,80,features_cache/464160304730604-seedREMEMBER 2.pt
ASL-Citizen/videos/3882428949192609-BOY.mp4,boy,28,features_cache/3882428949192609-BOY.pt
ASL-Citizen/videos/6807130703284592-RAINBOW.mp4,rainbow,207,features_cache/6807130703284592-RAINBOW.pt
ASL-Citizen/videos/4150707024679834-seedBOXING.mp4,boxing,140,features_cache/4150707024679834-seedBOXING.pt
ASL-Citizen/videos/04288208651272685-FALLING ASLEEP.mp4,fallingasleep,172,features_cache/04288208651272685-FALLING ASLEEP.pt
ASL-Citizen/videos/4085470742522179-ACCIDENT.mp4,accident,142,features_cache/4085470742522179-ACCIDENT.pt
ASL-Citizen/videos/5587532045405372-SIDE.mp4,side,87,features_cache/5587532045405372-SIDE.pt
ASL-Citizen/videos/42851676344946754-WOMAN 2.mp4,woman2,32,features_cache/42851676344946754-WOMAN 2.pt
ASL-Citizen/videos/3537345851274545-COME.mp4,come,71,features_cache/3537345851274545-COME.pt
ASL-Citizen/videos/9124251403543726-RAIN.mp4,rain,206,features_cache/9124251403543726-RAIN.pt
ASL-Citizen/videos/4385197479528271-SEVEN.mp4,seven,201,features_cache/4385197479528271-SEVEN.pt
ASL-Citizen/videos/18509737216918665-TINY.mp4,tiny,157,features_cache/18509737216918665-TINY.pt
ASL-Citizen/videos/18385527788301004-FINISH.mp4,finish,120,features_cache/18385527788301004-FINISH.pt
ASL-Citizen/videos/7449721965435019-WATER.mp4,water,112,features_cache/7449721965435019-WATER.pt
ASL-Citizen/videos/9440421081377539-DONT KNOW.mp4,dontknow,191,features_cache/9440421081377539-DONT KNOW.pt
ASL-Citizen/videos/3502421025664679-BREAD.mp4,bread,138,features_cache/3502421025664679-BREAD.pt
ASL-Citizen/videos/3093551825088652-PHONE.mp4,phone,107,features_cache/3093551825088652-PHONE.pt
ASL-Citizen/videos/007142559902292289-NEAR.mp4,near,277,features_cache/007142559902292289-NEAR.pt
ASL-Citizen/videos/12688433517205455-WASH 3.mp4,wash2,242,features_cache/12688433517205455-WASH 3.pt
ASL-Citizen/videos/47932866012276043-FRIENDLY.mp4,friendly,27,features_cache/47932866012276043-FRIENDLY.pt
ASL-Citizen/videos/0776985513024675-ONE.mp4,one,196,features_cache/0776985513024675-ONE.pt
ASL-Citizen/videos/17156030645430365-FINE.mp4,fine1,225,features_cache/17156030645430365-FINE.pt
ASL-Citizen/videos/999528429644486-RING.mp4,ring,294,features_cache/999528429644486-RING.pt
ASL-Citizen/videos/30644221438404995-TWO.mp4,two,197,features_cache/30644221438404995-TWO.pt
ASL-Citizen/videos/826553211706041-TIRED OF.mp4,tiredof,94,features_cache/826553211706041-TIRED OF.pt
ASL-Citizen/videos/8985933838978155-seedSIDE.mp4,side,87,features_cache/8985933838978155-seedSIDE.pt
ASL-Citizen/videos/9184432622213672-seedPIZZA.mp4,pizza1,282,features_cache/9184432622213672-seedPIZZA.pt
ASL-Citizen/videos/7433560852348744-HOLIDAY.mp4,holiday,253,features_cache/7433560852348744-HOLIDAY.pt
ASL-Citizen/videos/018998879866996665-ONCE.mp4,once,280,features_cache/018998879866996665-ONCE.pt
ASL-Citizen/videos/22532571077368502-HUG.mp4,hug,254,features_cache/22532571077368502-HUG.pt
ASL-Citizen/videos/393922339768902-HOLD 2.mp4,hold2,252,features_cache/393922339768902-HOLD 2.pt
ASL-Citizen/videos/8503710037081325-WARM.mp4,warm,243,features_cache/8503710037081325-WARM.pt
ASL-Citizen/videos/40992549457288496-SHOWER.mp4,shower,86,features_cache/40992549457288496-SHOWER.pt
ASL-Citizen/videos/40193405478785693-EAT.mp4,eat1,62,features_cache/40193405478785693-EAT.pt
ASL-Citizen/videos/4533311014452934-CHECK.mp4,check,249,features_cache/4533311014452934-CHECK.pt
ASL-Citizen/videos/04211245054867563-BREAD.mp4,bread,138,features_cache/04211245054867563-BREAD.pt
ASL-Citizen/videos/3512784023936262-FATHER.mp4,father,34,features_cache/3512784023936262-FATHER.pt
ASL-Citizen/videos/2837285526744675-SHORT DISTANCE.mp4,shortdistance,158,features_cache/2837285526744675-SHORT DISTANCE.pt
ASL-Citizen/videos/6431006989333747-seedBLACK.mp4,black,145,features_cache/6431006989333747-seedBLACK.pt
ASL-Citizen/videos/17113499168152768-LOCK 3.mp4,lock3,186,features_cache/17113499168152768-LOCK 3.pt
ASL-Citizen/videos/6877385827972768-TALK.mp4,talk1,88,features_cache/6877385827972768-TALK.pt
ASL-Citizen/videos/11568086272874689-MUST.mp4,must,117,features_cache/11568086272874689-MUST.pt
ASL-Citizen/videos/6640877903798303-DINNER 2.mp4,dinner2,171,features_cache/6640877903798303-DINNER 2.pt
ASL-Citizen/videos/3712777130687983-THIRD.mp4,third1,220,features_cache/3712777130687983-THIRD.pt
ASL-Citizen/videos/6742546281006112-COME HERE.mp4,comehere,72,features_cache/6742546281006112-COME HERE.pt
ASL-Citizen/videos/4124339150496943-READ.mp4,read,134,features_cache/4124339150496943-READ.pt
ASL-Citizen/videos/48280740850832826-SIDE.mp4,side,87,features_cache/48280740850832826-SIDE.pt
ASL-Citizen/videos/7983335246927372-PULL.mp4,pull,284,features_cache/7983335246927372-PULL.pt
ASL-Citizen/videos/9999305556908715-FRIEND.mp4,friend,26,features_cache/9999305556908715-FRIEND.pt
ASL-Citizen/videos/8187007958310344-TIRED OF.mp4,tiredof,94,features_cache/8187007958310344-TIRED OF.pt
ASL-Citizen/videos/4271131818661935-FOURTH.mp4,fourth,222,features_cache/4271131818661935-FOURTH.pt
ASL-Citizen/videos/5821865893927691-LEFT.mp4,left,273,features_cache/5821865893927691-LEFT.pt
ASL-Citizen/videos/38105394270591897-SHORTS.mp4,shorts,160,features_cache/38105394270591897-SHORTS.pt
ASL-Citizen/videos/22252371009392813-THREE.mp4,three,198,features_cache/22252371009392813-THREE.pt
ASL-Citizen/videos/5397676628051686-RELAX 2.mp4,relax2,289,features_cache/5397676628051686-RELAX 2.pt
ASL-Citizen/videos/32521170014807677-YOUR.mp4,your,18,features_cache/32521170014807677-YOUR.pt
ASL-Citizen/videos/25802117645943423-HELLO.mp4,hello,0,features_cache/25802117645943423-HELLO.pt
ASL-Citizen/videos/9151288727125246-FALL 1.mp4,fall1,173,features_cache/9151288727125246-FALL 1.pt
ASL-Citizen/videos/24803980252556834-FINISH.mp4,finish,120,features_cache/24803980252556834-FINISH.pt
ASL-Citizen/videos/1365184460665485-seedGAME.mp4,game,275,features_cache/1365184460665485-seedGAME.pt
ASL-Citizen/videos/3606564491385813-BASKETBALL 2.mp4,basketball3,213,features_cache/3606564491385813-BASKETBALL 2.pt
ASL-Citizen/videos/5285653456968582-TODAY.mp4,today,50,features_cache/5285653456968582-TODAY.pt
ASL-Citizen/videos/5911924789322505-HELLO.mp4,hello,0,features_cache/5911924789322505-HELLO.pt
ASL-Citizen/videos/8363353577897863-SHOUT.mp4,shout1,164,features_cache/8363353577897863-SHOUT.pt
ASL-Citizen/videos/05510116410900956-BIG.mp4,big,156,features_cache/05510116410900956-BIG.pt
ASL-Citizen/videos/84134654990606-DINNER 2.mp4,dinner2,171,features_cache/84134654990606-DINNER 2.pt
ASL-Citizen/videos/5719435226636282-WATCH.mp4,watch,82,features_cache/5719435226636282-WATCH.pt
ASL-Citizen/videos/1675036978582043-GREEN.mp4,green,149,features_cache/1675036978582043-GREEN.pt
ASL-Citizen/videos/515542148685266-HUG.mp4,hug,254,features_cache/515542148685266-HUG.pt
ASL-Citizen/videos/8373047177525392-REST.mp4,rest,290,features_cache/8373047177525392-REST.pt
ASL-Citizen/videos/00954311482656367-TOMORROW.mp4,tomorrow,51,features_cache/00954311482656367-TOMORROW.pt
ASL-Citizen/videos/6881205818800142-FAST.mp4,fast,169,features_cache/6881205818800142-FAST.pt
ASL-Citizen/videos/605925117093508-SHORT PERSON.mp4,shortperson,159,features_cache/605925117093508-SHORT PERSON.pt
ASL-Citizen/videos/3277962532056877-MILK 2.mp4,milk2,130,features_cache/3277962532056877-MILK 2.pt
ASL-Citizen/videos/5533946066654993-TEETH.mp4,teeth,204,features_cache/5533946066654993-TEETH.pt
ASL-Citizen/videos/7560324412657027-FRIDAY.mp4,friday,266,features_cache/7560324412657027-FRIDAY.pt
ASL-Citizen/videos/20864476452917868-RELAX.mp4,relax1,288,features_cache/20864476452917868-RELAX.pt
ASL-Citizen/videos/5988902458828236-LATER.mp4,later,54,features_cache/5988902458828236-LATER.pt
ASL-Citizen/videos/8335087724202477-NEAR.mp4,near,277,features_cache/8335087724202477-NEAR.pt
ASL-Citizen/videos/27824567658930976-POLICEMAN.mp4,policeman1,152,features_cache/27824567658930976-POLICEMAN.pt
ASL-Citizen/videos/4106652011209193-FAST.mp4,fast,169,features_cache/4106652011209193-FAST.pt
ASL-Citizen/videos/7542703780996742-BOXING.mp4,boxing,140,features_cache/7542703780996742-BOXING.pt
ASL-Citizen/videos/0747520036218976-IMPROVE.mp4,improve,154,features_cache/0747520036218976-IMPROVE.pt
ASL-Citizen/videos/04710414248870798-CAN 2.mp4,can2,115,features_cache/04710414248870798-CAN 2.pt
ASL-Citizen/videos/8164431015135714-FRIENDLY.mp4,friendly,27,features_cache/8164431015135714-FRIENDLY.pt
ASL-Citizen/videos/002814626086696137-FRIEND.mp4,friend,26,features_cache/002814626086696137-FRIEND.pt
ASL-Citizen/videos/7655473960599048-seedWASH HANDS.mp4,washhands,239,features_cache/7655473960599048-seedWASH HANDS.pt
ASL-Citizen/videos/8114625026876388-DRINK.mp4,drink1,64,features_cache/8114625026876388-DRINK.pt
ASL-Citizen/videos/499380155781485-LOVE.mp4,love,98,features_cache/499380155781485-LOVE.pt
ASL-Citizen/videos/44831797327412004-WEEK.mp4,week,58,features_cache/44831797327412004-WEEK.pt
ASL-Citizen/videos/6781008345337096-SLOW.mp4,slow,168,features_cache/6781008345337096-SLOW.pt
ASL-Citizen/videos/9812058300061492-WHY NOT.mp4,whynot,40,features_cache/9812058300061492-WHY NOT.pt
ASL-Citizen/videos/6724466474942836-SORRY.mp4,sorry,7,features_cache/6724466474942836-SORRY.pt
ASL-Citizen/videos/6405197733008756-YEAR.mp4,year,61,features_cache/6405197733008756-YEAR.pt
ASL-Citizen/videos/006563704798399517-FOURTH.mp4,fourth,222,features_cache/006563704798399517-FOURTH.pt
ASL-Citizen/videos/855083251317073-LONG LINE.mp4,longline,181,features_cache/855083251317073-LONG LINE.pt
ASL-Citizen/videos/4868980458120187-RIGHT 1.mp4,right1,291,features_cache/4868980458120187-RIGHT 1.pt
ASL-Citizen/videos/504866272316989-SHORT WORD.mp4,shortword,161,features_cache/504866272316989-SHORT WORD.pt
ASL-Citizen/videos/013926619701722931-PERSON.mp4,person,151,features_cache/013926619701722931-PERSON.pt
ASL-Citizen/videos/27281455846817093-HARD.mp4,hard,232,features_cache/27281455846817093-HARD.pt
ASL-Citizen/videos/1656110224741969-SIGN.mp4,sign,298,features_cache/1656110224741969-SIGN.pt
ASL-Citizen/videos/6695605225113161-DONT KNOW.mp4,dontknow,191,features_cache/6695605225113161-DONT KNOW.pt
ASL-Citizen/videos/5768276068155578-VACATION.mp4,vacation,125,features_cache/5768276068155578-VACATION.pt
ASL-Citizen/videos/27618561187311874-WANT 2.mp4,want1,100,features_cache/27618561187311874-WANT 2.pt
ASL-Citizen/videos/27241405555401155-WEAK.mp4,weak,59,features_cache/27241405555401155-WEAK.pt
ASL-Citizen/videos/7763349468767458-THINK.mp4,think,78,features_cache/7763349468767458-THINK.pt
ASL-Citizen/videos/44354537243586845-FISHING 2.mp4,fishing2,219,features_cache/44354537243586845-FISHING 2.pt
ASL-Citizen/videos/2529267475456003-COMPUTER.mp4,computer,113,features_cache/2529267475456003-COMPUTER.pt
ASL-Citizen/videos/2693093225302592-ANGRY.mp4,angry,92,features_cache/2693093225302592-ANGRY.pt
ASL-Citizen/videos/27449508901283615-BOOK.mp4,book,108,features_cache/27449508901283615-BOOK.pt
ASL-Citizen/videos/712430814903884-SNOW.mp4,snow1,208,features_cache/712430814903884-SNOW.pt
ASL-Citizen/videos/8300428293417366-UP.mp4,up,271,features_cache/8300428293417366-UP.pt
ASL-Citizen/videos/726398082719435-MOUTH.mp4,mouth,111,features_cache/726398082719435-MOUTH.pt
ASL-Citizen/videos/4902617823660478-WATCH.mp4,watch,82,features_cache/4902617823660478-WATCH.pt
ASL-Citizen/videos/23819147505993477-HOT.mp4,hot,244,features_cache/23819147505993477-HOT.pt
ASL-Citizen/videos/8537861520553731-MONTH.mp4,month,60,features_cache/8537861520553731-MONTH.pt
ASL-Citizen/videos/825397870603666-READ.mp4,read,134,features_cache/825397870603666-READ.pt
ASL-Citizen/videos/43139871301294774-YESTERDAY.mp4,yesterday,52,features_cache/43139871301294774-YESTERDAY.pt
ASL-Citizen/videos/7860299261111419-DOWN.mp4,down,272,features_cache/7860299261111419-DOWN.pt
ASL-Citizen/videos/26179146231501327-LOCK.mp4,lock1,184,features_cache/26179146231501327-LOCK.pt
ASL-Citizen/videos/20482432773002457-LOVE.mp4,love,98,features_cache/20482432773002457-LOVE.pt
ASL-Citizen/videos/5182613179352797-LEFT.mp4,left,273,features_cache/5182613179352797-LEFT.pt
ASL-Citizen/videos/392526939154934-SHOW.mp4,show,85,features_cache/392526939154934-SHOW.pt
ASL-Citizen/videos/1056707484982542-STEAK.mp4,steak,299,features_cache/1056707484982542-STEAK.pt
ASL-Citizen/videos/7163843862691326-FRIDAY.mp4,friday,266,features_cache/7163843862691326-FRIDAY.pt
ASL-Citizen/videos/6108042704274992-LIKE.mp4,like,99,features_cache/6108042704274992-LIKE.pt
ASL-Citizen/videos/12427744708858346-ASK.mp4,ask,84,features_cache/12427744708858346-ASK.pt
ASL-Citizen/videos/07543738136867639-GREEN.mp4,green,149,features_cache/07543738136867639-GREEN.pt
ASL-Citizen/videos/603452666892295-TIME.mp4,time,178,features_cache/603452666892295-TIME.pt
ASL-Citizen/videos/5436788384028752-HAIR 2.mp4,hair2,230,features_cache/5436788384028752-HAIR 2.pt
ASL-Citizen/videos/3727122616989347-WEAK.mp4,weak,59,features_cache/3727122616989347-WEAK.pt
ASL-Citizen/videos/8061628425937784-SLOW.mp4,slow,168,features_cache/8061628425937784-SLOW.pt
ASL-Citizen/videos/8385201420415949-TEAR.mp4,tear,177,features_cache/8385201420415949-TEAR.pt
ASL-Citizen/videos/35073328660026903-HAIR 2.mp4,hair2,230,features_cache/35073328660026903-HAIR 2.pt
ASL-Citizen/videos/9045692755626522-THEY 2.mp4,they2,24,features_cache/9045692755626522-THEY 2.pt
ASL-Citizen/videos/5975088962231947-VACATION.mp4,vacation,125,features_cache/5975088962231947-VACATION.pt
ASL-Citizen/videos/7401223768646483-RESTAURANT.mp4,restaurant,104,features_cache/7401223768646483-RESTAURANT.pt
ASL-Citizen/videos/6606633317977806-RELAX 2.mp4,relax2,289,features_cache/6606633317977806-RELAX 2.pt
ASL-Citizen/videos/8539247280259101-MONEY.mp4,money1,109,features_cache/8539247280259101-MONEY.pt
ASL-Citizen/videos/886185500924829-LOST.mp4,lost,274,features_cache/886185500924829-LOST.pt
ASL-Citizen/videos/7971194940709927-SLEEP.mp4,sleep,66,features_cache/7971194940709927-SLEEP.pt
ASL-Citizen/videos/17613118695524577-HE.mp4,he,236,features_cache/17613118695524577-HE.pt
ASL-Citizen/videos/5610091361521203-NEAR.mp4,near,277,features_cache/5610091361521203-NEAR.pt
ASL-Citizen/videos/37017376507678623-NIGHT 2.mp4,night2,57,features_cache/37017376507678623-NIGHT 2.pt
ASL-Citizen/videos/039314365088337855-READ.mp4,read,134,features_cache/039314365088337855-READ.pt
ASL-Citizen/videos/6022729155127093-SICK.mp4,sick,95,features_cache/6022729155127093-SICK.pt
ASL-Citizen/videos/9739021665350334-YOU.mp4,you,14,features_cache/9739021665350334-YOU.pt
ASL-Citizen/videos/0932553475843072-KNOW.mp4,know,77,features_cache/0932553475843072-KNOW.pt
ASL-Citizen/videos/12224428542825305-IMPROVE.mp4,improve,154,features_cache/12224428542825305-IMPROVE.pt
ASL-Citizen/videos/7448125471859304-OLD.mp4,old,278,features_cache/7448125471859304-OLD.pt
ASL-Citizen/videos/8017819493197522-BASKETBALL 2.mp4,basketball3,213,features_cache/8017819493197522-BASKETBALL 2.pt
ASL-Citizen/videos/876313952795297-RED.mp4,red,147,features_cache/876313952795297-RED.pt
ASL-Citizen/videos/3839299659641129-SIGN.mp4,sign,298,features_cache/3839299659641129-SIGN.pt
ASL-Citizen/videos/9585910588093856-HAIR.mp4,hair1,229,features_cache/9585910588093856-HAIR.pt
ASL-Citizen/videos/5218829876767961-ROAD.mp4,road,297,features_cache/5218829876767961-ROAD.pt
ASL-Citizen/videos/9929778411468304-TUESDAY.mp4,tuesday,264,features_cache/9929778411468304-TUESDAY.pt
ASL-Citizen/videos/18872187904617066-THIRSTY.mp4,thirsty,205,features_cache/18872187904617066-THIRSTY.pt
ASL-Citizen/videos/6385156834644499-LOCK 2.mp4,lock2,185,features_cache/6385156834644499-LOCK 2.pt
ASL-Citizen/videos/06557085999473089-PURPLE.mp4,purple,286,features_cache/06557085999473089-PURPLE.pt
ASL-Citizen/videos/824925993024-NEAR.mp4,near,277,features_cache/824925993024-NEAR.pt
ASL-Citizen/videos/8836734405063897-MILK.mp4,milk1,129,features_cache/8836734405063897-MILK.pt
ASL-Citizen/videos/9640444694439414-FRIENDLY.mp4,friendly,27,features_cache/9640444694439414-FRIENDLY.pt
ASL-Citizen/videos/018444846337544174-RESTAURANT.mp4,restaurant,104,features_cache/018444846337544174-RESTAURANT.pt
ASL-Citizen/videos/5859423895692546-seedVACATION.mp4,vacation,125,features_cache/5859423895692546-seedVACATION.pt
ASL-Citizen/videos/4126001218995001-LONG.mp4,long,179,features_cache/4126001218995001-LONG.pt
ASL-Citizen/videos/3897487502121615-FROM.mp4,from,44,features_cache/3897487502121615-FROM.pt
ASL-Citizen/videos/34931022032212566-IN.mp4,in,256,features_cache/34931022032212566-IN.pt
ASL-Citizen/videos/9487367814629044-WOMAN.mp4,woman1,31,features_cache/9487367814629044-WOMAN.pt
ASL-Citizen/videos/36755244520541575-FINISH.mp4,finish,120,features_cache/36755244520541575-FINISH.pt
ASL-Citizen/videos/9387385435760369-TWO.mp4,two,197,features_cache/9387385435760369-TWO.pt
ASL-Citizen/videos/0736334414323001-WANT.mp4,want2,101,features_cache/0736334414323001-WANT.pt
ASL-Citizen/videos/9908740266244704-SEE.mp4,see,200,features_cache/9908740266244704-SEE.pt
ASL-Citizen/videos/039961169092803894-REMEMBER.mp4,remember2,81,features_cache/039961169092803894-REMEMBER.pt
ASL-Citizen/videos/4117834788915149-BOX.mp4,box,139,features_cache/4117834788915149-BOX.pt
ASL-Citizen/videos/7150379905824831-FOREST.mp4,forest,126,features_cache/7150379905824831-FOREST.pt
ASL-Citizen/videos/4727132427511347-seedCOMPUTER.mp4,computer,113,features_cache/4727132427511347-seedCOMPUTER.pt
ASL-Citizen/videos/6645554412949413-NO.mp4,no,9,features_cache/6645554412949413-NO.pt
ASL-Citizen/videos/6680881687260316-FOOTBALL.mp4,football,214,features_cache/6680881687260316-FOOTBALL.pt
ASL-Citizen/videos/8089330458355601-LOCK.mp4,lock1,184,features_cache/8089330458355601-LOCK.pt
ASL-Citizen/videos/8941678111490932-HOUSE.mp4,house,48,features_cache/8941678111490932-HOUSE.pt
ASL-Citizen/videos/5139098612464488-JUICE 1.mp4,juice2,128,features_cache/5139098612464488-JUICE 1.pt
ASL-Citizen/videos/1823545177175776-THIRSTY.mp4,thirsty,205,features_cache/1823545177175776-THIRSTY.pt
ASL-Citizen/videos/8088001678928292-FINE 2.mp4,fine2,226,features_cache/8088001678928292-FINE 2.pt
ASL-Citizen/videos/8473421461490096-MORE.mp4,more,119,features_cache/8473421461490096-MORE.pt
ASL-Citizen/videos/20443828526610464-THUNDER.mp4,thunder,261,features_cache/20443828526610464-THUNDER.pt
ASL-Citizen/videos/6439895807428715-WATCH.mp4,watch,82,features_cache/6439895807428715-WATCH.pt
ASL-Citizen/videos/9293574730316452-PHONE.mp4,phone,107,features_cache/9293574730316452-PHONE.pt
ASL-Citizen/videos/2472920116386388-HOLD.mp4,hold1,251,features_cache/2472920116386388-HOLD.pt
ASL-Citizen/videos/6150173366410261-CAN.mp4,can1,114,features_cache/6150173366410261-CAN.pt
ASL-Citizen/videos/8975257681814599-RIGHT 1.mp4,right1,291,features_cache/8975257681814599-RIGHT 1.pt
ASL-Citizen/videos/8202173174663565-LATER.mp4,later,54,features_cache/8202173174663565-LATER.pt
ASL-Citizen/videos/16419165797945956-FISHING.mp4,fishing1,218,features_cache/16419165797945956-FISHING.pt
ASL-Citizen/videos/4781099375717477-BECAUSE.mp4,because,124,features_cache/4781099375717477-BECAUSE.pt
ASL-Citizen/videos/5668033535286008-HAIRCUT.mp4,haircut,231,features_cache/5668033535286008-HAIRCUT.pt
ASL-Citizen/videos/8366168468576549-HOLD 2.mp4,hold2,252,features_cache/8366168468576549-HOLD 2.pt
ASL-Citizen/videos/35626491960261597-PLAY.mp4,play,68,features_cache/35626491960261597-PLAY.pt
ASL-Citizen/videos/9288644673117121-ACCIDENT.mp4,accident,142,features_cache/9288644673117121-ACCIDENT.pt
ASL-Citizen/videos/0016996799439721322-BIG.mp4,big,156,features_cache/0016996799439721322-BIG.pt
ASL-Citizen/videos/7064746790954382-GIRL.mp4,girl,29,features_cache/7064746790954382-GIRL.pt
ASL-Citizen/videos/7683708873338428-IMPROVE.mp4,improve,154,features_cache/7683708873338428-IMPROVE.pt
ASL-Citizen/videos/3763434553768781-BAD.mp4,bad,4,features_cache/3763434553768781-BAD.pt
ASL-Citizen/videos/8858395254297784-FINISH.mp4,finish,120,features_cache/8858395254297784-FINISH.pt
ASL-Citizen/videos/2555084103839649-MONEY 2.mp4,money2,110,features_cache/2555084103839649-MONEY 2.pt
ASL-Citizen/videos/8509389835079619-seedBEFORE.mp4,before,122,features_cache/8509389835079619-seedBEFORE.pt
ASL-Citizen/videos/5348552177745745-PLAY.mp4,play,68,features_cache/5348552177745745-PLAY.pt
ASL-Citizen/videos/3487617087873953-ONE.mp4,one,196,features_cache/3487617087873953-ONE.pt
ASL-Citizen/videos/8822793673438183-HAPPY.mp4,happy,90,features_cache/8822793673438183-HAPPY.pt
ASL-Citizen/videos/5334975578469949-NOT UNDERSTAND.mp4,notunderstand,269,features_cache/5334975578469949-NOT UNDERSTAND.pt
ASL-Citizen/videos/8805369151879896-FINISH.mp4,finish,120,features_cache/8805369151879896-FINISH.pt
ASL-Citizen/videos/5686917833354883-TWO.mp4,two,197,features_cache/5686917833354883-TWO.pt
ASL-Citizen/videos/5192884644160745-FRIDAY.mp4,friday,266,features_cache/5192884644160745-FRIDAY.pt
ASL-Citizen/videos/7956540855628553-DONT FEEL_LIKE.mp4,dontfeellike,190,features_cache/7956540855628553-DONT FEEL_LIKE.pt
ASL-Citizen/videos/21734385004764167-ACCIDENT.mp4,accident,142,features_cache/21734385004764167-ACCIDENT.pt
ASL-Citizen/videos/45568515106335883-YOURSELF.mp4,yourself,19,features_cache/45568515106335883-YOURSELF.pt
ASL-Citizen/videos/5902993386542807-HERE.mp4,here,45,features_cache/5902993386542807-HERE.pt
ASL-Citizen/videos/47682478021065666-POLICEMAN 2.mp4,policeman2,153,features_cache/47682478021065666-POLICEMAN 2.pt
ASL-Citizen/videos/45243241024032677-TIME.mp4,time,178,features_cache/45243241024032677-TIME.pt
ASL-Citizen/videos/8880859281633195-TALK.mp4,talk1,88,features_cache/8880859281633195-TALK.pt
ASL-Citizen/videos/4500546033048234-MORNING.mp4,morning,55,features_cache/4500546033048234-MORNING.pt
ASL-Citizen/videos/66049857409442-FISH.mp4,fish,217,features_cache/66049857409442-FISH.pt
ASL-Citizen/videos/18340714145664716-GOOD.mp4,good,3,features_cache/18340714145664716-GOOD.pt
ASL-Citizen/videos/37214725621113587-AFTER.mp4,after,123,features_cache/37214725621113587-AFTER.pt
ASL-Citizen/videos/12206163597044473-COCONUT.mp4,coconut,132,features_cache/12206163597044473-COCONUT.pt
ASL-Citizen/videos/7685362331587309-seedREMEMBER.mp4,remember2,81,features_cache/7685362331587309-seedREMEMBER.pt
ASL-Citizen/videos/18010281440694054-CAN.mp4,can1,114,features_cache/18010281440694054-CAN.pt
ASL-Citizen/videos/7191004824029223-LONG TIME.mp4,longtime,182,features_cache/7191004824029223-LONG TIME.pt
ASL-Citizen/videos/7825551615835824-YOURSELF.mp4,yourself,19,features_cache/7825551615835824-YOURSELF.pt
ASL-Citizen/videos/6421905891904218-AFTER.mp4,after,123,features_cache/6421905891904218-AFTER.pt
ASL-Citizen/videos/9019830699393518-FOURTH.mp4,fourth,222,features_cache/9019830699393518-FOURTH.pt
ASL-Citizen/videos/5935927846691731-WANT.mp4,want2,101,features_cache/5935927846691731-WANT.pt
ASL-Citizen/videos/9191190263080842-INSIDE.mp4,inside,257,features_cache/9191190263080842-INSIDE.pt
ASL-Citizen/videos/9146916136466876-HOME.mp4,home,47,features_cache/9146916136466876-HOME.pt
ASL-Citizen/videos/2872402536889449-RUN.mp4,run1,295,features_cache/2872402536889449-RUN.pt
ASL-Citizen/videos/36266006490335845-OVER.mp4,over,260,features_cache/36266006490335845-OVER.pt
ASL-Citizen/videos/023287006799920906-FATHER.mp4,father,34,features_cache/023287006799920906-FATHER.pt
ASL-Citizen/videos/8166852609962443-PLEASE.mp4,please,5,features_cache/8166852609962443-PLEASE.pt
ASL-Citizen/videos/6339230507709075-WHO.mp4,who,13,features_cache/6339230507709075-WHO.pt
ASL-Citizen/videos/8746541588365899-NOT UNDERSTAND.mp4,notunderstand,269,features_cache/8746541588365899-NOT UNDERSTAND.pt
ASL-Citizen/videos/9992594469711704-GAME.mp4,game,275,features_cache/9992594469711704-GAME.pt
ASL-Citizen/videos/3889871711488835-WEDNESDAY.mp4,wednesday,265,features_cache/3889871711488835-WEDNESDAY.pt
ASL-Citizen/videos/12866631278833784-HUG.mp4,hug,254,features_cache/12866631278833784-HUG.pt
ASL-Citizen/videos/8349278077203259-JUICE 2.mp4,juice1,127,features_cache/8349278077203259-JUICE 2.pt
ASL-Citizen/videos/4586515241534783-FOOTBALL.mp4,football,214,features_cache/4586515241534783-FOOTBALL.pt
ASL-Citizen/videos/2957336956191672-MONEY.mp4,money1,109,features_cache/2957336956191672-MONEY.pt
ASL-Citizen/videos/8482495948253101-LONG.mp4,long,179,features_cache/8482495948253101-LONG.pt
ASL-Citizen/videos/9914319734007941-RELAX 2.mp4,relax2,289,features_cache/9914319734007941-RELAX 2.pt
ASL-Citizen/videos/6259027725722999-TEETH.mp4,teeth,204,features_cache/6259027725722999-TEETH.pt
ASL-Citizen/videos/9323754076872379-FAMILY.mp4,family,25,features_cache/9323754076872379-FAMILY.pt
ASL-Citizen/videos/29383764121574196-SLOW.mp4,slow,168,features_cache/29383764121574196-SLOW.pt
ASL-Citizen/videos/11230737557356596-CAR ACCIDENT.mp4,caraccident,141,features_cache/11230737557356596-CAR ACCIDENT.pt
ASL-Citizen/videos/36154695337778464-BALL.mp4,ball,210,features_cache/36154695337778464-BALL.pt
ASL-Citizen/videos/9284324102762704-SKIRT.mp4,skirt,167,features_cache/9284324102762704-SKIRT.pt
ASL-Citizen/videos/8311673208101575-LIKE.mp4,like,99,features_cache/8311673208101575-LIKE.pt
ASL-Citizen/videos/21709379939795226-SEVEN.mp4,seven,201,features_cache/21709379939795226-SEVEN.pt
ASL-Citizen/videos/6427207676615119-DINNER.mp4,dinner1,170,features_cache/6427207676615119-DINNER.pt
ASL-Citizen/videos/10278942340284503-MOTHER.mp4,mother,33,features_cache/10278942340284503-MOTHER.pt
ASL-Citizen/videos/7812135109457348-PIZZA 2.mp4,pizza2,283,features_cache/7812135109457348-PIZZA 2.pt
ASL-Citizen/videos/4755094497868373-ICECREAM.mp4,icecream,187,features_cache/4755094497868373-ICECREAM.pt
ASL-Citizen/videos/0501491345712457-seedFISH.mp4,fish,217,features_cache/0501491345712457-seedFISH.pt
ASL-Citizen/videos/6287495398514562-FOR.mp4,for,215,features_cache/6287495398514562-FOR.pt
ASL-Citizen/videos/277663852097225-RING.mp4,ring,294,features_cache/277663852097225-RING.pt
ASL-Citizen/videos/20216169582307075-RED.mp4,red,147,features_cache/20216169582307075-RED.pt
ASL-Citizen/videos/597038908032987-BREAD.mp4,bread,138,features_cache/597038908032987-BREAD.pt
ASL-Citizen/videos/7792655131440007-EIGHT.mp4,eight,202,features_cache/7792655131440007-EIGHT.pt
ASL-Citizen/videos/7344087303689908-SHOUT 2.mp4,shout2,165,features_cache/7344087303689908-SHOUT 2.pt
ASL-Citizen/videos/18729914184366958-MILK.mp4,milk1,129,features_cache/18729914184366958-MILK.pt
ASL-Citizen/videos/9317687529080529-WHERE.mp4,where,37,features_cache/9317687529080529-WHERE.pt
ASL-Citizen/videos/6959796115122672-FINISH.mp4,finish,120,features_cache/6959796115122672-FINISH.pt
ASL-Citizen/videos/5236849539661337-AFTER.mp4,after,123,features_cache/5236849539661337-AFTER.pt
ASL-Citizen/videos/9850367559409725-THURSDAY.mp4,thursday,262,features_cache/9850367559409725-THURSDAY.pt
ASL-Citizen/videos/569658649589398-CLOTHES.mp4,clothes,143,features_cache/569658649589398-CLOTHES.pt
ASL-Citizen/videos/5192760960400846-INSIDE.mp4,inside,257,features_cache/5192760960400846-INSIDE.pt
ASL-Citizen/videos/18632317662409692-WASH 1.mp4,wash1,241,features_cache/18632317662409692-WASH 1.pt
ASL-Citizen/videos/8870406706459968-WHICH.mp4,which,43,features_cache/8870406706459968-WHICH.pt
ASL-Citizen/videos/4770356774327982-WORK.mp4,work,67,features_cache/4770356774327982-WORK.pt
ASL-Citizen/videos/3284942530084891-HOSPITAL.mp4,hospital1,247,features_cache/3284942530084891-HOSPITAL.pt
ASL-Citizen/videos/43617453389081473-FALL 1.mp4,fall1,173,features_cache/43617453389081473-FALL 1.pt
ASL-Citizen/videos/3912782603915246-RUN.mp4,run1,295,features_cache/3912782603915246-RUN.pt
ASL-Citizen/videos/22798502572928414-WHAT 1.mp4,what2,12,features_cache/22798502572928414-WHAT 1.pt
ASL-Citizen/videos/7320610989285894-PEN.mp4,pen,281,features_cache/7320610989285894-PEN.pt
ASL-Citizen/videos/31376696329952014-HUG.mp4,hug,254,features_cache/31376696329952014-HUG.pt
ASL-Citizen/videos/931622397117682-WARM.mp4,warm,243,features_cache/931622397117682-WARM.pt
ASL-Citizen/videos/310836973663676-REMEMBER.mp4,remember2,81,features_cache/310836973663676-REMEMBER.pt
ASL-Citizen/videos/44312511799282994-UP.mp4,up,271,features_cache/44312511799282994-UP.pt
ASL-Citizen/videos/03902304347683705-SISTER.mp4,sister,36,features_cache/03902304347683705-SISTER.pt
ASL-Citizen/videos/6759107431039604-FISH.mp4,fish,217,features_cache/6759107431039604-FISH.pt
ASL-Citizen/videos/38480378502997437-MY.mp4,my,16,features_cache/38480378502997437-MY.pt
ASL-Citizen/videos/013688446944508659-SHOUT.mp4,shout1,164,features_cache/013688446944508659-SHOUT.pt
ASL-Citizen/videos/4627977956895697-PIZZA 2.mp4,pizza2,283,features_cache/4627977956895697-PIZZA 2.pt
ASL-Citizen/videos/8572063965111083-AFTER.mp4,after,123,features_cache/8572063965111083-AFTER.pt
ASL-Citizen/videos/5600935739224888-DRINK.mp4,drink1,64,features_cache/5600935739224888-DRINK.pt
ASL-Citizen/videos/3848899217172288-RUN 2.mp4,run2,296,features_cache/3848899217172288-RUN 2.pt
ASL-Citizen/videos/4905262575617222-WATCH.mp4,watch,82,features_cache/4905262575617222-WATCH.pt
ASL-Citizen/videos/2595760307657029-THEY.mp4,they1,23,features_cache/2595760307657029-THEY.pt
ASL-Citizen/videos/40358209943047574-DRINK.mp4,drink1,64,features_cache/40358209943047574-DRINK.pt
ASL-Citizen/videos/03582115602621383-SIDE.mp4,side,87,features_cache/03582115602621383-SIDE.pt
ASL-Citizen/videos/5103802592703206-SHOUT 2.mp4,shout2,165,features_cache/5103802592703206-SHOUT 2.pt
ASL-Citizen/videos/024763583004066003-EIGHT.mp4,eight,202,features_cache/024763583004066003-EIGHT.pt
ASL-Citizen/videos/8057793437727574-LOCK 3.mp4,lock3,186,features_cache/8057793437727574-LOCK 3.pt
ASL-Citizen/videos/2995713064809564-WASH 3.mp4,wash2,242,features_cache/2995713064809564-WASH 3.pt
ASL-Citizen/videos/8823645538409584-FACE.mp4,face,250,features_cache/8823645538409584-FACE.pt
ASL-Citizen/videos/44287768531643446-RUN 2.mp4,run2,296,features_cache/44287768531643446-RUN 2.pt
ASL-Citizen/videos/12304331183386186-RED.mp4,red,147,features_cache/12304331183386186-RED.pt
ASL-Citizen/videos/11091344459201657-ME.mp4,me,15,features_cache/11091344459201657-ME.pt
ASL-Citizen/videos/16256523808991896-THURSDAY.mp4,thursday,262,features_cache/16256523808991896-THURSDAY.pt
ASL-Citizen/videos/27424831505579994-WORK.mp4,work,67,features_cache/27424831505579994-WORK.pt
ASL-Citizen/videos/8738582803582591-MONEY 2.mp4,money2,110,features_cache/8738582803582591-MONEY 2.pt
ASL-Citizen/videos/968486187732823-FALLING ASLEEP.mp4,fallingasleep,172,features_cache/968486187732823-FALLING ASLEEP.pt
ASL-Citizen/videos/5238865370553103-DONT MIND.mp4,dontmind,193,features_cache/5238865370553103-DONT MIND.pt
ASL-Citizen/videos/9579391541087037-WHY.mp4,why,39,features_cache/9579391541087037-WHY.pt
ASL-Citizen/videos/30308650547262106-seedSNOW.mp4,snow1,208,features_cache/30308650547262106-seedSNOW.pt
ASL-Citizen/videos/6829599747963264-TALL.mp4,tall2,176,features_cache/6829599747963264-TALL.pt
ASL-Citizen/videos/5899870288719238-COCONUT.mp4,coconut,132,features_cache/5899870288719238-COCONUT.pt
ASL-Citizen/videos/9484639778809278-QUIET.mp4,quiet,287,features_cache/9484639778809278-QUIET.pt
ASL-Citizen/videos/04590742016118132-RELAX.mp4,relax1,288,features_cache/04590742016118132-RELAX.pt
ASL-Citizen/videos/570126342769925-SHOP.mp4,shop1,102,features_cache/570126342769925-SHOP.pt
ASL-Citizen/videos/49089897134054294-FEW.mp4,few,1,features_cache/49089897134054294-FEW.pt
ASL-Citizen/videos/4888901019829972-CANNOT.mp4,cannot,116,features_cache/4888901019829972-CANNOT.pt
ASL-Citizen/videos/09166083786441126-DONT CARE.mp4,dontcare,189,features_cache/09166083786441126-DONT CARE.pt
ASL-Citizen/videos/3515165483430771-YEAR.mp4,year,61,features_cache/3515165483430771-YEAR.pt
ASL-Citizen/videos/0969825782664262-SHOP 1.mp4,shop2,103,features_cache/0969825782664262-SHOP 1.pt
ASL-Citizen/videos/5803280917903741-WEEK.mp4,week,58,features_cache/5803280917903741-WEEK.pt
ASL-Citizen/videos/1783184424273636-WANT 2.mp4,want1,100,features_cache/1783184424273636-WANT 2.pt
ASL-Citizen/videos/9117355925466168-HOW.mp4,how1,41,features_cache/9117355925466168-HOW.pt
ASL-Citizen/videos/1549671141661335-WANT.mp4,want2,101,features_cache/1549671141661335-WANT.pt
ASL-Citizen/videos/6338605557798189-NOW.mp4,now,53,features_cache/6338605557798189-NOW.pt
ASL-Citizen/videos/5287232905909216-DRINK 2.mp4,drink2,65,features_cache/5287232905909216-DRINK 2.pt
ASL-Citizen/videos/34190773710194367-LATER.mp4,later,54,features_cache/34190773710194367-LATER.pt
ASL-Citizen/videos/16634122246039174-SKIN.mp4,skin,166,features_cache/16634122246039174-SKIN.pt
ASL-Citizen/videos/7768078843171742-HOSPITAL.mp4,hospital1,247,features_cache/7768078843171742-HOSPITAL.pt
ASL-Citizen/videos/6830572365887506-DONT KNOW.mp4,dontknow,191,features_cache/6830572365887506-DONT KNOW.pt
ASL-Citizen/videos/2508730856481898-TIRED OF.mp4,tiredof,94,features_cache/2508730856481898-TIRED OF.pt
ASL-Citizen/videos/9524319030038324-COCONUT.mp4,coconut,132,features_cache/9524319030038324-COCONUT.pt
ASL-Citizen/videos/1152624013258674-WHY NOT.mp4,whynot,40,features_cache/1152624013258674-WHY NOT.pt
ASL-Citizen/videos/600419852873131-WEDNESDAY.mp4,wednesday,265,features_cache/600419852873131-WEDNESDAY.pt
ASL-Citizen/videos/04691923848096047-SKIRT.mp4,skirt,167,features_cache/04691923848096047-SKIRT.pt
ASL-Citizen/videos/16947273607305258-RESTAURANT.mp4,restaurant,104,features_cache/16947273607305258-RESTAURANT.pt
ASL-Citizen/videos/2825546945769022-BOXING.mp4,boxing,140,features_cache/2825546945769022-BOXING.pt
ASL-Citizen/videos/697685603517223-LEAVE.mp4,leave,74,features_cache/697685603517223-LEAVE.pt
ASL-Citizen/videos/5672396093022622-EAT.mp4,eat1,62,features_cache/5672396093022622-EAT.pt
ASL-Citizen/videos/20468755034347463-DRINK 2.mp4,drink2,65,features_cache/20468755034347463-DRINK 2.pt
ASL-Citizen/videos/009883456113471967-EAT.mp4,eat1,62,features_cache/009883456113471967-EAT.pt
ASL-Citizen/videos/9292882782041088-FINISH.mp4,finish,120,features_cache/9292882782041088-FINISH.pt
ASL-Citizen/videos/6225121332593893-WHEN.mp4,when,38,features_cache/6225121332593893-WHEN.pt
ASL-Citizen/videos/2623737600134508-EXCITED.mp4,excited,96,features_cache/2623737600134508-EXCITED.pt
ASL-Citizen/videos/769912465362145-LOST.mp4,lost,274,features_cache/769912465362145-LOST.pt
ASL-Citizen/videos/8006343369425069-TEETH.mp4,teeth,204,features_cache/8006343369425069-TEETH.pt
ASL-Citizen/videos/713197211004809-PHONE.mp4,phone,107,features_cache/713197211004809-PHONE.pt
ASL-Citizen/videos/45071669451713814-HAPPY.mp4,happy,90,features_cache/45071669451713814-HAPPY.pt
ASL-Citizen/videos/7542100183321416-NEED.mp4,need,118,features_cache/7542100183321416-NEED.pt
ASL-Citizen/videos/9963787007850244-LONG WORD.mp4,longword,183,features_cache/9963787007850244-LONG WORD.pt
ASL-Citizen/videos/08870380386555654-STOP.mp4,stop,300,features_cache/08870380386555654-STOP.pt
ASL-Citizen/videos/31599747477241236-LONG LINE.mp4,longline,181,features_cache/31599747477241236-LONG LINE.pt
ASL-Citizen/videos/7825700689768427-PHONE.mp4,phone,107,features_cache/7825700689768427-PHONE.pt
ASL-Citizen/videos/05225550917287913-CAR ACCIDENT.mp4,caraccident,141,features_cache/05225550917287913-CAR ACCIDENT.pt
ASL-Citizen/videos/7672610386410896-LONG TIME.mp4,longtime,182,features_cache/7672610386410896-LONG TIME.pt
ASL-Citizen/videos/4190251970265011-STUDY.mp4,study,69,features_cache/4190251970265011-STUDY.pt
ASL-Citizen/videos/513873968197524-AFTER.mp4,after,123,features_cache/513873968197524-AFTER.pt
ASL-Citizen/videos/08375465135264393-RIGHT 3.mp4,right3,293,features_cache/08375465135264393-RIGHT 3.pt
ASL-Citizen/videos/21965556776774475-POLICEMAN 2.mp4,policeman2,153,features_cache/21965556776774475-POLICEMAN 2.pt
ASL-Citizen/videos/22528183986238282-WEAK.mp4,weak,59,features_cache/22528183986238282-WEAK.pt
ASL-Citizen/videos/30926451717158265-LONG WORD.mp4,longword,183,features_cache/30926451717158265-LONG WORD.pt
ASL-Citizen/videos/9847763152917779-WEEK.mp4,week,58,features_cache/9847763152917779-WEEK.pt
ASL-Citizen/videos/7535449770372906-THANK YOU.mp4,thankyou,6,features_cache/7535449770372906-THANK YOU.pt
ASL-Citizen/videos/4615046990058205-YOU.mp4,you,14,features_cache/4615046990058205-YOU.pt
ASL-Citizen/videos/8068498353201266-WAIT.mp4,wait,76,features_cache/8068498353201266-WAIT.pt
ASL-Citizen/videos/2585581282288061-YOU.mp4,you,14,features_cache/2585581282288061-YOU.pt
ASL-Citizen/videos/8971313921822921-HOLD.mp4,hold1,251,features_cache/8971313921822921-HOLD.pt
ASL-Citizen/videos/6632117095000514-POLICEMAN 2.mp4,policeman2,153,features_cache/6632117095000514-POLICEMAN 2.pt
ASL-Citizen/videos/3337183543392723-DONT LIKE.mp4,dontlike,192,features_cache/3337183543392723-DONT LIKE.pt
ASL-Citizen/videos/6863499601539187-LOST.mp4,lost,274,features_cache/6863499601539187-LOST.pt
ASL-Citizen/videos/5154326034616739-POLICEMAN.mp4,policeman1,152,features_cache/5154326034616739-POLICEMAN.pt
ASL-Citizen/videos/04474861287948073-HARD.mp4,hard,232,features_cache/04474861287948073-HARD.pt
ASL-Citizen/videos/6635155508761357-KNOW.mp4,know,77,features_cache/6635155508761357-KNOW.pt
ASL-Citizen/videos/306186249835092-BASKETBALL.mp4,basketball1,211,features_cache/306186249835092-BASKETBALL.pt
ASL-Citizen/videos/09379414966671162-WHERE.mp4,where,37,features_cache/09379414966671162-WHERE.pt
ASL-Citizen/videos/9743820296444752-DONT CARE.mp4,dontcare,189,features_cache/9743820296444752-DONT CARE.pt
ASL-Citizen/videos/05509394066416262-RAINBOW.mp4,rainbow,207,features_cache/05509394066416262-RAINBOW.pt
ASL-Citizen/videos/050364485120873326-YES.mp4,yes,8,features_cache/050364485120873326-YES.pt
ASL-Citizen/videos/6857054291215132-HOLD 2.mp4,hold2,252,features_cache/6857054291215132-HOLD 2.pt
ASL-Citizen/videos/7074810904736977-DONT NEED.mp4,dontneed,194,features_cache/7074810904736977-DONT NEED.pt
ASL-Citizen/videos/6126370959861873-RELAX.mp4,relax1,288,features_cache/6126370959861873-RELAX.pt
ASL-Citizen/videos/21107107452048735-BLUE.mp4,blue,148,features_cache/21107107452048735-BLUE.pt
ASL-Citizen/videos/5267070480809695-WASH FACE_1.mp4,washface1,237,features_cache/5267070480809695-WASH FACE_1.pt
ASL-Citizen/videos/5497746471053726-MONEY.mp4,money1,109,features_cache/5497746471053726-MONEY.pt
ASL-Citizen/videos/6467215614017887-DONT CARE.mp4,dontcare,189,features_cache/6467215614017887-DONT CARE.pt
ASL-Citizen/videos/674232914369963-CLOTHES.mp4,clothes,143,features_cache/674232914369963-CLOTHES.pt
ASL-Citizen/videos/5231117289015388-FAMILY.mp4,family,25,features_cache/5231117289015388-FAMILY.pt
ASL-Citizen/videos/7758439693732813-SHOT.mp4,shot,162,features_cache/7758439693732813-SHOT.pt
ASL-Citizen/videos/021939327153324584-HOW.mp4,how1,41,features_cache/021939327153324584-HOW.pt
ASL-Citizen/videos/1612103863411971-RIGHT 1.mp4,right1,291,features_cache/1612103863411971-RIGHT 1.pt
ASL-Citizen/videos/8040413047655517-WHO.mp4,who,13,features_cache/8040413047655517-WHO.pt
ASL-Citizen/videos/001531801362371743-YELLOW.mp4,yellow,150,features_cache/001531801362371743-YELLOW.pt
ASL-Citizen/videos/4983578103314874-SHORT DISTANCE.mp4,shortdistance,158,features_cache/4983578103314874-SHORT DISTANCE.pt
ASL-Citizen/videos/8970748644346462-CAR ACCIDENT.mp4,caraccident,141,features_cache/8970748644346462-CAR ACCIDENT.pt
ASL-Citizen/videos/5400379655254408-TALK.mp4,talk1,88,features_cache/5400379655254408-TALK.pt
ASL-Citizen/videos/3253739297686382-BOXING.mp4,boxing,140,features_cache/3253739297686382-BOXING.pt
ASL-Citizen/videos/7891365270838089-HOTEL.mp4,hotel,105,features_cache/7891365270838089-HOTEL.pt
ASL-Citizen/videos/4491735180693548-LOCK 3.mp4,lock3,186,features_cache/4491735180693548-LOCK 3.pt
ASL-Citizen/videos/7407266243277497-FRIEND.mp4,friend,26,features_cache/7407266243277497-FRIEND.pt
ASL-Citizen/videos/9412141529907321-RUN.mp4,run1,295,features_cache/9412141529907321-RUN.pt
ASL-Citizen/videos/9386805628062223-SEE.mp4,see,200,features_cache/9386805628062223-SEE.pt
ASL-Citizen/videos/41800777545619594-PULL.mp4,pull,284,features_cache/41800777545619594-PULL.pt
ASL-Citizen/videos/982659604503249-TUESDAY.mp4,tuesday,264,features_cache/982659604503249-TUESDAY.pt
ASL-Citizen/videos/5237754675340665-BASKETBALL 3.mp4,basketball2,212,features_cache/5237754675340665-BASKETBALL 3.pt
ASL-Citizen/videos/13635874572819362-LATER.mp4,later,54,features_cache/13635874572819362-LATER.pt
ASL-Citizen/videos/3247908414583549-TALK.mp4,talk1,88,features_cache/3247908414583549-TALK.pt
ASL-Citizen/videos/8370733641565598-HOW.mp4,how1,41,features_cache/8370733641565598-HOW.pt
ASL-Citizen/videos/20739960328931106-NAME.mp4,name,10,features_cache/20739960328931106-NAME.pt
ASL-Citizen/videos/38661684159752396-BASKETBALL.mp4,basketball1,211,features_cache/38661684159752396-BASKETBALL.pt
ASL-Citizen/videos/008533489727754251-EAT.mp4,eat1,62,features_cache/008533489727754251-EAT.pt
ASL-Citizen/videos/19186489378761618-FOREST.mp4,forest,126,features_cache/19186489378761618-FOREST.pt
ASL-Citizen/videos/9049167353256697-seedSISTER.mp4,sister,36,features_cache/9049167353256697-seedSISTER.pt
ASL-Citizen/videos/4514948626218971-YOURSELF.mp4,yourself,19,features_cache/4514948626218971-YOURSELF.pt
ASL-Citizen/videos/5865603235099206-SORRY.mp4,sorry,7,features_cache/5865603235099206-SORRY.pt
ASL-Citizen/videos/24684497050920906-SHORT PERSON.mp4,shortperson,159,features_cache/24684497050920906-SHORT PERSON.pt
ASL-Citizen/videos/9179668481329466-OK.mp4,ok,136,features_cache/9179668481329466-OK.pt
ASL-Citizen/videos/7575341075098871-DONT MIND.mp4,dontmind,193,features_cache/7575341075098871-DONT MIND.pt
ASL-Citizen/videos/2155045647013336-WANT.mp4,want2,101,features_cache/2155045647013336-WANT.pt
ASL-Citizen/videos/7678413959063826-GIRL.mp4,girl,29,features_cache/7678413959063826-GIRL.pt
ASL-Citizen/videos/5564503228843931-HEAR 1.mp4,hear1,21,features_cache/5564503228843931-HEAR 1.pt
ASL-Citizen/videos/13747281140128242-YESTERDAY.mp4,yesterday,52,features_cache/13747281140128242-YESTERDAY.pt
ASL-Citizen/videos/47703201766561887-DONT MIND.mp4,dontmind,193,features_cache/47703201766561887-DONT MIND.pt
ASL-Citizen/videos/43704572565708033-THEY 2.mp4,they2,24,features_cache/43704572565708033-THEY 2.pt
ASL-Citizen/videos/5495256812953944-STOP.mp4,stop,300,features_cache/5495256812953944-STOP.pt
ASL-Citizen/videos/6983847344301657-GOOD.mp4,good,3,features_cache/6983847344301657-GOOD.pt
ASL-Citizen/videos/7637315063320489-BASKETBALL 3.mp4,basketball2,212,features_cache/7637315063320489-BASKETBALL 3.pt
ASL-Citizen/videos/2396504546103233-BROTHER.mp4,brother,35,features_cache/2396504546103233-BROTHER.pt
ASL-Citizen/videos/3657484406457592-STUDY.mp4,study,69,features_cache/3657484406457592-STUDY.pt
ASL-Citizen/videos/09634566544524126-SIDE.mp4,side,87,features_cache/09634566544524126-SIDE.pt
ASL-Citizen/videos/08063091087008778-SHOWER.mp4,shower,86,features_cache/08063091087008778-SHOWER.pt
ASL-Citizen/videos/40550375821025386-UNDERSTAND.mp4,understand,79,features_cache/40550375821025386-UNDERSTAND.pt
ASL-Citizen/videos/5520396191669277-QUIET.mp4,quiet,287,features_cache/5520396191669277-QUIET.pt
ASL-Citizen/videos/8017117058905951-WHAT 2.mp4,what1,11,features_cache/8017117058905951-WHAT 2.pt
ASL-Citizen/videos/22253715385450268-DINNER 2.mp4,dinner2,171,features_cache/22253715385450268-DINNER 2.pt
ASL-Citizen/videos/48518448468790254-DONT LIKE.mp4,dontlike,192,features_cache/48518448468790254-DONT LIKE.pt
ASL-Citizen/videos/1855385831233305-HAIR 2.mp4,hair2,230,features_cache/1855385831233305-HAIR 2.pt
ASL-Citizen/videos/5232855079818777-WASH 1.mp4,wash1,241,features_cache/5232855079818777-WASH 1.pt
ASL-Citizen/videos/7331110745964862-DRINK 2.mp4,drink2,65,features_cache/7331110745964862-DRINK 2.pt
ASL-Citizen/videos/007332448986002715-CHECK.mp4,check,249,features_cache/007332448986002715-CHECK.pt
ASL-Citizen/videos/338342327846896-STEAK.mp4,steak,299,features_cache/338342327846896-STEAK.pt
ASL-Citizen/videos/6112414026454454-RING.mp4,ring,294,features_cache/6112414026454454-RING.pt
ASL-Citizen/videos/6556010676022559-CAN 2.mp4,can2,115,features_cache/6556010676022559-CAN 2.pt
ASL-Citizen/videos/25705078510871293-RAINBOW.mp4,rainbow,207,features_cache/25705078510871293-RAINBOW.pt
ASL-Citizen/videos/26521849236421025-THUNDER.mp4,thunder,261,features_cache/26521849236421025-THUNDER.pt
ASL-Citizen/videos/20536852780554438-LOST.mp4,lost,274,features_cache/20536852780554438-LOST.pt
ASL-Citizen/videos/35343898936871176-FRIDAY.mp4,friday,266,features_cache/35343898936871176-FRIDAY.pt
ASL-Citizen/videos/16013066938264542-BASKETBALL 3.mp4,basketball2,212,features_cache/16013066938264542-BASKETBALL 3.pt
ASL-Citizen/videos/04233817642169213-DONT KNOW.mp4,dontknow,191,features_cache/04233817642169213-DONT KNOW.pt
ASL-Citizen/videos/2517752096999739-TUESDAY.mp4,tuesday,264,features_cache/2517752096999739-TUESDAY.pt
ASL-Citizen/videos/010092724897929006-ICECREAM.mp4,icecream,187,features_cache/010092724897929006-ICECREAM.pt
ASL-Citizen/videos/6255356009761448-SEE.mp4,see,200,features_cache/6255356009761448-SEE.pt
ASL-Citizen/videos/4382853991304725-STOP.mp4,stop,300,features_cache/4382853991304725-STOP.pt
ASL-Citizen/videos/3388824634424763-POLICEMAN.mp4,policeman1,152,features_cache/3388824634424763-POLICEMAN.pt
ASL-Citizen/videos/8124698377062092-ROAD.mp4,road,297,features_cache/8124698377062092-ROAD.pt
ASL-Citizen/videos/8795571081681577-WHO.mp4,who,13,features_cache/8795571081681577-WHO.pt
ASL-Citizen/videos/11154805986072591-RESTAURANT.mp4,restaurant,104,features_cache/11154805986072591-RESTAURANT.pt
ASL-Citizen/videos/61879913020465-ARRIVE.mp4,arrive,75,features_cache/61879913020465-ARRIVE.pt
ASL-Citizen/videos/20112235130736345-BOXING.mp4,boxing,140,features_cache/20112235130736345-BOXING.pt
ASL-Citizen/videos/5278240556504277-FOUR.mp4,four,199,features_cache/5278240556504277-FOUR.pt
ASL-Citizen/videos/7634138961055796-HAIR 2.mp4,hair2,230,features_cache/7634138961055796-HAIR 2.pt
ASL-Citizen/videos/5009290267870146-PLAY.mp4,play,68,features_cache/5009290267870146-PLAY.pt
ASL-Citizen/videos/6449974650811678-NEAR.mp4,near,277,features_cache/6449974650811678-NEAR.pt
ASL-Citizen/videos/6051595271256582-seedFRIDAY.mp4,friday,266,features_cache/6051595271256582-seedFRIDAY.pt
ASL-Citizen/videos/9697337626768008-PIZZA.mp4,pizza1,282,features_cache/9697337626768008-PIZZA.pt
ASL-Citizen/videos/2664208219859696-MYSELF.mp4,myself,17,features_cache/2664208219859696-MYSELF.pt
ASL-Citizen/videos/8917441625336839-EAT.mp4,eat1,62,features_cache/8917441625336839-EAT.pt
ASL-Citizen/videos/5134219024560804-DONT FEEL_LIKE.mp4,dontfeellike,190,features_cache/5134219024560804-DONT FEEL_LIKE.pt
ASL-Citizen/videos/2325322109839305-FINISH.mp4,finish,120,features_cache/2325322109839305-FINISH.pt
ASL-Citizen/videos/37978087211349343-EXCITED.mp4,excited,96,features_cache/37978087211349343-EXCITED.pt
ASL-Citizen/videos/37048216582837923-MONEY 2.mp4,money2,110,features_cache/37048216582837923-MONEY 2.pt
ASL-Citizen/videos/20730365647866322-STUDY.mp4,study,69,features_cache/20730365647866322-STUDY.pt
ASL-Citizen/videos/8520823332837921-HAT.mp4,hat1,233,features_cache/8520823332837921-HAT.pt
ASL-Citizen/videos/8705278781240162-HAPPY.mp4,happy,90,features_cache/8705278781240162-HAPPY.pt
ASL-Citizen/videos/05289594676196807-THIRD.mp4,third1,220,features_cache/05289594676196807-THIRD.pt
ASL-Citizen/videos/6966085982977119-BOXING.mp4,boxing,140,features_cache/6966085982977119-BOXING.pt
ASL-Citizen/videos/3699676380071626-LOCK 3.mp4,lock3,186,features_cache/3699676380071626-LOCK 3.pt
ASL-Citizen/videos/3819487107161925-THIRD 2.mp4,third2,221,features_cache/3819487107161925-THIRD 2.pt
ASL-Citizen/videos/44835657742775226-READ.mp4,read,134,features_cache/44835657742775226-READ.pt
ASL-Citizen/videos/5248742066900234-BASKETBALL.mp4,basketball1,211,features_cache/5248742066900234-BASKETBALL.pt
ASL-Citizen/videos/4808193745154117-HAT.mp4,hat1,233,features_cache/4808193745154117-HAT.pt
ASL-Citizen/videos/9935032342175718-HOW.mp4,how1,41,features_cache/9935032342175718-HOW.pt
ASL-Citizen/videos/5803263321986141-MAN.mp4,man,30,features_cache/5803263321986141-MAN.pt
ASL-Citizen/videos/8435922612788305-ARRIVE.mp4,arrive,75,features_cache/8435922612788305-ARRIVE.pt
ASL-Citizen/videos/8290350631082379-WORK.mp4,work,67,features_cache/8290350631082379-WORK.pt
ASL-Citizen/videos/7322239104545076-AGAIN.mp4,again,121,features_cache/7322239104545076-AGAIN.pt
ASL-Citizen/videos/00961775886447791-SICK.mp4,sick,95,features_cache/00961775886447791-SICK.pt
ASL-Citizen/videos/8959116998657448-SAD.mp4,sad,91,features_cache/8959116998657448-SAD.pt
ASL-Citizen/videos/43558413656654893-WASH 1.mp4,wash1,241,features_cache/43558413656654893-WASH 1.pt
ASL-Citizen/videos/2667414049666028-SHOWER.mp4,shower,86,features_cache/2667414049666028-SHOWER.pt
ASL-Citizen/videos/5140062329277526-YEAR.mp4,year,61,features_cache/5140062329277526-YEAR.pt
ASL-Citizen/videos/26417367352020427-ARRIVE.mp4,arrive,75,features_cache/26417367352020427-ARRIVE.pt
ASL-Citizen/videos/6355598616436169-BASKETBALL.mp4,basketball1,211,features_cache/6355598616436169-BASKETBALL.pt
ASL-Citizen/videos/6866956732270757-STUDY.mp4,study,69,features_cache/6866956732270757-STUDY.pt
ASL-Citizen/videos/6665509376481926-ICECREAM.mp4,icecream,187,features_cache/6665509376481926-ICECREAM.pt
ASL-Citizen/videos/9351731569091157-SHOW.mp4,show,85,features_cache/9351731569091157-SHOW.pt
ASL-Citizen/videos/46577783819184804-WASH 3.mp4,wash2,242,features_cache/46577783819184804-WASH 3.pt
ASL-Citizen/videos/8614067883731205-SHOP 1.mp4,shop2,103,features_cache/8614067883731205-SHOP 1.pt
ASL-Citizen/videos/2527802993381363-FIRST.mp4,first,216,features_cache/2527802993381363-FIRST.pt
ASL-Citizen/videos/29178147722826964-RAINBOW.mp4,rainbow,207,features_cache/29178147722826964-RAINBOW.pt
ASL-Citizen/videos/6668309820971425-SHORT DISTANCE.mp4,shortdistance,158,features_cache/6668309820971425-SHORT DISTANCE.pt
ASL-Citizen/videos/4684116630451267-BROTHER.mp4,brother,35,features_cache/4684116630451267-BROTHER.pt
ASL-Citizen/videos/8943179265023937-FRIDAY.mp4,friday,266,features_cache/8943179265023937-FRIDAY.pt
ASL-Citizen/videos/3025077004187282-HAPPY.mp4,happy,90,features_cache/3025077004187282-HAPPY.pt
ASL-Citizen/videos/3867933318418779-INSIDE.mp4,inside,257,features_cache/3867933318418779-INSIDE.pt
ASL-Citizen/videos/3333841050965749-NIGHT 2.mp4,night2,57,features_cache/3333841050965749-NIGHT 2.pt
ASL-Citizen/videos/48839523433827847-DOWN.mp4,down,272,features_cache/48839523433827847-DOWN.pt
ASL-Citizen/videos/4806377586588719-MY.mp4,my,16,features_cache/4806377586588719-MY.pt
ASL-Citizen/videos/8956546037492372-WASH MACHINE.mp4,washmachine,240,features_cache/8956546037492372-WASH MACHINE.pt
ASL-Citizen/videos/4182952830494171-seedTEAR.mp4,tear,177,features_cache/4182952830494171-seedTEAR.pt
ASL-Citizen/videos/16745478139443915-POLICEMAN 2.mp4,policeman2,153,features_cache/16745478139443915-POLICEMAN 2.pt
ASL-Citizen/videos/15013912476924496-MORNING.mp4,morning,55,features_cache/15013912476924496-MORNING.pt
ASL-Citizen/videos/6337762880246143-PHONE.mp4,phone,107,features_cache/6337762880246143-PHONE.pt
ASL-Citizen/videos/20255925689694587-VACATION.mp4,vacation,125,features_cache/20255925689694587-VACATION.pt
ASL-Citizen/videos/568768876609163-RING.mp4,ring,294,features_cache/568768876609163-RING.pt
ASL-Citizen/videos/3919396171653571-NO.mp4,no,9,features_cache/3919396171653571-NO.pt
ASL-Citizen/videos/9046369726997978-NOW.mp4,now,53,features_cache/9046369726997978-NOW.pt
ASL-Citizen/videos/8162647694914877-TEAR.mp4,tear,177,features_cache/8162647694914877-TEAR.pt
ASL-Citizen/videos/5919257882722226-LISTEN.mp4,listen,133,features_cache/5919257882722226-LISTEN.pt
ASL-Citizen/videos/2572306090941583-TIRED.mp4,tired,93,features_cache/2572306090941583-TIRED.pt
ASL-Citizen/videos/2253237849722587-SHOUT 2.mp4,shout2,165,features_cache/2253237849722587-SHOUT 2.pt
ASL-Citizen/videos/34020915538531193-LOCK 2.mp4,lock2,185,features_cache/34020915538531193-LOCK 2.pt
ASL-Citizen/videos/03843442884875414-BLACK.mp4,black,145,features_cache/03843442884875414-BLACK.pt
ASL-Citizen/videos/40059214149507016-WHICH.mp4,which,43,features_cache/40059214149507016-WHICH.pt
ASL-Citizen/videos/6310612447429356-TALK 2.mp4,talk2,89,features_cache/6310612447429356-TALK 2.pt
ASL-Citizen/videos/5575244568279316-REMEMBER 2.mp4,remember1,80,features_cache/5575244568279316-REMEMBER 2.pt
ASL-Citizen/videos/17908899487009644-LONG TIME.mp4,longtime,182,features_cache/17908899487009644-LONG TIME.pt
ASL-Citizen/videos/5287202851041688-WASH 3.mp4,wash2,242,features_cache/5287202851041688-WASH 3.pt
ASL-Citizen/videos/18053723532999788-PLEASE.mp4,please,5,features_cache/18053723532999788-PLEASE.pt
ASL-Citizen/videos/8459571459137494-MONEY.mp4,money1,109,features_cache/8459571459137494-MONEY.pt
ASL-Citizen/videos/9047378664379948-RIGHT 1.mp4,right1,291,features_cache/9047378664379948-RIGHT 1.pt
ASL-Citizen/videos/43559283996789144-MILK.mp4,milk1,129,features_cache/43559283996789144-MILK.pt
ASL-Citizen/videos/12846815344591667-EIGHT.mp4,eight,202,features_cache/12846815344591667-EIGHT.pt
ASL-Citizen/videos/02147615700976835-LONG.mp4,long,179,features_cache/02147615700976835-LONG.pt
ASL-Citizen/videos/9328642600089894-FIRST.mp4,first,216,features_cache/9328642600089894-FIRST.pt
ASL-Citizen/videos/41152841117803685-HOT.mp4,hot,244,features_cache/41152841117803685-HOT.pt
ASL-Citizen/videos/3964716837264739-WANT 2.mp4,want1,100,features_cache/3964716837264739-WANT 2.pt
ASL-Citizen/videos/43360476995713415-COME HERE.mp4,comehere,72,features_cache/43360476995713415-COME HERE.pt
ASL-Citizen/videos/40963222903765373-RAINBOW.mp4,rainbow,207,features_cache/40963222903765373-RAINBOW.pt
ASL-Citizen/videos/7439617419431874-HERE.mp4,here,45,features_cache/7439617419431874-HERE.pt
ASL-Citizen/videos/3766610365807559-JUICE 2.mp4,juice1,127,features_cache/3766610365807559-JUICE 2.pt
ASL-Citizen/videos/2825077918945249-SHOUT 2.mp4,shout2,165,features_cache/2825077918945249-SHOUT 2.pt
ASL-Citizen/videos/6684787642971812-RELAX.mp4,relax1,288,features_cache/6684787642971812-RELAX.pt
ASL-Citizen/videos/5975068622167394-HARD.mp4,hard,232,features_cache/5975068622167394-HARD.pt
ASL-Citizen/videos/9521389707751982-SHORT PERSON.mp4,shortperson,159,features_cache/9521389707751982-SHORT PERSON.pt
ASL-Citizen/videos/5704134316224927-HAIRCUT.mp4,haircut,231,features_cache/5704134316224927-HAIRCUT.pt
ASL-Citizen/videos/28959221812315716-FISH.mp4,fish,217,features_cache/28959221812315716-FISH.pt
ASL-Citizen/videos/5788033440205775-JUICE 1.mp4,juice2,128,features_cache/5788033440205775-JUICE 1.pt
ASL-Citizen/videos/2589852160980781-FINE 2.mp4,fine2,226,features_cache/2589852160980781-FINE 2.pt
ASL-Citizen/videos/23831736940964188-SNOW.mp4,snow1,208,features_cache/23831736940964188-SNOW.pt
ASL-Citizen/videos/8012725754075023-MORNING.mp4,morning,55,features_cache/8012725754075023-MORNING.pt
ASL-Citizen/videos/7304560060145906-WHY NOT.mp4,whynot,40,features_cache/7304560060145906-WHY NOT.pt
ASL-Citizen/videos/9105172955066261-FROM.mp4,from,44,features_cache/9105172955066261-FROM.pt
ASL-Citizen/videos/9365499601534879-LOCK.mp4,lock1,184,features_cache/9365499601534879-LOCK.pt
ASL-Citizen/videos/87536820755448-HARD.mp4,hard,232,features_cache/87536820755448-HARD.pt
ASL-Citizen/videos/22614895592536977-READY.mp4,ready,135,features_cache/22614895592536977-READY.pt
ASL-Citizen/videos/5600413354312943-THIRD.mp4,third1,220,features_cache/5600413354312943-THIRD.pt
ASL-Citizen/videos/08466916365389898-FIRST.mp4,first,216,features_cache/08466916365389898-FIRST.pt
ASL-Citizen/videos/9841052916244253-DRINK.mp4,drink1,64,features_cache/9841052916244253-DRINK.pt
ASL-Citizen/videos/3385212251988077-HUG.mp4,hug,254,features_cache/3385212251988077-HUG.pt
ASL-Citizen/videos/9248063910755118-BASKETBALL.mp4,basketball1,211,features_cache/9248063910755118-BASKETBALL.pt
ASL-Citizen/videos/7074012309882718-FIRST.mp4,first,216,features_cache/7074012309882718-FIRST.pt
ASL-Citizen/videos/2816314098780288-HOSPITAL.mp4,hospital1,247,features_cache/2816314098780288-HOSPITAL.pt
ASL-Citizen/videos/20587816838096185-FAST.mp4,fast,169,features_cache/20587816838096185-FAST.pt
ASL-Citizen/videos/7769032700892617-HAIR 2.mp4,hair2,230,features_cache/7769032700892617-HAIR 2.pt
ASL-Citizen/videos/3965163310928186-LOCK 3.mp4,lock3,186,features_cache/3965163310928186-LOCK 3.pt
ASL-Citizen/videos/8607061217854524-DONT LIKE.mp4,dontlike,192,features_cache/8607061217854524-DONT LIKE.pt
ASL-Citizen/videos/21362573588805733-MOTHER.mp4,mother,33,features_cache/21362573588805733-MOTHER.pt
ASL-Citizen/videos/3649088726121359-SLOW.mp4,slow,168,features_cache/3649088726121359-SLOW.pt
ASL-Citizen/videos/505879976336022-GIVE.mp4,give,227,features_cache/505879976336022-GIVE.pt
ASL-Citizen/videos/9985415930780313-HAT.mp4,hat1,233,features_cache/9985415930780313-HAT.pt
ASL-Citizen/videos/9373216383499898-TEAR.mp4,tear,177,features_cache/9373216383499898-TEAR.pt
ASL-Citizen/videos/9191814085149543-seedSTOP.mp4,stop,300,features_cache/9191814085149543-seedSTOP.pt
ASL-Citizen/videos/21756592291360333-ANGRY.mp4,angry,92,features_cache/21756592291360333-ANGRY.pt
ASL-Citizen/videos/36721619673427-LATER.mp4,later,54,features_cache/36721619673427-LATER.pt
ASL-Citizen/videos/45974359533467624-WASH 1.mp4,wash1,241,features_cache/45974359533467624-WASH 1.pt
ASL-Citizen/videos/15930574135298836-AGAIN.mp4,again,121,features_cache/15930574135298836-AGAIN.pt
ASL-Citizen/videos/23854605093789583-QUIET.mp4,quiet,287,features_cache/23854605093789583-QUIET.pt
ASL-Citizen/videos/06131823386898638-BEFORE.mp4,before,122,features_cache/06131823386898638-BEFORE.pt
ASL-Citizen/videos/9958901974689718-MONEY 2.mp4,money2,110,features_cache/9958901974689718-MONEY 2.pt
ASL-Citizen/videos/3645417075861397-FALL 1.mp4,fall1,173,features_cache/3645417075861397-FALL 1.pt
ASL-Citizen/videos/04087055455945432-INSIDE.mp4,inside,257,features_cache/04087055455945432-INSIDE.pt
ASL-Citizen/videos/22807949601628086-REMEMBER.mp4,remember2,81,features_cache/22807949601628086-REMEMBER.pt
ASL-Citizen/videos/350286374131612-BOY.mp4,boy,28,features_cache/350286374131612-BOY.pt
ASL-Citizen/videos/7933932035972608-SEE.mp4,see,200,features_cache/7933932035972608-SEE.pt
ASL-Citizen/videos/9163616296413108-QM.mp4,qm,285,features_cache/9163616296413108-QM.pt
ASL-Citizen/videos/36869518144487046-FIFTH.mp4,fifth,223,features_cache/36869518144487046-FIFTH.pt
ASL-Citizen/videos/9665726169641298-SNOW 2.mp4,snow2,209,features_cache/9665726169641298-SNOW 2.pt
ASL-Citizen/videos/184695107664812-WHICH.mp4,which,43,features_cache/184695107664812-WHICH.pt
ASL-Citizen/videos/8402735762058007-UP.mp4,up,271,features_cache/8402735762058007-UP.pt
ASL-Citizen/videos/29355912356884195-PURPLE.mp4,purple,286,features_cache/29355912356884195-PURPLE.pt
ASL-Citizen/videos/05519054146014368-FISH.mp4,fish,217,features_cache/05519054146014368-FISH.pt
ASL-Citizen/videos/6640029673956236-FIFTH.mp4,fifth,223,features_cache/6640029673956236-FIFTH.pt
ASL-Citizen/videos/8887261414529362-LONG WORD.mp4,longword,183,features_cache/8887261414529362-LONG WORD.pt
ASL-Citizen/videos/12026210743939236-AFTER.mp4,after,123,features_cache/12026210743939236-AFTER.pt
ASL-Citizen/videos/7118153806073886-PLAY.mp4,play,68,features_cache/7118153806073886-PLAY.pt
ASL-Citizen/videos/7399984921358038-COME.mp4,come,71,features_cache/7399984921358038-COME.pt
ASL-Citizen/videos/8524752713159542-FEW.mp4,few,1,features_cache/8524752713159542-FEW.pt
ASL-Citizen/videos/03990387832754827-LONG LINE.mp4,longline,181,features_cache/03990387832754827-LONG LINE.pt
ASL-Citizen/videos/4676847232869463-SIDE.mp4,side,87,features_cache/4676847232869463-SIDE.pt
ASL-Citizen/videos/8158135801244548-WARM.mp4,warm,243,features_cache/8158135801244548-WARM.pt
ASL-Citizen/videos/10277245860849527-ICECREAM.mp4,icecream,187,features_cache/10277245860849527-ICECREAM.pt
ASL-Citizen/videos/6529230226346452-STOP.mp4,stop,300,features_cache/6529230226346452-STOP.pt
ASL-Citizen/videos/8690999680336755-POLICEMAN 2.mp4,policeman2,153,features_cache/8690999680336755-POLICEMAN 2.pt
ASL-Citizen/videos/078696241663057-POLICEMAN 2.mp4,policeman2,153,features_cache/078696241663057-POLICEMAN 2.pt
ASL-Citizen/videos/456076593467327-TINY.mp4,tiny,157,features_cache/456076593467327-TINY.pt
ASL-Citizen/videos/5290685078711941-WHY NOT.mp4,whynot,40,features_cache/5290685078711941-WHY NOT.pt
ASL-Citizen/videos/1508156580679143-WRITE.mp4,write,137,features_cache/1508156580679143-WRITE.pt
ASL-Citizen/videos/5389522809985581-TIRED.mp4,tired,93,features_cache/5389522809985581-TIRED.pt
ASL-Citizen/videos/10145069583895183-THURSDAY.mp4,thursday,262,features_cache/10145069583895183-THURSDAY.pt
ASL-Citizen/videos/8407889924193015-SATURDAY.mp4,saturday,267,features_cache/8407889924193015-SATURDAY.pt
ASL-Citizen/videos/1883852554217369-THERE.mp4,there,46,features_cache/1883852554217369-THERE.pt
ASL-Citizen/videos/2139029309275231-SLEEP.mp4,sleep,66,features_cache/2139029309275231-SLEEP.pt
ASL-Citizen/videos/49657630896098426-READ.mp4,read,134,features_cache/49657630896098426-READ.pt
ASL-Citizen/videos/15471453286217618-ANGRY.mp4,angry,92,features_cache/15471453286217618-ANGRY.pt
ASL-Citizen/videos/08113436810571706-RESTAURANT.mp4,restaurant,104,features_cache/08113436810571706-RESTAURANT.pt
ASL-Citizen/videos/6043523197037106-CAR.mp4,car,106,features_cache/6043523197037106-CAR.pt
ASL-Citizen/videos/7921373203371331-HOSPITAL.mp4,hospital1,247,features_cache/7921373203371331-HOSPITAL.pt
ASL-Citizen/videos/41796676517799547-HARD.mp4,hard,232,features_cache/41796676517799547-HARD.pt
ASL-Citizen/videos/04095709092384214-seedJUICE 1.mp4,juice2,128,features_cache/04095709092384214-seedJUICE 1.pt
ASL-Citizen/videos/5205405336798543-MUST.mp4,must,117,features_cache/5205405336798543-MUST.pt
ASL-Citizen/videos/9411549614200669-BAD.mp4,bad,4,features_cache/9411549614200669-BAD.pt
ASL-Citizen/videos/030959011181703078-UNDERSTAND.mp4,understand,79,features_cache/030959011181703078-UNDERSTAND.pt
ASL-Citizen/videos/40985347259199356-seedDRINK 2.mp4,drink2,65,features_cache/40985347259199356-seedDRINK 2.pt
ASL-Citizen/videos/14920800223404407-PERSON.mp4,person,151,features_cache/14920800223404407-PERSON.pt
ASL-Citizen/videos/47701435258241465-JUICE 2.mp4,juice1,127,features_cache/47701435258241465-JUICE 2.pt
ASL-Citizen/videos/43996297308681487-MYSELF.mp4,myself,17,features_cache/43996297308681487-MYSELF.pt
ASL-Citizen/videos/6566779628049222-WEAK.mp4,weak,59,features_cache/6566779628049222-WEAK.pt
ASL-Citizen/videos/3228569670851593-RIGHT 1.mp4,right1,291,features_cache/3228569670851593-RIGHT 1.pt
ASL-Citizen/videos/25607543181339754-EIGHT.mp4,eight,202,features_cache/25607543181339754-EIGHT.pt
ASL-Citizen/videos/21792036590152164-TWO.mp4,two,197,features_cache/21792036590152164-TWO.pt
ASL-Citizen/videos/7833343057295417-WASH 3.mp4,wash2,242,features_cache/7833343057295417-WASH 3.pt
ASL-Citizen/videos/5894603511011383-FOREST.mp4,forest,126,features_cache/5894603511011383-FOREST.pt
ASL-Citizen/videos/9340160916362772-FALL 1.mp4,fall1,173,features_cache/9340160916362772-FALL 1.pt
ASL-Citizen/videos/6455677348837485-ASK.mp4,ask,84,features_cache/6455677348837485-ASK.pt
ASL-Citizen/videos/7536887152060914-DRINK.mp4,drink1,64,features_cache/7536887152060914-DRINK.pt
ASL-Citizen/videos/13723541730532318-FALL 2.mp4,fall2,174,features_cache/13723541730532318-FALL 2.pt
ASL-Citizen/videos/16115032785858263-WHEN.mp4,when,38,features_cache/16115032785858263-WHEN.pt
ASL-Citizen/videos/765871567949892-SHOT.mp4,shot,162,features_cache/765871567949892-SHOT.pt
ASL-Citizen/videos/17379769097110098-OK.mp4,ok,136,features_cache/17379769097110098-OK.pt
ASL-Citizen/videos/384091734149967-ON.mp4,on,279,features_cache/384091734149967-ON.pt
ASL-Citizen/videos/3391139260655063-SHORT PERSON.mp4,shortperson,159,features_cache/3391139260655063-SHORT PERSON.pt
ASL-Citizen/videos/006951411960890663-FINE.mp4,fine1,225,features_cache/006951411960890663-FINE.pt
ASL-Citizen/videos/4405635468661042-BEFORE.mp4,before,122,features_cache/4405635468661042-BEFORE.pt
ASL-Citizen/videos/9751246236961759-JUICE 1.mp4,juice2,128,features_cache/9751246236961759-JUICE 1.pt
ASL-Citizen/videos/3676004160452242-FEW.mp4,few,1,features_cache/3676004160452242-FEW.pt
ASL-Citizen/videos/04124150651957481-SHOUT.mp4,shout1,164,features_cache/04124150651957481-SHOUT.pt
ASL-Citizen/videos/6522538249655045-CHECK.mp4,check,249,features_cache/6522538249655045-CHECK.pt
ASL-Citizen/videos/9220637121525757-SORRY.mp4,sorry,7,features_cache/9220637121525757-SORRY.pt
ASL-Citizen/videos/2903285066765289-THINK.mp4,think,78,features_cache/2903285066765289-THINK.pt
ASL-Citizen/videos/042692844819531395-LISTEN.mp4,listen,133,features_cache/042692844819531395-LISTEN.pt
ASL-Citizen/videos/9654625751217853-SHORTS.mp4,shorts,160,features_cache/9654625751217853-SHORTS.pt
ASL-Citizen/videos/32936308705065365-NOW.mp4,now,53,features_cache/32936308705065365-NOW.pt
ASL-Citizen/videos/6300762432374898-FALLING ASLEEP.mp4,fallingasleep,172,features_cache/6300762432374898-FALLING ASLEEP.pt
ASL-Citizen/videos/4424696623337312-WOMAN 2.mp4,woman2,32,features_cache/4424696623337312-WOMAN 2.pt
ASL-Citizen/videos/39924061682606693-WHY NOT.mp4,whynot,40,features_cache/39924061682606693-WHY NOT.pt
