video_path,class_gloss,class_id,feature_path,video_names
wlasl/videos/69241.mp4,book,33,features_cache/69241.pt,69241
wlasl/videos/07069.mp4,book,33,features_cache/07069.pt,07069
wlasl/videos/07068.mp4,book,33,features_cache/07068.pt,07068
wlasl/videos/07070.mp4,book,33,features_cache/07070.pt,07070
wlasl/videos/07074.mp4,book,33,features_cache/07074.pt,07074
wlasl/videos/65539.mp4,drink,99,features_cache/65539.pt,65539
wlasl/videos/17710.mp4,drink,99,features_cache/17710.pt,17710
wlasl/videos/17733.mp4,drink,99,features_cache/17733.pt,17733
wlasl/videos/65540.mp4,drink,99,features_cache/65540.pt,65540
wlasl/videos/17711.mp4,drink,99,features_cache/17711.pt,17711
wlasl/videos/17712.mp4,drink,99,features_cache/17712.pt,17712
wlasl/videos/17709.mp4,drink,99,features_cache/17709.pt,17709
wlasl/videos/17720.mp4,drink,99,features_cache/17720.pt,17720
wlasl/videos/17721.mp4,drink,99,features_cache/17721.pt,17721
wlasl/videos/17722.mp4,drink,99,features_cache/17722.pt,17722
wlasl/videos/17723.mp4,drink,99,features_cache/17723.pt,17723
wlasl/videos/12328.mp4,computer,68,features_cache/12328.pt,12328
wlasl/videos/12311.mp4,computer,68,features_cache/12311.pt,12311
wlasl/videos/12338.mp4,computer,68,features_cache/12338.pt,12338
wlasl/videos/12313.mp4,computer,68,features_cache/12313.pt,12313
wlasl/videos/12314.mp4,computer,68,features_cache/12314.pt,12314
wlasl/videos/12316.mp4,computer,68,features_cache/12316.pt,12316
wlasl/videos/12317.mp4,computer,68,features_cache/12317.pt,12317
wlasl/videos/12318.mp4,computer,68,features_cache/12318.pt,12318
wlasl/videos/12319.mp4,computer,68,features_cache/12319.pt,12319
wlasl/videos/12327.mp4,computer,68,features_cache/12327.pt,12327
wlasl/videos/05728.mp4,before,26,features_cache/05728.pt,05728
wlasl/videos/05749.mp4,before,26,features_cache/05749.pt,05749
wlasl/videos/05729.mp4,before,26,features_cache/05729.pt,05729
wlasl/videos/05730.mp4,before,26,features_cache/05730.pt,05730
wlasl/videos/65167.mp4,before,26,features_cache/65167.pt,65167
wlasl/videos/05731.mp4,before,26,features_cache/05731.pt,05731
wlasl/videos/05732.mp4,before,26,features_cache/05732.pt,05732
wlasl/videos/05733.mp4,before,26,features_cache/05733.pt,05733
wlasl/videos/05734.mp4,before,26,features_cache/05734.pt,05734
wlasl/videos/05740.mp4,before,26,features_cache/05740.pt,05740
wlasl/videos/05742.mp4,before,26,features_cache/05742.pt,05742
wlasl/videos/05743.mp4,before,26,features_cache/05743.pt,05743
wlasl/videos/09848.mp4,chair,50,features_cache/09848.pt,09848
wlasl/videos/09869.mp4,chair,50,features_cache/09869.pt,09869
wlasl/videos/09849.mp4,chair,50,features_cache/09849.pt,09849
wlasl/videos/09850.mp4,chair,50,features_cache/09850.pt,09850
wlasl/videos/65328.mp4,chair,50,features_cache/65328.pt,65328
wlasl/videos/24955.mp4,go,130,features_cache/24955.pt,24955
wlasl/videos/24956.mp4,go,130,features_cache/24956.pt,24956
wlasl/videos/24941.mp4,go,130,features_cache/24941.pt,24941
wlasl/videos/24961.mp4,go,130,features_cache/24961.pt,24961
wlasl/videos/24962.mp4,go,130,features_cache/24962.pt,24962
wlasl/videos/65824.mp4,go,130,features_cache/65824.pt,65824
wlasl/videos/24973.mp4,go,130,features_cache/24973.pt,24973
wlasl/videos/24943.mp4,go,130,features_cache/24943.pt,24943
wlasl/videos/24947.mp4,go,130,features_cache/24947.pt,24947
wlasl/videos/24940.mp4,go,130,features_cache/24940.pt,24940
wlasl/videos/24954.mp4,go,130,features_cache/24954.pt,24954
wlasl/videos/11310.mp4,clothes,63,features_cache/11310.pt,11310
wlasl/videos/11330.mp4,clothes,63,features_cache/11330.pt,11330
wlasl/videos/11313.mp4,clothes,63,features_cache/11313.pt,11313
wlasl/videos/11309.mp4,clothes,63,features_cache/11309.pt,11309
wlasl/videos/69534.mp4,who,285,features_cache/69534.pt,69534
wlasl/videos/63242.mp4,who,285,features_cache/63242.pt,63242
wlasl/videos/63227.mp4,who,285,features_cache/63227.pt,63227
wlasl/videos/63228.mp4,who,285,features_cache/63228.pt,63228
wlasl/videos/63231.mp4,who,285,features_cache/63231.pt,63231
wlasl/videos/66778.mp4,who,285,features_cache/66778.pt,66778
wlasl/videos/63232.mp4,who,285,features_cache/63232.pt,63232
wlasl/videos/66779.mp4,who,285,features_cache/66779.pt,66779
wlasl/videos/63225.mp4,who,285,features_cache/63225.pt,63225
wlasl/videos/63236.mp4,who,285,features_cache/63236.pt,63236
wlasl/videos/08916.mp4,candy,44,features_cache/08916.pt,08916
wlasl/videos/08917.mp4,candy,44,features_cache/08917.pt,08917
wlasl/videos/08919.mp4,candy,44,features_cache/08919.pt,08919
wlasl/videos/08920.mp4,candy,44,features_cache/08920.pt,08920
wlasl/videos/08921.mp4,candy,44,features_cache/08921.pt,08921
wlasl/videos/65298.mp4,candy,44,features_cache/65298.pt,65298
wlasl/videos/08924.mp4,candy,44,features_cache/08924.pt,08924
wlasl/videos/65299.mp4,candy,44,features_cache/65299.pt,65299
wlasl/videos/13647.mp4,cousin,76,features_cache/13647.pt,13647
wlasl/videos/13648.mp4,cousin,76,features_cache/13648.pt,13648
wlasl/videos/13631.mp4,cousin,76,features_cache/13631.pt,13631
wlasl/videos/13632.mp4,cousin,76,features_cache/13632.pt,13632
wlasl/videos/13636.mp4,cousin,76,features_cache/13636.pt,13636
wlasl/videos/13630.mp4,cousin,76,features_cache/13630.pt,13630
wlasl/videos/13640.mp4,cousin,76,features_cache/13640.pt,13640
wlasl/videos/13642.mp4,cousin,76,features_cache/13642.pt,13642
wlasl/videos/13646.mp4,cousin,76,features_cache/13646.pt,13646
wlasl/videos/14882.mp4,deaf,86,features_cache/14882.pt,14882
wlasl/videos/14884.mp4,deaf,86,features_cache/14884.pt,14884
wlasl/videos/14885.mp4,deaf,86,features_cache/14885.pt,14885
wlasl/videos/14886.mp4,deaf,86,features_cache/14886.pt,14886
wlasl/videos/65445.mp4,deaf,86,features_cache/65445.pt,65445
wlasl/videos/14893.mp4,deaf,86,features_cache/14893.pt,14893
wlasl/videos/14894.mp4,deaf,86,features_cache/14894.pt,14894
wlasl/videos/21870.mp4,fine,115,features_cache/21870.pt,21870
wlasl/videos/21891.mp4,fine,115,features_cache/21891.pt,21891
wlasl/videos/21871.mp4,fine,115,features_cache/21871.pt,21871
wlasl/videos/21869.mp4,fine,115,features_cache/21869.pt,21869
wlasl/videos/21878.mp4,fine,115,features_cache/21878.pt,21878
wlasl/videos/21883.mp4,fine,115,features_cache/21883.pt,21883
wlasl/videos/27221.mp4,help,145,features_cache/27221.pt,27221
wlasl/videos/27206.mp4,help,145,features_cache/27206.pt,27206
wlasl/videos/27207.mp4,help,145,features_cache/27207.pt,27207
wlasl/videos/27208.mp4,help,145,features_cache/27208.pt,27208
wlasl/videos/65890.mp4,help,145,features_cache/65890.pt,65890
wlasl/videos/27214.mp4,help,145,features_cache/27214.pt,27214
wlasl/videos/65889.mp4,help,145,features_cache/65889.pt,65889
wlasl/videos/27215.mp4,help,145,features_cache/27215.pt,27215
wlasl/videos/27216.mp4,help,145,features_cache/27216.pt,27216
wlasl/videos/27217.mp4,help,145,features_cache/27217.pt,27217
wlasl/videos/38544.mp4,no,199,features_cache/38544.pt,38544
wlasl/videos/38527.mp4,no,199,features_cache/38527.pt,38527
wlasl/videos/38529.mp4,no,199,features_cache/38529.pt,38529
wlasl/videos/38530.mp4,no,199,features_cache/38530.pt,38530
wlasl/videos/38532.mp4,no,199,features_cache/38532.pt,38532
wlasl/videos/66183.mp4,no,199,features_cache/66183.pt,66183
wlasl/videos/38524.mp4,no,199,features_cache/38524.pt,38524
wlasl/videos/38534.mp4,no,199,features_cache/38534.pt,38534
wlasl/videos/57949.mp4,thin,266,features_cache/57949.pt,57949
wlasl/videos/57934.mp4,thin,266,features_cache/57934.pt,57934
wlasl/videos/57953.mp4,thin,266,features_cache/57953.pt,57953
wlasl/videos/57935.mp4,thin,266,features_cache/57935.pt,57935
wlasl/videos/57936.mp4,thin,266,features_cache/57936.pt,57936
wlasl/videos/57937.mp4,thin,266,features_cache/57937.pt,57937
wlasl/videos/66606.mp4,thin,266,features_cache/66606.pt,66606
wlasl/videos/57939.mp4,thin,266,features_cache/57939.pt,57939
wlasl/videos/57940.mp4,thin,266,features_cache/57940.pt,57940
wlasl/videos/57942.mp4,thin,266,features_cache/57942.pt,57942
wlasl/videos/57947.mp4,thin,266,features_cache/57947.pt,57947
wlasl/videos/62175.mp4,walk,277,features_cache/62175.pt,62175
wlasl/videos/62159.mp4,walk,277,features_cache/62159.pt,62159
wlasl/videos/62163.mp4,walk,277,features_cache/62163.pt,62163
wlasl/videos/62164.mp4,walk,277,features_cache/62164.pt,62164
wlasl/videos/66743.mp4,walk,277,features_cache/66743.pt,66743
wlasl/videos/66742.mp4,walk,277,features_cache/66742.pt,66742
wlasl/videos/62168.mp4,walk,277,features_cache/62168.pt,62168
wlasl/videos/62169.mp4,walk,277,features_cache/62169.pt,62169
wlasl/videos/62170.mp4,walk,277,features_cache/62170.pt,62170
wlasl/videos/64224.mp4,year,294,features_cache/64224.pt,64224
wlasl/videos/64212.mp4,year,294,features_cache/64212.pt,64212
wlasl/videos/66818.mp4,year,294,features_cache/66818.pt,66818
wlasl/videos/64213.mp4,year,294,features_cache/64213.pt,64213
wlasl/videos/66816.mp4,year,294,features_cache/66816.pt,66816
wlasl/videos/64219.mp4,year,294,features_cache/64219.pt,64219
wlasl/videos/64218.mp4,year,294,features_cache/64218.pt,64218
wlasl/videos/64284.mp4,yes,296,features_cache/64284.pt,64284
wlasl/videos/64291.mp4,yes,296,features_cache/64291.pt,64291
wlasl/videos/64292.mp4,yes,296,features_cache/64292.pt,64292
wlasl/videos/66820.mp4,yes,296,features_cache/66820.pt,66820
wlasl/videos/64280.mp4,yes,296,features_cache/64280.pt,64280
wlasl/videos/64300.mp4,yes,296,features_cache/64300.pt,64300
wlasl/videos/64281.mp4,yes,296,features_cache/64281.pt,64281
wlasl/videos/64288.mp4,yes,296,features_cache/64288.pt,64288
wlasl/videos/64283.mp4,yes,296,features_cache/64283.pt,64283
wlasl/videos/69206.mp4,all,4,features_cache/69206.pt,69206
wlasl/videos/02003.mp4,all,4,features_cache/02003.pt,02003
wlasl/videos/01987.mp4,all,4,features_cache/01987.pt,01987
wlasl/videos/01988.mp4,all,4,features_cache/01988.pt,01988
wlasl/videos/01991.mp4,all,4,features_cache/01991.pt,01991
wlasl/videos/01992.mp4,all,4,features_cache/01992.pt,01992
wlasl/videos/65043.mp4,all,4,features_cache/65043.pt,65043
wlasl/videos/06472.mp4,black,30,features_cache/06472.pt,06472
wlasl/videos/06473.mp4,black,30,features_cache/06473.pt,06473
wlasl/videos/06474.mp4,black,30,features_cache/06474.pt,06474
wlasl/videos/06477.mp4,black,30,features_cache/06477.pt,06477
wlasl/videos/06478.mp4,black,30,features_cache/06478.pt,06478
wlasl/videos/65200.mp4,black,30,features_cache/65200.pt,65200
wlasl/videos/06471.mp4,black,30,features_cache/06471.pt,06471
wlasl/videos/06486.mp4,black,30,features_cache/06486.pt,06486
wlasl/videos/69281.mp4,cool,71,features_cache/69281.pt,69281
wlasl/videos/65403.mp4,cool,71,features_cache/65403.pt,65403
wlasl/videos/13213.mp4,cool,71,features_cache/13213.pt,13213
wlasl/videos/13216.mp4,cool,71,features_cache/13216.pt,13216
wlasl/videos/13217.mp4,cool,71,features_cache/13217.pt,13217
wlasl/videos/13199.mp4,cool,71,features_cache/13199.pt,13199
wlasl/videos/13200.mp4,cool,71,features_cache/13200.pt,13200
wlasl/videos/13201.mp4,cool,71,features_cache/13201.pt,13201
wlasl/videos/13202.mp4,cool,71,features_cache/13202.pt,13202
wlasl/videos/13208.mp4,cool,71,features_cache/13208.pt,13208
wlasl/videos/13209.mp4,cool,71,features_cache/13209.pt,13209
wlasl/videos/21943.mp4,finish,116,features_cache/21943.pt,21943
wlasl/videos/21945.mp4,finish,116,features_cache/21945.pt,21945
wlasl/videos/21950.mp4,finish,116,features_cache/21950.pt,21950
wlasl/videos/65721.mp4,finish,116,features_cache/65721.pt,65721
wlasl/videos/21941.mp4,finish,116,features_cache/21941.pt,21941
wlasl/videos/21951.mp4,finish,116,features_cache/21951.pt,21951
wlasl/videos/28125.mp4,hot,149,features_cache/28125.pt,28125
wlasl/videos/28108.mp4,hot,149,features_cache/28108.pt,28108
wlasl/videos/28109.mp4,hot,149,features_cache/28109.pt,28109
wlasl/videos/28110.mp4,hot,149,features_cache/28110.pt,28110
wlasl/videos/28111.mp4,hot,149,features_cache/28111.pt,28111
wlasl/videos/28115.mp4,hot,149,features_cache/28115.pt,28115
wlasl/videos/28116.mp4,hot,149,features_cache/28116.pt,28116
wlasl/videos/28107.mp4,hot,149,features_cache/28107.pt,28107
wlasl/videos/33266.mp4,like,177,features_cache/33266.pt,33266
wlasl/videos/33285.mp4,like,177,features_cache/33285.pt,33285
wlasl/videos/33267.mp4,like,177,features_cache/33267.pt,33267
wlasl/videos/33269.mp4,like,177,features_cache/33269.pt,33269
wlasl/videos/33273.mp4,like,177,features_cache/33273.pt,33273
wlasl/videos/33274.mp4,like,177,features_cache/33274.pt,33274
wlasl/videos/34823.mp4,many,183,features_cache/34823.pt,34823
wlasl/videos/34824.mp4,many,183,features_cache/34824.pt,34824
wlasl/videos/34825.mp4,many,183,features_cache/34825.pt,34825
wlasl/videos/34826.mp4,many,183,features_cache/34826.pt,34826
wlasl/videos/34827.mp4,many,183,features_cache/34827.pt,34827
wlasl/videos/34830.mp4,many,183,features_cache/34830.pt,34830
wlasl/videos/34831.mp4,many,183,features_cache/34831.pt,34831
wlasl/videos/34832.mp4,many,183,features_cache/34832.pt,34832
wlasl/videos/34839.mp4,many,183,features_cache/34839.pt,34839
wlasl/videos/36946.mp4,mother,193,features_cache/36946.pt,36946
wlasl/videos/36930.mp4,mother,193,features_cache/36930.pt,36930
wlasl/videos/36931.mp4,mother,193,features_cache/36931.pt,36931
wlasl/videos/36932.mp4,mother,193,features_cache/36932.pt,36932
wlasl/videos/36933.mp4,mother,193,features_cache/36933.pt,36933
wlasl/videos/36936.mp4,mother,193,features_cache/36936.pt,36936
wlasl/videos/36937.mp4,mother,193,features_cache/36937.pt,36937
wlasl/videos/66147.mp4,mother,193,features_cache/66147.pt,66147
wlasl/videos/66146.mp4,mother,193,features_cache/66146.pt,66146
wlasl/videos/36929.mp4,mother,193,features_cache/36929.pt,36929
wlasl/videos/38999.mp4,now,201,features_cache/38999.pt,38999
wlasl/videos/38990.mp4,now,201,features_cache/38990.pt,38990
wlasl/videos/39006.mp4,now,201,features_cache/39006.pt,39006
wlasl/videos/38995.mp4,now,201,features_cache/38995.pt,38995
wlasl/videos/38997.mp4,now,201,features_cache/38997.pt,38997
wlasl/videos/40115.mp4,orange,204,features_cache/40115.pt,40115
wlasl/videos/40116.mp4,orange,204,features_cache/40116.pt,40116
wlasl/videos/40117.mp4,orange,204,features_cache/40117.pt,40117
wlasl/videos/40119.mp4,orange,204,features_cache/40119.pt,40119
wlasl/videos/40121.mp4,orange,204,features_cache/40121.pt,40121
wlasl/videos/66246.mp4,orange,204,features_cache/66246.pt,66246
wlasl/videos/40129.mp4,orange,204,features_cache/40129.pt,40129
wlasl/videos/40130.mp4,orange,204,features_cache/40130.pt,40130
wlasl/videos/56557.mp4,table,256,features_cache/56557.pt,56557
wlasl/videos/56579.mp4,table,256,features_cache/56579.pt,56579
wlasl/videos/56558.mp4,table,256,features_cache/56558.pt,56558
wlasl/videos/56556.mp4,table,256,features_cache/56556.pt,56556
wlasl/videos/56563.mp4,table,256,features_cache/56563.pt,56563
wlasl/videos/57647.mp4,thanksgiving,264,features_cache/57647.pt,57647
wlasl/videos/57630.mp4,thanksgiving,264,features_cache/57630.pt,57630
wlasl/videos/57631.mp4,thanksgiving,264,features_cache/57631.pt,57631
wlasl/videos/57632.mp4,thanksgiving,264,features_cache/57632.pt,57632
wlasl/videos/57633.mp4,thanksgiving,264,features_cache/57633.pt,57633
wlasl/videos/57634.mp4,thanksgiving,264,features_cache/57634.pt,57634
wlasl/videos/57635.mp4,thanksgiving,264,features_cache/57635.pt,57635
wlasl/videos/57638.mp4,thanksgiving,264,features_cache/57638.pt,57638
wlasl/videos/57641.mp4,thanksgiving,264,features_cache/57641.pt,57641
wlasl/videos/62968.mp4,what,282,features_cache/62968.pt,62968
wlasl/videos/62970.mp4,what,282,features_cache/62970.pt,62970
wlasl/videos/66769.mp4,what,282,features_cache/66769.pt,66769
wlasl/videos/62964.mp4,what,282,features_cache/62964.pt,62964
wlasl/videos/62979.mp4,what,282,features_cache/62979.pt,62979
wlasl/videos/62966.mp4,what,282,features_cache/62966.pt,62966
wlasl/videos/63679.mp4,woman,290,features_cache/63679.pt,63679
wlasl/videos/63665.mp4,woman,290,features_cache/63665.pt,63665
wlasl/videos/63666.mp4,woman,290,features_cache/63666.pt,63666
wlasl/videos/63667.mp4,woman,290,features_cache/63667.pt,63667
wlasl/videos/63668.mp4,woman,290,features_cache/63668.pt,63668
wlasl/videos/63672.mp4,woman,290,features_cache/63672.pt,63672
wlasl/videos/63673.mp4,woman,290,features_cache/63673.pt,63673
wlasl/videos/66798.mp4,woman,290,features_cache/66798.pt,66798
wlasl/videos/66799.mp4,woman,290,features_cache/66799.pt,66799
wlasl/videos/05644.mp4,bed,25,features_cache/05644.pt,05644
wlasl/videos/05629.mp4,bed,25,features_cache/05629.pt,05629
wlasl/videos/05630.mp4,bed,25,features_cache/05630.pt,05630
wlasl/videos/05631.mp4,bed,25,features_cache/05631.pt,05631
wlasl/videos/05632.mp4,bed,25,features_cache/05632.pt,05632
wlasl/videos/05633.mp4,bed,25,features_cache/05633.pt,05633
wlasl/videos/05634.mp4,bed,25,features_cache/05634.pt,05634
wlasl/videos/05636.mp4,bed,25,features_cache/05636.pt,05636
wlasl/videos/65162.mp4,bed,25,features_cache/65162.pt,65162
wlasl/videos/05637.mp4,bed,25,features_cache/05637.pt,05637
wlasl/videos/65161.mp4,bed,25,features_cache/65161.pt,65161
wlasl/videos/05638.mp4,bed,25,features_cache/05638.pt,05638
wlasl/videos/06835.mp4,blue,32,features_cache/06835.pt,06835
wlasl/videos/06839.mp4,blue,32,features_cache/06839.pt,06839
wlasl/videos/65216.mp4,blue,32,features_cache/65216.pt,65216
wlasl/videos/06832.mp4,blue,32,features_cache/06832.pt,06832
wlasl/videos/06833.mp4,blue,32,features_cache/06833.pt,06833
wlasl/videos/06834.mp4,blue,32,features_cache/06834.pt,06834
wlasl/videos/07389.mp4,bowling,34,features_cache/07389.pt,07389
wlasl/videos/07390.mp4,bowling,34,features_cache/07390.pt,07390
wlasl/videos/07391.mp4,bowling,34,features_cache/07391.pt,07391
wlasl/videos/07392.mp4,bowling,34,features_cache/07392.pt,07392
wlasl/videos/07393.mp4,bowling,34,features_cache/07393.pt,07393
wlasl/videos/07394.mp4,bowling,34,features_cache/07394.pt,07394
wlasl/videos/07397.mp4,bowling,34,features_cache/07397.pt,07397
wlasl/videos/65242.mp4,bowling,34,features_cache/65242.pt,65242
wlasl/videos/65241.mp4,bowling,34,features_cache/65241.pt,65241
wlasl/videos/07399.mp4,bowling,34,features_cache/07399.pt,07399
wlasl/videos/08955.mp4,can,43,features_cache/08955.pt,08955
wlasl/videos/08935.mp4,can,43,features_cache/08935.pt,08935
wlasl/videos/08936.mp4,can,43,features_cache/08936.pt,08936
wlasl/videos/08937.mp4,can,43,features_cache/08937.pt,08937
wlasl/videos/08938.mp4,can,43,features_cache/08938.pt,08938
wlasl/videos/08942.mp4,can,43,features_cache/08942.pt,08942
wlasl/videos/08944.mp4,can,43,features_cache/08944.pt,08944
wlasl/videos/69298.mp4,dog,95,features_cache/69298.pt,69298
wlasl/videos/17084.mp4,dog,95,features_cache/17084.pt,17084
wlasl/videos/17085.mp4,dog,95,features_cache/17085.pt,17085
wlasl/videos/17086.mp4,dog,95,features_cache/17086.pt,17086
wlasl/videos/17087.mp4,dog,95,features_cache/17087.pt,17087
wlasl/videos/17090.mp4,dog,95,features_cache/17090.pt,17090
wlasl/videos/17091.mp4,dog,95,features_cache/17091.pt,17091
wlasl/videos/65507.mp4,dog,95,features_cache/65507.pt,65507
wlasl/videos/20980.mp4,family,109,features_cache/20980.pt,20980
wlasl/videos/20981.mp4,family,109,features_cache/20981.pt,20981
wlasl/videos/20982.mp4,family,109,features_cache/20982.pt,20982
wlasl/videos/20983.mp4,family,109,features_cache/20983.pt,20983
wlasl/videos/20986.mp4,family,109,features_cache/20986.pt,20986
wlasl/videos/20987.mp4,family,109,features_cache/20987.pt,20987
wlasl/videos/65677.mp4,family,109,features_cache/65677.pt,65677
wlasl/videos/20978.mp4,family,109,features_cache/20978.pt,20978
wlasl/videos/20992.mp4,family,109,features_cache/20992.pt,20992
wlasl/videos/20979.mp4,family,109,features_cache/20979.pt,20979
wlasl/videos/69325.mp4,fish,118,features_cache/69325.pt,69325
wlasl/videos/22130.mp4,fish,118,features_cache/22130.pt,22130
wlasl/videos/22115.mp4,fish,118,features_cache/22115.pt,22115
wlasl/videos/22116.mp4,fish,118,features_cache/22116.pt,22116
wlasl/videos/22120.mp4,fish,118,features_cache/22120.pt,22120
wlasl/videos/22121.mp4,fish,118,features_cache/22121.pt,22121
wlasl/videos/65731.mp4,fish,118,features_cache/65731.pt,65731
wlasl/videos/25339.mp4,graduate,133,features_cache/25339.pt,25339
wlasl/videos/25322.mp4,graduate,133,features_cache/25322.pt,25322
wlasl/videos/25323.mp4,graduate,133,features_cache/25323.pt,25323
wlasl/videos/25324.mp4,graduate,133,features_cache/25324.pt,25324
wlasl/videos/25325.mp4,graduate,133,features_cache/25325.pt,25325
wlasl/videos/25326.mp4,graduate,133,features_cache/25326.pt,25326
wlasl/videos/25329.mp4,graduate,133,features_cache/25329.pt,25329
wlasl/videos/25321.mp4,graduate,133,features_cache/25321.pt,25321
wlasl/videos/26713.mp4,hat,139,features_cache/26713.pt,26713
wlasl/videos/26712.mp4,hat,139,features_cache/26712.pt,26712
wlasl/videos/26739.mp4,hat,139,features_cache/26739.pt,26739
wlasl/videos/26741.mp4,hat,139,features_cache/26741.pt,26741
wlasl/videos/26714.mp4,hat,139,features_cache/26714.pt,26714
wlasl/videos/26715.mp4,hat,139,features_cache/26715.pt,26715
wlasl/videos/26717.mp4,hat,139,features_cache/26717.pt,26717
wlasl/videos/26719.mp4,hat,139,features_cache/26719.pt,26719
wlasl/videos/26972.mp4,hearing,143,features_cache/26972.pt,26972
wlasl/videos/26973.mp4,hearing,143,features_cache/26973.pt,26973
wlasl/videos/26974.mp4,hearing,143,features_cache/26974.pt,26974
wlasl/videos/26975.mp4,hearing,143,features_cache/26975.pt,26975
wlasl/videos/26976.mp4,hearing,143,features_cache/26976.pt,26976
wlasl/videos/26971.mp4,hearing,143,features_cache/26971.pt,26971
wlasl/videos/26980.mp4,hearing,143,features_cache/26980.pt,26980
wlasl/videos/31767.mp4,kiss,164,features_cache/31767.pt,31767
wlasl/videos/31752.mp4,kiss,164,features_cache/31752.pt,31752
wlasl/videos/31753.mp4,kiss,164,features_cache/31753.pt,31753
wlasl/videos/31755.mp4,kiss,164,features_cache/31755.pt,31755
wlasl/videos/31756.mp4,kiss,164,features_cache/31756.pt,31756
wlasl/videos/65996.mp4,kiss,164,features_cache/65996.pt,65996
wlasl/videos/32158.mp4,language,167,features_cache/32158.pt,32158
wlasl/videos/32160.mp4,language,167,features_cache/32160.pt,32160
wlasl/videos/32163.mp4,language,167,features_cache/32163.pt,32163
wlasl/videos/66008.mp4,language,167,features_cache/66008.pt,66008
wlasl/videos/66007.mp4,language,167,features_cache/66007.pt,66007
wlasl/videos/32155.mp4,language,167,features_cache/32155.pt,32155
wlasl/videos/32337.mp4,later,170,features_cache/32337.pt,32337
wlasl/videos/32338.mp4,later,170,features_cache/32338.pt,32338
wlasl/videos/32321.mp4,later,170,features_cache/32321.pt,32321
wlasl/videos/32322.mp4,later,170,features_cache/32322.pt,32322
wlasl/videos/32324.mp4,later,170,features_cache/32324.pt,32324
wlasl/videos/32326.mp4,later,170,features_cache/32326.pt,32326
wlasl/videos/66014.mp4,later,170,features_cache/66014.pt,66014
wlasl/videos/32333.mp4,later,170,features_cache/32333.pt,32333
wlasl/videos/34746.mp4,man,182,features_cache/34746.pt,34746
wlasl/videos/34733.mp4,man,182,features_cache/34733.pt,34733
wlasl/videos/34734.mp4,man,182,features_cache/34734.pt,34734
wlasl/videos/34736.mp4,man,182,features_cache/34736.pt,34736
wlasl/videos/34737.mp4,man,182,features_cache/34737.pt,34737
wlasl/videos/34738.mp4,man,182,features_cache/34738.pt,34738
wlasl/videos/66098.mp4,man,182,features_cache/66098.pt,66098
wlasl/videos/66099.mp4,man,182,features_cache/66099.pt,66099
wlasl/videos/34732.mp4,man,182,features_cache/34732.pt,34732
wlasl/videos/34742.mp4,man,182,features_cache/34742.pt,34742
wlasl/videos/51057.mp4,shirt,240,features_cache/51057.pt,51057
wlasl/videos/51056.mp4,shirt,240,features_cache/51056.pt,51056
wlasl/videos/51058.mp4,shirt,240,features_cache/51058.pt,51058
wlasl/videos/51059.mp4,shirt,240,features_cache/51059.pt,51059
wlasl/videos/51060.mp4,shirt,240,features_cache/51060.pt,51060
wlasl/videos/51061.mp4,shirt,240,features_cache/51061.pt,51061
wlasl/videos/51063.mp4,shirt,240,features_cache/51063.pt,51063
wlasl/videos/51064.mp4,shirt,240,features_cache/51064.pt,51064
wlasl/videos/55364.mp4,study,254,features_cache/55364.pt,55364
wlasl/videos/55365.mp4,study,254,features_cache/55365.pt,55365
wlasl/videos/55366.mp4,study,254,features_cache/55366.pt,55366
wlasl/videos/55368.mp4,study,254,features_cache/55368.pt,55368
wlasl/videos/55369.mp4,study,254,features_cache/55369.pt,55369
wlasl/videos/66575.mp4,study,254,features_cache/66575.pt,66575
wlasl/videos/55361.mp4,study,254,features_cache/55361.pt,55361
wlasl/videos/55362.mp4,study,254,features_cache/55362.pt,55362
wlasl/videos/55363.mp4,study,254,features_cache/55363.pt,55363
wlasl/videos/56852.mp4,tall,258,features_cache/56852.pt,56852
wlasl/videos/56838.mp4,tall,258,features_cache/56838.pt,56838
wlasl/videos/56839.mp4,tall,258,features_cache/56839.pt,56839
wlasl/videos/56841.mp4,tall,258,features_cache/56841.pt,56841
wlasl/videos/56842.mp4,tall,258,features_cache/56842.pt,56842
wlasl/videos/56844.mp4,tall,258,features_cache/56844.pt,56844
wlasl/videos/56846.mp4,tall,258,features_cache/56846.pt,56846
wlasl/videos/66592.mp4,tall,258,features_cache/66592.pt,66592
wlasl/videos/56837.mp4,tall,258,features_cache/56837.pt,56837
wlasl/videos/56848.mp4,tall,258,features_cache/56848.pt,56848
wlasl/videos/63204.mp4,white,284,features_cache/63204.pt,63204
wlasl/videos/63205.mp4,white,284,features_cache/63205.pt,63205
wlasl/videos/63207.mp4,white,284,features_cache/63207.pt,63207
wlasl/videos/63208.mp4,white,284,features_cache/63208.pt,63208
wlasl/videos/63200.mp4,white,284,features_cache/63200.pt,63200
wlasl/videos/63214.mp4,white,284,features_cache/63214.pt,63214
wlasl/videos/63202.mp4,white,284,features_cache/63202.pt,63202
wlasl/videos/63203.mp4,white,284,features_cache/63203.pt,63203
wlasl/videos/64087.mp4,wrong,293,features_cache/64087.pt,64087
wlasl/videos/64088.mp4,wrong,293,features_cache/64088.pt,64088
wlasl/videos/64090.mp4,wrong,293,features_cache/64090.pt,64090
wlasl/videos/64091.mp4,wrong,293,features_cache/64091.pt,64091
wlasl/videos/64084.mp4,wrong,293,features_cache/64084.pt,64084
wlasl/videos/64085.mp4,wrong,293,features_cache/64085.pt,64085
wlasl/videos/64086.mp4,wrong,293,features_cache/64086.pt,64086
wlasl/videos/00639.mp4,accident,1,features_cache/00639.pt,00639
wlasl/videos/00624.mp4,accident,1,features_cache/00624.pt,00624
wlasl/videos/00628.mp4,accident,1,features_cache/00628.pt,00628
wlasl/videos/00629.mp4,accident,1,features_cache/00629.pt,00629
wlasl/videos/00631.mp4,accident,1,features_cache/00631.pt,00631
wlasl/videos/00632.mp4,accident,1,features_cache/00632.pt,00632
wlasl/videos/65009.mp4,accident,1,features_cache/65009.pt,65009
wlasl/videos/00623.mp4,accident,1,features_cache/00623.pt,00623
wlasl/videos/00633.mp4,accident,1,features_cache/00633.pt,00633
wlasl/videos/03005.mp4,apple,7,features_cache/03005.pt,03005
wlasl/videos/03008.mp4,apple,7,features_cache/03008.pt,03008
wlasl/videos/65085.mp4,apple,7,features_cache/65085.pt,65085
wlasl/videos/65084.mp4,apple,7,features_cache/65084.pt,65084
wlasl/videos/03000.mp4,apple,7,features_cache/03000.pt,03000
wlasl/videos/03001.mp4,apple,7,features_cache/03001.pt,03001
wlasl/videos/03002.mp4,apple,7,features_cache/03002.pt,03002
wlasl/videos/03003.mp4,apple,7,features_cache/03003.pt,03003
wlasl/videos/06333.mp4,bird,28,features_cache/06333.pt,06333
wlasl/videos/06334.mp4,bird,28,features_cache/06334.pt,06334
wlasl/videos/06337.mp4,bird,28,features_cache/06337.pt,06337
wlasl/videos/65187.mp4,bird,28,features_cache/65187.pt,65187
wlasl/videos/06343.mp4,bird,28,features_cache/06343.pt,06343
wlasl/videos/06331.mp4,bird,28,features_cache/06331.pt,06331
wlasl/videos/06332.mp4,bird,28,features_cache/06332.pt,06332
wlasl/videos/09966.mp4,change,52,features_cache/09966.pt,09966
wlasl/videos/09967.mp4,change,52,features_cache/09967.pt,09967
wlasl/videos/09970.mp4,change,52,features_cache/09970.pt,09970
wlasl/videos/09953.mp4,change,52,features_cache/09953.pt,09953
wlasl/videos/09954.mp4,change,52,features_cache/09954.pt,09954
wlasl/videos/09956.mp4,change,52,features_cache/09956.pt,09956
wlasl/videos/09949.mp4,change,52,features_cache/09949.pt,09949
wlasl/videos/09960.mp4,change,52,features_cache/09960.pt,09960
wlasl/videos/09963.mp4,change,52,features_cache/09963.pt,09963
wlasl/videos/11773.mp4,color,67,features_cache/11773.pt,11773
wlasl/videos/11767.mp4,color,67,features_cache/11767.pt,11767
wlasl/videos/11780.mp4,color,67,features_cache/11780.pt,11780
wlasl/videos/11768.mp4,color,67,features_cache/11768.pt,11768
wlasl/videos/11769.mp4,color,67,features_cache/11769.pt,11769
wlasl/videos/11770.mp4,color,67,features_cache/11770.pt,11770
wlasl/videos/69282.mp4,corn,73,features_cache/69282.pt,69282
wlasl/videos/13337.mp4,corn,73,features_cache/13337.pt,13337
wlasl/videos/13326.mp4,corn,73,features_cache/13326.pt,13326
wlasl/videos/13327.mp4,corn,73,features_cache/13327.pt,13327
wlasl/videos/13328.mp4,corn,73,features_cache/13328.pt,13328
wlasl/videos/13329.mp4,corn,73,features_cache/13329.pt,13329
wlasl/videos/65408.mp4,corn,73,features_cache/65408.pt,65408
wlasl/videos/65409.mp4,corn,73,features_cache/65409.pt,65409
wlasl/videos/13323.mp4,corn,73,features_cache/13323.pt,13323
wlasl/videos/13333.mp4,corn,73,features_cache/13333.pt,13333
wlasl/videos/69283.mp4,cow,77,features_cache/69283.pt,69283
wlasl/videos/13697.mp4,cow,77,features_cache/13697.pt,13697
wlasl/videos/13699.mp4,cow,77,features_cache/13699.pt,13699
wlasl/videos/13702.mp4,cow,77,features_cache/13702.pt,13702
wlasl/videos/13695.mp4,cow,77,features_cache/13695.pt,13695
wlasl/videos/14627.mp4,dance,82,features_cache/14627.pt,14627
wlasl/videos/65434.mp4,dance,82,features_cache/65434.pt,65434
wlasl/videos/14633.mp4,dance,82,features_cache/14633.pt,14633
wlasl/videos/14622.mp4,dance,82,features_cache/14622.pt,14622
wlasl/videos/14623.mp4,dance,82,features_cache/14623.pt,14623
wlasl/videos/14624.mp4,dance,82,features_cache/14624.pt,14624
wlasl/videos/14625.mp4,dance,82,features_cache/14625.pt,14625
wlasl/videos/69290.mp4,dark,83,features_cache/69290.pt,69290
wlasl/videos/14674.mp4,dark,83,features_cache/14674.pt,14674
wlasl/videos/14675.mp4,dark,83,features_cache/14675.pt,14675
wlasl/videos/14676.mp4,dark,83,features_cache/14676.pt,14676
wlasl/videos/14680.mp4,dark,83,features_cache/14680.pt,14680
wlasl/videos/65439.mp4,dark,83,features_cache/65439.pt,65439
wlasl/videos/65440.mp4,dark,83,features_cache/65440.pt,65440
wlasl/videos/14671.mp4,dark,83,features_cache/14671.pt,14671
wlasl/videos/14681.mp4,dark,83,features_cache/14681.pt,14681
wlasl/videos/17015.mp4,doctor,94,features_cache/17015.pt,17015
wlasl/videos/17017.mp4,doctor,94,features_cache/17017.pt,17017
wlasl/videos/17019.mp4,doctor,94,features_cache/17019.pt,17019
wlasl/videos/65503.mp4,doctor,94,features_cache/65503.pt,65503
wlasl/videos/65504.mp4,doctor,94,features_cache/65504.pt,65504
wlasl/videos/17013.mp4,doctor,94,features_cache/17013.pt,17013
wlasl/videos/17026.mp4,doctor,94,features_cache/17026.pt,17026
wlasl/videos/17014.mp4,doctor,94,features_cache/17014.pt,17014
wlasl/videos/18329.mp4,eat,104,features_cache/18329.pt,18329
wlasl/videos/65601.mp4,eat,104,features_cache/65601.pt,65601
wlasl/videos/18335.mp4,eat,104,features_cache/18335.pt,18335
wlasl/videos/18324.mp4,eat,104,features_cache/18324.pt,18324
wlasl/videos/18325.mp4,eat,104,features_cache/18325.pt,18325
wlasl/videos/19261.mp4,enjoy,106,features_cache/19261.pt,19261
wlasl/videos/19264.mp4,enjoy,106,features_cache/19264.pt,19264
wlasl/videos/65635.mp4,enjoy,106,features_cache/65635.pt,65635
wlasl/videos/19269.mp4,enjoy,106,features_cache/19269.pt,19269
wlasl/videos/19258.mp4,enjoy,106,features_cache/19258.pt,19258
wlasl/videos/19259.mp4,enjoy,106,features_cache/19259.pt,19259
wlasl/videos/19260.mp4,enjoy,106,features_cache/19260.pt,19260
wlasl/videos/22955.mp4,forget,121,features_cache/22955.pt,22955
wlasl/videos/22960.mp4,forget,121,features_cache/22960.pt,22960
wlasl/videos/22967.mp4,forget,121,features_cache/22967.pt,22967
wlasl/videos/22952.mp4,forget,121,features_cache/22952.pt,22952
wlasl/videos/22953.mp4,forget,121,features_cache/22953.pt,22953
wlasl/videos/69343.mp4,give,128,features_cache/69343.pt,69343
wlasl/videos/24660.mp4,give,128,features_cache/24660.pt,24660
wlasl/videos/24638.mp4,give,128,features_cache/24638.pt,24638
wlasl/videos/24640.mp4,give,128,features_cache/24640.pt,24640
wlasl/videos/24648.mp4,give,128,features_cache/24648.pt,24648
wlasl/videos/24651.mp4,give,128,features_cache/24651.pt,24651
wlasl/videos/66010.mp4,last,168,features_cache/66010.pt,66010
wlasl/videos/32248.mp4,last,168,features_cache/32248.pt,32248
wlasl/videos/32249.mp4,last,168,features_cache/32249.pt,32249
wlasl/videos/32250.mp4,last,168,features_cache/32250.pt,32250
wlasl/videos/32254.mp4,last,168,features_cache/32254.pt,32254
wlasl/videos/32257.mp4,last,168,features_cache/32257.pt,32257
wlasl/videos/32260.mp4,last,168,features_cache/32260.pt,32260
wlasl/videos/32261.mp4,last,168,features_cache/32261.pt,32261
wlasl/videos/35511.mp4,meet,188,features_cache/35511.pt,35511
wlasl/videos/35512.mp4,meet,188,features_cache/35512.pt,35512
wlasl/videos/35516.mp4,meet,188,features_cache/35516.pt,35516
wlasl/videos/35517.mp4,meet,188,features_cache/35517.pt,35517
wlasl/videos/35518.mp4,meet,188,features_cache/35518.pt,35518
wlasl/videos/35509.mp4,meet,188,features_cache/35509.pt,35509
wlasl/videos/35523.mp4,meet,188,features_cache/35523.pt,35523
wlasl/videos/69430.mp4,pink,213,features_cache/69430.pt,69430
wlasl/videos/42831.mp4,pink,213,features_cache/42831.pt,42831
wlasl/videos/42832.mp4,pink,213,features_cache/42832.pt,42832
wlasl/videos/42836.mp4,pink,213,features_cache/42836.pt,42836
wlasl/videos/66296.mp4,pink,213,features_cache/66296.pt,66296
wlasl/videos/42829.mp4,pink,213,features_cache/42829.pt,42829
wlasl/videos/42843.mp4,pink,213,features_cache/42843.pt,42843
wlasl/videos/42830.mp4,pink,213,features_cache/42830.pt,42830
wlasl/videos/42958.mp4,pizza,214,features_cache/42958.pt,42958
wlasl/videos/42959.mp4,pizza,214,features_cache/42959.pt,42959
wlasl/videos/42961.mp4,pizza,214,features_cache/42961.pt,42961
wlasl/videos/66297.mp4,pizza,214,features_cache/66297.pt,66297
wlasl/videos/42956.mp4,pizza,214,features_cache/42956.pt,42956
wlasl/videos/42966.mp4,pizza,214,features_cache/42966.pt,42966
wlasl/videos/42967.mp4,pizza,214,features_cache/42967.pt,42967
wlasl/videos/42969.mp4,pizza,214,features_cache/42969.pt,42969
wlasl/videos/43170.mp4,play,216,features_cache/43170.pt,43170
wlasl/videos/43173.mp4,play,216,features_cache/43173.pt,43173
wlasl/videos/43174.mp4,play,216,features_cache/43174.pt,43174
wlasl/videos/43179.mp4,play,216,features_cache/43179.pt,43179
wlasl/videos/43180.mp4,play,216,features_cache/43180.pt,43180
wlasl/videos/43167.mp4,play,216,features_cache/43167.pt,43167
wlasl/videos/43168.mp4,play,216,features_cache/43168.pt,43168
wlasl/videos/43169.mp4,play,216,features_cache/43169.pt,43169
wlasl/videos/49602.mp4,school,237,features_cache/49602.pt,49602
wlasl/videos/49595.mp4,school,237,features_cache/49595.pt,49595
wlasl/videos/49596.mp4,school,237,features_cache/49596.pt,49596
wlasl/videos/49597.mp4,school,237,features_cache/49597.pt,49597
wlasl/videos/49598.mp4,school,237,features_cache/49598.pt,49598
wlasl/videos/49599.mp4,school,237,features_cache/49599.pt,49599
wlasl/videos/49600.mp4,school,237,features_cache/49600.pt,49600
wlasl/videos/50037.mp4,secretary,238,features_cache/50037.pt,50037
wlasl/videos/50038.mp4,secretary,238,features_cache/50038.pt,50038
wlasl/videos/50039.mp4,secretary,238,features_cache/50039.pt,50039
wlasl/videos/50040.mp4,secretary,238,features_cache/50040.pt,50040
wlasl/videos/50044.mp4,secretary,238,features_cache/50044.pt,50044
wlasl/videos/50045.mp4,secretary,238,features_cache/50045.pt,50045
wlasl/videos/66441.mp4,secretary,238,features_cache/66441.pt,66441
wlasl/videos/50046.mp4,secretary,238,features_cache/50046.pt,50046
wlasl/videos/51221.mp4,short,241,features_cache/51221.pt,51221
wlasl/videos/51223.mp4,short,241,features_cache/51223.pt,51223
wlasl/videos/51225.mp4,short,241,features_cache/51225.pt,51225
wlasl/videos/51226.mp4,short,241,features_cache/51226.pt,51226
wlasl/videos/66469.mp4,short,241,features_cache/66469.pt,66469
wlasl/videos/51231.mp4,short,241,features_cache/51231.pt,51231
wlasl/videos/51232.mp4,short,241,features_cache/51232.pt,51232
wlasl/videos/51235.mp4,short,241,features_cache/51235.pt,51235
wlasl/videos/51236.mp4,short,241,features_cache/51236.pt,51236
wlasl/videos/58503.mp4,time,268,features_cache/58503.pt,58503
wlasl/videos/66644.mp4,time,268,features_cache/66644.pt,66644
wlasl/videos/58508.mp4,time,268,features_cache/58508.pt,58508
wlasl/videos/58498.mp4,time,268,features_cache/58498.pt,58498
wlasl/videos/58499.mp4,time,268,features_cache/58499.pt,58499
wlasl/videos/62246.mp4,want,278,features_cache/62246.pt,62246
wlasl/videos/62248.mp4,want,278,features_cache/62248.pt,62248
wlasl/videos/62250.mp4,want,278,features_cache/62250.pt,62250
wlasl/videos/62251.mp4,want,278,features_cache/62251.pt,62251
wlasl/videos/62259.mp4,want,278,features_cache/62259.pt,62259
wlasl/videos/62245.mp4,want,278,features_cache/62245.pt,62245
wlasl/videos/63806.mp4,work,291,features_cache/63806.pt,63806
wlasl/videos/63790.mp4,work,291,features_cache/63790.pt,63790
wlasl/videos/63791.mp4,work,291,features_cache/63791.pt,63791
wlasl/videos/63792.mp4,work,291,features_cache/63792.pt,63792
wlasl/videos/63793.mp4,work,291,features_cache/63793.pt,63793
wlasl/videos/66804.mp4,work,291,features_cache/66804.pt,66804
wlasl/videos/63799.mp4,work,291,features_cache/63799.pt,63799
wlasl/videos/01384.mp4,africa,2,features_cache/01384.pt,01384
wlasl/videos/01385.mp4,africa,2,features_cache/01385.pt,01385
wlasl/videos/01387.mp4,africa,2,features_cache/01387.pt,01387
wlasl/videos/01388.mp4,africa,2,features_cache/01388.pt,01388
wlasl/videos/65029.mp4,africa,2,features_cache/65029.pt,65029
wlasl/videos/05230.mp4,basketball,20,features_cache/05230.pt,05230
wlasl/videos/05231.mp4,basketball,20,features_cache/05231.pt,05231
wlasl/videos/05233.mp4,basketball,20,features_cache/05233.pt,05233
wlasl/videos/05234.mp4,basketball,20,features_cache/05234.pt,05234
wlasl/videos/05238.mp4,basketball,20,features_cache/05238.pt,05238
wlasl/videos/65144.mp4,basketball,20,features_cache/65144.pt,65144
wlasl/videos/65145.mp4,basketball,20,features_cache/65145.pt,65145
wlasl/videos/05229.mp4,basketball,20,features_cache/05229.pt,05229
wlasl/videos/05243.mp4,basketball,20,features_cache/05243.pt,05243
wlasl/videos/65192.mp4,birthday,29,features_cache/65192.pt,65192
wlasl/videos/06365.mp4,birthday,29,features_cache/06365.pt,06365
wlasl/videos/06359.mp4,birthday,29,features_cache/06359.pt,06359
wlasl/videos/06371.mp4,birthday,29,features_cache/06371.pt,06371
wlasl/videos/06363.mp4,birthday,29,features_cache/06363.pt,06363
wlasl/videos/07963.mp4,brown,38,features_cache/07963.pt,07963
wlasl/videos/07966.mp4,brown,38,features_cache/07966.pt,07966
wlasl/videos/65263.mp4,brown,38,features_cache/65263.pt,65263
wlasl/videos/07960.mp4,brown,38,features_cache/07960.pt,07960
wlasl/videos/07961.mp4,brown,38,features_cache/07961.pt,07961
wlasl/videos/07962.mp4,brown,38,features_cache/07962.pt,07962
wlasl/videos/08431.mp4,but,40,features_cache/08431.pt,08431
wlasl/videos/65278.mp4,but,40,features_cache/65278.pt,65278
wlasl/videos/08424.mp4,but,40,features_cache/08424.pt,08424
wlasl/videos/08437.mp4,but,40,features_cache/08437.pt,08437
wlasl/videos/10147.mp4,cheat,54,features_cache/10147.pt,10147
wlasl/videos/10166.mp4,cheat,54,features_cache/10166.pt,10166
wlasl/videos/10148.mp4,cheat,54,features_cache/10148.pt,10148
wlasl/videos/10149.mp4,cheat,54,features_cache/10149.pt,10149
wlasl/videos/10157.mp4,cheat,54,features_cache/10157.pt,10157
wlasl/videos/10158.mp4,cheat,54,features_cache/10158.pt,10158
wlasl/videos/10895.mp4,city,59,features_cache/10895.pt,10895
wlasl/videos/65362.mp4,city,59,features_cache/65362.pt,65362
wlasl/videos/65363.mp4,city,59,features_cache/65363.pt,65363
wlasl/videos/10892.mp4,city,59,features_cache/10892.pt,10892
wlasl/videos/10893.mp4,city,59,features_cache/10893.pt,10893
wlasl/videos/10894.mp4,city,59,features_cache/10894.pt,10894
wlasl/videos/13158.mp4,cook,70,features_cache/13158.pt,13158
wlasl/videos/13160.mp4,cook,70,features_cache/13160.pt,13160
wlasl/videos/13161.mp4,cook,70,features_cache/13161.pt,13161
wlasl/videos/13167.mp4,cook,70,features_cache/13167.pt,13167
wlasl/videos/13168.mp4,cook,70,features_cache/13168.pt,13168
wlasl/videos/13156.mp4,cook,70,features_cache/13156.pt,13156
wlasl/videos/13157.mp4,cook,70,features_cache/13157.pt,13157
wlasl/videos/15034.mp4,decide,87,features_cache/15034.pt,15034
wlasl/videos/15035.mp4,decide,87,features_cache/15035.pt,15035
wlasl/videos/15038.mp4,decide,87,features_cache/15038.pt,15038
wlasl/videos/65449.mp4,decide,87,features_cache/65449.pt,65449
wlasl/videos/65450.mp4,decide,87,features_cache/65450.pt,65450
wlasl/videos/15032.mp4,decide,87,features_cache/15032.pt,15032
wlasl/videos/15033.mp4,decide,87,features_cache/15033.pt,15033
wlasl/videos/23782.mp4,full,124,features_cache/23782.pt,23782
wlasl/videos/23771.mp4,full,124,features_cache/23771.pt,23771
wlasl/videos/23774.mp4,full,124,features_cache/23774.pt,23774
wlasl/videos/23766.mp4,full,124,features_cache/23766.pt,23766
wlasl/videos/23768.mp4,full,124,features_cache/23768.pt,23768
wlasl/videos/23769.mp4,full,124,features_cache/23769.pt,23769
wlasl/videos/28205.mp4,how,152,features_cache/28205.pt,28205
wlasl/videos/28210.mp4,how,152,features_cache/28210.pt,28210
wlasl/videos/28211.mp4,how,152,features_cache/28211.pt,28211
wlasl/videos/28214.mp4,how,152,features_cache/28214.pt,28214
wlasl/videos/28202.mp4,how,152,features_cache/28202.pt,28202
wlasl/videos/28204.mp4,how,152,features_cache/28204.pt,28204
wlasl/videos/30831.mp4,jacket,160,features_cache/30831.pt,30831
wlasl/videos/30832.mp4,jacket,160,features_cache/30832.pt,30832
wlasl/videos/30834.mp4,jacket,160,features_cache/30834.pt,30834
wlasl/videos/30835.mp4,jacket,160,features_cache/30835.pt,30835
wlasl/videos/30840.mp4,jacket,160,features_cache/30840.pt,30840
wlasl/videos/66038.mp4,letter,175,features_cache/66038.pt,66038
wlasl/videos/32949.mp4,letter,175,features_cache/32949.pt,32949
wlasl/videos/32953.mp4,letter,175,features_cache/32953.pt,32953
wlasl/videos/32954.mp4,letter,175,features_cache/32954.pt,32954
wlasl/videos/32945.mp4,letter,175,features_cache/32945.pt,32945
wlasl/videos/32955.mp4,letter,175,features_cache/32955.pt,32955
wlasl/videos/32959.mp4,letter,175,features_cache/32959.pt,32959
wlasl/videos/32946.mp4,letter,175,features_cache/32946.pt,32946
wlasl/videos/32947.mp4,letter,175,features_cache/32947.pt,32947
wlasl/videos/35454.mp4,medicine,187,features_cache/35454.pt,35454
wlasl/videos/35455.mp4,medicine,187,features_cache/35455.pt,35455
wlasl/videos/35456.mp4,medicine,187,features_cache/35456.pt,35456
wlasl/videos/35458.mp4,medicine,187,features_cache/35458.pt,35458
wlasl/videos/35452.mp4,medicine,187,features_cache/35452.pt,35452
wlasl/videos/35467.mp4,medicine,187,features_cache/35467.pt,35467
wlasl/videos/35453.mp4,medicine,187,features_cache/35453.pt,35453
wlasl/videos/37886.mp4,need,197,features_cache/37886.pt,37886
wlasl/videos/37881.mp4,need,197,features_cache/37881.pt,37881
wlasl/videos/37894.mp4,need,197,features_cache/37894.pt,37894
wlasl/videos/37883.mp4,need,197,features_cache/37883.pt,37883
wlasl/videos/37884.mp4,need,197,features_cache/37884.pt,37884
wlasl/videos/40841.mp4,paint,206,features_cache/40841.pt,40841
wlasl/videos/40834.mp4,paint,206,features_cache/40834.pt,40834
wlasl/videos/40847.mp4,paint,206,features_cache/40847.pt,40847
wlasl/videos/40836.mp4,paint,206,features_cache/40836.pt,40836
wlasl/videos/40837.mp4,paint,206,features_cache/40837.pt,40837
wlasl/videos/41030.mp4,paper,208,features_cache/41030.pt,41030
wlasl/videos/41032.mp4,paper,208,features_cache/41032.pt,41032
wlasl/videos/41025.mp4,paper,208,features_cache/41025.pt,41025
wlasl/videos/41037.mp4,paper,208,features_cache/41037.pt,41037
wlasl/videos/41026.mp4,paper,208,features_cache/41026.pt,41026
wlasl/videos/41028.mp4,paper,208,features_cache/41028.pt,41028
wlasl/videos/41029.mp4,paper,208,features_cache/41029.pt,41029
wlasl/videos/45265.mp4,pull,222,features_cache/45265.pt,45265
wlasl/videos/66351.mp4,pull,222,features_cache/66351.pt,66351
wlasl/videos/45261.mp4,pull,222,features_cache/45261.pt,45261
wlasl/videos/45273.mp4,pull,222,features_cache/45273.pt,45273
wlasl/videos/45263.mp4,pull,222,features_cache/45263.pt,45263
wlasl/videos/45264.mp4,pull,222,features_cache/45264.pt,45264
wlasl/videos/66355.mp4,purple,223,features_cache/66355.pt,66355
wlasl/videos/45443.mp4,purple,223,features_cache/45443.pt,45443
wlasl/videos/45433.mp4,purple,223,features_cache/45433.pt,45433
wlasl/videos/45434.mp4,purple,223,features_cache/45434.pt,45434
wlasl/videos/45436.mp4,purple,223,features_cache/45436.pt,45436
wlasl/videos/48105.mp4,right,230,features_cache/48105.pt,48105
wlasl/videos/48106.mp4,right,230,features_cache/48106.pt,48106
wlasl/videos/48107.mp4,right,230,features_cache/48107.pt,48107
wlasl/videos/48109.mp4,right,230,features_cache/48109.pt,48109
wlasl/videos/48114.mp4,right,230,features_cache/48114.pt,48114
wlasl/videos/49175.mp4,same,235,features_cache/49175.pt,49175
wlasl/videos/49178.mp4,same,235,features_cache/49178.pt,49178
wlasl/videos/49181.mp4,same,235,features_cache/49181.pt,49181
wlasl/videos/49183.mp4,same,235,features_cache/49183.pt,49183
wlasl/videos/49188.mp4,same,235,features_cache/49188.pt,49188
wlasl/videos/49174.mp4,same,235,features_cache/49174.pt,49174
wlasl/videos/53273.mp4,son,249,features_cache/53273.pt,53273
wlasl/videos/53275.mp4,son,249,features_cache/53275.pt,53275
wlasl/videos/66531.mp4,son,249,features_cache/66531.pt,66531
wlasl/videos/66532.mp4,son,249,features_cache/66532.pt,66532
wlasl/videos/53268.mp4,son,249,features_cache/53268.pt,53268
wlasl/videos/53279.mp4,son,249,features_cache/53279.pt,53279
wlasl/videos/53270.mp4,son,249,features_cache/53270.pt,53270
wlasl/videos/53271.mp4,son,249,features_cache/53271.pt,53271
wlasl/videos/57283.mp4,tell,262,features_cache/57283.pt,57283
wlasl/videos/57284.mp4,tell,262,features_cache/57284.pt,57284
wlasl/videos/57276.mp4,tell,262,features_cache/57276.pt,57276
wlasl/videos/57286.mp4,tell,262,features_cache/57286.pt,57286
wlasl/videos/57287.mp4,tell,262,features_cache/57287.pt,57287
wlasl/videos/57291.mp4,tell,262,features_cache/57291.pt,57291
wlasl/videos/57277.mp4,tell,262,features_cache/57277.pt,57277
wlasl/videos/58362.mp4,thursday,267,features_cache/58362.pt,58362
wlasl/videos/58363.mp4,thursday,267,features_cache/58363.pt,58363
wlasl/videos/58366.mp4,thursday,267,features_cache/58366.pt,58366
wlasl/videos/66637.mp4,thursday,267,features_cache/66637.pt,66637
wlasl/videos/66638.mp4,thursday,267,features_cache/66638.pt,66638
wlasl/videos/66639.mp4,thursday,267,features_cache/66639.pt,66639
wlasl/videos/66640.mp4,thursday,267,features_cache/66640.pt,66640
wlasl/videos/58360.mp4,thursday,267,features_cache/58360.pt,58360
wlasl/videos/58361.mp4,thursday,267,features_cache/58361.pt,58361
wlasl/videos/61807.mp4,visit,275,features_cache/61807.pt,61807
wlasl/videos/61808.mp4,visit,275,features_cache/61808.pt,61808
wlasl/videos/61809.mp4,visit,275,features_cache/61809.pt,61809
wlasl/videos/61812.mp4,visit,275,features_cache/61812.pt,61812
wlasl/videos/66731.mp4,visit,275,features_cache/66731.pt,66731
wlasl/videos/61805.mp4,visit,275,features_cache/61805.pt,61805
wlasl/videos/61806.mp4,visit,275,features_cache/61806.pt,61806
wlasl/videos/62098.mp4,wait,276,features_cache/62098.pt,62098
wlasl/videos/62100.mp4,wait,276,features_cache/62100.pt,62100
wlasl/videos/62101.mp4,wait,276,features_cache/62101.pt,62101
wlasl/videos/62103.mp4,wait,276,features_cache/62103.pt,62103
wlasl/videos/62106.mp4,wait,276,features_cache/62106.pt,62106
wlasl/videos/66740.mp4,wait,276,features_cache/66740.pt,66740
wlasl/videos/62097.mp4,wait,276,features_cache/62097.pt,62097
wlasl/videos/62107.mp4,wait,276,features_cache/62107.pt,62107
wlasl/videos/62506.mp4,water,280,features_cache/62506.pt,62506
wlasl/videos/66752.mp4,water,280,features_cache/66752.pt,66752
wlasl/videos/62499.mp4,water,280,features_cache/62499.pt,62499
wlasl/videos/62510.mp4,water,280,features_cache/62510.pt,62510
wlasl/videos/62500.mp4,water,280,features_cache/62500.pt,62500
wlasl/videos/62502.mp4,water,280,features_cache/62502.pt,62502
wlasl/videos/62503.mp4,water,280,features_cache/62503.pt,62503
wlasl/videos/63329.mp4,wife,287,features_cache/63329.pt,63329
wlasl/videos/63332.mp4,wife,287,features_cache/63332.pt,63332
wlasl/videos/66784.mp4,wife,287,features_cache/66784.pt,66784
wlasl/videos/66785.mp4,wife,287,features_cache/66785.pt,66785
wlasl/videos/63337.mp4,wife,287,features_cache/63337.pt,63337
wlasl/videos/63327.mp4,wife,287,features_cache/63327.pt,63327
wlasl/videos/63328.mp4,wife,287,features_cache/63328.pt,63328
wlasl/videos/66819.mp4,yellow,295,features_cache/66819.pt,66819
wlasl/videos/64271.mp4,yellow,295,features_cache/64271.pt,64271
wlasl/videos/64261.mp4,yellow,295,features_cache/64261.pt,64261
wlasl/videos/64262.mp4,yellow,295,features_cache/64262.pt,64262
wlasl/videos/64264.mp4,yellow,295,features_cache/64264.pt,64264
wlasl/videos/04618.mp4,backpack,13,features_cache/04618.pt,04618
wlasl/videos/04619.mp4,backpack,13,features_cache/04619.pt,04619
wlasl/videos/04624.mp4,backpack,13,features_cache/04624.pt,04624
wlasl/videos/04616.mp4,backpack,13,features_cache/04616.pt,04616
wlasl/videos/04631.mp4,backpack,13,features_cache/04631.pt,04631
wlasl/videos/05103.mp4,bar,19,features_cache/05103.pt,05103
wlasl/videos/05087.mp4,bar,19,features_cache/05087.pt,05087
wlasl/videos/05090.mp4,bar,19,features_cache/05090.pt,05090
wlasl/videos/05095.mp4,bar,19,features_cache/05095.pt,05095
wlasl/videos/05097.mp4,bar,19,features_cache/05097.pt,05097
wlasl/videos/05098.mp4,bar,19,features_cache/05098.pt,05098
wlasl/videos/07937.mp4,brother,37,features_cache/07937.pt,07937
wlasl/videos/07940.mp4,brother,37,features_cache/07940.pt,07940
wlasl/videos/65262.mp4,brother,37,features_cache/65262.pt,65262
wlasl/videos/07932.mp4,brother,37,features_cache/07932.pt,07932
wlasl/videos/07943.mp4,brother,37,features_cache/07943.pt,07943
wlasl/videos/07933.mp4,brother,37,features_cache/07933.pt,07933
wlasl/videos/07934.mp4,brother,37,features_cache/07934.pt,07934
wlasl/videos/07935.mp4,brother,37,features_cache/07935.pt,07935
wlasl/videos/07936.mp4,brother,37,features_cache/07936.pt,07936
wlasl/videos/09528.mp4,cat,46,features_cache/09528.pt,09528
wlasl/videos/09533.mp4,cat,46,features_cache/09533.pt,09533
wlasl/videos/65312.mp4,cat,46,features_cache/65312.pt,65312
wlasl/videos/65313.mp4,cat,46,features_cache/65313.pt,65313
wlasl/videos/09538.mp4,cat,46,features_cache/09538.pt,09538
wlasl/videos/09526.mp4,cat,46,features_cache/09526.pt,09526
wlasl/videos/65343.mp4,check,55,features_cache/65343.pt,65343
wlasl/videos/10184.mp4,check,55,features_cache/10184.pt,10184
wlasl/videos/10185.mp4,check,55,features_cache/10185.pt,10185
wlasl/videos/10187.mp4,check,55,features_cache/10187.pt,10187
wlasl/videos/10190.mp4,check,55,features_cache/10190.pt,10190
wlasl/videos/10183.mp4,check,55,features_cache/10183.pt,10183
wlasl/videos/10197.mp4,check,55,features_cache/10197.pt,10197
wlasl/videos/10199.mp4,check,55,features_cache/10199.pt,10199
wlasl/videos/10976.mp4,class,60,features_cache/10976.pt,10976
wlasl/videos/65364.mp4,class,60,features_cache/65364.pt,65364
wlasl/videos/10967.mp4,class,60,features_cache/10967.pt,10967
wlasl/videos/10968.mp4,class,60,features_cache/10968.pt,10968
wlasl/videos/10969.mp4,class,60,features_cache/10969.pt,10969
wlasl/videos/10970.mp4,class,60,features_cache/10970.pt,10970
wlasl/videos/10972.mp4,class,60,features_cache/10972.pt,10972
wlasl/videos/10973.mp4,class,60,features_cache/10973.pt,10973
wlasl/videos/14175.mp4,cry,80,features_cache/14175.pt,14175
wlasl/videos/14176.mp4,cry,80,features_cache/14176.pt,14176
wlasl/videos/14180.mp4,cry,80,features_cache/14180.pt,14180
wlasl/videos/14182.mp4,cry,80,features_cache/14182.pt,14182
wlasl/videos/14183.mp4,cry,80,features_cache/14183.pt,14183
wlasl/videos/14174.mp4,cry,80,features_cache/14174.pt,14174
wlasl/videos/14188.mp4,cry,80,features_cache/14188.pt,14188
wlasl/videos/16195.mp4,different,90,features_cache/16195.pt,16195
wlasl/videos/16198.mp4,different,90,features_cache/16198.pt,16198
wlasl/videos/65480.mp4,different,90,features_cache/65480.pt,65480
wlasl/videos/16203.mp4,different,90,features_cache/16203.pt,16203
wlasl/videos/16191.mp4,different,90,features_cache/16191.pt,16191
wlasl/videos/16192.mp4,different,90,features_cache/16192.pt,16192
wlasl/videos/16193.mp4,different,90,features_cache/16193.pt,16193
wlasl/videos/16194.mp4,different,90,features_cache/16194.pt,16194
wlasl/videos/17327.mp4,door,96,features_cache/17327.pt,17327
wlasl/videos/65520.mp4,door,96,features_cache/65520.pt,65520
wlasl/videos/17336.mp4,door,96,features_cache/17336.pt,17336
wlasl/videos/17325.mp4,door,96,features_cache/17325.pt,17325
wlasl/videos/17326.mp4,door,96,features_cache/17326.pt,17326
wlasl/videos/65854.mp4,green,134,features_cache/65854.pt,65854
wlasl/videos/25685.mp4,green,134,features_cache/25685.pt,25685
wlasl/videos/25695.mp4,green,134,features_cache/25695.pt,25695
wlasl/videos/25686.mp4,green,134,features_cache/25686.pt,25686
wlasl/videos/25687.mp4,green,134,features_cache/25687.pt,25687
wlasl/videos/25689.mp4,green,134,features_cache/25689.pt,25689
wlasl/videos/26173.mp4,hair,135,features_cache/26173.pt,26173
wlasl/videos/26159.mp4,hair,135,features_cache/26159.pt,26159
wlasl/videos/26162.mp4,hair,135,features_cache/26162.pt,26162
wlasl/videos/26163.mp4,hair,135,features_cache/26163.pt,26163
wlasl/videos/65870.mp4,hair,135,features_cache/65870.pt,65870
wlasl/videos/26157.mp4,hair,135,features_cache/26157.pt,26157
wlasl/videos/26773.mp4,have,140,features_cache/26773.pt,26773
wlasl/videos/26766.mp4,have,140,features_cache/26766.pt,26766
wlasl/videos/26779.mp4,have,140,features_cache/26779.pt,26779
wlasl/videos/26767.mp4,have,140,features_cache/26767.pt,26767
wlasl/videos/26768.mp4,have,140,features_cache/26768.pt,26768
wlasl/videos/26836.mp4,headache,141,features_cache/26836.pt,26836
wlasl/videos/26837.mp4,headache,141,features_cache/26837.pt,26837
wlasl/videos/26840.mp4,headache,141,features_cache/26840.pt,26840
wlasl/videos/65881.mp4,headache,141,features_cache/65881.pt,65881
wlasl/videos/26846.mp4,headache,141,features_cache/26846.pt,26846
wlasl/videos/26833.mp4,headache,141,features_cache/26833.pt,26833
wlasl/videos/26834.mp4,headache,141,features_cache/26834.pt,26834
wlasl/videos/29648.mp4,inform,157,features_cache/29648.pt,29648
wlasl/videos/29649.mp4,inform,157,features_cache/29649.pt,29649
wlasl/videos/29655.mp4,inform,157,features_cache/29655.pt,29655
wlasl/videos/65940.mp4,inform,157,features_cache/65940.pt,65940
wlasl/videos/29661.mp4,inform,157,features_cache/29661.pt,29661
wlasl/videos/29647.mp4,inform,157,features_cache/29647.pt,29647
wlasl/videos/31843.mp4,knife,165,features_cache/31843.pt,31843
wlasl/videos/31844.mp4,knife,165,features_cache/31844.pt,31844
wlasl/videos/66000.mp4,knife,165,features_cache/66000.pt,66000
wlasl/videos/31856.mp4,knife,165,features_cache/31856.pt,31856
wlasl/videos/31842.mp4,knife,165,features_cache/31842.pt,31842
wlasl/videos/32381.mp4,laugh,171,features_cache/32381.pt,32381
wlasl/videos/66016.mp4,laugh,171,features_cache/66016.pt,66016
wlasl/videos/32382.mp4,laugh,171,features_cache/32382.pt,32382
wlasl/videos/32383.mp4,laugh,171,features_cache/32383.pt,32383
wlasl/videos/32377.mp4,laugh,171,features_cache/32377.pt,32377
wlasl/videos/32388.mp4,laugh,171,features_cache/32388.pt,32388
wlasl/videos/32608.mp4,learn,173,features_cache/32608.pt,32608
wlasl/videos/32612.mp4,learn,173,features_cache/32612.pt,32612
wlasl/videos/66024.mp4,learn,173,features_cache/66024.pt,66024
wlasl/videos/32604.mp4,learn,173,features_cache/32604.pt,32604
wlasl/videos/32616.mp4,learn,173,features_cache/32616.pt,32616
wlasl/videos/32605.mp4,learn,173,features_cache/32605.pt,32605
wlasl/videos/32606.mp4,learn,173,features_cache/32606.pt,32606
wlasl/videos/32607.mp4,learn,173,features_cache/32607.pt,32607
wlasl/videos/37126.mp4,movie,194,features_cache/37126.pt,37126
wlasl/videos/37125.mp4,movie,194,features_cache/37125.pt,37125
wlasl/videos/37152.mp4,movie,194,features_cache/37152.pt,37152
wlasl/videos/37129.mp4,movie,194,features_cache/37129.pt,37129
wlasl/videos/45838.mp4,rabbit,224,features_cache/45838.pt,45838
wlasl/videos/45839.mp4,rabbit,224,features_cache/45839.pt,45839
wlasl/videos/45840.mp4,rabbit,224,features_cache/45840.pt,45840
wlasl/videos/45842.mp4,rabbit,224,features_cache/45842.pt,45842
wlasl/videos/45843.mp4,rabbit,224,features_cache/45843.pt,45843
wlasl/videos/45851.mp4,rabbit,224,features_cache/45851.pt,45851
wlasl/videos/46266.mp4,read,225,features_cache/46266.pt,46266
wlasl/videos/46267.mp4,read,225,features_cache/46267.pt,46267
wlasl/videos/46268.mp4,read,225,features_cache/46268.pt,46268
wlasl/videos/46269.mp4,read,225,features_cache/46269.pt,46269
wlasl/videos/46272.mp4,read,225,features_cache/46272.pt,46272
wlasl/videos/46731.mp4,red,226,features_cache/46731.pt,46731
wlasl/videos/46742.mp4,red,226,features_cache/46742.pt,46742
wlasl/videos/46732.mp4,red,226,features_cache/46732.pt,46732
wlasl/videos/46733.mp4,red,226,features_cache/46733.pt,46733
wlasl/videos/46734.mp4,red,226,features_cache/46734.pt,46734
wlasl/videos/48509.mp4,room,231,features_cache/48509.pt,48509
wlasl/videos/48511.mp4,room,231,features_cache/48511.pt,48511
wlasl/videos/48513.mp4,room,231,features_cache/48513.pt,48513
wlasl/videos/48516.mp4,room,231,features_cache/48516.pt,48516
wlasl/videos/66415.mp4,room,231,features_cache/66415.pt,66415
wlasl/videos/66416.mp4,room,231,features_cache/66416.pt,66416
wlasl/videos/48517.mp4,room,231,features_cache/48517.pt,48517
wlasl/videos/48798.mp4,run,232,features_cache/48798.pt,48798
wlasl/videos/48827.mp4,run,232,features_cache/48827.pt,48827
wlasl/videos/48801.mp4,run,232,features_cache/48801.pt,48801
wlasl/videos/48809.mp4,run,232,features_cache/48809.pt,48809
wlasl/videos/48810.mp4,run,232,features_cache/48810.pt,48810
wlasl/videos/51347.mp4,show,242,features_cache/51347.pt,51347
wlasl/videos/51348.mp4,show,242,features_cache/51348.pt,51348
wlasl/videos/51353.mp4,show,242,features_cache/51353.pt,51353
wlasl/videos/51345.mp4,show,242,features_cache/51345.pt,51345
wlasl/videos/51355.mp4,show,242,features_cache/51355.pt,51355
wlasl/videos/51356.mp4,show,242,features_cache/51356.pt,51356
wlasl/videos/51360.mp4,show,242,features_cache/51360.pt,51360
wlasl/videos/51346.mp4,show,242,features_cache/51346.pt,51346
wlasl/videos/51502.mp4,sick,243,features_cache/51502.pt,51502
wlasl/videos/51503.mp4,sick,243,features_cache/51503.pt,51503
wlasl/videos/51504.mp4,sick,243,features_cache/51504.pt,51504
wlasl/videos/51507.mp4,sick,243,features_cache/51507.pt,51507
wlasl/videos/66475.mp4,sick,243,features_cache/66475.pt,66475
wlasl/videos/51501.mp4,sick,243,features_cache/51501.pt,51501
wlasl/videos/52862.mp4,snow,247,features_cache/52862.pt,52862
wlasl/videos/66519.mp4,snow,247,features_cache/66519.pt,66519
wlasl/videos/66518.mp4,snow,247,features_cache/66518.pt,66518
wlasl/videos/52867.mp4,snow,247,features_cache/52867.pt,52867
wlasl/videos/52858.mp4,snow,247,features_cache/52858.pt,52858
wlasl/videos/52859.mp4,snow,247,features_cache/52859.pt,52859
wlasl/videos/52860.mp4,snow,247,features_cache/52860.pt,52860
wlasl/videos/69500.mp4,take,257,features_cache/69500.pt,69500
wlasl/videos/56698.mp4,take,257,features_cache/56698.pt,56698
wlasl/videos/56699.mp4,take,257,features_cache/56699.pt,56699
wlasl/videos/56700.mp4,take,257,features_cache/56700.pt,56700
wlasl/videos/56692.mp4,take,257,features_cache/56692.pt,56692
wlasl/videos/56704.mp4,take,257,features_cache/56704.pt,56704
wlasl/videos/56694.mp4,take,257,features_cache/56694.pt,56694
wlasl/videos/57076.mp4,tea,259,features_cache/57076.pt,57076
wlasl/videos/57087.mp4,tea,259,features_cache/57087.pt,57087
wlasl/videos/57077.mp4,tea,259,features_cache/57077.pt,57077
wlasl/videos/57078.mp4,tea,259,features_cache/57078.pt,57078
wlasl/videos/57079.mp4,tea,259,features_cache/57079.pt,57079
wlasl/videos/57080.mp4,tea,259,features_cache/57080.pt,57080
wlasl/videos/57044.mp4,teacher,261,features_cache/57044.pt,57044
wlasl/videos/66593.mp4,teacher,261,features_cache/66593.pt,66593
wlasl/videos/57039.mp4,teacher,261,features_cache/57039.pt,57039
wlasl/videos/57051.mp4,teacher,261,features_cache/57051.pt,57051
wlasl/videos/57040.mp4,teacher,261,features_cache/57040.pt,57040
wlasl/videos/57041.mp4,teacher,261,features_cache/57041.pt,57041
wlasl/videos/57042.mp4,teacher,261,features_cache/57042.pt,57042
wlasl/videos/62748.mp4,week,281,features_cache/62748.pt,62748
wlasl/videos/66759.mp4,week,281,features_cache/66759.pt,66759
wlasl/videos/62740.mp4,week,281,features_cache/62740.pt,62740
wlasl/videos/62752.mp4,week,281,features_cache/62752.pt,62752
wlasl/videos/62741.mp4,week,281,features_cache/62741.pt,62741
wlasl/videos/62742.mp4,week,281,features_cache/62742.pt,62742
wlasl/videos/62743.mp4,week,281,features_cache/62743.pt,62743
wlasl/videos/63283.mp4,why,286,features_cache/63283.pt,63283
wlasl/videos/63284.mp4,why,286,features_cache/63284.pt,63284
wlasl/videos/63287.mp4,why,286,features_cache/63287.pt,63287
wlasl/videos/63288.mp4,why,286,features_cache/63288.pt,63288
wlasl/videos/66781.mp4,why,286,features_cache/66781.pt,66781
wlasl/videos/63292.mp4,why,286,features_cache/63292.pt,63292
wlasl/videos/63280.mp4,why,286,features_cache/63280.pt,63280
wlasl/videos/63281.mp4,why,286,features_cache/63281.pt,63281
wlasl/videos/63282.mp4,why,286,features_cache/63282.pt,63282
wlasl/videos/63596.mp4,with,289,features_cache/63596.pt,63596
wlasl/videos/66795.mp4,with,289,features_cache/66795.pt,66795
wlasl/videos/63587.mp4,with,289,features_cache/63587.pt,63587
wlasl/videos/63588.mp4,with,289,features_cache/63588.pt,63588
wlasl/videos/63589.mp4,with,289,features_cache/63589.pt,63589
wlasl/videos/63590.mp4,with,289,features_cache/63590.pt,63590
wlasl/videos/63592.mp4,with,289,features_cache/63592.pt,63592
wlasl/videos/64060.mp4,write,292,features_cache/64060.pt,64060
wlasl/videos/64065.mp4,write,292,features_cache/64065.pt,64065
wlasl/videos/66815.mp4,write,292,features_cache/66815.pt,66815
wlasl/videos/64056.mp4,write,292,features_cache/64056.pt,64056
wlasl/videos/64068.mp4,write,292,features_cache/64068.pt,64068
wlasl/videos/64057.mp4,write,292,features_cache/64057.pt,64057
wlasl/videos/64058.mp4,write,292,features_cache/64058.pt,64058
wlasl/videos/64059.mp4,write,292,features_cache/64059.pt,64059
wlasl/videos/64307.mp4,yesterday,297,features_cache/64307.pt,64307
wlasl/videos/64309.mp4,yesterday,297,features_cache/64309.pt,64309
wlasl/videos/64311.mp4,yesterday,297,features_cache/64311.pt,64311
wlasl/videos/66821.mp4,yesterday,297,features_cache/66821.pt,66821
wlasl/videos/66822.mp4,yesterday,297,features_cache/66822.pt,66822
wlasl/videos/64315.mp4,yesterday,297,features_cache/64315.pt,64315
wlasl/videos/64305.mp4,yesterday,297,features_cache/64305.pt,64305
wlasl/videos/64306.mp4,yesterday,297,features_cache/64306.pt,64306
wlasl/videos/01466.mp4,again,3,features_cache/01466.pt,01466
wlasl/videos/01460.mp4,again,3,features_cache/01460.pt,01460
wlasl/videos/01471.mp4,again,3,features_cache/01471.pt,01471
wlasl/videos/01461.mp4,again,3,features_cache/01461.pt,01461
wlasl/videos/01463.mp4,again,3,features_cache/01463.pt,01463
wlasl/videos/01464.mp4,again,3,features_cache/01464.pt,01464
wlasl/videos/04709.mp4,bad,14,features_cache/04709.pt,04709
wlasl/videos/04712.mp4,bad,14,features_cache/04712.pt,04712
wlasl/videos/04713.mp4,bad,14,features_cache/04713.pt,04713
wlasl/videos/65125.mp4,bad,14,features_cache/65125.pt,65125
wlasl/videos/04708.mp4,bad,14,features_cache/04708.pt,04708
wlasl/videos/04718.mp4,bad,14,features_cache/04718.pt,04718
wlasl/videos/04723.mp4,bad,14,features_cache/04723.pt,04723
wlasl/videos/04850.mp4,ball,17,features_cache/04850.pt,04850
wlasl/videos/04851.mp4,ball,17,features_cache/04851.pt,04851
wlasl/videos/04852.mp4,ball,17,features_cache/04852.pt,04852
wlasl/videos/04854.mp4,ball,17,features_cache/04854.pt,04854
wlasl/videos/65131.mp4,ball,17,features_cache/65131.pt,65131
wlasl/videos/04849.mp4,ball,17,features_cache/04849.pt,04849
wlasl/videos/04864.mp4,ball,17,features_cache/04864.pt,04864
wlasl/videos/05300.mp4,bathroom,22,features_cache/05300.pt,05300
wlasl/videos/65148.mp4,bathroom,22,features_cache/65148.pt,65148
wlasl/videos/05310.mp4,bathroom,22,features_cache/05310.pt,05310
wlasl/videos/05297.mp4,bathroom,22,features_cache/05297.pt,05297
wlasl/videos/05298.mp4,bathroom,22,features_cache/05298.pt,05298
wlasl/videos/06554.mp4,blanket,31,features_cache/06554.pt,06554
wlasl/videos/06555.mp4,blanket,31,features_cache/06555.pt,06555
wlasl/videos/06559.mp4,blanket,31,features_cache/06559.pt,06559
wlasl/videos/65205.mp4,blanket,31,features_cache/65205.pt,65205
wlasl/videos/06563.mp4,blanket,31,features_cache/06563.pt,06563
wlasl/videos/06551.mp4,blanket,31,features_cache/06551.pt,06551
wlasl/videos/06552.mp4,blanket,31,features_cache/06552.pt,06552
wlasl/videos/08488.mp4,buy,41,features_cache/08488.pt,08488
wlasl/videos/08482.mp4,buy,41,features_cache/08482.pt,08482
wlasl/videos/08492.mp4,buy,41,features_cache/08492.pt,08492
wlasl/videos/08483.mp4,buy,41,features_cache/08483.pt,08483
wlasl/videos/08485.mp4,buy,41,features_cache/08485.pt,08485
wlasl/videos/08486.mp4,buy,41,features_cache/08486.pt,08486
wlasl/videos/65290.mp4,call,42,features_cache/65290.pt,65290
wlasl/videos/65556.mp4,call,42,features_cache/65556.pt,65556
wlasl/videos/08713.mp4,call,42,features_cache/08713.pt,08713
wlasl/videos/08689.mp4,call,42,features_cache/08689.pt,08689
wlasl/videos/08690.mp4,call,42,features_cache/08690.pt,08690
wlasl/videos/08691.mp4,call,42,features_cache/08691.pt,08691
wlasl/videos/08692.mp4,call,42,features_cache/08692.pt,08692
wlasl/videos/08702.mp4,call,42,features_cache/08702.pt,08702
wlasl/videos/11566.mp4,coffee,64,features_cache/11566.pt,11566
wlasl/videos/11558.mp4,coffee,64,features_cache/11558.pt,11558
wlasl/videos/11559.mp4,coffee,64,features_cache/11559.pt,11559
wlasl/videos/11560.mp4,coffee,64,features_cache/11560.pt,11560
wlasl/videos/11563.mp4,coffee,64,features_cache/11563.pt,11563
wlasl/videos/11622.mp4,cold,65,features_cache/11622.pt,11622
wlasl/videos/11623.mp4,cold,65,features_cache/11623.pt,11623
wlasl/videos/11624.mp4,cold,65,features_cache/11624.pt,11624
wlasl/videos/11627.mp4,cold,65,features_cache/11627.pt,11627
wlasl/videos/11621.mp4,cold,65,features_cache/11621.pt,11621
wlasl/videos/11633.mp4,cold,65,features_cache/11633.pt,11633
wlasl/videos/11635.mp4,cold,65,features_cache/11635.pt,11635
wlasl/videos/11708.mp4,college,66,features_cache/11708.pt,11708
wlasl/videos/11718.mp4,college,66,features_cache/11718.pt,11718
wlasl/videos/11709.mp4,college,66,features_cache/11709.pt,11709
wlasl/videos/11711.mp4,college,66,features_cache/11711.pt,11711
wlasl/videos/11713.mp4,college,66,features_cache/11713.pt,11713
wlasl/videos/13269.mp4,copy,72,features_cache/13269.pt,13269
wlasl/videos/13273.mp4,copy,72,features_cache/13273.pt,13273
wlasl/videos/65405.mp4,copy,72,features_cache/65405.pt,65405
wlasl/videos/13279.mp4,copy,72,features_cache/13279.pt,13279
wlasl/videos/13267.mp4,copy,72,features_cache/13267.pt,13267
wlasl/videos/13268.mp4,copy,72,features_cache/13268.pt,13268
wlasl/videos/14457.mp4,cute,81,features_cache/14457.pt,14457
wlasl/videos/14461.mp4,cute,81,features_cache/14461.pt,14461
wlasl/videos/14452.mp4,cute,81,features_cache/14452.pt,14452
wlasl/videos/14453.mp4,cute,81,features_cache/14453.pt,14453
wlasl/videos/14454.mp4,cute,81,features_cache/14454.pt,14454
wlasl/videos/14755.mp4,daughter,84,features_cache/14755.pt,14755
wlasl/videos/14757.mp4,daughter,84,features_cache/14757.pt,14757
wlasl/videos/14760.mp4,daughter,84,features_cache/14760.pt,14760
wlasl/videos/14749.mp4,daughter,84,features_cache/14749.pt,14749
wlasl/videos/14751.mp4,daughter,84,features_cache/14751.pt,14751
wlasl/videos/14752.mp4,daughter,84,features_cache/14752.pt,14752
wlasl/videos/14753.mp4,daughter,84,features_cache/14753.pt,14753
wlasl/videos/20068.mp4,example,108,features_cache/20068.pt,20068
wlasl/videos/20070.mp4,example,108,features_cache/20070.pt,20070
wlasl/videos/20071.mp4,example,108,features_cache/20071.pt,20071
wlasl/videos/20072.mp4,example,108,features_cache/20072.pt,20072
wlasl/videos/65652.mp4,example,108,features_cache/65652.pt,65652
wlasl/videos/65654.mp4,example,108,features_cache/65654.pt,65654
wlasl/videos/20074.mp4,example,108,features_cache/20074.pt,20074
wlasl/videos/20066.mp4,example,108,features_cache/20066.pt,20066
wlasl/videos/21073.mp4,far,110,features_cache/21073.pt,21073
wlasl/videos/21074.mp4,far,110,features_cache/21074.pt,21074
wlasl/videos/21075.mp4,far,110,features_cache/21075.pt,21075
wlasl/videos/21077.mp4,far,110,features_cache/21077.pt,21077
wlasl/videos/21069.mp4,far,110,features_cache/21069.pt,21069
wlasl/videos/21071.mp4,far,110,features_cache/21071.pt,21071
wlasl/videos/21072.mp4,far,110,features_cache/21072.pt,21072
wlasl/videos/22086.mp4,first,117,features_cache/22086.pt,22086
wlasl/videos/22087.mp4,first,117,features_cache/22087.pt,22087
wlasl/videos/65730.mp4,first,117,features_cache/65730.pt,65730
wlasl/videos/65728.mp4,first,117,features_cache/65728.pt,65728
wlasl/videos/22085.mp4,first,117,features_cache/22085.pt,22085
wlasl/videos/22095.mp4,first,117,features_cache/22095.pt,22095
wlasl/videos/22098.mp4,first,117,features_cache/22098.pt,22098
wlasl/videos/23574.mp4,friend,122,features_cache/23574.pt,23574
wlasl/videos/23578.mp4,friend,122,features_cache/23578.pt,23578
wlasl/videos/23568.mp4,friend,122,features_cache/23568.pt,23568
wlasl/videos/23570.mp4,friend,122,features_cache/23570.pt,23570
wlasl/videos/23572.mp4,friend,122,features_cache/23572.pt,23572
wlasl/videos/69347.mp4,good,131,features_cache/69347.pt,69347
wlasl/videos/25073.mp4,good,131,features_cache/25073.pt,25073
wlasl/videos/25066.mp4,good,131,features_cache/25066.pt,25066
wlasl/videos/25076.mp4,good,131,features_cache/25076.pt,25076
wlasl/videos/25067.mp4,good,131,features_cache/25067.pt,25067
wlasl/videos/25068.mp4,good,131,features_cache/25068.pt,25068
wlasl/videos/25069.mp4,good,131,features_cache/25069.pt,25069
wlasl/videos/26530.mp4,happy,137,features_cache/26530.pt,26530
wlasl/videos/26532.mp4,happy,137,features_cache/26532.pt,26532
wlasl/videos/26524.mp4,happy,137,features_cache/26524.pt,26524
wlasl/videos/26537.mp4,happy,137,features_cache/26537.pt,26537
wlasl/videos/26526.mp4,happy,137,features_cache/26526.pt,26526
wlasl/videos/26527.mp4,happy,137,features_cache/26527.pt,26527
wlasl/videos/27775.mp4,home,147,features_cache/27775.pt,27775
wlasl/videos/27766.mp4,home,147,features_cache/27766.pt,27766
wlasl/videos/27767.mp4,home,147,features_cache/27767.pt,27767
wlasl/videos/27770.mp4,home,147,features_cache/27770.pt,27770
wlasl/videos/31901.mp4,know,166,features_cache/31901.pt,31901
wlasl/videos/31903.mp4,know,166,features_cache/31903.pt,31903
wlasl/videos/31897.mp4,know,166,features_cache/31897.pt,31897
wlasl/videos/31898.mp4,know,166,features_cache/31898.pt,31898
wlasl/videos/31899.mp4,know,166,features_cache/31899.pt,31899
wlasl/videos/32304.mp4,late,169,features_cache/32304.pt,32304
wlasl/videos/32306.mp4,late,169,features_cache/32306.pt,32306
wlasl/videos/66013.mp4,late,169,features_cache/66013.pt,66013
wlasl/videos/32300.mp4,late,169,features_cache/32300.pt,32300
wlasl/videos/32312.mp4,late,169,features_cache/32312.pt,32312
wlasl/videos/32302.mp4,late,169,features_cache/32302.pt,32302
wlasl/videos/32303.mp4,late,169,features_cache/32303.pt,32303
wlasl/videos/32677.mp4,leave,174,features_cache/32677.pt,32677
wlasl/videos/32657.mp4,leave,174,features_cache/32657.pt,32657
wlasl/videos/32658.mp4,leave,174,features_cache/32658.pt,32658
wlasl/videos/32659.mp4,leave,174,features_cache/32659.pt,32659
wlasl/videos/32661.mp4,leave,174,features_cache/32661.pt,32661
wlasl/videos/32667.mp4,leave,174,features_cache/32667.pt,32667
wlasl/videos/32669.mp4,leave,174,features_cache/32669.pt,32669
wlasl/videos/33477.mp4,list,178,features_cache/33477.pt,33477
wlasl/videos/33479.mp4,list,178,features_cache/33479.pt,33479
wlasl/videos/33472.mp4,list,178,features_cache/33472.pt,33472
wlasl/videos/33486.mp4,list,178,features_cache/33486.pt,33486
wlasl/videos/33473.mp4,list,178,features_cache/33473.pt,33473
wlasl/videos/33474.mp4,list,178,features_cache/33474.pt,33474
wlasl/videos/34002.mp4,lose,180,features_cache/34002.pt,34002
wlasl/videos/34005.mp4,lose,180,features_cache/34005.pt,34005
wlasl/videos/34007.mp4,lose,180,features_cache/34007.pt,34007
wlasl/videos/34008.mp4,lose,180,features_cache/34008.pt,34008
wlasl/videos/34012.mp4,lose,180,features_cache/34012.pt,34012
wlasl/videos/34017.mp4,lose,180,features_cache/34017.pt,34017
wlasl/videos/34018.mp4,lose,180,features_cache/34018.pt,34018
wlasl/videos/37590.mp4,name,196,features_cache/37590.pt,37590
wlasl/videos/37581.mp4,name,196,features_cache/37581.pt,37581
wlasl/videos/37582.mp4,name,196,features_cache/37582.pt,37582
wlasl/videos/37585.mp4,name,196,features_cache/37585.pt,37585
wlasl/videos/39632.mp4,old,203,features_cache/39632.pt,39632
wlasl/videos/39635.mp4,old,203,features_cache/39635.pt,39635
wlasl/videos/39626.mp4,old,203,features_cache/39626.pt,39626
wlasl/videos/39627.mp4,old,203,features_cache/39627.pt,39627
wlasl/videos/42227.mp4,person,212,features_cache/42227.pt,42227
wlasl/videos/42232.mp4,person,212,features_cache/42232.pt,42232
wlasl/videos/66280.mp4,person,212,features_cache/66280.pt,66280
wlasl/videos/42225.mp4,person,212,features_cache/42225.pt,42225
wlasl/videos/42239.mp4,person,212,features_cache/42239.pt,42239
wlasl/videos/42226.mp4,person,212,features_cache/42226.pt,42226
wlasl/videos/43528.mp4,police,218,features_cache/43528.pt,43528
wlasl/videos/43522.mp4,police,218,features_cache/43522.pt,43522
wlasl/videos/43523.mp4,police,218,features_cache/43523.pt,43523
wlasl/videos/43524.mp4,police,218,features_cache/43524.pt,43524
wlasl/videos/43525.mp4,police,218,features_cache/43525.pt,43525
wlasl/videos/44686.mp4,problem,221,features_cache/44686.pt,44686
wlasl/videos/44687.mp4,problem,221,features_cache/44687.pt,44687
wlasl/videos/44680.mp4,problem,221,features_cache/44680.pt,44680
wlasl/videos/44681.mp4,problem,221,features_cache/44681.pt,44681
wlasl/videos/44682.mp4,problem,221,features_cache/44682.pt,44682
wlasl/videos/44683.mp4,problem,221,features_cache/44683.pt,44683
wlasl/videos/47178.mp4,remember,227,features_cache/47178.pt,47178
wlasl/videos/47183.mp4,remember,227,features_cache/47183.pt,47183
wlasl/videos/47175.mp4,remember,227,features_cache/47175.pt,47175
wlasl/videos/47176.mp4,remember,227,features_cache/47176.pt,47176
wlasl/videos/47177.mp4,remember,227,features_cache/47177.pt,47177
wlasl/videos/50855.mp4,share,239,features_cache/50855.pt,50855
wlasl/videos/50856.mp4,share,239,features_cache/50856.pt,50856
wlasl/videos/50849.mp4,share,239,features_cache/50849.pt,50849
wlasl/videos/50850.mp4,share,239,features_cache/50850.pt,50850
wlasl/videos/50851.mp4,share,239,features_cache/50851.pt,50851
wlasl/videos/53295.mp4,soon,250,features_cache/53295.pt,53295
wlasl/videos/53300.mp4,soon,250,features_cache/53300.pt,53300
wlasl/videos/53301.mp4,soon,250,features_cache/53301.pt,53301
wlasl/videos/66534.mp4,soon,250,features_cache/66534.pt,66534
wlasl/videos/53304.mp4,soon,250,features_cache/53304.pt,53304
wlasl/videos/53305.mp4,soon,250,features_cache/53305.pt,53305
wlasl/videos/53293.mp4,soon,250,features_cache/53293.pt,53293
wlasl/videos/54561.mp4,stay,252,features_cache/54561.pt,54561
wlasl/videos/54563.mp4,stay,252,features_cache/54563.pt,54563
wlasl/videos/54554.mp4,stay,252,features_cache/54554.pt,54554
wlasl/videos/54567.mp4,stay,252,features_cache/54567.pt,54567
wlasl/videos/54556.mp4,stay,252,features_cache/54556.pt,54556
wlasl/videos/54557.mp4,stay,252,features_cache/54557.pt,54557
wlasl/videos/55773.mp4,sunday,255,features_cache/55773.pt,55773
wlasl/videos/55777.mp4,sunday,255,features_cache/55777.pt,55777
wlasl/videos/55782.mp4,sunday,255,features_cache/55782.pt,55782
wlasl/videos/55770.mp4,sunday,255,features_cache/55770.pt,55770
wlasl/videos/55771.mp4,sunday,255,features_cache/55771.pt,55771
wlasl/videos/55772.mp4,sunday,255,features_cache/55772.pt,55772
wlasl/videos/57531.mp4,test,263,features_cache/57531.pt,57531
wlasl/videos/57535.mp4,test,263,features_cache/57535.pt,57535
wlasl/videos/57527.mp4,test,263,features_cache/57527.pt,57527
wlasl/videos/57541.mp4,test,263,features_cache/57541.pt,57541
wlasl/videos/57528.mp4,test,263,features_cache/57528.pt,57528
wlasl/videos/57529.mp4,test,263,features_cache/57529.pt,57529
wlasl/videos/58594.mp4,tired,269,features_cache/58594.pt,58594
wlasl/videos/58600.mp4,tired,269,features_cache/58600.pt,58600
wlasl/videos/58589.mp4,tired,269,features_cache/58589.pt,58589
wlasl/videos/58591.mp4,tired,269,features_cache/58591.pt,58591
wlasl/videos/58592.mp4,tired,269,features_cache/58592.pt,58592
wlasl/videos/58593.mp4,tired,269,features_cache/58593.pt,58593
wlasl/videos/59207.mp4,trade,271,features_cache/59207.pt,59207
wlasl/videos/59208.mp4,trade,271,features_cache/59208.pt,59208
wlasl/videos/59209.mp4,trade,271,features_cache/59209.pt,59209
wlasl/videos/59211.mp4,trade,271,features_cache/59211.pt,59211
wlasl/videos/59214.mp4,trade,271,features_cache/59214.pt,59214
wlasl/videos/59215.mp4,trade,271,features_cache/59215.pt,59215
wlasl/videos/59216.mp4,trade,271,features_cache/59216.pt,59216
wlasl/videos/59219.mp4,trade,271,features_cache/59219.pt,59219
wlasl/videos/59204.mp4,trade,271,features_cache/59204.pt,59204
wlasl/videos/59205.mp4,trade,271,features_cache/59205.pt,59205
wlasl/videos/59500.mp4,travel,273,features_cache/59500.pt,59500
wlasl/videos/59503.mp4,travel,273,features_cache/59503.pt,59503
wlasl/videos/66672.mp4,travel,273,features_cache/66672.pt,66672
wlasl/videos/59495.mp4,travel,273,features_cache/59495.pt,59495
wlasl/videos/59496.mp4,travel,273,features_cache/59496.pt,59496
wlasl/videos/59497.mp4,travel,273,features_cache/59497.pt,59497
wlasl/videos/59499.mp4,travel,273,features_cache/59499.pt,59499
wlasl/videos/63417.mp4,window,288,features_cache/63417.pt,63417
wlasl/videos/63427.mp4,window,288,features_cache/63427.pt,63427
wlasl/videos/63418.mp4,window,288,features_cache/63418.pt,63418
wlasl/videos/63422.mp4,window,288,features_cache/63422.pt,63422
wlasl/videos/64385.mp4,you,298,features_cache/64385.pt,64385
wlasl/videos/64391.mp4,you,298,features_cache/64391.pt,64391
wlasl/videos/64381.mp4,you,298,features_cache/64381.pt,64381
wlasl/videos/64382.mp4,you,298,features_cache/64382.pt,64382
wlasl/videos/64383.mp4,you,298,features_cache/64383.pt,64383
wlasl/videos/00416.mp4,about,0,features_cache/00416.pt,00416
wlasl/videos/65002.mp4,about,0,features_cache/65002.pt,65002
wlasl/videos/65003.mp4,about,0,features_cache/65003.pt,65003
wlasl/videos/00414.mp4,about,0,features_cache/00414.pt,00414
wlasl/videos/00426.mp4,about,0,features_cache/00426.pt,00426
wlasl/videos/00415.mp4,about,0,features_cache/00415.pt,00415
wlasl/videos/03122.mp4,approve,8,features_cache/03122.pt,03122
wlasl/videos/03124.mp4,approve,8,features_cache/03124.pt,03124
wlasl/videos/03131.mp4,approve,8,features_cache/03131.pt,03131
wlasl/videos/03118.mp4,approve,8,features_cache/03118.pt,03118
wlasl/videos/03119.mp4,approve,8,features_cache/03119.pt,03119
wlasl/videos/03121.mp4,approve,8,features_cache/03121.pt,03121
wlasl/videos/65096.mp4,arrive,10,features_cache/65096.pt,65096
wlasl/videos/03437.mp4,arrive,10,features_cache/03437.pt,03437
wlasl/videos/03438.mp4,arrive,10,features_cache/03438.pt,03438
wlasl/videos/03439.mp4,arrive,10,features_cache/03439.pt,03439
wlasl/videos/04801.mp4,balance,16,features_cache/04801.pt,04801
wlasl/videos/04803.mp4,balance,16,features_cache/04803.pt,04803
wlasl/videos/65129.mp4,balance,16,features_cache/65129.pt,65129
wlasl/videos/04795.mp4,balance,16,features_cache/04795.pt,04795
wlasl/videos/04797.mp4,balance,16,features_cache/04797.pt,04797
wlasl/videos/04798.mp4,balance,16,features_cache/04798.pt,04798
wlasl/videos/04799.mp4,balance,16,features_cache/04799.pt,04799
wlasl/videos/04900.mp4,banana,18,features_cache/04900.pt,04900
wlasl/videos/04903.mp4,banana,18,features_cache/04903.pt,04903
wlasl/videos/65135.mp4,banana,18,features_cache/65135.pt,65135
wlasl/videos/65134.mp4,banana,18,features_cache/65134.pt,65134
wlasl/videos/04897.mp4,banana,18,features_cache/04897.pt,04897
wlasl/videos/04898.mp4,banana,18,features_cache/04898.pt,04898
wlasl/videos/04899.mp4,banana,18,features_cache/04899.pt,04899
wlasl/videos/05470.mp4,beard,23,features_cache/05470.pt,05470
wlasl/videos/05472.mp4,beard,23,features_cache/05472.pt,05472
wlasl/videos/05473.mp4,beard,23,features_cache/05473.pt,05473
wlasl/videos/65156.mp4,beard,23,features_cache/65156.pt,65156
wlasl/videos/05479.mp4,beard,23,features_cache/05479.pt,05479
wlasl/videos/05467.mp4,beard,23,features_cache/05467.pt,05467
wlasl/videos/05468.mp4,beard,23,features_cache/05468.pt,05468
wlasl/videos/05598.mp4,because,24,features_cache/05598.pt,05598
wlasl/videos/05599.mp4,because,24,features_cache/05599.pt,05599
wlasl/videos/05601.mp4,because,24,features_cache/05601.pt,05601
wlasl/videos/65158.mp4,because,24,features_cache/65158.pt,65158
wlasl/videos/65159.mp4,because,24,features_cache/65159.pt,65159
wlasl/videos/05609.mp4,because,24,features_cache/05609.pt,05609
wlasl/videos/05596.mp4,because,24,features_cache/05596.pt,05596
wlasl/videos/69245.mp4,boy,35,features_cache/69245.pt,69245
wlasl/videos/65245.mp4,boy,35,features_cache/65245.pt,65245
wlasl/videos/07452.mp4,boy,35,features_cache/07452.pt,07452
wlasl/videos/07455.mp4,boy,35,features_cache/07455.pt,07455
wlasl/videos/07458.mp4,boy,35,features_cache/07458.pt,07458
wlasl/videos/08372.mp4,business,39,features_cache/08372.pt,08372
wlasl/videos/65275.mp4,business,39,features_cache/65275.pt,65275
wlasl/videos/08368.mp4,business,39,features_cache/08368.pt,08368
wlasl/videos/08369.mp4,business,39,features_cache/08369.pt,08369
wlasl/videos/08370.mp4,business,39,features_cache/08370.pt,08370
wlasl/videos/09186.mp4,careful,45,features_cache/09186.pt,09186
wlasl/videos/65307.mp4,careful,45,features_cache/65307.pt,65307
wlasl/videos/65306.mp4,careful,45,features_cache/65306.pt,65306
wlasl/videos/09181.mp4,careful,45,features_cache/09181.pt,09181
wlasl/videos/09182.mp4,careful,45,features_cache/09182.pt,09182
wlasl/videos/09723.mp4,center,48,features_cache/09723.pt,09723
wlasl/videos/09726.mp4,center,48,features_cache/09726.pt,09726
wlasl/videos/65324.mp4,center,48,features_cache/65324.pt,65324
wlasl/videos/09732.mp4,center,48,features_cache/09732.pt,09732
wlasl/videos/09721.mp4,center,48,features_cache/09721.pt,09721
wlasl/videos/09722.mp4,center,48,features_cache/09722.pt,09722
wlasl/videos/10105.mp4,chat,53,features_cache/10105.pt,10105
wlasl/videos/10106.mp4,chat,53,features_cache/10106.pt,10106
wlasl/videos/10107.mp4,chat,53,features_cache/10107.pt,10107
wlasl/videos/10109.mp4,chat,53,features_cache/10109.pt,10109
wlasl/videos/10112.mp4,chat,53,features_cache/10112.pt,10112
wlasl/videos/10464.mp4,children,57,features_cache/10464.pt,10464
wlasl/videos/10467.mp4,children,57,features_cache/10467.pt,10467
wlasl/videos/65352.mp4,children,57,features_cache/65352.pt,65352
wlasl/videos/10461.mp4,children,57,features_cache/10461.pt,10461
wlasl/videos/10474.mp4,children,57,features_cache/10474.pt,10474
wlasl/videos/10462.mp4,children,57,features_cache/10462.pt,10462
wlasl/videos/10711.mp4,christmas,58,features_cache/10711.pt,10711
wlasl/videos/65357.mp4,christmas,58,features_cache/65357.pt,65357
wlasl/videos/10703.mp4,christmas,58,features_cache/10703.pt,10703
wlasl/videos/10715.mp4,christmas,58,features_cache/10715.pt,10715
wlasl/videos/10705.mp4,christmas,58,features_cache/10705.pt,10705
wlasl/videos/11198.mp4,clock,61,features_cache/11198.pt,11198
wlasl/videos/11199.mp4,clock,61,features_cache/11199.pt,11199
wlasl/videos/11203.mp4,clock,61,features_cache/11203.pt,11203
wlasl/videos/11214.mp4,clock,61,features_cache/11214.pt,11214
wlasl/videos/11254.mp4,close,62,features_cache/11254.pt,11254
wlasl/videos/11260.mp4,close,62,features_cache/11260.pt,11260
wlasl/videos/11261.mp4,close,62,features_cache/11261.pt,11261
wlasl/videos/11267.mp4,close,62,features_cache/11267.pt,11267
wlasl/videos/11268.mp4,close,62,features_cache/11268.pt,11268
wlasl/videos/11253.mp4,close,62,features_cache/11253.pt,11253
wlasl/videos/13136.mp4,convince,69,features_cache/13136.pt,13136
wlasl/videos/13137.mp4,convince,69,features_cache/13137.pt,13137
wlasl/videos/13138.mp4,convince,69,features_cache/13138.pt,13138
wlasl/videos/13143.mp4,convince,69,features_cache/13143.pt,13143
wlasl/videos/13144.mp4,convince,69,features_cache/13144.pt,13144
wlasl/videos/13134.mp4,convince,69,features_cache/13134.pt,13134
wlasl/videos/13546.mp4,country,75,features_cache/13546.pt,13546
wlasl/videos/13549.mp4,country,75,features_cache/13549.pt,13549
wlasl/videos/13550.mp4,country,75,features_cache/13550.pt,13550
wlasl/videos/65414.mp4,country,75,features_cache/65414.pt,65414
wlasl/videos/13543.mp4,country,75,features_cache/13543.pt,13543
wlasl/videos/13544.mp4,country,75,features_cache/13544.pt,13544
wlasl/videos/13545.mp4,country,75,features_cache/13545.pt,13545
wlasl/videos/13799.mp4,crash,78,features_cache/13799.pt,13799
wlasl/videos/13804.mp4,crash,78,features_cache/13804.pt,13804
wlasl/videos/13805.mp4,crash,78,features_cache/13805.pt,13805
wlasl/videos/13806.mp4,crash,78,features_cache/13806.pt,13806
wlasl/videos/13812.mp4,crash,78,features_cache/13812.pt,13812
wlasl/videos/13800.mp4,crash,78,features_cache/13800.pt,13800
wlasl/videos/13803.mp4,crash,78,features_cache/13803.pt,13803
wlasl/videos/69291.mp4,day,85,features_cache/69291.pt,69291
wlasl/videos/65444.mp4,day,85,features_cache/65444.pt,65444
wlasl/videos/14792.mp4,day,85,features_cache/14792.pt,14792
wlasl/videos/14794.mp4,day,85,features_cache/14794.pt,14794
wlasl/videos/14795.mp4,day,85,features_cache/14795.pt,14795
wlasl/videos/14796.mp4,day,85,features_cache/14796.pt,14796
wlasl/videos/16587.mp4,discuss,92,features_cache/16587.pt,16587
wlasl/videos/16591.mp4,discuss,92,features_cache/16591.pt,16591
wlasl/videos/16592.mp4,discuss,92,features_cache/16592.pt,16592
wlasl/videos/16593.mp4,discuss,92,features_cache/16593.pt,16593
wlasl/videos/65491.mp4,discuss,92,features_cache/65491.pt,65491
wlasl/videos/16598.mp4,discuss,92,features_cache/16598.pt,16598
wlasl/videos/16585.mp4,discuss,92,features_cache/16585.pt,16585
wlasl/videos/16586.mp4,discuss,92,features_cache/16586.pt,16586
wlasl/videos/17660.mp4,dress,98,features_cache/17660.pt,17660
wlasl/videos/17654.mp4,dress,98,features_cache/17654.pt,17654
wlasl/videos/17657.mp4,dress,98,features_cache/17657.pt,17657
wlasl/videos/17659.mp4,dress,98,features_cache/17659.pt,17659
wlasl/videos/17761.mp4,drive,100,features_cache/17761.pt,17761
wlasl/videos/17762.mp4,drive,100,features_cache/17762.pt,17762
wlasl/videos/17758.mp4,drive,100,features_cache/17758.pt,17758
wlasl/videos/17773.mp4,drive,100,features_cache/17773.pt,17773
wlasl/videos/17827.mp4,drop,101,features_cache/17827.pt,17827
wlasl/videos/17828.mp4,drop,101,features_cache/17828.pt,17828
wlasl/videos/17820.mp4,drop,101,features_cache/17820.pt,17820
wlasl/videos/17821.mp4,drop,101,features_cache/17821.pt,17821
wlasl/videos/17823.mp4,drop,101,features_cache/17823.pt,17823
wlasl/videos/21233.mp4,fat,111,features_cache/21233.pt,21233
wlasl/videos/21234.mp4,fat,111,features_cache/21234.pt,21234
wlasl/videos/21236.mp4,fat,111,features_cache/21236.pt,21236
wlasl/videos/21231.mp4,fat,111,features_cache/21231.pt,21231
wlasl/videos/21237.mp4,fat,111,features_cache/21237.pt,21237
wlasl/videos/21242.mp4,fat,111,features_cache/21242.pt,21242
wlasl/videos/21243.mp4,fat,111,features_cache/21243.pt,21243
wlasl/videos/69319.mp4,feel,114,features_cache/69319.pt,69319
wlasl/videos/65696.mp4,feel,114,features_cache/65696.pt,65696
wlasl/videos/21432.mp4,feel,114,features_cache/21432.pt,21432
wlasl/videos/21436.mp4,feel,114,features_cache/21436.pt,21436
wlasl/videos/69331.mp4,football,120,features_cache/69331.pt,69331
wlasl/videos/22803.mp4,football,120,features_cache/22803.pt,22803
wlasl/videos/22804.mp4,football,120,features_cache/22804.pt,22804
wlasl/videos/22805.mp4,football,120,features_cache/22805.pt,22805
wlasl/videos/22806.mp4,football,120,features_cache/22806.pt,22806
wlasl/videos/23951.mp4,future,125,features_cache/23951.pt,23951
wlasl/videos/23953.mp4,future,125,features_cache/23953.pt,23953
wlasl/videos/65798.mp4,future,125,features_cache/65798.pt,65798
wlasl/videos/65797.mp4,future,125,features_cache/65797.pt,65797
wlasl/videos/23947.mp4,future,125,features_cache/23947.pt,23947
wlasl/videos/23948.mp4,future,125,features_cache/23948.pt,23948
wlasl/videos/24033.mp4,game,126,features_cache/24033.pt,24033
wlasl/videos/65800.mp4,game,126,features_cache/65800.pt,65800
wlasl/videos/24025.mp4,game,126,features_cache/24025.pt,24025
wlasl/videos/24029.mp4,game,126,features_cache/24029.pt,24029
wlasl/videos/69342.mp4,girl,127,features_cache/69342.pt,69342
wlasl/videos/24614.mp4,girl,127,features_cache/24614.pt,24614
wlasl/videos/65817.mp4,girl,127,features_cache/65817.pt,65817
wlasl/videos/24605.mp4,girl,127,features_cache/24605.pt,24605
wlasl/videos/24609.mp4,girl,127,features_cache/24609.pt,24609
wlasl/videos/24611.mp4,girl,127,features_cache/24611.pt,24611
wlasl/videos/25244.mp4,government,132,features_cache/25244.pt,25244
wlasl/videos/25245.mp4,government,132,features_cache/25245.pt,25245
wlasl/videos/25247.mp4,government,132,features_cache/25247.pt,25247
wlasl/videos/65840.mp4,government,132,features_cache/65840.pt,65840
wlasl/videos/25250.mp4,government,132,features_cache/25250.pt,25250
wlasl/videos/25241.mp4,government,132,features_cache/25241.pt,25241
wlasl/videos/25242.mp4,government,132,features_cache/25242.pt,25242
wlasl/videos/25243.mp4,government,132,features_cache/25243.pt,25243
wlasl/videos/26950.mp4,hear,142,features_cache/26950.pt,26950
wlasl/videos/26951.mp4,hear,142,features_cache/26951.pt,26951
wlasl/videos/26956.mp4,hear,142,features_cache/26956.pt,26956
wlasl/videos/26943.mp4,hear,142,features_cache/26943.pt,26943
wlasl/videos/26944.mp4,hear,142,features_cache/26944.pt,26944
wlasl/videos/69365.mp4,here,146,features_cache/69365.pt,69365
wlasl/videos/27268.mp4,here,146,features_cache/27268.pt,27268
wlasl/videos/65892.mp4,here,146,features_cache/65892.pt,65892
wlasl/videos/27264.mp4,here,146,features_cache/27264.pt,27264
wlasl/videos/27265.mp4,here,146,features_cache/27265.pt,27265
wlasl/videos/27923.mp4,hope,148,features_cache/27923.pt,27923
wlasl/videos/27925.mp4,hope,148,features_cache/27925.pt,27925
wlasl/videos/27926.mp4,hope,148,features_cache/27926.pt,27926
wlasl/videos/27929.mp4,hope,148,features_cache/27929.pt,27929
wlasl/videos/27920.mp4,hope,148,features_cache/27920.pt,27920
wlasl/videos/27934.mp4,hope,148,features_cache/27934.pt,27934
wlasl/videos/27921.mp4,hope,148,features_cache/27921.pt,27921
wlasl/videos/69369.mp4,house,151,features_cache/69369.pt,69369
wlasl/videos/28159.mp4,house,151,features_cache/28159.pt,28159
wlasl/videos/28169.mp4,house,151,features_cache/28169.pt,28169
wlasl/videos/28164.mp4,house,151,features_cache/28164.pt,28164
wlasl/videos/28469.mp4,husband,155,features_cache/28469.pt,28469
wlasl/videos/65913.mp4,husband,155,features_cache/65913.pt,65913
wlasl/videos/28463.mp4,husband,155,features_cache/28463.pt,28463
wlasl/videos/28466.mp4,husband,155,features_cache/28466.pt,28466
wlasl/videos/30154.mp4,interest,158,features_cache/30154.pt,30154
wlasl/videos/30160.mp4,interest,158,features_cache/30160.pt,30160
wlasl/videos/30152.mp4,interest,158,features_cache/30152.pt,30152
wlasl/videos/30162.mp4,interest,158,features_cache/30162.pt,30162
wlasl/videos/30166.mp4,interest,158,features_cache/30166.pt,30166
wlasl/videos/30168.mp4,interest,158,features_cache/30168.pt,30168
wlasl/videos/31151.mp4,join,161,features_cache/31151.pt,31151
wlasl/videos/31155.mp4,join,161,features_cache/31155.pt,31155
wlasl/videos/31157.mp4,join,161,features_cache/31157.pt,31157
wlasl/videos/31158.mp4,join,161,features_cache/31158.pt,31158
wlasl/videos/31165.mp4,join,161,features_cache/31165.pt,31165
wlasl/videos/33231.mp4,light,176,features_cache/33231.pt,33231
wlasl/videos/33205.mp4,light,176,features_cache/33205.pt,33205
wlasl/videos/33214.mp4,light,176,features_cache/33214.pt,33214
wlasl/videos/33217.mp4,light,176,features_cache/33217.pt,33217
wlasl/videos/33218.mp4,light,176,features_cache/33218.pt,33218
wlasl/videos/66078.mp4,live,179,features_cache/66078.pt,66078
wlasl/videos/66079.mp4,live,179,features_cache/66079.pt,66079
wlasl/videos/33538.mp4,live,179,features_cache/33538.pt,33538
wlasl/videos/33542.mp4,live,179,features_cache/33542.pt,33542
wlasl/videos/34583.mp4,make,181,features_cache/34583.pt,34583
wlasl/videos/34584.mp4,make,181,features_cache/34584.pt,34584
wlasl/videos/34575.mp4,make,181,features_cache/34575.pt,34575
wlasl/videos/34578.mp4,make,181,features_cache/34578.pt,34578
wlasl/videos/34579.mp4,make,181,features_cache/34579.pt,34579
wlasl/videos/34580.mp4,make,181,features_cache/34580.pt,34580
wlasl/videos/35292.mp4,mean,185,features_cache/35292.pt,35292
wlasl/videos/35293.mp4,mean,185,features_cache/35293.pt,35293
wlasl/videos/35295.mp4,mean,185,features_cache/35295.pt,35295
wlasl/videos/35298.mp4,mean,185,features_cache/35298.pt,35298
wlasl/videos/35299.mp4,mean,185,features_cache/35299.pt,35299
wlasl/videos/69401.mp4,more,191,features_cache/69401.pt,69401
wlasl/videos/36834.mp4,more,191,features_cache/36834.pt,36834
wlasl/videos/36836.mp4,more,191,features_cache/36836.pt,36836
wlasl/videos/36827.mp4,more,191,features_cache/36827.pt,36827
wlasl/videos/36828.mp4,more,191,features_cache/36828.pt,36828
wlasl/videos/36829.mp4,more,191,features_cache/36829.pt,36829
wlasl/videos/66145.mp4,most,192,features_cache/66145.pt,66145
wlasl/videos/36922.mp4,most,192,features_cache/36922.pt,36922
wlasl/videos/36913.mp4,most,192,features_cache/36913.pt,36913
wlasl/videos/36918.mp4,most,192,features_cache/36918.pt,36918
wlasl/videos/66156.mp4,music,195,features_cache/66156.pt,66156
wlasl/videos/37363.mp4,music,195,features_cache/37363.pt,37363
wlasl/videos/37367.mp4,music,195,features_cache/37367.pt,37367
wlasl/videos/37369.mp4,music,195,features_cache/37369.pt,37369
wlasl/videos/69407.mp4,new,198,features_cache/69407.pt,69407
wlasl/videos/38130.mp4,new,198,features_cache/38130.pt,38130
wlasl/videos/38122.mp4,new,198,features_cache/38122.pt,38122
wlasl/videos/38125.mp4,new,198,features_cache/38125.pt,38125
wlasl/videos/38126.mp4,new,198,features_cache/38126.pt,38126
wlasl/videos/38127.mp4,new,198,features_cache/38127.pt,38127
wlasl/videos/69412.mp4,none,200,features_cache/69412.pt,69412
wlasl/videos/38594.mp4,none,200,features_cache/38594.pt,38594
wlasl/videos/66186.mp4,none,200,features_cache/66186.pt,66186
wlasl/videos/38586.mp4,none,200,features_cache/38586.pt,38586
wlasl/videos/38590.mp4,none,200,features_cache/38590.pt,38590
wlasl/videos/39460.mp4,office,202,features_cache/39460.pt,39460
wlasl/videos/39462.mp4,office,202,features_cache/39462.pt,39462
wlasl/videos/39463.mp4,office,202,features_cache/39463.pt,39463
wlasl/videos/39456.mp4,office,202,features_cache/39456.pt,39456
wlasl/videos/39468.mp4,office,202,features_cache/39468.pt,39468
wlasl/videos/39459.mp4,office,202,features_cache/39459.pt,39459
wlasl/videos/40171.mp4,order,205,features_cache/40171.pt,40171
wlasl/videos/40172.mp4,order,205,features_cache/40172.pt,40172
wlasl/videos/40177.mp4,order,205,features_cache/40177.pt,40177
wlasl/videos/40178.mp4,order,205,features_cache/40178.pt,40178
wlasl/videos/40169.mp4,order,205,features_cache/40169.pt,40169
wlasl/videos/40179.mp4,order,205,features_cache/40179.pt,40179
wlasl/videos/40991.mp4,pants,207,features_cache/40991.pt,40991
wlasl/videos/40985.mp4,pants,207,features_cache/40985.pt,40985
wlasl/videos/40996.mp4,pants,207,features_cache/40996.pt,40996
wlasl/videos/40986.mp4,pants,207,features_cache/40986.pt,40986
wlasl/videos/40988.mp4,pants,207,features_cache/40988.pt,40988
wlasl/videos/41315.mp4,party,209,features_cache/41315.pt,41315
wlasl/videos/41317.mp4,party,209,features_cache/41317.pt,41317
wlasl/videos/66265.mp4,party,209,features_cache/66265.pt,66265
wlasl/videos/41311.mp4,party,209,features_cache/41311.pt,41311
wlasl/videos/41312.mp4,party,209,features_cache/41312.pt,41312
wlasl/videos/41452.mp4,past,210,features_cache/41452.pt,41452
wlasl/videos/41454.mp4,past,210,features_cache/41454.pt,41454
wlasl/videos/41446.mp4,past,210,features_cache/41446.pt,41446
wlasl/videos/41449.mp4,past,210,features_cache/41449.pt,41449
wlasl/videos/41450.mp4,past,210,features_cache/41450.pt,41450
wlasl/videos/41822.mp4,pencil,211,features_cache/41822.pt,41822
wlasl/videos/41824.mp4,pencil,211,features_cache/41824.pt,41824
wlasl/videos/41826.mp4,pencil,211,features_cache/41826.pt,41826
wlasl/videos/43062.mp4,plan,215,features_cache/43062.pt,43062
wlasl/videos/66298.mp4,plan,215,features_cache/66298.pt,66298
wlasl/videos/43056.mp4,plan,215,features_cache/43056.pt,43056
wlasl/videos/43061.mp4,plan,215,features_cache/43061.pt,43061
wlasl/videos/69434.mp4,please,217,features_cache/69434.pt,69434
wlasl/videos/43226.mp4,please,217,features_cache/43226.pt,43226
wlasl/videos/43217.mp4,please,217,features_cache/43217.pt,43217
wlasl/videos/43218.mp4,please,217,features_cache/43218.pt,43218
wlasl/videos/43222.mp4,please,217,features_cache/43222.pt,43222
wlasl/videos/44088.mp4,practice,219,features_cache/44088.pt,44088
wlasl/videos/66320.mp4,practice,219,features_cache/66320.pt,66320
wlasl/videos/44091.mp4,practice,219,features_cache/44091.pt,44091
wlasl/videos/44085.mp4,practice,219,features_cache/44085.pt,44085
wlasl/videos/44086.mp4,practice,219,features_cache/44086.pt,44086
wlasl/videos/44373.mp4,president,220,features_cache/44373.pt,44373
wlasl/videos/66326.mp4,president,220,features_cache/66326.pt,66326
wlasl/videos/44367.mp4,president,220,features_cache/44367.pt,44367
wlasl/videos/44369.mp4,president,220,features_cache/44369.pt,44369
wlasl/videos/44370.mp4,president,220,features_cache/44370.pt,44370
wlasl/videos/44371.mp4,president,220,features_cache/44371.pt,44371
wlasl/videos/66398.mp4,restaurant,228,features_cache/66398.pt,66398
wlasl/videos/47658.mp4,restaurant,228,features_cache/47658.pt,47658
wlasl/videos/47659.mp4,restaurant,228,features_cache/47659.pt,47659
wlasl/videos/48050.mp4,ride,229,features_cache/48050.pt,48050
wlasl/videos/48051.mp4,ride,229,features_cache/48051.pt,48051
wlasl/videos/66405.mp4,ride,229,features_cache/66405.pt,66405
wlasl/videos/48042.mp4,ride,229,features_cache/48042.pt,48042
wlasl/videos/48043.mp4,ride,229,features_cache/48043.pt,48043
wlasl/videos/48044.mp4,ride,229,features_cache/48044.pt,48044
wlasl/videos/48901.mp4,russia,233,features_cache/48901.pt,48901
wlasl/videos/48902.mp4,russia,233,features_cache/48902.pt,48902
wlasl/videos/48903.mp4,russia,233,features_cache/48903.pt,48903
wlasl/videos/48899.mp4,russia,233,features_cache/48899.pt,48899
wlasl/videos/69451.mp4,salt,234,features_cache/69451.pt,69451
wlasl/videos/49134.mp4,salt,234,features_cache/49134.pt,49134
wlasl/videos/66422.mp4,salt,234,features_cache/66422.pt,66422
wlasl/videos/49129.mp4,salt,234,features_cache/49129.pt,49129
wlasl/videos/49131.mp4,salt,234,features_cache/49131.pt,49131
wlasl/videos/49132.mp4,salt,234,features_cache/49132.pt,49132
wlasl/videos/49250.mp4,sandwich,236,features_cache/49250.pt,49250
wlasl/videos/49252.mp4,sandwich,236,features_cache/49252.pt,49252
wlasl/videos/66423.mp4,sandwich,236,features_cache/66423.pt,66423
wlasl/videos/66424.mp4,sandwich,236,features_cache/66424.pt,66424
wlasl/videos/49246.mp4,sandwich,236,features_cache/49246.pt,49246
wlasl/videos/49247.mp4,sandwich,236,features_cache/49247.pt,49247
wlasl/videos/49248.mp4,sandwich,236,features_cache/49248.pt,49248
wlasl/videos/51621.mp4,sign,244,features_cache/51621.pt,51621
wlasl/videos/51616.mp4,sign,244,features_cache/51616.pt,51616
wlasl/videos/51617.mp4,sign,244,features_cache/51617.pt,51617
wlasl/videos/51628.mp4,sign,244,features_cache/51628.pt,51628
wlasl/videos/51637.mp4,sign,244,features_cache/51637.pt,51637
wlasl/videos/51615.mp4,sign,244,features_cache/51615.pt,51615
wlasl/videos/51622.mp4,sign,244,features_cache/51622.pt,51622
wlasl/videos/69472.mp4,since,245,features_cache/69472.pt,69472
wlasl/videos/51781.mp4,since,245,features_cache/51781.pt,51781
wlasl/videos/66482.mp4,since,245,features_cache/66482.pt,66482
wlasl/videos/66483.mp4,since,245,features_cache/66483.pt,66483
wlasl/videos/51775.mp4,since,245,features_cache/51775.pt,51775
wlasl/videos/51778.mp4,since,245,features_cache/51778.pt,51778
wlasl/videos/52552.mp4,small,246,features_cache/52552.pt,52552
wlasl/videos/52554.mp4,small,246,features_cache/52554.pt,52554
wlasl/videos/52556.mp4,small,246,features_cache/52556.pt,52556
wlasl/videos/52557.mp4,small,246,features_cache/52557.pt,52557
wlasl/videos/52566.mp4,small,246,features_cache/52566.pt,52566
wlasl/videos/52551.mp4,small,246,features_cache/52551.pt,52551
wlasl/videos/69484.mp4,some,248,features_cache/69484.pt,69484
wlasl/videos/53216.mp4,some,248,features_cache/53216.pt,53216
wlasl/videos/53207.mp4,some,248,features_cache/53207.pt,53207
wlasl/videos/53208.mp4,some,248,features_cache/53208.pt,53208
wlasl/videos/53212.mp4,some,248,features_cache/53212.pt,53212
wlasl/videos/53488.mp4,south,251,features_cache/53488.pt,53488
wlasl/videos/53482.mp4,south,251,features_cache/53482.pt,53482
wlasl/videos/53485.mp4,south,251,features_cache/53485.pt,53485
wlasl/videos/53486.mp4,south,251,features_cache/53486.pt,53486
wlasl/videos/55343.mp4,student,253,features_cache/55343.pt,55343
wlasl/videos/55337.mp4,student,253,features_cache/55337.pt,55337
wlasl/videos/55338.mp4,student,253,features_cache/55338.pt,55338
wlasl/videos/55339.mp4,student,253,features_cache/55339.pt,55339
wlasl/videos/55340.mp4,student,253,features_cache/55340.pt,55340
wlasl/videos/55341.mp4,student,253,features_cache/55341.pt,55341
wlasl/videos/57058.mp4,teach,260,features_cache/57058.pt,57058
wlasl/videos/57068.mp4,teach,260,features_cache/57068.pt,57068
wlasl/videos/57063.mp4,teach,260,features_cache/57063.pt,57063
wlasl/videos/57064.mp4,teach,260,features_cache/57064.pt,57064
wlasl/videos/57785.mp4,theory,265,features_cache/57785.pt,57785
wlasl/videos/57788.mp4,theory,265,features_cache/57788.pt,57788
wlasl/videos/57789.mp4,theory,265,features_cache/57789.pt,57789
wlasl/videos/66603.mp4,theory,265,features_cache/66603.pt,66603
wlasl/videos/66604.mp4,theory,265,features_cache/66604.pt,66604
wlasl/videos/57791.mp4,theory,265,features_cache/57791.pt,57791
wlasl/videos/57782.mp4,theory,265,features_cache/57782.pt,57782
wlasl/videos/57783.mp4,theory,265,features_cache/57783.pt,57783
wlasl/videos/57784.mp4,theory,265,features_cache/57784.pt,57784
wlasl/videos/66654.mp4,tomato,270,features_cache/66654.pt,66654
wlasl/videos/58784.mp4,tomato,270,features_cache/58784.pt,58784
wlasl/videos/58786.mp4,tomato,270,features_cache/58786.pt,58786
wlasl/videos/58787.mp4,tomato,270,features_cache/58787.pt,58787
wlasl/videos/58788.mp4,tomato,270,features_cache/58788.pt,58788
wlasl/videos/59310.mp4,train,272,features_cache/59310.pt,59310
wlasl/videos/59314.mp4,train,272,features_cache/59314.pt,59314
wlasl/videos/59316.mp4,train,272,features_cache/59316.pt,59316
wlasl/videos/66665.mp4,train,272,features_cache/66665.pt,66665
wlasl/videos/59307.mp4,train,272,features_cache/59307.pt,59307
wlasl/videos/59320.mp4,train,272,features_cache/59320.pt,59320
wlasl/videos/59308.mp4,train,272,features_cache/59308.pt,59308
wlasl/videos/59309.mp4,train,272,features_cache/59309.pt,59309
wlasl/videos/60354.mp4,ugly,274,features_cache/60354.pt,60354
wlasl/videos/60357.mp4,ugly,274,features_cache/60357.pt,60357
wlasl/videos/60346.mp4,ugly,274,features_cache/60346.pt,60346
wlasl/videos/60347.mp4,ugly,274,features_cache/60347.pt,60347
wlasl/videos/60349.mp4,ugly,274,features_cache/60349.pt,60349
wlasl/videos/60350.mp4,ugly,274,features_cache/60350.pt,60350
wlasl/videos/62279.mp4,war,279,features_cache/62279.pt,62279
wlasl/videos/66746.mp4,war,279,features_cache/66746.pt,66746
wlasl/videos/62273.mp4,war,279,features_cache/62273.pt,62273
wlasl/videos/62275.mp4,war,279,features_cache/62275.pt,62275
wlasl/videos/62276.mp4,war,279,features_cache/62276.pt,62276
wlasl/videos/66774.mp4,where,283,features_cache/66774.pt,66774
wlasl/videos/63081.mp4,where,283,features_cache/63081.pt,63081
wlasl/videos/63083.mp4,where,283,features_cache/63083.pt,63083
wlasl/videos/63084.mp4,where,283,features_cache/63084.pt,63084
wlasl/videos/64433.mp4,your,299,features_cache/64433.pt,64433
wlasl/videos/64427.mp4,your,299,features_cache/64427.pt,64427
wlasl/videos/64429.mp4,your,299,features_cache/64429.pt,64429
wlasl/videos/64430.mp4,your,299,features_cache/64430.pt,64430
wlasl/videos/65061.mp4,always,5,features_cache/65061.pt,65061
wlasl/videos/02238.mp4,always,5,features_cache/02238.pt,02238
wlasl/videos/02228.mp4,always,5,features_cache/02228.pt,02228
wlasl/videos/02233.mp4,always,5,features_cache/02233.pt,02233
wlasl/videos/69211.mp4,animal,6,features_cache/69211.pt,69211
wlasl/videos/02592.mp4,animal,6,features_cache/02592.pt,02592
wlasl/videos/65073.mp4,animal,6,features_cache/65073.pt,65073
wlasl/videos/02583.mp4,animal,6,features_cache/02583.pt,02583
wlasl/videos/02584.mp4,animal,6,features_cache/02584.pt,02584
wlasl/videos/02589.mp4,animal,6,features_cache/02589.pt,02589
wlasl/videos/03268.mp4,argue,9,features_cache/03268.pt,03268
wlasl/videos/03270.mp4,argue,9,features_cache/03270.pt,03270
wlasl/videos/03273.mp4,argue,9,features_cache/03273.pt,03273
wlasl/videos/03274.mp4,argue,9,features_cache/03274.pt,03274
wlasl/videos/65092.mp4,argue,9,features_cache/65092.pt,65092
wlasl/videos/03277.mp4,argue,9,features_cache/03277.pt,03277
wlasl/videos/03282.mp4,argue,9,features_cache/03282.pt,03282
wlasl/videos/03267.mp4,argue,9,features_cache/03267.pt,03267
wlasl/videos/69217.mp4,baby,11,features_cache/69217.pt,69217
wlasl/videos/04514.mp4,baby,11,features_cache/04514.pt,04514
wlasl/videos/65119.mp4,baby,11,features_cache/65119.pt,65119
wlasl/videos/04505.mp4,baby,11,features_cache/04505.pt,04505
wlasl/videos/04506.mp4,baby,11,features_cache/04506.pt,04506
wlasl/videos/04511.mp4,baby,11,features_cache/04511.pt,04511
wlasl/videos/69218.mp4,back,12,features_cache/69218.pt,69218
wlasl/videos/65120.mp4,back,12,features_cache/65120.pt,65120
wlasl/videos/04592.mp4,back,12,features_cache/04592.pt,04592
wlasl/videos/04604.mp4,back,12,features_cache/04604.pt,04604
wlasl/videos/04775.mp4,bake,15,features_cache/04775.pt,04775
wlasl/videos/65127.mp4,bake,15,features_cache/65127.pt,65127
wlasl/videos/65128.mp4,bake,15,features_cache/65128.pt,65128
wlasl/videos/04768.mp4,bake,15,features_cache/04768.pt,04768
wlasl/videos/04772.mp4,bake,15,features_cache/04772.pt,04772
wlasl/videos/65147.mp4,bath,21,features_cache/65147.pt,65147
wlasl/videos/05275.mp4,bath,21,features_cache/05275.pt,05275
wlasl/videos/05285.mp4,bath,21,features_cache/05285.pt,05285
wlasl/videos/05280.mp4,bath,21,features_cache/05280.pt,05280
wlasl/videos/65169.mp4,behind,27,features_cache/65169.pt,65169
wlasl/videos/05803.mp4,behind,27,features_cache/05803.pt,05803
wlasl/videos/05816.mp4,behind,27,features_cache/05816.pt,05816
wlasl/videos/05804.mp4,behind,27,features_cache/05804.pt,05804
wlasl/videos/69250.mp4,bring,36,features_cache/69250.pt,69250
wlasl/videos/07815.mp4,bring,36,features_cache/07815.pt,07815
wlasl/videos/65260.mp4,bring,36,features_cache/65260.pt,65260
wlasl/videos/07806.mp4,bring,36,features_cache/07806.pt,07806
wlasl/videos/07807.mp4,bring,36,features_cache/07807.pt,07807
wlasl/videos/07808.mp4,bring,36,features_cache/07808.pt,07808
wlasl/videos/69262.mp4,catch,47,features_cache/69262.pt,69262
wlasl/videos/09459.mp4,catch,47,features_cache/09459.pt,09459
wlasl/videos/09458.mp4,catch,47,features_cache/09458.pt,09458
wlasl/videos/09457.mp4,catch,47,features_cache/09457.pt,09457
wlasl/videos/09461.mp4,catch,47,features_cache/09461.pt,09461
wlasl/videos/09467.mp4,catch,47,features_cache/09467.pt,09467
wlasl/videos/09473.mp4,catch,47,features_cache/09473.pt,09473
wlasl/videos/09781.mp4,cereal,49,features_cache/09781.pt,09781
wlasl/videos/65325.mp4,cereal,49,features_cache/65325.pt,65325
wlasl/videos/09786.mp4,cereal,49,features_cache/09786.pt,09786
wlasl/videos/09775.mp4,cereal,49,features_cache/09775.pt,09775
wlasl/videos/09776.mp4,cereal,49,features_cache/09776.pt,09776
wlasl/videos/09920.mp4,champion,51,features_cache/09920.pt,09920
wlasl/videos/09921.mp4,champion,51,features_cache/09921.pt,09921
wlasl/videos/65330.mp4,champion,51,features_cache/65330.pt,65330
wlasl/videos/09924.mp4,champion,51,features_cache/09924.pt,09924
wlasl/videos/09926.mp4,champion,51,features_cache/09926.pt,09926
wlasl/videos/09918.mp4,champion,51,features_cache/09918.pt,09918
wlasl/videos/09919.mp4,champion,51,features_cache/09919.pt,09919
wlasl/videos/10275.mp4,cheese,56,features_cache/10275.pt,10275
wlasl/videos/65345.mp4,cheese,56,features_cache/65345.pt,65345
wlasl/videos/10266.mp4,cheese,56,features_cache/10266.pt,10266
wlasl/videos/10267.mp4,cheese,56,features_cache/10267.pt,10267
wlasl/videos/10271.mp4,cheese,56,features_cache/10271.pt,10271
wlasl/videos/13473.mp4,cough,74,features_cache/13473.pt,13473
wlasl/videos/65411.mp4,cough,74,features_cache/65411.pt,65411
wlasl/videos/13478.mp4,cough,74,features_cache/13478.pt,13478
wlasl/videos/13863.mp4,crazy,79,features_cache/13863.pt,13863
wlasl/videos/65421.mp4,crazy,79,features_cache/65421.pt,65421
wlasl/videos/65422.mp4,crazy,79,features_cache/65422.pt,65422
wlasl/videos/13854.mp4,crazy,79,features_cache/13854.pt,13854
wlasl/videos/13858.mp4,crazy,79,features_cache/13858.pt,13858
wlasl/videos/13859.mp4,crazy,79,features_cache/13859.pt,13859
wlasl/videos/15325.mp4,delay,88,features_cache/15325.pt,15325
wlasl/videos/15327.mp4,delay,88,features_cache/15327.pt,15327
wlasl/videos/15328.mp4,delay,88,features_cache/15328.pt,15328
wlasl/videos/15319.mp4,delay,88,features_cache/15319.pt,15319
wlasl/videos/15330.mp4,delay,88,features_cache/15330.pt,15330
wlasl/videos/15322.mp4,delay,88,features_cache/15322.pt,15322
wlasl/videos/15323.mp4,delay,88,features_cache/15323.pt,15323
wlasl/videos/15363.mp4,delicious,89,features_cache/15363.pt,15363
wlasl/videos/15364.mp4,delicious,89,features_cache/15364.pt,15364
wlasl/videos/15365.mp4,delicious,89,features_cache/15365.pt,15365
wlasl/videos/15369.mp4,delicious,89,features_cache/15369.pt,15369
wlasl/videos/65457.mp4,delicious,89,features_cache/65457.pt,65457
wlasl/videos/15370.mp4,delicious,89,features_cache/15370.pt,15370
wlasl/videos/15361.mp4,delicious,89,features_cache/15361.pt,15361
wlasl/videos/15362.mp4,delicious,89,features_cache/15362.pt,15362
wlasl/videos/16441.mp4,disappear,91,features_cache/16441.pt,16441
wlasl/videos/16443.mp4,disappear,91,features_cache/16443.pt,16443
wlasl/videos/16444.mp4,disappear,91,features_cache/16444.pt,16444
wlasl/videos/16439.mp4,disappear,91,features_cache/16439.pt,16439
wlasl/videos/16440.mp4,disappear,91,features_cache/16440.pt,16440
wlasl/videos/16968.mp4,divorce,93,features_cache/16968.pt,16968
wlasl/videos/16972.mp4,divorce,93,features_cache/16972.pt,16972
wlasl/videos/16963.mp4,divorce,93,features_cache/16963.pt,16963
wlasl/videos/16976.mp4,divorce,93,features_cache/16976.pt,16976
wlasl/videos/16965.mp4,divorce,93,features_cache/16965.pt,16965
wlasl/videos/65531.mp4,draw,97,features_cache/65531.pt,65531
wlasl/videos/17594.mp4,draw,97,features_cache/17594.pt,17594
wlasl/videos/17596.mp4,draw,97,features_cache/17596.pt,17596
wlasl/videos/18294.mp4,east,102,features_cache/18294.pt,18294
wlasl/videos/65597.mp4,east,102,features_cache/65597.pt,65597
wlasl/videos/18288.mp4,east,102,features_cache/18288.pt,18288
wlasl/videos/18298.mp4,east,102,features_cache/18298.pt,18298
wlasl/videos/18292.mp4,east,102,features_cache/18292.pt,18292
wlasl/videos/18315.mp4,easy,103,features_cache/18315.pt,18315
wlasl/videos/65600.mp4,easy,103,features_cache/65600.pt,65600
wlasl/videos/18306.mp4,easy,103,features_cache/18306.pt,18306
wlasl/videos/18311.mp4,easy,103,features_cache/18311.pt,18311
wlasl/videos/18494.mp4,egg,105,features_cache/18494.pt,18494
wlasl/videos/65607.mp4,egg,105,features_cache/65607.pt,65607
wlasl/videos/18495.mp4,egg,105,features_cache/18495.pt,18495
wlasl/videos/18487.mp4,egg,105,features_cache/18487.pt,18487
wlasl/videos/18488.mp4,egg,105,features_cache/18488.pt,18488
wlasl/videos/19411.mp4,environment,107,features_cache/19411.pt,19411
wlasl/videos/19412.mp4,environment,107,features_cache/19412.pt,19412
wlasl/videos/19414.mp4,environment,107,features_cache/19414.pt,19414
wlasl/videos/65638.mp4,environment,107,features_cache/65638.pt,65638
wlasl/videos/65639.mp4,environment,107,features_cache/65639.pt,65639
wlasl/videos/19406.mp4,environment,107,features_cache/19406.pt,19406
wlasl/videos/19418.mp4,environment,107,features_cache/19418.pt,19418
wlasl/videos/19407.mp4,environment,107,features_cache/19407.pt,19407
wlasl/videos/19408.mp4,environment,107,features_cache/19408.pt,19408
wlasl/videos/69318.mp4,father,112,features_cache/69318.pt,69318
wlasl/videos/21205.mp4,father,112,features_cache/21205.pt,21205
wlasl/videos/21207.mp4,father,112,features_cache/21207.pt,21207
wlasl/videos/21209.mp4,father,112,features_cache/21209.pt,21209
wlasl/videos/21212.mp4,father,112,features_cache/21212.pt,21212
wlasl/videos/21275.mp4,fault,113,features_cache/21275.pt,21275
wlasl/videos/21276.mp4,fault,113,features_cache/21276.pt,21276
wlasl/videos/21280.mp4,fault,113,features_cache/21280.pt,21280
wlasl/videos/21273.mp4,fault,113,features_cache/21273.pt,21273
wlasl/videos/21274.mp4,fault,113,features_cache/21274.pt,21274
wlasl/videos/65746.mp4,flower,119,features_cache/65746.pt,65746
wlasl/videos/22548.mp4,flower,119,features_cache/22548.pt,22548
wlasl/videos/22558.mp4,flower,119,features_cache/22558.pt,22558
wlasl/videos/22553.mp4,flower,119,features_cache/22553.pt,22553
wlasl/videos/65783.mp4,friendly,123,features_cache/65783.pt,65783
wlasl/videos/23589.mp4,friendly,123,features_cache/23589.pt,23589
wlasl/videos/23580.mp4,friendly,123,features_cache/23580.pt,23580
wlasl/videos/23585.mp4,friendly,123,features_cache/23585.pt,23585
wlasl/videos/24724.mp4,glasses,129,features_cache/24724.pt,24724
wlasl/videos/24726.mp4,glasses,129,features_cache/24726.pt,24726
wlasl/videos/24728.mp4,glasses,129,features_cache/24728.pt,24728
wlasl/videos/65822.mp4,glasses,129,features_cache/65822.pt,65822
wlasl/videos/24720.mp4,glasses,129,features_cache/24720.pt,24720
wlasl/videos/24721.mp4,glasses,129,features_cache/24721.pt,24721
wlasl/videos/24722.mp4,glasses,129,features_cache/24722.pt,24722
wlasl/videos/26259.mp4,halloween,136,features_cache/26259.pt,26259
wlasl/videos/65873.mp4,halloween,136,features_cache/65873.pt,65873
wlasl/videos/65874.mp4,halloween,136,features_cache/65874.pt,65874
wlasl/videos/26251.mp4,halloween,136,features_cache/26251.pt,26251
wlasl/videos/26252.mp4,halloween,136,features_cache/26252.pt,26252
wlasl/videos/26254.mp4,halloween,136,features_cache/26254.pt,26254
wlasl/videos/69358.mp4,hard,138,features_cache/69358.pt,69358
wlasl/videos/26573.mp4,hard,138,features_cache/26573.pt,26573
wlasl/videos/26574.mp4,hard,138,features_cache/26574.pt,26574
wlasl/videos/27046.mp4,heart,144,features_cache/27046.pt,27046
wlasl/videos/27050.mp4,heart,144,features_cache/27050.pt,27050
wlasl/videos/27042.mp4,heart,144,features_cache/27042.pt,27042
wlasl/videos/27056.mp4,heart,144,features_cache/27056.pt,27056
wlasl/videos/27057.mp4,heart,144,features_cache/27057.pt,27057
wlasl/videos/27043.mp4,heart,144,features_cache/27043.pt,27043
wlasl/videos/28140.mp4,hour,150,features_cache/28140.pt,28140
wlasl/videos/28143.mp4,hour,150,features_cache/28143.pt,28143
wlasl/videos/28144.mp4,hour,150,features_cache/28144.pt,28144
wlasl/videos/28145.mp4,hour,150,features_cache/28145.pt,28145
wlasl/videos/28138.mp4,hour,150,features_cache/28138.pt,28138
wlasl/videos/28139.mp4,hour,150,features_cache/28139.pt,28139
wlasl/videos/28311.mp4,humble,153,features_cache/28311.pt,28311
wlasl/videos/28312.mp4,humble,153,features_cache/28312.pt,28312
wlasl/videos/28314.mp4,humble,153,features_cache/28314.pt,28314
wlasl/videos/28315.mp4,humble,153,features_cache/28315.pt,28315
wlasl/videos/28309.mp4,humble,153,features_cache/28309.pt,28309
wlasl/videos/28310.mp4,humble,153,features_cache/28310.pt,28310
wlasl/videos/28423.mp4,hurry,154,features_cache/28423.pt,28423
wlasl/videos/28424.mp4,hurry,154,features_cache/28424.pt,28424
wlasl/videos/28425.mp4,hurry,154,features_cache/28425.pt,28425
wlasl/videos/28426.mp4,hurry,154,features_cache/28426.pt,28426
wlasl/videos/28430.mp4,hurry,154,features_cache/28430.pt,28430
wlasl/videos/29143.mp4,improve,156,features_cache/29143.pt,29143
wlasl/videos/29145.mp4,improve,156,features_cache/29145.pt,29145
wlasl/videos/65929.mp4,improve,156,features_cache/65929.pt,65929
wlasl/videos/29136.mp4,improve,156,features_cache/29136.pt,29136
wlasl/videos/29147.mp4,improve,156,features_cache/29147.pt,29147
wlasl/videos/30235.mp4,internet,159,features_cache/30235.pt,30235
wlasl/videos/30239.mp4,internet,159,features_cache/30239.pt,30239
wlasl/videos/30230.mp4,internet,159,features_cache/30230.pt,30230
wlasl/videos/30233.mp4,internet,159,features_cache/30233.pt,30233
wlasl/videos/30234.mp4,internet,159,features_cache/30234.pt,30234
wlasl/videos/69380.mp4,jump,162,features_cache/69380.pt,69380
wlasl/videos/65983.mp4,jump,162,features_cache/65983.pt,65983
wlasl/videos/31324.mp4,jump,162,features_cache/31324.pt,31324
wlasl/videos/31315.mp4,jump,162,features_cache/31315.pt,31315
wlasl/videos/31316.mp4,jump,162,features_cache/31316.pt,31316
wlasl/videos/31655.mp4,kill,163,features_cache/31655.pt,31655
wlasl/videos/65992.mp4,kill,163,features_cache/65992.pt,65992
wlasl/videos/31649.mp4,kill,163,features_cache/31649.pt,31649
wlasl/videos/31651.mp4,kill,163,features_cache/31651.pt,31651
wlasl/videos/31652.mp4,kill,163,features_cache/31652.pt,31652
wlasl/videos/66017.mp4,law,172,features_cache/66017.pt,66017
wlasl/videos/32447.mp4,law,172,features_cache/32447.pt,32447
wlasl/videos/32458.mp4,law,172,features_cache/32458.pt,32458
wlasl/videos/32448.mp4,law,172,features_cache/32448.pt,32448
wlasl/videos/32452.mp4,law,172,features_cache/32452.pt,32452
wlasl/videos/66106.mp4,match,184,features_cache/66106.pt,66106
wlasl/videos/35119.mp4,match,184,features_cache/35119.pt,35119
wlasl/videos/35120.mp4,match,184,features_cache/35120.pt,35120
wlasl/videos/35126.mp4,match,184,features_cache/35126.pt,35126
wlasl/videos/35115.mp4,match,184,features_cache/35115.pt,35115
wlasl/videos/35116.mp4,match,184,features_cache/35116.pt,35116
wlasl/videos/35369.mp4,meat,186,features_cache/35369.pt,35369
wlasl/videos/66109.mp4,meat,186,features_cache/66109.pt,66109
wlasl/videos/35360.mp4,meat,186,features_cache/35360.pt,35360
wlasl/videos/35361.mp4,meat,186,features_cache/35361.pt,35361
wlasl/videos/35366.mp4,meat,186,features_cache/35366.pt,35366
wlasl/videos/36048.mp4,milk,189,features_cache/36048.pt,36048
wlasl/videos/36652.mp4,money,190,features_cache/36652.pt,36652
wlasl/videos/36654.mp4,money,190,features_cache/36654.pt,36654
wlasl/videos/66138.mp4,money,190,features_cache/66138.pt,66138
wlasl/videos/36660.mp4,money,190,features_cache/36660.pt,36660
