video_path,class_gloss,class_id,feature_path
WLASL/videos/69241.mp4,book,210,features_cache/69241.pt
WLASL/videos/65225.mp4,book,210,features_cache/65225.pt
WLASL/videos/68011.mp4,book,210,features_cache/68011.pt
WLASL/videos/68208.mp4,book,210,features_cache/68208.pt
WLASL/videos/68012.mp4,book,210,features_cache/68012.pt
WLASL/videos/70266.mp4,book,210,features_cache/70266.pt
WLASL/videos/07085.mp4,book,210,features_cache/07085.pt
WLASL/videos/07086.mp4,book,210,features_cache/07086.pt
WLASL/videos/07087.mp4,book,210,features_cache/07087.pt
WLASL/videos/07069.mp4,book,210,features_cache/07069.pt
WLASL/videos/07088.mp4,book,210,features_cache/07088.pt
WLASL/videos/07089.mp4,book,210,features_cache/07089.pt
WLASL/videos/07090.mp4,book,210,features_cache/07090.pt
WLASL/videos/07091.mp4,book,210,features_cache/07091.pt
WLASL/videos/07068.mp4,book,210,features_cache/07068.pt
WLASL/videos/07097.mp4,book,210,features_cache/07097.pt
WLASL/videos/07070.mp4,book,210,features_cache/07070.pt
WLASL/videos/07071.mp4,book,210,features_cache/07071.pt
WLASL/videos/07073.mp4,book,210,features_cache/07073.pt
WLASL/videos/67424.mp4,book,210,features_cache/67424.pt
WLASL/videos/07074.mp4,book,210,features_cache/07074.pt
WLASL/videos/07075.mp4,book,210,features_cache/07075.pt
WLASL/videos/07076.mp4,book,210,features_cache/07076.pt
WLASL/videos/07077.mp4,book,210,features_cache/07077.pt
WLASL/videos/07078.mp4,book,210,features_cache/07078.pt
WLASL/videos/07079.mp4,book,210,features_cache/07079.pt
WLASL/videos/07080.mp4,book,210,features_cache/07080.pt
WLASL/videos/07081.mp4,book,210,features_cache/07081.pt
WLASL/videos/07082.mp4,book,210,features_cache/07082.pt
WLASL/videos/07084.mp4,book,210,features_cache/07084.pt
WLASL/videos/65539.mp4,drink,568,features_cache/65539.pt
WLASL/videos/68660.mp4,drink,568,features_cache/68660.pt
WLASL/videos/68041.mp4,drink,568,features_cache/68041.pt
WLASL/videos/17725.mp4,drink,568,features_cache/17725.pt
WLASL/videos/17726.mp4,drink,568,features_cache/17726.pt
WLASL/videos/17727.mp4,drink,568,features_cache/17727.pt
WLASL/videos/17728.mp4,drink,568,features_cache/17728.pt
WLASL/videos/17710.mp4,drink,568,features_cache/17710.pt
WLASL/videos/17729.mp4,drink,568,features_cache/17729.pt
WLASL/videos/17731.mp4,drink,568,features_cache/17731.pt
WLASL/videos/17732.mp4,drink,568,features_cache/17732.pt
WLASL/videos/17733.mp4,drink,568,features_cache/17733.pt
WLASL/videos/65540.mp4,drink,568,features_cache/65540.pt
WLASL/videos/17711.mp4,drink,568,features_cache/17711.pt
WLASL/videos/17712.mp4,drink,568,features_cache/17712.pt
WLASL/videos/17714.mp4,drink,568,features_cache/17714.pt
WLASL/videos/17715.mp4,drink,568,features_cache/17715.pt
WLASL/videos/17717.mp4,drink,568,features_cache/17717.pt
WLASL/videos/17709.mp4,drink,568,features_cache/17709.pt
WLASL/videos/67594.mp4,drink,568,features_cache/67594.pt
WLASL/videos/17719.mp4,drink,568,features_cache/17719.pt
WLASL/videos/17720.mp4,drink,568,features_cache/17720.pt
WLASL/videos/17721.mp4,drink,568,features_cache/17721.pt
WLASL/videos/17722.mp4,drink,568,features_cache/17722.pt
WLASL/videos/17723.mp4,drink,568,features_cache/17723.pt
WLASL/videos/68028.mp4,computer,392,features_cache/68028.pt
WLASL/videos/69054.mp4,computer,392,features_cache/69054.pt
WLASL/videos/12328.mp4,computer,392,features_cache/12328.pt
WLASL/videos/12329.mp4,computer,392,features_cache/12329.pt
WLASL/videos/12330.mp4,computer,392,features_cache/12330.pt
WLASL/videos/12331.mp4,computer,392,features_cache/12331.pt
WLASL/videos/12311.mp4,computer,392,features_cache/12311.pt
WLASL/videos/12337.mp4,computer,392,features_cache/12337.pt
WLASL/videos/12338.mp4,computer,392,features_cache/12338.pt
WLASL/videos/12313.mp4,computer,392,features_cache/12313.pt
WLASL/videos/12314.mp4,computer,392,features_cache/12314.pt
WLASL/videos/12316.mp4,computer,392,features_cache/12316.pt
WLASL/videos/12317.mp4,computer,392,features_cache/12317.pt
WLASL/videos/12318.mp4,computer,392,features_cache/12318.pt
WLASL/videos/12319.mp4,computer,392,features_cache/12319.pt
WLASL/videos/12321.mp4,computer,392,features_cache/12321.pt
WLASL/videos/12322.mp4,computer,392,features_cache/12322.pt
WLASL/videos/12323.mp4,computer,392,features_cache/12323.pt
WLASL/videos/12324.mp4,computer,392,features_cache/12324.pt
WLASL/videos/12327.mp4,computer,392,features_cache/12327.pt
WLASL/videos/05724.mp4,before,168,features_cache/05724.pt
WLASL/videos/70348.mp4,before,168,features_cache/70348.pt
WLASL/videos/68007.mp4,before,168,features_cache/68007.pt
WLASL/videos/05744.mp4,before,168,features_cache/05744.pt
WLASL/videos/05728.mp4,before,168,features_cache/05728.pt
WLASL/videos/05747.mp4,before,168,features_cache/05747.pt
WLASL/videos/05748.mp4,before,168,features_cache/05748.pt
WLASL/videos/05749.mp4,before,168,features_cache/05749.pt
WLASL/videos/05729.mp4,before,168,features_cache/05729.pt
WLASL/videos/05730.mp4,before,168,features_cache/05730.pt
WLASL/videos/65167.mp4,before,168,features_cache/65167.pt
WLASL/videos/05731.mp4,before,168,features_cache/05731.pt
WLASL/videos/05732.mp4,before,168,features_cache/05732.pt
WLASL/videos/05733.mp4,before,168,features_cache/05733.pt
WLASL/videos/05734.mp4,before,168,features_cache/05734.pt
WLASL/videos/05740.mp4,before,168,features_cache/05740.pt
WLASL/videos/05742.mp4,before,168,features_cache/05742.pt
WLASL/videos/05743.mp4,before,168,features_cache/05743.pt
WLASL/videos/70230.mp4,chair,313,features_cache/70230.pt
WLASL/videos/68580.mp4,chair,313,features_cache/68580.pt
WLASL/videos/70263.mp4,chair,313,features_cache/70263.pt
WLASL/videos/68019.mp4,chair,313,features_cache/68019.pt
WLASL/videos/09865.mp4,chair,313,features_cache/09865.pt
WLASL/videos/09866.mp4,chair,313,features_cache/09866.pt
WLASL/videos/09848.mp4,chair,313,features_cache/09848.pt
WLASL/videos/09869.mp4,chair,313,features_cache/09869.pt
WLASL/videos/09849.mp4,chair,313,features_cache/09849.pt
WLASL/videos/09850.mp4,chair,313,features_cache/09850.pt
WLASL/videos/65328.mp4,chair,313,features_cache/65328.pt
WLASL/videos/09853.mp4,chair,313,features_cache/09853.pt
WLASL/videos/09856.mp4,chair,313,features_cache/09856.pt
WLASL/videos/09857.mp4,chair,313,features_cache/09857.pt
WLASL/videos/09858.mp4,chair,313,features_cache/09858.pt
WLASL/videos/09859.mp4,chair,313,features_cache/09859.pt
WLASL/videos/09860.mp4,chair,313,features_cache/09860.pt
WLASL/videos/09861.mp4,chair,313,features_cache/09861.pt
WLASL/videos/09863.mp4,chair,313,features_cache/09863.pt
WLASL/videos/68292.mp4,go,789,features_cache/68292.pt
WLASL/videos/24955.mp4,go,789,features_cache/24955.pt
WLASL/videos/24956.mp4,go,789,features_cache/24956.pt
WLASL/videos/24941.mp4,go,789,features_cache/24941.pt
WLASL/videos/24961.mp4,go,789,features_cache/24961.pt
WLASL/videos/24962.mp4,go,789,features_cache/24962.pt
WLASL/videos/24965.mp4,go,789,features_cache/24965.pt
WLASL/videos/24969.mp4,go,789,features_cache/24969.pt
WLASL/videos/24970.mp4,go,789,features_cache/24970.pt
WLASL/videos/24971.mp4,go,789,features_cache/24971.pt
WLASL/videos/24972.mp4,go,789,features_cache/24972.pt
WLASL/videos/65824.mp4,go,789,features_cache/65824.pt
WLASL/videos/24973.mp4,go,789,features_cache/24973.pt
WLASL/videos/24943.mp4,go,789,features_cache/24943.pt
WLASL/videos/24947.mp4,go,789,features_cache/24947.pt
WLASL/videos/24940.mp4,go,789,features_cache/24940.pt
WLASL/videos/24950.mp4,go,789,features_cache/24950.pt
WLASL/videos/24951.mp4,go,789,features_cache/24951.pt
WLASL/videos/24954.mp4,go,789,features_cache/24954.pt
WLASL/videos/68870.mp4,clothes,358,features_cache/68870.pt
WLASL/videos/68024.mp4,clothes,358,features_cache/68024.pt
WLASL/videos/11327.mp4,clothes,358,features_cache/11327.pt
WLASL/videos/11328.mp4,clothes,358,features_cache/11328.pt
WLASL/videos/11310.mp4,clothes,358,features_cache/11310.pt
WLASL/videos/11329.mp4,clothes,358,features_cache/11329.pt
WLASL/videos/11330.mp4,clothes,358,features_cache/11330.pt
WLASL/videos/11312.mp4,clothes,358,features_cache/11312.pt
WLASL/videos/11313.mp4,clothes,358,features_cache/11313.pt
WLASL/videos/11309.mp4,clothes,358,features_cache/11309.pt
WLASL/videos/11316.mp4,clothes,358,features_cache/11316.pt
WLASL/videos/11317.mp4,clothes,358,features_cache/11317.pt
WLASL/videos/11320.mp4,clothes,358,features_cache/11320.pt
WLASL/videos/11321.mp4,clothes,358,features_cache/11321.pt
WLASL/videos/11322.mp4,clothes,358,features_cache/11322.pt
WLASL/videos/11323.mp4,clothes,358,features_cache/11323.pt
WLASL/videos/11324.mp4,clothes,358,features_cache/11324.pt
WLASL/videos/11326.mp4,clothes,358,features_cache/11326.pt
WLASL/videos/69534.mp4,who,1955,features_cache/69534.pt
WLASL/videos/68890.mp4,who,1955,features_cache/68890.pt
WLASL/videos/68183.mp4,who,1955,features_cache/68183.pt
WLASL/videos/63239.mp4,who,1955,features_cache/63239.pt
WLASL/videos/63240.mp4,who,1955,features_cache/63240.pt
WLASL/videos/63241.mp4,who,1955,features_cache/63241.pt
WLASL/videos/63242.mp4,who,1955,features_cache/63242.pt
WLASL/videos/63227.mp4,who,1955,features_cache/63227.pt
WLASL/videos/63228.mp4,who,1955,features_cache/63228.pt
WLASL/videos/63231.mp4,who,1955,features_cache/63231.pt
WLASL/videos/66778.mp4,who,1955,features_cache/66778.pt
WLASL/videos/63232.mp4,who,1955,features_cache/63232.pt
WLASL/videos/66779.mp4,who,1955,features_cache/66779.pt
WLASL/videos/66780.mp4,who,1955,features_cache/66780.pt
WLASL/videos/63225.mp4,who,1955,features_cache/63225.pt
WLASL/videos/67066.mp4,who,1955,features_cache/67066.pt
WLASL/videos/63236.mp4,who,1955,features_cache/63236.pt
WLASL/videos/63238.mp4,who,1955,features_cache/63238.pt
WLASL/videos/08909.mp4,candy,285,features_cache/08909.pt
WLASL/videos/68018.mp4,candy,285,features_cache/68018.pt
WLASL/videos/70326.mp4,candy,285,features_cache/70326.pt
WLASL/videos/68790.mp4,candy,285,features_cache/68790.pt
WLASL/videos/08928.mp4,candy,285,features_cache/08928.pt
WLASL/videos/08916.mp4,candy,285,features_cache/08916.pt
WLASL/videos/08917.mp4,candy,285,features_cache/08917.pt
WLASL/videos/08919.mp4,candy,285,features_cache/08919.pt
WLASL/videos/08920.mp4,candy,285,features_cache/08920.pt
WLASL/videos/08921.mp4,candy,285,features_cache/08921.pt
WLASL/videos/08923.mp4,candy,285,features_cache/08923.pt
WLASL/videos/65298.mp4,candy,285,features_cache/65298.pt
WLASL/videos/08924.mp4,candy,285,features_cache/08924.pt
WLASL/videos/65299.mp4,candy,285,features_cache/65299.pt
WLASL/videos/67470.mp4,candy,285,features_cache/67470.pt
WLASL/videos/08926.mp4,candy,285,features_cache/08926.pt
WLASL/videos/08927.mp4,candy,285,features_cache/08927.pt
WLASL/videos/70332.mp4,cousin,433,features_cache/70332.pt
WLASL/videos/68592.mp4,cousin,433,features_cache/68592.pt
WLASL/videos/13647.mp4,cousin,433,features_cache/13647.pt
WLASL/videos/13648.mp4,cousin,433,features_cache/13648.pt
WLASL/videos/13631.mp4,cousin,433,features_cache/13631.pt
WLASL/videos/13632.mp4,cousin,433,features_cache/13632.pt
WLASL/videos/13636.mp4,cousin,433,features_cache/13636.pt
WLASL/videos/13637.mp4,cousin,433,features_cache/13637.pt
WLASL/videos/13638.mp4,cousin,433,features_cache/13638.pt
WLASL/videos/13630.mp4,cousin,433,features_cache/13630.pt
WLASL/videos/13640.mp4,cousin,433,features_cache/13640.pt
WLASL/videos/13642.mp4,cousin,433,features_cache/13642.pt
WLASL/videos/13643.mp4,cousin,433,features_cache/13643.pt
WLASL/videos/13644.mp4,cousin,433,features_cache/13644.pt
WLASL/videos/13645.mp4,cousin,433,features_cache/13645.pt
WLASL/videos/13646.mp4,cousin,433,features_cache/13646.pt
WLASL/videos/70015.mp4,deaf,472,features_cache/70015.pt
WLASL/videos/68586.mp4,deaf,472,features_cache/68586.pt
WLASL/videos/68033.mp4,deaf,472,features_cache/68033.pt
WLASL/videos/14899.mp4,deaf,472,features_cache/14899.pt
WLASL/videos/14900.mp4,deaf,472,features_cache/14900.pt
WLASL/videos/14882.mp4,deaf,472,features_cache/14882.pt
WLASL/videos/14884.mp4,deaf,472,features_cache/14884.pt
WLASL/videos/14885.mp4,deaf,472,features_cache/14885.pt
WLASL/videos/14886.mp4,deaf,472,features_cache/14886.pt
WLASL/videos/65445.mp4,deaf,472,features_cache/65445.pt
WLASL/videos/14889.mp4,deaf,472,features_cache/14889.pt
WLASL/videos/14893.mp4,deaf,472,features_cache/14893.pt
WLASL/videos/14894.mp4,deaf,472,features_cache/14894.pt
WLASL/videos/14895.mp4,deaf,472,features_cache/14895.pt
WLASL/videos/14896.mp4,deaf,472,features_cache/14896.pt
WLASL/videos/14898.mp4,deaf,472,features_cache/14898.pt
WLASL/videos/68048.mp4,fine,703,features_cache/68048.pt
WLASL/videos/21885.mp4,fine,703,features_cache/21885.pt
WLASL/videos/21888.mp4,fine,703,features_cache/21888.pt
WLASL/videos/21870.mp4,fine,703,features_cache/21870.pt
WLASL/videos/21889.mp4,fine,703,features_cache/21889.pt
WLASL/videos/21891.mp4,fine,703,features_cache/21891.pt
WLASL/videos/21871.mp4,fine,703,features_cache/21871.pt
WLASL/videos/21869.mp4,fine,703,features_cache/21869.pt
WLASL/videos/21875.mp4,fine,703,features_cache/21875.pt
WLASL/videos/21876.mp4,fine,703,features_cache/21876.pt
WLASL/videos/21878.mp4,fine,703,features_cache/21878.pt
WLASL/videos/67660.mp4,fine,703,features_cache/67660.pt
WLASL/videos/67659.mp4,fine,703,features_cache/67659.pt
WLASL/videos/21883.mp4,fine,703,features_cache/21883.pt
WLASL/videos/21884.mp4,fine,703,features_cache/21884.pt
WLASL/videos/27221.mp4,help,858,features_cache/27221.pt
WLASL/videos/27206.mp4,help,858,features_cache/27206.pt
WLASL/videos/27207.mp4,help,858,features_cache/27207.pt
WLASL/videos/27208.mp4,help,858,features_cache/27208.pt
WLASL/videos/27210.mp4,help,858,features_cache/27210.pt
WLASL/videos/27211.mp4,help,858,features_cache/27211.pt
WLASL/videos/27212.mp4,help,858,features_cache/27212.pt
WLASL/videos/65890.mp4,help,858,features_cache/65890.pt
WLASL/videos/27214.mp4,help,858,features_cache/27214.pt
WLASL/videos/65889.mp4,help,858,features_cache/65889.pt
WLASL/videos/67757.mp4,help,858,features_cache/67757.pt
WLASL/videos/27215.mp4,help,858,features_cache/27215.pt
WLASL/videos/27216.mp4,help,858,features_cache/27216.pt
WLASL/videos/27217.mp4,help,858,features_cache/27217.pt
WLASL/videos/27218.mp4,help,858,features_cache/27218.pt
WLASL/videos/38539.mp4,no,1166,features_cache/38539.pt
WLASL/videos/38540.mp4,no,1166,features_cache/38540.pt
WLASL/videos/38541.mp4,no,1166,features_cache/38541.pt
WLASL/videos/38542.mp4,no,1166,features_cache/38542.pt
WLASL/videos/38544.mp4,no,1166,features_cache/38544.pt
WLASL/videos/38527.mp4,no,1166,features_cache/38527.pt
WLASL/videos/38529.mp4,no,1166,features_cache/38529.pt
WLASL/videos/38530.mp4,no,1166,features_cache/38530.pt
WLASL/videos/38532.mp4,no,1166,features_cache/38532.pt
WLASL/videos/66183.mp4,no,1166,features_cache/66183.pt
WLASL/videos/38524.mp4,no,1166,features_cache/38524.pt
WLASL/videos/67934.mp4,no,1166,features_cache/67934.pt
WLASL/videos/38534.mp4,no,1166,features_cache/38534.pt
WLASL/videos/38536.mp4,no,1166,features_cache/38536.pt
WLASL/videos/38538.mp4,no,1166,features_cache/38538.pt
WLASL/videos/57919.mp4,thin,1797,features_cache/57919.pt
WLASL/videos/57949.mp4,thin,1797,features_cache/57949.pt
WLASL/videos/57950.mp4,thin,1797,features_cache/57950.pt
WLASL/videos/57952.mp4,thin,1797,features_cache/57952.pt
WLASL/videos/57934.mp4,thin,1797,features_cache/57934.pt
WLASL/videos/57953.mp4,thin,1797,features_cache/57953.pt
WLASL/videos/57935.mp4,thin,1797,features_cache/57935.pt
WLASL/videos/57936.mp4,thin,1797,features_cache/57936.pt
WLASL/videos/57937.mp4,thin,1797,features_cache/57937.pt
WLASL/videos/66606.mp4,thin,1797,features_cache/66606.pt
WLASL/videos/57939.mp4,thin,1797,features_cache/57939.pt
WLASL/videos/57940.mp4,thin,1797,features_cache/57940.pt
WLASL/videos/57942.mp4,thin,1797,features_cache/57942.pt
WLASL/videos/67299.mp4,thin,1797,features_cache/67299.pt
WLASL/videos/57947.mp4,thin,1797,features_cache/57947.pt
WLASL/videos/62173.mp4,walk,1913,features_cache/62173.pt
WLASL/videos/62174.mp4,walk,1913,features_cache/62174.pt
WLASL/videos/62175.mp4,walk,1913,features_cache/62175.pt
WLASL/videos/62159.mp4,walk,1913,features_cache/62159.pt
WLASL/videos/62163.mp4,walk,1913,features_cache/62163.pt
WLASL/videos/62164.mp4,walk,1913,features_cache/62164.pt
WLASL/videos/62165.mp4,walk,1913,features_cache/62165.pt
WLASL/videos/66743.mp4,walk,1913,features_cache/66743.pt
WLASL/videos/66742.mp4,walk,1913,features_cache/66742.pt
WLASL/videos/67036.mp4,walk,1913,features_cache/67036.pt
WLASL/videos/62168.mp4,walk,1913,features_cache/62168.pt
WLASL/videos/62169.mp4,walk,1913,features_cache/62169.pt
WLASL/videos/62170.mp4,walk,1913,features_cache/62170.pt
WLASL/videos/62171.mp4,walk,1913,features_cache/62171.pt
WLASL/videos/62172.mp4,walk,1913,features_cache/62172.pt
WLASL/videos/70306.mp4,year,1991,features_cache/70306.pt
WLASL/videos/68992.mp4,year,1991,features_cache/68992.pt
WLASL/videos/64223.mp4,year,1991,features_cache/64223.pt
WLASL/videos/64224.mp4,year,1991,features_cache/64224.pt
WLASL/videos/64212.mp4,year,1991,features_cache/64212.pt
WLASL/videos/66818.mp4,year,1991,features_cache/66818.pt
WLASL/videos/64213.mp4,year,1991,features_cache/64213.pt
WLASL/videos/66816.mp4,year,1991,features_cache/66816.pt
WLASL/videos/64215.mp4,year,1991,features_cache/64215.pt
WLASL/videos/67012.mp4,year,1991,features_cache/67012.pt
WLASL/videos/64217.mp4,year,1991,features_cache/64217.pt
WLASL/videos/64219.mp4,year,1991,features_cache/64219.pt
WLASL/videos/64218.mp4,year,1991,features_cache/64218.pt
WLASL/videos/64221.mp4,year,1991,features_cache/64221.pt
WLASL/videos/64222.mp4,year,1991,features_cache/64222.pt
WLASL/videos/64290.mp4,yes,1993,features_cache/64290.pt
WLASL/videos/64284.mp4,yes,1993,features_cache/64284.pt
WLASL/videos/64291.mp4,yes,1993,features_cache/64291.pt
WLASL/videos/64292.mp4,yes,1993,features_cache/64292.pt
WLASL/videos/64294.mp4,yes,1993,features_cache/64294.pt
WLASL/videos/64295.mp4,yes,1993,features_cache/64295.pt
WLASL/videos/64296.mp4,yes,1993,features_cache/64296.pt
WLASL/videos/66820.mp4,yes,1993,features_cache/66820.pt
WLASL/videos/64280.mp4,yes,1993,features_cache/64280.pt
WLASL/videos/64299.mp4,yes,1993,features_cache/64299.pt
WLASL/videos/64300.mp4,yes,1993,features_cache/64300.pt
WLASL/videos/64281.mp4,yes,1993,features_cache/64281.pt
WLASL/videos/64288.mp4,yes,1993,features_cache/64288.pt
WLASL/videos/64289.mp4,yes,1993,features_cache/64289.pt
WLASL/videos/64283.mp4,yes,1993,features_cache/64283.pt
WLASL/videos/69206.mp4,all,48,features_cache/69206.pt
WLASL/videos/02002.mp4,all,48,features_cache/02002.pt
WLASL/videos/02003.mp4,all,48,features_cache/02003.pt
WLASL/videos/01987.mp4,all,48,features_cache/01987.pt
WLASL/videos/01988.mp4,all,48,features_cache/01988.pt
WLASL/videos/01989.mp4,all,48,features_cache/01989.pt
WLASL/videos/01990.mp4,all,48,features_cache/01990.pt
WLASL/videos/01991.mp4,all,48,features_cache/01991.pt
WLASL/videos/01992.mp4,all,48,features_cache/01992.pt
WLASL/videos/65043.mp4,all,48,features_cache/65043.pt
WLASL/videos/01995.mp4,all,48,features_cache/01995.pt
WLASL/videos/67356.mp4,all,48,features_cache/67356.pt
WLASL/videos/01998.mp4,all,48,features_cache/01998.pt
WLASL/videos/02000.mp4,all,48,features_cache/02000.pt
WLASL/videos/70244.mp4,black,196,features_cache/70244.pt
WLASL/videos/06472.mp4,black,196,features_cache/06472.pt
WLASL/videos/06473.mp4,black,196,features_cache/06473.pt
WLASL/videos/06474.mp4,black,196,features_cache/06474.pt
WLASL/videos/06475.mp4,black,196,features_cache/06475.pt
WLASL/videos/06477.mp4,black,196,features_cache/06477.pt
WLASL/videos/06478.mp4,black,196,features_cache/06478.pt
WLASL/videos/06480.mp4,black,196,features_cache/06480.pt
WLASL/videos/65200.mp4,black,196,features_cache/65200.pt
WLASL/videos/06471.mp4,black,196,features_cache/06471.pt
WLASL/videos/67414.mp4,black,196,features_cache/67414.pt
WLASL/videos/06482.mp4,black,196,features_cache/06482.pt
WLASL/videos/06484.mp4,black,196,features_cache/06484.pt
WLASL/videos/06485.mp4,black,196,features_cache/06485.pt
WLASL/videos/06486.mp4,black,196,features_cache/06486.pt
WLASL/videos/69281.mp4,cool,418,features_cache/69281.pt
WLASL/videos/65403.mp4,cool,418,features_cache/65403.pt
WLASL/videos/13213.mp4,cool,418,features_cache/13213.pt
WLASL/videos/13214.mp4,cool,418,features_cache/13214.pt
WLASL/videos/13216.mp4,cool,418,features_cache/13216.pt
WLASL/videos/13217.mp4,cool,418,features_cache/13217.pt
WLASL/videos/13199.mp4,cool,418,features_cache/13199.pt
WLASL/videos/13200.mp4,cool,418,features_cache/13200.pt
WLASL/videos/13201.mp4,cool,418,features_cache/13201.pt
WLASL/videos/13202.mp4,cool,418,features_cache/13202.pt
WLASL/videos/13205.mp4,cool,418,features_cache/13205.pt
WLASL/videos/13206.mp4,cool,418,features_cache/13206.pt
WLASL/videos/13208.mp4,cool,418,features_cache/13208.pt
WLASL/videos/13209.mp4,cool,418,features_cache/13209.pt
WLASL/videos/68050.mp4,finish,705,features_cache/68050.pt
WLASL/videos/68674.mp4,finish,705,features_cache/68674.pt
WLASL/videos/68688.mp4,finish,705,features_cache/68688.pt
WLASL/videos/21943.mp4,finish,705,features_cache/21943.pt
WLASL/videos/21945.mp4,finish,705,features_cache/21945.pt
WLASL/videos/21950.mp4,finish,705,features_cache/21950.pt
WLASL/videos/65721.mp4,finish,705,features_cache/65721.pt
WLASL/videos/21941.mp4,finish,705,features_cache/21941.pt
WLASL/videos/67663.mp4,finish,705,features_cache/67663.pt
WLASL/videos/21951.mp4,finish,705,features_cache/21951.pt
WLASL/videos/21953.mp4,finish,705,features_cache/21953.pt
WLASL/videos/21954.mp4,finish,705,features_cache/21954.pt
WLASL/videos/21955.mp4,finish,705,features_cache/21955.pt
WLASL/videos/21956.mp4,finish,705,features_cache/21956.pt
WLASL/videos/28125.mp4,hot,884,features_cache/28125.pt
WLASL/videos/28108.mp4,hot,884,features_cache/28108.pt
WLASL/videos/28109.mp4,hot,884,features_cache/28109.pt
WLASL/videos/28110.mp4,hot,884,features_cache/28110.pt
WLASL/videos/28111.mp4,hot,884,features_cache/28111.pt
WLASL/videos/28113.mp4,hot,884,features_cache/28113.pt
WLASL/videos/28114.mp4,hot,884,features_cache/28114.pt
WLASL/videos/28115.mp4,hot,884,features_cache/28115.pt
WLASL/videos/28116.mp4,hot,884,features_cache/28116.pt
WLASL/videos/28107.mp4,hot,884,features_cache/28107.pt
WLASL/videos/28118.mp4,hot,884,features_cache/28118.pt
WLASL/videos/28120.mp4,hot,884,features_cache/28120.pt
WLASL/videos/28122.mp4,hot,884,features_cache/28122.pt
WLASL/videos/28123.mp4,hot,884,features_cache/28123.pt
WLASL/videos/28124.mp4,hot,884,features_cache/28124.pt
WLASL/videos/33266.mp4,like,1026,features_cache/33266.pt
WLASL/videos/70299.mp4,like,1026,features_cache/70299.pt
WLASL/videos/33285.mp4,like,1026,features_cache/33285.pt
WLASL/videos/33267.mp4,like,1026,features_cache/33267.pt
WLASL/videos/33269.mp4,like,1026,features_cache/33269.pt
WLASL/videos/33273.mp4,like,1026,features_cache/33273.pt
WLASL/videos/33274.mp4,like,1026,features_cache/33274.pt
WLASL/videos/33277.mp4,like,1026,features_cache/33277.pt
WLASL/videos/33278.mp4,like,1026,features_cache/33278.pt
WLASL/videos/33279.mp4,like,1026,features_cache/33279.pt
WLASL/videos/33281.mp4,like,1026,features_cache/33281.pt
WLASL/videos/33282.mp4,like,1026,features_cache/33282.pt
WLASL/videos/33283.mp4,like,1026,features_cache/33283.pt
WLASL/videos/33284.mp4,like,1026,features_cache/33284.pt
WLASL/videos/34823.mp4,many,1063,features_cache/34823.pt
WLASL/videos/34824.mp4,many,1063,features_cache/34824.pt
WLASL/videos/34825.mp4,many,1063,features_cache/34825.pt
WLASL/videos/34826.mp4,many,1063,features_cache/34826.pt
WLASL/videos/34827.mp4,many,1063,features_cache/34827.pt
WLASL/videos/34829.mp4,many,1063,features_cache/34829.pt
WLASL/videos/34830.mp4,many,1063,features_cache/34830.pt
WLASL/videos/34831.mp4,many,1063,features_cache/34831.pt
WLASL/videos/67873.mp4,many,1063,features_cache/67873.pt
WLASL/videos/34832.mp4,many,1063,features_cache/34832.pt
WLASL/videos/34833.mp4,many,1063,features_cache/34833.pt
WLASL/videos/34835.mp4,many,1063,features_cache/34835.pt
WLASL/videos/34837.mp4,many,1063,features_cache/34837.pt
WLASL/videos/34838.mp4,many,1063,features_cache/34838.pt
WLASL/videos/34839.mp4,many,1063,features_cache/34839.pt
WLASL/videos/36946.mp4,mother,1118,features_cache/36946.pt
WLASL/videos/36930.mp4,mother,1118,features_cache/36930.pt
WLASL/videos/36931.mp4,mother,1118,features_cache/36931.pt
WLASL/videos/36932.mp4,mother,1118,features_cache/36932.pt
WLASL/videos/36933.mp4,mother,1118,features_cache/36933.pt
WLASL/videos/36936.mp4,mother,1118,features_cache/36936.pt
WLASL/videos/36937.mp4,mother,1118,features_cache/36937.pt
WLASL/videos/36938.mp4,mother,1118,features_cache/36938.pt
WLASL/videos/66147.mp4,mother,1118,features_cache/66147.pt
WLASL/videos/66146.mp4,mother,1118,features_cache/66146.pt
WLASL/videos/36929.mp4,mother,1118,features_cache/36929.pt
WLASL/videos/36939.mp4,mother,1118,features_cache/36939.pt
WLASL/videos/36941.mp4,mother,1118,features_cache/36941.pt
WLASL/videos/36942.mp4,mother,1118,features_cache/36942.pt
WLASL/videos/36944.mp4,mother,1118,features_cache/36944.pt
WLASL/videos/70345.mp4,now,1178,features_cache/70345.pt
WLASL/videos/68694.mp4,now,1178,features_cache/68694.pt
WLASL/videos/68770.mp4,now,1178,features_cache/68770.pt
WLASL/videos/68114.mp4,now,1178,features_cache/68114.pt
WLASL/videos/38999.mp4,now,1178,features_cache/38999.pt
WLASL/videos/39001.mp4,now,1178,features_cache/39001.pt
WLASL/videos/39002.mp4,now,1178,features_cache/39002.pt
WLASL/videos/39003.mp4,now,1178,features_cache/39003.pt
WLASL/videos/38990.mp4,now,1178,features_cache/38990.pt
WLASL/videos/67937.mp4,now,1178,features_cache/67937.pt
WLASL/videos/39004.mp4,now,1178,features_cache/39004.pt
WLASL/videos/39006.mp4,now,1178,features_cache/39006.pt
WLASL/videos/38995.mp4,now,1178,features_cache/38995.pt
WLASL/videos/38996.mp4,now,1178,features_cache/38996.pt
WLASL/videos/38997.mp4,now,1178,features_cache/38997.pt
WLASL/videos/70249.mp4,orange,1212,features_cache/70249.pt
WLASL/videos/68122.mp4,orange,1212,features_cache/68122.pt
WLASL/videos/40115.mp4,orange,1212,features_cache/40115.pt
WLASL/videos/40116.mp4,orange,1212,features_cache/40116.pt
WLASL/videos/40117.mp4,orange,1212,features_cache/40117.pt
WLASL/videos/40119.mp4,orange,1212,features_cache/40119.pt
WLASL/videos/40120.mp4,orange,1212,features_cache/40120.pt
WLASL/videos/40121.mp4,orange,1212,features_cache/40121.pt
WLASL/videos/40122.mp4,orange,1212,features_cache/40122.pt
WLASL/videos/40123.mp4,orange,1212,features_cache/40123.pt
WLASL/videos/66246.mp4,orange,1212,features_cache/66246.pt
WLASL/videos/40124.mp4,orange,1212,features_cache/40124.pt
WLASL/videos/40128.mp4,orange,1212,features_cache/40128.pt
WLASL/videos/40129.mp4,orange,1212,features_cache/40129.pt
WLASL/videos/40130.mp4,orange,1212,features_cache/40130.pt
WLASL/videos/56573.mp4,table,1744,features_cache/56573.pt
WLASL/videos/56574.mp4,table,1744,features_cache/56574.pt
WLASL/videos/56557.mp4,table,1744,features_cache/56557.pt
WLASL/videos/56576.mp4,table,1744,features_cache/56576.pt
WLASL/videos/56577.mp4,table,1744,features_cache/56577.pt
WLASL/videos/56579.mp4,table,1744,features_cache/56579.pt
WLASL/videos/56558.mp4,table,1744,features_cache/56558.pt
WLASL/videos/56556.mp4,table,1744,features_cache/56556.pt
WLASL/videos/56560.mp4,table,1744,features_cache/56560.pt
WLASL/videos/56563.mp4,table,1744,features_cache/56563.pt
WLASL/videos/56564.mp4,table,1744,features_cache/56564.pt
WLASL/videos/56566.mp4,table,1744,features_cache/56566.pt
WLASL/videos/56568.mp4,table,1744,features_cache/56568.pt
WLASL/videos/56569.mp4,table,1744,features_cache/56569.pt
WLASL/videos/56571.mp4,table,1744,features_cache/56571.pt
WLASL/videos/69092.mp4,thanksgiving,1782,features_cache/69092.pt
WLASL/videos/57645.mp4,thanksgiving,1782,features_cache/57645.pt
WLASL/videos/57647.mp4,thanksgiving,1782,features_cache/57647.pt
WLASL/videos/57630.mp4,thanksgiving,1782,features_cache/57630.pt
WLASL/videos/57631.mp4,thanksgiving,1782,features_cache/57631.pt
WLASL/videos/57632.mp4,thanksgiving,1782,features_cache/57632.pt
WLASL/videos/57633.mp4,thanksgiving,1782,features_cache/57633.pt
WLASL/videos/57634.mp4,thanksgiving,1782,features_cache/57634.pt
WLASL/videos/67292.mp4,thanksgiving,1782,features_cache/67292.pt
WLASL/videos/57635.mp4,thanksgiving,1782,features_cache/57635.pt
WLASL/videos/57636.mp4,thanksgiving,1782,features_cache/57636.pt
WLASL/videos/57638.mp4,thanksgiving,1782,features_cache/57638.pt
WLASL/videos/57641.mp4,thanksgiving,1782,features_cache/57641.pt
WLASL/videos/57642.mp4,thanksgiving,1782,features_cache/57642.pt
WLASL/videos/57643.mp4,thanksgiving,1782,features_cache/57643.pt
WLASL/videos/68330.mp4,what,1946,features_cache/68330.pt
WLASL/videos/62968.mp4,what,1946,features_cache/62968.pt
WLASL/videos/62982.mp4,what,1946,features_cache/62982.pt
WLASL/videos/62970.mp4,what,1946,features_cache/62970.pt
WLASL/videos/62984.mp4,what,1946,features_cache/62984.pt
WLASL/videos/62971.mp4,what,1946,features_cache/62971.pt
WLASL/videos/66769.mp4,what,1946,features_cache/66769.pt
WLASL/videos/67057.mp4,what,1946,features_cache/67057.pt
WLASL/videos/62986.mp4,what,1946,features_cache/62986.pt
WLASL/videos/62973.mp4,what,1946,features_cache/62973.pt
WLASL/videos/62964.mp4,what,1946,features_cache/62964.pt
WLASL/videos/67058.mp4,what,1946,features_cache/67058.pt
WLASL/videos/62979.mp4,what,1946,features_cache/62979.pt
WLASL/videos/62966.mp4,what,1946,features_cache/62966.pt
WLASL/videos/63679.mp4,woman,1972,features_cache/63679.pt
WLASL/videos/63665.mp4,woman,1972,features_cache/63665.pt
WLASL/videos/63666.mp4,woman,1972,features_cache/63666.pt
WLASL/videos/63667.mp4,woman,1972,features_cache/63667.pt
WLASL/videos/63668.mp4,woman,1972,features_cache/63668.pt
WLASL/videos/63670.mp4,woman,1972,features_cache/63670.pt
WLASL/videos/63671.mp4,woman,1972,features_cache/63671.pt
WLASL/videos/63672.mp4,woman,1972,features_cache/63672.pt
WLASL/videos/63673.mp4,woman,1972,features_cache/63673.pt
WLASL/videos/66798.mp4,woman,1972,features_cache/66798.pt
WLASL/videos/66799.mp4,woman,1972,features_cache/66799.pt
WLASL/videos/67078.mp4,woman,1972,features_cache/67078.pt
WLASL/videos/63676.mp4,woman,1972,features_cache/63676.pt
WLASL/videos/63677.mp4,woman,1972,features_cache/63677.pt
WLASL/videos/63678.mp4,woman,1972,features_cache/63678.pt
WLASL/videos/05644.mp4,bed,164,features_cache/05644.pt
WLASL/videos/05629.mp4,bed,164,features_cache/05629.pt
WLASL/videos/05630.mp4,bed,164,features_cache/05630.pt
WLASL/videos/05631.mp4,bed,164,features_cache/05631.pt
WLASL/videos/05632.mp4,bed,164,features_cache/05632.pt
WLASL/videos/05633.mp4,bed,164,features_cache/05633.pt
WLASL/videos/05634.mp4,bed,164,features_cache/05634.pt
WLASL/videos/05635.mp4,bed,164,features_cache/05635.pt
WLASL/videos/05636.mp4,bed,164,features_cache/05636.pt
WLASL/videos/65162.mp4,bed,164,features_cache/65162.pt
WLASL/videos/05637.mp4,bed,164,features_cache/05637.pt
WLASL/videos/65161.mp4,bed,164,features_cache/65161.pt
WLASL/videos/05638.mp4,bed,164,features_cache/05638.pt
WLASL/videos/05641.mp4,bed,164,features_cache/05641.pt
WLASL/videos/05642.mp4,bed,164,features_cache/05642.pt
WLASL/videos/68274.mp4,blue,204,features_cache/68274.pt
WLASL/videos/68010.mp4,blue,204,features_cache/68010.pt
WLASL/videos/06835.mp4,blue,204,features_cache/06835.pt
WLASL/videos/06836.mp4,blue,204,features_cache/06836.pt
WLASL/videos/06837.mp4,blue,204,features_cache/06837.pt
WLASL/videos/06838.mp4,blue,204,features_cache/06838.pt
WLASL/videos/06839.mp4,blue,204,features_cache/06839.pt
WLASL/videos/06840.mp4,blue,204,features_cache/06840.pt
WLASL/videos/06841.mp4,blue,204,features_cache/06841.pt
WLASL/videos/65216.mp4,blue,204,features_cache/65216.pt
WLASL/videos/06832.mp4,blue,204,features_cache/06832.pt
WLASL/videos/06842.mp4,blue,204,features_cache/06842.pt
WLASL/videos/06844.mp4,blue,204,features_cache/06844.pt
WLASL/videos/06833.mp4,blue,204,features_cache/06833.pt
WLASL/videos/06834.mp4,blue,204,features_cache/06834.pt
WLASL/videos/07389.mp4,bowling,222,features_cache/07389.pt
WLASL/videos/07390.mp4,bowling,222,features_cache/07390.pt
WLASL/videos/07391.mp4,bowling,222,features_cache/07391.pt
WLASL/videos/07392.mp4,bowling,222,features_cache/07392.pt
WLASL/videos/07393.mp4,bowling,222,features_cache/07393.pt
WLASL/videos/07394.mp4,bowling,222,features_cache/07394.pt
WLASL/videos/07395.mp4,bowling,222,features_cache/07395.pt
WLASL/videos/07396.mp4,bowling,222,features_cache/07396.pt
WLASL/videos/07397.mp4,bowling,222,features_cache/07397.pt
WLASL/videos/65242.mp4,bowling,222,features_cache/65242.pt
WLASL/videos/65241.mp4,bowling,222,features_cache/65241.pt
WLASL/videos/67431.mp4,bowling,222,features_cache/67431.pt
WLASL/videos/07399.mp4,bowling,222,features_cache/07399.pt
WLASL/videos/07401.mp4,bowling,222,features_cache/07401.pt
WLASL/videos/07402.mp4,bowling,222,features_cache/07402.pt
WLASL/videos/08950.mp4,can,280,features_cache/08950.pt
WLASL/videos/08951.mp4,can,280,features_cache/08951.pt
WLASL/videos/08952.mp4,can,280,features_cache/08952.pt
WLASL/videos/08953.mp4,can,280,features_cache/08953.pt
WLASL/videos/08955.mp4,can,280,features_cache/08955.pt
WLASL/videos/08935.mp4,can,280,features_cache/08935.pt
WLASL/videos/08936.mp4,can,280,features_cache/08936.pt
WLASL/videos/08937.mp4,can,280,features_cache/08937.pt
WLASL/videos/08938.mp4,can,280,features_cache/08938.pt
WLASL/videos/08939.mp4,can,280,features_cache/08939.pt
WLASL/videos/08942.mp4,can,280,features_cache/08942.pt
WLASL/videos/08944.mp4,can,280,features_cache/08944.pt
WLASL/videos/08946.mp4,can,280,features_cache/08946.pt
WLASL/videos/08948.mp4,can,280,features_cache/08948.pt
WLASL/videos/08949.mp4,can,280,features_cache/08949.pt
WLASL/videos/17076.mp4,dog,548,features_cache/17076.pt
WLASL/videos/69298.mp4,dog,548,features_cache/69298.pt
WLASL/videos/68632.mp4,dog,548,features_cache/68632.pt
WLASL/videos/17084.mp4,dog,548,features_cache/17084.pt
WLASL/videos/17085.mp4,dog,548,features_cache/17085.pt
WLASL/videos/17086.mp4,dog,548,features_cache/17086.pt
WLASL/videos/17087.mp4,dog,548,features_cache/17087.pt
WLASL/videos/17088.mp4,dog,548,features_cache/17088.pt
WLASL/videos/17090.mp4,dog,548,features_cache/17090.pt
WLASL/videos/17091.mp4,dog,548,features_cache/17091.pt
WLASL/videos/17092.mp4,dog,548,features_cache/17092.pt
WLASL/videos/65507.mp4,dog,548,features_cache/65507.pt
WLASL/videos/17093.mp4,dog,548,features_cache/17093.pt
WLASL/videos/17095.mp4,dog,548,features_cache/17095.pt
WLASL/videos/69016.mp4,family,678,features_cache/69016.pt
WLASL/videos/20980.mp4,family,678,features_cache/20980.pt
WLASL/videos/20981.mp4,family,678,features_cache/20981.pt
WLASL/videos/20982.mp4,family,678,features_cache/20982.pt
WLASL/videos/20983.mp4,family,678,features_cache/20983.pt
WLASL/videos/20984.mp4,family,678,features_cache/20984.pt
WLASL/videos/20985.mp4,family,678,features_cache/20985.pt
WLASL/videos/20986.mp4,family,678,features_cache/20986.pt
WLASL/videos/20987.mp4,family,678,features_cache/20987.pt
WLASL/videos/65677.mp4,family,678,features_cache/65677.pt
WLASL/videos/20978.mp4,family,678,features_cache/20978.pt
WLASL/videos/20988.mp4,family,678,features_cache/20988.pt
WLASL/videos/20990.mp4,family,678,features_cache/20990.pt
WLASL/videos/20992.mp4,family,678,features_cache/20992.pt
WLASL/videos/20979.mp4,family,678,features_cache/20979.pt
WLASL/videos/69325.mp4,fish,709,features_cache/69325.pt
WLASL/videos/22129.mp4,fish,709,features_cache/22129.pt
WLASL/videos/22130.mp4,fish,709,features_cache/22130.pt
WLASL/videos/22115.mp4,fish,709,features_cache/22115.pt
WLASL/videos/22116.mp4,fish,709,features_cache/22116.pt
WLASL/videos/22118.mp4,fish,709,features_cache/22118.pt
WLASL/videos/22119.mp4,fish,709,features_cache/22119.pt
WLASL/videos/22120.mp4,fish,709,features_cache/22120.pt
WLASL/videos/22121.mp4,fish,709,features_cache/22121.pt
WLASL/videos/65731.mp4,fish,709,features_cache/65731.pt
WLASL/videos/22124.mp4,fish,709,features_cache/22124.pt
WLASL/videos/22125.mp4,fish,709,features_cache/22125.pt
WLASL/videos/22127.mp4,fish,709,features_cache/22127.pt
WLASL/videos/68528.mp4,graduate,802,features_cache/68528.pt
WLASL/videos/25337.mp4,graduate,802,features_cache/25337.pt
WLASL/videos/25338.mp4,graduate,802,features_cache/25338.pt
WLASL/videos/25339.mp4,graduate,802,features_cache/25339.pt
WLASL/videos/25322.mp4,graduate,802,features_cache/25322.pt
WLASL/videos/25323.mp4,graduate,802,features_cache/25323.pt
WLASL/videos/25324.mp4,graduate,802,features_cache/25324.pt
WLASL/videos/25325.mp4,graduate,802,features_cache/25325.pt
WLASL/videos/25326.mp4,graduate,802,features_cache/25326.pt
WLASL/videos/25327.mp4,graduate,802,features_cache/25327.pt
WLASL/videos/25328.mp4,graduate,802,features_cache/25328.pt
WLASL/videos/25329.mp4,graduate,802,features_cache/25329.pt
WLASL/videos/25321.mp4,graduate,802,features_cache/25321.pt
WLASL/videos/25332.mp4,graduate,802,features_cache/25332.pt
WLASL/videos/25333.mp4,graduate,802,features_cache/25333.pt
WLASL/videos/68396.mp4,hat,840,features_cache/68396.pt
WLASL/videos/68068.mp4,hat,840,features_cache/68068.pt
WLASL/videos/26713.mp4,hat,840,features_cache/26713.pt
WLASL/videos/26736.mp4,hat,840,features_cache/26736.pt
WLASL/videos/26712.mp4,hat,840,features_cache/26712.pt
WLASL/videos/26739.mp4,hat,840,features_cache/26739.pt
WLASL/videos/26741.mp4,hat,840,features_cache/26741.pt
WLASL/videos/26714.mp4,hat,840,features_cache/26714.pt
WLASL/videos/26715.mp4,hat,840,features_cache/26715.pt
WLASL/videos/26716.mp4,hat,840,features_cache/26716.pt
WLASL/videos/26717.mp4,hat,840,features_cache/26717.pt
WLASL/videos/26719.mp4,hat,840,features_cache/26719.pt
WLASL/videos/26722.mp4,hat,840,features_cache/26722.pt
WLASL/videos/26724.mp4,hat,840,features_cache/26724.pt
WLASL/videos/26726.mp4,hat,840,features_cache/26726.pt
WLASL/videos/68350.mp4,hearing,849,features_cache/68350.pt
WLASL/videos/68070.mp4,hearing,849,features_cache/68070.pt
WLASL/videos/26972.mp4,hearing,849,features_cache/26972.pt
WLASL/videos/26973.mp4,hearing,849,features_cache/26973.pt
WLASL/videos/26974.mp4,hearing,849,features_cache/26974.pt
WLASL/videos/26975.mp4,hearing,849,features_cache/26975.pt
WLASL/videos/26976.mp4,hearing,849,features_cache/26976.pt
WLASL/videos/26977.mp4,hearing,849,features_cache/26977.pt
WLASL/videos/26978.mp4,hearing,849,features_cache/26978.pt
WLASL/videos/26971.mp4,hearing,849,features_cache/26971.pt
WLASL/videos/26980.mp4,hearing,849,features_cache/26980.pt
WLASL/videos/26981.mp4,hearing,849,features_cache/26981.pt
WLASL/videos/26983.mp4,hearing,849,features_cache/26983.pt
WLASL/videos/26985.mp4,hearing,849,features_cache/26985.pt
WLASL/videos/26986.mp4,hearing,849,features_cache/26986.pt
WLASL/videos/31765.mp4,kiss,977,features_cache/31765.pt
WLASL/videos/31766.mp4,kiss,977,features_cache/31766.pt
WLASL/videos/31767.mp4,kiss,977,features_cache/31767.pt
WLASL/videos/31752.mp4,kiss,977,features_cache/31752.pt
WLASL/videos/31753.mp4,kiss,977,features_cache/31753.pt
WLASL/videos/31754.mp4,kiss,977,features_cache/31754.pt
WLASL/videos/31755.mp4,kiss,977,features_cache/31755.pt
WLASL/videos/31756.mp4,kiss,977,features_cache/31756.pt
WLASL/videos/65996.mp4,kiss,977,features_cache/65996.pt
WLASL/videos/67817.mp4,kiss,977,features_cache/67817.pt
WLASL/videos/31762.mp4,kiss,977,features_cache/31762.pt
WLASL/videos/31763.mp4,kiss,977,features_cache/31763.pt
WLASL/videos/31764.mp4,kiss,977,features_cache/31764.pt
WLASL/videos/32146.mp4,language,987,features_cache/32146.pt
WLASL/videos/68084.mp4,language,987,features_cache/68084.pt
WLASL/videos/68085.mp4,language,987,features_cache/68085.pt
WLASL/videos/32158.mp4,language,987,features_cache/32158.pt
WLASL/videos/32160.mp4,language,987,features_cache/32160.pt
WLASL/videos/32161.mp4,language,987,features_cache/32161.pt
WLASL/videos/32162.mp4,language,987,features_cache/32162.pt
WLASL/videos/32163.mp4,language,987,features_cache/32163.pt
WLASL/videos/66008.mp4,language,987,features_cache/66008.pt
WLASL/videos/66007.mp4,language,987,features_cache/66007.pt
WLASL/videos/32164.mp4,language,987,features_cache/32164.pt
WLASL/videos/32165.mp4,language,987,features_cache/32165.pt
WLASL/videos/32155.mp4,language,987,features_cache/32155.pt
WLASL/videos/32319.mp4,later,994,features_cache/32319.pt
WLASL/videos/32335.mp4,later,994,features_cache/32335.pt
WLASL/videos/32336.mp4,later,994,features_cache/32336.pt
WLASL/videos/32337.mp4,later,994,features_cache/32337.pt
WLASL/videos/32338.mp4,later,994,features_cache/32338.pt
WLASL/videos/32321.mp4,later,994,features_cache/32321.pt
WLASL/videos/32322.mp4,later,994,features_cache/32322.pt
WLASL/videos/32324.mp4,later,994,features_cache/32324.pt
WLASL/videos/32326.mp4,later,994,features_cache/32326.pt
WLASL/videos/32327.mp4,later,994,features_cache/32327.pt
WLASL/videos/32328.mp4,later,994,features_cache/32328.pt
WLASL/videos/66014.mp4,later,994,features_cache/66014.pt
WLASL/videos/32333.mp4,later,994,features_cache/32333.pt
WLASL/videos/32334.mp4,later,994,features_cache/32334.pt
WLASL/videos/68794.mp4,man,1060,features_cache/68794.pt
WLASL/videos/34746.mp4,man,1060,features_cache/34746.pt
WLASL/videos/34733.mp4,man,1060,features_cache/34733.pt
WLASL/videos/34734.mp4,man,1060,features_cache/34734.pt
WLASL/videos/34736.mp4,man,1060,features_cache/34736.pt
WLASL/videos/34737.mp4,man,1060,features_cache/34737.pt
WLASL/videos/34738.mp4,man,1060,features_cache/34738.pt
WLASL/videos/34739.mp4,man,1060,features_cache/34739.pt
WLASL/videos/34741.mp4,man,1060,features_cache/34741.pt
WLASL/videos/66098.mp4,man,1060,features_cache/66098.pt
WLASL/videos/66099.mp4,man,1060,features_cache/66099.pt
WLASL/videos/34732.mp4,man,1060,features_cache/34732.pt
WLASL/videos/34742.mp4,man,1060,features_cache/34742.pt
WLASL/videos/34744.mp4,man,1060,features_cache/34744.pt
WLASL/videos/34745.mp4,man,1060,features_cache/34745.pt
WLASL/videos/51054.mp4,shirt,1553,features_cache/51054.pt
WLASL/videos/68928.mp4,shirt,1553,features_cache/68928.pt
WLASL/videos/51057.mp4,shirt,1553,features_cache/51057.pt
WLASL/videos/51056.mp4,shirt,1553,features_cache/51056.pt
WLASL/videos/51058.mp4,shirt,1553,features_cache/51058.pt
WLASL/videos/51059.mp4,shirt,1553,features_cache/51059.pt
WLASL/videos/51060.mp4,shirt,1553,features_cache/51060.pt
WLASL/videos/51061.mp4,shirt,1553,features_cache/51061.pt
WLASL/videos/51063.mp4,shirt,1553,features_cache/51063.pt
WLASL/videos/51064.mp4,shirt,1553,features_cache/51064.pt
WLASL/videos/67188.mp4,shirt,1553,features_cache/67188.pt
WLASL/videos/51069.mp4,shirt,1553,features_cache/51069.pt
WLASL/videos/51070.mp4,shirt,1553,features_cache/51070.pt
WLASL/videos/51072.mp4,shirt,1553,features_cache/51072.pt
WLASL/videos/68162.mp4,study,1704,features_cache/68162.pt
WLASL/videos/68624.mp4,study,1704,features_cache/68624.pt
WLASL/videos/55364.mp4,study,1704,features_cache/55364.pt
WLASL/videos/55365.mp4,study,1704,features_cache/55365.pt
WLASL/videos/55366.mp4,study,1704,features_cache/55366.pt
WLASL/videos/55367.mp4,study,1704,features_cache/55367.pt
WLASL/videos/55368.mp4,study,1704,features_cache/55368.pt
WLASL/videos/55369.mp4,study,1704,features_cache/55369.pt
WLASL/videos/55370.mp4,study,1704,features_cache/55370.pt
WLASL/videos/66575.mp4,study,1704,features_cache/66575.pt
WLASL/videos/55361.mp4,study,1704,features_cache/55361.pt
WLASL/videos/55372.mp4,study,1704,features_cache/55372.pt
WLASL/videos/55374.mp4,study,1704,features_cache/55374.pt
WLASL/videos/55362.mp4,study,1704,features_cache/55362.pt
WLASL/videos/55363.mp4,study,1704,features_cache/55363.pt
WLASL/videos/56851.mp4,tall,1751,features_cache/56851.pt
WLASL/videos/56852.mp4,tall,1751,features_cache/56852.pt
WLASL/videos/56838.mp4,tall,1751,features_cache/56838.pt
WLASL/videos/56839.mp4,tall,1751,features_cache/56839.pt
WLASL/videos/56841.mp4,tall,1751,features_cache/56841.pt
WLASL/videos/56842.mp4,tall,1751,features_cache/56842.pt
WLASL/videos/56844.mp4,tall,1751,features_cache/56844.pt
WLASL/videos/56846.mp4,tall,1751,features_cache/56846.pt
WLASL/videos/66592.mp4,tall,1751,features_cache/66592.pt
WLASL/videos/56837.mp4,tall,1751,features_cache/56837.pt
WLASL/videos/67279.mp4,tall,1751,features_cache/67279.pt
WLASL/videos/56848.mp4,tall,1751,features_cache/56848.pt
WLASL/videos/56849.mp4,tall,1751,features_cache/56849.pt
WLASL/videos/68622.mp4,white,1954,features_cache/68622.pt
WLASL/videos/68182.mp4,white,1954,features_cache/68182.pt
WLASL/videos/70245.mp4,white,1954,features_cache/70245.pt
WLASL/videos/63204.mp4,white,1954,features_cache/63204.pt
WLASL/videos/63205.mp4,white,1954,features_cache/63205.pt
WLASL/videos/63206.mp4,white,1954,features_cache/63206.pt
WLASL/videos/63207.mp4,white,1954,features_cache/63207.pt
WLASL/videos/63208.mp4,white,1954,features_cache/63208.pt
WLASL/videos/63209.mp4,white,1954,features_cache/63209.pt
WLASL/videos/63200.mp4,white,1954,features_cache/63200.pt
WLASL/videos/63210.mp4,white,1954,features_cache/63210.pt
WLASL/videos/63212.mp4,white,1954,features_cache/63212.pt
WLASL/videos/63214.mp4,white,1954,features_cache/63214.pt
WLASL/videos/63202.mp4,white,1954,features_cache/63202.pt
WLASL/videos/63203.mp4,white,1954,features_cache/63203.pt
WLASL/videos/70296.mp4,wrong,1990,features_cache/70296.pt
WLASL/videos/70132.mp4,wrong,1990,features_cache/70132.pt
WLASL/videos/64087.mp4,wrong,1990,features_cache/64087.pt
WLASL/videos/64088.mp4,wrong,1990,features_cache/64088.pt
WLASL/videos/64089.mp4,wrong,1990,features_cache/64089.pt
WLASL/videos/64090.mp4,wrong,1990,features_cache/64090.pt
WLASL/videos/64091.mp4,wrong,1990,features_cache/64091.pt
WLASL/videos/64092.mp4,wrong,1990,features_cache/64092.pt
WLASL/videos/64093.mp4,wrong,1990,features_cache/64093.pt
WLASL/videos/64084.mp4,wrong,1990,features_cache/64084.pt
WLASL/videos/67009.mp4,wrong,1990,features_cache/67009.pt
WLASL/videos/64094.mp4,wrong,1990,features_cache/64094.pt
WLASL/videos/64096.mp4,wrong,1990,features_cache/64096.pt
WLASL/videos/64085.mp4,wrong,1990,features_cache/64085.pt
WLASL/videos/64086.mp4,wrong,1990,features_cache/64086.pt
WLASL/videos/00618.mp4,accident,8,features_cache/00618.pt
WLASL/videos/00639.mp4,accident,8,features_cache/00639.pt
WLASL/videos/00624.mp4,accident,8,features_cache/00624.pt
WLASL/videos/00628.mp4,accident,8,features_cache/00628.pt
WLASL/videos/00629.mp4,accident,8,features_cache/00629.pt
WLASL/videos/00630.mp4,accident,8,features_cache/00630.pt
WLASL/videos/00631.mp4,accident,8,features_cache/00631.pt
WLASL/videos/00632.mp4,accident,8,features_cache/00632.pt
WLASL/videos/65009.mp4,accident,8,features_cache/65009.pt
WLASL/videos/00623.mp4,accident,8,features_cache/00623.pt
WLASL/videos/00633.mp4,accident,8,features_cache/00633.pt
WLASL/videos/00636.mp4,accident,8,features_cache/00636.pt
WLASL/videos/00638.mp4,accident,8,features_cache/00638.pt
WLASL/videos/68003.mp4,apple,81,features_cache/68003.pt
WLASL/videos/68576.mp4,apple,81,features_cache/68576.pt
WLASL/videos/70309.mp4,apple,81,features_cache/70309.pt
WLASL/videos/03005.mp4,apple,81,features_cache/03005.pt
WLASL/videos/03006.mp4,apple,81,features_cache/03006.pt
WLASL/videos/03007.mp4,apple,81,features_cache/03007.pt
WLASL/videos/03008.mp4,apple,81,features_cache/03008.pt
WLASL/videos/65085.mp4,apple,81,features_cache/65085.pt
WLASL/videos/65084.mp4,apple,81,features_cache/65084.pt
WLASL/videos/67367.mp4,apple,81,features_cache/67367.pt
WLASL/videos/03000.mp4,apple,81,features_cache/03000.pt
WLASL/videos/03001.mp4,apple,81,features_cache/03001.pt
WLASL/videos/03002.mp4,apple,81,features_cache/03002.pt
WLASL/videos/03003.mp4,apple,81,features_cache/03003.pt
WLASL/videos/70107.mp4,bird,191,features_cache/70107.pt
WLASL/videos/06333.mp4,bird,191,features_cache/06333.pt
WLASL/videos/06334.mp4,bird,191,features_cache/06334.pt
WLASL/videos/06336.mp4,bird,191,features_cache/06336.pt
WLASL/videos/06337.mp4,bird,191,features_cache/06337.pt
WLASL/videos/06338.mp4,bird,191,features_cache/06338.pt
WLASL/videos/06339.mp4,bird,191,features_cache/06339.pt
WLASL/videos/65187.mp4,bird,191,features_cache/65187.pt
WLASL/videos/67411.mp4,bird,191,features_cache/67411.pt
WLASL/videos/06341.mp4,bird,191,features_cache/06341.pt
WLASL/videos/06342.mp4,bird,191,features_cache/06342.pt
WLASL/videos/06343.mp4,bird,191,features_cache/06343.pt
WLASL/videos/06331.mp4,bird,191,features_cache/06331.pt
WLASL/videos/06332.mp4,bird,191,features_cache/06332.pt
WLASL/videos/09966.mp4,change,317,features_cache/09966.pt
WLASL/videos/09967.mp4,change,317,features_cache/09967.pt
WLASL/videos/09968.mp4,change,317,features_cache/09968.pt
WLASL/videos/09969.mp4,change,317,features_cache/09969.pt
WLASL/videos/09970.mp4,change,317,features_cache/09970.pt
WLASL/videos/09953.mp4,change,317,features_cache/09953.pt
WLASL/videos/09954.mp4,change,317,features_cache/09954.pt
WLASL/videos/65332.mp4,change,317,features_cache/65332.pt
WLASL/videos/09956.mp4,change,317,features_cache/09956.pt
WLASL/videos/09949.mp4,change,317,features_cache/09949.pt
WLASL/videos/09960.mp4,change,317,features_cache/09960.pt
WLASL/videos/09961.mp4,change,317,features_cache/09961.pt
WLASL/videos/09962.mp4,change,317,features_cache/09962.pt
WLASL/videos/09963.mp4,change,317,features_cache/09963.pt
WLASL/videos/68202.mp4,color,371,features_cache/68202.pt
WLASL/videos/68027.mp4,color,371,features_cache/68027.pt
WLASL/videos/11771.mp4,color,371,features_cache/11771.pt
WLASL/videos/11773.mp4,color,371,features_cache/11773.pt
WLASL/videos/11774.mp4,color,371,features_cache/11774.pt
WLASL/videos/11775.mp4,color,371,features_cache/11775.pt
WLASL/videos/11776.mp4,color,371,features_cache/11776.pt
WLASL/videos/11767.mp4,color,371,features_cache/11767.pt
WLASL/videos/11777.mp4,color,371,features_cache/11777.pt
WLASL/videos/11779.mp4,color,371,features_cache/11779.pt
WLASL/videos/11780.mp4,color,371,features_cache/11780.pt
WLASL/videos/11768.mp4,color,371,features_cache/11768.pt
WLASL/videos/11769.mp4,color,371,features_cache/11769.pt
WLASL/videos/11770.mp4,color,371,features_cache/11770.pt
WLASL/videos/69282.mp4,corn,422,features_cache/69282.pt
WLASL/videos/13337.mp4,corn,422,features_cache/13337.pt
WLASL/videos/13326.mp4,corn,422,features_cache/13326.pt
WLASL/videos/13327.mp4,corn,422,features_cache/13327.pt
WLASL/videos/13328.mp4,corn,422,features_cache/13328.pt
WLASL/videos/13329.mp4,corn,422,features_cache/13329.pt
WLASL/videos/13330.mp4,corn,422,features_cache/13330.pt
WLASL/videos/13331.mp4,corn,422,features_cache/13331.pt
WLASL/videos/65408.mp4,corn,422,features_cache/65408.pt
WLASL/videos/65409.mp4,corn,422,features_cache/65409.pt
WLASL/videos/13323.mp4,corn,422,features_cache/13323.pt
WLASL/videos/67531.mp4,corn,422,features_cache/67531.pt
WLASL/videos/13333.mp4,corn,422,features_cache/13333.pt
WLASL/videos/69283.mp4,cow,435,features_cache/69283.pt
WLASL/videos/13697.mp4,cow,435,features_cache/13697.pt
WLASL/videos/13699.mp4,cow,435,features_cache/13699.pt
WLASL/videos/13700.mp4,cow,435,features_cache/13700.pt
WLASL/videos/13701.mp4,cow,435,features_cache/13701.pt
WLASL/videos/13702.mp4,cow,435,features_cache/13702.pt
WLASL/videos/13704.mp4,cow,435,features_cache/13704.pt
WLASL/videos/13695.mp4,cow,435,features_cache/13695.pt
WLASL/videos/67536.mp4,cow,435,features_cache/67536.pt
WLASL/videos/13705.mp4,cow,435,features_cache/13705.pt
WLASL/videos/13706.mp4,cow,435,features_cache/13706.pt
WLASL/videos/13707.mp4,cow,435,features_cache/13707.pt
WLASL/videos/13709.mp4,cow,435,features_cache/13709.pt
WLASL/videos/70152.mp4,dance,462,features_cache/70152.pt
WLASL/videos/68988.mp4,dance,462,features_cache/68988.pt
WLASL/videos/69048.mp4,dance,462,features_cache/69048.pt
WLASL/videos/14627.mp4,dance,462,features_cache/14627.pt
WLASL/videos/14628.mp4,dance,462,features_cache/14628.pt
WLASL/videos/14629.mp4,dance,462,features_cache/14629.pt
WLASL/videos/14630.mp4,dance,462,features_cache/14630.pt
WLASL/videos/65434.mp4,dance,462,features_cache/65434.pt
WLASL/videos/14631.mp4,dance,462,features_cache/14631.pt
WLASL/videos/14633.mp4,dance,462,features_cache/14633.pt
WLASL/videos/14622.mp4,dance,462,features_cache/14622.pt
WLASL/videos/14623.mp4,dance,462,features_cache/14623.pt
WLASL/videos/14624.mp4,dance,462,features_cache/14624.pt
WLASL/videos/14625.mp4,dance,462,features_cache/14625.pt
WLASL/videos/69290.mp4,dark,466,features_cache/69290.pt
WLASL/videos/14674.mp4,dark,466,features_cache/14674.pt
WLASL/videos/14675.mp4,dark,466,features_cache/14675.pt
WLASL/videos/14676.mp4,dark,466,features_cache/14676.pt
WLASL/videos/14677.mp4,dark,466,features_cache/14677.pt
WLASL/videos/14678.mp4,dark,466,features_cache/14678.pt
WLASL/videos/14679.mp4,dark,466,features_cache/14679.pt
WLASL/videos/14680.mp4,dark,466,features_cache/14680.pt
WLASL/videos/65439.mp4,dark,466,features_cache/65439.pt
WLASL/videos/65440.mp4,dark,466,features_cache/65440.pt
WLASL/videos/14671.mp4,dark,466,features_cache/14671.pt
WLASL/videos/14681.mp4,dark,466,features_cache/14681.pt
WLASL/videos/14684.mp4,dark,466,features_cache/14684.pt
WLASL/videos/17007.mp4,doctor,546,features_cache/17007.pt
WLASL/videos/68842.mp4,doctor,546,features_cache/68842.pt
WLASL/videos/70049.mp4,doctor,546,features_cache/70049.pt
WLASL/videos/17015.mp4,doctor,546,features_cache/17015.pt
WLASL/videos/17017.mp4,doctor,546,features_cache/17017.pt
WLASL/videos/17018.mp4,doctor,546,features_cache/17018.pt
WLASL/videos/17019.mp4,doctor,546,features_cache/17019.pt
WLASL/videos/65503.mp4,doctor,546,features_cache/65503.pt
WLASL/videos/65504.mp4,doctor,546,features_cache/65504.pt
WLASL/videos/17013.mp4,doctor,546,features_cache/17013.pt
WLASL/videos/17025.mp4,doctor,546,features_cache/17025.pt
WLASL/videos/17026.mp4,doctor,546,features_cache/17026.pt
WLASL/videos/17014.mp4,doctor,546,features_cache/17014.pt
WLASL/videos/68520.mp4,eat,596,features_cache/68520.pt
WLASL/videos/68044.mp4,eat,596,features_cache/68044.pt
WLASL/videos/69086.mp4,eat,596,features_cache/69086.pt
WLASL/videos/18328.mp4,eat,596,features_cache/18328.pt
WLASL/videos/18329.mp4,eat,596,features_cache/18329.pt
WLASL/videos/18331.mp4,eat,596,features_cache/18331.pt
WLASL/videos/18332.mp4,eat,596,features_cache/18332.pt
WLASL/videos/65601.mp4,eat,596,features_cache/65601.pt
WLASL/videos/67610.mp4,eat,596,features_cache/67610.pt
WLASL/videos/18333.mp4,eat,596,features_cache/18333.pt
WLASL/videos/18334.mp4,eat,596,features_cache/18334.pt
WLASL/videos/18335.mp4,eat,596,features_cache/18335.pt
WLASL/videos/18324.mp4,eat,596,features_cache/18324.pt
WLASL/videos/18325.mp4,eat,596,features_cache/18325.pt
WLASL/videos/68046.mp4,enjoy,626,features_cache/68046.pt
WLASL/videos/70051.mp4,enjoy,626,features_cache/70051.pt
WLASL/videos/19261.mp4,enjoy,626,features_cache/19261.pt
WLASL/videos/19263.mp4,enjoy,626,features_cache/19263.pt
WLASL/videos/19264.mp4,enjoy,626,features_cache/19264.pt
WLASL/videos/19265.mp4,enjoy,626,features_cache/19265.pt
WLASL/videos/19266.mp4,enjoy,626,features_cache/19266.pt
WLASL/videos/65635.mp4,enjoy,626,features_cache/65635.pt
WLASL/videos/67624.mp4,enjoy,626,features_cache/67624.pt
WLASL/videos/19268.mp4,enjoy,626,features_cache/19268.pt
WLASL/videos/19269.mp4,enjoy,626,features_cache/19269.pt
WLASL/videos/19258.mp4,enjoy,626,features_cache/19258.pt
WLASL/videos/19259.mp4,enjoy,626,features_cache/19259.pt
WLASL/videos/19260.mp4,enjoy,626,features_cache/19260.pt
WLASL/videos/68692.mp4,forget,732,features_cache/68692.pt
WLASL/videos/68054.mp4,forget,732,features_cache/68054.pt
WLASL/videos/70376.mp4,forget,732,features_cache/70376.pt
WLASL/videos/22955.mp4,forget,732,features_cache/22955.pt
WLASL/videos/22956.mp4,forget,732,features_cache/22956.pt
WLASL/videos/22959.mp4,forget,732,features_cache/22959.pt
WLASL/videos/22960.mp4,forget,732,features_cache/22960.pt
WLASL/videos/22961.mp4,forget,732,features_cache/22961.pt
WLASL/videos/22963.mp4,forget,732,features_cache/22963.pt
WLASL/videos/22965.mp4,forget,732,features_cache/22965.pt
WLASL/videos/22966.mp4,forget,732,features_cache/22966.pt
WLASL/videos/22967.mp4,forget,732,features_cache/22967.pt
WLASL/videos/22952.mp4,forget,732,features_cache/22952.pt
WLASL/videos/22953.mp4,forget,732,features_cache/22953.pt
WLASL/videos/69343.mp4,give,784,features_cache/69343.pt
WLASL/videos/24655.mp4,give,784,features_cache/24655.pt
WLASL/videos/24656.mp4,give,784,features_cache/24656.pt
WLASL/videos/24657.mp4,give,784,features_cache/24657.pt
WLASL/videos/24659.mp4,give,784,features_cache/24659.pt
WLASL/videos/24660.mp4,give,784,features_cache/24660.pt
WLASL/videos/24638.mp4,give,784,features_cache/24638.pt
WLASL/videos/24640.mp4,give,784,features_cache/24640.pt
WLASL/videos/24643.mp4,give,784,features_cache/24643.pt
WLASL/videos/24645.mp4,give,784,features_cache/24645.pt
WLASL/videos/24648.mp4,give,784,features_cache/24648.pt
WLASL/videos/24651.mp4,give,784,features_cache/24651.pt
WLASL/videos/24652.mp4,give,784,features_cache/24652.pt
WLASL/videos/66010.mp4,last,990,features_cache/66010.pt
WLASL/videos/68086.mp4,last,990,features_cache/68086.pt
WLASL/videos/69068.mp4,last,990,features_cache/69068.pt
WLASL/videos/32248.mp4,last,990,features_cache/32248.pt
WLASL/videos/32249.mp4,last,990,features_cache/32249.pt
WLASL/videos/32250.mp4,last,990,features_cache/32250.pt
WLASL/videos/32251.mp4,last,990,features_cache/32251.pt
WLASL/videos/32252.mp4,last,990,features_cache/32252.pt
WLASL/videos/32254.mp4,last,990,features_cache/32254.pt
WLASL/videos/32257.mp4,last,990,features_cache/32257.pt
WLASL/videos/32259.mp4,last,990,features_cache/32259.pt
WLASL/videos/32260.mp4,last,990,features_cache/32260.pt
WLASL/videos/32261.mp4,last,990,features_cache/32261.pt
WLASL/videos/68974.mp4,meet,1078,features_cache/68974.pt
WLASL/videos/35511.mp4,meet,1078,features_cache/35511.pt
WLASL/videos/35512.mp4,meet,1078,features_cache/35512.pt
WLASL/videos/35514.mp4,meet,1078,features_cache/35514.pt
WLASL/videos/35515.mp4,meet,1078,features_cache/35515.pt
WLASL/videos/35516.mp4,meet,1078,features_cache/35516.pt
WLASL/videos/35517.mp4,meet,1078,features_cache/35517.pt
WLASL/videos/35518.mp4,meet,1078,features_cache/35518.pt
WLASL/videos/35509.mp4,meet,1078,features_cache/35509.pt
WLASL/videos/35519.mp4,meet,1078,features_cache/35519.pt
WLASL/videos/35520.mp4,meet,1078,features_cache/35520.pt
WLASL/videos/35521.mp4,meet,1078,features_cache/35521.pt
WLASL/videos/35522.mp4,meet,1078,features_cache/35522.pt
WLASL/videos/35523.mp4,meet,1078,features_cache/35523.pt
WLASL/videos/42827.mp4,pink,1284,features_cache/42827.pt
WLASL/videos/69430.mp4,pink,1284,features_cache/69430.pt
WLASL/videos/70246.mp4,pink,1284,features_cache/70246.pt
WLASL/videos/42831.mp4,pink,1284,features_cache/42831.pt
WLASL/videos/42832.mp4,pink,1284,features_cache/42832.pt
WLASL/videos/42835.mp4,pink,1284,features_cache/42835.pt
WLASL/videos/42836.mp4,pink,1284,features_cache/42836.pt
WLASL/videos/42838.mp4,pink,1284,features_cache/42838.pt
WLASL/videos/66296.mp4,pink,1284,features_cache/66296.pt
WLASL/videos/42829.mp4,pink,1284,features_cache/42829.pt
WLASL/videos/67990.mp4,pink,1284,features_cache/67990.pt
WLASL/videos/42843.mp4,pink,1284,features_cache/42843.pt
WLASL/videos/42830.mp4,pink,1284,features_cache/42830.pt
WLASL/videos/42974.mp4,pizza,1286,features_cache/42974.pt
WLASL/videos/42958.mp4,pizza,1286,features_cache/42958.pt
WLASL/videos/42959.mp4,pizza,1286,features_cache/42959.pt
WLASL/videos/42961.mp4,pizza,1286,features_cache/42961.pt
WLASL/videos/66297.mp4,pizza,1286,features_cache/66297.pt
WLASL/videos/42963.mp4,pizza,1286,features_cache/42963.pt
WLASL/videos/42964.mp4,pizza,1286,features_cache/42964.pt
WLASL/videos/42956.mp4,pizza,1286,features_cache/42956.pt
WLASL/videos/42966.mp4,pizza,1286,features_cache/42966.pt
WLASL/videos/42967.mp4,pizza,1286,features_cache/42967.pt
WLASL/videos/42969.mp4,pizza,1286,features_cache/42969.pt
WLASL/videos/42971.mp4,pizza,1286,features_cache/42971.pt
WLASL/videos/42972.mp4,pizza,1286,features_cache/42972.pt
WLASL/videos/68288.mp4,play,1291,features_cache/68288.pt
WLASL/videos/68133.mp4,play,1291,features_cache/68133.pt
WLASL/videos/43170.mp4,play,1291,features_cache/43170.pt
WLASL/videos/43172.mp4,play,1291,features_cache/43172.pt
WLASL/videos/43173.mp4,play,1291,features_cache/43173.pt
WLASL/videos/43174.mp4,play,1291,features_cache/43174.pt
WLASL/videos/43175.mp4,play,1291,features_cache/43175.pt
WLASL/videos/67081.mp4,play,1291,features_cache/67081.pt
WLASL/videos/43177.mp4,play,1291,features_cache/43177.pt
WLASL/videos/43179.mp4,play,1291,features_cache/43179.pt
WLASL/videos/43180.mp4,play,1291,features_cache/43180.pt
WLASL/videos/43167.mp4,play,1291,features_cache/43167.pt
WLASL/videos/43168.mp4,play,1291,features_cache/43168.pt
WLASL/videos/43169.mp4,play,1291,features_cache/43169.pt
WLASL/videos/68218.mp4,school,1509,features_cache/68218.pt
WLASL/videos/68510.mp4,school,1509,features_cache/68510.pt
WLASL/videos/70207.mp4,school,1509,features_cache/70207.pt
WLASL/videos/49601.mp4,school,1509,features_cache/49601.pt
WLASL/videos/49602.mp4,school,1509,features_cache/49602.pt
WLASL/videos/49603.mp4,school,1509,features_cache/49603.pt
WLASL/videos/49604.mp4,school,1509,features_cache/49604.pt
WLASL/videos/49595.mp4,school,1509,features_cache/49595.pt
WLASL/videos/49605.mp4,school,1509,features_cache/49605.pt
WLASL/videos/49596.mp4,school,1509,features_cache/49596.pt
WLASL/videos/49597.mp4,school,1509,features_cache/49597.pt
WLASL/videos/49598.mp4,school,1509,features_cache/49598.pt
WLASL/videos/49599.mp4,school,1509,features_cache/49599.pt
WLASL/videos/49600.mp4,school,1509,features_cache/49600.pt
WLASL/videos/50037.mp4,secretary,1523,features_cache/50037.pt
WLASL/videos/50038.mp4,secretary,1523,features_cache/50038.pt
WLASL/videos/50039.mp4,secretary,1523,features_cache/50039.pt
WLASL/videos/50040.mp4,secretary,1523,features_cache/50040.pt
WLASL/videos/50042.mp4,secretary,1523,features_cache/50042.pt
WLASL/videos/50043.mp4,secretary,1523,features_cache/50043.pt
WLASL/videos/50044.mp4,secretary,1523,features_cache/50044.pt
WLASL/videos/50045.mp4,secretary,1523,features_cache/50045.pt
WLASL/videos/66441.mp4,secretary,1523,features_cache/66441.pt
WLASL/videos/50046.mp4,secretary,1523,features_cache/50046.pt
WLASL/videos/50047.mp4,secretary,1523,features_cache/50047.pt
WLASL/videos/50048.mp4,secretary,1523,features_cache/50048.pt
WLASL/videos/50049.mp4,secretary,1523,features_cache/50049.pt
WLASL/videos/51206.mp4,short,1559,features_cache/51206.pt
WLASL/videos/70355.mp4,short,1559,features_cache/70355.pt
WLASL/videos/51221.mp4,short,1559,features_cache/51221.pt
WLASL/videos/51223.mp4,short,1559,features_cache/51223.pt
WLASL/videos/51225.mp4,short,1559,features_cache/51225.pt
WLASL/videos/51226.mp4,short,1559,features_cache/51226.pt
WLASL/videos/51228.mp4,short,1559,features_cache/51228.pt
WLASL/videos/51229.mp4,short,1559,features_cache/51229.pt
WLASL/videos/66469.mp4,short,1559,features_cache/66469.pt
WLASL/videos/51231.mp4,short,1559,features_cache/51231.pt
WLASL/videos/51232.mp4,short,1559,features_cache/51232.pt
WLASL/videos/51235.mp4,short,1559,features_cache/51235.pt
WLASL/videos/51236.mp4,short,1559,features_cache/51236.pt
WLASL/videos/68294.mp4,time,1813,features_cache/68294.pt
WLASL/videos/70356.mp4,time,1813,features_cache/70356.pt
WLASL/videos/68171.mp4,time,1813,features_cache/68171.pt
WLASL/videos/58503.mp4,time,1813,features_cache/58503.pt
WLASL/videos/58504.mp4,time,1813,features_cache/58504.pt
WLASL/videos/58505.mp4,time,1813,features_cache/58505.pt
WLASL/videos/58506.mp4,time,1813,features_cache/58506.pt
WLASL/videos/66644.mp4,time,1813,features_cache/66644.pt
WLASL/videos/67309.mp4,time,1813,features_cache/67309.pt
WLASL/videos/58508.mp4,time,1813,features_cache/58508.pt
WLASL/videos/58498.mp4,time,1813,features_cache/58498.pt
WLASL/videos/58499.mp4,time,1813,features_cache/58499.pt
WLASL/videos/58500.mp4,time,1813,features_cache/58500.pt
WLASL/videos/58501.mp4,time,1813,features_cache/58501.pt
WLASL/videos/68178.mp4,want,1917,features_cache/68178.pt
WLASL/videos/68540.mp4,want,1917,features_cache/68540.pt
WLASL/videos/62246.mp4,want,1917,features_cache/62246.pt
WLASL/videos/62248.mp4,want,1917,features_cache/62248.pt
WLASL/videos/62249.mp4,want,1917,features_cache/62249.pt
WLASL/videos/62250.mp4,want,1917,features_cache/62250.pt
WLASL/videos/62251.mp4,want,1917,features_cache/62251.pt
WLASL/videos/62253.mp4,want,1917,features_cache/62253.pt
WLASL/videos/67038.mp4,want,1917,features_cache/67038.pt
WLASL/videos/62256.mp4,want,1917,features_cache/62256.pt
WLASL/videos/62257.mp4,want,1917,features_cache/62257.pt
WLASL/videos/62258.mp4,want,1917,features_cache/62258.pt
WLASL/videos/62259.mp4,want,1917,features_cache/62259.pt
WLASL/videos/62245.mp4,want,1917,features_cache/62245.pt
WLASL/videos/63804.mp4,work,1977,features_cache/63804.pt
WLASL/videos/63805.mp4,work,1977,features_cache/63805.pt
WLASL/videos/63806.mp4,work,1977,features_cache/63806.pt
WLASL/videos/63790.mp4,work,1977,features_cache/63790.pt
WLASL/videos/63791.mp4,work,1977,features_cache/63791.pt
WLASL/videos/63792.mp4,work,1977,features_cache/63792.pt
WLASL/videos/63793.mp4,work,1977,features_cache/63793.pt
WLASL/videos/63794.mp4,work,1977,features_cache/63794.pt
WLASL/videos/66804.mp4,work,1977,features_cache/66804.pt
WLASL/videos/67003.mp4,work,1977,features_cache/67003.pt
WLASL/videos/63799.mp4,work,1977,features_cache/63799.pt
WLASL/videos/63801.mp4,work,1977,features_cache/63801.pt
WLASL/videos/63802.mp4,work,1977,features_cache/63802.pt
WLASL/videos/63803.mp4,work,1977,features_cache/63803.pt
WLASL/videos/01383.mp4,africa,31,features_cache/01383.pt
WLASL/videos/01384.mp4,africa,31,features_cache/01384.pt
WLASL/videos/01385.mp4,africa,31,features_cache/01385.pt
WLASL/videos/01387.mp4,africa,31,features_cache/01387.pt
WLASL/videos/01388.mp4,africa,31,features_cache/01388.pt
WLASL/videos/01390.mp4,africa,31,features_cache/01390.pt
WLASL/videos/65029.mp4,africa,31,features_cache/65029.pt
WLASL/videos/67350.mp4,africa,31,features_cache/67350.pt
WLASL/videos/01392.mp4,africa,31,features_cache/01392.pt
WLASL/videos/01393.mp4,africa,31,features_cache/01393.pt
WLASL/videos/01395.mp4,africa,31,features_cache/01395.pt
WLASL/videos/01396.mp4,africa,31,features_cache/01396.pt
WLASL/videos/68612.mp4,basketball,154,features_cache/68612.pt
WLASL/videos/05230.mp4,basketball,154,features_cache/05230.pt
WLASL/videos/05231.mp4,basketball,154,features_cache/05231.pt
WLASL/videos/05233.mp4,basketball,154,features_cache/05233.pt
WLASL/videos/05234.mp4,basketball,154,features_cache/05234.pt
WLASL/videos/05237.mp4,basketball,154,features_cache/05237.pt
WLASL/videos/05238.mp4,basketball,154,features_cache/05238.pt
WLASL/videos/65144.mp4,basketball,154,features_cache/65144.pt
WLASL/videos/65145.mp4,basketball,154,features_cache/65145.pt
WLASL/videos/05229.mp4,basketball,154,features_cache/05229.pt
WLASL/videos/67392.mp4,basketball,154,features_cache/67392.pt
WLASL/videos/05241.mp4,basketball,154,features_cache/05241.pt
WLASL/videos/05243.mp4,basketball,154,features_cache/05243.pt
WLASL/videos/65192.mp4,birthday,193,features_cache/65192.pt
WLASL/videos/68338.mp4,birthday,193,features_cache/68338.pt
WLASL/videos/70357.mp4,birthday,193,features_cache/70357.pt
WLASL/videos/70359.mp4,birthday,193,features_cache/70359.pt
WLASL/videos/06365.mp4,birthday,193,features_cache/06365.pt
WLASL/videos/06367.mp4,birthday,193,features_cache/06367.pt
WLASL/videos/06368.mp4,birthday,193,features_cache/06368.pt
WLASL/videos/06359.mp4,birthday,193,features_cache/06359.pt
WLASL/videos/67413.mp4,birthday,193,features_cache/67413.pt
WLASL/videos/06371.mp4,birthday,193,features_cache/06371.pt
WLASL/videos/06361.mp4,birthday,193,features_cache/06361.pt
WLASL/videos/06363.mp4,birthday,193,features_cache/06363.pt
WLASL/videos/70242.mp4,brown,247,features_cache/70242.pt
WLASL/videos/69028.mp4,brown,247,features_cache/69028.pt
WLASL/videos/07963.mp4,brown,247,features_cache/07963.pt
WLASL/videos/07966.mp4,brown,247,features_cache/07966.pt
WLASL/videos/07967.mp4,brown,247,features_cache/07967.pt
WLASL/videos/07969.mp4,brown,247,features_cache/07969.pt
WLASL/videos/65263.mp4,brown,247,features_cache/65263.pt
WLASL/videos/07960.mp4,brown,247,features_cache/07960.pt
WLASL/videos/67446.mp4,brown,247,features_cache/67446.pt
WLASL/videos/07971.mp4,brown,247,features_cache/07971.pt
WLASL/videos/07972.mp4,brown,247,features_cache/07972.pt
WLASL/videos/07961.mp4,brown,247,features_cache/07961.pt
WLASL/videos/07962.mp4,brown,247,features_cache/07962.pt
WLASL/videos/68368.mp4,but,260,features_cache/68368.pt
WLASL/videos/68016.mp4,but,260,features_cache/68016.pt
WLASL/videos/08427.mp4,but,260,features_cache/08427.pt
WLASL/videos/08428.mp4,but,260,features_cache/08428.pt
WLASL/videos/08431.mp4,but,260,features_cache/08431.pt
WLASL/videos/08433.mp4,but,260,features_cache/08433.pt
WLASL/videos/65278.mp4,but,260,features_cache/65278.pt
WLASL/videos/08424.mp4,but,260,features_cache/08424.pt
WLASL/videos/67451.mp4,but,260,features_cache/67451.pt
WLASL/videos/08434.mp4,but,260,features_cache/08434.pt
WLASL/videos/08435.mp4,but,260,features_cache/08435.pt
WLASL/videos/08437.mp4,but,260,features_cache/08437.pt
WLASL/videos/10146.mp4,cheat,323,features_cache/10146.pt
WLASL/videos/10161.mp4,cheat,323,features_cache/10161.pt
WLASL/videos/10162.mp4,cheat,323,features_cache/10162.pt
WLASL/videos/10164.mp4,cheat,323,features_cache/10164.pt
WLASL/videos/10147.mp4,cheat,323,features_cache/10147.pt
WLASL/videos/10166.mp4,cheat,323,features_cache/10166.pt
WLASL/videos/10148.mp4,cheat,323,features_cache/10148.pt
WLASL/videos/10149.mp4,cheat,323,features_cache/10149.pt
WLASL/videos/67489.mp4,cheat,323,features_cache/67489.pt
WLASL/videos/10157.mp4,cheat,323,features_cache/10157.pt
WLASL/videos/10158.mp4,cheat,323,features_cache/10158.pt
WLASL/videos/10160.mp4,cheat,323,features_cache/10160.pt
WLASL/videos/68374.mp4,city,347,features_cache/68374.pt
WLASL/videos/10895.mp4,city,347,features_cache/10895.pt
WLASL/videos/10896.mp4,city,347,features_cache/10896.pt
WLASL/videos/10899.mp4,city,347,features_cache/10899.pt
WLASL/videos/10900.mp4,city,347,features_cache/10900.pt
WLASL/videos/65362.mp4,city,347,features_cache/65362.pt
WLASL/videos/65363.mp4,city,347,features_cache/65363.pt
WLASL/videos/10892.mp4,city,347,features_cache/10892.pt
WLASL/videos/67501.mp4,city,347,features_cache/67501.pt
WLASL/videos/10902.mp4,city,347,features_cache/10902.pt
WLASL/videos/10903.mp4,city,347,features_cache/10903.pt
WLASL/videos/10893.mp4,city,347,features_cache/10893.pt
WLASL/videos/10894.mp4,city,347,features_cache/10894.pt
WLASL/videos/68029.mp4,cook,416,features_cache/68029.pt
WLASL/videos/69004.mp4,cook,416,features_cache/69004.pt
WLASL/videos/13158.mp4,cook,416,features_cache/13158.pt
WLASL/videos/13160.mp4,cook,416,features_cache/13160.pt
WLASL/videos/13161.mp4,cook,416,features_cache/13161.pt
WLASL/videos/67527.mp4,cook,416,features_cache/67527.pt
WLASL/videos/13164.mp4,cook,416,features_cache/13164.pt
WLASL/videos/13165.mp4,cook,416,features_cache/13165.pt
WLASL/videos/13166.mp4,cook,416,features_cache/13166.pt
WLASL/videos/13167.mp4,cook,416,features_cache/13167.pt
WLASL/videos/13168.mp4,cook,416,features_cache/13168.pt
WLASL/videos/13156.mp4,cook,416,features_cache/13156.pt
WLASL/videos/13157.mp4,cook,416,features_cache/13157.pt
WLASL/videos/15034.mp4,decide,477,features_cache/15034.pt
WLASL/videos/15035.mp4,decide,477,features_cache/15035.pt
WLASL/videos/15036.mp4,decide,477,features_cache/15036.pt
WLASL/videos/15038.mp4,decide,477,features_cache/15038.pt
WLASL/videos/15039.mp4,decide,477,features_cache/15039.pt
WLASL/videos/65449.mp4,decide,477,features_cache/65449.pt
WLASL/videos/65450.mp4,decide,477,features_cache/65450.pt
WLASL/videos/67555.mp4,decide,477,features_cache/67555.pt
WLASL/videos/67556.mp4,decide,477,features_cache/67556.pt
WLASL/videos/15041.mp4,decide,477,features_cache/15041.pt
WLASL/videos/15042.mp4,decide,477,features_cache/15042.pt
WLASL/videos/15032.mp4,decide,477,features_cache/15032.pt
WLASL/videos/15033.mp4,decide,477,features_cache/15033.pt
WLASL/videos/23782.mp4,full,754,features_cache/23782.pt
WLASL/videos/23771.mp4,full,754,features_cache/23771.pt
WLASL/videos/23772.mp4,full,754,features_cache/23772.pt
WLASL/videos/23773.mp4,full,754,features_cache/23773.pt
WLASL/videos/23774.mp4,full,754,features_cache/23774.pt
WLASL/videos/23766.mp4,full,754,features_cache/23766.pt
WLASL/videos/23777.mp4,full,754,features_cache/23777.pt
WLASL/videos/67697.mp4,full,754,features_cache/67697.pt
WLASL/videos/23779.mp4,full,754,features_cache/23779.pt
WLASL/videos/23780.mp4,full,754,features_cache/23780.pt
WLASL/videos/23768.mp4,full,754,features_cache/23768.pt
WLASL/videos/23769.mp4,full,754,features_cache/23769.pt
WLASL/videos/70295.mp4,how,888,features_cache/70295.pt
WLASL/videos/28205.mp4,how,888,features_cache/28205.pt
WLASL/videos/28207.mp4,how,888,features_cache/28207.pt
WLASL/videos/28208.mp4,how,888,features_cache/28208.pt
WLASL/videos/28210.mp4,how,888,features_cache/28210.pt
WLASL/videos/67776.mp4,how,888,features_cache/67776.pt
WLASL/videos/28211.mp4,how,888,features_cache/28211.pt
WLASL/videos/28212.mp4,how,888,features_cache/28212.pt
WLASL/videos/28213.mp4,how,888,features_cache/28213.pt
WLASL/videos/28214.mp4,how,888,features_cache/28214.pt
WLASL/videos/28202.mp4,how,888,features_cache/28202.pt
WLASL/videos/28204.mp4,how,888,features_cache/28204.pt
WLASL/videos/68079.mp4,jacket,950,features_cache/68079.pt
WLASL/videos/30847.mp4,jacket,950,features_cache/30847.pt
WLASL/videos/30848.mp4,jacket,950,features_cache/30848.pt
WLASL/videos/30831.mp4,jacket,950,features_cache/30831.pt
WLASL/videos/30832.mp4,jacket,950,features_cache/30832.pt
WLASL/videos/30834.mp4,jacket,950,features_cache/30834.pt
WLASL/videos/30835.mp4,jacket,950,features_cache/30835.pt
WLASL/videos/30837.mp4,jacket,950,features_cache/30837.pt
WLASL/videos/30838.mp4,jacket,950,features_cache/30838.pt
WLASL/videos/67802.mp4,jacket,950,features_cache/67802.pt
WLASL/videos/30840.mp4,jacket,950,features_cache/30840.pt
WLASL/videos/30842.mp4,jacket,950,features_cache/30842.pt
WLASL/videos/30843.mp4,jacket,950,features_cache/30843.pt
WLASL/videos/66038.mp4,letter,1016,features_cache/66038.pt
WLASL/videos/32949.mp4,letter,1016,features_cache/32949.pt
WLASL/videos/32951.mp4,letter,1016,features_cache/32951.pt
WLASL/videos/32953.mp4,letter,1016,features_cache/32953.pt
WLASL/videos/32954.mp4,letter,1016,features_cache/32954.pt
WLASL/videos/32945.mp4,letter,1016,features_cache/32945.pt
WLASL/videos/67840.mp4,letter,1016,features_cache/67840.pt
WLASL/videos/32955.mp4,letter,1016,features_cache/32955.pt
WLASL/videos/32957.mp4,letter,1016,features_cache/32957.pt
WLASL/videos/32959.mp4,letter,1016,features_cache/32959.pt
WLASL/videos/32946.mp4,letter,1016,features_cache/32946.pt
WLASL/videos/32947.mp4,letter,1016,features_cache/32947.pt
WLASL/videos/35454.mp4,medicine,1077,features_cache/35454.pt
WLASL/videos/35455.mp4,medicine,1077,features_cache/35455.pt
WLASL/videos/35456.mp4,medicine,1077,features_cache/35456.pt
WLASL/videos/35458.mp4,medicine,1077,features_cache/35458.pt
WLASL/videos/35460.mp4,medicine,1077,features_cache/35460.pt
WLASL/videos/35452.mp4,medicine,1077,features_cache/35452.pt
WLASL/videos/67890.mp4,medicine,1077,features_cache/67890.pt
WLASL/videos/35462.mp4,medicine,1077,features_cache/35462.pt
WLASL/videos/35463.mp4,medicine,1077,features_cache/35463.pt
WLASL/videos/35464.mp4,medicine,1077,features_cache/35464.pt
WLASL/videos/35465.mp4,medicine,1077,features_cache/35465.pt
WLASL/videos/35467.mp4,medicine,1077,features_cache/35467.pt
WLASL/videos/35453.mp4,medicine,1077,features_cache/35453.pt
WLASL/videos/68544.mp4,need,1147,features_cache/68544.pt
WLASL/videos/37885.mp4,need,1147,features_cache/37885.pt
WLASL/videos/37886.mp4,need,1147,features_cache/37886.pt
WLASL/videos/37888.mp4,need,1147,features_cache/37888.pt
WLASL/videos/37889.mp4,need,1147,features_cache/37889.pt
WLASL/videos/37881.mp4,need,1147,features_cache/37881.pt
WLASL/videos/67925.mp4,need,1147,features_cache/67925.pt
WLASL/videos/37891.mp4,need,1147,features_cache/37891.pt
WLASL/videos/37892.mp4,need,1147,features_cache/37892.pt
WLASL/videos/37893.mp4,need,1147,features_cache/37893.pt
WLASL/videos/37894.mp4,need,1147,features_cache/37894.pt
WLASL/videos/37883.mp4,need,1147,features_cache/37883.pt
WLASL/videos/37884.mp4,need,1147,features_cache/37884.pt
WLASL/videos/68125.mp4,paint,1229,features_cache/68125.pt
WLASL/videos/40838.mp4,paint,1229,features_cache/40838.pt
WLASL/videos/40839.mp4,paint,1229,features_cache/40839.pt
WLASL/videos/40841.mp4,paint,1229,features_cache/40841.pt
WLASL/videos/40842.mp4,paint,1229,features_cache/40842.pt
WLASL/videos/40834.mp4,paint,1229,features_cache/40834.pt
WLASL/videos/67958.mp4,paint,1229,features_cache/67958.pt
WLASL/videos/40844.mp4,paint,1229,features_cache/40844.pt
WLASL/videos/40845.mp4,paint,1229,features_cache/40845.pt
WLASL/videos/40846.mp4,paint,1229,features_cache/40846.pt
WLASL/videos/40847.mp4,paint,1229,features_cache/40847.pt
WLASL/videos/40836.mp4,paint,1229,features_cache/40836.pt
WLASL/videos/40837.mp4,paint,1229,features_cache/40837.pt
WLASL/videos/70211.mp4,paper,1232,features_cache/70211.pt
WLASL/videos/68127.mp4,paper,1232,features_cache/68127.pt
WLASL/videos/41030.mp4,paper,1232,features_cache/41030.pt
WLASL/videos/41032.mp4,paper,1232,features_cache/41032.pt
WLASL/videos/41033.mp4,paper,1232,features_cache/41033.pt
WLASL/videos/41025.mp4,paper,1232,features_cache/41025.pt
WLASL/videos/67961.mp4,paper,1232,features_cache/67961.pt
WLASL/videos/41035.mp4,paper,1232,features_cache/41035.pt
WLASL/videos/41036.mp4,paper,1232,features_cache/41036.pt
WLASL/videos/41037.mp4,paper,1232,features_cache/41037.pt
WLASL/videos/41026.mp4,paper,1232,features_cache/41026.pt
WLASL/videos/41028.mp4,paper,1232,features_cache/41028.pt
WLASL/videos/41029.mp4,paper,1232,features_cache/41029.pt
WLASL/videos/70378.mp4,pull,1374,features_cache/70378.pt
WLASL/videos/45265.mp4,pull,1374,features_cache/45265.pt
WLASL/videos/45266.mp4,pull,1374,features_cache/45266.pt
WLASL/videos/45268.mp4,pull,1374,features_cache/45268.pt
WLASL/videos/45269.mp4,pull,1374,features_cache/45269.pt
WLASL/videos/66351.mp4,pull,1374,features_cache/66351.pt
WLASL/videos/45261.mp4,pull,1374,features_cache/45261.pt
WLASL/videos/67111.mp4,pull,1374,features_cache/67111.pt
WLASL/videos/45271.mp4,pull,1374,features_cache/45271.pt
WLASL/videos/45272.mp4,pull,1374,features_cache/45272.pt
WLASL/videos/45273.mp4,pull,1374,features_cache/45273.pt
WLASL/videos/45263.mp4,pull,1374,features_cache/45263.pt
WLASL/videos/45264.mp4,pull,1374,features_cache/45264.pt
WLASL/videos/68137.mp4,purple,1379,features_cache/68137.pt
WLASL/videos/68726.mp4,purple,1379,features_cache/68726.pt
WLASL/videos/70247.mp4,purple,1379,features_cache/70247.pt
WLASL/videos/45439.mp4,purple,1379,features_cache/45439.pt
WLASL/videos/45440.mp4,purple,1379,features_cache/45440.pt
WLASL/videos/66355.mp4,purple,1379,features_cache/66355.pt
WLASL/videos/67114.mp4,purple,1379,features_cache/67114.pt
WLASL/videos/45442.mp4,purple,1379,features_cache/45442.pt
WLASL/videos/45443.mp4,purple,1379,features_cache/45443.pt
WLASL/videos/45433.mp4,purple,1379,features_cache/45433.pt
WLASL/videos/45434.mp4,purple,1379,features_cache/45434.pt
WLASL/videos/45436.mp4,purple,1379,features_cache/45436.pt
WLASL/videos/45437.mp4,purple,1379,features_cache/45437.pt
WLASL/videos/68142.mp4,right,1465,features_cache/68142.pt
WLASL/videos/48122.mp4,right,1465,features_cache/48122.pt
WLASL/videos/48105.mp4,right,1465,features_cache/48105.pt
WLASL/videos/48106.mp4,right,1465,features_cache/48106.pt
WLASL/videos/48107.mp4,right,1465,features_cache/48107.pt
WLASL/videos/67143.mp4,right,1465,features_cache/67143.pt
WLASL/videos/48109.mp4,right,1465,features_cache/48109.pt
WLASL/videos/48111.mp4,right,1465,features_cache/48111.pt
WLASL/videos/67142.mp4,right,1465,features_cache/67142.pt
WLASL/videos/48114.mp4,right,1465,features_cache/48114.pt
WLASL/videos/48117.mp4,right,1465,features_cache/48117.pt
WLASL/videos/48120.mp4,right,1465,features_cache/48120.pt
WLASL/videos/68856.mp4,same,1497,features_cache/68856.pt
WLASL/videos/49175.mp4,same,1497,features_cache/49175.pt
WLASL/videos/49178.mp4,same,1497,features_cache/49178.pt
WLASL/videos/49181.mp4,same,1497,features_cache/49181.pt
WLASL/videos/67159.mp4,same,1497,features_cache/67159.pt
WLASL/videos/67161.mp4,same,1497,features_cache/67161.pt
WLASL/videos/49183.mp4,same,1497,features_cache/49183.pt
WLASL/videos/49184.mp4,same,1497,features_cache/49184.pt
WLASL/videos/49185.mp4,same,1497,features_cache/49185.pt
WLASL/videos/49186.mp4,same,1497,features_cache/49186.pt
WLASL/videos/49188.mp4,same,1497,features_cache/49188.pt
WLASL/videos/49174.mp4,same,1497,features_cache/49174.pt
WLASL/videos/70335.mp4,son,1634,features_cache/70335.pt
WLASL/videos/53272.mp4,son,1634,features_cache/53272.pt
WLASL/videos/53273.mp4,son,1634,features_cache/53273.pt
WLASL/videos/53275.mp4,son,1634,features_cache/53275.pt
WLASL/videos/53276.mp4,son,1634,features_cache/53276.pt
WLASL/videos/66531.mp4,son,1634,features_cache/66531.pt
WLASL/videos/66532.mp4,son,1634,features_cache/66532.pt
WLASL/videos/53268.mp4,son,1634,features_cache/53268.pt
WLASL/videos/67227.mp4,son,1634,features_cache/67227.pt
WLASL/videos/53278.mp4,son,1634,features_cache/53278.pt
WLASL/videos/53279.mp4,son,1634,features_cache/53279.pt
WLASL/videos/53270.mp4,son,1634,features_cache/53270.pt
WLASL/videos/53271.mp4,son,1634,features_cache/53271.pt
WLASL/videos/57279.mp4,tell,1764,features_cache/57279.pt
WLASL/videos/57280.mp4,tell,1764,features_cache/57280.pt
WLASL/videos/57281.mp4,tell,1764,features_cache/57281.pt
WLASL/videos/57283.mp4,tell,1764,features_cache/57283.pt
WLASL/videos/57284.mp4,tell,1764,features_cache/57284.pt
WLASL/videos/57276.mp4,tell,1764,features_cache/57276.pt
WLASL/videos/67287.mp4,tell,1764,features_cache/67287.pt
WLASL/videos/57286.mp4,tell,1764,features_cache/57286.pt
WLASL/videos/57287.mp4,tell,1764,features_cache/57287.pt
WLASL/videos/57288.mp4,tell,1764,features_cache/57288.pt
WLASL/videos/57289.mp4,tell,1764,features_cache/57289.pt
WLASL/videos/57291.mp4,tell,1764,features_cache/57291.pt
WLASL/videos/57277.mp4,tell,1764,features_cache/57277.pt
WLASL/videos/58362.mp4,thursday,1809,features_cache/58362.pt
WLASL/videos/58363.mp4,thursday,1809,features_cache/58363.pt
WLASL/videos/58364.mp4,thursday,1809,features_cache/58364.pt
WLASL/videos/58366.mp4,thursday,1809,features_cache/58366.pt
WLASL/videos/58367.mp4,thursday,1809,features_cache/58367.pt
WLASL/videos/66637.mp4,thursday,1809,features_cache/66637.pt
WLASL/videos/66638.mp4,thursday,1809,features_cache/66638.pt
WLASL/videos/66639.mp4,thursday,1809,features_cache/66639.pt
WLASL/videos/66640.mp4,thursday,1809,features_cache/66640.pt
WLASL/videos/67306.mp4,thursday,1809,features_cache/67306.pt
WLASL/videos/58369.mp4,thursday,1809,features_cache/58369.pt
WLASL/videos/58360.mp4,thursday,1809,features_cache/58360.pt
WLASL/videos/58361.mp4,thursday,1809,features_cache/58361.pt
WLASL/videos/61807.mp4,visit,1899,features_cache/61807.pt
WLASL/videos/61808.mp4,visit,1899,features_cache/61808.pt
WLASL/videos/61809.mp4,visit,1899,features_cache/61809.pt
WLASL/videos/61811.mp4,visit,1899,features_cache/61811.pt
WLASL/videos/61812.mp4,visit,1899,features_cache/61812.pt
WLASL/videos/66731.mp4,visit,1899,features_cache/66731.pt
WLASL/videos/61814.mp4,visit,1899,features_cache/61814.pt
WLASL/videos/61815.mp4,visit,1899,features_cache/61815.pt
WLASL/videos/61816.mp4,visit,1899,features_cache/61816.pt
WLASL/videos/61817.mp4,visit,1899,features_cache/61817.pt
WLASL/videos/61818.mp4,visit,1899,features_cache/61818.pt
WLASL/videos/61805.mp4,visit,1899,features_cache/61805.pt
WLASL/videos/61806.mp4,visit,1899,features_cache/61806.pt
WLASL/videos/62098.mp4,wait,1910,features_cache/62098.pt
WLASL/videos/62100.mp4,wait,1910,features_cache/62100.pt
WLASL/videos/62101.mp4,wait,1910,features_cache/62101.pt
WLASL/videos/62103.mp4,wait,1910,features_cache/62103.pt
WLASL/videos/62104.mp4,wait,1910,features_cache/62104.pt
WLASL/videos/62106.mp4,wait,1910,features_cache/62106.pt
WLASL/videos/66740.mp4,wait,1910,features_cache/66740.pt
WLASL/videos/62097.mp4,wait,1910,features_cache/62097.pt
WLASL/videos/67034.mp4,wait,1910,features_cache/67034.pt
WLASL/videos/62107.mp4,wait,1910,features_cache/62107.pt
WLASL/videos/62109.mp4,wait,1910,features_cache/62109.pt
WLASL/videos/62111.mp4,wait,1910,features_cache/62111.pt
WLASL/videos/62112.mp4,wait,1910,features_cache/62112.pt
WLASL/videos/70069.mp4,water,1926,features_cache/70069.pt
WLASL/videos/68722.mp4,water,1926,features_cache/68722.pt
WLASL/videos/62504.mp4,water,1926,features_cache/62504.pt
WLASL/videos/62506.mp4,water,1926,features_cache/62506.pt
WLASL/videos/62507.mp4,water,1926,features_cache/62507.pt
WLASL/videos/66752.mp4,water,1926,features_cache/66752.pt
WLASL/videos/62499.mp4,water,1926,features_cache/62499.pt
WLASL/videos/67044.mp4,water,1926,features_cache/67044.pt
WLASL/videos/62509.mp4,water,1926,features_cache/62509.pt
WLASL/videos/62510.mp4,water,1926,features_cache/62510.pt
WLASL/videos/62500.mp4,water,1926,features_cache/62500.pt
WLASL/videos/62502.mp4,water,1926,features_cache/62502.pt
WLASL/videos/62503.mp4,water,1926,features_cache/62503.pt
WLASL/videos/68766.mp4,wife,1958,features_cache/68766.pt
WLASL/videos/63329.mp4,wife,1958,features_cache/63329.pt
WLASL/videos/63330.mp4,wife,1958,features_cache/63330.pt
WLASL/videos/63332.mp4,wife,1958,features_cache/63332.pt
WLASL/videos/63333.mp4,wife,1958,features_cache/63333.pt
WLASL/videos/66784.mp4,wife,1958,features_cache/66784.pt
WLASL/videos/66785.mp4,wife,1958,features_cache/66785.pt
WLASL/videos/67068.mp4,wife,1958,features_cache/67068.pt
WLASL/videos/63335.mp4,wife,1958,features_cache/63335.pt
WLASL/videos/63336.mp4,wife,1958,features_cache/63336.pt
WLASL/videos/63337.mp4,wife,1958,features_cache/63337.pt
WLASL/videos/63327.mp4,wife,1958,features_cache/63327.pt
WLASL/videos/63328.mp4,wife,1958,features_cache/63328.pt
WLASL/videos/68191.mp4,yellow,1992,features_cache/68191.pt
WLASL/videos/68964.mp4,yellow,1992,features_cache/68964.pt
WLASL/videos/70240.mp4,yellow,1992,features_cache/70240.pt
WLASL/videos/64267.mp4,yellow,1992,features_cache/64267.pt
WLASL/videos/64268.mp4,yellow,1992,features_cache/64268.pt
WLASL/videos/66819.mp4,yellow,1992,features_cache/66819.pt
WLASL/videos/67013.mp4,yellow,1992,features_cache/67013.pt
WLASL/videos/64270.mp4,yellow,1992,features_cache/64270.pt
WLASL/videos/64271.mp4,yellow,1992,features_cache/64271.pt
WLASL/videos/64261.mp4,yellow,1992,features_cache/64261.pt
WLASL/videos/64262.mp4,yellow,1992,features_cache/64262.pt
WLASL/videos/64264.mp4,yellow,1992,features_cache/64264.pt
WLASL/videos/64265.mp4,yellow,1992,features_cache/64265.pt
WLASL/videos/04618.mp4,backpack,137,features_cache/04618.pt
WLASL/videos/04619.mp4,backpack,137,features_cache/04619.pt
WLASL/videos/04621.mp4,backpack,137,features_cache/04621.pt
WLASL/videos/04622.mp4,backpack,137,features_cache/04622.pt
WLASL/videos/04624.mp4,backpack,137,features_cache/04624.pt
WLASL/videos/04616.mp4,backpack,137,features_cache/04616.pt
WLASL/videos/04626.mp4,backpack,137,features_cache/04626.pt
WLASL/videos/04628.mp4,backpack,137,features_cache/04628.pt
WLASL/videos/04629.mp4,backpack,137,features_cache/04629.pt
WLASL/videos/04630.mp4,backpack,137,features_cache/04630.pt
WLASL/videos/04631.mp4,backpack,137,features_cache/04631.pt
WLASL/videos/68626.mp4,bar,148,features_cache/68626.pt
WLASL/videos/05103.mp4,bar,148,features_cache/05103.pt
WLASL/videos/05087.mp4,bar,148,features_cache/05087.pt
WLASL/videos/05090.mp4,bar,148,features_cache/05090.pt
WLASL/videos/05092.mp4,bar,148,features_cache/05092.pt
WLASL/videos/05093.mp4,bar,148,features_cache/05093.pt
WLASL/videos/67389.mp4,bar,148,features_cache/67389.pt
WLASL/videos/05095.mp4,bar,148,features_cache/05095.pt
WLASL/videos/05097.mp4,bar,148,features_cache/05097.pt
WLASL/videos/05098.mp4,bar,148,features_cache/05098.pt
WLASL/videos/05101.mp4,bar,148,features_cache/05101.pt
WLASL/videos/68594.mp4,brother,246,features_cache/68594.pt
WLASL/videos/07937.mp4,brother,246,features_cache/07937.pt
WLASL/videos/07940.mp4,brother,246,features_cache/07940.pt
WLASL/videos/07941.mp4,brother,246,features_cache/07941.pt
WLASL/videos/65262.mp4,brother,246,features_cache/65262.pt
WLASL/videos/07932.mp4,brother,246,features_cache/07932.pt
WLASL/videos/07942.mp4,brother,246,features_cache/07942.pt
WLASL/videos/07943.mp4,brother,246,features_cache/07943.pt
WLASL/videos/07933.mp4,brother,246,features_cache/07933.pt
WLASL/videos/07934.mp4,brother,246,features_cache/07934.pt
WLASL/videos/07935.mp4,brother,246,features_cache/07935.pt
WLASL/videos/07936.mp4,brother,246,features_cache/07936.pt
WLASL/videos/09528.mp4,cat,299,features_cache/09528.pt
WLASL/videos/09530.mp4,cat,299,features_cache/09530.pt
WLASL/videos/09533.mp4,cat,299,features_cache/09533.pt
WLASL/videos/09534.mp4,cat,299,features_cache/09534.pt
WLASL/videos/65312.mp4,cat,299,features_cache/65312.pt
WLASL/videos/65313.mp4,cat,299,features_cache/65313.pt
WLASL/videos/67477.mp4,cat,299,features_cache/67477.pt
WLASL/videos/09535.mp4,cat,299,features_cache/09535.pt
WLASL/videos/09536.mp4,cat,299,features_cache/09536.pt
WLASL/videos/09537.mp4,cat,299,features_cache/09537.pt
WLASL/videos/09538.mp4,cat,299,features_cache/09538.pt
WLASL/videos/09526.mp4,cat,299,features_cache/09526.pt
WLASL/videos/65343.mp4,check,324,features_cache/65343.pt
WLASL/videos/10184.mp4,check,324,features_cache/10184.pt
WLASL/videos/10185.mp4,check,324,features_cache/10185.pt
WLASL/videos/10187.mp4,check,324,features_cache/10187.pt
WLASL/videos/10189.mp4,check,324,features_cache/10189.pt
WLASL/videos/10190.mp4,check,324,features_cache/10190.pt
WLASL/videos/10183.mp4,check,324,features_cache/10183.pt
WLASL/videos/67491.mp4,check,324,features_cache/67491.pt
WLASL/videos/10193.mp4,check,324,features_cache/10193.pt
WLASL/videos/10197.mp4,check,324,features_cache/10197.pt
WLASL/videos/10199.mp4,check,324,features_cache/10199.pt
WLASL/videos/68376.mp4,class,348,features_cache/68376.pt
WLASL/videos/68021.mp4,class,348,features_cache/68021.pt
WLASL/videos/10975.mp4,class,348,features_cache/10975.pt
WLASL/videos/10976.mp4,class,348,features_cache/10976.pt
WLASL/videos/65364.mp4,class,348,features_cache/65364.pt
WLASL/videos/10967.mp4,class,348,features_cache/10967.pt
WLASL/videos/10968.mp4,class,348,features_cache/10968.pt
WLASL/videos/10969.mp4,class,348,features_cache/10969.pt
WLASL/videos/10970.mp4,class,348,features_cache/10970.pt
WLASL/videos/10971.mp4,class,348,features_cache/10971.pt
WLASL/videos/10972.mp4,class,348,features_cache/10972.pt
WLASL/videos/10973.mp4,class,348,features_cache/10973.pt
WLASL/videos/14175.mp4,cry,447,features_cache/14175.pt
WLASL/videos/14176.mp4,cry,447,features_cache/14176.pt
WLASL/videos/14179.mp4,cry,447,features_cache/14179.pt
WLASL/videos/14180.mp4,cry,447,features_cache/14180.pt
WLASL/videos/14182.mp4,cry,447,features_cache/14182.pt
WLASL/videos/14183.mp4,cry,447,features_cache/14183.pt
WLASL/videos/14174.mp4,cry,447,features_cache/14174.pt
WLASL/videos/67545.mp4,cry,447,features_cache/67545.pt
WLASL/videos/14185.mp4,cry,447,features_cache/14185.pt
WLASL/videos/14186.mp4,cry,447,features_cache/14186.pt
WLASL/videos/14187.mp4,cry,447,features_cache/14187.pt
WLASL/videos/14188.mp4,cry,447,features_cache/14188.pt
WLASL/videos/68666.mp4,different,518,features_cache/68666.pt
WLASL/videos/16195.mp4,different,518,features_cache/16195.pt
WLASL/videos/16198.mp4,different,518,features_cache/16198.pt
WLASL/videos/16199.mp4,different,518,features_cache/16199.pt
WLASL/videos/65480.mp4,different,518,features_cache/65480.pt
WLASL/videos/16200.mp4,different,518,features_cache/16200.pt
WLASL/videos/16202.mp4,different,518,features_cache/16202.pt
WLASL/videos/16203.mp4,different,518,features_cache/16203.pt
WLASL/videos/16191.mp4,different,518,features_cache/16191.pt
WLASL/videos/16192.mp4,different,518,features_cache/16192.pt
WLASL/videos/16193.mp4,different,518,features_cache/16193.pt
WLASL/videos/16194.mp4,different,518,features_cache/16194.pt
WLASL/videos/68038.mp4,door,554,features_cache/68038.pt
WLASL/videos/17327.mp4,door,554,features_cache/17327.pt
WLASL/videos/17331.mp4,door,554,features_cache/17331.pt
WLASL/videos/17332.mp4,door,554,features_cache/17332.pt
WLASL/videos/17333.mp4,door,554,features_cache/17333.pt
WLASL/videos/65520.mp4,door,554,features_cache/65520.pt
WLASL/videos/67583.mp4,door,554,features_cache/67583.pt
WLASL/videos/17334.mp4,door,554,features_cache/17334.pt
WLASL/videos/17335.mp4,door,554,features_cache/17335.pt
WLASL/videos/17336.mp4,door,554,features_cache/17336.pt
WLASL/videos/17325.mp4,door,554,features_cache/17325.pt
WLASL/videos/17326.mp4,door,554,features_cache/17326.pt
WLASL/videos/70241.mp4,green,814,features_cache/70241.pt
WLASL/videos/69066.mp4,green,814,features_cache/69066.pt
WLASL/videos/25693.mp4,green,814,features_cache/25693.pt
WLASL/videos/25694.mp4,green,814,features_cache/25694.pt
WLASL/videos/65854.mp4,green,814,features_cache/65854.pt
WLASL/videos/25685.mp4,green,814,features_cache/25685.pt
WLASL/videos/25695.mp4,green,814,features_cache/25695.pt
WLASL/videos/25686.mp4,green,814,features_cache/25686.pt
WLASL/videos/25687.mp4,green,814,features_cache/25687.pt
WLASL/videos/25688.mp4,green,814,features_cache/25688.pt
WLASL/videos/25689.mp4,green,814,features_cache/25689.pt
WLASL/videos/25690.mp4,green,814,features_cache/25690.pt
WLASL/videos/68064.mp4,hair,828,features_cache/68064.pt
WLASL/videos/26173.mp4,hair,828,features_cache/26173.pt
WLASL/videos/26159.mp4,hair,828,features_cache/26159.pt
WLASL/videos/26162.mp4,hair,828,features_cache/26162.pt
WLASL/videos/26163.mp4,hair,828,features_cache/26163.pt
WLASL/videos/65870.mp4,hair,828,features_cache/65870.pt
WLASL/videos/26157.mp4,hair,828,features_cache/26157.pt
WLASL/videos/67737.mp4,hair,828,features_cache/67737.pt
WLASL/videos/26167.mp4,hair,828,features_cache/26167.pt
WLASL/videos/26169.mp4,hair,828,features_cache/26169.pt
WLASL/videos/26170.mp4,hair,828,features_cache/26170.pt
WLASL/videos/26172.mp4,hair,828,features_cache/26172.pt
WLASL/videos/68069.mp4,have,842,features_cache/68069.pt
WLASL/videos/70221.mp4,have,842,features_cache/70221.pt
WLASL/videos/26773.mp4,have,842,features_cache/26773.pt
WLASL/videos/26775.mp4,have,842,features_cache/26775.pt
WLASL/videos/26766.mp4,have,842,features_cache/26766.pt
WLASL/videos/67746.mp4,have,842,features_cache/67746.pt
WLASL/videos/26777.mp4,have,842,features_cache/26777.pt
WLASL/videos/26778.mp4,have,842,features_cache/26778.pt
WLASL/videos/26779.mp4,have,842,features_cache/26779.pt
WLASL/videos/26767.mp4,have,842,features_cache/26767.pt
WLASL/videos/26768.mp4,have,842,features_cache/26768.pt
WLASL/videos/26770.mp4,have,842,features_cache/26770.pt
WLASL/videos/26836.mp4,headache,845,features_cache/26836.pt
WLASL/videos/26837.mp4,headache,845,features_cache/26837.pt
WLASL/videos/26840.mp4,headache,845,features_cache/26840.pt
WLASL/videos/26841.mp4,headache,845,features_cache/26841.pt
WLASL/videos/65881.mp4,headache,845,features_cache/65881.pt
WLASL/videos/67747.mp4,headache,845,features_cache/67747.pt
WLASL/videos/26843.mp4,headache,845,features_cache/26843.pt
WLASL/videos/26844.mp4,headache,845,features_cache/26844.pt
WLASL/videos/26845.mp4,headache,845,features_cache/26845.pt
WLASL/videos/26846.mp4,headache,845,features_cache/26846.pt
WLASL/videos/26833.mp4,headache,845,features_cache/26833.pt
WLASL/videos/26834.mp4,headache,845,features_cache/26834.pt
WLASL/videos/29628.mp4,inform,919,features_cache/29628.pt
WLASL/videos/29648.mp4,inform,919,features_cache/29648.pt
WLASL/videos/29649.mp4,inform,919,features_cache/29649.pt
WLASL/videos/29651.mp4,inform,919,features_cache/29651.pt
WLASL/videos/29652.mp4,inform,919,features_cache/29652.pt
WLASL/videos/29653.mp4,inform,919,features_cache/29653.pt
WLASL/videos/29655.mp4,inform,919,features_cache/29655.pt
WLASL/videos/65940.mp4,inform,919,features_cache/65940.pt
WLASL/videos/29659.mp4,inform,919,features_cache/29659.pt
WLASL/videos/29661.mp4,inform,919,features_cache/29661.pt
WLASL/videos/29647.mp4,inform,919,features_cache/29647.pt
WLASL/videos/31843.mp4,knife,980,features_cache/31843.pt
WLASL/videos/31844.mp4,knife,980,features_cache/31844.pt
WLASL/videos/31849.mp4,knife,980,features_cache/31849.pt
WLASL/videos/31850.mp4,knife,980,features_cache/31850.pt
WLASL/videos/66000.mp4,knife,980,features_cache/66000.pt
WLASL/videos/67821.mp4,knife,980,features_cache/67821.pt
WLASL/videos/31852.mp4,knife,980,features_cache/31852.pt
WLASL/videos/31853.mp4,knife,980,features_cache/31853.pt
WLASL/videos/31854.mp4,knife,980,features_cache/31854.pt
WLASL/videos/31855.mp4,knife,980,features_cache/31855.pt
WLASL/videos/31856.mp4,knife,980,features_cache/31856.pt
WLASL/videos/31842.mp4,knife,980,features_cache/31842.pt
WLASL/videos/32373.mp4,laugh,995,features_cache/32373.pt
WLASL/videos/32393.mp4,laugh,995,features_cache/32393.pt
WLASL/videos/32395.mp4,laugh,995,features_cache/32395.pt
WLASL/videos/32397.mp4,laugh,995,features_cache/32397.pt
WLASL/videos/32381.mp4,laugh,995,features_cache/32381.pt
WLASL/videos/66016.mp4,laugh,995,features_cache/66016.pt
WLASL/videos/32382.mp4,laugh,995,features_cache/32382.pt
WLASL/videos/32383.mp4,laugh,995,features_cache/32383.pt
WLASL/videos/32377.mp4,laugh,995,features_cache/32377.pt
WLASL/videos/32388.mp4,laugh,995,features_cache/32388.pt
WLASL/videos/32392.mp4,laugh,995,features_cache/32392.pt
WLASL/videos/70205.mp4,learn,1005,features_cache/70205.pt
WLASL/videos/32608.mp4,learn,1005,features_cache/32608.pt
WLASL/videos/32612.mp4,learn,1005,features_cache/32612.pt
WLASL/videos/32613.mp4,learn,1005,features_cache/32613.pt
WLASL/videos/66024.mp4,learn,1005,features_cache/66024.pt
WLASL/videos/32604.mp4,learn,1005,features_cache/32604.pt
WLASL/videos/32614.mp4,learn,1005,features_cache/32614.pt
WLASL/videos/32615.mp4,learn,1005,features_cache/32615.pt
WLASL/videos/32616.mp4,learn,1005,features_cache/32616.pt
WLASL/videos/32605.mp4,learn,1005,features_cache/32605.pt
WLASL/videos/32606.mp4,learn,1005,features_cache/32606.pt
WLASL/videos/32607.mp4,learn,1005,features_cache/32607.pt
WLASL/videos/68832.mp4,movie,1126,features_cache/68832.pt
WLASL/videos/37126.mp4,movie,1126,features_cache/37126.pt
WLASL/videos/37150.mp4,movie,1126,features_cache/37150.pt
WLASL/videos/37125.mp4,movie,1126,features_cache/37125.pt
WLASL/videos/37151.mp4,movie,1126,features_cache/37151.pt
WLASL/videos/37152.mp4,movie,1126,features_cache/37152.pt
WLASL/videos/37128.mp4,movie,1126,features_cache/37128.pt
WLASL/videos/37129.mp4,movie,1126,features_cache/37129.pt
WLASL/videos/37130.mp4,movie,1126,features_cache/37130.pt
WLASL/videos/37134.mp4,movie,1126,features_cache/37134.pt
WLASL/videos/67914.mp4,movie,1126,features_cache/67914.pt
WLASL/videos/37135.mp4,movie,1126,features_cache/37135.pt
WLASL/videos/45838.mp4,rabbit,1397,features_cache/45838.pt
WLASL/videos/45839.mp4,rabbit,1397,features_cache/45839.pt
WLASL/videos/45840.mp4,rabbit,1397,features_cache/45840.pt
WLASL/videos/45842.mp4,rabbit,1397,features_cache/45842.pt
WLASL/videos/45843.mp4,rabbit,1397,features_cache/45843.pt
WLASL/videos/67119.mp4,rabbit,1397,features_cache/67119.pt
WLASL/videos/45845.mp4,rabbit,1397,features_cache/45845.pt
WLASL/videos/45847.mp4,rabbit,1397,features_cache/45847.pt
WLASL/videos/45848.mp4,rabbit,1397,features_cache/45848.pt
WLASL/videos/45850.mp4,rabbit,1397,features_cache/45850.pt
WLASL/videos/45851.mp4,rabbit,1397,features_cache/45851.pt
WLASL/videos/68138.mp4,read,1407,features_cache/68138.pt
WLASL/videos/70274.mp4,read,1407,features_cache/70274.pt
WLASL/videos/46273.mp4,read,1407,features_cache/46273.pt
WLASL/videos/46275.mp4,read,1407,features_cache/46275.pt
WLASL/videos/46266.mp4,read,1407,features_cache/46266.pt
WLASL/videos/67125.mp4,read,1407,features_cache/67125.pt
WLASL/videos/46267.mp4,read,1407,features_cache/46267.pt
WLASL/videos/46268.mp4,read,1407,features_cache/46268.pt
WLASL/videos/46269.mp4,read,1407,features_cache/46269.pt
WLASL/videos/46270.mp4,read,1407,features_cache/46270.pt
WLASL/videos/46271.mp4,read,1407,features_cache/46271.pt
WLASL/videos/46272.mp4,read,1407,features_cache/46272.pt
WLASL/videos/68664.mp4,red,1419,features_cache/68664.pt
WLASL/videos/70239.mp4,red,1419,features_cache/70239.pt
WLASL/videos/46739.mp4,red,1419,features_cache/46739.pt
WLASL/videos/46740.mp4,red,1419,features_cache/46740.pt
WLASL/videos/46731.mp4,red,1419,features_cache/46731.pt
WLASL/videos/67129.mp4,red,1419,features_cache/67129.pt
WLASL/videos/46742.mp4,red,1419,features_cache/46742.pt
WLASL/videos/46732.mp4,red,1419,features_cache/46732.pt
WLASL/videos/46733.mp4,red,1419,features_cache/46733.pt
WLASL/videos/46734.mp4,red,1419,features_cache/46734.pt
WLASL/videos/46735.mp4,red,1419,features_cache/46735.pt
WLASL/videos/46736.mp4,red,1419,features_cache/46736.pt
WLASL/videos/48509.mp4,room,1477,features_cache/48509.pt
WLASL/videos/48511.mp4,room,1477,features_cache/48511.pt
WLASL/videos/48513.mp4,room,1477,features_cache/48513.pt
WLASL/videos/48515.mp4,room,1477,features_cache/48515.pt
WLASL/videos/48516.mp4,room,1477,features_cache/48516.pt
WLASL/videos/66415.mp4,room,1477,features_cache/66415.pt
WLASL/videos/66416.mp4,room,1477,features_cache/66416.pt
WLASL/videos/67149.mp4,room,1477,features_cache/67149.pt
WLASL/videos/48517.mp4,room,1477,features_cache/48517.pt
WLASL/videos/48519.mp4,room,1477,features_cache/48519.pt
WLASL/videos/48520.mp4,room,1477,features_cache/48520.pt
WLASL/videos/48816.mp4,run,1487,features_cache/48816.pt
WLASL/videos/48798.mp4,run,1487,features_cache/48798.pt
WLASL/videos/48819.mp4,run,1487,features_cache/48819.pt
WLASL/videos/67153.mp4,run,1487,features_cache/67153.pt
WLASL/videos/48824.mp4,run,1487,features_cache/48824.pt
WLASL/videos/48827.mp4,run,1487,features_cache/48827.pt
WLASL/videos/48801.mp4,run,1487,features_cache/48801.pt
WLASL/videos/48804.mp4,run,1487,features_cache/48804.pt
WLASL/videos/48805.mp4,run,1487,features_cache/48805.pt
WLASL/videos/48809.mp4,run,1487,features_cache/48809.pt
WLASL/videos/48810.mp4,run,1487,features_cache/48810.pt
WLASL/videos/48814.mp4,run,1487,features_cache/48814.pt
WLASL/videos/51347.mp4,show,1564,features_cache/51347.pt
WLASL/videos/51348.mp4,show,1564,features_cache/51348.pt
WLASL/videos/51351.mp4,show,1564,features_cache/51351.pt
WLASL/videos/51352.mp4,show,1564,features_cache/51352.pt
WLASL/videos/51353.mp4,show,1564,features_cache/51353.pt
WLASL/videos/51345.mp4,show,1564,features_cache/51345.pt
WLASL/videos/51355.mp4,show,1564,features_cache/51355.pt
WLASL/videos/51356.mp4,show,1564,features_cache/51356.pt
WLASL/videos/51357.mp4,show,1564,features_cache/51357.pt
WLASL/videos/51358.mp4,show,1564,features_cache/51358.pt
WLASL/videos/51360.mp4,show,1564,features_cache/51360.pt
WLASL/videos/51346.mp4,show,1564,features_cache/51346.pt
WLASL/videos/68152.mp4,sick,1568,features_cache/68152.pt
WLASL/videos/68776.mp4,sick,1568,features_cache/68776.pt
WLASL/videos/51502.mp4,sick,1568,features_cache/51502.pt
WLASL/videos/51503.mp4,sick,1568,features_cache/51503.pt
WLASL/videos/51504.mp4,sick,1568,features_cache/51504.pt
WLASL/videos/51505.mp4,sick,1568,features_cache/51505.pt
WLASL/videos/51507.mp4,sick,1568,features_cache/51507.pt
WLASL/videos/66475.mp4,sick,1568,features_cache/66475.pt
WLASL/videos/51501.mp4,sick,1568,features_cache/51501.pt
WLASL/videos/67201.mp4,sick,1568,features_cache/67201.pt
WLASL/videos/51514.mp4,sick,1568,features_cache/51514.pt
WLASL/videos/51515.mp4,sick,1568,features_cache/51515.pt
WLASL/videos/70122.mp4,snow,1616,features_cache/70122.pt
WLASL/videos/52862.mp4,snow,1616,features_cache/52862.pt
WLASL/videos/52865.mp4,snow,1616,features_cache/52865.pt
WLASL/videos/52866.mp4,snow,1616,features_cache/52866.pt
WLASL/videos/66519.mp4,snow,1616,features_cache/66519.pt
WLASL/videos/66518.mp4,snow,1616,features_cache/66518.pt
WLASL/videos/67221.mp4,snow,1616,features_cache/67221.pt
WLASL/videos/52867.mp4,snow,1616,features_cache/52867.pt
WLASL/videos/52858.mp4,snow,1616,features_cache/52858.pt
WLASL/videos/52859.mp4,snow,1616,features_cache/52859.pt
WLASL/videos/52860.mp4,snow,1616,features_cache/52860.pt
WLASL/videos/52861.mp4,snow,1616,features_cache/52861.pt
WLASL/videos/56652.mp4,take,1745,features_cache/56652.pt
WLASL/videos/69500.mp4,take,1745,features_cache/69500.pt
WLASL/videos/68228.mp4,take,1745,features_cache/68228.pt
WLASL/videos/56698.mp4,take,1745,features_cache/56698.pt
WLASL/videos/56699.mp4,take,1745,features_cache/56699.pt
WLASL/videos/56700.mp4,take,1745,features_cache/56700.pt
WLASL/videos/56692.mp4,take,1745,features_cache/56692.pt
WLASL/videos/56703.mp4,take,1745,features_cache/56703.pt
WLASL/videos/56704.mp4,take,1745,features_cache/56704.pt
WLASL/videos/56694.mp4,take,1745,features_cache/56694.pt
WLASL/videos/56696.mp4,take,1745,features_cache/56696.pt
WLASL/videos/68168.mp4,tea,1754,features_cache/68168.pt
WLASL/videos/70034.mp4,tea,1754,features_cache/70034.pt
WLASL/videos/57084.mp4,tea,1754,features_cache/57084.pt
WLASL/videos/57085.mp4,tea,1754,features_cache/57085.pt
WLASL/videos/57076.mp4,tea,1754,features_cache/57076.pt
WLASL/videos/67280.mp4,tea,1754,features_cache/67280.pt
WLASL/videos/57087.mp4,tea,1754,features_cache/57087.pt
WLASL/videos/57077.mp4,tea,1754,features_cache/57077.pt
WLASL/videos/57078.mp4,tea,1754,features_cache/57078.pt
WLASL/videos/57079.mp4,tea,1754,features_cache/57079.pt
WLASL/videos/57080.mp4,tea,1754,features_cache/57080.pt
WLASL/videos/57081.mp4,tea,1754,features_cache/57081.pt
WLASL/videos/57043.mp4,teacher,1756,features_cache/57043.pt
WLASL/videos/57044.mp4,teacher,1756,features_cache/57044.pt
WLASL/videos/57047.mp4,teacher,1756,features_cache/57047.pt
WLASL/videos/57048.mp4,teacher,1756,features_cache/57048.pt
WLASL/videos/66593.mp4,teacher,1756,features_cache/66593.pt
WLASL/videos/57039.mp4,teacher,1756,features_cache/57039.pt
WLASL/videos/57049.mp4,teacher,1756,features_cache/57049.pt
WLASL/videos/57050.mp4,teacher,1756,features_cache/57050.pt
WLASL/videos/57051.mp4,teacher,1756,features_cache/57051.pt
WLASL/videos/57040.mp4,teacher,1756,features_cache/57040.pt
WLASL/videos/57041.mp4,teacher,1756,features_cache/57041.pt
WLASL/videos/57042.mp4,teacher,1756,features_cache/57042.pt
WLASL/videos/70304.mp4,week,1936,features_cache/70304.pt
WLASL/videos/62744.mp4,week,1936,features_cache/62744.pt
WLASL/videos/62748.mp4,week,1936,features_cache/62748.pt
WLASL/videos/62749.mp4,week,1936,features_cache/62749.pt
WLASL/videos/66759.mp4,week,1936,features_cache/66759.pt
WLASL/videos/62740.mp4,week,1936,features_cache/62740.pt
WLASL/videos/62750.mp4,week,1936,features_cache/62750.pt
WLASL/videos/62751.mp4,week,1936,features_cache/62751.pt
WLASL/videos/62752.mp4,week,1936,features_cache/62752.pt
WLASL/videos/62741.mp4,week,1936,features_cache/62741.pt
WLASL/videos/62742.mp4,week,1936,features_cache/62742.pt
WLASL/videos/62743.mp4,week,1936,features_cache/62743.pt
WLASL/videos/63283.mp4,why,1956,features_cache/63283.pt
WLASL/videos/63284.mp4,why,1956,features_cache/63284.pt
WLASL/videos/63287.mp4,why,1956,features_cache/63287.pt
WLASL/videos/63288.mp4,why,1956,features_cache/63288.pt
WLASL/videos/66781.mp4,why,1956,features_cache/66781.pt
WLASL/videos/67067.mp4,why,1956,features_cache/67067.pt
WLASL/videos/63290.mp4,why,1956,features_cache/63290.pt
WLASL/videos/63291.mp4,why,1956,features_cache/63291.pt
WLASL/videos/63292.mp4,why,1956,features_cache/63292.pt
WLASL/videos/63280.mp4,why,1956,features_cache/63280.pt
WLASL/videos/63281.mp4,why,1956,features_cache/63281.pt
WLASL/videos/63282.mp4,why,1956,features_cache/63282.pt
WLASL/videos/68572.mp4,with,1967,features_cache/68572.pt
WLASL/videos/68714.mp4,with,1967,features_cache/68714.pt
WLASL/videos/63595.mp4,with,1967,features_cache/63595.pt
WLASL/videos/63596.mp4,with,1967,features_cache/63596.pt
WLASL/videos/66795.mp4,with,1967,features_cache/66795.pt
WLASL/videos/63587.mp4,with,1967,features_cache/63587.pt
WLASL/videos/63588.mp4,with,1967,features_cache/63588.pt
WLASL/videos/63589.mp4,with,1967,features_cache/63589.pt
WLASL/videos/63590.mp4,with,1967,features_cache/63590.pt
WLASL/videos/63591.mp4,with,1967,features_cache/63591.pt
WLASL/videos/63592.mp4,with,1967,features_cache/63592.pt
WLASL/videos/63593.mp4,with,1967,features_cache/63593.pt
WLASL/videos/70261.mp4,write,1989,features_cache/70261.pt
WLASL/videos/64060.mp4,write,1989,features_cache/64060.pt
WLASL/videos/64064.mp4,write,1989,features_cache/64064.pt
WLASL/videos/64065.mp4,write,1989,features_cache/64065.pt
WLASL/videos/66815.mp4,write,1989,features_cache/66815.pt
WLASL/videos/64056.mp4,write,1989,features_cache/64056.pt
WLASL/videos/64066.mp4,write,1989,features_cache/64066.pt
WLASL/videos/64067.mp4,write,1989,features_cache/64067.pt
WLASL/videos/64068.mp4,write,1989,features_cache/64068.pt
WLASL/videos/64057.mp4,write,1989,features_cache/64057.pt
WLASL/videos/64058.mp4,write,1989,features_cache/64058.pt
WLASL/videos/64059.mp4,write,1989,features_cache/64059.pt
WLASL/videos/64303.mp4,yesterday,1994,features_cache/64303.pt
WLASL/videos/64307.mp4,yesterday,1994,features_cache/64307.pt
WLASL/videos/64309.mp4,yesterday,1994,features_cache/64309.pt
WLASL/videos/64311.mp4,yesterday,1994,features_cache/64311.pt
WLASL/videos/66821.mp4,yesterday,1994,features_cache/66821.pt
WLASL/videos/66822.mp4,yesterday,1994,features_cache/66822.pt
WLASL/videos/67014.mp4,yesterday,1994,features_cache/67014.pt
WLASL/videos/64313.mp4,yesterday,1994,features_cache/64313.pt
WLASL/videos/64314.mp4,yesterday,1994,features_cache/64314.pt
WLASL/videos/64315.mp4,yesterday,1994,features_cache/64315.pt
WLASL/videos/64305.mp4,yesterday,1994,features_cache/64305.pt
WLASL/videos/64306.mp4,yesterday,1994,features_cache/64306.pt
WLASL/videos/70219.mp4,again,34,features_cache/70219.pt
WLASL/videos/01466.mp4,again,34,features_cache/01466.pt
WLASL/videos/01467.mp4,again,34,features_cache/01467.pt
WLASL/videos/01469.mp4,again,34,features_cache/01469.pt
WLASL/videos/01460.mp4,again,34,features_cache/01460.pt
WLASL/videos/01470.mp4,again,34,features_cache/01470.pt
WLASL/videos/01471.mp4,again,34,features_cache/01471.pt
WLASL/videos/01461.mp4,again,34,features_cache/01461.pt
WLASL/videos/01463.mp4,again,34,features_cache/01463.pt
WLASL/videos/01464.mp4,again,34,features_cache/01464.pt
WLASL/videos/01465.mp4,again,34,features_cache/01465.pt
WLASL/videos/04709.mp4,bad,139,features_cache/04709.pt
WLASL/videos/04712.mp4,bad,139,features_cache/04712.pt
WLASL/videos/04713.mp4,bad,139,features_cache/04713.pt
WLASL/videos/04716.mp4,bad,139,features_cache/04716.pt
WLASL/videos/65125.mp4,bad,139,features_cache/65125.pt
WLASL/videos/04708.mp4,bad,139,features_cache/04708.pt
WLASL/videos/67381.mp4,bad,139,features_cache/67381.pt
WLASL/videos/04718.mp4,bad,139,features_cache/04718.pt
WLASL/videos/04721.mp4,bad,139,features_cache/04721.pt
WLASL/videos/04722.mp4,bad,139,features_cache/04722.pt
WLASL/videos/04723.mp4,bad,139,features_cache/04723.pt
WLASL/videos/04850.mp4,ball,143,features_cache/04850.pt
WLASL/videos/04851.mp4,ball,143,features_cache/04851.pt
WLASL/videos/04852.mp4,ball,143,features_cache/04852.pt
WLASL/videos/04854.mp4,ball,143,features_cache/04854.pt
WLASL/videos/65131.mp4,ball,143,features_cache/65131.pt
WLASL/videos/04849.mp4,ball,143,features_cache/04849.pt
WLASL/videos/67385.mp4,ball,143,features_cache/67385.pt
WLASL/videos/04859.mp4,ball,143,features_cache/04859.pt
WLASL/videos/04861.mp4,ball,143,features_cache/04861.pt
WLASL/videos/04862.mp4,ball,143,features_cache/04862.pt
WLASL/videos/04864.mp4,ball,143,features_cache/04864.pt
WLASL/videos/05300.mp4,bathroom,156,features_cache/05300.pt
WLASL/videos/05301.mp4,bathroom,156,features_cache/05301.pt
WLASL/videos/05302.mp4,bathroom,156,features_cache/05302.pt
WLASL/videos/05304.mp4,bathroom,156,features_cache/05304.pt
WLASL/videos/65148.mp4,bathroom,156,features_cache/65148.pt
WLASL/videos/67394.mp4,bathroom,156,features_cache/67394.pt
WLASL/videos/05307.mp4,bathroom,156,features_cache/05307.pt
WLASL/videos/05308.mp4,bathroom,156,features_cache/05308.pt
WLASL/videos/05310.mp4,bathroom,156,features_cache/05310.pt
WLASL/videos/05297.mp4,bathroom,156,features_cache/05297.pt
WLASL/videos/05298.mp4,bathroom,156,features_cache/05298.pt
WLASL/videos/06554.mp4,blanket,198,features_cache/06554.pt
WLASL/videos/06555.mp4,blanket,198,features_cache/06555.pt
WLASL/videos/06557.mp4,blanket,198,features_cache/06557.pt
WLASL/videos/06559.mp4,blanket,198,features_cache/06559.pt
WLASL/videos/65205.mp4,blanket,198,features_cache/65205.pt
WLASL/videos/67415.mp4,blanket,198,features_cache/67415.pt
WLASL/videos/06560.mp4,blanket,198,features_cache/06560.pt
WLASL/videos/06561.mp4,blanket,198,features_cache/06561.pt
WLASL/videos/06563.mp4,blanket,198,features_cache/06563.pt
WLASL/videos/06551.mp4,blanket,198,features_cache/06551.pt
WLASL/videos/06552.mp4,blanket,198,features_cache/06552.pt
WLASL/videos/68566.mp4,buy,264,features_cache/68566.pt
WLASL/videos/08488.mp4,buy,264,features_cache/08488.pt
WLASL/videos/08489.mp4,buy,264,features_cache/08489.pt
WLASL/videos/08491.mp4,buy,264,features_cache/08491.pt
WLASL/videos/08482.mp4,buy,264,features_cache/08482.pt
WLASL/videos/67453.mp4,buy,264,features_cache/67453.pt
WLASL/videos/08492.mp4,buy,264,features_cache/08492.pt
WLASL/videos/08483.mp4,buy,264,features_cache/08483.pt
WLASL/videos/08485.mp4,buy,264,features_cache/08485.pt
WLASL/videos/08486.mp4,buy,264,features_cache/08486.pt
WLASL/videos/08487.mp4,buy,264,features_cache/08487.pt
WLASL/videos/65290.mp4,call,274,features_cache/65290.pt
WLASL/videos/65556.mp4,call,274,features_cache/65556.pt
WLASL/videos/08713.mp4,call,274,features_cache/08713.pt
WLASL/videos/08689.mp4,call,274,features_cache/08689.pt
WLASL/videos/08690.mp4,call,274,features_cache/08690.pt
WLASL/videos/08691.mp4,call,274,features_cache/08691.pt
WLASL/videos/08692.mp4,call,274,features_cache/08692.pt
WLASL/videos/08695.mp4,call,274,features_cache/08695.pt
WLASL/videos/08697.mp4,call,274,features_cache/08697.pt
WLASL/videos/08698.mp4,call,274,features_cache/08698.pt
WLASL/videos/08702.mp4,call,274,features_cache/08702.pt
WLASL/videos/70033.mp4,coffee,367,features_cache/70033.pt
WLASL/videos/68025.mp4,coffee,367,features_cache/68025.pt
WLASL/videos/69024.mp4,coffee,367,features_cache/69024.pt
WLASL/videos/11566.mp4,coffee,367,features_cache/11566.pt
WLASL/videos/11558.mp4,coffee,367,features_cache/11558.pt
WLASL/videos/67510.mp4,coffee,367,features_cache/67510.pt
WLASL/videos/11559.mp4,coffee,367,features_cache/11559.pt
WLASL/videos/11560.mp4,coffee,367,features_cache/11560.pt
WLASL/videos/11562.mp4,coffee,367,features_cache/11562.pt
WLASL/videos/11563.mp4,coffee,367,features_cache/11563.pt
WLASL/videos/11564.mp4,coffee,367,features_cache/11564.pt
WLASL/videos/11622.mp4,cold,368,features_cache/11622.pt
WLASL/videos/11623.mp4,cold,368,features_cache/11623.pt
WLASL/videos/11624.mp4,cold,368,features_cache/11624.pt
WLASL/videos/11627.mp4,cold,368,features_cache/11627.pt
WLASL/videos/11630.mp4,cold,368,features_cache/11630.pt
WLASL/videos/11621.mp4,cold,368,features_cache/11621.pt
WLASL/videos/67513.mp4,cold,368,features_cache/67513.pt
WLASL/videos/11633.mp4,cold,368,features_cache/11633.pt
WLASL/videos/11635.mp4,cold,368,features_cache/11635.pt
WLASL/videos/11636.mp4,cold,368,features_cache/11636.pt
WLASL/videos/11637.mp4,cold,368,features_cache/11637.pt
WLASL/videos/70206.mp4,college,370,features_cache/70206.pt
WLASL/videos/11714.mp4,college,370,features_cache/11714.pt
WLASL/videos/11715.mp4,college,370,features_cache/11715.pt
WLASL/videos/11717.mp4,college,370,features_cache/11717.pt
WLASL/videos/11708.mp4,college,370,features_cache/11708.pt
WLASL/videos/67512.mp4,college,370,features_cache/67512.pt
WLASL/videos/11718.mp4,college,370,features_cache/11718.pt
WLASL/videos/11709.mp4,college,370,features_cache/11709.pt
WLASL/videos/11711.mp4,college,370,features_cache/11711.pt
WLASL/videos/11712.mp4,college,370,features_cache/11712.pt
WLASL/videos/11713.mp4,college,370,features_cache/11713.pt
WLASL/videos/13269.mp4,copy,421,features_cache/13269.pt
WLASL/videos/13270.mp4,copy,421,features_cache/13270.pt
WLASL/videos/13271.mp4,copy,421,features_cache/13271.pt
WLASL/videos/13273.mp4,copy,421,features_cache/13273.pt
WLASL/videos/65405.mp4,copy,421,features_cache/65405.pt
WLASL/videos/67528.mp4,copy,421,features_cache/67528.pt
WLASL/videos/13276.mp4,copy,421,features_cache/13276.pt
WLASL/videos/13277.mp4,copy,421,features_cache/13277.pt
WLASL/videos/13279.mp4,copy,421,features_cache/13279.pt
WLASL/videos/13267.mp4,copy,421,features_cache/13267.pt
WLASL/videos/13268.mp4,copy,421,features_cache/13268.pt
WLASL/videos/14455.mp4,cute,457,features_cache/14455.pt
WLASL/videos/14456.mp4,cute,457,features_cache/14456.pt
WLASL/videos/14457.mp4,cute,457,features_cache/14457.pt
WLASL/videos/14459.mp4,cute,457,features_cache/14459.pt
WLASL/videos/67549.mp4,cute,457,features_cache/67549.pt
WLASL/videos/67548.mp4,cute,457,features_cache/67548.pt
WLASL/videos/14460.mp4,cute,457,features_cache/14460.pt
WLASL/videos/14461.mp4,cute,457,features_cache/14461.pt
WLASL/videos/14452.mp4,cute,457,features_cache/14452.pt
WLASL/videos/14453.mp4,cute,457,features_cache/14453.pt
WLASL/videos/14454.mp4,cute,457,features_cache/14454.pt
WLASL/videos/68858.mp4,daughter,468,features_cache/68858.pt
WLASL/videos/14754.mp4,daughter,468,features_cache/14754.pt
WLASL/videos/14755.mp4,daughter,468,features_cache/14755.pt
WLASL/videos/14757.mp4,daughter,468,features_cache/14757.pt
WLASL/videos/14758.mp4,daughter,468,features_cache/14758.pt
WLASL/videos/14759.mp4,daughter,468,features_cache/14759.pt
WLASL/videos/14760.mp4,daughter,468,features_cache/14760.pt
WLASL/videos/14749.mp4,daughter,468,features_cache/14749.pt
WLASL/videos/14751.mp4,daughter,468,features_cache/14751.pt
WLASL/videos/14752.mp4,daughter,468,features_cache/14752.pt
WLASL/videos/14753.mp4,daughter,468,features_cache/14753.pt
WLASL/videos/20064.mp4,example,650,features_cache/20064.pt
WLASL/videos/20068.mp4,example,650,features_cache/20068.pt
WLASL/videos/20070.mp4,example,650,features_cache/20070.pt
WLASL/videos/20071.mp4,example,650,features_cache/20071.pt
WLASL/videos/20072.mp4,example,650,features_cache/20072.pt
WLASL/videos/65652.mp4,example,650,features_cache/65652.pt
WLASL/videos/65654.mp4,example,650,features_cache/65654.pt
WLASL/videos/20074.mp4,example,650,features_cache/20074.pt
WLASL/videos/20075.mp4,example,650,features_cache/20075.pt
WLASL/videos/20076.mp4,example,650,features_cache/20076.pt
WLASL/videos/20066.mp4,example,650,features_cache/20066.pt
WLASL/videos/21073.mp4,far,681,features_cache/21073.pt
WLASL/videos/21074.mp4,far,681,features_cache/21074.pt
WLASL/videos/21075.mp4,far,681,features_cache/21075.pt
WLASL/videos/21077.mp4,far,681,features_cache/21077.pt
WLASL/videos/21069.mp4,far,681,features_cache/21069.pt
WLASL/videos/67643.mp4,far,681,features_cache/67643.pt
WLASL/videos/21079.mp4,far,681,features_cache/21079.pt
WLASL/videos/21080.mp4,far,681,features_cache/21080.pt
WLASL/videos/21071.mp4,far,681,features_cache/21071.pt
WLASL/videos/21072.mp4,far,681,features_cache/21072.pt
WLASL/videos/70083.mp4,first,708,features_cache/70083.pt
WLASL/videos/22086.mp4,first,708,features_cache/22086.pt
WLASL/videos/22087.mp4,first,708,features_cache/22087.pt
WLASL/videos/22089.mp4,first,708,features_cache/22089.pt
WLASL/videos/65730.mp4,first,708,features_cache/65730.pt
WLASL/videos/65728.mp4,first,708,features_cache/65728.pt
WLASL/videos/22085.mp4,first,708,features_cache/22085.pt
WLASL/videos/67666.mp4,first,708,features_cache/67666.pt
WLASL/videos/22095.mp4,first,708,features_cache/22095.pt
WLASL/videos/22097.mp4,first,708,features_cache/22097.pt
WLASL/videos/22098.mp4,first,708,features_cache/22098.pt
WLASL/videos/70342.mp4,friend,747,features_cache/70342.pt
WLASL/videos/68952.mp4,friend,747,features_cache/68952.pt
WLASL/videos/23574.mp4,friend,747,features_cache/23574.pt
WLASL/videos/23576.mp4,friend,747,features_cache/23576.pt
WLASL/videos/67691.mp4,friend,747,features_cache/67691.pt
WLASL/videos/23577.mp4,friend,747,features_cache/23577.pt
WLASL/videos/23578.mp4,friend,747,features_cache/23578.pt
WLASL/videos/23568.mp4,friend,747,features_cache/23568.pt
WLASL/videos/23570.mp4,friend,747,features_cache/23570.pt
WLASL/videos/23572.mp4,friend,747,features_cache/23572.pt
WLASL/videos/23573.mp4,friend,747,features_cache/23573.pt
WLASL/videos/25037.mp4,good,796,features_cache/25037.pt
WLASL/videos/69347.mp4,good,796,features_cache/69347.pt
WLASL/videos/70259.mp4,good,796,features_cache/70259.pt
WLASL/videos/25073.mp4,good,796,features_cache/25073.pt
WLASL/videos/25075.mp4,good,796,features_cache/25075.pt
WLASL/videos/25066.mp4,good,796,features_cache/25066.pt
WLASL/videos/25076.mp4,good,796,features_cache/25076.pt
WLASL/videos/25067.mp4,good,796,features_cache/25067.pt
WLASL/videos/25068.mp4,good,796,features_cache/25068.pt
WLASL/videos/25069.mp4,good,796,features_cache/25069.pt
WLASL/videos/25071.mp4,good,796,features_cache/25071.pt
WLASL/videos/70284.mp4,happy,837,features_cache/70284.pt
WLASL/videos/26528.mp4,happy,837,features_cache/26528.pt
WLASL/videos/26530.mp4,happy,837,features_cache/26530.pt
WLASL/videos/26532.mp4,happy,837,features_cache/26532.pt
WLASL/videos/26533.mp4,happy,837,features_cache/26533.pt
WLASL/videos/26524.mp4,happy,837,features_cache/26524.pt
WLASL/videos/26535.mp4,happy,837,features_cache/26535.pt
WLASL/videos/26536.mp4,happy,837,features_cache/26536.pt
WLASL/videos/26537.mp4,happy,837,features_cache/26537.pt
WLASL/videos/26526.mp4,happy,837,features_cache/26526.pt
WLASL/videos/26527.mp4,happy,837,features_cache/26527.pt
WLASL/videos/68514.mp4,home,874,features_cache/68514.pt
WLASL/videos/70085.mp4,home,874,features_cache/70085.pt
WLASL/videos/27772.mp4,home,874,features_cache/27772.pt
WLASL/videos/27774.mp4,home,874,features_cache/27774.pt
WLASL/videos/67765.mp4,home,874,features_cache/67765.pt
WLASL/videos/27775.mp4,home,874,features_cache/27775.pt
WLASL/videos/27766.mp4,home,874,features_cache/27766.pt
WLASL/videos/27767.mp4,home,874,features_cache/27767.pt
WLASL/videos/27769.mp4,home,874,features_cache/27769.pt
WLASL/videos/27770.mp4,home,874,features_cache/27770.pt
WLASL/videos/27771.mp4,home,874,features_cache/27771.pt
WLASL/videos/31901.mp4,know,982,features_cache/31901.pt
WLASL/videos/31902.mp4,know,982,features_cache/31902.pt
WLASL/videos/31903.mp4,know,982,features_cache/31903.pt
WLASL/videos/31905.mp4,know,982,features_cache/31905.pt
WLASL/videos/67823.mp4,know,982,features_cache/67823.pt
WLASL/videos/31906.mp4,know,982,features_cache/31906.pt
WLASL/videos/31907.mp4,know,982,features_cache/31907.pt
WLASL/videos/31908.mp4,know,982,features_cache/31908.pt
WLASL/videos/31897.mp4,know,982,features_cache/31897.pt
WLASL/videos/31898.mp4,know,982,features_cache/31898.pt
WLASL/videos/31899.mp4,know,982,features_cache/31899.pt
WLASL/videos/32304.mp4,late,993,features_cache/32304.pt
WLASL/videos/32305.mp4,late,993,features_cache/32305.pt
WLASL/videos/32306.mp4,late,993,features_cache/32306.pt
WLASL/videos/32308.mp4,late,993,features_cache/32308.pt
WLASL/videos/66013.mp4,late,993,features_cache/66013.pt
WLASL/videos/32300.mp4,late,993,features_cache/32300.pt
WLASL/videos/67828.mp4,late,993,features_cache/67828.pt
WLASL/videos/32310.mp4,late,993,features_cache/32310.pt
WLASL/videos/32312.mp4,late,993,features_cache/32312.pt
WLASL/videos/32302.mp4,late,993,features_cache/32302.pt
WLASL/videos/32303.mp4,late,993,features_cache/32303.pt
WLASL/videos/32677.mp4,leave,1006,features_cache/32677.pt
WLASL/videos/32657.mp4,leave,1006,features_cache/32657.pt
WLASL/videos/32658.mp4,leave,1006,features_cache/32658.pt
WLASL/videos/32659.mp4,leave,1006,features_cache/32659.pt
WLASL/videos/32661.mp4,leave,1006,features_cache/32661.pt
WLASL/videos/32663.mp4,leave,1006,features_cache/32663.pt
WLASL/videos/67836.mp4,leave,1006,features_cache/67836.pt
WLASL/videos/32664.mp4,leave,1006,features_cache/32664.pt
WLASL/videos/32667.mp4,leave,1006,features_cache/32667.pt
WLASL/videos/32669.mp4,leave,1006,features_cache/32669.pt
WLASL/videos/33477.mp4,list,1033,features_cache/33477.pt
WLASL/videos/33478.mp4,list,1033,features_cache/33478.pt
WLASL/videos/33479.mp4,list,1033,features_cache/33479.pt
WLASL/videos/33481.mp4,list,1033,features_cache/33481.pt
WLASL/videos/33472.mp4,list,1033,features_cache/33472.pt
WLASL/videos/67852.mp4,list,1033,features_cache/67852.pt
WLASL/videos/33482.mp4,list,1033,features_cache/33482.pt
WLASL/videos/33484.mp4,list,1033,features_cache/33484.pt
WLASL/videos/33486.mp4,list,1033,features_cache/33486.pt
WLASL/videos/33473.mp4,list,1033,features_cache/33473.pt
WLASL/videos/33474.mp4,list,1033,features_cache/33474.pt
WLASL/videos/34002.mp4,lose,1046,features_cache/34002.pt
WLASL/videos/34005.mp4,lose,1046,features_cache/34005.pt
WLASL/videos/34007.mp4,lose,1046,features_cache/34007.pt
WLASL/videos/34008.mp4,lose,1046,features_cache/34008.pt
WLASL/videos/34009.mp4,lose,1046,features_cache/34009.pt
WLASL/videos/34010.mp4,lose,1046,features_cache/34010.pt
WLASL/videos/67861.mp4,lose,1046,features_cache/67861.pt
WLASL/videos/34012.mp4,lose,1046,features_cache/34012.pt
WLASL/videos/34015.mp4,lose,1046,features_cache/34015.pt
WLASL/videos/34017.mp4,lose,1046,features_cache/34017.pt
WLASL/videos/34018.mp4,lose,1046,features_cache/34018.pt
WLASL/videos/68480.mp4,name,1139,features_cache/68480.pt
WLASL/videos/68106.mp4,name,1139,features_cache/68106.pt
WLASL/videos/37587.mp4,name,1139,features_cache/37587.pt
WLASL/videos/37589.mp4,name,1139,features_cache/37589.pt
WLASL/videos/67922.mp4,name,1139,features_cache/67922.pt
WLASL/videos/37590.mp4,name,1139,features_cache/37590.pt
WLASL/videos/37581.mp4,name,1139,features_cache/37581.pt
WLASL/videos/37582.mp4,name,1139,features_cache/37582.pt
WLASL/videos/37584.mp4,name,1139,features_cache/37584.pt
WLASL/videos/37585.mp4,name,1139,features_cache/37585.pt
WLASL/videos/37586.mp4,name,1139,features_cache/37586.pt
WLASL/videos/39629.mp4,old,1199,features_cache/39629.pt
WLASL/videos/39633.mp4,old,1199,features_cache/39633.pt
WLASL/videos/69040.mp4,old,1199,features_cache/69040.pt
WLASL/videos/39630.mp4,old,1199,features_cache/39630.pt
WLASL/videos/67944.mp4,old,1199,features_cache/67944.pt
WLASL/videos/39632.mp4,old,1199,features_cache/39632.pt
WLASL/videos/39634.mp4,old,1199,features_cache/39634.pt
WLASL/videos/39635.mp4,old,1199,features_cache/39635.pt
WLASL/videos/39626.mp4,old,1199,features_cache/39626.pt
WLASL/videos/39627.mp4,old,1199,features_cache/39627.pt
WLASL/videos/39628.mp4,old,1199,features_cache/39628.pt
WLASL/videos/68129.mp4,person,1264,features_cache/68129.pt
WLASL/videos/42227.mp4,person,1264,features_cache/42227.pt
WLASL/videos/42228.mp4,person,1264,features_cache/42228.pt
WLASL/videos/42232.mp4,person,1264,features_cache/42232.pt
WLASL/videos/66280.mp4,person,1264,features_cache/66280.pt
WLASL/videos/42225.mp4,person,1264,features_cache/42225.pt
WLASL/videos/67981.mp4,person,1264,features_cache/67981.pt
WLASL/videos/42236.mp4,person,1264,features_cache/42236.pt
WLASL/videos/42238.mp4,person,1264,features_cache/42238.pt
WLASL/videos/42239.mp4,person,1264,features_cache/42239.pt
WLASL/videos/42226.mp4,person,1264,features_cache/42226.pt
WLASL/videos/43526.mp4,police,1300,features_cache/43526.pt
WLASL/videos/43527.mp4,police,1300,features_cache/43527.pt
WLASL/videos/43528.mp4,police,1300,features_cache/43528.pt
WLASL/videos/43531.mp4,police,1300,features_cache/43531.pt
WLASL/videos/43522.mp4,police,1300,features_cache/43522.pt
WLASL/videos/43532.mp4,police,1300,features_cache/43532.pt
WLASL/videos/43533.mp4,police,1300,features_cache/43533.pt
WLASL/videos/43534.mp4,police,1300,features_cache/43534.pt
WLASL/videos/43523.mp4,police,1300,features_cache/43523.pt
WLASL/videos/43524.mp4,police,1300,features_cache/43524.pt
WLASL/videos/43525.mp4,police,1300,features_cache/43525.pt
WLASL/videos/44685.mp4,problem,1351,features_cache/44685.pt
WLASL/videos/44686.mp4,problem,1351,features_cache/44686.pt
WLASL/videos/44687.mp4,problem,1351,features_cache/44687.pt
WLASL/videos/44689.mp4,problem,1351,features_cache/44689.pt
WLASL/videos/44680.mp4,problem,1351,features_cache/44680.pt
WLASL/videos/67107.mp4,problem,1351,features_cache/67107.pt
WLASL/videos/67105.mp4,problem,1351,features_cache/67105.pt
WLASL/videos/44690.mp4,problem,1351,features_cache/44690.pt
WLASL/videos/44681.mp4,problem,1351,features_cache/44681.pt
WLASL/videos/44682.mp4,problem,1351,features_cache/44682.pt
WLASL/videos/44683.mp4,problem,1351,features_cache/44683.pt
WLASL/videos/68864.mp4,remember,1434,features_cache/68864.pt
WLASL/videos/70375.mp4,remember,1434,features_cache/70375.pt
WLASL/videos/47178.mp4,remember,1434,features_cache/47178.pt
WLASL/videos/47183.mp4,remember,1434,features_cache/47183.pt
WLASL/videos/67134.mp4,remember,1434,features_cache/67134.pt
WLASL/videos/47184.mp4,remember,1434,features_cache/47184.pt
WLASL/videos/47185.mp4,remember,1434,features_cache/47185.pt
WLASL/videos/47186.mp4,remember,1434,features_cache/47186.pt
WLASL/videos/47175.mp4,remember,1434,features_cache/47175.pt
WLASL/videos/47176.mp4,remember,1434,features_cache/47176.pt
WLASL/videos/47177.mp4,remember,1434,features_cache/47177.pt
WLASL/videos/50854.mp4,share,1547,features_cache/50854.pt
WLASL/videos/50855.mp4,share,1547,features_cache/50855.pt
WLASL/videos/50856.mp4,share,1547,features_cache/50856.pt
WLASL/videos/50858.mp4,share,1547,features_cache/50858.pt
WLASL/videos/50849.mp4,share,1547,features_cache/50849.pt
WLASL/videos/50859.mp4,share,1547,features_cache/50859.pt
WLASL/videos/50860.mp4,share,1547,features_cache/50860.pt
WLASL/videos/50861.mp4,share,1547,features_cache/50861.pt
WLASL/videos/50850.mp4,share,1547,features_cache/50850.pt
WLASL/videos/50851.mp4,share,1547,features_cache/50851.pt
WLASL/videos/50852.mp4,share,1547,features_cache/50852.pt
WLASL/videos/53295.mp4,soon,1636,features_cache/53295.pt
WLASL/videos/53297.mp4,soon,1636,features_cache/53297.pt
WLASL/videos/53300.mp4,soon,1636,features_cache/53300.pt
WLASL/videos/53301.mp4,soon,1636,features_cache/53301.pt
WLASL/videos/66534.mp4,soon,1636,features_cache/66534.pt
WLASL/videos/53302.mp4,soon,1636,features_cache/53302.pt
WLASL/videos/53303.mp4,soon,1636,features_cache/53303.pt
WLASL/videos/53304.mp4,soon,1636,features_cache/53304.pt
WLASL/videos/53305.mp4,soon,1636,features_cache/53305.pt
WLASL/videos/53293.mp4,soon,1636,features_cache/53293.pt
WLASL/videos/68914.mp4,stay,1676,features_cache/68914.pt
WLASL/videos/54559.mp4,stay,1676,features_cache/54559.pt
WLASL/videos/54560.mp4,stay,1676,features_cache/54560.pt
WLASL/videos/54561.mp4,stay,1676,features_cache/54561.pt
WLASL/videos/54563.mp4,stay,1676,features_cache/54563.pt
WLASL/videos/54554.mp4,stay,1676,features_cache/54554.pt
WLASL/videos/54564.mp4,stay,1676,features_cache/54564.pt
WLASL/videos/54566.mp4,stay,1676,features_cache/54566.pt
WLASL/videos/54567.mp4,stay,1676,features_cache/54567.pt
WLASL/videos/54556.mp4,stay,1676,features_cache/54556.pt
WLASL/videos/54557.mp4,stay,1676,features_cache/54557.pt
WLASL/videos/55773.mp4,sunday,1715,features_cache/55773.pt
WLASL/videos/55774.mp4,sunday,1715,features_cache/55774.pt
WLASL/videos/55775.mp4,sunday,1715,features_cache/55775.pt
WLASL/videos/55777.mp4,sunday,1715,features_cache/55777.pt
WLASL/videos/55779.mp4,sunday,1715,features_cache/55779.pt
WLASL/videos/55780.mp4,sunday,1715,features_cache/55780.pt
WLASL/videos/55781.mp4,sunday,1715,features_cache/55781.pt
WLASL/videos/55782.mp4,sunday,1715,features_cache/55782.pt
WLASL/videos/55770.mp4,sunday,1715,features_cache/55770.pt
WLASL/videos/55771.mp4,sunday,1715,features_cache/55771.pt
WLASL/videos/55772.mp4,sunday,1715,features_cache/55772.pt
WLASL/videos/57531.mp4,test,1774,features_cache/57531.pt
WLASL/videos/57532.mp4,test,1774,features_cache/57532.pt
WLASL/videos/57533.mp4,test,1774,features_cache/57533.pt
WLASL/videos/57535.mp4,test,1774,features_cache/57535.pt
WLASL/videos/57527.mp4,test,1774,features_cache/57527.pt
WLASL/videos/67290.mp4,test,1774,features_cache/67290.pt
WLASL/videos/57537.mp4,test,1774,features_cache/57537.pt
WLASL/videos/57539.mp4,test,1774,features_cache/57539.pt
WLASL/videos/57541.mp4,test,1774,features_cache/57541.pt
WLASL/videos/57528.mp4,test,1774,features_cache/57528.pt
WLASL/videos/57529.mp4,test,1774,features_cache/57529.pt
WLASL/videos/68172.mp4,tired,1815,features_cache/68172.pt
WLASL/videos/58594.mp4,tired,1815,features_cache/58594.pt
WLASL/videos/58595.mp4,tired,1815,features_cache/58595.pt
WLASL/videos/58597.mp4,tired,1815,features_cache/58597.pt
WLASL/videos/58598.mp4,tired,1815,features_cache/58598.pt
WLASL/videos/58599.mp4,tired,1815,features_cache/58599.pt
WLASL/videos/58600.mp4,tired,1815,features_cache/58600.pt
WLASL/videos/58589.mp4,tired,1815,features_cache/58589.pt
WLASL/videos/58591.mp4,tired,1815,features_cache/58591.pt
WLASL/videos/58592.mp4,tired,1815,features_cache/58592.pt
WLASL/videos/58593.mp4,tired,1815,features_cache/58593.pt
WLASL/videos/59207.mp4,trade,1843,features_cache/59207.pt
WLASL/videos/59208.mp4,trade,1843,features_cache/59208.pt
WLASL/videos/59209.mp4,trade,1843,features_cache/59209.pt
WLASL/videos/59211.mp4,trade,1843,features_cache/59211.pt
WLASL/videos/59213.mp4,trade,1843,features_cache/59213.pt
WLASL/videos/59214.mp4,trade,1843,features_cache/59214.pt
WLASL/videos/59215.mp4,trade,1843,features_cache/59215.pt
WLASL/videos/59216.mp4,trade,1843,features_cache/59216.pt
WLASL/videos/59219.mp4,trade,1843,features_cache/59219.pt
WLASL/videos/59204.mp4,trade,1843,features_cache/59204.pt
WLASL/videos/59205.mp4,trade,1843,features_cache/59205.pt
WLASL/videos/68173.mp4,travel,1851,features_cache/68173.pt
WLASL/videos/59500.mp4,travel,1851,features_cache/59500.pt
WLASL/videos/59501.mp4,travel,1851,features_cache/59501.pt
WLASL/videos/59503.mp4,travel,1851,features_cache/59503.pt
WLASL/videos/66672.mp4,travel,1851,features_cache/66672.pt
WLASL/videos/59495.mp4,travel,1851,features_cache/59495.pt
WLASL/videos/67323.mp4,travel,1851,features_cache/67323.pt
WLASL/videos/59505.mp4,travel,1851,features_cache/59505.pt
WLASL/videos/59496.mp4,travel,1851,features_cache/59496.pt
WLASL/videos/59497.mp4,travel,1851,features_cache/59497.pt
WLASL/videos/59499.mp4,travel,1851,features_cache/59499.pt
WLASL/videos/70265.mp4,window,1963,features_cache/70265.pt
WLASL/videos/63423.mp4,window,1963,features_cache/63423.pt
WLASL/videos/63424.mp4,window,1963,features_cache/63424.pt
WLASL/videos/63426.mp4,window,1963,features_cache/63426.pt
WLASL/videos/63417.mp4,window,1963,features_cache/63417.pt
WLASL/videos/67069.mp4,window,1963,features_cache/67069.pt
WLASL/videos/63427.mp4,window,1963,features_cache/63427.pt
WLASL/videos/63418.mp4,window,1963,features_cache/63418.pt
WLASL/videos/63420.mp4,window,1963,features_cache/63420.pt
WLASL/videos/63421.mp4,window,1963,features_cache/63421.pt
WLASL/videos/63422.mp4,window,1963,features_cache/63422.pt
WLASL/videos/64384.mp4,you,1995,features_cache/64384.pt
WLASL/videos/64385.mp4,you,1995,features_cache/64385.pt
WLASL/videos/64386.mp4,you,1995,features_cache/64386.pt
WLASL/videos/64388.mp4,you,1995,features_cache/64388.pt
WLASL/videos/67015.mp4,you,1995,features_cache/67015.pt
WLASL/videos/64389.mp4,you,1995,features_cache/64389.pt
WLASL/videos/64390.mp4,you,1995,features_cache/64390.pt
WLASL/videos/64391.mp4,you,1995,features_cache/64391.pt
WLASL/videos/64381.mp4,you,1995,features_cache/64381.pt
WLASL/videos/64382.mp4,you,1995,features_cache/64382.pt
WLASL/videos/64383.mp4,you,1995,features_cache/64383.pt
WLASL/videos/00416.mp4,about,4,features_cache/00416.pt
WLASL/videos/00419.mp4,about,4,features_cache/00419.pt
WLASL/videos/00422.mp4,about,4,features_cache/00422.pt
WLASL/videos/00423.mp4,about,4,features_cache/00423.pt
WLASL/videos/65002.mp4,about,4,features_cache/65002.pt
WLASL/videos/65003.mp4,about,4,features_cache/65003.pt
WLASL/videos/00414.mp4,about,4,features_cache/00414.pt
WLASL/videos/00425.mp4,about,4,features_cache/00425.pt
WLASL/videos/00426.mp4,about,4,features_cache/00426.pt
WLASL/videos/00415.mp4,about,4,features_cache/00415.pt
WLASL/videos/03117.mp4,approve,86,features_cache/03117.pt
WLASL/videos/03122.mp4,approve,86,features_cache/03122.pt
WLASL/videos/03123.mp4,approve,86,features_cache/03123.pt
WLASL/videos/03124.mp4,approve,86,features_cache/03124.pt
WLASL/videos/03127.mp4,approve,86,features_cache/03127.pt
WLASL/videos/03129.mp4,approve,86,features_cache/03129.pt
WLASL/videos/03131.mp4,approve,86,features_cache/03131.pt
WLASL/videos/03118.mp4,approve,86,features_cache/03118.pt
WLASL/videos/03119.mp4,approve,86,features_cache/03119.pt
WLASL/videos/03121.mp4,approve,86,features_cache/03121.pt
WLASL/videos/70124.mp4,arrive,96,features_cache/70124.pt
WLASL/videos/03440.mp4,arrive,96,features_cache/03440.pt
WLASL/videos/03442.mp4,arrive,96,features_cache/03442.pt
WLASL/videos/03443.mp4,arrive,96,features_cache/03443.pt
WLASL/videos/65096.mp4,arrive,96,features_cache/65096.pt
WLASL/videos/67371.mp4,arrive,96,features_cache/67371.pt
WLASL/videos/03444.mp4,arrive,96,features_cache/03444.pt
WLASL/videos/03437.mp4,arrive,96,features_cache/03437.pt
WLASL/videos/03438.mp4,arrive,96,features_cache/03438.pt
WLASL/videos/03439.mp4,arrive,96,features_cache/03439.pt
WLASL/videos/04800.mp4,balance,141,features_cache/04800.pt
WLASL/videos/04801.mp4,balance,141,features_cache/04801.pt
WLASL/videos/04803.mp4,balance,141,features_cache/04803.pt
WLASL/videos/04804.mp4,balance,141,features_cache/04804.pt
WLASL/videos/65129.mp4,balance,141,features_cache/65129.pt
WLASL/videos/04795.mp4,balance,141,features_cache/04795.pt
WLASL/videos/67384.mp4,balance,141,features_cache/67384.pt
WLASL/videos/04797.mp4,balance,141,features_cache/04797.pt
WLASL/videos/04798.mp4,balance,141,features_cache/04798.pt
WLASL/videos/04799.mp4,balance,141,features_cache/04799.pt
WLASL/videos/04900.mp4,banana,145,features_cache/04900.pt
WLASL/videos/04901.mp4,banana,145,features_cache/04901.pt
WLASL/videos/04903.mp4,banana,145,features_cache/04903.pt
WLASL/videos/04904.mp4,banana,145,features_cache/04904.pt
WLASL/videos/65135.mp4,banana,145,features_cache/65135.pt
WLASL/videos/65134.mp4,banana,145,features_cache/65134.pt
WLASL/videos/67387.mp4,banana,145,features_cache/67387.pt
WLASL/videos/04897.mp4,banana,145,features_cache/04897.pt
WLASL/videos/04898.mp4,banana,145,features_cache/04898.pt
WLASL/videos/04899.mp4,banana,145,features_cache/04899.pt
WLASL/videos/70254.mp4,beard,160,features_cache/70254.pt
WLASL/videos/05470.mp4,beard,160,features_cache/05470.pt
WLASL/videos/05472.mp4,beard,160,features_cache/05472.pt
WLASL/videos/05473.mp4,beard,160,features_cache/05473.pt
WLASL/videos/05474.mp4,beard,160,features_cache/05474.pt
WLASL/videos/05475.mp4,beard,160,features_cache/05475.pt
WLASL/videos/65156.mp4,beard,160,features_cache/65156.pt
WLASL/videos/05479.mp4,beard,160,features_cache/05479.pt
WLASL/videos/05467.mp4,beard,160,features_cache/05467.pt
WLASL/videos/05468.mp4,beard,160,features_cache/05468.pt
WLASL/videos/05598.mp4,because,162,features_cache/05598.pt
WLASL/videos/05599.mp4,because,162,features_cache/05599.pt
WLASL/videos/05601.mp4,because,162,features_cache/05601.pt
WLASL/videos/05603.mp4,because,162,features_cache/05603.pt
WLASL/videos/65158.mp4,because,162,features_cache/65158.pt
WLASL/videos/65159.mp4,because,162,features_cache/65159.pt
WLASL/videos/67399.mp4,because,162,features_cache/67399.pt
WLASL/videos/05608.mp4,because,162,features_cache/05608.pt
WLASL/videos/05609.mp4,because,162,features_cache/05609.pt
WLASL/videos/05596.mp4,because,162,features_cache/05596.pt
WLASL/videos/69245.mp4,boy,225,features_cache/69245.pt
WLASL/videos/69002.mp4,boy,225,features_cache/69002.pt
WLASL/videos/07460.mp4,boy,225,features_cache/07460.pt
WLASL/videos/07461.mp4,boy,225,features_cache/07461.pt
WLASL/videos/65245.mp4,boy,225,features_cache/65245.pt
WLASL/videos/07452.mp4,boy,225,features_cache/07452.pt
WLASL/videos/67433.mp4,boy,225,features_cache/67433.pt
WLASL/videos/07455.mp4,boy,225,features_cache/07455.pt
WLASL/videos/07457.mp4,boy,225,features_cache/07457.pt
WLASL/videos/07458.mp4,boy,225,features_cache/07458.pt
WLASL/videos/08371.mp4,business,258,features_cache/08371.pt
WLASL/videos/08372.mp4,business,258,features_cache/08372.pt
WLASL/videos/08374.mp4,business,258,features_cache/08374.pt
WLASL/videos/08375.mp4,business,258,features_cache/08375.pt
WLASL/videos/08376.mp4,business,258,features_cache/08376.pt
WLASL/videos/65275.mp4,business,258,features_cache/65275.pt
WLASL/videos/67450.mp4,business,258,features_cache/67450.pt
WLASL/videos/08368.mp4,business,258,features_cache/08368.pt
WLASL/videos/08369.mp4,business,258,features_cache/08369.pt
WLASL/videos/08370.mp4,business,258,features_cache/08370.pt
WLASL/videos/70200.mp4,careful,294,features_cache/70200.pt
WLASL/videos/09184.mp4,careful,294,features_cache/09184.pt
WLASL/videos/09186.mp4,careful,294,features_cache/09186.pt
WLASL/videos/09187.mp4,careful,294,features_cache/09187.pt
WLASL/videos/65307.mp4,careful,294,features_cache/65307.pt
WLASL/videos/65306.mp4,careful,294,features_cache/65306.pt
WLASL/videos/67475.mp4,careful,294,features_cache/67475.pt
WLASL/videos/09181.mp4,careful,294,features_cache/09181.pt
WLASL/videos/09182.mp4,careful,294,features_cache/09182.pt
WLASL/videos/09183.mp4,careful,294,features_cache/09183.pt
WLASL/videos/09723.mp4,center,309,features_cache/09723.pt
WLASL/videos/09724.mp4,center,309,features_cache/09724.pt
WLASL/videos/09726.mp4,center,309,features_cache/09726.pt
WLASL/videos/09727.mp4,center,309,features_cache/09727.pt
WLASL/videos/09728.mp4,center,309,features_cache/09728.pt
WLASL/videos/65324.mp4,center,309,features_cache/65324.pt
WLASL/videos/67481.mp4,center,309,features_cache/67481.pt
WLASL/videos/09732.mp4,center,309,features_cache/09732.pt
WLASL/videos/09721.mp4,center,309,features_cache/09721.pt
WLASL/videos/09722.mp4,center,309,features_cache/09722.pt
WLASL/videos/68020.mp4,chat,321,features_cache/68020.pt
WLASL/videos/69056.mp4,chat,321,features_cache/69056.pt
WLASL/videos/10105.mp4,chat,321,features_cache/10105.pt
WLASL/videos/10106.mp4,chat,321,features_cache/10106.pt
WLASL/videos/10107.mp4,chat,321,features_cache/10107.pt
WLASL/videos/10108.mp4,chat,321,features_cache/10108.pt
WLASL/videos/10109.mp4,chat,321,features_cache/10109.pt
WLASL/videos/67487.mp4,chat,321,features_cache/67487.pt
WLASL/videos/10112.mp4,chat,321,features_cache/10112.pt
WLASL/videos/10114.mp4,chat,321,features_cache/10114.pt
WLASL/videos/10464.mp4,children,333,features_cache/10464.pt
WLASL/videos/10465.mp4,children,333,features_cache/10465.pt
WLASL/videos/10467.mp4,children,333,features_cache/10467.pt
WLASL/videos/10469.mp4,children,333,features_cache/10469.pt
WLASL/videos/10470.mp4,children,333,features_cache/10470.pt
WLASL/videos/65352.mp4,children,333,features_cache/65352.pt
WLASL/videos/10461.mp4,children,333,features_cache/10461.pt
WLASL/videos/10473.mp4,children,333,features_cache/10473.pt
WLASL/videos/10474.mp4,children,333,features_cache/10474.pt
WLASL/videos/10462.mp4,children,333,features_cache/10462.pt
WLASL/videos/10711.mp4,christmas,343,features_cache/10711.pt
WLASL/videos/10712.mp4,christmas,343,features_cache/10712.pt
WLASL/videos/65357.mp4,christmas,343,features_cache/65357.pt
WLASL/videos/10703.mp4,christmas,343,features_cache/10703.pt
WLASL/videos/10713.mp4,christmas,343,features_cache/10713.pt
WLASL/videos/10714.mp4,christmas,343,features_cache/10714.pt
WLASL/videos/10715.mp4,christmas,343,features_cache/10715.pt
WLASL/videos/10705.mp4,christmas,343,features_cache/10705.pt
WLASL/videos/10706.mp4,christmas,343,features_cache/10706.pt
WLASL/videos/10707.mp4,christmas,343,features_cache/10707.pt
WLASL/videos/11198.mp4,clock,355,features_cache/11198.pt
WLASL/videos/11199.mp4,clock,355,features_cache/11199.pt
WLASL/videos/11201.mp4,clock,355,features_cache/11201.pt
WLASL/videos/11202.mp4,clock,355,features_cache/11202.pt
WLASL/videos/11203.mp4,clock,355,features_cache/11203.pt
WLASL/videos/11204.mp4,clock,355,features_cache/11204.pt
WLASL/videos/11205.mp4,clock,355,features_cache/11205.pt
WLASL/videos/11210.mp4,clock,355,features_cache/11210.pt
WLASL/videos/11212.mp4,clock,355,features_cache/11212.pt
WLASL/videos/11214.mp4,clock,355,features_cache/11214.pt
WLASL/videos/68654.mp4,close,356,features_cache/68654.pt
WLASL/videos/11254.mp4,close,356,features_cache/11254.pt
WLASL/videos/11256.mp4,close,356,features_cache/11256.pt
WLASL/videos/11257.mp4,close,356,features_cache/11257.pt
WLASL/videos/11259.mp4,close,356,features_cache/11259.pt
WLASL/videos/11260.mp4,close,356,features_cache/11260.pt
WLASL/videos/11261.mp4,close,356,features_cache/11261.pt
WLASL/videos/11267.mp4,close,356,features_cache/11267.pt
WLASL/videos/11268.mp4,close,356,features_cache/11268.pt
WLASL/videos/11253.mp4,close,356,features_cache/11253.pt
WLASL/videos/13133.mp4,convince,415,features_cache/13133.pt
WLASL/videos/13136.mp4,convince,415,features_cache/13136.pt
WLASL/videos/13137.mp4,convince,415,features_cache/13137.pt
WLASL/videos/13138.mp4,convince,415,features_cache/13138.pt
WLASL/videos/13141.mp4,convince,415,features_cache/13141.pt
WLASL/videos/13143.mp4,convince,415,features_cache/13143.pt
WLASL/videos/13144.mp4,convince,415,features_cache/13144.pt
WLASL/videos/13146.mp4,convince,415,features_cache/13146.pt
WLASL/videos/13147.mp4,convince,415,features_cache/13147.pt
WLASL/videos/13134.mp4,convince,415,features_cache/13134.pt
WLASL/videos/13546.mp4,country,431,features_cache/13546.pt
WLASL/videos/13547.mp4,country,431,features_cache/13547.pt
WLASL/videos/13549.mp4,country,431,features_cache/13549.pt
WLASL/videos/13550.mp4,country,431,features_cache/13550.pt
WLASL/videos/65414.mp4,country,431,features_cache/65414.pt
WLASL/videos/67534.mp4,country,431,features_cache/67534.pt
WLASL/videos/13552.mp4,country,431,features_cache/13552.pt
WLASL/videos/13543.mp4,country,431,features_cache/13543.pt
WLASL/videos/13544.mp4,country,431,features_cache/13544.pt
WLASL/videos/13545.mp4,country,431,features_cache/13545.pt
WLASL/videos/13799.mp4,crash,438,features_cache/13799.pt
WLASL/videos/70149.mp4,crash,438,features_cache/70149.pt
WLASL/videos/13804.mp4,crash,438,features_cache/13804.pt
WLASL/videos/13805.mp4,crash,438,features_cache/13805.pt
WLASL/videos/13806.mp4,crash,438,features_cache/13806.pt
WLASL/videos/13809.mp4,crash,438,features_cache/13809.pt
WLASL/videos/13810.mp4,crash,438,features_cache/13810.pt
WLASL/videos/13812.mp4,crash,438,features_cache/13812.pt
WLASL/videos/13800.mp4,crash,438,features_cache/13800.pt
WLASL/videos/13803.mp4,crash,438,features_cache/13803.pt
WLASL/videos/69291.mp4,day,470,features_cache/69291.pt
WLASL/videos/14797.mp4,day,470,features_cache/14797.pt
WLASL/videos/14800.mp4,day,470,features_cache/14800.pt
WLASL/videos/14801.mp4,day,470,features_cache/14801.pt
WLASL/videos/65444.mp4,day,470,features_cache/65444.pt
WLASL/videos/14792.mp4,day,470,features_cache/14792.pt
WLASL/videos/67553.mp4,day,470,features_cache/67553.pt
WLASL/videos/14794.mp4,day,470,features_cache/14794.pt
WLASL/videos/14795.mp4,day,470,features_cache/14795.pt
WLASL/videos/14796.mp4,day,470,features_cache/14796.pt
WLASL/videos/16587.mp4,discuss,535,features_cache/16587.pt
WLASL/videos/16588.mp4,discuss,535,features_cache/16588.pt
WLASL/videos/16591.mp4,discuss,535,features_cache/16591.pt
WLASL/videos/16592.mp4,discuss,535,features_cache/16592.pt
WLASL/videos/16593.mp4,discuss,535,features_cache/16593.pt
WLASL/videos/65491.mp4,discuss,535,features_cache/65491.pt
WLASL/videos/16594.mp4,discuss,535,features_cache/16594.pt
WLASL/videos/16598.mp4,discuss,535,features_cache/16598.pt
WLASL/videos/16585.mp4,discuss,535,features_cache/16585.pt
WLASL/videos/16586.mp4,discuss,535,features_cache/16586.pt
WLASL/videos/68746.mp4,dress,567,features_cache/68746.pt
WLASL/videos/68040.mp4,dress,567,features_cache/68040.pt
WLASL/videos/17660.mp4,dress,567,features_cache/17660.pt
WLASL/videos/17661.mp4,dress,567,features_cache/17661.pt
WLASL/videos/17654.mp4,dress,567,features_cache/17654.pt
WLASL/videos/67593.mp4,dress,567,features_cache/67593.pt
WLASL/videos/17664.mp4,dress,567,features_cache/17664.pt
WLASL/videos/17657.mp4,dress,567,features_cache/17657.pt
WLASL/videos/17658.mp4,dress,567,features_cache/17658.pt
WLASL/videos/17659.mp4,dress,567,features_cache/17659.pt
WLASL/videos/68476.mp4,drive,569,features_cache/68476.pt
WLASL/videos/70262.mp4,drive,569,features_cache/70262.pt
WLASL/videos/17761.mp4,drive,569,features_cache/17761.pt
WLASL/videos/17762.mp4,drive,569,features_cache/17762.pt
WLASL/videos/17763.mp4,drive,569,features_cache/17763.pt
WLASL/videos/17764.mp4,drive,569,features_cache/17764.pt
WLASL/videos/17765.mp4,drive,569,features_cache/17765.pt
WLASL/videos/17758.mp4,drive,569,features_cache/17758.pt
WLASL/videos/17770.mp4,drive,569,features_cache/17770.pt
WLASL/videos/17773.mp4,drive,569,features_cache/17773.pt
WLASL/videos/17825.mp4,drop,570,features_cache/17825.pt
WLASL/videos/17826.mp4,drop,570,features_cache/17826.pt
WLASL/videos/17827.mp4,drop,570,features_cache/17827.pt
WLASL/videos/17828.mp4,drop,570,features_cache/17828.pt
WLASL/videos/17829.mp4,drop,570,features_cache/17829.pt
WLASL/videos/17820.mp4,drop,570,features_cache/17820.pt
WLASL/videos/67595.mp4,drop,570,features_cache/67595.pt
WLASL/videos/17830.mp4,drop,570,features_cache/17830.pt
WLASL/videos/17821.mp4,drop,570,features_cache/17821.pt
WLASL/videos/17823.mp4,drop,570,features_cache/17823.pt
WLASL/videos/21248.mp4,fat,685,features_cache/21248.pt
WLASL/videos/21250.mp4,fat,685,features_cache/21250.pt
WLASL/videos/21233.mp4,fat,685,features_cache/21233.pt
WLASL/videos/21234.mp4,fat,685,features_cache/21234.pt
WLASL/videos/21236.mp4,fat,685,features_cache/21236.pt
WLASL/videos/21231.mp4,fat,685,features_cache/21231.pt
WLASL/videos/21237.mp4,fat,685,features_cache/21237.pt
WLASL/videos/21242.mp4,fat,685,features_cache/21242.pt
WLASL/videos/21243.mp4,fat,685,features_cache/21243.pt
WLASL/videos/21246.mp4,fat,685,features_cache/21246.pt
WLASL/videos/69319.mp4,feel,694,features_cache/69319.pt
WLASL/videos/21438.mp4,feel,694,features_cache/21438.pt
WLASL/videos/21440.mp4,feel,694,features_cache/21440.pt
WLASL/videos/21441.mp4,feel,694,features_cache/21441.pt
WLASL/videos/65696.mp4,feel,694,features_cache/65696.pt
WLASL/videos/21432.mp4,feel,694,features_cache/21432.pt
WLASL/videos/67653.mp4,feel,694,features_cache/67653.pt
WLASL/videos/21435.mp4,feel,694,features_cache/21435.pt
WLASL/videos/21436.mp4,feel,694,features_cache/21436.pt
WLASL/videos/21437.mp4,feel,694,features_cache/21437.pt
WLASL/videos/69331.mp4,football,727,features_cache/69331.pt
WLASL/videos/70129.mp4,football,727,features_cache/70129.pt
WLASL/videos/22803.mp4,football,727,features_cache/22803.pt
WLASL/videos/22804.mp4,football,727,features_cache/22804.pt
WLASL/videos/22805.mp4,football,727,features_cache/22805.pt
WLASL/videos/22806.mp4,football,727,features_cache/22806.pt
WLASL/videos/22809.mp4,football,727,features_cache/22809.pt
WLASL/videos/67673.mp4,football,727,features_cache/67673.pt
WLASL/videos/22814.mp4,football,727,features_cache/22814.pt
WLASL/videos/22815.mp4,football,727,features_cache/22815.pt
WLASL/videos/69060.mp4,future,760,features_cache/69060.pt
WLASL/videos/23951.mp4,future,760,features_cache/23951.pt
WLASL/videos/23953.mp4,future,760,features_cache/23953.pt
WLASL/videos/23954.mp4,future,760,features_cache/23954.pt
WLASL/videos/65798.mp4,future,760,features_cache/65798.pt
WLASL/videos/65797.mp4,future,760,features_cache/65797.pt
WLASL/videos/67700.mp4,future,760,features_cache/67700.pt
WLASL/videos/23947.mp4,future,760,features_cache/23947.pt
WLASL/videos/23948.mp4,future,760,features_cache/23948.pt
WLASL/videos/23949.mp4,future,760,features_cache/23949.pt
WLASL/videos/68242.mp4,game,764,features_cache/68242.pt
WLASL/videos/68798.mp4,game,764,features_cache/68798.pt
WLASL/videos/24032.mp4,game,764,features_cache/24032.pt
WLASL/videos/24033.mp4,game,764,features_cache/24033.pt
WLASL/videos/65800.mp4,game,764,features_cache/65800.pt
WLASL/videos/24025.mp4,game,764,features_cache/24025.pt
WLASL/videos/67702.mp4,game,764,features_cache/67702.pt
WLASL/videos/24029.mp4,game,764,features_cache/24029.pt
WLASL/videos/24030.mp4,game,764,features_cache/24030.pt
WLASL/videos/24031.mp4,game,764,features_cache/24031.pt
WLASL/videos/69342.mp4,girl,782,features_cache/69342.pt
WLASL/videos/68840.mp4,girl,782,features_cache/68840.pt
WLASL/videos/24613.mp4,girl,782,features_cache/24613.pt
WLASL/videos/24614.mp4,girl,782,features_cache/24614.pt
WLASL/videos/65817.mp4,girl,782,features_cache/65817.pt
WLASL/videos/24605.mp4,girl,782,features_cache/24605.pt
WLASL/videos/67709.mp4,girl,782,features_cache/67709.pt
WLASL/videos/24609.mp4,girl,782,features_cache/24609.pt
WLASL/videos/24610.mp4,girl,782,features_cache/24610.pt
WLASL/videos/24611.mp4,girl,782,features_cache/24611.pt
WLASL/videos/25244.mp4,government,800,features_cache/25244.pt
WLASL/videos/25245.mp4,government,800,features_cache/25245.pt
WLASL/videos/25247.mp4,government,800,features_cache/25247.pt
WLASL/videos/25249.mp4,government,800,features_cache/25249.pt
WLASL/videos/65840.mp4,government,800,features_cache/65840.pt
WLASL/videos/67721.mp4,government,800,features_cache/67721.pt
WLASL/videos/25250.mp4,government,800,features_cache/25250.pt
WLASL/videos/25241.mp4,government,800,features_cache/25241.pt
WLASL/videos/25242.mp4,government,800,features_cache/25242.pt
WLASL/videos/25243.mp4,government,800,features_cache/25243.pt
WLASL/videos/26938.mp4,hear,848,features_cache/26938.pt
WLASL/videos/26947.mp4,hear,848,features_cache/26947.pt
WLASL/videos/26948.mp4,hear,848,features_cache/26948.pt
WLASL/videos/26950.mp4,hear,848,features_cache/26950.pt
WLASL/videos/26951.mp4,hear,848,features_cache/26951.pt
WLASL/videos/26953.mp4,hear,848,features_cache/26953.pt
WLASL/videos/26954.mp4,hear,848,features_cache/26954.pt
WLASL/videos/26956.mp4,hear,848,features_cache/26956.pt
WLASL/videos/26943.mp4,hear,848,features_cache/26943.pt
WLASL/videos/26944.mp4,hear,848,features_cache/26944.pt
WLASL/videos/69365.mp4,here,860,features_cache/69365.pt
WLASL/videos/68072.mp4,here,860,features_cache/68072.pt
WLASL/videos/27268.mp4,here,860,features_cache/27268.pt
WLASL/videos/27269.mp4,here,860,features_cache/27269.pt
WLASL/videos/27271.mp4,here,860,features_cache/27271.pt
WLASL/videos/27272.mp4,here,860,features_cache/27272.pt
WLASL/videos/65892.mp4,here,860,features_cache/65892.pt
WLASL/videos/27264.mp4,here,860,features_cache/27264.pt
WLASL/videos/27265.mp4,here,860,features_cache/27265.pt
WLASL/videos/27267.mp4,here,860,features_cache/27267.pt
WLASL/videos/27917.mp4,hope,880,features_cache/27917.pt
WLASL/videos/27923.mp4,hope,880,features_cache/27923.pt
WLASL/videos/27925.mp4,hope,880,features_cache/27925.pt
WLASL/videos/27926.mp4,hope,880,features_cache/27926.pt
WLASL/videos/27929.mp4,hope,880,features_cache/27929.pt
WLASL/videos/27920.mp4,hope,880,features_cache/27920.pt
WLASL/videos/67769.mp4,hope,880,features_cache/67769.pt
WLASL/videos/27932.mp4,hope,880,features_cache/27932.pt
WLASL/videos/27934.mp4,hope,880,features_cache/27934.pt
WLASL/videos/27921.mp4,hope,880,features_cache/27921.pt
WLASL/videos/69369.mp4,house,887,features_cache/69369.pt
WLASL/videos/70373.mp4,house,887,features_cache/70373.pt
WLASL/videos/28167.mp4,house,887,features_cache/28167.pt
WLASL/videos/28168.mp4,house,887,features_cache/28168.pt
WLASL/videos/28159.mp4,house,887,features_cache/28159.pt
WLASL/videos/67777.mp4,house,887,features_cache/67777.pt
WLASL/videos/28169.mp4,house,887,features_cache/28169.pt
WLASL/videos/28163.mp4,house,887,features_cache/28163.pt
WLASL/videos/28164.mp4,house,887,features_cache/28164.pt
WLASL/videos/28165.mp4,house,887,features_cache/28165.pt
WLASL/videos/68772.mp4,husband,897,features_cache/68772.pt
WLASL/videos/28469.mp4,husband,897,features_cache/28469.pt
WLASL/videos/28471.mp4,husband,897,features_cache/28471.pt
WLASL/videos/28472.mp4,husband,897,features_cache/28472.pt
WLASL/videos/65913.mp4,husband,897,features_cache/65913.pt
WLASL/videos/28463.mp4,husband,897,features_cache/28463.pt
WLASL/videos/67781.mp4,husband,897,features_cache/67781.pt
WLASL/videos/28466.mp4,husband,897,features_cache/28466.pt
WLASL/videos/28467.mp4,husband,897,features_cache/28467.pt
WLASL/videos/28468.mp4,husband,897,features_cache/28468.pt
WLASL/videos/30154.mp4,interest,929,features_cache/30154.pt
WLASL/videos/30158.mp4,interest,929,features_cache/30158.pt
WLASL/videos/30160.mp4,interest,929,features_cache/30160.pt
WLASL/videos/30152.mp4,interest,929,features_cache/30152.pt
WLASL/videos/67794.mp4,interest,929,features_cache/67794.pt
WLASL/videos/30162.mp4,interest,929,features_cache/30162.pt
WLASL/videos/30163.mp4,interest,929,features_cache/30163.pt
WLASL/videos/30165.mp4,interest,929,features_cache/30165.pt
WLASL/videos/30166.mp4,interest,929,features_cache/30166.pt
WLASL/videos/30168.mp4,interest,929,features_cache/30168.pt
WLASL/videos/69006.mp4,join,958,features_cache/69006.pt
WLASL/videos/31151.mp4,join,958,features_cache/31151.pt
WLASL/videos/31153.mp4,join,958,features_cache/31153.pt
WLASL/videos/31154.mp4,join,958,features_cache/31154.pt
WLASL/videos/31155.mp4,join,958,features_cache/31155.pt
WLASL/videos/31157.mp4,join,958,features_cache/31157.pt
WLASL/videos/31158.mp4,join,958,features_cache/31158.pt
WLASL/videos/31161.mp4,join,958,features_cache/31161.pt
WLASL/videos/31163.mp4,join,958,features_cache/31163.pt
WLASL/videos/31165.mp4,join,958,features_cache/31165.pt
WLASL/videos/33224.mp4,light,1024,features_cache/33224.pt
WLASL/videos/33231.mp4,light,1024,features_cache/33231.pt
WLASL/videos/33205.mp4,light,1024,features_cache/33205.pt
WLASL/videos/33211.mp4,light,1024,features_cache/33211.pt
WLASL/videos/33212.mp4,light,1024,features_cache/33212.pt
WLASL/videos/33214.mp4,light,1024,features_cache/33214.pt
WLASL/videos/33217.mp4,light,1024,features_cache/33217.pt
WLASL/videos/33218.mp4,light,1024,features_cache/33218.pt
WLASL/videos/33220.mp4,light,1024,features_cache/33220.pt
WLASL/videos/33221.mp4,light,1024,features_cache/33221.pt
WLASL/videos/33543.mp4,live,1036,features_cache/33543.pt
WLASL/videos/33544.mp4,live,1036,features_cache/33544.pt
WLASL/videos/66078.mp4,live,1036,features_cache/66078.pt
WLASL/videos/66079.mp4,live,1036,features_cache/66079.pt
WLASL/videos/67853.mp4,live,1036,features_cache/67853.pt
WLASL/videos/67851.mp4,live,1036,features_cache/67851.pt
WLASL/videos/33538.mp4,live,1036,features_cache/33538.pt
WLASL/videos/33540.mp4,live,1036,features_cache/33540.pt
WLASL/videos/33541.mp4,live,1036,features_cache/33541.pt
WLASL/videos/33542.mp4,live,1036,features_cache/33542.pt
WLASL/videos/68226.mp4,make,1059,features_cache/68226.pt
WLASL/videos/70082.mp4,make,1059,features_cache/70082.pt
WLASL/videos/34582.mp4,make,1059,features_cache/34582.pt
WLASL/videos/34583.mp4,make,1059,features_cache/34583.pt
WLASL/videos/34584.mp4,make,1059,features_cache/34584.pt
WLASL/videos/34575.mp4,make,1059,features_cache/34575.pt
WLASL/videos/67871.mp4,make,1059,features_cache/67871.pt
WLASL/videos/34578.mp4,make,1059,features_cache/34578.pt
WLASL/videos/34579.mp4,make,1059,features_cache/34579.pt
WLASL/videos/34580.mp4,make,1059,features_cache/34580.pt
WLASL/videos/35292.mp4,mean,1072,features_cache/35292.pt
WLASL/videos/35293.mp4,mean,1072,features_cache/35293.pt
WLASL/videos/35295.mp4,mean,1072,features_cache/35295.pt
WLASL/videos/35296.mp4,mean,1072,features_cache/35296.pt
WLASL/videos/35297.mp4,mean,1072,features_cache/35297.pt
WLASL/videos/67881.mp4,mean,1072,features_cache/67881.pt
WLASL/videos/35298.mp4,mean,1072,features_cache/35298.pt
WLASL/videos/35299.mp4,mean,1072,features_cache/35299.pt
WLASL/videos/35301.mp4,mean,1072,features_cache/35301.pt
WLASL/videos/35302.mp4,mean,1072,features_cache/35302.pt
WLASL/videos/69401.mp4,more,1114,features_cache/69401.pt
WLASL/videos/70222.mp4,more,1114,features_cache/70222.pt
WLASL/videos/36832.mp4,more,1114,features_cache/36832.pt
WLASL/videos/36834.mp4,more,1114,features_cache/36834.pt
WLASL/videos/67906.mp4,more,1114,features_cache/67906.pt
WLASL/videos/36836.mp4,more,1114,features_cache/36836.pt
WLASL/videos/36837.mp4,more,1114,features_cache/36837.pt
WLASL/videos/36827.mp4,more,1114,features_cache/36827.pt
WLASL/videos/36828.mp4,more,1114,features_cache/36828.pt
WLASL/videos/36829.mp4,more,1114,features_cache/36829.pt
WLASL/videos/68268.mp4,most,1117,features_cache/68268.pt
WLASL/videos/68102.mp4,most,1117,features_cache/68102.pt
WLASL/videos/36920.mp4,most,1117,features_cache/36920.pt
WLASL/videos/36921.mp4,most,1117,features_cache/36921.pt
WLASL/videos/66145.mp4,most,1117,features_cache/66145.pt
WLASL/videos/36922.mp4,most,1117,features_cache/36922.pt
WLASL/videos/36913.mp4,most,1117,features_cache/36913.pt
WLASL/videos/36917.mp4,most,1117,features_cache/36917.pt
WLASL/videos/36918.mp4,most,1117,features_cache/36918.pt
WLASL/videos/36919.mp4,most,1117,features_cache/36919.pt
WLASL/videos/68105.mp4,music,1133,features_cache/68105.pt
WLASL/videos/69044.mp4,music,1133,features_cache/69044.pt
WLASL/videos/37371.mp4,music,1133,features_cache/37371.pt
WLASL/videos/37372.mp4,music,1133,features_cache/37372.pt
WLASL/videos/66156.mp4,music,1133,features_cache/66156.pt
WLASL/videos/37363.mp4,music,1133,features_cache/37363.pt
WLASL/videos/67917.mp4,music,1133,features_cache/67917.pt
WLASL/videos/37367.mp4,music,1133,features_cache/37367.pt
WLASL/videos/37368.mp4,music,1133,features_cache/37368.pt
WLASL/videos/37369.mp4,music,1133,features_cache/37369.pt
WLASL/videos/69407.mp4,new,1156,features_cache/69407.pt
WLASL/videos/38128.mp4,new,1156,features_cache/38128.pt
WLASL/videos/38130.mp4,new,1156,features_cache/38130.pt
WLASL/videos/38131.mp4,new,1156,features_cache/38131.pt
WLASL/videos/38122.mp4,new,1156,features_cache/38122.pt
WLASL/videos/67929.mp4,new,1156,features_cache/67929.pt
WLASL/videos/38132.mp4,new,1156,features_cache/38132.pt
WLASL/videos/38125.mp4,new,1156,features_cache/38125.pt
WLASL/videos/38126.mp4,new,1156,features_cache/38126.pt
WLASL/videos/38127.mp4,new,1156,features_cache/38127.pt
WLASL/videos/69412.mp4,none,1167,features_cache/69412.pt
WLASL/videos/68452.mp4,none,1167,features_cache/68452.pt
WLASL/videos/68111.mp4,none,1167,features_cache/68111.pt
WLASL/videos/38593.mp4,none,1167,features_cache/38593.pt
WLASL/videos/38594.mp4,none,1167,features_cache/38594.pt
WLASL/videos/66186.mp4,none,1167,features_cache/66186.pt
WLASL/videos/38586.mp4,none,1167,features_cache/38586.pt
WLASL/videos/38590.mp4,none,1167,features_cache/38590.pt
WLASL/videos/38591.mp4,none,1167,features_cache/38591.pt
WLASL/videos/38592.mp4,none,1167,features_cache/38592.pt
WLASL/videos/39454.mp4,office,1196,features_cache/39454.pt
WLASL/videos/39460.mp4,office,1196,features_cache/39460.pt
WLASL/videos/39461.mp4,office,1196,features_cache/39461.pt
WLASL/videos/39462.mp4,office,1196,features_cache/39462.pt
WLASL/videos/39463.mp4,office,1196,features_cache/39463.pt
WLASL/videos/39456.mp4,office,1196,features_cache/39456.pt
WLASL/videos/67943.mp4,office,1196,features_cache/67943.pt
WLASL/videos/39467.mp4,office,1196,features_cache/39467.pt
WLASL/videos/39468.mp4,office,1196,features_cache/39468.pt
WLASL/videos/39459.mp4,office,1196,features_cache/39459.pt
WLASL/videos/40171.mp4,order,1213,features_cache/40171.pt
WLASL/videos/40172.mp4,order,1213,features_cache/40172.pt
WLASL/videos/40174.mp4,order,1213,features_cache/40174.pt
WLASL/videos/40175.mp4,order,1213,features_cache/40175.pt
WLASL/videos/40177.mp4,order,1213,features_cache/40177.pt
WLASL/videos/40178.mp4,order,1213,features_cache/40178.pt
WLASL/videos/40169.mp4,order,1213,features_cache/40169.pt
WLASL/videos/67950.mp4,order,1213,features_cache/67950.pt
WLASL/videos/67951.mp4,order,1213,features_cache/67951.pt
WLASL/videos/40179.mp4,order,1213,features_cache/40179.pt
WLASL/videos/40991.mp4,pants,1231,features_cache/40991.pt
WLASL/videos/40993.mp4,pants,1231,features_cache/40993.pt
WLASL/videos/40985.mp4,pants,1231,features_cache/40985.pt
WLASL/videos/67959.mp4,pants,1231,features_cache/67959.pt
WLASL/videos/40995.mp4,pants,1231,features_cache/40995.pt
WLASL/videos/40996.mp4,pants,1231,features_cache/40996.pt
WLASL/videos/40986.mp4,pants,1231,features_cache/40986.pt
WLASL/videos/40988.mp4,pants,1231,features_cache/40988.pt
WLASL/videos/40989.mp4,pants,1231,features_cache/40989.pt
WLASL/videos/40990.mp4,pants,1231,features_cache/40990.pt
WLASL/videos/41306.mp4,party,1239,features_cache/41306.pt
WLASL/videos/41315.mp4,party,1239,features_cache/41315.pt
WLASL/videos/41317.mp4,party,1239,features_cache/41317.pt
WLASL/videos/41318.mp4,party,1239,features_cache/41318.pt
WLASL/videos/41320.mp4,party,1239,features_cache/41320.pt
WLASL/videos/66265.mp4,party,1239,features_cache/66265.pt
WLASL/videos/66266.mp4,party,1239,features_cache/66266.pt
WLASL/videos/41311.mp4,party,1239,features_cache/41311.pt
WLASL/videos/41324.mp4,party,1239,features_cache/41324.pt
WLASL/videos/41312.mp4,party,1239,features_cache/41312.pt
WLASL/videos/70151.mp4,past,1241,features_cache/70151.pt
WLASL/videos/41452.mp4,past,1241,features_cache/41452.pt
WLASL/videos/41454.mp4,past,1241,features_cache/41454.pt
WLASL/videos/41455.mp4,past,1241,features_cache/41455.pt
WLASL/videos/41446.mp4,past,1241,features_cache/41446.pt
WLASL/videos/67965.mp4,past,1241,features_cache/67965.pt
WLASL/videos/41456.mp4,past,1241,features_cache/41456.pt
WLASL/videos/41449.mp4,past,1241,features_cache/41449.pt
WLASL/videos/41450.mp4,past,1241,features_cache/41450.pt
WLASL/videos/41451.mp4,past,1241,features_cache/41451.pt
WLASL/videos/70210.mp4,pencil,1254,features_cache/70210.pt
WLASL/videos/70267.mp4,pencil,1254,features_cache/70267.pt
WLASL/videos/41829.mp4,pencil,1254,features_cache/41829.pt
WLASL/videos/41830.mp4,pencil,1254,features_cache/41830.pt
WLASL/videos/41831.mp4,pencil,1254,features_cache/41831.pt
WLASL/videos/41822.mp4,pencil,1254,features_cache/41822.pt
WLASL/videos/67971.mp4,pencil,1254,features_cache/67971.pt
WLASL/videos/41824.mp4,pencil,1254,features_cache/41824.pt
WLASL/videos/41825.mp4,pencil,1254,features_cache/41825.pt
WLASL/videos/41826.mp4,pencil,1254,features_cache/41826.pt
WLASL/videos/70177.mp4,plan,1288,features_cache/70177.pt
WLASL/videos/43062.mp4,plan,1288,features_cache/43062.pt
WLASL/videos/43064.mp4,plan,1288,features_cache/43064.pt
WLASL/videos/43065.mp4,plan,1288,features_cache/43065.pt
WLASL/videos/66298.mp4,plan,1288,features_cache/66298.pt
WLASL/videos/43056.mp4,plan,1288,features_cache/43056.pt
WLASL/videos/43066.mp4,plan,1288,features_cache/43066.pt
WLASL/videos/43059.mp4,plan,1288,features_cache/43059.pt
WLASL/videos/43060.mp4,plan,1288,features_cache/43060.pt
WLASL/videos/43061.mp4,plan,1288,features_cache/43061.pt
WLASL/videos/69434.mp4,please,1293,features_cache/69434.pt
WLASL/videos/70220.mp4,please,1293,features_cache/70220.pt
WLASL/videos/43225.mp4,please,1293,features_cache/43225.pt
WLASL/videos/43226.mp4,please,1293,features_cache/43226.pt
WLASL/videos/43217.mp4,please,1293,features_cache/43217.pt
WLASL/videos/67083.mp4,please,1293,features_cache/67083.pt
WLASL/videos/43218.mp4,please,1293,features_cache/43218.pt
WLASL/videos/43222.mp4,please,1293,features_cache/43222.pt
WLASL/videos/43223.mp4,please,1293,features_cache/43223.pt
WLASL/videos/43224.mp4,please,1293,features_cache/43224.pt
WLASL/videos/68706.mp4,practice,1320,features_cache/68706.pt
WLASL/videos/68738.mp4,practice,1320,features_cache/68738.pt
WLASL/videos/44088.mp4,practice,1320,features_cache/44088.pt
WLASL/videos/44089.mp4,practice,1320,features_cache/44089.pt
WLASL/videos/66320.mp4,practice,1320,features_cache/66320.pt
WLASL/videos/44090.mp4,practice,1320,features_cache/44090.pt
WLASL/videos/44091.mp4,practice,1320,features_cache/44091.pt
WLASL/videos/44084.mp4,practice,1320,features_cache/44084.pt
WLASL/videos/44085.mp4,practice,1320,features_cache/44085.pt
WLASL/videos/44086.mp4,practice,1320,features_cache/44086.pt
WLASL/videos/44372.mp4,president,1335,features_cache/44372.pt
WLASL/videos/44373.mp4,president,1335,features_cache/44373.pt
WLASL/videos/44375.mp4,president,1335,features_cache/44375.pt
WLASL/videos/44376.mp4,president,1335,features_cache/44376.pt
WLASL/videos/66326.mp4,president,1335,features_cache/66326.pt
WLASL/videos/44367.mp4,president,1335,features_cache/44367.pt
WLASL/videos/67097.mp4,president,1335,features_cache/67097.pt
WLASL/videos/44369.mp4,president,1335,features_cache/44369.pt
WLASL/videos/44370.mp4,president,1335,features_cache/44370.pt
WLASL/videos/44371.mp4,president,1335,features_cache/44371.pt
WLASL/videos/70170.mp4,restaurant,1454,features_cache/70170.pt
WLASL/videos/68996.mp4,restaurant,1454,features_cache/68996.pt
WLASL/videos/47663.mp4,restaurant,1454,features_cache/47663.pt
WLASL/videos/47664.mp4,restaurant,1454,features_cache/47664.pt
WLASL/videos/66398.mp4,restaurant,1454,features_cache/66398.pt
WLASL/videos/67139.mp4,restaurant,1454,features_cache/67139.pt
WLASL/videos/47665.mp4,restaurant,1454,features_cache/47665.pt
WLASL/videos/47658.mp4,restaurant,1454,features_cache/47658.pt
WLASL/videos/47659.mp4,restaurant,1454,features_cache/47659.pt
WLASL/videos/47660.mp4,restaurant,1454,features_cache/47660.pt
WLASL/videos/68898.mp4,ride,1463,features_cache/68898.pt
WLASL/videos/48047.mp4,ride,1463,features_cache/48047.pt
WLASL/videos/48050.mp4,ride,1463,features_cache/48050.pt
WLASL/videos/48051.mp4,ride,1463,features_cache/48051.pt
WLASL/videos/66405.mp4,ride,1463,features_cache/66405.pt
WLASL/videos/48042.mp4,ride,1463,features_cache/48042.pt
WLASL/videos/48052.mp4,ride,1463,features_cache/48052.pt
WLASL/videos/48043.mp4,ride,1463,features_cache/48043.pt
WLASL/videos/48044.mp4,ride,1463,features_cache/48044.pt
WLASL/videos/48045.mp4,ride,1463,features_cache/48045.pt
WLASL/videos/48898.mp4,russia,1489,features_cache/48898.pt
WLASL/videos/48901.mp4,russia,1489,features_cache/48901.pt
WLASL/videos/48902.mp4,russia,1489,features_cache/48902.pt
WLASL/videos/48903.mp4,russia,1489,features_cache/48903.pt
WLASL/videos/67154.mp4,russia,1489,features_cache/67154.pt
WLASL/videos/48909.mp4,russia,1489,features_cache/48909.pt
WLASL/videos/48910.mp4,russia,1489,features_cache/48910.pt
WLASL/videos/48911.mp4,russia,1489,features_cache/48911.pt
WLASL/videos/48912.mp4,russia,1489,features_cache/48912.pt
WLASL/videos/48899.mp4,russia,1489,features_cache/48899.pt
WLASL/videos/69451.mp4,salt,1495,features_cache/69451.pt
WLASL/videos/49134.mp4,salt,1495,features_cache/49134.pt
WLASL/videos/49137.mp4,salt,1495,features_cache/49137.pt
WLASL/videos/49138.mp4,salt,1495,features_cache/49138.pt
WLASL/videos/66422.mp4,salt,1495,features_cache/66422.pt
WLASL/videos/49129.mp4,salt,1495,features_cache/49129.pt
WLASL/videos/67157.mp4,salt,1495,features_cache/67157.pt
WLASL/videos/49131.mp4,salt,1495,features_cache/49131.pt
WLASL/videos/49132.mp4,salt,1495,features_cache/49132.pt
WLASL/videos/49133.mp4,salt,1495,features_cache/49133.pt
WLASL/videos/49249.mp4,sandwich,1498,features_cache/49249.pt
WLASL/videos/49250.mp4,sandwich,1498,features_cache/49250.pt
WLASL/videos/49252.mp4,sandwich,1498,features_cache/49252.pt
WLASL/videos/49253.mp4,sandwich,1498,features_cache/49253.pt
WLASL/videos/66423.mp4,sandwich,1498,features_cache/66423.pt
WLASL/videos/66424.mp4,sandwich,1498,features_cache/66424.pt
WLASL/videos/67162.mp4,sandwich,1498,features_cache/67162.pt
WLASL/videos/49246.mp4,sandwich,1498,features_cache/49246.pt
WLASL/videos/49247.mp4,sandwich,1498,features_cache/49247.pt
WLASL/videos/49248.mp4,sandwich,1498,features_cache/49248.pt
WLASL/videos/51621.mp4,sign,1570,features_cache/51621.pt
WLASL/videos/68284.mp4,sign,1570,features_cache/68284.pt
WLASL/videos/70209.mp4,sign,1570,features_cache/70209.pt
WLASL/videos/68154.mp4,sign,1570,features_cache/68154.pt
WLASL/videos/51616.mp4,sign,1570,features_cache/51616.pt
WLASL/videos/51617.mp4,sign,1570,features_cache/51617.pt
WLASL/videos/51628.mp4,sign,1570,features_cache/51628.pt
WLASL/videos/51637.mp4,sign,1570,features_cache/51637.pt
WLASL/videos/51615.mp4,sign,1570,features_cache/51615.pt
WLASL/videos/51622.mp4,sign,1570,features_cache/51622.pt
WLASL/videos/69472.mp4,since,1578,features_cache/69472.pt
WLASL/videos/70351.mp4,since,1578,features_cache/70351.pt
WLASL/videos/51779.mp4,since,1578,features_cache/51779.pt
WLASL/videos/51780.mp4,since,1578,features_cache/51780.pt
WLASL/videos/51781.mp4,since,1578,features_cache/51781.pt
WLASL/videos/66482.mp4,since,1578,features_cache/66482.pt
WLASL/videos/66483.mp4,since,1578,features_cache/66483.pt
WLASL/videos/51775.mp4,since,1578,features_cache/51775.pt
WLASL/videos/51776.mp4,since,1578,features_cache/51776.pt
WLASL/videos/51778.mp4,since,1578,features_cache/51778.pt
WLASL/videos/52552.mp4,small,1606,features_cache/52552.pt
WLASL/videos/52554.mp4,small,1606,features_cache/52554.pt
WLASL/videos/52556.mp4,small,1606,features_cache/52556.pt
WLASL/videos/52557.mp4,small,1606,features_cache/52557.pt
WLASL/videos/52558.mp4,small,1606,features_cache/52558.pt
WLASL/videos/52559.mp4,small,1606,features_cache/52559.pt
WLASL/videos/67214.mp4,small,1606,features_cache/67214.pt
WLASL/videos/52565.mp4,small,1606,features_cache/52565.pt
WLASL/videos/52566.mp4,small,1606,features_cache/52566.pt
WLASL/videos/52551.mp4,small,1606,features_cache/52551.pt
WLASL/videos/69484.mp4,some,1628,features_cache/69484.pt
WLASL/videos/68159.mp4,some,1628,features_cache/68159.pt
WLASL/videos/53215.mp4,some,1628,features_cache/53215.pt
WLASL/videos/53216.mp4,some,1628,features_cache/53216.pt
WLASL/videos/53207.mp4,some,1628,features_cache/53207.pt
WLASL/videos/67226.mp4,some,1628,features_cache/67226.pt
WLASL/videos/53208.mp4,some,1628,features_cache/53208.pt
WLASL/videos/53212.mp4,some,1628,features_cache/53212.pt
WLASL/videos/53213.mp4,some,1628,features_cache/53213.pt
WLASL/videos/53214.mp4,some,1628,features_cache/53214.pt
WLASL/videos/70188.mp4,south,1643,features_cache/70188.pt
WLASL/videos/53488.mp4,south,1643,features_cache/53488.pt
WLASL/videos/53490.mp4,south,1643,features_cache/53490.pt
WLASL/videos/53491.mp4,south,1643,features_cache/53491.pt
WLASL/videos/53482.mp4,south,1643,features_cache/53482.pt
WLASL/videos/67230.mp4,south,1643,features_cache/67230.pt
WLASL/videos/53492.mp4,south,1643,features_cache/53492.pt
WLASL/videos/53485.mp4,south,1643,features_cache/53485.pt
WLASL/videos/53486.mp4,south,1643,features_cache/53486.pt
WLASL/videos/53487.mp4,south,1643,features_cache/53487.pt
WLASL/videos/55332.mp4,student,1703,features_cache/55332.pt
WLASL/videos/55343.mp4,student,1703,features_cache/55343.pt
WLASL/videos/55344.mp4,student,1703,features_cache/55344.pt
WLASL/videos/55345.mp4,student,1703,features_cache/55345.pt
WLASL/videos/55337.mp4,student,1703,features_cache/55337.pt
WLASL/videos/55347.mp4,student,1703,features_cache/55347.pt
WLASL/videos/55338.mp4,student,1703,features_cache/55338.pt
WLASL/videos/55339.mp4,student,1703,features_cache/55339.pt
WLASL/videos/55340.mp4,student,1703,features_cache/55340.pt
WLASL/videos/55341.mp4,student,1703,features_cache/55341.pt
WLASL/videos/70204.mp4,teach,1755,features_cache/70204.pt
WLASL/videos/68167.mp4,teach,1755,features_cache/68167.pt
WLASL/videos/57066.mp4,teach,1755,features_cache/57066.pt
WLASL/videos/57067.mp4,teach,1755,features_cache/57067.pt
WLASL/videos/57058.mp4,teach,1755,features_cache/57058.pt
WLASL/videos/67281.mp4,teach,1755,features_cache/67281.pt
WLASL/videos/57068.mp4,teach,1755,features_cache/57068.pt
WLASL/videos/57062.mp4,teach,1755,features_cache/57062.pt
WLASL/videos/57063.mp4,teach,1755,features_cache/57063.pt
WLASL/videos/57064.mp4,teach,1755,features_cache/57064.pt
WLASL/videos/57785.mp4,theory,1790,features_cache/57785.pt
WLASL/videos/57786.mp4,theory,1790,features_cache/57786.pt
WLASL/videos/57788.mp4,theory,1790,features_cache/57788.pt
WLASL/videos/57789.mp4,theory,1790,features_cache/57789.pt
WLASL/videos/66603.mp4,theory,1790,features_cache/66603.pt
WLASL/videos/66604.mp4,theory,1790,features_cache/66604.pt
WLASL/videos/57791.mp4,theory,1790,features_cache/57791.pt
WLASL/videos/57782.mp4,theory,1790,features_cache/57782.pt
WLASL/videos/57783.mp4,theory,1790,features_cache/57783.pt
WLASL/videos/57784.mp4,theory,1790,features_cache/57784.pt
WLASL/videos/58789.mp4,tomato,1826,features_cache/58789.pt
WLASL/videos/58790.mp4,tomato,1826,features_cache/58790.pt
WLASL/videos/58792.mp4,tomato,1826,features_cache/58792.pt
WLASL/videos/58793.mp4,tomato,1826,features_cache/58793.pt
WLASL/videos/66654.mp4,tomato,1826,features_cache/66654.pt
WLASL/videos/58784.mp4,tomato,1826,features_cache/58784.pt
WLASL/videos/67314.mp4,tomato,1826,features_cache/67314.pt
WLASL/videos/58786.mp4,tomato,1826,features_cache/58786.pt
WLASL/videos/58787.mp4,tomato,1826,features_cache/58787.pt
WLASL/videos/58788.mp4,tomato,1826,features_cache/58788.pt
WLASL/videos/68496.mp4,train,1846,features_cache/68496.pt
WLASL/videos/59310.mp4,train,1846,features_cache/59310.pt
WLASL/videos/59314.mp4,train,1846,features_cache/59314.pt
WLASL/videos/59316.mp4,train,1846,features_cache/59316.pt
WLASL/videos/66665.mp4,train,1846,features_cache/66665.pt
WLASL/videos/59307.mp4,train,1846,features_cache/59307.pt
WLASL/videos/67319.mp4,train,1846,features_cache/67319.pt
WLASL/videos/59320.mp4,train,1846,features_cache/59320.pt
WLASL/videos/59308.mp4,train,1846,features_cache/59308.pt
WLASL/videos/59309.mp4,train,1846,features_cache/59309.pt
WLASL/videos/60345.mp4,ugly,1872,features_cache/60345.pt
WLASL/videos/70256.mp4,ugly,1872,features_cache/70256.pt
WLASL/videos/60351.mp4,ugly,1872,features_cache/60351.pt
WLASL/videos/60354.mp4,ugly,1872,features_cache/60354.pt
WLASL/videos/60355.mp4,ugly,1872,features_cache/60355.pt
WLASL/videos/60357.mp4,ugly,1872,features_cache/60357.pt
WLASL/videos/60346.mp4,ugly,1872,features_cache/60346.pt
WLASL/videos/60347.mp4,ugly,1872,features_cache/60347.pt
WLASL/videos/60349.mp4,ugly,1872,features_cache/60349.pt
WLASL/videos/60350.mp4,ugly,1872,features_cache/60350.pt
WLASL/videos/62278.mp4,war,1918,features_cache/62278.pt
WLASL/videos/62279.mp4,war,1918,features_cache/62279.pt
WLASL/videos/62281.mp4,war,1918,features_cache/62281.pt
WLASL/videos/62282.mp4,war,1918,features_cache/62282.pt
WLASL/videos/66746.mp4,war,1918,features_cache/66746.pt
WLASL/videos/62273.mp4,war,1918,features_cache/62273.pt
WLASL/videos/67039.mp4,war,1918,features_cache/67039.pt
WLASL/videos/62275.mp4,war,1918,features_cache/62275.pt
WLASL/videos/62276.mp4,war,1918,features_cache/62276.pt
WLASL/videos/62277.mp4,war,1918,features_cache/62277.pt
WLASL/videos/68181.mp4,where,1950,features_cache/68181.pt
WLASL/videos/68998.mp4,where,1950,features_cache/68998.pt
WLASL/videos/63088.mp4,where,1950,features_cache/63088.pt
WLASL/videos/63089.mp4,where,1950,features_cache/63089.pt
WLASL/videos/63090.mp4,where,1950,features_cache/63090.pt
WLASL/videos/66774.mp4,where,1950,features_cache/66774.pt
WLASL/videos/63081.mp4,where,1950,features_cache/63081.pt
WLASL/videos/63083.mp4,where,1950,features_cache/63083.pt
WLASL/videos/63084.mp4,where,1950,features_cache/63084.pt
WLASL/videos/63085.mp4,where,1950,features_cache/63085.pt
WLASL/videos/64432.mp4,your,1997,features_cache/64432.pt
WLASL/videos/64433.mp4,your,1997,features_cache/64433.pt
WLASL/videos/64435.mp4,your,1997,features_cache/64435.pt
WLASL/videos/64436.mp4,your,1997,features_cache/64436.pt
WLASL/videos/64427.mp4,your,1997,features_cache/64427.pt
WLASL/videos/64437.mp4,your,1997,features_cache/64437.pt
WLASL/videos/64438.mp4,your,1997,features_cache/64438.pt
WLASL/videos/64429.mp4,your,1997,features_cache/64429.pt
WLASL/videos/64430.mp4,your,1997,features_cache/64430.pt
WLASL/videos/64431.mp4,your,1997,features_cache/64431.pt
WLASL/videos/02227.mp4,always,58,features_cache/02227.pt
WLASL/videos/70037.mp4,always,58,features_cache/70037.pt
WLASL/videos/02234.mp4,always,58,features_cache/02234.pt
WLASL/videos/02236.mp4,always,58,features_cache/02236.pt
WLASL/videos/65061.mp4,always,58,features_cache/65061.pt
WLASL/videos/02237.mp4,always,58,features_cache/02237.pt
WLASL/videos/02238.mp4,always,58,features_cache/02238.pt
WLASL/videos/02228.mp4,always,58,features_cache/02228.pt
WLASL/videos/02232.mp4,always,58,features_cache/02232.pt
WLASL/videos/02233.mp4,always,58,features_cache/02233.pt
WLASL/videos/02581.mp4,animal,68,features_cache/02581.pt
WLASL/videos/69211.mp4,animal,68,features_cache/69211.pt
WLASL/videos/02590.mp4,animal,68,features_cache/02590.pt
WLASL/videos/02592.mp4,animal,68,features_cache/02592.pt
WLASL/videos/65073.mp4,animal,68,features_cache/65073.pt
WLASL/videos/02583.mp4,animal,68,features_cache/02583.pt
WLASL/videos/67363.mp4,animal,68,features_cache/67363.pt
WLASL/videos/02584.mp4,animal,68,features_cache/02584.pt
WLASL/videos/02588.mp4,animal,68,features_cache/02588.pt
WLASL/videos/02589.mp4,animal,68,features_cache/02589.pt
WLASL/videos/03266.mp4,argue,90,features_cache/03266.pt
WLASL/videos/03268.mp4,argue,90,features_cache/03268.pt
WLASL/videos/03270.mp4,argue,90,features_cache/03270.pt
WLASL/videos/03273.mp4,argue,90,features_cache/03273.pt
WLASL/videos/03274.mp4,argue,90,features_cache/03274.pt
WLASL/videos/65092.mp4,argue,90,features_cache/65092.pt
WLASL/videos/03276.mp4,argue,90,features_cache/03276.pt
WLASL/videos/03277.mp4,argue,90,features_cache/03277.pt
WLASL/videos/03282.mp4,argue,90,features_cache/03282.pt
WLASL/videos/03267.mp4,argue,90,features_cache/03267.pt
WLASL/videos/04484.mp4,baby,133,features_cache/04484.pt
WLASL/videos/69217.mp4,baby,133,features_cache/69217.pt
WLASL/videos/04512.mp4,baby,133,features_cache/04512.pt
WLASL/videos/04514.mp4,baby,133,features_cache/04514.pt
WLASL/videos/65119.mp4,baby,133,features_cache/65119.pt
WLASL/videos/04505.mp4,baby,133,features_cache/04505.pt
WLASL/videos/67377.mp4,baby,133,features_cache/67377.pt
WLASL/videos/04506.mp4,baby,133,features_cache/04506.pt
WLASL/videos/04510.mp4,baby,133,features_cache/04510.pt
WLASL/videos/04511.mp4,baby,133,features_cache/04511.pt
WLASL/videos/69218.mp4,back,135,features_cache/69218.pt
WLASL/videos/65120.mp4,back,135,features_cache/65120.pt
WLASL/videos/70164.mp4,back,135,features_cache/70164.pt
WLASL/videos/04596.mp4,back,135,features_cache/04596.pt
WLASL/videos/04597.mp4,back,135,features_cache/04597.pt
WLASL/videos/04592.mp4,back,135,features_cache/04592.pt
WLASL/videos/04602.mp4,back,135,features_cache/04602.pt
WLASL/videos/04604.mp4,back,135,features_cache/04604.pt
WLASL/videos/04595.mp4,back,135,features_cache/04595.pt
WLASL/videos/04764.mp4,bake,140,features_cache/04764.pt
WLASL/videos/70031.mp4,bake,140,features_cache/70031.pt
WLASL/videos/04773.mp4,bake,140,features_cache/04773.pt
WLASL/videos/04775.mp4,bake,140,features_cache/04775.pt
WLASL/videos/65127.mp4,bake,140,features_cache/65127.pt
WLASL/videos/65128.mp4,bake,140,features_cache/65128.pt
WLASL/videos/04768.mp4,bake,140,features_cache/04768.pt
WLASL/videos/67383.mp4,bake,140,features_cache/67383.pt
WLASL/videos/04771.mp4,bake,140,features_cache/04771.pt
WLASL/videos/04772.mp4,bake,140,features_cache/04772.pt
WLASL/videos/05270.mp4,bath,155,features_cache/05270.pt
WLASL/videos/05281.mp4,bath,155,features_cache/05281.pt
WLASL/videos/05282.mp4,bath,155,features_cache/05282.pt
WLASL/videos/05284.mp4,bath,155,features_cache/05284.pt
WLASL/videos/65147.mp4,bath,155,features_cache/65147.pt
WLASL/videos/05275.mp4,bath,155,features_cache/05275.pt
WLASL/videos/67393.mp4,bath,155,features_cache/67393.pt
WLASL/videos/05285.mp4,bath,155,features_cache/05285.pt
WLASL/videos/05279.mp4,bath,155,features_cache/05279.pt
WLASL/videos/05280.mp4,bath,155,features_cache/05280.pt
WLASL/videos/05800.mp4,behind,172,features_cache/05800.pt
WLASL/videos/05805.mp4,behind,172,features_cache/05805.pt
WLASL/videos/05806.mp4,behind,172,features_cache/05806.pt
WLASL/videos/05809.mp4,behind,172,features_cache/05809.pt
WLASL/videos/05810.mp4,behind,172,features_cache/05810.pt
WLASL/videos/65169.mp4,behind,172,features_cache/65169.pt
WLASL/videos/05803.mp4,behind,172,features_cache/05803.pt
WLASL/videos/67404.mp4,behind,172,features_cache/67404.pt
WLASL/videos/05816.mp4,behind,172,features_cache/05816.pt
WLASL/videos/05804.mp4,behind,172,features_cache/05804.pt
WLASL/videos/07803.mp4,bring,243,features_cache/07803.pt
WLASL/videos/69250.mp4,bring,243,features_cache/69250.pt
WLASL/videos/68828.mp4,bring,243,features_cache/68828.pt
WLASL/videos/07815.mp4,bring,243,features_cache/07815.pt
WLASL/videos/65260.mp4,bring,243,features_cache/65260.pt
WLASL/videos/07806.mp4,bring,243,features_cache/07806.pt
WLASL/videos/07807.mp4,bring,243,features_cache/07807.pt
WLASL/videos/07808.mp4,bring,243,features_cache/07808.pt
WLASL/videos/07812.mp4,bring,243,features_cache/07812.pt
WLASL/videos/07813.mp4,bring,243,features_cache/07813.pt
WLASL/videos/69262.mp4,catch,300,features_cache/69262.pt
WLASL/videos/09459.mp4,catch,300,features_cache/09459.pt
WLASL/videos/09458.mp4,catch,300,features_cache/09458.pt
WLASL/videos/09457.mp4,catch,300,features_cache/09457.pt
WLASL/videos/09461.mp4,catch,300,features_cache/09461.pt
WLASL/videos/09462.mp4,catch,300,features_cache/09462.pt
WLASL/videos/09467.mp4,catch,300,features_cache/09467.pt
WLASL/videos/09463.mp4,catch,300,features_cache/09463.pt
WLASL/videos/09472.mp4,catch,300,features_cache/09472.pt
WLASL/videos/09473.mp4,catch,300,features_cache/09473.pt
WLASL/videos/09773.mp4,cereal,310,features_cache/09773.pt
WLASL/videos/09781.mp4,cereal,310,features_cache/09781.pt
WLASL/videos/09782.mp4,cereal,310,features_cache/09782.pt
WLASL/videos/65325.mp4,cereal,310,features_cache/65325.pt
WLASL/videos/67480.mp4,cereal,310,features_cache/67480.pt
WLASL/videos/09784.mp4,cereal,310,features_cache/09784.pt
WLASL/videos/09786.mp4,cereal,310,features_cache/09786.pt
WLASL/videos/09775.mp4,cereal,310,features_cache/09775.pt
WLASL/videos/09776.mp4,cereal,310,features_cache/09776.pt
WLASL/videos/09914.mp4,champion,315,features_cache/09914.pt
WLASL/videos/09920.mp4,champion,315,features_cache/09920.pt
WLASL/videos/09921.mp4,champion,315,features_cache/09921.pt
WLASL/videos/09923.mp4,champion,315,features_cache/09923.pt
WLASL/videos/65330.mp4,champion,315,features_cache/65330.pt
WLASL/videos/09924.mp4,champion,315,features_cache/09924.pt
WLASL/videos/09925.mp4,champion,315,features_cache/09925.pt
WLASL/videos/09926.mp4,champion,315,features_cache/09926.pt
WLASL/videos/09918.mp4,champion,315,features_cache/09918.pt
WLASL/videos/09919.mp4,champion,315,features_cache/09919.pt
WLASL/videos/10260.mp4,cheese,326,features_cache/10260.pt
WLASL/videos/70064.mp4,cheese,326,features_cache/70064.pt
WLASL/videos/10273.mp4,cheese,326,features_cache/10273.pt
WLASL/videos/10275.mp4,cheese,326,features_cache/10275.pt
WLASL/videos/65345.mp4,cheese,326,features_cache/65345.pt
WLASL/videos/10266.mp4,cheese,326,features_cache/10266.pt
WLASL/videos/67492.mp4,cheese,326,features_cache/67492.pt
WLASL/videos/10267.mp4,cheese,326,features_cache/10267.pt
WLASL/videos/10271.mp4,cheese,326,features_cache/10271.pt
WLASL/videos/10272.mp4,cheese,326,features_cache/10272.pt
WLASL/videos/13467.mp4,cough,427,features_cache/13467.pt
WLASL/videos/13473.mp4,cough,427,features_cache/13473.pt
WLASL/videos/13474.mp4,cough,427,features_cache/13474.pt
WLASL/videos/13476.mp4,cough,427,features_cache/13476.pt
WLASL/videos/65411.mp4,cough,427,features_cache/65411.pt
WLASL/videos/67532.mp4,cough,427,features_cache/67532.pt
WLASL/videos/13477.mp4,cough,427,features_cache/13477.pt
WLASL/videos/13478.mp4,cough,427,features_cache/13478.pt
WLASL/videos/13471.mp4,cough,427,features_cache/13471.pt
WLASL/videos/13472.mp4,cough,427,features_cache/13472.pt
WLASL/videos/13850.mp4,crazy,440,features_cache/13850.pt
WLASL/videos/70363.mp4,crazy,440,features_cache/70363.pt
WLASL/videos/13861.mp4,crazy,440,features_cache/13861.pt
WLASL/videos/13863.mp4,crazy,440,features_cache/13863.pt
WLASL/videos/65421.mp4,crazy,440,features_cache/65421.pt
WLASL/videos/65422.mp4,crazy,440,features_cache/65422.pt
WLASL/videos/13854.mp4,crazy,440,features_cache/13854.pt
WLASL/videos/67539.mp4,crazy,440,features_cache/67539.pt
WLASL/videos/13858.mp4,crazy,440,features_cache/13858.pt
WLASL/videos/13859.mp4,crazy,440,features_cache/13859.pt
WLASL/videos/15317.mp4,delay,486,features_cache/15317.pt
WLASL/videos/15324.mp4,delay,486,features_cache/15324.pt
WLASL/videos/15325.mp4,delay,486,features_cache/15325.pt
WLASL/videos/15327.mp4,delay,486,features_cache/15327.pt
WLASL/videos/15328.mp4,delay,486,features_cache/15328.pt
WLASL/videos/15319.mp4,delay,486,features_cache/15319.pt
WLASL/videos/15330.mp4,delay,486,features_cache/15330.pt
WLASL/videos/15331.mp4,delay,486,features_cache/15331.pt
WLASL/videos/15322.mp4,delay,486,features_cache/15322.pt
WLASL/videos/15323.mp4,delay,486,features_cache/15323.pt
WLASL/videos/15363.mp4,delicious,487,features_cache/15363.pt
WLASL/videos/15364.mp4,delicious,487,features_cache/15364.pt
WLASL/videos/15365.mp4,delicious,487,features_cache/15365.pt
WLASL/videos/15368.mp4,delicious,487,features_cache/15368.pt
WLASL/videos/15369.mp4,delicious,487,features_cache/15369.pt
WLASL/videos/65457.mp4,delicious,487,features_cache/65457.pt
WLASL/videos/67559.mp4,delicious,487,features_cache/67559.pt
WLASL/videos/15370.mp4,delicious,487,features_cache/15370.pt
WLASL/videos/15361.mp4,delicious,487,features_cache/15361.pt
WLASL/videos/15362.mp4,delicious,487,features_cache/15362.pt
WLASL/videos/16437.mp4,disappear,530,features_cache/16437.pt
WLASL/videos/70153.mp4,disappear,530,features_cache/70153.pt
WLASL/videos/16441.mp4,disappear,530,features_cache/16441.pt
WLASL/videos/16443.mp4,disappear,530,features_cache/16443.pt
WLASL/videos/16444.mp4,disappear,530,features_cache/16444.pt
WLASL/videos/67574.mp4,disappear,530,features_cache/67574.pt
WLASL/videos/16447.mp4,disappear,530,features_cache/16447.pt
WLASL/videos/16448.mp4,disappear,530,features_cache/16448.pt
WLASL/videos/16439.mp4,disappear,530,features_cache/16439.pt
WLASL/videos/16440.mp4,disappear,530,features_cache/16440.pt
WLASL/videos/16961.mp4,divorce,544,features_cache/16961.pt
WLASL/videos/70341.mp4,divorce,544,features_cache/70341.pt
WLASL/videos/68426.mp4,divorce,544,features_cache/68426.pt
WLASL/videos/16968.mp4,divorce,544,features_cache/16968.pt
WLASL/videos/16971.mp4,divorce,544,features_cache/16971.pt
WLASL/videos/16972.mp4,divorce,544,features_cache/16972.pt
WLASL/videos/65500.mp4,divorce,544,features_cache/65500.pt
WLASL/videos/16963.mp4,divorce,544,features_cache/16963.pt
WLASL/videos/16976.mp4,divorce,544,features_cache/16976.pt
WLASL/videos/16965.mp4,divorce,544,features_cache/16965.pt
WLASL/videos/65531.mp4,draw,564,features_cache/65531.pt
WLASL/videos/68039.mp4,draw,564,features_cache/68039.pt
WLASL/videos/68782.mp4,draw,564,features_cache/68782.pt
WLASL/videos/17601.mp4,draw,564,features_cache/17601.pt
WLASL/videos/17602.mp4,draw,564,features_cache/17602.pt
WLASL/videos/17594.mp4,draw,564,features_cache/17594.pt
WLASL/videos/67588.mp4,draw,564,features_cache/67588.pt
WLASL/videos/17604.mp4,draw,564,features_cache/17604.pt
WLASL/videos/17596.mp4,draw,564,features_cache/17596.pt
WLASL/videos/17597.mp4,draw,564,features_cache/17597.pt
WLASL/videos/18270.mp4,east,593,features_cache/18270.pt
WLASL/videos/18294.mp4,east,593,features_cache/18294.pt
WLASL/videos/18295.mp4,east,593,features_cache/18295.pt
WLASL/videos/18297.mp4,east,593,features_cache/18297.pt
WLASL/videos/65597.mp4,east,593,features_cache/65597.pt
WLASL/videos/18288.mp4,east,593,features_cache/18288.pt
WLASL/videos/67607.mp4,east,593,features_cache/67607.pt
WLASL/videos/18298.mp4,east,593,features_cache/18298.pt
WLASL/videos/18292.mp4,east,593,features_cache/18292.pt
WLASL/videos/18293.mp4,east,593,features_cache/18293.pt
WLASL/videos/18301.mp4,easy,595,features_cache/18301.pt
WLASL/videos/70079.mp4,easy,595,features_cache/70079.pt
WLASL/videos/68043.mp4,easy,595,features_cache/68043.pt
WLASL/videos/18313.mp4,easy,595,features_cache/18313.pt
WLASL/videos/18315.mp4,easy,595,features_cache/18315.pt
WLASL/videos/65600.mp4,easy,595,features_cache/65600.pt
WLASL/videos/18306.mp4,easy,595,features_cache/18306.pt
WLASL/videos/67609.mp4,easy,595,features_cache/67609.pt
WLASL/videos/18311.mp4,easy,595,features_cache/18311.pt
WLASL/videos/18312.mp4,easy,595,features_cache/18312.pt
WLASL/videos/18485.mp4,egg,601,features_cache/18485.pt
WLASL/videos/70065.mp4,egg,601,features_cache/70065.pt
WLASL/videos/18489.mp4,egg,601,features_cache/18489.pt
WLASL/videos/18494.mp4,egg,601,features_cache/18494.pt
WLASL/videos/65607.mp4,egg,601,features_cache/65607.pt
WLASL/videos/67612.mp4,egg,601,features_cache/67612.pt
WLASL/videos/18495.mp4,egg,601,features_cache/18495.pt
WLASL/videos/18496.mp4,egg,601,features_cache/18496.pt
WLASL/videos/18487.mp4,egg,601,features_cache/18487.pt
WLASL/videos/18488.mp4,egg,601,features_cache/18488.pt
WLASL/videos/19411.mp4,environment,631,features_cache/19411.pt
WLASL/videos/19412.mp4,environment,631,features_cache/19412.pt
WLASL/videos/19414.mp4,environment,631,features_cache/19414.pt
WLASL/videos/65638.mp4,environment,631,features_cache/65638.pt
WLASL/videos/65639.mp4,environment,631,features_cache/65639.pt
WLASL/videos/19406.mp4,environment,631,features_cache/19406.pt
WLASL/videos/19418.mp4,environment,631,features_cache/19418.pt
WLASL/videos/19407.mp4,environment,631,features_cache/19407.pt
WLASL/videos/19408.mp4,environment,631,features_cache/19408.pt
WLASL/videos/21202.mp4,father,686,features_cache/21202.pt
WLASL/videos/69318.mp4,father,686,features_cache/69318.pt
WLASL/videos/21220.mp4,father,686,features_cache/21220.pt
WLASL/videos/21205.mp4,father,686,features_cache/21205.pt
WLASL/videos/21207.mp4,father,686,features_cache/21207.pt
WLASL/videos/21209.mp4,father,686,features_cache/21209.pt
WLASL/videos/21210.mp4,father,686,features_cache/21210.pt
WLASL/videos/21212.mp4,father,686,features_cache/21212.pt
WLASL/videos/21218.mp4,father,686,features_cache/21218.pt
WLASL/videos/21219.mp4,father,686,features_cache/21219.pt
WLASL/videos/21272.mp4,fault,687,features_cache/21272.pt
WLASL/videos/21275.mp4,fault,687,features_cache/21275.pt
WLASL/videos/21276.mp4,fault,687,features_cache/21276.pt
WLASL/videos/21277.mp4,fault,687,features_cache/21277.pt
WLASL/videos/21280.mp4,fault,687,features_cache/21280.pt
WLASL/videos/21284.mp4,fault,687,features_cache/21284.pt
WLASL/videos/21285.mp4,fault,687,features_cache/21285.pt
WLASL/videos/21273.mp4,fault,687,features_cache/21273.pt
WLASL/videos/21274.mp4,fault,687,features_cache/21274.pt
WLASL/videos/22537.mp4,flower,720,features_cache/22537.pt
WLASL/videos/22554.mp4,flower,720,features_cache/22554.pt
WLASL/videos/22555.mp4,flower,720,features_cache/22555.pt
WLASL/videos/22557.mp4,flower,720,features_cache/22557.pt
WLASL/videos/65746.mp4,flower,720,features_cache/65746.pt
WLASL/videos/22548.mp4,flower,720,features_cache/22548.pt
WLASL/videos/67672.mp4,flower,720,features_cache/67672.pt
WLASL/videos/22558.mp4,flower,720,features_cache/22558.pt
WLASL/videos/22552.mp4,flower,720,features_cache/22552.pt
WLASL/videos/22553.mp4,flower,720,features_cache/22553.pt
WLASL/videos/23579.mp4,friendly,748,features_cache/23579.pt
WLASL/videos/70257.mp4,friendly,748,features_cache/70257.pt
WLASL/videos/23586.mp4,friendly,748,features_cache/23586.pt
WLASL/videos/23588.mp4,friendly,748,features_cache/23588.pt
WLASL/videos/65783.mp4,friendly,748,features_cache/65783.pt
WLASL/videos/67692.mp4,friendly,748,features_cache/67692.pt
WLASL/videos/23589.mp4,friendly,748,features_cache/23589.pt
WLASL/videos/23580.mp4,friendly,748,features_cache/23580.pt
WLASL/videos/23584.mp4,friendly,748,features_cache/23584.pt
WLASL/videos/23585.mp4,friendly,748,features_cache/23585.pt
WLASL/videos/24718.mp4,glasses,787,features_cache/24718.pt
WLASL/videos/68334.mp4,glasses,787,features_cache/68334.pt
WLASL/videos/24724.mp4,glasses,787,features_cache/24724.pt
WLASL/videos/24726.mp4,glasses,787,features_cache/24726.pt
WLASL/videos/24728.mp4,glasses,787,features_cache/24728.pt
WLASL/videos/24729.mp4,glasses,787,features_cache/24729.pt
WLASL/videos/65822.mp4,glasses,787,features_cache/65822.pt
WLASL/videos/24720.mp4,glasses,787,features_cache/24720.pt
WLASL/videos/24721.mp4,glasses,787,features_cache/24721.pt
WLASL/videos/24722.mp4,glasses,787,features_cache/24722.pt
WLASL/videos/26256.mp4,halloween,831,features_cache/26256.pt
WLASL/videos/26259.mp4,halloween,831,features_cache/26259.pt
WLASL/videos/65873.mp4,halloween,831,features_cache/65873.pt
WLASL/videos/65874.mp4,halloween,831,features_cache/65874.pt
WLASL/videos/26260.mp4,halloween,831,features_cache/26260.pt
WLASL/videos/26261.mp4,halloween,831,features_cache/26261.pt
WLASL/videos/26251.mp4,halloween,831,features_cache/26251.pt
WLASL/videos/26252.mp4,halloween,831,features_cache/26252.pt
WLASL/videos/26254.mp4,halloween,831,features_cache/26254.pt
WLASL/videos/26559.mp4,hard,838,features_cache/26559.pt
WLASL/videos/69358.mp4,hard,838,features_cache/69358.pt
WLASL/videos/68065.mp4,hard,838,features_cache/68065.pt
WLASL/videos/26573.mp4,hard,838,features_cache/26573.pt
WLASL/videos/26574.mp4,hard,838,features_cache/26574.pt
WLASL/videos/26576.mp4,hard,838,features_cache/26576.pt
WLASL/videos/67744.mp4,hard,838,features_cache/67744.pt
WLASL/videos/26577.mp4,hard,838,features_cache/26577.pt
WLASL/videos/26571.mp4,hard,838,features_cache/26571.pt
WLASL/videos/26572.mp4,hard,838,features_cache/26572.pt
WLASL/videos/27046.mp4,heart,851,features_cache/27046.pt
WLASL/videos/27048.mp4,heart,851,features_cache/27048.pt
WLASL/videos/27050.mp4,heart,851,features_cache/27050.pt
WLASL/videos/27042.mp4,heart,851,features_cache/27042.pt
WLASL/videos/67752.mp4,heart,851,features_cache/67752.pt
WLASL/videos/27053.mp4,heart,851,features_cache/27053.pt
WLASL/videos/27055.mp4,heart,851,features_cache/27055.pt
WLASL/videos/27056.mp4,heart,851,features_cache/27056.pt
WLASL/videos/27057.mp4,heart,851,features_cache/27057.pt
WLASL/videos/27043.mp4,heart,851,features_cache/27043.pt
WLASL/videos/28134.mp4,hour,886,features_cache/28134.pt
WLASL/videos/70303.mp4,hour,886,features_cache/70303.pt
WLASL/videos/28140.mp4,hour,886,features_cache/28140.pt
WLASL/videos/28142.mp4,hour,886,features_cache/28142.pt
WLASL/videos/28143.mp4,hour,886,features_cache/28143.pt
WLASL/videos/28144.mp4,hour,886,features_cache/28144.pt
WLASL/videos/28145.mp4,hour,886,features_cache/28145.pt
WLASL/videos/28146.mp4,hour,886,features_cache/28146.pt
WLASL/videos/28138.mp4,hour,886,features_cache/28138.pt
WLASL/videos/28139.mp4,hour,886,features_cache/28139.pt
WLASL/videos/28306.mp4,humble,891,features_cache/28306.pt
WLASL/videos/28311.mp4,humble,891,features_cache/28311.pt
WLASL/videos/28312.mp4,humble,891,features_cache/28312.pt
WLASL/videos/28314.mp4,humble,891,features_cache/28314.pt
WLASL/videos/28315.mp4,humble,891,features_cache/28315.pt
WLASL/videos/67778.mp4,humble,891,features_cache/67778.pt
WLASL/videos/28316.mp4,humble,891,features_cache/28316.pt
WLASL/videos/28317.mp4,humble,891,features_cache/28317.pt
WLASL/videos/28309.mp4,humble,891,features_cache/28309.pt
WLASL/videos/28310.mp4,humble,891,features_cache/28310.pt
WLASL/videos/28423.mp4,hurry,895,features_cache/28423.pt
WLASL/videos/28424.mp4,hurry,895,features_cache/28424.pt
WLASL/videos/70236.mp4,hurry,895,features_cache/70236.pt
WLASL/videos/28425.mp4,hurry,895,features_cache/28425.pt
WLASL/videos/28433.mp4,hurry,895,features_cache/28433.pt
WLASL/videos/28426.mp4,hurry,895,features_cache/28426.pt
WLASL/videos/28427.mp4,hurry,895,features_cache/28427.pt
WLASL/videos/28435.mp4,hurry,895,features_cache/28435.pt
WLASL/videos/28430.mp4,hurry,895,features_cache/28430.pt
WLASL/videos/28432.mp4,hurry,895,features_cache/28432.pt
WLASL/videos/29134.mp4,improve,910,features_cache/29134.pt
WLASL/videos/29142.mp4,improve,910,features_cache/29142.pt
WLASL/videos/29143.mp4,improve,910,features_cache/29143.pt
WLASL/videos/29145.mp4,improve,910,features_cache/29145.pt
WLASL/videos/65929.mp4,improve,910,features_cache/65929.pt
WLASL/videos/29136.mp4,improve,910,features_cache/29136.pt
WLASL/videos/29146.mp4,improve,910,features_cache/29146.pt
WLASL/videos/29147.mp4,improve,910,features_cache/29147.pt
WLASL/videos/29140.mp4,improve,910,features_cache/29140.pt
WLASL/videos/29141.mp4,improve,910,features_cache/29141.pt
WLASL/videos/30227.mp4,internet,932,features_cache/30227.pt
WLASL/videos/30235.mp4,internet,932,features_cache/30235.pt
WLASL/videos/30237.mp4,internet,932,features_cache/30237.pt
WLASL/videos/30239.mp4,internet,932,features_cache/30239.pt
WLASL/videos/30230.mp4,internet,932,features_cache/30230.pt
WLASL/videos/67793.mp4,internet,932,features_cache/67793.pt
WLASL/videos/30240.mp4,internet,932,features_cache/30240.pt
WLASL/videos/30241.mp4,internet,932,features_cache/30241.pt
WLASL/videos/30233.mp4,internet,932,features_cache/30233.pt
WLASL/videos/30234.mp4,internet,932,features_cache/30234.pt
WLASL/videos/69380.mp4,jump,964,features_cache/69380.pt
WLASL/videos/65983.mp4,jump,964,features_cache/65983.pt
WLASL/videos/68080.mp4,jump,964,features_cache/68080.pt
WLASL/videos/31323.mp4,jump,964,features_cache/31323.pt
WLASL/videos/31324.mp4,jump,964,features_cache/31324.pt
WLASL/videos/31315.mp4,jump,964,features_cache/31315.pt
WLASL/videos/67810.mp4,jump,964,features_cache/67810.pt
WLASL/videos/31316.mp4,jump,964,features_cache/31316.pt
WLASL/videos/31321.mp4,jump,964,features_cache/31321.pt
WLASL/videos/31322.mp4,jump,964,features_cache/31322.pt
WLASL/videos/31641.mp4,kill,974,features_cache/31641.pt
WLASL/videos/31654.mp4,kill,974,features_cache/31654.pt
WLASL/videos/31655.mp4,kill,974,features_cache/31655.pt
WLASL/videos/31657.mp4,kill,974,features_cache/31657.pt
WLASL/videos/31658.mp4,kill,974,features_cache/31658.pt
WLASL/videos/65992.mp4,kill,974,features_cache/65992.pt
WLASL/videos/31649.mp4,kill,974,features_cache/31649.pt
WLASL/videos/67815.mp4,kill,974,features_cache/67815.pt
WLASL/videos/31651.mp4,kill,974,features_cache/31651.pt
WLASL/videos/31652.mp4,kill,974,features_cache/31652.pt
WLASL/videos/66017.mp4,law,997,features_cache/66017.pt
WLASL/videos/70158.mp4,law,997,features_cache/70158.pt
WLASL/videos/32454.mp4,law,997,features_cache/32454.pt
WLASL/videos/32456.mp4,law,997,features_cache/32456.pt
WLASL/videos/32447.mp4,law,997,features_cache/32447.pt
WLASL/videos/32457.mp4,law,997,features_cache/32457.pt
WLASL/videos/32458.mp4,law,997,features_cache/32458.pt
WLASL/videos/32448.mp4,law,997,features_cache/32448.pt
WLASL/videos/32452.mp4,law,997,features_cache/32452.pt
WLASL/videos/32453.mp4,law,997,features_cache/32453.pt
WLASL/videos/66106.mp4,match,1066,features_cache/66106.pt
WLASL/videos/35117.mp4,match,1066,features_cache/35117.pt
WLASL/videos/35118.mp4,match,1066,features_cache/35118.pt
WLASL/videos/35119.mp4,match,1066,features_cache/35119.pt
WLASL/videos/35120.mp4,match,1066,features_cache/35120.pt
WLASL/videos/35125.mp4,match,1066,features_cache/35125.pt
WLASL/videos/35126.mp4,match,1066,features_cache/35126.pt
WLASL/videos/35115.mp4,match,1066,features_cache/35115.pt
WLASL/videos/35116.mp4,match,1066,features_cache/35116.pt
WLASL/videos/35353.mp4,meat,1075,features_cache/35353.pt
WLASL/videos/70066.mp4,meat,1075,features_cache/70066.pt
WLASL/videos/35367.mp4,meat,1075,features_cache/35367.pt
WLASL/videos/35369.mp4,meat,1075,features_cache/35369.pt
WLASL/videos/66109.mp4,meat,1075,features_cache/66109.pt
WLASL/videos/35360.mp4,meat,1075,features_cache/35360.pt
WLASL/videos/67882.mp4,meat,1075,features_cache/67882.pt
WLASL/videos/35361.mp4,meat,1075,features_cache/35361.pt
WLASL/videos/35365.mp4,meat,1075,features_cache/35365.pt
WLASL/videos/35366.mp4,meat,1075,features_cache/35366.pt
WLASL/videos/36044.mp4,milk,1094,features_cache/36044.pt
WLASL/videos/68562.mp4,milk,1094,features_cache/68562.pt
WLASL/videos/68100.mp4,milk,1094,features_cache/68100.pt
WLASL/videos/36052.mp4,milk,1094,features_cache/36052.pt
WLASL/videos/36053.mp4,milk,1094,features_cache/36053.pt
WLASL/videos/67893.mp4,milk,1094,features_cache/67893.pt
WLASL/videos/36054.mp4,milk,1094,features_cache/36054.pt
WLASL/videos/36055.mp4,milk,1094,features_cache/36055.pt
WLASL/videos/36048.mp4,milk,1094,features_cache/36048.pt
WLASL/videos/36049.mp4,milk,1094,features_cache/36049.pt
WLASL/videos/36645.mp4,money,1107,features_cache/36645.pt
WLASL/videos/70075.mp4,money,1107,features_cache/70075.pt
WLASL/videos/68628.mp4,money,1107,features_cache/68628.pt
WLASL/videos/36652.mp4,money,1107,features_cache/36652.pt
WLASL/videos/36653.mp4,money,1107,features_cache/36653.pt
WLASL/videos/36654.mp4,money,1107,features_cache/36654.pt
WLASL/videos/36657.mp4,money,1107,features_cache/36657.pt
WLASL/videos/66138.mp4,money,1107,features_cache/66138.pt
WLASL/videos/36659.mp4,money,1107,features_cache/36659.pt
WLASL/videos/36660.mp4,money,1107,features_cache/36660.pt
WLASL/videos/36732.mp4,month,1110,features_cache/36732.pt
WLASL/videos/68608.mp4,month,1110,features_cache/68608.pt
WLASL/videos/70305.mp4,month,1110,features_cache/70305.pt
WLASL/videos/36741.mp4,month,1110,features_cache/36741.pt
WLASL/videos/66141.mp4,month,1110,features_cache/66141.pt
WLASL/videos/67904.mp4,month,1110,features_cache/67904.pt
WLASL/videos/36733.mp4,month,1110,features_cache/36733.pt
WLASL/videos/36734.mp4,month,1110,features_cache/36734.pt
WLASL/videos/36738.mp4,month,1110,features_cache/36738.pt
WLASL/videos/36739.mp4,month,1110,features_cache/36739.pt
WLASL/videos/36774.mp4,moon,1112,features_cache/36774.pt
WLASL/videos/36783.mp4,moon,1112,features_cache/36783.pt
WLASL/videos/36785.mp4,moon,1112,features_cache/36785.pt
WLASL/videos/36788.mp4,moon,1112,features_cache/36788.pt
WLASL/videos/66142.mp4,moon,1112,features_cache/66142.pt
WLASL/videos/36779.mp4,moon,1112,features_cache/36779.pt
WLASL/videos/67903.mp4,moon,1112,features_cache/67903.pt
WLASL/videos/36789.mp4,moon,1112,features_cache/36789.pt
WLASL/videos/36781.mp4,moon,1112,features_cache/36781.pt
WLASL/videos/36782.mp4,moon,1112,features_cache/36782.pt
WLASL/videos/66151.mp4,move,1125,features_cache/66151.pt
WLASL/videos/68328.mp4,move,1125,features_cache/68328.pt
WLASL/videos/37102.mp4,move,1125,features_cache/37102.pt
WLASL/videos/37087.mp4,move,1125,features_cache/37087.pt
WLASL/videos/37089.mp4,move,1125,features_cache/37089.pt
WLASL/videos/37091.mp4,move,1125,features_cache/37091.pt
WLASL/videos/37093.mp4,move,1125,features_cache/37093.pt
WLASL/videos/37094.mp4,move,1125,features_cache/37094.pt
WLASL/videos/37098.mp4,move,1125,features_cache/37098.pt
WLASL/videos/37100.mp4,move,1125,features_cache/37100.pt
WLASL/videos/37773.mp4,near,1143,features_cache/37773.pt
WLASL/videos/70180.mp4,near,1143,features_cache/70180.pt
WLASL/videos/37790.mp4,near,1143,features_cache/37790.pt
WLASL/videos/37792.mp4,near,1143,features_cache/37792.pt
WLASL/videos/37784.mp4,near,1143,features_cache/37784.pt
WLASL/videos/37794.mp4,near,1143,features_cache/37794.pt
WLASL/videos/37795.mp4,near,1143,features_cache/37795.pt
WLASL/videos/37796.mp4,near,1143,features_cache/37796.pt
WLASL/videos/37788.mp4,near,1143,features_cache/37788.pt
WLASL/videos/37789.mp4,near,1143,features_cache/37789.pt
WLASL/videos/37983.mp4,nephew,1151,features_cache/37983.pt
WLASL/videos/70337.mp4,nephew,1151,features_cache/70337.pt
WLASL/videos/69008.mp4,nephew,1151,features_cache/69008.pt
WLASL/videos/37992.mp4,nephew,1151,features_cache/37992.pt
WLASL/videos/67926.mp4,nephew,1151,features_cache/67926.pt
WLASL/videos/37993.mp4,nephew,1151,features_cache/37993.pt
WLASL/videos/37984.mp4,nephew,1151,features_cache/37984.pt
WLASL/videos/37985.mp4,nephew,1151,features_cache/37985.pt
WLASL/videos/37989.mp4,nephew,1151,features_cache/37989.pt
WLASL/videos/37990.mp4,nephew,1151,features_cache/37990.pt
WLASL/videos/38281.mp4,nice,1160,features_cache/38281.pt
WLASL/videos/70021.mp4,nice,1160,features_cache/70021.pt
WLASL/videos/70050.mp4,nice,1160,features_cache/70050.pt
WLASL/videos/38288.mp4,nice,1160,features_cache/38288.pt
WLASL/videos/38289.mp4,nice,1160,features_cache/38289.pt
WLASL/videos/38292.mp4,nice,1160,features_cache/38292.pt
WLASL/videos/38293.mp4,nice,1160,features_cache/38293.pt
WLASL/videos/38282.mp4,nice,1160,features_cache/38282.pt
WLASL/videos/38286.mp4,nice,1160,features_cache/38286.pt
WLASL/videos/38287.mp4,nice,1160,features_cache/38287.pt
WLASL/videos/38314.mp4,niece,1162,features_cache/38314.pt
WLASL/videos/70338.mp4,niece,1162,features_cache/70338.pt
WLASL/videos/68584.mp4,niece,1162,features_cache/68584.pt
WLASL/videos/38323.mp4,niece,1162,features_cache/38323.pt
WLASL/videos/66171.mp4,niece,1162,features_cache/66171.pt
WLASL/videos/38324.mp4,niece,1162,features_cache/38324.pt
WLASL/videos/38315.mp4,niece,1162,features_cache/38315.pt
WLASL/videos/38316.mp4,niece,1162,features_cache/38316.pt
WLASL/videos/38320.mp4,niece,1162,features_cache/38320.pt
WLASL/videos/38321.mp4,niece,1162,features_cache/38321.pt
WLASL/videos/38614.mp4,noon,1168,features_cache/38614.pt
WLASL/videos/70280.mp4,noon,1168,features_cache/70280.pt
WLASL/videos/68934.mp4,noon,1168,features_cache/68934.pt
WLASL/videos/38629.mp4,noon,1168,features_cache/38629.pt
WLASL/videos/38630.mp4,noon,1168,features_cache/38630.pt
WLASL/videos/38621.mp4,noon,1168,features_cache/38621.pt
WLASL/videos/38631.mp4,noon,1168,features_cache/38631.pt
WLASL/videos/38632.mp4,noon,1168,features_cache/38632.pt
WLASL/videos/38625.mp4,noon,1168,features_cache/38625.pt
WLASL/videos/38626.mp4,noon,1168,features_cache/38626.pt
WLASL/videos/38654.mp4,north,1170,features_cache/38654.pt
WLASL/videos/70187.mp4,north,1170,features_cache/70187.pt
WLASL/videos/38688.mp4,north,1170,features_cache/38688.pt
WLASL/videos/38690.mp4,north,1170,features_cache/38690.pt
WLASL/videos/38681.mp4,north,1170,features_cache/38681.pt
WLASL/videos/67933.mp4,north,1170,features_cache/67933.pt
WLASL/videos/38691.mp4,north,1170,features_cache/38691.pt
WLASL/videos/38682.mp4,north,1170,features_cache/38682.pt
WLASL/videos/38686.mp4,north,1170,features_cache/38686.pt
WLASL/videos/38687.mp4,north,1170,features_cache/38687.pt
WLASL/videos/38765.mp4,not,1173,features_cache/38765.pt
WLASL/videos/68774.mp4,not,1173,features_cache/68774.pt
WLASL/videos/38864.mp4,not,1173,features_cache/38864.pt
WLASL/videos/38866.mp4,not,1173,features_cache/38866.pt
WLASL/videos/38857.mp4,not,1173,features_cache/38857.pt
WLASL/videos/38867.mp4,not,1173,features_cache/38867.pt
WLASL/videos/38868.mp4,not,1173,features_cache/38868.pt
WLASL/videos/38858.mp4,not,1173,features_cache/38858.pt
WLASL/videos/38862.mp4,not,1173,features_cache/38862.pt
WLASL/videos/38863.mp4,not,1173,features_cache/38863.pt
WLASL/videos/39087.mp4,nurse,1182,features_cache/39087.pt
WLASL/videos/39093.mp4,nurse,1182,features_cache/39093.pt
WLASL/videos/39094.mp4,nurse,1182,features_cache/39094.pt
WLASL/videos/39096.mp4,nurse,1182,features_cache/39096.pt
WLASL/videos/67940.mp4,nurse,1182,features_cache/67940.pt
WLASL/videos/39097.mp4,nurse,1182,features_cache/39097.pt
WLASL/videos/39098.mp4,nurse,1182,features_cache/39098.pt
WLASL/videos/39099.mp4,nurse,1182,features_cache/39099.pt
WLASL/videos/39091.mp4,nurse,1182,features_cache/39091.pt
WLASL/videos/39092.mp4,nurse,1182,features_cache/39092.pt
WLASL/videos/39402.mp4,off,1194,features_cache/39402.pt
WLASL/videos/69418.mp4,off,1194,features_cache/69418.pt
WLASL/videos/39449.mp4,off,1194,features_cache/39449.pt
WLASL/videos/39450.mp4,off,1194,features_cache/39450.pt
WLASL/videos/39442.mp4,off,1194,features_cache/39442.pt
WLASL/videos/39443.mp4,off,1194,features_cache/39443.pt
WLASL/videos/39445.mp4,off,1194,features_cache/39445.pt
WLASL/videos/39446.mp4,off,1194,features_cache/39446.pt
WLASL/videos/39448.mp4,off,1194,features_cache/39448.pt
WLASL/videos/39582.mp4,ok,1198,features_cache/39582.pt
WLASL/videos/39589.mp4,ok,1198,features_cache/39589.pt
WLASL/videos/68342.mp4,ok,1198,features_cache/68342.pt
WLASL/videos/39594.mp4,ok,1198,features_cache/39594.pt
WLASL/videos/39595.mp4,ok,1198,features_cache/39595.pt
WLASL/videos/39596.mp4,ok,1198,features_cache/39596.pt
WLASL/videos/39583.mp4,ok,1198,features_cache/39583.pt
WLASL/videos/39590.mp4,ok,1198,features_cache/39590.pt
WLASL/videos/39586.mp4,ok,1198,features_cache/39586.pt
WLASL/videos/39593.mp4,ok,1198,features_cache/39593.pt
WLASL/videos/66270.mp4,patient,1243,features_cache/66270.pt
WLASL/videos/41509.mp4,patient,1243,features_cache/41509.pt
WLASL/videos/41506.mp4,patient,1243,features_cache/41506.pt
WLASL/videos/41510.mp4,patient,1243,features_cache/41510.pt
WLASL/videos/41512.mp4,patient,1243,features_cache/41512.pt
WLASL/videos/67966.mp4,patient,1243,features_cache/67966.pt
WLASL/videos/41514.mp4,patient,1243,features_cache/41514.pt
WLASL/videos/41508.mp4,patient,1243,features_cache/41508.pt
WLASL/videos/41515.mp4,patient,1243,features_cache/41515.pt
WLASL/videos/41578.mp4,pay,1245,features_cache/41578.pt
WLASL/videos/68736.mp4,pay,1245,features_cache/68736.pt
WLASL/videos/41608.mp4,pay,1245,features_cache/41608.pt
WLASL/videos/41595.mp4,pay,1245,features_cache/41595.pt
WLASL/videos/41596.mp4,pay,1245,features_cache/41596.pt
WLASL/videos/41597.mp4,pay,1245,features_cache/41597.pt
WLASL/videos/41598.mp4,pay,1245,features_cache/41598.pt
WLASL/videos/66271.mp4,pay,1245,features_cache/66271.pt
WLASL/videos/41606.mp4,pay,1245,features_cache/41606.pt
WLASL/videos/41607.mp4,pay,1245,features_cache/41607.pt
WLASL/videos/42242.mp4,perspective,1266,features_cache/42242.pt
WLASL/videos/42246.mp4,perspective,1266,features_cache/42246.pt
WLASL/videos/42247.mp4,perspective,1266,features_cache/42247.pt
WLASL/videos/42250.mp4,perspective,1266,features_cache/42250.pt
WLASL/videos/42251.mp4,perspective,1266,features_cache/42251.pt
WLASL/videos/66281.mp4,perspective,1266,features_cache/66281.pt
WLASL/videos/42252.mp4,perspective,1266,features_cache/42252.pt
WLASL/videos/42253.mp4,perspective,1266,features_cache/42253.pt
WLASL/videos/42243.mp4,perspective,1266,features_cache/42243.pt
WLASL/videos/42245.mp4,perspective,1266,features_cache/42245.pt
WLASL/videos/43922.mp4,potato,1314,features_cache/43922.pt
WLASL/videos/70061.mp4,potato,1314,features_cache/70061.pt
WLASL/videos/43936.mp4,potato,1314,features_cache/43936.pt
WLASL/videos/43938.mp4,potato,1314,features_cache/43938.pt
WLASL/videos/66318.mp4,potato,1314,features_cache/66318.pt
WLASL/videos/43929.mp4,potato,1314,features_cache/43929.pt
WLASL/videos/67093.mp4,potato,1314,features_cache/67093.pt
WLASL/videos/43930.mp4,potato,1314,features_cache/43930.pt
WLASL/videos/43934.mp4,potato,1314,features_cache/43934.pt
WLASL/videos/43935.mp4,potato,1314,features_cache/43935.pt
WLASL/videos/48965.mp4,sad,1491,features_cache/48965.pt
WLASL/videos/69450.mp4,sad,1491,features_cache/69450.pt
WLASL/videos/48976.mp4,sad,1491,features_cache/48976.pt
WLASL/videos/48978.mp4,sad,1491,features_cache/48978.pt
WLASL/videos/48980.mp4,sad,1491,features_cache/48980.pt
WLASL/videos/48971.mp4,sad,1491,features_cache/48971.pt
WLASL/videos/67155.mp4,sad,1491,features_cache/67155.pt
WLASL/videos/48981.mp4,sad,1491,features_cache/48981.pt
WLASL/videos/48973.mp4,sad,1491,features_cache/48973.pt
WLASL/videos/48974.mp4,sad,1491,features_cache/48974.pt
WLASL/videos/49327.mp4,saturday,1500,features_cache/49327.pt
WLASL/videos/49333.mp4,saturday,1500,features_cache/49333.pt
WLASL/videos/49334.mp4,saturday,1500,features_cache/49334.pt
WLASL/videos/49336.mp4,saturday,1500,features_cache/49336.pt
WLASL/videos/66428.mp4,saturday,1500,features_cache/66428.pt
WLASL/videos/67164.mp4,saturday,1500,features_cache/67164.pt
WLASL/videos/49337.mp4,saturday,1500,features_cache/49337.pt
WLASL/videos/49338.mp4,saturday,1500,features_cache/49338.pt
WLASL/videos/49331.mp4,saturday,1500,features_cache/49331.pt
WLASL/videos/49332.mp4,saturday,1500,features_cache/49332.pt
WLASL/videos/49367.mp4,save,1503,features_cache/49367.pt
WLASL/videos/49376.mp4,save,1503,features_cache/49376.pt
WLASL/videos/49377.mp4,save,1503,features_cache/49377.pt
WLASL/videos/49378.mp4,save,1503,features_cache/49378.pt
WLASL/videos/49379.mp4,save,1503,features_cache/49379.pt
WLASL/videos/49383.mp4,save,1503,features_cache/49383.pt
WLASL/videos/49384.mp4,save,1503,features_cache/49384.pt
WLASL/videos/49374.mp4,save,1503,features_cache/49374.pt
WLASL/videos/49375.mp4,save,1503,features_cache/49375.pt
WLASL/videos/49652.mp4,scissors,1512,features_cache/49652.pt
WLASL/videos/49658.mp4,scissors,1512,features_cache/49658.pt
WLASL/videos/49659.mp4,scissors,1512,features_cache/49659.pt
WLASL/videos/49661.mp4,scissors,1512,features_cache/49661.pt
WLASL/videos/66433.mp4,scissors,1512,features_cache/66433.pt
WLASL/videos/67173.mp4,scissors,1512,features_cache/67173.pt
WLASL/videos/49662.mp4,scissors,1512,features_cache/49662.pt
WLASL/videos/49663.mp4,scissors,1512,features_cache/49663.pt
WLASL/videos/49656.mp4,scissors,1512,features_cache/49656.pt
WLASL/videos/49657.mp4,scissors,1512,features_cache/49657.pt
WLASL/videos/50035.mp4,secret,1522,features_cache/50035.pt
WLASL/videos/50057.mp4,secret,1522,features_cache/50057.pt
WLASL/videos/50058.mp4,secret,1522,features_cache/50058.pt
WLASL/videos/50061.mp4,secret,1522,features_cache/50061.pt
WLASL/videos/50062.mp4,secret,1522,features_cache/50062.pt
WLASL/videos/66440.mp4,secret,1522,features_cache/66440.pt
WLASL/videos/50053.mp4,secret,1522,features_cache/50053.pt
WLASL/videos/67176.mp4,secret,1522,features_cache/67176.pt
WLASL/videos/50054.mp4,secret,1522,features_cache/50054.pt
WLASL/videos/50055.mp4,secret,1522,features_cache/50055.pt
WLASL/videos/51128.mp4,shoes,1555,features_cache/51128.pt
WLASL/videos/68150.mp4,shoes,1555,features_cache/68150.pt
WLASL/videos/70315.mp4,shoes,1555,features_cache/70315.pt
WLASL/videos/51137.mp4,shoes,1555,features_cache/51137.pt
WLASL/videos/67191.mp4,shoes,1555,features_cache/67191.pt
WLASL/videos/51138.mp4,shoes,1555,features_cache/51138.pt
WLASL/videos/51139.mp4,shoes,1555,features_cache/51139.pt
WLASL/videos/51140.mp4,shoes,1555,features_cache/51140.pt
WLASL/videos/51132.mp4,shoes,1555,features_cache/51132.pt
WLASL/videos/51133.mp4,shoes,1555,features_cache/51133.pt
WLASL/videos/66468.mp4,shop,1557,features_cache/66468.pt
WLASL/videos/68508.mp4,shop,1557,features_cache/68508.pt
WLASL/videos/68151.mp4,shop,1557,features_cache/68151.pt
WLASL/videos/51185.mp4,shop,1557,features_cache/51185.pt
WLASL/videos/51177.mp4,shop,1557,features_cache/51177.pt
WLASL/videos/51179.mp4,shop,1557,features_cache/51179.pt
WLASL/videos/51180.mp4,shop,1557,features_cache/51180.pt
WLASL/videos/51182.mp4,shop,1557,features_cache/51182.pt
WLASL/videos/51183.mp4,shop,1557,features_cache/51183.pt
WLASL/videos/51702.mp4,silly,1573,features_cache/51702.pt
WLASL/videos/51708.mp4,silly,1573,features_cache/51708.pt
WLASL/videos/51709.mp4,silly,1573,features_cache/51709.pt
WLASL/videos/51711.mp4,silly,1573,features_cache/51711.pt
WLASL/videos/66481.mp4,silly,1573,features_cache/66481.pt
WLASL/videos/67202.mp4,silly,1573,features_cache/67202.pt
WLASL/videos/51712.mp4,silly,1573,features_cache/51712.pt
WLASL/videos/51713.mp4,silly,1573,features_cache/51713.pt
WLASL/videos/51706.mp4,silly,1573,features_cache/51706.pt
WLASL/videos/51707.mp4,silly,1573,features_cache/51707.pt
WLASL/videos/51882.mp4,sister,1583,features_cache/51882.pt
WLASL/videos/68680.mp4,sister,1583,features_cache/68680.pt
WLASL/videos/51886.mp4,sister,1583,features_cache/51886.pt
WLASL/videos/51888.mp4,sister,1583,features_cache/51888.pt
WLASL/videos/51889.mp4,sister,1583,features_cache/51889.pt
WLASL/videos/66488.mp4,sister,1583,features_cache/66488.pt
WLASL/videos/67206.mp4,sister,1583,features_cache/67206.pt
WLASL/videos/51892.mp4,sister,1583,features_cache/51892.pt
WLASL/videos/51884.mp4,sister,1583,features_cache/51884.pt
WLASL/videos/51885.mp4,sister,1583,features_cache/51885.pt
WLASL/videos/52314.mp4,sleep,1601,features_cache/52314.pt
WLASL/videos/69479.mp4,sleep,1601,features_cache/69479.pt
WLASL/videos/68157.mp4,sleep,1601,features_cache/68157.pt
WLASL/videos/52324.mp4,sleep,1601,features_cache/52324.pt
WLASL/videos/52316.mp4,sleep,1601,features_cache/52316.pt
WLASL/videos/67212.mp4,sleep,1601,features_cache/67212.pt
WLASL/videos/52317.mp4,sleep,1601,features_cache/52317.pt
WLASL/videos/52318.mp4,sleep,1601,features_cache/52318.pt
WLASL/videos/52322.mp4,sleep,1601,features_cache/52322.pt
WLASL/videos/52323.mp4,sleep,1601,features_cache/52323.pt
WLASL/videos/53363.mp4,sorry,1638,features_cache/53363.pt
WLASL/videos/70225.mp4,sorry,1638,features_cache/70225.pt
WLASL/videos/53371.mp4,sorry,1638,features_cache/53371.pt
WLASL/videos/53373.mp4,sorry,1638,features_cache/53373.pt
WLASL/videos/53374.mp4,sorry,1638,features_cache/53374.pt
WLASL/videos/66536.mp4,sorry,1638,features_cache/66536.pt
WLASL/videos/53365.mp4,sorry,1638,features_cache/53365.pt
WLASL/videos/67228.mp4,sorry,1638,features_cache/67228.pt
WLASL/videos/53368.mp4,sorry,1638,features_cache/53368.pt
WLASL/videos/53370.mp4,sorry,1638,features_cache/53370.pt
WLASL/videos/55035.mp4,straight,1690,features_cache/55035.pt
WLASL/videos/68564.mp4,straight,1690,features_cache/68564.pt
WLASL/videos/55047.mp4,straight,1690,features_cache/55047.pt
WLASL/videos/55050.mp4,straight,1690,features_cache/55050.pt
WLASL/videos/55051.mp4,straight,1690,features_cache/55051.pt
WLASL/videos/55052.mp4,straight,1690,features_cache/55052.pt
WLASL/videos/66563.mp4,straight,1690,features_cache/66563.pt
WLASL/videos/55043.mp4,straight,1690,features_cache/55043.pt
WLASL/videos/55045.mp4,straight,1690,features_cache/55045.pt
WLASL/videos/55046.mp4,straight,1690,features_cache/55046.pt
WLASL/videos/69499.mp4,sweet,1734,features_cache/69499.pt
WLASL/videos/56312.mp4,sweet,1734,features_cache/56312.pt
WLASL/videos/56313.mp4,sweet,1734,features_cache/56313.pt
WLASL/videos/56315.mp4,sweet,1734,features_cache/56315.pt
WLASL/videos/66585.mp4,sweet,1734,features_cache/66585.pt
WLASL/videos/56306.mp4,sweet,1734,features_cache/56306.pt
WLASL/videos/56316.mp4,sweet,1734,features_cache/56316.pt
WLASL/videos/56317.mp4,sweet,1734,features_cache/56317.pt
WLASL/videos/56310.mp4,sweet,1734,features_cache/56310.pt
WLASL/videos/56311.mp4,sweet,1734,features_cache/56311.pt
WLASL/videos/56800.mp4,talk,1750,features_cache/56800.pt
WLASL/videos/68165.mp4,talk,1750,features_cache/68165.pt
WLASL/videos/68868.mp4,talk,1750,features_cache/68868.pt
WLASL/videos/56829.mp4,talk,1750,features_cache/56829.pt
WLASL/videos/56830.mp4,talk,1750,features_cache/56830.pt
WLASL/videos/56813.mp4,talk,1750,features_cache/56813.pt
WLASL/videos/56816.mp4,talk,1750,features_cache/56816.pt
WLASL/videos/56811.mp4,talk,1750,features_cache/56811.pt
WLASL/videos/56821.mp4,talk,1750,features_cache/56821.pt
WLASL/videos/56827.mp4,talk,1750,features_cache/56827.pt
WLASL/videos/57298.mp4,temperature,1765,features_cache/57298.pt
WLASL/videos/57305.mp4,temperature,1765,features_cache/57305.pt
WLASL/videos/57306.mp4,temperature,1765,features_cache/57306.pt
WLASL/videos/57308.mp4,temperature,1765,features_cache/57308.pt
WLASL/videos/57309.mp4,temperature,1765,features_cache/57309.pt
WLASL/videos/57300.mp4,temperature,1765,features_cache/57300.pt
WLASL/videos/57310.mp4,temperature,1765,features_cache/57310.pt
WLASL/videos/57312.mp4,temperature,1765,features_cache/57312.pt
WLASL/videos/57303.mp4,temperature,1765,features_cache/57303.pt
WLASL/videos/57304.mp4,temperature,1765,features_cache/57304.pt
WLASL/videos/57430.mp4,tent,1772,features_cache/57430.pt
WLASL/videos/69501.mp4,tent,1772,features_cache/69501.pt
WLASL/videos/57443.mp4,tent,1772,features_cache/57443.pt
WLASL/videos/57445.mp4,tent,1772,features_cache/57445.pt
WLASL/videos/57436.mp4,tent,1772,features_cache/57436.pt
WLASL/videos/57446.mp4,tent,1772,features_cache/57446.pt
WLASL/videos/57447.mp4,tent,1772,features_cache/57447.pt
WLASL/videos/57437.mp4,tent,1772,features_cache/57437.pt
WLASL/videos/57441.mp4,tent,1772,features_cache/57441.pt
WLASL/videos/57442.mp4,tent,1772,features_cache/57442.pt
WLASL/videos/57653.mp4,thank you,1780,features_cache/57653.pt
WLASL/videos/69502.mp4,thank you,1780,features_cache/69502.pt
WLASL/videos/68796.mp4,thank you,1780,features_cache/68796.pt
WLASL/videos/57664.mp4,thank you,1780,features_cache/57664.pt
WLASL/videos/66598.mp4,thank you,1780,features_cache/66598.pt
WLASL/videos/57655.mp4,thank you,1780,features_cache/57655.pt
WLASL/videos/57665.mp4,thank you,1780,features_cache/57665.pt
WLASL/videos/57666.mp4,thank you,1780,features_cache/57666.pt
WLASL/videos/57658.mp4,thank you,1780,features_cache/57658.pt
WLASL/videos/57659.mp4,thank you,1780,features_cache/57659.pt
WLASL/videos/57954.mp4,think,1799,features_cache/57954.pt
WLASL/videos/69505.mp4,think,1799,features_cache/69505.pt
WLASL/videos/57980.mp4,think,1799,features_cache/57980.pt
WLASL/videos/57982.mp4,think,1799,features_cache/57982.pt
WLASL/videos/66609.mp4,think,1799,features_cache/66609.pt
WLASL/videos/57973.mp4,think,1799,features_cache/57973.pt
WLASL/videos/67300.mp4,think,1799,features_cache/67300.pt
WLASL/videos/57974.mp4,think,1799,features_cache/57974.pt
WLASL/videos/57978.mp4,think,1799,features_cache/57978.pt
WLASL/videos/57979.mp4,think,1799,features_cache/57979.pt
WLASL/videos/58286.mp4,throw,1808,features_cache/58286.pt
WLASL/videos/58299.mp4,throw,1808,features_cache/58299.pt
WLASL/videos/58300.mp4,throw,1808,features_cache/58300.pt
WLASL/videos/58302.mp4,throw,1808,features_cache/58302.pt
WLASL/videos/66636.mp4,throw,1808,features_cache/66636.pt
WLASL/videos/58293.mp4,throw,1808,features_cache/58293.pt
WLASL/videos/58294.mp4,throw,1808,features_cache/58294.pt
WLASL/videos/58296.mp4,throw,1808,features_cache/58296.pt
WLASL/videos/58297.mp4,throw,1808,features_cache/58297.pt
WLASL/videos/58676.mp4,today,1821,features_cache/58676.pt
WLASL/videos/69512.mp4,today,1821,features_cache/69512.pt
WLASL/videos/70346.mp4,today,1821,features_cache/70346.pt
WLASL/videos/58685.mp4,today,1821,features_cache/58685.pt
WLASL/videos/58686.mp4,today,1821,features_cache/58686.pt
WLASL/videos/58687.mp4,today,1821,features_cache/58687.pt
WLASL/videos/58677.mp4,today,1821,features_cache/58677.pt
WLASL/videos/58678.mp4,today,1821,features_cache/58678.pt
WLASL/videos/58682.mp4,today,1821,features_cache/58682.pt
WLASL/videos/58683.mp4,today,1821,features_cache/58683.pt
WLASL/videos/59238.mp4,traffic,1845,features_cache/59238.pt
WLASL/videos/70179.mp4,traffic,1845,features_cache/70179.pt
WLASL/videos/59248.mp4,traffic,1845,features_cache/59248.pt
WLASL/videos/59249.mp4,traffic,1845,features_cache/59249.pt
WLASL/videos/59252.mp4,traffic,1845,features_cache/59252.pt
WLASL/videos/66664.mp4,traffic,1845,features_cache/66664.pt
WLASL/videos/59256.mp4,traffic,1845,features_cache/59256.pt
WLASL/videos/59258.mp4,traffic,1845,features_cache/59258.pt
WLASL/videos/59259.mp4,traffic,1845,features_cache/59259.pt
WLASL/videos/60543.mp4,understand,1876,features_cache/60543.pt
WLASL/videos/60553.mp4,understand,1876,features_cache/60553.pt
WLASL/videos/70215.mp4,understand,1876,features_cache/70215.pt
WLASL/videos/66704.mp4,understand,1876,features_cache/66704.pt
WLASL/videos/67018.mp4,understand,1876,features_cache/67018.pt
WLASL/videos/60545.mp4,understand,1876,features_cache/60545.pt
WLASL/videos/60546.mp4,understand,1876,features_cache/60546.pt
WLASL/videos/60554.mp4,understand,1876,features_cache/60554.pt
WLASL/videos/60556.mp4,understand,1876,features_cache/60556.pt
WLASL/videos/60550.mp4,understand,1876,features_cache/60550.pt
WLASL/videos/61031.mp4,use,1885,features_cache/61031.pt
WLASL/videos/61060.mp4,use,1885,features_cache/61060.pt
WLASL/videos/61061.mp4,use,1885,features_cache/61061.pt
WLASL/videos/61063.mp4,use,1885,features_cache/61063.pt
WLASL/videos/61065.mp4,use,1885,features_cache/61065.pt
WLASL/videos/61056.mp4,use,1885,features_cache/61056.pt
WLASL/videos/67022.mp4,use,1885,features_cache/67022.pt
WLASL/videos/61066.mp4,use,1885,features_cache/61066.pt
WLASL/videos/61057.mp4,use,1885,features_cache/61057.pt
WLASL/videos/61058.mp4,use,1885,features_cache/61058.pt
WLASL/videos/61913.mp4,voice,1904,features_cache/61913.pt
WLASL/videos/61919.mp4,voice,1904,features_cache/61919.pt
WLASL/videos/61920.mp4,voice,1904,features_cache/61920.pt
WLASL/videos/61922.mp4,voice,1904,features_cache/61922.pt
WLASL/videos/66736.mp4,voice,1904,features_cache/66736.pt
WLASL/videos/67031.mp4,voice,1904,features_cache/67031.pt
WLASL/videos/61923.mp4,voice,1904,features_cache/61923.pt
WLASL/videos/61924.mp4,voice,1904,features_cache/61924.pt
WLASL/videos/61917.mp4,voice,1904,features_cache/61917.pt
WLASL/videos/61918.mp4,voice,1904,features_cache/61918.pt
WLASL/videos/61977.mp4,vomit,1907,features_cache/61977.pt
WLASL/videos/61982.mp4,vomit,1907,features_cache/61982.pt
WLASL/videos/61983.mp4,vomit,1907,features_cache/61983.pt
WLASL/videos/61985.mp4,vomit,1907,features_cache/61985.pt
WLASL/videos/61986.mp4,vomit,1907,features_cache/61986.pt
WLASL/videos/67033.mp4,vomit,1907,features_cache/67033.pt
WLASL/videos/61987.mp4,vomit,1907,features_cache/61987.pt
WLASL/videos/61988.mp4,vomit,1907,features_cache/61988.pt
WLASL/videos/61979.mp4,vomit,1907,features_cache/61979.pt
WLASL/videos/61980.mp4,vomit,1907,features_cache/61980.pt
WLASL/videos/61991.mp4,vote,1908,features_cache/61991.pt
WLASL/videos/61997.mp4,vote,1908,features_cache/61997.pt
WLASL/videos/61998.mp4,vote,1908,features_cache/61998.pt
WLASL/videos/62000.mp4,vote,1908,features_cache/62000.pt
WLASL/videos/67032.mp4,vote,1908,features_cache/67032.pt
WLASL/videos/62001.mp4,vote,1908,features_cache/62001.pt
WLASL/videos/62002.mp4,vote,1908,features_cache/62002.pt
WLASL/videos/62003.mp4,vote,1908,features_cache/62003.pt
WLASL/videos/61995.mp4,vote,1908,features_cache/61995.pt
WLASL/videos/61996.mp4,vote,1908,features_cache/61996.pt
WLASL/videos/62706.mp4,wednesday,1935,features_cache/62706.pt
WLASL/videos/62712.mp4,wednesday,1935,features_cache/62712.pt
WLASL/videos/62713.mp4,wednesday,1935,features_cache/62713.pt
WLASL/videos/62715.mp4,wednesday,1935,features_cache/62715.pt
WLASL/videos/66758.mp4,wednesday,1935,features_cache/66758.pt
WLASL/videos/67051.mp4,wednesday,1935,features_cache/67051.pt
WLASL/videos/62716.mp4,wednesday,1935,features_cache/62716.pt
WLASL/videos/62717.mp4,wednesday,1935,features_cache/62717.pt
WLASL/videos/62710.mp4,wednesday,1935,features_cache/62710.pt
WLASL/videos/62711.mp4,wednesday,1935,features_cache/62711.pt
WLASL/videos/62901.mp4,west,1943,features_cache/62901.pt
WLASL/videos/70186.mp4,west,1943,features_cache/70186.pt
WLASL/videos/62913.mp4,west,1943,features_cache/62913.pt
WLASL/videos/62915.mp4,west,1943,features_cache/62915.pt
WLASL/videos/66765.mp4,west,1943,features_cache/66765.pt
WLASL/videos/62906.mp4,west,1943,features_cache/62906.pt
WLASL/videos/67055.mp4,west,1943,features_cache/67055.pt
WLASL/videos/62907.mp4,west,1943,features_cache/62907.pt
WLASL/videos/62911.mp4,west,1943,features_cache/62911.pt
WLASL/videos/62912.mp4,west,1943,features_cache/62912.pt
WLASL/videos/62921.mp4,wet,1944,features_cache/62921.pt
WLASL/videos/69529.mp4,wet,1944,features_cache/69529.pt
WLASL/videos/62928.mp4,wet,1944,features_cache/62928.pt
WLASL/videos/62930.mp4,wet,1944,features_cache/62930.pt
WLASL/videos/66767.mp4,wet,1944,features_cache/66767.pt
WLASL/videos/66766.mp4,wet,1944,features_cache/66766.pt
WLASL/videos/67056.mp4,wet,1944,features_cache/67056.pt
WLASL/videos/62922.mp4,wet,1944,features_cache/62922.pt
WLASL/videos/62926.mp4,wet,1944,features_cache/62926.pt
WLASL/videos/62927.mp4,wet,1944,features_cache/62927.pt
WLASL/videos/63062.mp4,when,1949,features_cache/63062.pt
WLASL/videos/69532.mp4,when,1949,features_cache/69532.pt
WLASL/videos/68372.mp4,when,1949,features_cache/68372.pt
WLASL/videos/63072.mp4,when,1949,features_cache/63072.pt
WLASL/videos/63075.mp4,when,1949,features_cache/63075.pt
WLASL/videos/66773.mp4,when,1949,features_cache/66773.pt
WLASL/videos/63066.mp4,when,1949,features_cache/63066.pt
WLASL/videos/67064.mp4,when,1949,features_cache/67064.pt
WLASL/videos/63069.mp4,when,1949,features_cache/63069.pt
WLASL/videos/63070.mp4,when,1949,features_cache/63070.pt
WLASL/videos/63102.mp4,which,1951,features_cache/63102.pt
WLASL/videos/68382.mp4,which,1951,features_cache/68382.pt
WLASL/videos/63111.mp4,which,1951,features_cache/63111.pt
WLASL/videos/63113.mp4,which,1951,features_cache/63113.pt
WLASL/videos/66775.mp4,which,1951,features_cache/66775.pt
WLASL/videos/63104.mp4,which,1951,features_cache/63104.pt
WLASL/videos/67062.mp4,which,1951,features_cache/67062.pt
WLASL/videos/63105.mp4,which,1951,features_cache/63105.pt
WLASL/videos/63109.mp4,which,1951,features_cache/63109.pt
WLASL/videos/63110.mp4,which,1951,features_cache/63110.pt
WLASL/videos/66789.mp4,win,1961,features_cache/66789.pt
WLASL/videos/68185.mp4,win,1961,features_cache/68185.pt
WLASL/videos/63475.mp4,win,1961,features_cache/63475.pt
WLASL/videos/63477.mp4,win,1961,features_cache/63477.pt
WLASL/videos/63468.mp4,win,1961,features_cache/63468.pt
WLASL/videos/67072.mp4,win,1961,features_cache/67072.pt
WLASL/videos/63478.mp4,win,1961,features_cache/63478.pt
WLASL/videos/63469.mp4,win,1961,features_cache/63469.pt
WLASL/videos/63473.mp4,win,1961,features_cache/63473.pt
WLASL/videos/63474.mp4,win,1961,features_cache/63474.pt
WLASL/videos/63750.mp4,word,1976,features_cache/63750.pt
WLASL/videos/63758.mp4,word,1976,features_cache/63758.pt
WLASL/videos/63759.mp4,word,1976,features_cache/63759.pt
WLASL/videos/63761.mp4,word,1976,features_cache/63761.pt
WLASL/videos/66803.mp4,word,1976,features_cache/66803.pt
WLASL/videos/63752.mp4,word,1976,features_cache/63752.pt
WLASL/videos/63762.mp4,word,1976,features_cache/63762.pt
WLASL/videos/63763.mp4,word,1976,features_cache/63763.pt
WLASL/videos/63756.mp4,word,1976,features_cache/63756.pt
WLASL/videos/63757.mp4,word,1976,features_cache/63757.pt
WLASL/videos/70279.mp4,afternoon,33,features_cache/70279.pt
WLASL/videos/68422.mp4,afternoon,33,features_cache/68422.pt
WLASL/videos/01441.mp4,afternoon,33,features_cache/01441.pt
WLASL/videos/01442.mp4,afternoon,33,features_cache/01442.pt
WLASL/videos/65031.mp4,afternoon,33,features_cache/65031.pt
WLASL/videos/01433.mp4,afternoon,33,features_cache/01433.pt
WLASL/videos/01434.mp4,afternoon,33,features_cache/01434.pt
WLASL/videos/01435.mp4,afternoon,33,features_cache/01435.pt
WLASL/videos/01437.mp4,afternoon,33,features_cache/01437.pt
WLASL/videos/01491.mp4,age,36,features_cache/01491.pt
WLASL/videos/01493.mp4,age,36,features_cache/01493.pt
WLASL/videos/01494.mp4,age,36,features_cache/01494.pt
WLASL/videos/65034.mp4,age,36,features_cache/65034.pt
WLASL/videos/01485.mp4,age,36,features_cache/01485.pt
WLASL/videos/67352.mp4,age,36,features_cache/67352.pt
WLASL/videos/01495.mp4,age,36,features_cache/01495.pt
WLASL/videos/01486.mp4,age,36,features_cache/01486.pt
WLASL/videos/01488.mp4,age,36,features_cache/01488.pt
WLASL/videos/02109.mp4,alone,54,features_cache/02109.pt
WLASL/videos/02110.mp4,alone,54,features_cache/02110.pt
WLASL/videos/02111.mp4,alone,54,features_cache/02111.pt
WLASL/videos/65057.mp4,alone,54,features_cache/65057.pt
WLASL/videos/67357.mp4,alone,54,features_cache/67357.pt
WLASL/videos/02112.mp4,alone,54,features_cache/02112.pt
WLASL/videos/02103.mp4,alone,54,features_cache/02103.pt
WLASL/videos/02104.mp4,alone,54,features_cache/02104.pt
WLASL/videos/02106.mp4,alone,54,features_cache/02106.pt
WLASL/videos/70155.mp4,appointment,82,features_cache/70155.pt
WLASL/videos/03062.mp4,appointment,82,features_cache/03062.pt
WLASL/videos/03063.mp4,appointment,82,features_cache/03063.pt
WLASL/videos/65087.mp4,appointment,82,features_cache/65087.pt
WLASL/videos/03055.mp4,appointment,82,features_cache/03055.pt
WLASL/videos/67368.mp4,appointment,82,features_cache/67368.pt
WLASL/videos/03056.mp4,appointment,82,features_cache/03056.pt
WLASL/videos/03057.mp4,appointment,82,features_cache/03057.pt
WLASL/videos/03059.mp4,appointment,82,features_cache/03059.pt
WLASL/videos/04186.mp4,australia,118,features_cache/04186.pt
WLASL/videos/04187.mp4,australia,118,features_cache/04187.pt
WLASL/videos/04188.mp4,australia,118,features_cache/04188.pt
WLASL/videos/04189.mp4,australia,118,features_cache/04189.pt
WLASL/videos/04190.mp4,australia,118,features_cache/04190.pt
WLASL/videos/04191.mp4,australia,118,features_cache/04191.pt
WLASL/videos/65111.mp4,australia,118,features_cache/65111.pt
WLASL/videos/04193.mp4,australia,118,features_cache/04193.pt
WLASL/videos/04196.mp4,australia,118,features_cache/04196.pt
WLASL/videos/04350.mp4,avoid,125,features_cache/04350.pt
WLASL/videos/04351.mp4,avoid,125,features_cache/04351.pt
WLASL/videos/04352.mp4,avoid,125,features_cache/04352.pt
WLASL/videos/65114.mp4,avoid,125,features_cache/65114.pt
WLASL/videos/65115.mp4,avoid,125,features_cache/65115.pt
WLASL/videos/04343.mp4,avoid,125,features_cache/04343.pt
WLASL/videos/04344.mp4,avoid,125,features_cache/04344.pt
WLASL/videos/04345.mp4,avoid,125,features_cache/04345.pt
WLASL/videos/04347.mp4,avoid,125,features_cache/04347.pt
WLASL/videos/04873.mp4,balloon,144,features_cache/04873.pt
WLASL/videos/04874.mp4,balloon,144,features_cache/04874.pt
WLASL/videos/04875.mp4,balloon,144,features_cache/04875.pt
WLASL/videos/65132.mp4,balloon,144,features_cache/65132.pt
WLASL/videos/65133.mp4,balloon,144,features_cache/65133.pt
WLASL/videos/67386.mp4,balloon,144,features_cache/67386.pt
WLASL/videos/04867.mp4,balloon,144,features_cache/04867.pt
WLASL/videos/04868.mp4,balloon,144,features_cache/04868.pt
WLASL/videos/04870.mp4,balloon,144,features_cache/04870.pt
WLASL/videos/70041.mp4,basement,152,features_cache/70041.pt
WLASL/videos/05200.mp4,basement,152,features_cache/05200.pt
WLASL/videos/05201.mp4,basement,152,features_cache/05201.pt
WLASL/videos/05202.mp4,basement,152,features_cache/05202.pt
WLASL/videos/65142.mp4,basement,152,features_cache/65142.pt
WLASL/videos/67391.mp4,basement,152,features_cache/67391.pt
WLASL/videos/05204.mp4,basement,152,features_cache/05204.pt
WLASL/videos/05194.mp4,basement,152,features_cache/05194.pt
WLASL/videos/05196.mp4,basement,152,features_cache/05196.pt
WLASL/videos/65155.mp4,bear,159,features_cache/65155.pt
WLASL/videos/05486.mp4,bear,159,features_cache/05486.pt
WLASL/videos/05487.mp4,bear,159,features_cache/05487.pt
WLASL/videos/05488.mp4,bear,159,features_cache/05488.pt
WLASL/videos/05489.mp4,bear,159,features_cache/05489.pt
WLASL/videos/05484.mp4,bear,159,features_cache/05484.pt
WLASL/videos/67396.mp4,bear,159,features_cache/67396.pt
WLASL/videos/05494.mp4,bear,159,features_cache/05494.pt
WLASL/videos/05496.mp4,bear,159,features_cache/05496.pt
WLASL/videos/05859.mp4,believe,174,features_cache/05859.pt
WLASL/videos/05860.mp4,believe,174,features_cache/05860.pt
WLASL/videos/05861.mp4,believe,174,features_cache/05861.pt
WLASL/videos/65171.mp4,believe,174,features_cache/65171.pt
WLASL/videos/65170.mp4,believe,174,features_cache/65170.pt
WLASL/videos/67405.mp4,believe,174,features_cache/67405.pt
WLASL/videos/05853.mp4,believe,174,features_cache/05853.pt
WLASL/videos/05854.mp4,believe,174,features_cache/05854.pt
WLASL/videos/05856.mp4,believe,174,features_cache/05856.pt
WLASL/videos/70328.mp4,better,183,features_cache/70328.pt
WLASL/videos/06074.mp4,better,183,features_cache/06074.pt
WLASL/videos/06075.mp4,better,183,features_cache/06075.pt
WLASL/videos/65179.mp4,better,183,features_cache/65179.pt
WLASL/videos/06066.mp4,better,183,features_cache/06066.pt
WLASL/videos/06067.mp4,better,183,features_cache/06067.pt
WLASL/videos/06068.mp4,better,183,features_cache/06068.pt
WLASL/videos/06069.mp4,better,183,features_cache/06069.pt
WLASL/videos/06071.mp4,better,183,features_cache/06071.pt
WLASL/videos/06656.mp4,blind,201,features_cache/06656.pt
WLASL/videos/06657.mp4,blind,201,features_cache/06657.pt
WLASL/videos/06658.mp4,blind,201,features_cache/06658.pt
WLASL/videos/65209.mp4,blind,201,features_cache/65209.pt
WLASL/videos/06649.mp4,blind,201,features_cache/06649.pt
WLASL/videos/67416.mp4,blind,201,features_cache/67416.pt
WLASL/videos/06650.mp4,blind,201,features_cache/06650.pt
WLASL/videos/06651.mp4,blind,201,features_cache/06651.pt
WLASL/videos/06653.mp4,blind,201,features_cache/06653.pt
WLASL/videos/07196.mp4,bored,214,features_cache/07196.pt
WLASL/videos/07197.mp4,bored,214,features_cache/07197.pt
WLASL/videos/07198.mp4,bored,214,features_cache/07198.pt
WLASL/videos/07199.mp4,bored,214,features_cache/07199.pt
WLASL/videos/07200.mp4,bored,214,features_cache/07200.pt
WLASL/videos/07191.mp4,bored,214,features_cache/07191.pt
WLASL/videos/67427.mp4,bored,214,features_cache/67427.pt
WLASL/videos/07201.mp4,bored,214,features_cache/07201.pt
WLASL/videos/07203.mp4,bored,214,features_cache/07203.pt
WLASL/videos/70318.mp4,bowl,221,features_cache/70318.pt
WLASL/videos/07379.mp4,bowl,221,features_cache/07379.pt
WLASL/videos/07380.mp4,bowl,221,features_cache/07380.pt
WLASL/videos/65240.mp4,bowl,221,features_cache/65240.pt
WLASL/videos/07371.mp4,bowl,221,features_cache/07371.pt
WLASL/videos/67430.mp4,bowl,221,features_cache/67430.pt
WLASL/videos/07381.mp4,bowl,221,features_cache/07381.pt
WLASL/videos/07382.mp4,bowl,221,features_cache/07382.pt
WLASL/videos/07373.mp4,bowl,221,features_cache/07373.pt
WLASL/videos/69244.mp4,box,223,features_cache/69244.pt
WLASL/videos/70238.mp4,box,223,features_cache/70238.pt
WLASL/videos/07424.mp4,box,223,features_cache/07424.pt
WLASL/videos/65244.mp4,box,223,features_cache/65244.pt
WLASL/videos/07417.mp4,box,223,features_cache/07417.pt
WLASL/videos/67434.mp4,box,223,features_cache/67434.pt
WLASL/videos/07418.mp4,box,223,features_cache/07418.pt
WLASL/videos/07419.mp4,box,223,features_cache/07419.pt
WLASL/videos/07421.mp4,box,223,features_cache/07421.pt
WLASL/videos/07476.mp4,bracelet,228,features_cache/07476.pt
WLASL/videos/07477.mp4,bracelet,228,features_cache/07477.pt
WLASL/videos/07478.mp4,bracelet,228,features_cache/07478.pt
WLASL/videos/65247.mp4,bracelet,228,features_cache/65247.pt
WLASL/videos/67436.mp4,bracelet,228,features_cache/67436.pt
WLASL/videos/07479.mp4,bracelet,228,features_cache/07479.pt
WLASL/videos/07470.mp4,bracelet,228,features_cache/07470.pt
WLASL/videos/07471.mp4,bracelet,228,features_cache/07471.pt
WLASL/videos/07473.mp4,bracelet,228,features_cache/07473.pt
WLASL/videos/70063.mp4,bread,233,features_cache/70063.pt
WLASL/videos/07603.mp4,bread,233,features_cache/07603.pt
WLASL/videos/07604.mp4,bread,233,features_cache/07604.pt
WLASL/videos/07595.mp4,bread,233,features_cache/07595.pt
WLASL/videos/67439.mp4,bread,233,features_cache/67439.pt
WLASL/videos/07596.mp4,bread,233,features_cache/07596.pt
WLASL/videos/07597.mp4,bread,233,features_cache/07597.pt
WLASL/videos/07598.mp4,bread,233,features_cache/07598.pt
WLASL/videos/07600.mp4,bread,233,features_cache/07600.pt
WLASL/videos/70228.mp4,cafeteria,268,features_cache/70228.pt
WLASL/videos/69064.mp4,cafeteria,268,features_cache/69064.pt
WLASL/videos/08595.mp4,cafeteria,268,features_cache/08595.pt
WLASL/videos/65284.mp4,cafeteria,268,features_cache/65284.pt
WLASL/videos/67458.mp4,cafeteria,268,features_cache/67458.pt
WLASL/videos/08587.mp4,cafeteria,268,features_cache/08587.pt
WLASL/videos/08588.mp4,cafeteria,268,features_cache/08588.pt
WLASL/videos/08589.mp4,cafeteria,268,features_cache/08589.pt
WLASL/videos/08591.mp4,cafeteria,268,features_cache/08591.pt
WLASL/videos/09234.mp4,car,290,features_cache/09234.pt
WLASL/videos/70268.mp4,car,290,features_cache/70268.pt
WLASL/videos/69078.mp4,car,290,features_cache/69078.pt
WLASL/videos/09237.mp4,car,290,features_cache/09237.pt
WLASL/videos/09238.mp4,car,290,features_cache/09238.pt
WLASL/videos/09240.mp4,car,290,features_cache/09240.pt
WLASL/videos/67473.mp4,car,290,features_cache/67473.pt
WLASL/videos/09244.mp4,car,290,features_cache/09244.pt
WLASL/videos/09246.mp4,car,290,features_cache/09246.pt
WLASL/videos/70060.mp4,chicken,331,features_cache/70060.pt
WLASL/videos/10399.mp4,chicken,331,features_cache/10399.pt
WLASL/videos/10400.mp4,chicken,331,features_cache/10400.pt
WLASL/videos/10405.mp4,chicken,331,features_cache/10405.pt
WLASL/videos/10406.mp4,chicken,331,features_cache/10406.pt
WLASL/videos/65349.mp4,chicken,331,features_cache/65349.pt
WLASL/videos/10397.mp4,chicken,331,features_cache/10397.pt
WLASL/videos/10407.mp4,chicken,331,features_cache/10407.pt
WLASL/videos/10410.mp4,chicken,331,features_cache/10410.pt
WLASL/videos/10450.mp4,child,332,features_cache/10450.pt
WLASL/videos/10451.mp4,child,332,features_cache/10451.pt
WLASL/videos/10452.mp4,child,332,features_cache/10452.pt
WLASL/videos/65351.mp4,child,332,features_cache/65351.pt
WLASL/videos/10443.mp4,child,332,features_cache/10443.pt
WLASL/videos/10453.mp4,child,332,features_cache/10453.pt
WLASL/videos/10444.mp4,child,332,features_cache/10444.pt
WLASL/videos/10445.mp4,child,332,features_cache/10445.pt
WLASL/videos/10447.mp4,child,332,features_cache/10447.pt
WLASL/videos/10628.mp4,choose,339,features_cache/10628.pt
WLASL/videos/10630.mp4,choose,339,features_cache/10630.pt
WLASL/videos/10631.mp4,choose,339,features_cache/10631.pt
WLASL/videos/10632.mp4,choose,339,features_cache/10632.pt
WLASL/videos/10634.mp4,choose,339,features_cache/10634.pt
WLASL/videos/10635.mp4,choose,339,features_cache/10635.pt
WLASL/videos/10636.mp4,choose,339,features_cache/10636.pt
WLASL/videos/10637.mp4,choose,339,features_cache/10637.pt
WLASL/videos/10640.mp4,choose,339,features_cache/10640.pt
WLASL/videos/68658.mp4,church,344,features_cache/68658.pt
WLASL/videos/10776.mp4,church,344,features_cache/10776.pt
WLASL/videos/10777.mp4,church,344,features_cache/10777.pt
WLASL/videos/65358.mp4,church,344,features_cache/65358.pt
WLASL/videos/67499.mp4,church,344,features_cache/67499.pt
WLASL/videos/10769.mp4,church,344,features_cache/10769.pt
WLASL/videos/10770.mp4,church,344,features_cache/10770.pt
WLASL/videos/10771.mp4,church,344,features_cache/10771.pt
WLASL/videos/10773.mp4,church,344,features_cache/10773.pt
WLASL/videos/69280.mp4,cookie,417,features_cache/69280.pt
WLASL/videos/13179.mp4,cookie,417,features_cache/13179.pt
WLASL/videos/13180.mp4,cookie,417,features_cache/13180.pt
WLASL/videos/13181.mp4,cookie,417,features_cache/13181.pt
WLASL/videos/13172.mp4,cookie,417,features_cache/13172.pt
WLASL/videos/67526.mp4,cookie,417,features_cache/67526.pt
WLASL/videos/13182.mp4,cookie,417,features_cache/13182.pt
WLASL/videos/13173.mp4,cookie,417,features_cache/13173.pt
WLASL/videos/13175.mp4,cookie,417,features_cache/13175.pt
WLASL/videos/14294.mp4,cup,450,features_cache/14294.pt
WLASL/videos/14295.mp4,cup,450,features_cache/14295.pt
WLASL/videos/14296.mp4,cup,450,features_cache/14296.pt
WLASL/videos/14287.mp4,cup,450,features_cache/14287.pt
WLASL/videos/67546.mp4,cup,450,features_cache/67546.pt
WLASL/videos/14297.mp4,cup,450,features_cache/14297.pt
WLASL/videos/14298.mp4,cup,450,features_cache/14298.pt
WLASL/videos/14288.mp4,cup,450,features_cache/14288.pt
WLASL/videos/14290.mp4,cup,450,features_cache/14290.pt
WLASL/videos/14467.mp4,cut,456,features_cache/14467.pt
WLASL/videos/14471.mp4,cut,456,features_cache/14471.pt
WLASL/videos/14472.mp4,cut,456,features_cache/14472.pt
WLASL/videos/14474.mp4,cut,456,features_cache/14474.pt
WLASL/videos/14478.mp4,cut,456,features_cache/14478.pt
WLASL/videos/14479.mp4,cut,456,features_cache/14479.pt
WLASL/videos/14482.mp4,cut,456,features_cache/14482.pt
WLASL/videos/14484.mp4,cut,456,features_cache/14484.pt
WLASL/videos/15099.mp4,decorate,478,features_cache/15099.pt
WLASL/videos/15102.mp4,decorate,478,features_cache/15102.pt
WLASL/videos/15103.mp4,decorate,478,features_cache/15103.pt
WLASL/videos/15093.mp4,decorate,478,features_cache/15093.pt
WLASL/videos/15094.mp4,decorate,478,features_cache/15094.pt
WLASL/videos/15095.mp4,decorate,478,features_cache/15095.pt
WLASL/videos/15097.mp4,decorate,478,features_cache/15097.pt
WLASL/videos/15098.mp4,decorate,478,features_cache/15098.pt
WLASL/videos/15164.mp4,deep,481,features_cache/15164.pt
WLASL/videos/15165.mp4,deep,481,features_cache/15165.pt
WLASL/videos/15166.mp4,deep,481,features_cache/15166.pt
WLASL/videos/65453.mp4,deep,481,features_cache/65453.pt
WLASL/videos/15157.mp4,deep,481,features_cache/15157.pt
WLASL/videos/67557.mp4,deep,481,features_cache/67557.pt
WLASL/videos/15158.mp4,deep,481,features_cache/15158.pt
WLASL/videos/15159.mp4,deep,481,features_cache/15159.pt
WLASL/videos/15161.mp4,deep,481,features_cache/15161.pt
WLASL/videos/69292.mp4,deer,482,features_cache/69292.pt
WLASL/videos/15179.mp4,deer,482,features_cache/15179.pt
WLASL/videos/15180.mp4,deer,482,features_cache/15180.pt
WLASL/videos/15171.mp4,deer,482,features_cache/15171.pt
WLASL/videos/67558.mp4,deer,482,features_cache/67558.pt
WLASL/videos/15172.mp4,deer,482,features_cache/15172.pt
WLASL/videos/15173.mp4,deer,482,features_cache/15173.pt
WLASL/videos/15174.mp4,deer,482,features_cache/15174.pt
WLASL/videos/15176.mp4,deer,482,features_cache/15176.pt
WLASL/videos/15535.mp4,dentist,492,features_cache/15535.pt
WLASL/videos/65460.mp4,dentist,492,features_cache/65460.pt
WLASL/videos/67561.mp4,dentist,492,features_cache/67561.pt
WLASL/videos/15528.mp4,dentist,492,features_cache/15528.pt
WLASL/videos/15529.mp4,dentist,492,features_cache/15529.pt
WLASL/videos/15530.mp4,dentist,492,features_cache/15530.pt
WLASL/videos/15532.mp4,dentist,492,features_cache/15532.pt
WLASL/videos/15533.mp4,dentist,492,features_cache/15533.pt
WLASL/videos/69296.mp4,dirty,528,features_cache/69296.pt
WLASL/videos/16411.mp4,dirty,528,features_cache/16411.pt
WLASL/videos/16412.mp4,dirty,528,features_cache/16412.pt
WLASL/videos/65485.mp4,dirty,528,features_cache/65485.pt
WLASL/videos/16404.mp4,dirty,528,features_cache/16404.pt
WLASL/videos/67572.mp4,dirty,528,features_cache/67572.pt
WLASL/videos/16405.mp4,dirty,528,features_cache/16405.pt
WLASL/videos/16406.mp4,dirty,528,features_cache/16406.pt
WLASL/videos/16408.mp4,dirty,528,features_cache/16408.pt
WLASL/videos/16897.mp4,dive,541,features_cache/16897.pt
WLASL/videos/16898.mp4,dive,541,features_cache/16898.pt
WLASL/videos/65495.mp4,dive,541,features_cache/65495.pt
WLASL/videos/67576.mp4,dive,541,features_cache/67576.pt
WLASL/videos/16892.mp4,dive,541,features_cache/16892.pt
WLASL/videos/16893.mp4,dive,541,features_cache/16893.pt
WLASL/videos/16894.mp4,dive,541,features_cache/16894.pt
WLASL/videos/16895.mp4,dive,541,features_cache/16895.pt
WLASL/videos/69301.mp4,down,559,features_cache/69301.pt
WLASL/videos/70045.mp4,down,559,features_cache/70045.pt
WLASL/videos/17436.mp4,down,559,features_cache/17436.pt
WLASL/videos/65526.mp4,down,559,features_cache/65526.pt
WLASL/videos/17428.mp4,down,559,features_cache/17428.pt
WLASL/videos/17429.mp4,down,559,features_cache/17429.pt
WLASL/videos/17430.mp4,down,559,features_cache/17430.pt
WLASL/videos/17431.mp4,down,559,features_cache/17431.pt
WLASL/videos/17433.mp4,down,559,features_cache/17433.pt
WLASL/videos/69304.mp4,dry,574,features_cache/69304.pt
WLASL/videos/17938.mp4,dry,574,features_cache/17938.pt
WLASL/videos/17939.mp4,dry,574,features_cache/17939.pt
WLASL/videos/65549.mp4,dry,574,features_cache/65549.pt
WLASL/videos/17930.mp4,dry,574,features_cache/17930.pt
WLASL/videos/17931.mp4,dry,574,features_cache/17931.pt
WLASL/videos/17932.mp4,dry,574,features_cache/17932.pt
WLASL/videos/17933.mp4,dry,574,features_cache/17933.pt
WLASL/videos/17935.mp4,dry,574,features_cache/17935.pt
WLASL/videos/69306.mp4,ear,587,features_cache/69306.pt
WLASL/videos/18160.mp4,ear,587,features_cache/18160.pt
WLASL/videos/18161.mp4,ear,587,features_cache/18161.pt
WLASL/videos/65591.mp4,ear,587,features_cache/65591.pt
WLASL/videos/65590.mp4,ear,587,features_cache/65590.pt
WLASL/videos/18154.mp4,ear,587,features_cache/18154.pt
WLASL/videos/67603.mp4,ear,587,features_cache/67603.pt
WLASL/videos/18155.mp4,ear,587,features_cache/18155.pt
WLASL/videos/18157.mp4,ear,587,features_cache/18157.pt
WLASL/videos/18202.mp4,earn,589,features_cache/18202.pt
WLASL/videos/18203.mp4,earn,589,features_cache/18203.pt
WLASL/videos/18204.mp4,earn,589,features_cache/18204.pt
WLASL/videos/65594.mp4,earn,589,features_cache/65594.pt
WLASL/videos/18195.mp4,earn,589,features_cache/18195.pt
WLASL/videos/67604.mp4,earn,589,features_cache/67604.pt
WLASL/videos/18196.mp4,earn,589,features_cache/18196.pt
WLASL/videos/18197.mp4,earn,589,features_cache/18197.pt
WLASL/videos/18199.mp4,earn,589,features_cache/18199.pt
WLASL/videos/18226.mp4,earring,590,features_cache/18226.pt
WLASL/videos/18227.mp4,earring,590,features_cache/18227.pt
WLASL/videos/65595.mp4,earring,590,features_cache/65595.pt
WLASL/videos/18228.mp4,earring,590,features_cache/18228.pt
WLASL/videos/18221.mp4,earring,590,features_cache/18221.pt
WLASL/videos/18222.mp4,earring,590,features_cache/18222.pt
WLASL/videos/18223.mp4,earring,590,features_cache/18223.pt
WLASL/videos/18224.mp4,earring,590,features_cache/18224.pt
WLASL/videos/18776.mp4,elephant,609,features_cache/18776.pt
WLASL/videos/18777.mp4,elephant,609,features_cache/18777.pt
WLASL/videos/18778.mp4,elephant,609,features_cache/18778.pt
WLASL/videos/65620.mp4,elephant,609,features_cache/65620.pt
WLASL/videos/67617.mp4,elephant,609,features_cache/67617.pt
WLASL/videos/18779.mp4,elephant,609,features_cache/18779.pt
WLASL/videos/18770.mp4,elephant,609,features_cache/18770.pt
WLASL/videos/18771.mp4,elephant,609,features_cache/18771.pt
WLASL/videos/18773.mp4,elephant,609,features_cache/18773.pt
WLASL/videos/68512.mp4,english,625,features_cache/68512.pt
WLASL/videos/68045.mp4,english,625,features_cache/68045.pt
WLASL/videos/19239.mp4,english,625,features_cache/19239.pt
WLASL/videos/65634.mp4,english,625,features_cache/65634.pt
WLASL/videos/19232.mp4,english,625,features_cache/19232.pt
WLASL/videos/67625.mp4,english,625,features_cache/67625.pt
WLASL/videos/19233.mp4,english,625,features_cache/19233.pt
WLASL/videos/19234.mp4,english,625,features_cache/19234.pt
WLASL/videos/19236.mp4,english,625,features_cache/19236.pt
WLASL/videos/19563.mp4,escape,635,features_cache/19563.pt
WLASL/videos/19564.mp4,escape,635,features_cache/19564.pt
WLASL/videos/19565.mp4,escape,635,features_cache/19565.pt
WLASL/videos/65644.mp4,escape,635,features_cache/65644.pt
WLASL/videos/19566.mp4,escape,635,features_cache/19566.pt
WLASL/videos/19567.mp4,escape,635,features_cache/19567.pt
WLASL/videos/19557.mp4,escape,635,features_cache/19557.pt
WLASL/videos/19558.mp4,escape,635,features_cache/19558.pt
WLASL/videos/19560.mp4,escape,635,features_cache/19560.pt
WLASL/videos/20369.mp4,expensive,659,features_cache/20369.pt
WLASL/videos/20370.mp4,expensive,659,features_cache/20370.pt
WLASL/videos/20371.mp4,expensive,659,features_cache/20371.pt
WLASL/videos/67634.mp4,expensive,659,features_cache/67634.pt
WLASL/videos/20372.mp4,expensive,659,features_cache/20372.pt
WLASL/videos/20373.mp4,expensive,659,features_cache/20373.pt
WLASL/videos/20363.mp4,expensive,659,features_cache/20363.pt
WLASL/videos/20364.mp4,expensive,659,features_cache/20364.pt
WLASL/videos/20366.mp4,expensive,659,features_cache/20366.pt
WLASL/videos/70218.mp4,explain,663,features_cache/70218.pt
WLASL/videos/20442.mp4,explain,663,features_cache/20442.pt
WLASL/videos/20443.mp4,explain,663,features_cache/20443.pt
WLASL/videos/20444.mp4,explain,663,features_cache/20444.pt
WLASL/videos/20445.mp4,explain,663,features_cache/20445.pt
WLASL/videos/20435.mp4,explain,663,features_cache/20435.pt
WLASL/videos/20436.mp4,explain,663,features_cache/20436.pt
WLASL/videos/20437.mp4,explain,663,features_cache/20437.pt
WLASL/videos/20439.mp4,explain,663,features_cache/20439.pt
WLASL/videos/21184.mp4,fast,684,features_cache/21184.pt
WLASL/videos/21186.mp4,fast,684,features_cache/21186.pt
WLASL/videos/21168.mp4,fast,684,features_cache/21168.pt
WLASL/videos/21187.mp4,fast,684,features_cache/21187.pt
WLASL/videos/21169.mp4,fast,684,features_cache/21169.pt
WLASL/videos/21172.mp4,fast,684,features_cache/21172.pt
WLASL/videos/65690.mp4,fast,684,features_cache/65690.pt
WLASL/videos/21175.mp4,fast,684,features_cache/21175.pt
WLASL/videos/67645.mp4,fast,684,features_cache/67645.pt
WLASL/videos/21709.mp4,fight,698,features_cache/21709.pt
WLASL/videos/21710.mp4,fight,698,features_cache/21710.pt
WLASL/videos/21695.mp4,fight,698,features_cache/21695.pt
WLASL/videos/21697.mp4,fight,698,features_cache/21697.pt
WLASL/videos/21699.mp4,fight,698,features_cache/21699.pt
WLASL/videos/65711.mp4,fight,698,features_cache/65711.pt
WLASL/videos/21694.mp4,fight,698,features_cache/21694.pt
WLASL/videos/67655.mp4,fight,698,features_cache/67655.pt
WLASL/videos/21706.mp4,fight,698,features_cache/21706.pt
WLASL/videos/68896.mp4,find,702,features_cache/68896.pt
WLASL/videos/70134.mp4,find,702,features_cache/70134.pt
WLASL/videos/21858.mp4,find,702,features_cache/21858.pt
WLASL/videos/21859.mp4,find,702,features_cache/21859.pt
WLASL/videos/21860.mp4,find,702,features_cache/21860.pt
WLASL/videos/67658.mp4,find,702,features_cache/67658.pt
WLASL/videos/21863.mp4,find,702,features_cache/21863.pt
WLASL/videos/21852.mp4,find,702,features_cache/21852.pt
WLASL/videos/21854.mp4,find,702,features_cache/21854.pt
WLASL/videos/22138.mp4,fishing,710,features_cache/22138.pt
WLASL/videos/22139.mp4,fishing,710,features_cache/22139.pt
WLASL/videos/22140.mp4,fishing,710,features_cache/22140.pt
WLASL/videos/65732.mp4,fishing,710,features_cache/65732.pt
WLASL/videos/67668.mp4,fishing,710,features_cache/67668.pt
WLASL/videos/22141.mp4,fishing,710,features_cache/22141.pt
WLASL/videos/22132.mp4,fishing,710,features_cache/22132.pt
WLASL/videos/22133.mp4,fishing,710,features_cache/22133.pt
WLASL/videos/22135.mp4,fishing,710,features_cache/22135.pt
WLASL/videos/68792.mp4,floor,718,features_cache/68792.pt
WLASL/videos/70043.mp4,floor,718,features_cache/70043.pt
WLASL/videos/22498.mp4,floor,718,features_cache/22498.pt
WLASL/videos/22499.mp4,floor,718,features_cache/22499.pt
WLASL/videos/22500.mp4,floor,718,features_cache/22500.pt
WLASL/videos/67671.mp4,floor,718,features_cache/67671.pt
WLASL/videos/22501.mp4,floor,718,features_cache/22501.pt
WLASL/videos/22502.mp4,floor,718,features_cache/22502.pt
WLASL/videos/22493.mp4,floor,718,features_cache/22493.pt
WLASL/videos/22643.mp4,fly,722,features_cache/22643.pt
WLASL/videos/22645.mp4,fly,722,features_cache/22645.pt
WLASL/videos/22646.mp4,fly,722,features_cache/22646.pt
WLASL/videos/22627.mp4,fly,722,features_cache/22627.pt
WLASL/videos/67674.mp4,fly,722,features_cache/67674.pt
WLASL/videos/22635.mp4,fly,722,features_cache/22635.pt
WLASL/videos/22636.mp4,fly,722,features_cache/22636.pt
WLASL/videos/22640.mp4,fly,722,features_cache/22640.pt
WLASL/videos/70203.mp4,follow,724,features_cache/70203.pt
WLASL/videos/22722.mp4,follow,724,features_cache/22722.pt
WLASL/videos/22723.mp4,follow,724,features_cache/22723.pt
WLASL/videos/65752.mp4,follow,724,features_cache/65752.pt
WLASL/videos/65751.mp4,follow,724,features_cache/65751.pt
WLASL/videos/22715.mp4,follow,724,features_cache/22715.pt
WLASL/videos/22716.mp4,follow,724,features_cache/22716.pt
WLASL/videos/22717.mp4,follow,724,features_cache/22717.pt
WLASL/videos/22719.mp4,follow,724,features_cache/22719.pt
WLASL/videos/69337.mp4,from,750,features_cache/69337.pt
WLASL/videos/70020.mp4,from,750,features_cache/70020.pt
WLASL/videos/23645.mp4,from,750,features_cache/23645.pt
WLASL/videos/65785.mp4,from,750,features_cache/65785.pt
WLASL/videos/67694.mp4,from,750,features_cache/67694.pt
WLASL/videos/23638.mp4,from,750,features_cache/23638.pt
WLASL/videos/23639.mp4,from,750,features_cache/23639.pt
WLASL/videos/23640.mp4,from,750,features_cache/23640.pt
WLASL/videos/23642.mp4,from,750,features_cache/23642.pt
WLASL/videos/69341.mp4,get,777,features_cache/69341.pt
WLASL/videos/70055.mp4,get,777,features_cache/70055.pt
WLASL/videos/24445.mp4,get,777,features_cache/24445.pt
WLASL/videos/24447.mp4,get,777,features_cache/24447.pt
WLASL/videos/65808.mp4,get,777,features_cache/65808.pt
WLASL/videos/24438.mp4,get,777,features_cache/24438.pt
WLASL/videos/67707.mp4,get,777,features_cache/67707.pt
WLASL/videos/24439.mp4,get,777,features_cache/24439.pt
WLASL/videos/24441.mp4,get,777,features_cache/24441.pt
WLASL/videos/70133.mp4,happen,836,features_cache/70133.pt
WLASL/videos/26502.mp4,happen,836,features_cache/26502.pt
WLASL/videos/26503.mp4,happen,836,features_cache/26503.pt
WLASL/videos/26494.mp4,happen,836,features_cache/26494.pt
WLASL/videos/67742.mp4,happen,836,features_cache/67742.pt
WLASL/videos/26495.mp4,happen,836,features_cache/26495.pt
WLASL/videos/26496.mp4,happen,836,features_cache/26496.pt
WLASL/videos/26497.mp4,happen,836,features_cache/26497.pt
WLASL/videos/26499.mp4,happen,836,features_cache/26499.pt
WLASL/videos/70017.mp4,hello,856,features_cache/70017.pt
WLASL/videos/68236.mp4,hello,856,features_cache/68236.pt
WLASL/videos/27180.mp4,hello,856,features_cache/27180.pt
WLASL/videos/67755.mp4,hello,856,features_cache/67755.pt
WLASL/videos/27181.mp4,hello,856,features_cache/27181.pt
WLASL/videos/27182.mp4,hello,856,features_cache/27182.pt
WLASL/videos/27183.mp4,hello,856,features_cache/27183.pt
WLASL/videos/27184.mp4,hello,856,features_cache/27184.pt
WLASL/videos/27173.mp4,hello,856,features_cache/27173.pt
WLASL/videos/27596.mp4,hit,870,features_cache/27596.pt
WLASL/videos/27597.mp4,hit,870,features_cache/27597.pt
WLASL/videos/27598.mp4,hit,870,features_cache/27598.pt
WLASL/videos/27599.mp4,hit,870,features_cache/27599.pt
WLASL/videos/27600.mp4,hit,870,features_cache/27600.pt
WLASL/videos/27591.mp4,hit,870,features_cache/27591.pt
WLASL/videos/27601.mp4,hit,870,features_cache/27601.pt
WLASL/videos/27604.mp4,hit,870,features_cache/27604.pt
WLASL/videos/27593.mp4,hit,870,features_cache/27593.pt
WLASL/videos/70150.mp4,hospital,882,features_cache/70150.pt
WLASL/videos/28040.mp4,hospital,882,features_cache/28040.pt
WLASL/videos/28041.mp4,hospital,882,features_cache/28041.pt
WLASL/videos/28042.mp4,hospital,882,features_cache/28042.pt
WLASL/videos/28033.mp4,hospital,882,features_cache/28033.pt
WLASL/videos/67773.mp4,hospital,882,features_cache/67773.pt
WLASL/videos/28043.mp4,hospital,882,features_cache/28043.pt
WLASL/videos/28044.mp4,hospital,882,features_cache/28044.pt
WLASL/videos/28035.mp4,hospital,882,features_cache/28035.pt
WLASL/videos/28653.mp4,idea,900,features_cache/28653.pt
WLASL/videos/28655.mp4,idea,900,features_cache/28655.pt
WLASL/videos/28656.mp4,idea,900,features_cache/28656.pt
WLASL/videos/65918.mp4,idea,900,features_cache/65918.pt
WLASL/videos/67783.mp4,idea,900,features_cache/67783.pt
WLASL/videos/28657.mp4,idea,900,features_cache/28657.pt
WLASL/videos/28658.mp4,idea,900,features_cache/28658.pt
WLASL/videos/28648.mp4,idea,900,features_cache/28648.pt
WLASL/videos/28650.mp4,idea,900,features_cache/28650.pt
WLASL/videos/69376.mp4,important,908,features_cache/69376.pt
WLASL/videos/29068.mp4,important,908,features_cache/29068.pt
WLASL/videos/65926.mp4,important,908,features_cache/65926.pt
WLASL/videos/67786.mp4,important,908,features_cache/67786.pt
WLASL/videos/29065.mp4,important,908,features_cache/29065.pt
WLASL/videos/29069.mp4,important,908,features_cache/29069.pt
WLASL/videos/29066.mp4,important,908,features_cache/29066.pt
WLASL/videos/29070.mp4,important,908,features_cache/29070.pt
WLASL/videos/29072.mp4,important,908,features_cache/29072.pt
WLASL/videos/30473.mp4,investigate,940,features_cache/30473.pt
WLASL/videos/30474.mp4,investigate,940,features_cache/30474.pt
WLASL/videos/30475.mp4,investigate,940,features_cache/30475.pt
WLASL/videos/30476.mp4,investigate,940,features_cache/30476.pt
WLASL/videos/65960.mp4,investigate,940,features_cache/65960.pt
WLASL/videos/30477.mp4,investigate,940,features_cache/30477.pt
WLASL/videos/30478.mp4,investigate,940,features_cache/30478.pt
WLASL/videos/30468.mp4,investigate,940,features_cache/30468.pt
WLASL/videos/30470.mp4,investigate,940,features_cache/30470.pt
WLASL/videos/30938.mp4,japan,953,features_cache/30938.pt
WLASL/videos/30941.mp4,japan,953,features_cache/30941.pt
WLASL/videos/30942.mp4,japan,953,features_cache/30942.pt
WLASL/videos/30944.mp4,japan,953,features_cache/30944.pt
WLASL/videos/30945.mp4,japan,953,features_cache/30945.pt
WLASL/videos/30946.mp4,japan,953,features_cache/30946.pt
WLASL/videos/30935.mp4,japan,953,features_cache/30935.pt
WLASL/videos/30936.mp4,japan,953,features_cache/30936.pt
WLASL/videos/30978.mp4,jealous,954,features_cache/30978.pt
WLASL/videos/30979.mp4,jealous,954,features_cache/30979.pt
WLASL/videos/30982.mp4,jealous,954,features_cache/30982.pt
WLASL/videos/67804.mp4,jealous,954,features_cache/67804.pt
WLASL/videos/30983.mp4,jealous,954,features_cache/30983.pt
WLASL/videos/30984.mp4,jealous,954,features_cache/30984.pt
WLASL/videos/30985.mp4,jealous,954,features_cache/30985.pt
WLASL/videos/30986.mp4,jealous,954,features_cache/30986.pt
WLASL/videos/30988.mp4,jealous,954,features_cache/30988.pt
WLASL/videos/31736.mp4,king,976,features_cache/31736.pt
WLASL/videos/31738.mp4,king,976,features_cache/31738.pt
WLASL/videos/31739.mp4,king,976,features_cache/31739.pt
WLASL/videos/65994.mp4,king,976,features_cache/65994.pt
WLASL/videos/31730.mp4,king,976,features_cache/31730.pt
WLASL/videos/67816.mp4,king,976,features_cache/67816.pt
WLASL/videos/31740.mp4,king,976,features_cache/31740.pt
WLASL/videos/31731.mp4,king,976,features_cache/31731.pt
WLASL/videos/31733.mp4,king,976,features_cache/31733.pt
WLASL/videos/31775.mp4,kitchen,978,features_cache/31775.pt
WLASL/videos/31778.mp4,kitchen,978,features_cache/31778.pt
WLASL/videos/65997.mp4,kitchen,978,features_cache/65997.pt
WLASL/videos/67818.mp4,kitchen,978,features_cache/67818.pt
WLASL/videos/31782.mp4,kitchen,978,features_cache/31782.pt
WLASL/videos/31783.mp4,kitchen,978,features_cache/31783.pt
WLASL/videos/31773.mp4,kitchen,978,features_cache/31773.pt
WLASL/videos/31774.mp4,kitchen,978,features_cache/31774.pt
WLASL/videos/32210.mp4,large,989,features_cache/32210.pt
WLASL/videos/32211.mp4,large,989,features_cache/32211.pt
WLASL/videos/32212.mp4,large,989,features_cache/32212.pt
WLASL/videos/32203.mp4,large,989,features_cache/32203.pt
WLASL/videos/32213.mp4,large,989,features_cache/32213.pt
WLASL/videos/32214.mp4,large,989,features_cache/32214.pt
WLASL/videos/32204.mp4,large,989,features_cache/32204.pt
WLASL/videos/32205.mp4,large,989,features_cache/32205.pt
WLASL/videos/32207.mp4,large,989,features_cache/32207.pt
WLASL/videos/32287.mp4,last year,992,features_cache/32287.pt
WLASL/videos/32288.mp4,last year,992,features_cache/32288.pt
WLASL/videos/32289.mp4,last year,992,features_cache/32289.pt
WLASL/videos/32290.mp4,last year,992,features_cache/32290.pt
WLASL/videos/66012.mp4,last year,992,features_cache/66012.pt
WLASL/videos/32291.mp4,last year,992,features_cache/32291.pt
WLASL/videos/32293.mp4,last year,992,features_cache/32293.pt
WLASL/videos/32282.mp4,last year,992,features_cache/32282.pt
WLASL/videos/32284.mp4,last year,992,features_cache/32284.pt
WLASL/videos/32816.mp4,lemon,1010,features_cache/32816.pt
WLASL/videos/32818.mp4,lemon,1010,features_cache/32818.pt
WLASL/videos/32819.mp4,lemon,1010,features_cache/32819.pt
WLASL/videos/32820.mp4,lemon,1010,features_cache/32820.pt
WLASL/videos/66030.mp4,lemon,1010,features_cache/66030.pt
WLASL/videos/66031.mp4,lemon,1010,features_cache/66031.pt
WLASL/videos/66032.mp4,lemon,1010,features_cache/66032.pt
WLASL/videos/66033.mp4,lemon,1010,features_cache/66033.pt
WLASL/videos/67838.mp4,lemon,1010,features_cache/67838.pt
WLASL/videos/32969.mp4,lettuce,1017,features_cache/32969.pt
WLASL/videos/32970.mp4,lettuce,1017,features_cache/32970.pt
WLASL/videos/32971.mp4,lettuce,1017,features_cache/32971.pt
WLASL/videos/66065.mp4,lettuce,1017,features_cache/66065.pt
WLASL/videos/67842.mp4,lettuce,1017,features_cache/67842.pt
WLASL/videos/32972.mp4,lettuce,1017,features_cache/32972.pt
WLASL/videos/32963.mp4,lettuce,1017,features_cache/32963.pt
WLASL/videos/32964.mp4,lettuce,1017,features_cache/32964.pt
WLASL/videos/32966.mp4,lettuce,1017,features_cache/32966.pt
WLASL/videos/68326.mp4,marry,1065,features_cache/68326.pt
WLASL/videos/34963.mp4,marry,1065,features_cache/34963.pt
WLASL/videos/34964.mp4,marry,1065,features_cache/34964.pt
WLASL/videos/66104.mp4,marry,1065,features_cache/66104.pt
WLASL/videos/34965.mp4,marry,1065,features_cache/34965.pt
WLASL/videos/34956.mp4,marry,1065,features_cache/34956.pt
WLASL/videos/34957.mp4,marry,1065,features_cache/34957.pt
WLASL/videos/34958.mp4,marry,1065,features_cache/34958.pt
WLASL/videos/34960.mp4,marry,1065,features_cache/34960.pt
WLASL/videos/68696.mp4,meeting,1079,features_cache/68696.pt
WLASL/videos/35532.mp4,meeting,1079,features_cache/35532.pt
WLASL/videos/35533.mp4,meeting,1079,features_cache/35533.pt
WLASL/videos/67887.mp4,meeting,1079,features_cache/67887.pt
WLASL/videos/35534.mp4,meeting,1079,features_cache/35534.pt
WLASL/videos/35525.mp4,meeting,1079,features_cache/35525.pt
WLASL/videos/35526.mp4,meeting,1079,features_cache/35526.pt
WLASL/videos/35527.mp4,meeting,1079,features_cache/35527.pt
WLASL/videos/35529.mp4,meeting,1079,features_cache/35529.pt
WLASL/videos/36250.mp4,minute,1098,features_cache/36250.pt
WLASL/videos/36251.mp4,minute,1098,features_cache/36251.pt
WLASL/videos/66127.mp4,minute,1098,features_cache/66127.pt
WLASL/videos/36242.mp4,minute,1098,features_cache/36242.pt
WLASL/videos/67896.mp4,minute,1098,features_cache/67896.pt
WLASL/videos/36243.mp4,minute,1098,features_cache/36243.pt
WLASL/videos/36244.mp4,minute,1098,features_cache/36244.pt
WLASL/videos/36246.mp4,minute,1098,features_cache/36246.pt
WLASL/videos/36248.mp4,minute,1098,features_cache/36248.pt
WLASL/videos/36266.mp4,mirror,1099,features_cache/36266.pt
WLASL/videos/36267.mp4,mirror,1099,features_cache/36267.pt
WLASL/videos/36268.mp4,mirror,1099,features_cache/36268.pt
WLASL/videos/66129.mp4,mirror,1099,features_cache/66129.pt
WLASL/videos/67897.mp4,mirror,1099,features_cache/67897.pt
WLASL/videos/36269.mp4,mirror,1099,features_cache/36269.pt
WLASL/videos/36260.mp4,mirror,1099,features_cache/36260.pt
WLASL/videos/36261.mp4,mirror,1099,features_cache/36261.pt
WLASL/videos/36263.mp4,mirror,1099,features_cache/36263.pt
WLASL/videos/70113.mp4,miss,1100,features_cache/70113.pt
WLASL/videos/36340.mp4,miss,1100,features_cache/36340.pt
WLASL/videos/36342.mp4,miss,1100,features_cache/36342.pt
WLASL/videos/36343.mp4,miss,1100,features_cache/36343.pt
WLASL/videos/36344.mp4,miss,1100,features_cache/36344.pt
WLASL/videos/36335.mp4,miss,1100,features_cache/36335.pt
WLASL/videos/36348.mp4,miss,1100,features_cache/36348.pt
WLASL/videos/36350.mp4,miss,1100,features_cache/36350.pt
WLASL/videos/36336.mp4,miss,1100,features_cache/36336.pt
WLASL/videos/36684.mp4,monkey,1108,features_cache/36684.pt
WLASL/videos/36685.mp4,monkey,1108,features_cache/36685.pt
WLASL/videos/36686.mp4,monkey,1108,features_cache/36686.pt
WLASL/videos/66140.mp4,monkey,1108,features_cache/66140.pt
WLASL/videos/67902.mp4,monkey,1108,features_cache/67902.pt
WLASL/videos/36687.mp4,monkey,1108,features_cache/36687.pt
WLASL/videos/36678.mp4,monkey,1108,features_cache/36678.pt
WLASL/videos/36679.mp4,monkey,1108,features_cache/36679.pt
WLASL/videos/36681.mp4,monkey,1108,features_cache/36681.pt
WLASL/videos/70278.mp4,morning,1115,features_cache/70278.pt
WLASL/videos/69022.mp4,morning,1115,features_cache/69022.pt
WLASL/videos/36864.mp4,morning,1115,features_cache/36864.pt
WLASL/videos/36865.mp4,morning,1115,features_cache/36865.pt
WLASL/videos/67907.mp4,morning,1115,features_cache/67907.pt
WLASL/videos/36866.mp4,morning,1115,features_cache/36866.pt
WLASL/videos/36857.mp4,morning,1115,features_cache/36857.pt
WLASL/videos/36858.mp4,morning,1115,features_cache/36858.pt
WLASL/videos/36860.mp4,morning,1115,features_cache/36860.pt
WLASL/videos/69096.mp4,motorcycle,1121,features_cache/69096.pt
WLASL/videos/36999.mp4,motorcycle,1121,features_cache/36999.pt
WLASL/videos/37000.mp4,motorcycle,1121,features_cache/37000.pt
WLASL/videos/67909.mp4,motorcycle,1121,features_cache/67909.pt
WLASL/videos/37001.mp4,motorcycle,1121,features_cache/37001.pt
WLASL/videos/36992.mp4,motorcycle,1121,features_cache/36992.pt
WLASL/videos/36993.mp4,motorcycle,1121,features_cache/36993.pt
WLASL/videos/36994.mp4,motorcycle,1121,features_cache/36994.pt
WLASL/videos/36996.mp4,motorcycle,1121,features_cache/36996.pt
WLASL/videos/37852.mp4,necklace,1146,features_cache/37852.pt
WLASL/videos/37853.mp4,necklace,1146,features_cache/37853.pt
WLASL/videos/37855.mp4,necklace,1146,features_cache/37855.pt
WLASL/videos/37857.mp4,necklace,1146,features_cache/37857.pt
WLASL/videos/67924.mp4,necklace,1146,features_cache/67924.pt
WLASL/videos/37863.mp4,necklace,1146,features_cache/37863.pt
WLASL/videos/37864.mp4,necklace,1146,features_cache/37864.pt
WLASL/videos/37850.mp4,necklace,1146,features_cache/37850.pt
WLASL/videos/70038.mp4,never,1155,features_cache/70038.pt
WLASL/videos/38091.mp4,never,1155,features_cache/38091.pt
WLASL/videos/38092.mp4,never,1155,features_cache/38092.pt
WLASL/videos/66166.mp4,never,1155,features_cache/66166.pt
WLASL/videos/38084.mp4,never,1155,features_cache/38084.pt
WLASL/videos/67927.mp4,never,1155,features_cache/67927.pt
WLASL/videos/38085.mp4,never,1155,features_cache/38085.pt
WLASL/videos/38086.mp4,never,1155,features_cache/38086.pt
WLASL/videos/38088.mp4,never,1155,features_cache/38088.pt
WLASL/videos/68532.mp4,newspaper,1158,features_cache/68532.pt
WLASL/videos/70324.mp4,newspaper,1158,features_cache/70324.pt
WLASL/videos/38186.mp4,newspaper,1158,features_cache/38186.pt
WLASL/videos/38178.mp4,newspaper,1158,features_cache/38178.pt
WLASL/videos/67931.mp4,newspaper,1158,features_cache/67931.pt
WLASL/videos/38179.mp4,newspaper,1158,features_cache/38179.pt
WLASL/videos/38180.mp4,newspaper,1158,features_cache/38180.pt
WLASL/videos/38181.mp4,newspaper,1158,features_cache/38181.pt
WLASL/videos/38183.mp4,newspaper,1158,features_cache/38183.pt
WLASL/videos/70277.mp4,night,1163,features_cache/70277.pt
WLASL/videos/68716.mp4,night,1163,features_cache/68716.pt
WLASL/videos/38343.mp4,night,1163,features_cache/38343.pt
WLASL/videos/38344.mp4,night,1163,features_cache/38344.pt
WLASL/videos/38345.mp4,night,1163,features_cache/38345.pt
WLASL/videos/38336.mp4,night,1163,features_cache/38336.pt
WLASL/videos/67932.mp4,night,1163,features_cache/67932.pt
WLASL/videos/38337.mp4,night,1163,features_cache/38337.pt
WLASL/videos/38339.mp4,night,1163,features_cache/38339.pt
WLASL/videos/39853.mp4,onion,1204,features_cache/39853.pt
WLASL/videos/39854.mp4,onion,1204,features_cache/39854.pt
WLASL/videos/39855.mp4,onion,1204,features_cache/39855.pt
WLASL/videos/67946.mp4,onion,1204,features_cache/67946.pt
WLASL/videos/39856.mp4,onion,1204,features_cache/39856.pt
WLASL/videos/39857.mp4,onion,1204,features_cache/39857.pt
WLASL/videos/39847.mp4,onion,1204,features_cache/39847.pt
WLASL/videos/39848.mp4,onion,1204,features_cache/39848.pt
WLASL/videos/39850.mp4,onion,1204,features_cache/39850.pt
WLASL/videos/69426.mp4,people,1257,features_cache/69426.pt
WLASL/videos/68346.mp4,people,1257,features_cache/68346.pt
WLASL/videos/70144.mp4,people,1257,features_cache/70144.pt
WLASL/videos/41930.mp4,people,1257,features_cache/41930.pt
WLASL/videos/41931.mp4,people,1257,features_cache/41931.pt
WLASL/videos/41922.mp4,people,1257,features_cache/41922.pt
WLASL/videos/67974.mp4,people,1257,features_cache/67974.pt
WLASL/videos/41923.mp4,people,1257,features_cache/41923.pt
WLASL/videos/41926.mp4,people,1257,features_cache/41926.pt
WLASL/videos/70068.mp4,pepper,1258,features_cache/70068.pt
WLASL/videos/41942.mp4,pepper,1258,features_cache/41942.pt
WLASL/videos/41943.mp4,pepper,1258,features_cache/41943.pt
WLASL/videos/41944.mp4,pepper,1258,features_cache/41944.pt
WLASL/videos/41945.mp4,pepper,1258,features_cache/41945.pt
WLASL/videos/67975.mp4,pepper,1258,features_cache/67975.pt
WLASL/videos/41947.mp4,pepper,1258,features_cache/41947.pt
WLASL/videos/41948.mp4,pepper,1258,features_cache/41948.pt
WLASL/videos/41939.mp4,pepper,1258,features_cache/41939.pt
WLASL/videos/68704.mp4,phone,1270,features_cache/68704.pt
WLASL/videos/68130.mp4,phone,1270,features_cache/68130.pt
WLASL/videos/42431.mp4,phone,1270,features_cache/42431.pt
WLASL/videos/42423.mp4,phone,1270,features_cache/42423.pt
WLASL/videos/42433.mp4,phone,1270,features_cache/42433.pt
WLASL/videos/42434.mp4,phone,1270,features_cache/42434.pt
WLASL/videos/42424.mp4,phone,1270,features_cache/42424.pt
WLASL/videos/42425.mp4,phone,1270,features_cache/42425.pt
WLASL/videos/42427.mp4,phone,1270,features_cache/42427.pt
WLASL/videos/68131.mp4,picture,1278,features_cache/68131.pt
WLASL/videos/42659.mp4,picture,1278,features_cache/42659.pt
WLASL/videos/42660.mp4,picture,1278,features_cache/42660.pt
WLASL/videos/42651.mp4,picture,1278,features_cache/42651.pt
WLASL/videos/67982.mp4,picture,1278,features_cache/67982.pt
WLASL/videos/42652.mp4,picture,1278,features_cache/42652.pt
WLASL/videos/42653.mp4,picture,1278,features_cache/42653.pt
WLASL/videos/42654.mp4,picture,1278,features_cache/42654.pt
WLASL/videos/42656.mp4,picture,1278,features_cache/42656.pt
WLASL/videos/68134.mp4,plus,1295,features_cache/68134.pt
WLASL/videos/43346.mp4,plus,1295,features_cache/43346.pt
WLASL/videos/43347.mp4,plus,1295,features_cache/43347.pt
WLASL/videos/43348.mp4,plus,1295,features_cache/43348.pt
WLASL/videos/66303.mp4,plus,1295,features_cache/66303.pt
WLASL/videos/43339.mp4,plus,1295,features_cache/43339.pt
WLASL/videos/43349.mp4,plus,1295,features_cache/43349.pt
WLASL/videos/43340.mp4,plus,1295,features_cache/43340.pt
WLASL/videos/43342.mp4,plus,1295,features_cache/43342.pt
WLASL/videos/43460.mp4,point,1298,features_cache/43460.pt
WLASL/videos/43461.mp4,point,1298,features_cache/43461.pt
WLASL/videos/43462.mp4,point,1298,features_cache/43462.pt
WLASL/videos/43444.mp4,point,1298,features_cache/43444.pt
WLASL/videos/43445.mp4,point,1298,features_cache/43445.pt
WLASL/videos/43446.mp4,point,1298,features_cache/43446.pt
WLASL/videos/43447.mp4,point,1298,features_cache/43447.pt
WLASL/videos/43448.mp4,point,1298,features_cache/43448.pt
WLASL/videos/43443.mp4,point,1298,features_cache/43443.pt
WLASL/videos/43685.mp4,poor,1306,features_cache/43685.pt
WLASL/videos/43686.mp4,poor,1306,features_cache/43686.pt
WLASL/videos/43687.mp4,poor,1306,features_cache/43687.pt
WLASL/videos/67089.mp4,poor,1306,features_cache/67089.pt
WLASL/videos/43688.mp4,poor,1306,features_cache/43688.pt
WLASL/videos/43689.mp4,poor,1306,features_cache/43689.pt
WLASL/videos/43679.mp4,poor,1306,features_cache/43679.pt
WLASL/videos/43680.mp4,poor,1306,features_cache/43680.pt
WLASL/videos/43682.mp4,poor,1306,features_cache/43682.pt
WLASL/videos/43834.mp4,possible,1311,features_cache/43834.pt
WLASL/videos/43835.mp4,possible,1311,features_cache/43835.pt
WLASL/videos/43836.mp4,possible,1311,features_cache/43836.pt
WLASL/videos/43837.mp4,possible,1311,features_cache/43837.pt
WLASL/videos/66316.mp4,possible,1311,features_cache/66316.pt
WLASL/videos/67092.mp4,possible,1311,features_cache/67092.pt
WLASL/videos/43838.mp4,possible,1311,features_cache/43838.pt
WLASL/videos/43839.mp4,possible,1311,features_cache/43839.pt
WLASL/videos/43830.mp4,possible,1311,features_cache/43830.pt
WLASL/videos/45762.mp4,quiet,1393,features_cache/45762.pt
WLASL/videos/45764.mp4,quiet,1393,features_cache/45764.pt
WLASL/videos/45765.mp4,quiet,1393,features_cache/45765.pt
WLASL/videos/45766.mp4,quiet,1393,features_cache/45766.pt
WLASL/videos/66365.mp4,quiet,1393,features_cache/66365.pt
WLASL/videos/45757.mp4,quiet,1393,features_cache/45757.pt
WLASL/videos/67118.mp4,quiet,1393,features_cache/67118.pt
WLASL/videos/45767.mp4,quiet,1393,features_cache/45767.pt
WLASL/videos/45759.mp4,quiet,1393,features_cache/45759.pt
WLASL/videos/70121.mp4,rain,1402,features_cache/70121.pt
WLASL/videos/46000.mp4,rain,1402,features_cache/46000.pt
WLASL/videos/46001.mp4,rain,1402,features_cache/46001.pt
WLASL/videos/66369.mp4,rain,1402,features_cache/66369.pt
WLASL/videos/45993.mp4,rain,1402,features_cache/45993.pt
WLASL/videos/67121.mp4,rain,1402,features_cache/67121.pt
WLASL/videos/45994.mp4,rain,1402,features_cache/45994.pt
WLASL/videos/45995.mp4,rain,1402,features_cache/45995.pt
WLASL/videos/45997.mp4,rain,1402,features_cache/45997.pt
WLASL/videos/46305.mp4,ready,1408,features_cache/46305.pt
WLASL/videos/46288.mp4,ready,1408,features_cache/46288.pt
WLASL/videos/46289.mp4,ready,1408,features_cache/46289.pt
WLASL/videos/46291.mp4,ready,1408,features_cache/46291.pt
WLASL/videos/46292.mp4,ready,1408,features_cache/46292.pt
WLASL/videos/46293.mp4,ready,1408,features_cache/46293.pt
WLASL/videos/46294.mp4,ready,1408,features_cache/46294.pt
WLASL/videos/46296.mp4,ready,1408,features_cache/46296.pt
WLASL/videos/46299.mp4,ready,1408,features_cache/46299.pt
WLASL/videos/47495.mp4,research,1447,features_cache/47495.pt
WLASL/videos/47496.mp4,research,1447,features_cache/47496.pt
WLASL/videos/47497.mp4,research,1447,features_cache/47497.pt
WLASL/videos/47498.mp4,research,1447,features_cache/47498.pt
WLASL/videos/47499.mp4,research,1447,features_cache/47499.pt
WLASL/videos/66393.mp4,research,1447,features_cache/66393.pt
WLASL/videos/47490.mp4,research,1447,features_cache/47490.pt
WLASL/videos/67136.mp4,research,1447,features_cache/67136.pt
WLASL/videos/47492.mp4,research,1447,features_cache/47492.pt
WLASL/videos/49483.mp4,scared,1507,features_cache/49483.pt
WLASL/videos/49485.mp4,scared,1507,features_cache/49485.pt
WLASL/videos/49486.mp4,scared,1507,features_cache/49486.pt
WLASL/videos/66432.mp4,scared,1507,features_cache/66432.pt
WLASL/videos/49477.mp4,scared,1507,features_cache/49477.pt
WLASL/videos/67167.mp4,scared,1507,features_cache/67167.pt
WLASL/videos/49487.mp4,scared,1507,features_cache/49487.pt
WLASL/videos/49478.mp4,scared,1507,features_cache/49478.pt
WLASL/videos/49480.mp4,scared,1507,features_cache/49480.pt
WLASL/videos/70143.mp4,science,1510,features_cache/70143.pt
WLASL/videos/49639.mp4,science,1510,features_cache/49639.pt
WLASL/videos/49640.mp4,science,1510,features_cache/49640.pt
WLASL/videos/49631.mp4,science,1510,features_cache/49631.pt
WLASL/videos/67171.mp4,science,1510,features_cache/67171.pt
WLASL/videos/49632.mp4,science,1510,features_cache/49632.pt
WLASL/videos/49633.mp4,science,1510,features_cache/49633.pt
WLASL/videos/49634.mp4,science,1510,features_cache/49634.pt
WLASL/videos/49636.mp4,science,1510,features_cache/49636.pt
WLASL/videos/49694.mp4,score,1514,features_cache/49694.pt
WLASL/videos/49695.mp4,score,1514,features_cache/49695.pt
WLASL/videos/49696.mp4,score,1514,features_cache/49696.pt
WLASL/videos/49697.mp4,score,1514,features_cache/49697.pt
WLASL/videos/66434.mp4,score,1514,features_cache/66434.pt
WLASL/videos/49702.mp4,score,1514,features_cache/49702.pt
WLASL/videos/49706.mp4,score,1514,features_cache/49706.pt
WLASL/videos/49692.mp4,score,1514,features_cache/49692.pt
WLASL/videos/50413.mp4,sentence,1533,features_cache/50413.pt
WLASL/videos/50414.mp4,sentence,1533,features_cache/50414.pt
WLASL/videos/50415.mp4,sentence,1533,features_cache/50415.pt
WLASL/videos/50419.mp4,sentence,1533,features_cache/50419.pt
WLASL/videos/50420.mp4,sentence,1533,features_cache/50420.pt
WLASL/videos/50409.mp4,sentence,1533,features_cache/50409.pt
WLASL/videos/50410.mp4,sentence,1533,features_cache/50410.pt
WLASL/videos/50411.mp4,sentence,1533,features_cache/50411.pt
WLASL/videos/50412.mp4,sentence,1533,features_cache/50412.pt
WLASL/videos/69465.mp4,shape,1546,features_cache/69465.pt
WLASL/videos/69058.mp4,shape,1546,features_cache/69058.pt
WLASL/videos/50842.mp4,shape,1546,features_cache/50842.pt
WLASL/videos/50843.mp4,shape,1546,features_cache/50843.pt
WLASL/videos/50844.mp4,shape,1546,features_cache/50844.pt
WLASL/videos/50845.mp4,shape,1546,features_cache/50845.pt
WLASL/videos/50835.mp4,shape,1546,features_cache/50835.pt
WLASL/videos/50836.mp4,shape,1546,features_cache/50836.pt
WLASL/videos/50838.mp4,shape,1546,features_cache/50838.pt
WLASL/videos/68570.mp4,sit,1584,features_cache/68570.pt
WLASL/videos/51924.mp4,sit,1584,features_cache/51924.pt
WLASL/videos/51925.mp4,sit,1584,features_cache/51925.pt
WLASL/videos/51916.mp4,sit,1584,features_cache/51916.pt
WLASL/videos/67207.mp4,sit,1584,features_cache/67207.pt
WLASL/videos/51926.mp4,sit,1584,features_cache/51926.pt
WLASL/videos/51927.mp4,sit,1584,features_cache/51927.pt
WLASL/videos/51917.mp4,sit,1584,features_cache/51917.pt
WLASL/videos/51919.mp4,sit,1584,features_cache/51919.pt
WLASL/videos/52513.mp4,slow,1605,features_cache/52513.pt
WLASL/videos/52514.mp4,slow,1605,features_cache/52514.pt
WLASL/videos/52515.mp4,slow,1605,features_cache/52515.pt
WLASL/videos/66508.mp4,slow,1605,features_cache/66508.pt
WLASL/videos/52506.mp4,slow,1605,features_cache/52506.pt
WLASL/videos/67213.mp4,slow,1605,features_cache/67213.pt
WLASL/videos/52507.mp4,slow,1605,features_cache/52507.pt
WLASL/videos/52508.mp4,slow,1605,features_cache/52508.pt
WLASL/videos/52510.mp4,slow,1605,features_cache/52510.pt
WLASL/videos/52718.mp4,snake,1613,features_cache/52718.pt
WLASL/videos/52719.mp4,snake,1613,features_cache/52719.pt
WLASL/videos/52720.mp4,snake,1613,features_cache/52720.pt
WLASL/videos/66515.mp4,snake,1613,features_cache/66515.pt
WLASL/videos/52711.mp4,snake,1613,features_cache/52711.pt
WLASL/videos/67217.mp4,snake,1613,features_cache/67217.pt
WLASL/videos/52712.mp4,snake,1613,features_cache/52712.pt
WLASL/videos/52713.mp4,snake,1613,features_cache/52713.pt
WLASL/videos/52715.mp4,snake,1613,features_cache/52715.pt
WLASL/videos/52924.mp4,soap,1618,features_cache/52924.pt
WLASL/videos/52925.mp4,soap,1618,features_cache/52925.pt
WLASL/videos/52926.mp4,soap,1618,features_cache/52926.pt
WLASL/videos/66522.mp4,soap,1618,features_cache/66522.pt
WLASL/videos/52917.mp4,soap,1618,features_cache/52917.pt
WLASL/videos/67223.mp4,soap,1618,features_cache/67223.pt
WLASL/videos/52918.mp4,soap,1618,features_cache/52918.pt
WLASL/videos/52919.mp4,soap,1618,features_cache/52919.pt
WLASL/videos/52921.mp4,soap,1618,features_cache/52921.pt
WLASL/videos/69482.mp4,soda,1622,features_cache/69482.pt
WLASL/videos/68432.mp4,soda,1622,features_cache/68432.pt
WLASL/videos/70071.mp4,soda,1622,features_cache/70071.pt
WLASL/videos/68158.mp4,soda,1622,features_cache/68158.pt
WLASL/videos/67224.mp4,soda,1622,features_cache/67224.pt
WLASL/videos/53024.mp4,soda,1622,features_cache/53024.pt
WLASL/videos/53025.mp4,soda,1622,features_cache/53025.pt
WLASL/videos/53026.mp4,soda,1622,features_cache/53026.pt
WLASL/videos/53028.mp4,soda,1622,features_cache/53028.pt
WLASL/videos/53693.mp4,speech,1650,features_cache/53693.pt
WLASL/videos/53706.mp4,speech,1650,features_cache/53706.pt
WLASL/videos/53707.mp4,speech,1650,features_cache/53707.pt
WLASL/videos/53708.mp4,speech,1650,features_cache/53708.pt
WLASL/videos/53709.mp4,speech,1650,features_cache/53709.pt
WLASL/videos/53710.mp4,speech,1650,features_cache/53710.pt
WLASL/videos/53698.mp4,speech,1650,features_cache/53698.pt
WLASL/videos/53699.mp4,speech,1650,features_cache/53699.pt
WLASL/videos/54444.mp4,star,1672,features_cache/54444.pt
WLASL/videos/54445.mp4,star,1672,features_cache/54445.pt
WLASL/videos/54446.mp4,star,1672,features_cache/54446.pt
WLASL/videos/54437.mp4,star,1672,features_cache/54437.pt
WLASL/videos/67241.mp4,star,1672,features_cache/67241.pt
WLASL/videos/54447.mp4,star,1672,features_cache/54447.pt
WLASL/videos/54438.mp4,star,1672,features_cache/54438.pt
WLASL/videos/54439.mp4,star,1672,features_cache/54439.pt
WLASL/videos/54441.mp4,star,1672,features_cache/54441.pt
WLASL/videos/70300.mp4,stink,1683,features_cache/70300.pt
WLASL/videos/54827.mp4,stink,1683,features_cache/54827.pt
WLASL/videos/54828.mp4,stink,1683,features_cache/54828.pt
WLASL/videos/66557.mp4,stink,1683,features_cache/66557.pt
WLASL/videos/66558.mp4,stink,1683,features_cache/66558.pt
WLASL/videos/54820.mp4,stink,1683,features_cache/54820.pt
WLASL/videos/54821.mp4,stink,1683,features_cache/54821.pt
WLASL/videos/54822.mp4,stink,1683,features_cache/54822.pt
WLASL/videos/54824.mp4,stink,1683,features_cache/54824.pt
WLASL/videos/70096.mp4,struggle,1700,features_cache/70096.pt
WLASL/videos/55306.mp4,struggle,1700,features_cache/55306.pt
WLASL/videos/55307.mp4,struggle,1700,features_cache/55307.pt
WLASL/videos/66573.mp4,struggle,1700,features_cache/66573.pt
WLASL/videos/55308.mp4,struggle,1700,features_cache/55308.pt
WLASL/videos/55299.mp4,struggle,1700,features_cache/55299.pt
WLASL/videos/55300.mp4,struggle,1700,features_cache/55300.pt
WLASL/videos/55301.mp4,struggle,1700,features_cache/55301.pt
WLASL/videos/55303.mp4,struggle,1700,features_cache/55303.pt
WLASL/videos/70362.mp4,stubborn,1701,features_cache/70362.pt
WLASL/videos/55320.mp4,stubborn,1701,features_cache/55320.pt
WLASL/videos/55321.mp4,stubborn,1701,features_cache/55321.pt
WLASL/videos/66574.mp4,stubborn,1701,features_cache/66574.pt
WLASL/videos/67255.mp4,stubborn,1701,features_cache/67255.pt
WLASL/videos/55313.mp4,stubborn,1701,features_cache/55313.pt
WLASL/videos/55314.mp4,stubborn,1701,features_cache/55314.pt
WLASL/videos/55315.mp4,stubborn,1701,features_cache/55315.pt
WLASL/videos/55317.mp4,stubborn,1701,features_cache/55317.pt
WLASL/videos/55861.mp4,sunset,1717,features_cache/55861.pt
WLASL/videos/55862.mp4,sunset,1717,features_cache/55862.pt
WLASL/videos/55863.mp4,sunset,1717,features_cache/55863.pt
WLASL/videos/55854.mp4,sunset,1717,features_cache/55854.pt
WLASL/videos/67262.mp4,sunset,1717,features_cache/67262.pt
WLASL/videos/55864.mp4,sunset,1717,features_cache/55864.pt
WLASL/videos/55855.mp4,sunset,1717,features_cache/55855.pt
WLASL/videos/55856.mp4,sunset,1717,features_cache/55856.pt
WLASL/videos/55858.mp4,sunset,1717,features_cache/55858.pt
WLASL/videos/56087.mp4,surgery,1725,features_cache/56087.pt
WLASL/videos/56088.mp4,surgery,1725,features_cache/56088.pt
WLASL/videos/56089.mp4,surgery,1725,features_cache/56089.pt
WLASL/videos/56090.mp4,surgery,1725,features_cache/56090.pt
WLASL/videos/56091.mp4,surgery,1725,features_cache/56091.pt
WLASL/videos/56092.mp4,surgery,1725,features_cache/56092.pt
WLASL/videos/56081.mp4,surgery,1725,features_cache/56081.pt
WLASL/videos/56082.mp4,surgery,1725,features_cache/56082.pt
WLASL/videos/56084.mp4,surgery,1725,features_cache/56084.pt
WLASL/videos/70223.mp4,there,1792,features_cache/70223.pt
WLASL/videos/57831.mp4,there,1792,features_cache/57831.pt
WLASL/videos/57832.mp4,there,1792,features_cache/57832.pt
WLASL/videos/57833.mp4,there,1792,features_cache/57833.pt
WLASL/videos/57834.mp4,there,1792,features_cache/57834.pt
WLASL/videos/57825.mp4,there,1792,features_cache/57825.pt
WLASL/videos/67293.mp4,there,1792,features_cache/67293.pt
WLASL/videos/57826.mp4,there,1792,features_cache/57826.pt
WLASL/videos/57828.mp4,there,1792,features_cache/57828.pt
WLASL/videos/69510.mp4,tiger,1812,features_cache/69510.pt
WLASL/videos/70108.mp4,tiger,1812,features_cache/70108.pt
WLASL/videos/58452.mp4,tiger,1812,features_cache/58452.pt
WLASL/videos/66643.mp4,tiger,1812,features_cache/66643.pt
WLASL/videos/67308.mp4,tiger,1812,features_cache/67308.pt
WLASL/videos/58444.mp4,tiger,1812,features_cache/58444.pt
WLASL/videos/58445.mp4,tiger,1812,features_cache/58445.pt
WLASL/videos/58446.mp4,tiger,1812,features_cache/58446.pt
WLASL/videos/58448.mp4,tiger,1812,features_cache/58448.pt
WLASL/videos/58655.mp4,toast,1819,features_cache/58655.pt
WLASL/videos/58657.mp4,toast,1819,features_cache/58657.pt
WLASL/videos/67311.mp4,toast,1819,features_cache/67311.pt
WLASL/videos/58659.mp4,toast,1819,features_cache/58659.pt
WLASL/videos/58660.mp4,toast,1819,features_cache/58660.pt
WLASL/videos/58651.mp4,toast,1819,features_cache/58651.pt
WLASL/videos/58652.mp4,toast,1819,features_cache/58652.pt
WLASL/videos/58653.mp4,toast,1819,features_cache/58653.pt
WLASL/videos/58738.mp4,toilet,1823,features_cache/58738.pt
WLASL/videos/58739.mp4,toilet,1823,features_cache/58739.pt
WLASL/videos/58740.mp4,toilet,1823,features_cache/58740.pt
WLASL/videos/67313.mp4,toilet,1823,features_cache/67313.pt
WLASL/videos/58741.mp4,toilet,1823,features_cache/58741.pt
WLASL/videos/58742.mp4,toilet,1823,features_cache/58742.pt
WLASL/videos/58732.mp4,toilet,1823,features_cache/58732.pt
WLASL/videos/58733.mp4,toilet,1823,features_cache/58733.pt
WLASL/videos/58735.mp4,toilet,1823,features_cache/58735.pt
WLASL/videos/70349.mp4,tomorrow,1827,features_cache/70349.pt
WLASL/videos/58812.mp4,tomorrow,1827,features_cache/58812.pt
WLASL/videos/58813.mp4,tomorrow,1827,features_cache/58813.pt
WLASL/videos/66655.mp4,tomorrow,1827,features_cache/66655.pt
WLASL/videos/58814.mp4,tomorrow,1827,features_cache/58814.pt
WLASL/videos/58805.mp4,tomorrow,1827,features_cache/58805.pt
WLASL/videos/58806.mp4,tomorrow,1827,features_cache/58806.pt
WLASL/videos/58807.mp4,tomorrow,1827,features_cache/58807.pt
WLASL/videos/58809.mp4,tomorrow,1827,features_cache/58809.pt
WLASL/videos/70191.mp4,town,1842,features_cache/70191.pt
WLASL/videos/59155.mp4,town,1842,features_cache/59155.pt
WLASL/videos/59146.mp4,town,1842,features_cache/59146.pt
WLASL/videos/59147.mp4,town,1842,features_cache/59147.pt
WLASL/videos/59148.mp4,town,1842,features_cache/59148.pt
WLASL/videos/59149.mp4,town,1842,features_cache/59149.pt
WLASL/videos/59151.mp4,town,1842,features_cache/59151.pt
WLASL/videos/59152.mp4,town,1842,features_cache/59152.pt
WLASL/videos/59153.mp4,town,1842,features_cache/59153.pt
WLASL/videos/59372.mp4,transfer,1848,features_cache/59372.pt
WLASL/videos/59373.mp4,transfer,1848,features_cache/59373.pt
WLASL/videos/59374.mp4,transfer,1848,features_cache/59374.pt
WLASL/videos/59375.mp4,transfer,1848,features_cache/59375.pt
WLASL/videos/66667.mp4,transfer,1848,features_cache/66667.pt
WLASL/videos/59376.mp4,transfer,1848,features_cache/59376.pt
WLASL/videos/59378.mp4,transfer,1848,features_cache/59378.pt
WLASL/videos/59367.mp4,transfer,1848,features_cache/59367.pt
WLASL/videos/59369.mp4,transfer,1848,features_cache/59369.pt
WLASL/videos/59553.mp4,tree,1852,features_cache/59553.pt
WLASL/videos/59554.mp4,tree,1852,features_cache/59554.pt
WLASL/videos/59555.mp4,tree,1852,features_cache/59555.pt
WLASL/videos/66673.mp4,tree,1852,features_cache/66673.pt
WLASL/videos/59546.mp4,tree,1852,features_cache/59546.pt
WLASL/videos/67322.mp4,tree,1852,features_cache/67322.pt
WLASL/videos/59547.mp4,tree,1852,features_cache/59547.pt
WLASL/videos/59548.mp4,tree,1852,features_cache/59548.pt
WLASL/videos/59550.mp4,tree,1852,features_cache/59550.pt
WLASL/videos/59772.mp4,truck,1857,features_cache/59772.pt
WLASL/videos/59773.mp4,truck,1857,features_cache/59773.pt
WLASL/videos/66677.mp4,truck,1857,features_cache/66677.pt
WLASL/videos/66678.mp4,truck,1857,features_cache/66678.pt
WLASL/videos/59764.mp4,truck,1857,features_cache/59764.pt
WLASL/videos/59774.mp4,truck,1857,features_cache/59774.pt
WLASL/videos/59765.mp4,truck,1857,features_cache/59765.pt
WLASL/videos/59766.mp4,truck,1857,features_cache/59766.pt
WLASL/videos/59767.mp4,truck,1857,features_cache/59767.pt
WLASL/videos/70331.mp4,uncle,1874,features_cache/70331.pt
WLASL/videos/68498.mp4,uncle,1874,features_cache/68498.pt
WLASL/videos/60465.mp4,uncle,1874,features_cache/60465.pt
WLASL/videos/60457.mp4,uncle,1874,features_cache/60457.pt
WLASL/videos/67335.mp4,uncle,1874,features_cache/67335.pt
WLASL/videos/60458.mp4,uncle,1874,features_cache/60458.pt
WLASL/videos/60459.mp4,uncle,1874,features_cache/60459.pt
WLASL/videos/60460.mp4,uncle,1874,features_cache/60460.pt
WLASL/videos/60462.mp4,uncle,1874,features_cache/60462.pt
WLASL/videos/68640.mp4,vacation,1888,features_cache/68640.pt
WLASL/videos/61149.mp4,vacation,1888,features_cache/61149.pt
WLASL/videos/61150.mp4,vacation,1888,features_cache/61150.pt
WLASL/videos/66715.mp4,vacation,1888,features_cache/66715.pt
WLASL/videos/67023.mp4,vacation,1888,features_cache/67023.pt
WLASL/videos/61142.mp4,vacation,1888,features_cache/61142.pt
WLASL/videos/61143.mp4,vacation,1888,features_cache/61143.pt
WLASL/videos/61144.mp4,vacation,1888,features_cache/61144.pt
WLASL/videos/61146.mp4,vacation,1888,features_cache/61146.pt
WLASL/videos/62643.mp4,weather,1933,features_cache/62643.pt
WLASL/videos/62645.mp4,weather,1933,features_cache/62645.pt
WLASL/videos/62646.mp4,weather,1933,features_cache/62646.pt
WLASL/videos/62647.mp4,weather,1933,features_cache/62647.pt
WLASL/videos/62649.mp4,weather,1933,features_cache/62649.pt
WLASL/videos/62650.mp4,weather,1933,features_cache/62650.pt
WLASL/videos/62639.mp4,weather,1933,features_cache/62639.pt
WLASL/videos/62641.mp4,weather,1933,features_cache/62641.pt
WLASL/videos/70377.mp4,weekend,1937,features_cache/70377.pt
WLASL/videos/62737.mp4,weekend,1937,features_cache/62737.pt
WLASL/videos/62738.mp4,weekend,1937,features_cache/62738.pt
WLASL/videos/66761.mp4,weekend,1937,features_cache/66761.pt
WLASL/videos/66760.mp4,weekend,1937,features_cache/66760.pt
WLASL/videos/62730.mp4,weekend,1937,features_cache/62730.pt
WLASL/videos/62731.mp4,weekend,1937,features_cache/62731.pt
WLASL/videos/62732.mp4,weekend,1937,features_cache/62732.pt
WLASL/videos/62734.mp4,weekend,1937,features_cache/62734.pt
WLASL/videos/00588.mp4,accept,7,features_cache/00588.pt
WLASL/videos/65007.mp4,accept,7,features_cache/65007.pt
WLASL/videos/00593.mp4,accept,7,features_cache/00593.pt
WLASL/videos/00597.mp4,accept,7,features_cache/00597.pt
WLASL/videos/00594.mp4,accept,7,features_cache/00594.pt
WLASL/videos/00598.mp4,accept,7,features_cache/00598.pt
WLASL/videos/00599.mp4,accept,7,features_cache/00599.pt
WLASL/videos/00603.mp4,accept,7,features_cache/00603.pt
WLASL/videos/01212.mp4,adult,25,features_cache/01212.pt
WLASL/videos/01214.mp4,adult,25,features_cache/01214.pt
WLASL/videos/01206.mp4,adult,25,features_cache/01206.pt
WLASL/videos/01216.mp4,adult,25,features_cache/01216.pt
WLASL/videos/01217.mp4,adult,25,features_cache/01217.pt
WLASL/videos/01207.mp4,adult,25,features_cache/01207.pt
WLASL/videos/01208.mp4,adult,25,features_cache/01208.pt
WLASL/videos/01209.mp4,adult,25,features_cache/01209.pt
WLASL/videos/01411.mp4,after,32,features_cache/01411.pt
WLASL/videos/01426.mp4,after,32,features_cache/01426.pt
WLASL/videos/01427.mp4,after,32,features_cache/01427.pt
WLASL/videos/01418.mp4,after,32,features_cache/01418.pt
WLASL/videos/67351.mp4,after,32,features_cache/67351.pt
WLASL/videos/01428.mp4,after,32,features_cache/01428.pt
WLASL/videos/01419.mp4,after,32,features_cache/01419.pt
WLASL/videos/01423.mp4,after,32,features_cache/01423.pt
WLASL/videos/01551.mp4,ago,38,features_cache/01551.pt
WLASL/videos/01557.mp4,ago,38,features_cache/01557.pt
WLASL/videos/01558.mp4,ago,38,features_cache/01558.pt
WLASL/videos/01561.mp4,ago,38,features_cache/01561.pt
WLASL/videos/01562.mp4,ago,38,features_cache/01562.pt
WLASL/videos/01564.mp4,ago,38,features_cache/01564.pt
WLASL/videos/01552.mp4,ago,38,features_cache/01552.pt
WLASL/videos/01556.mp4,ago,38,features_cache/01556.pt
WLASL/videos/02041.mp4,allow,52,features_cache/02041.pt
WLASL/videos/02051.mp4,allow,52,features_cache/02051.pt
WLASL/videos/02052.mp4,allow,52,features_cache/02052.pt
WLASL/videos/65053.mp4,allow,52,features_cache/65053.pt
WLASL/videos/65054.mp4,allow,52,features_cache/65054.pt
WLASL/videos/02045.mp4,allow,52,features_cache/02045.pt
WLASL/videos/02046.mp4,allow,52,features_cache/02046.pt
WLASL/videos/02050.mp4,allow,52,features_cache/02050.pt
WLASL/videos/02348.mp4,america,60,features_cache/02348.pt
WLASL/videos/68002.mp4,america,60,features_cache/68002.pt
WLASL/videos/02356.mp4,america,60,features_cache/02356.pt
WLASL/videos/67360.mp4,america,60,features_cache/67360.pt
WLASL/videos/02349.mp4,america,60,features_cache/02349.pt
WLASL/videos/02350.mp4,america,60,features_cache/02350.pt
WLASL/videos/02351.mp4,america,60,features_cache/02351.pt
WLASL/videos/02355.mp4,america,60,features_cache/02355.pt
WLASL/videos/02539.mp4,angel,65,features_cache/02539.pt
WLASL/videos/02547.mp4,angel,65,features_cache/02547.pt
WLASL/videos/02548.mp4,angel,65,features_cache/02548.pt
WLASL/videos/67362.mp4,angel,65,features_cache/67362.pt
WLASL/videos/02540.mp4,angel,65,features_cache/02540.pt
WLASL/videos/02541.mp4,angel,65,features_cache/02541.pt
WLASL/videos/02542.mp4,angel,65,features_cache/02542.pt
WLASL/videos/02546.mp4,angel,65,features_cache/02546.pt
WLASL/videos/02707.mp4,answer,73,features_cache/02707.pt
WLASL/videos/70275.mp4,answer,73,features_cache/70275.pt
WLASL/videos/02718.mp4,answer,73,features_cache/02718.pt
WLASL/videos/02710.mp4,answer,73,features_cache/02710.pt
WLASL/videos/02711.mp4,answer,73,features_cache/02711.pt
WLASL/videos/02712.mp4,answer,73,features_cache/02712.pt
WLASL/videos/02713.mp4,answer,73,features_cache/02713.pt
WLASL/videos/02717.mp4,answer,73,features_cache/02717.pt
WLASL/videos/02818.mp4,any,74,features_cache/02818.pt
WLASL/videos/69212.mp4,any,74,features_cache/69212.pt
WLASL/videos/70095.mp4,any,74,features_cache/70095.pt
WLASL/videos/02826.mp4,any,74,features_cache/02826.pt
WLASL/videos/02827.mp4,any,74,features_cache/02827.pt
WLASL/videos/02828.mp4,any,74,features_cache/02828.pt
WLASL/videos/02829.mp4,any,74,features_cache/02829.pt
WLASL/videos/02833.mp4,any,74,features_cache/02833.pt
WLASL/videos/03240.mp4,area,89,features_cache/03240.pt
WLASL/videos/03243.mp4,area,89,features_cache/03243.pt
WLASL/videos/03234.mp4,area,89,features_cache/03234.pt
WLASL/videos/03244.mp4,area,89,features_cache/03244.pt
WLASL/videos/03245.mp4,area,89,features_cache/03245.pt
WLASL/videos/03246.mp4,area,89,features_cache/03246.pt
WLASL/videos/03235.mp4,area,89,features_cache/03235.pt
WLASL/videos/03238.mp4,area,89,features_cache/03238.pt
WLASL/videos/03469.mp4,art,98,features_cache/03469.pt
WLASL/videos/70142.mp4,art,98,features_cache/70142.pt
WLASL/videos/03485.mp4,art,98,features_cache/03485.pt
WLASL/videos/65097.mp4,art,98,features_cache/65097.pt
WLASL/videos/03478.mp4,art,98,features_cache/03478.pt
WLASL/videos/67372.mp4,art,98,features_cache/67372.pt
WLASL/videos/03479.mp4,art,98,features_cache/03479.pt
WLASL/videos/03484.mp4,art,98,features_cache/03484.pt
WLASL/videos/03625.mp4,asl,103,features_cache/03625.pt
WLASL/videos/68266.mp4,asl,103,features_cache/68266.pt
WLASL/videos/68004.mp4,asl,103,features_cache/68004.pt
WLASL/videos/68005.mp4,asl,103,features_cache/68005.pt
WLASL/videos/03634.mp4,asl,103,features_cache/03634.pt
WLASL/videos/03635.mp4,asl,103,features_cache/03635.pt
WLASL/videos/03637.mp4,asl,103,features_cache/03637.pt
WLASL/videos/03642.mp4,asl,103,features_cache/03642.pt
WLASL/videos/04165.mp4,aunt,117,features_cache/04165.pt
WLASL/videos/68250.mp4,aunt,117,features_cache/68250.pt
WLASL/videos/04176.mp4,aunt,117,features_cache/04176.pt
WLASL/videos/04168.mp4,aunt,117,features_cache/04168.pt
WLASL/videos/04169.mp4,aunt,117,features_cache/04169.pt
WLASL/videos/04170.mp4,aunt,117,features_cache/04170.pt
WLASL/videos/04171.mp4,aunt,117,features_cache/04171.pt
WLASL/videos/04175.mp4,aunt,117,features_cache/04175.pt
WLASL/videos/04422.mp4,awful,130,features_cache/04422.pt
WLASL/videos/04432.mp4,awful,130,features_cache/04432.pt
WLASL/videos/04433.mp4,awful,130,features_cache/04433.pt
WLASL/videos/04424.mp4,awful,130,features_cache/04424.pt
WLASL/videos/04434.mp4,awful,130,features_cache/04434.pt
WLASL/videos/04425.mp4,awful,130,features_cache/04425.pt
WLASL/videos/04426.mp4,awful,130,features_cache/04426.pt
WLASL/videos/04430.mp4,awful,130,features_cache/04430.pt
WLASL/videos/04436.mp4,awkward,131,features_cache/04436.pt
WLASL/videos/04444.mp4,awkward,131,features_cache/04444.pt
WLASL/videos/04445.mp4,awkward,131,features_cache/04445.pt
WLASL/videos/04446.mp4,awkward,131,features_cache/04446.pt
WLASL/videos/04437.mp4,awkward,131,features_cache/04437.pt
WLASL/videos/04438.mp4,awkward,131,features_cache/04438.pt
WLASL/videos/04439.mp4,awkward,131,features_cache/04439.pt
WLASL/videos/04443.mp4,awkward,131,features_cache/04443.pt
WLASL/videos/04678.mp4,bacon,138,features_cache/04678.pt
WLASL/videos/04686.mp4,bacon,138,features_cache/04686.pt
WLASL/videos/04687.mp4,bacon,138,features_cache/04687.pt
WLASL/videos/67378.mp4,bacon,138,features_cache/67378.pt
WLASL/videos/04679.mp4,bacon,138,features_cache/04679.pt
WLASL/videos/04680.mp4,bacon,138,features_cache/04680.pt
WLASL/videos/04681.mp4,bacon,138,features_cache/04681.pt
WLASL/videos/04685.mp4,bacon,138,features_cache/04685.pt
WLASL/videos/65139.mp4,bark,150,features_cache/65139.pt
WLASL/videos/05111.mp4,bark,150,features_cache/05111.pt
WLASL/videos/05113.mp4,bark,150,features_cache/05113.pt
WLASL/videos/05115.mp4,bark,150,features_cache/05115.pt
WLASL/videos/05116.mp4,bark,150,features_cache/05116.pt
WLASL/videos/05117.mp4,bark,150,features_cache/05117.pt
WLASL/videos/05118.mp4,bark,150,features_cache/05118.pt
WLASL/videos/05110.mp4,bark,150,features_cache/05110.pt
WLASL/videos/05651.mp4,bedroom,165,features_cache/05651.pt
WLASL/videos/05658.mp4,bedroom,165,features_cache/05658.pt
WLASL/videos/05659.mp4,bedroom,165,features_cache/05659.pt
WLASL/videos/65164.mp4,bedroom,165,features_cache/65164.pt
WLASL/videos/67401.mp4,bedroom,165,features_cache/67401.pt
WLASL/videos/05661.mp4,bedroom,165,features_cache/05661.pt
WLASL/videos/05652.mp4,bedroom,165,features_cache/05652.pt
WLASL/videos/05656.mp4,bedroom,165,features_cache/05656.pt
WLASL/videos/05699.mp4,beer,167,features_cache/05699.pt
WLASL/videos/05712.mp4,beer,167,features_cache/05712.pt
WLASL/videos/05713.mp4,beer,167,features_cache/05713.pt
WLASL/videos/05705.mp4,beer,167,features_cache/05705.pt
WLASL/videos/67402.mp4,beer,167,features_cache/67402.pt
WLASL/videos/05715.mp4,beer,167,features_cache/05715.pt
WLASL/videos/05706.mp4,beer,167,features_cache/05706.pt
WLASL/videos/05711.mp4,beer,167,features_cache/05711.pt
WLASL/videos/05921.mp4,belt,177,features_cache/05921.pt
WLASL/videos/05930.mp4,belt,177,features_cache/05930.pt
WLASL/videos/05931.mp4,belt,177,features_cache/05931.pt
WLASL/videos/05923.mp4,belt,177,features_cache/05923.pt
WLASL/videos/67407.mp4,belt,177,features_cache/67407.pt
WLASL/videos/05924.mp4,belt,177,features_cache/05924.pt
WLASL/videos/05925.mp4,belt,177,features_cache/05925.pt
WLASL/videos/05929.mp4,belt,177,features_cache/05929.pt
WLASL/videos/06176.mp4,big,187,features_cache/06176.pt
WLASL/videos/69231.mp4,big,187,features_cache/69231.pt
WLASL/videos/06199.mp4,big,187,features_cache/06199.pt
WLASL/videos/65182.mp4,big,187,features_cache/65182.pt
WLASL/videos/65183.mp4,big,187,features_cache/65183.pt
WLASL/videos/06192.mp4,big,187,features_cache/06192.pt
WLASL/videos/06202.mp4,big,187,features_cache/06202.pt
WLASL/videos/06196.mp4,big,187,features_cache/06196.pt
WLASL/videos/06425.mp4,bitter,195,features_cache/06425.pt
WLASL/videos/06435.mp4,bitter,195,features_cache/06435.pt
WLASL/videos/06436.mp4,bitter,195,features_cache/06436.pt
WLASL/videos/06428.mp4,bitter,195,features_cache/06428.pt
WLASL/videos/06438.mp4,bitter,195,features_cache/06438.pt
WLASL/videos/06439.mp4,bitter,195,features_cache/06439.pt
WLASL/videos/06429.mp4,bitter,195,features_cache/06429.pt
WLASL/videos/06433.mp4,bitter,195,features_cache/06433.pt
WLASL/videos/07258.mp4,both,217,features_cache/07258.pt
WLASL/videos/69242.mp4,both,217,features_cache/69242.pt
WLASL/videos/68013.mp4,both,217,features_cache/68013.pt
WLASL/videos/65233.mp4,both,217,features_cache/65233.pt
WLASL/videos/07271.mp4,both,217,features_cache/07271.pt
WLASL/videos/07272.mp4,both,217,features_cache/07272.pt
WLASL/videos/07273.mp4,both,217,features_cache/07273.pt
WLASL/videos/07277.mp4,both,217,features_cache/07277.pt
WLASL/videos/08608.mp4,cake,269,features_cache/08608.pt
WLASL/videos/65286.mp4,cake,269,features_cache/65286.pt
WLASL/videos/08612.mp4,cake,269,features_cache/08612.pt
WLASL/videos/67457.mp4,cake,269,features_cache/67457.pt
WLASL/videos/08613.mp4,cake,269,features_cache/08613.pt
WLASL/videos/08614.mp4,cake,269,features_cache/08614.pt
WLASL/videos/08615.mp4,cake,269,features_cache/08615.pt
WLASL/videos/08618.mp4,cake,269,features_cache/08618.pt
WLASL/videos/08669.mp4,california,273,features_cache/08669.pt
WLASL/videos/08676.mp4,california,273,features_cache/08676.pt
WLASL/videos/08677.mp4,california,273,features_cache/08677.pt
WLASL/videos/08679.mp4,california,273,features_cache/08679.pt
WLASL/videos/08680.mp4,california,273,features_cache/08680.pt
WLASL/videos/08670.mp4,california,273,features_cache/08670.pt
WLASL/videos/08671.mp4,california,273,features_cache/08671.pt
WLASL/videos/08675.mp4,california,273,features_cache/08675.pt
WLASL/videos/08840.mp4,canada,281,features_cache/08840.pt
WLASL/videos/08848.mp4,canada,281,features_cache/08848.pt
WLASL/videos/08849.mp4,canada,281,features_cache/08849.pt
WLASL/videos/67466.mp4,canada,281,features_cache/67466.pt
WLASL/videos/08841.mp4,canada,281,features_cache/08841.pt
WLASL/videos/08842.mp4,canada,281,features_cache/08842.pt
WLASL/videos/08843.mp4,canada,281,features_cache/08843.pt
WLASL/videos/08847.mp4,canada,281,features_cache/08847.pt
WLASL/videos/69259.mp4,carrot,297,features_cache/69259.pt
WLASL/videos/65308.mp4,carrot,297,features_cache/65308.pt
WLASL/videos/09311.mp4,carrot,297,features_cache/09311.pt
WLASL/videos/09314.mp4,carrot,297,features_cache/09314.pt
WLASL/videos/09305.mp4,carrot,297,features_cache/09305.pt
WLASL/videos/67474.mp4,carrot,297,features_cache/67474.pt
WLASL/videos/09306.mp4,carrot,297,features_cache/09306.pt
WLASL/videos/09310.mp4,carrot,297,features_cache/09310.pt
WLASL/videos/09570.mp4,cause,304,features_cache/09570.pt
WLASL/videos/09579.mp4,cause,304,features_cache/09579.pt
WLASL/videos/09580.mp4,cause,304,features_cache/09580.pt
WLASL/videos/09572.mp4,cause,304,features_cache/09572.pt
WLASL/videos/67479.mp4,cause,304,features_cache/67479.pt
WLASL/videos/09573.mp4,cause,304,features_cache/09573.pt
WLASL/videos/09574.mp4,cause,304,features_cache/09574.pt
WLASL/videos/09578.mp4,cause,304,features_cache/09578.pt
WLASL/videos/09891.mp4,challenge,314,features_cache/09891.pt
WLASL/videos/09899.mp4,challenge,314,features_cache/09899.pt
WLASL/videos/09900.mp4,challenge,314,features_cache/09900.pt
WLASL/videos/67485.mp4,challenge,314,features_cache/67485.pt
WLASL/videos/09892.mp4,challenge,314,features_cache/09892.pt
WLASL/videos/09893.mp4,challenge,314,features_cache/09893.pt
WLASL/videos/09894.mp4,challenge,314,features_cache/09894.pt
WLASL/videos/09898.mp4,challenge,314,features_cache/09898.pt
WLASL/videos/10134.mp4,cheap,322,features_cache/10134.pt
WLASL/videos/10142.mp4,cheap,322,features_cache/10142.pt
WLASL/videos/10143.mp4,cheap,322,features_cache/10143.pt
WLASL/videos/10144.mp4,cheap,322,features_cache/10144.pt
WLASL/videos/10135.mp4,cheap,322,features_cache/10135.pt
WLASL/videos/10136.mp4,cheap,322,features_cache/10136.pt
WLASL/videos/10137.mp4,cheap,322,features_cache/10137.pt
WLASL/videos/10141.mp4,cheap,322,features_cache/10141.pt
WLASL/videos/10577.mp4,chocolate,335,features_cache/10577.pt
WLASL/videos/10586.mp4,chocolate,335,features_cache/10586.pt
WLASL/videos/10587.mp4,chocolate,335,features_cache/10587.pt
WLASL/videos/10579.mp4,chocolate,335,features_cache/10579.pt
WLASL/videos/67497.mp4,chocolate,335,features_cache/67497.pt
WLASL/videos/10580.mp4,chocolate,335,features_cache/10580.pt
WLASL/videos/10581.mp4,chocolate,335,features_cache/10581.pt
WLASL/videos/10585.mp4,chocolate,335,features_cache/10585.pt
WLASL/videos/11030.mp4,clean,350,features_cache/11030.pt
WLASL/videos/68410.mp4,clean,350,features_cache/68410.pt
WLASL/videos/11042.mp4,clean,350,features_cache/11042.pt
WLASL/videos/11034.mp4,clean,350,features_cache/11034.pt
WLASL/videos/11035.mp4,clean,350,features_cache/11035.pt
WLASL/videos/11036.mp4,clean,350,features_cache/11036.pt
WLASL/videos/11037.mp4,clean,350,features_cache/11037.pt
WLASL/videos/11041.mp4,clean,350,features_cache/11041.pt
WLASL/videos/11356.mp4,cloud,359,features_cache/11356.pt
WLASL/videos/11357.mp4,cloud,359,features_cache/11357.pt
WLASL/videos/11358.mp4,cloud,359,features_cache/11358.pt
WLASL/videos/11359.mp4,cloud,359,features_cache/11359.pt
WLASL/videos/11360.mp4,cloud,359,features_cache/11360.pt
WLASL/videos/11361.mp4,cloud,359,features_cache/11361.pt
WLASL/videos/11362.mp4,cloud,359,features_cache/11362.pt
WLASL/videos/11363.mp4,cloud,359,features_cache/11363.pt
WLASL/videos/12111.mp4,compare,386,features_cache/12111.pt
WLASL/videos/12121.mp4,compare,386,features_cache/12121.pt
WLASL/videos/12122.mp4,compare,386,features_cache/12122.pt
WLASL/videos/12113.mp4,compare,386,features_cache/12113.pt
WLASL/videos/12114.mp4,compare,386,features_cache/12114.pt
WLASL/videos/12115.mp4,compare,386,features_cache/12115.pt
WLASL/videos/12116.mp4,compare,386,features_cache/12116.pt
WLASL/videos/12120.mp4,compare,386,features_cache/12120.pt
WLASL/videos/12222.mp4,complex,390,features_cache/12222.pt
WLASL/videos/12229.mp4,complex,390,features_cache/12229.pt
WLASL/videos/12230.mp4,complex,390,features_cache/12230.pt
WLASL/videos/65388.mp4,complex,390,features_cache/65388.pt
WLASL/videos/65389.mp4,complex,390,features_cache/65389.pt
WLASL/videos/67518.mp4,complex,390,features_cache/67518.pt
WLASL/videos/12223.mp4,complex,390,features_cache/12223.pt
WLASL/videos/12228.mp4,complex,390,features_cache/12228.pt
WLASL/videos/12870.mp4,contact,407,features_cache/12870.pt
WLASL/videos/12878.mp4,contact,407,features_cache/12878.pt
WLASL/videos/12879.mp4,contact,407,features_cache/12879.pt
WLASL/videos/67524.mp4,contact,407,features_cache/67524.pt
WLASL/videos/12871.mp4,contact,407,features_cache/12871.pt
WLASL/videos/12872.mp4,contact,407,features_cache/12872.pt
WLASL/videos/12873.mp4,contact,407,features_cache/12873.pt
WLASL/videos/12877.mp4,contact,407,features_cache/12877.pt
WLASL/videos/12967.mp4,continue,409,features_cache/12967.pt
WLASL/videos/12975.mp4,continue,409,features_cache/12975.pt
WLASL/videos/12976.mp4,continue,409,features_cache/12976.pt
WLASL/videos/12977.mp4,continue,409,features_cache/12977.pt
WLASL/videos/12968.mp4,continue,409,features_cache/12968.pt
WLASL/videos/12969.mp4,continue,409,features_cache/12969.pt
WLASL/videos/12970.mp4,continue,409,features_cache/12970.pt
WLASL/videos/12974.mp4,continue,409,features_cache/12974.pt
WLASL/videos/13311.mp4,corner,423,features_cache/13311.pt
WLASL/videos/70181.mp4,corner,423,features_cache/70181.pt
WLASL/videos/13320.mp4,corner,423,features_cache/13320.pt
WLASL/videos/13312.mp4,corner,423,features_cache/13312.pt
WLASL/videos/13313.mp4,corner,423,features_cache/13313.pt
WLASL/videos/13314.mp4,corner,423,features_cache/13314.pt
WLASL/videos/13315.mp4,corner,423,features_cache/13315.pt
WLASL/videos/13319.mp4,corner,423,features_cache/13319.pt
WLASL/videos/13349.mp4,correct,424,features_cache/13349.pt
WLASL/videos/13350.mp4,correct,424,features_cache/13350.pt
WLASL/videos/13351.mp4,correct,424,features_cache/13351.pt
WLASL/videos/13352.mp4,correct,424,features_cache/13352.pt
WLASL/videos/13353.mp4,correct,424,features_cache/13353.pt
WLASL/videos/13354.mp4,correct,424,features_cache/13354.pt
WLASL/videos/13355.mp4,correct,424,features_cache/13355.pt
WLASL/videos/13356.mp4,correct,424,features_cache/13356.pt
WLASL/videos/14374.mp4,curse,453,features_cache/14374.pt
WLASL/videos/14385.mp4,curse,453,features_cache/14385.pt
WLASL/videos/14376.mp4,curse,453,features_cache/14376.pt
WLASL/videos/14377.mp4,curse,453,features_cache/14377.pt
WLASL/videos/14378.mp4,curse,453,features_cache/14378.pt
WLASL/videos/14379.mp4,curse,453,features_cache/14379.pt
WLASL/videos/14380.mp4,curse,453,features_cache/14380.pt
WLASL/videos/14381.mp4,curse,453,features_cache/14381.pt
WLASL/videos/14829.mp4,dead,471,features_cache/14829.pt
WLASL/videos/68614.mp4,dead,471,features_cache/68614.pt
WLASL/videos/14843.mp4,dead,471,features_cache/14843.pt
WLASL/videos/14835.mp4,dead,471,features_cache/14835.pt
WLASL/videos/14845.mp4,dead,471,features_cache/14845.pt
WLASL/videos/14836.mp4,dead,471,features_cache/14836.pt
WLASL/videos/14837.mp4,dead,471,features_cache/14837.pt
WLASL/videos/14841.mp4,dead,471,features_cache/14841.pt
WLASL/videos/15421.mp4,demand,489,features_cache/15421.pt
WLASL/videos/15429.mp4,demand,489,features_cache/15429.pt
WLASL/videos/15430.mp4,demand,489,features_cache/15430.pt
WLASL/videos/67560.mp4,demand,489,features_cache/67560.pt
WLASL/videos/15422.mp4,demand,489,features_cache/15422.pt
WLASL/videos/15423.mp4,demand,489,features_cache/15423.pt
WLASL/videos/15424.mp4,demand,489,features_cache/15424.pt
WLASL/videos/15428.mp4,demand,489,features_cache/15428.pt
WLASL/videos/15594.mp4,depend,496,features_cache/15594.pt
WLASL/videos/15609.mp4,depend,496,features_cache/15609.pt
WLASL/videos/15610.mp4,depend,496,features_cache/15610.pt
WLASL/videos/15601.mp4,depend,496,features_cache/15601.pt
WLASL/videos/15602.mp4,depend,496,features_cache/15602.pt
WLASL/videos/15603.mp4,depend,496,features_cache/15603.pt
WLASL/videos/15604.mp4,depend,496,features_cache/15604.pt
WLASL/videos/15608.mp4,depend,496,features_cache/15608.pt
WLASL/videos/15728.mp4,desert,501,features_cache/15728.pt
WLASL/videos/67565.mp4,desert,501,features_cache/67565.pt
WLASL/videos/15731.mp4,desert,501,features_cache/15731.pt
WLASL/videos/15732.mp4,desert,501,features_cache/15732.pt
WLASL/videos/15723.mp4,desert,501,features_cache/15723.pt
WLASL/videos/15724.mp4,desert,501,features_cache/15724.pt
WLASL/videos/15725.mp4,desert,501,features_cache/15725.pt
WLASL/videos/15726.mp4,desert,501,features_cache/15726.pt
WLASL/videos/15769.mp4,desk,503,features_cache/15769.pt
WLASL/videos/70229.mp4,desk,503,features_cache/70229.pt
WLASL/videos/15781.mp4,desk,503,features_cache/15781.pt
WLASL/videos/15773.mp4,desk,503,features_cache/15773.pt
WLASL/videos/15774.mp4,desk,503,features_cache/15774.pt
WLASL/videos/15775.mp4,desk,503,features_cache/15775.pt
WLASL/videos/15776.mp4,desk,503,features_cache/15776.pt
WLASL/videos/15780.mp4,desk,503,features_cache/15780.pt
WLASL/videos/15932.mp4,develop,509,features_cache/15932.pt
WLASL/videos/15940.mp4,develop,509,features_cache/15940.pt
WLASL/videos/15941.mp4,develop,509,features_cache/15941.pt
WLASL/videos/65473.mp4,develop,509,features_cache/65473.pt
WLASL/videos/15933.mp4,develop,509,features_cache/15933.pt
WLASL/videos/15934.mp4,develop,509,features_cache/15934.pt
WLASL/videos/15935.mp4,develop,509,features_cache/15935.pt
WLASL/videos/15939.mp4,develop,509,features_cache/15939.pt
WLASL/videos/16123.mp4,dictionary,516,features_cache/16123.pt
WLASL/videos/16131.mp4,dictionary,516,features_cache/16131.pt
WLASL/videos/16132.mp4,dictionary,516,features_cache/16132.pt
WLASL/videos/16134.mp4,dictionary,516,features_cache/16134.pt
WLASL/videos/16124.mp4,dictionary,516,features_cache/16124.pt
WLASL/videos/16125.mp4,dictionary,516,features_cache/16125.pt
WLASL/videos/16126.mp4,dictionary,516,features_cache/16126.pt
WLASL/videos/16130.mp4,dictionary,516,features_cache/16130.pt
WLASL/videos/17122.mp4,doll,549,features_cache/17122.pt
WLASL/videos/69299.mp4,doll,549,features_cache/69299.pt
WLASL/videos/17151.mp4,doll,549,features_cache/17151.pt
WLASL/videos/17153.mp4,doll,549,features_cache/17153.pt
WLASL/videos/65510.mp4,doll,549,features_cache/65510.pt
WLASL/videos/17144.mp4,doll,549,features_cache/17144.pt
WLASL/videos/67580.mp4,doll,549,features_cache/67580.pt
WLASL/videos/17150.mp4,doll,549,features_cache/17150.pt
WLASL/videos/65554.mp4,duty,581,features_cache/65554.pt
WLASL/videos/18066.mp4,duty,581,features_cache/18066.pt
WLASL/videos/18067.mp4,duty,581,features_cache/18067.pt
WLASL/videos/18068.mp4,duty,581,features_cache/18068.pt
WLASL/videos/18059.mp4,duty,581,features_cache/18059.pt
WLASL/videos/18060.mp4,duty,581,features_cache/18060.pt
WLASL/videos/18061.mp4,duty,581,features_cache/18061.pt
WLASL/videos/18065.mp4,duty,581,features_cache/18065.pt
WLASL/videos/18271.mp4,easter,594,features_cache/18271.pt
WLASL/videos/18275.mp4,easter,594,features_cache/18275.pt
WLASL/videos/18276.mp4,easter,594,features_cache/18276.pt
WLASL/videos/18278.mp4,easter,594,features_cache/18278.pt
WLASL/videos/18279.mp4,easter,594,features_cache/18279.pt
WLASL/videos/18280.mp4,easter,594,features_cache/18280.pt
WLASL/videos/65599.mp4,easter,594,features_cache/65599.pt
WLASL/videos/18273.mp4,easter,594,features_cache/18273.pt
WLASL/videos/18521.mp4,egypt,602,features_cache/18521.pt
WLASL/videos/18528.mp4,egypt,602,features_cache/18528.pt
WLASL/videos/18529.mp4,egypt,602,features_cache/18529.pt
WLASL/videos/65609.mp4,egypt,602,features_cache/65609.pt
WLASL/videos/67614.mp4,egypt,602,features_cache/67614.pt
WLASL/videos/18531.mp4,egypt,602,features_cache/18531.pt
WLASL/videos/18532.mp4,egypt,602,features_cache/18532.pt
WLASL/videos/18526.mp4,egypt,602,features_cache/18526.pt
WLASL/videos/18785.mp4,elevator,610,features_cache/18785.pt
WLASL/videos/70195.mp4,elevator,610,features_cache/70195.pt
WLASL/videos/68910.mp4,elevator,610,features_cache/68910.pt
WLASL/videos/18793.mp4,elevator,610,features_cache/18793.pt
WLASL/videos/18796.mp4,elevator,610,features_cache/18796.pt
WLASL/videos/65621.mp4,elevator,610,features_cache/65621.pt
WLASL/videos/18788.mp4,elevator,610,features_cache/18788.pt
WLASL/videos/18791.mp4,elevator,610,features_cache/18791.pt
WLASL/videos/18873.mp4,email,612,features_cache/18873.pt
WLASL/videos/18875.mp4,email,612,features_cache/18875.pt
WLASL/videos/18876.mp4,email,612,features_cache/18876.pt
WLASL/videos/18877.mp4,email,612,features_cache/18877.pt
WLASL/videos/67618.mp4,email,612,features_cache/67618.pt
WLASL/videos/18871.mp4,email,612,features_cache/18871.pt
WLASL/videos/18878.mp4,email,612,features_cache/18878.pt
WLASL/videos/18883.mp4,email,612,features_cache/18883.pt
WLASL/videos/19103.mp4,end,618,features_cache/19103.pt
WLASL/videos/19117.mp4,end,618,features_cache/19117.pt
WLASL/videos/19118.mp4,end,618,features_cache/19118.pt
WLASL/videos/19119.mp4,end,618,features_cache/19119.pt
WLASL/videos/19110.mp4,end,618,features_cache/19110.pt
WLASL/videos/19111.mp4,end,618,features_cache/19111.pt
WLASL/videos/19112.mp4,end,618,features_cache/19112.pt
WLASL/videos/19116.mp4,end,618,features_cache/19116.pt
WLASL/videos/19325.mp4,enter,629,features_cache/19325.pt
WLASL/videos/70146.mp4,enter,629,features_cache/70146.pt
WLASL/videos/19334.mp4,enter,629,features_cache/19334.pt
WLASL/videos/19326.mp4,enter,629,features_cache/19326.pt
WLASL/videos/19327.mp4,enter,629,features_cache/19327.pt
WLASL/videos/19328.mp4,enter,629,features_cache/19328.pt
WLASL/videos/19329.mp4,enter,629,features_cache/19329.pt
WLASL/videos/19333.mp4,enter,629,features_cache/19333.pt
WLASL/videos/19679.mp4,europe,638,features_cache/19679.pt
WLASL/videos/19692.mp4,europe,638,features_cache/19692.pt
WLASL/videos/19693.mp4,europe,638,features_cache/19693.pt
WLASL/videos/19685.mp4,europe,638,features_cache/19685.pt
WLASL/videos/67631.mp4,europe,638,features_cache/67631.pt
WLASL/videos/19695.mp4,europe,638,features_cache/19695.pt
WLASL/videos/19686.mp4,europe,638,features_cache/19686.pt
WLASL/videos/19690.mp4,europe,638,features_cache/19690.pt
WLASL/videos/19768.mp4,event,641,features_cache/19768.pt
WLASL/videos/65647.mp4,event,641,features_cache/65647.pt
WLASL/videos/19770.mp4,event,641,features_cache/19770.pt
WLASL/videos/19761.mp4,event,641,features_cache/19761.pt
WLASL/videos/19762.mp4,event,641,features_cache/19762.pt
WLASL/videos/19763.mp4,event,641,features_cache/19763.pt
WLASL/videos/19765.mp4,event,641,features_cache/19765.pt
WLASL/videos/19766.mp4,event,641,features_cache/19766.pt
WLASL/videos/20137.mp4,exchange,652,features_cache/20137.pt
WLASL/videos/20144.mp4,exchange,652,features_cache/20144.pt
WLASL/videos/20145.mp4,exchange,652,features_cache/20145.pt
WLASL/videos/20147.mp4,exchange,652,features_cache/20147.pt
WLASL/videos/20148.mp4,exchange,652,features_cache/20148.pt
WLASL/videos/20149.mp4,exchange,652,features_cache/20149.pt
WLASL/videos/20138.mp4,exchange,652,features_cache/20138.pt
WLASL/videos/20143.mp4,exchange,652,features_cache/20143.pt
WLASL/videos/20374.mp4,experience,660,features_cache/20374.pt
WLASL/videos/20385.mp4,experience,660,features_cache/20385.pt
WLASL/videos/20386.mp4,experience,660,features_cache/20386.pt
WLASL/videos/20378.mp4,experience,660,features_cache/20378.pt
WLASL/videos/67635.mp4,experience,660,features_cache/67635.pt
WLASL/videos/20379.mp4,experience,660,features_cache/20379.pt
WLASL/videos/20380.mp4,experience,660,features_cache/20380.pt
WLASL/videos/20384.mp4,experience,660,features_cache/20384.pt
WLASL/videos/20693.mp4,face,670,features_cache/20693.pt
WLASL/videos/20703.mp4,face,670,features_cache/20703.pt
WLASL/videos/20706.mp4,face,670,features_cache/20706.pt
WLASL/videos/65668.mp4,face,670,features_cache/65668.pt
WLASL/videos/65669.mp4,face,670,features_cache/65669.pt
WLASL/videos/20699.mp4,face,670,features_cache/20699.pt
WLASL/videos/20709.mp4,face,670,features_cache/20709.pt
WLASL/videos/20702.mp4,face,670,features_cache/20702.pt
WLASL/videos/20792.mp4,fail,673,features_cache/20792.pt
WLASL/videos/70100.mp4,fail,673,features_cache/70100.pt
WLASL/videos/20801.mp4,fail,673,features_cache/20801.pt
WLASL/videos/20793.mp4,fail,673,features_cache/20793.pt
WLASL/videos/20794.mp4,fail,673,features_cache/20794.pt
WLASL/videos/20795.mp4,fail,673,features_cache/20795.pt
WLASL/videos/20796.mp4,fail,673,features_cache/20796.pt
WLASL/videos/20800.mp4,fail,673,features_cache/20800.pt
WLASL/videos/21393.mp4,feed,692,features_cache/21393.pt
WLASL/videos/68582.mp4,feed,692,features_cache/68582.pt
WLASL/videos/21417.mp4,feed,692,features_cache/21417.pt
WLASL/videos/21409.mp4,feed,692,features_cache/21409.pt
WLASL/videos/21410.mp4,feed,692,features_cache/21410.pt
WLASL/videos/21411.mp4,feed,692,features_cache/21411.pt
WLASL/videos/21412.mp4,feed,692,features_cache/21412.pt
WLASL/videos/21416.mp4,feed,692,features_cache/21416.pt
WLASL/videos/21548.mp4,few,697,features_cache/21548.pt
WLASL/videos/21557.mp4,few,697,features_cache/21557.pt
WLASL/videos/21558.mp4,few,697,features_cache/21558.pt
WLASL/videos/21551.mp4,few,697,features_cache/21551.pt
WLASL/videos/67652.mp4,few,697,features_cache/67652.pt
WLASL/videos/21561.mp4,few,697,features_cache/21561.pt
WLASL/videos/21562.mp4,few,697,features_cache/21562.pt
WLASL/videos/21555.mp4,few,697,features_cache/21555.pt
WLASL/videos/22269.mp4,flag,713,features_cache/22269.pt
WLASL/videos/22279.mp4,flag,713,features_cache/22279.pt
WLASL/videos/22280.mp4,flag,713,features_cache/22280.pt
WLASL/videos/22272.mp4,flag,713,features_cache/22272.pt
WLASL/videos/67669.mp4,flag,713,features_cache/67669.pt
WLASL/videos/22273.mp4,flag,713,features_cache/22273.pt
WLASL/videos/22274.mp4,flag,713,features_cache/22274.pt
WLASL/videos/22278.mp4,flag,713,features_cache/22278.pt
WLASL/videos/22739.mp4,food,725,features_cache/22739.pt
WLASL/videos/69330.mp4,food,725,features_cache/69330.pt
WLASL/videos/68052.mp4,food,725,features_cache/68052.pt
WLASL/videos/22743.mp4,food,725,features_cache/22743.pt
WLASL/videos/22744.mp4,food,725,features_cache/22744.pt
WLASL/videos/22745.mp4,food,725,features_cache/22745.pt
WLASL/videos/22746.mp4,food,725,features_cache/22746.pt
WLASL/videos/22750.mp4,food,725,features_cache/22750.pt
WLASL/videos/22836.mp4,for,728,features_cache/22836.pt
WLASL/videos/70273.mp4,for,728,features_cache/70273.pt
WLASL/videos/23000.mp4,for,728,features_cache/23000.pt
WLASL/videos/22993.mp4,for,728,features_cache/22993.pt
WLASL/videos/67675.mp4,for,728,features_cache/67675.pt
WLASL/videos/22994.mp4,for,728,features_cache/22994.pt
WLASL/videos/22995.mp4,for,728,features_cache/22995.pt
WLASL/videos/22999.mp4,for,728,features_cache/22999.pt
WLASL/videos/23047.mp4,form,735,features_cache/23047.pt
WLASL/videos/23049.mp4,form,735,features_cache/23049.pt
WLASL/videos/23051.mp4,form,735,features_cache/23051.pt
WLASL/videos/23053.mp4,form,735,features_cache/23053.pt
WLASL/videos/23054.mp4,form,735,features_cache/23054.pt
WLASL/videos/23055.mp4,form,735,features_cache/23055.pt
WLASL/videos/23056.mp4,form,735,features_cache/23056.pt
WLASL/videos/23043.mp4,form,735,features_cache/23043.pt
WLASL/videos/23439.mp4,freeze,743,features_cache/23439.pt
WLASL/videos/23450.mp4,freeze,743,features_cache/23450.pt
WLASL/videos/23451.mp4,freeze,743,features_cache/23451.pt
WLASL/videos/23442.mp4,freeze,743,features_cache/23442.pt
WLASL/videos/23443.mp4,freeze,743,features_cache/23443.pt
WLASL/videos/23444.mp4,freeze,743,features_cache/23444.pt
WLASL/videos/23445.mp4,freeze,743,features_cache/23445.pt
WLASL/videos/23449.mp4,freeze,743,features_cache/23449.pt
WLASL/videos/23541.mp4,friday,746,features_cache/23541.pt
WLASL/videos/70027.mp4,friday,746,features_cache/70027.pt
WLASL/videos/23546.mp4,friday,746,features_cache/23546.pt
WLASL/videos/23550.mp4,friday,746,features_cache/23550.pt
WLASL/videos/65781.mp4,friday,746,features_cache/65781.pt
WLASL/videos/67690.mp4,friday,746,features_cache/67690.pt
WLASL/videos/23551.mp4,friday,746,features_cache/23551.pt
WLASL/videos/23545.mp4,friday,746,features_cache/23545.pt
WLASL/videos/70163.mp4,front,752,features_cache/70163.pt
WLASL/videos/23672.mp4,front,752,features_cache/23672.pt
WLASL/videos/23673.mp4,front,752,features_cache/23673.pt
WLASL/videos/23664.mp4,front,752,features_cache/23664.pt
WLASL/videos/67695.mp4,front,752,features_cache/67695.pt
WLASL/videos/23665.mp4,front,752,features_cache/23665.pt
WLASL/videos/23666.mp4,front,752,features_cache/23666.pt
WLASL/videos/23670.mp4,front,752,features_cache/23670.pt
WLASL/videos/24580.mp4,giraffe,781,features_cache/24580.pt
WLASL/videos/24588.mp4,giraffe,781,features_cache/24588.pt
WLASL/videos/24589.mp4,giraffe,781,features_cache/24589.pt
WLASL/videos/67708.mp4,giraffe,781,features_cache/67708.pt
WLASL/videos/24581.mp4,giraffe,781,features_cache/24581.pt
WLASL/videos/24582.mp4,giraffe,781,features_cache/24582.pt
WLASL/videos/24583.mp4,giraffe,781,features_cache/24583.pt
WLASL/videos/24587.mp4,giraffe,781,features_cache/24587.pt
WLASL/videos/24909.mp4,god,792,features_cache/24909.pt
WLASL/videos/24921.mp4,god,792,features_cache/24921.pt
WLASL/videos/24922.mp4,god,792,features_cache/24922.pt
WLASL/videos/24914.mp4,god,792,features_cache/24914.pt
WLASL/videos/67716.mp4,god,792,features_cache/67716.pt
WLASL/videos/24915.mp4,god,792,features_cache/24915.pt
WLASL/videos/24916.mp4,god,792,features_cache/24916.pt
WLASL/videos/24920.mp4,god,792,features_cache/24920.pt
WLASL/videos/25370.mp4,grammar,804,features_cache/25370.pt
WLASL/videos/25378.mp4,grammar,804,features_cache/25378.pt
WLASL/videos/25379.mp4,grammar,804,features_cache/25379.pt
WLASL/videos/25380.mp4,grammar,804,features_cache/25380.pt
WLASL/videos/25371.mp4,grammar,804,features_cache/25371.pt
WLASL/videos/25372.mp4,grammar,804,features_cache/25372.pt
WLASL/videos/25373.mp4,grammar,804,features_cache/25373.pt
WLASL/videos/25377.mp4,grammar,804,features_cache/25377.pt
WLASL/videos/25404.mp4,grandfather,805,features_cache/25404.pt
WLASL/videos/70330.mp4,grandfather,805,features_cache/70330.pt
WLASL/videos/25413.mp4,grandfather,805,features_cache/25413.pt
WLASL/videos/25406.mp4,grandfather,805,features_cache/25406.pt
WLASL/videos/67724.mp4,grandfather,805,features_cache/67724.pt
WLASL/videos/25407.mp4,grandfather,805,features_cache/25407.pt
WLASL/videos/25408.mp4,grandfather,805,features_cache/25408.pt
WLASL/videos/25412.mp4,grandfather,805,features_cache/25412.pt
WLASL/videos/69352.mp4,great,812,features_cache/69352.pt
WLASL/videos/25621.mp4,great,812,features_cache/25621.pt
WLASL/videos/25624.mp4,great,812,features_cache/25624.pt
WLASL/videos/25627.mp4,great,812,features_cache/25627.pt
WLASL/videos/25628.mp4,great,812,features_cache/25628.pt
WLASL/videos/25631.mp4,great,812,features_cache/25631.pt
WLASL/videos/25634.mp4,great,812,features_cache/25634.pt
WLASL/videos/25623.mp4,great,812,features_cache/25623.pt
WLASL/videos/25640.mp4,greece,813,features_cache/25640.pt
WLASL/videos/25649.mp4,greece,813,features_cache/25649.pt
WLASL/videos/25650.mp4,greece,813,features_cache/25650.pt
WLASL/videos/65853.mp4,greece,813,features_cache/65853.pt
WLASL/videos/25642.mp4,greece,813,features_cache/25642.pt
WLASL/videos/67728.mp4,greece,813,features_cache/67728.pt
WLASL/videos/25644.mp4,greece,813,features_cache/25644.pt
WLASL/videos/25648.mp4,greece,813,features_cache/25648.pt
WLASL/videos/65864.mp4,guess,819,features_cache/65864.pt
WLASL/videos/25920.mp4,guess,819,features_cache/25920.pt
WLASL/videos/25917.mp4,guess,819,features_cache/25917.pt
WLASL/videos/67732.mp4,guess,819,features_cache/67732.pt
WLASL/videos/25918.mp4,guess,819,features_cache/25918.pt
WLASL/videos/25921.mp4,guess,819,features_cache/25921.pt
WLASL/videos/25922.mp4,guess,819,features_cache/25922.pt
WLASL/videos/25926.mp4,guess,819,features_cache/25926.pt
WLASL/videos/25975.mp4,guitar,822,features_cache/25975.pt
WLASL/videos/25983.mp4,guitar,822,features_cache/25983.pt
WLASL/videos/25984.mp4,guitar,822,features_cache/25984.pt
WLASL/videos/67734.mp4,guitar,822,features_cache/67734.pt
WLASL/videos/25976.mp4,guitar,822,features_cache/25976.pt
WLASL/videos/25977.mp4,guitar,822,features_cache/25977.pt
WLASL/videos/25978.mp4,guitar,822,features_cache/25978.pt
WLASL/videos/25982.mp4,guitar,822,features_cache/25982.pt
WLASL/videos/26312.mp4,hammer,833,features_cache/26312.pt
WLASL/videos/26315.mp4,hammer,833,features_cache/26315.pt
WLASL/videos/26316.mp4,hammer,833,features_cache/26316.pt
WLASL/videos/26318.mp4,hammer,833,features_cache/26318.pt
WLASL/videos/26321.mp4,hammer,833,features_cache/26321.pt
WLASL/videos/65875.mp4,hammer,833,features_cache/65875.pt
WLASL/videos/67741.mp4,hammer,833,features_cache/67741.pt
WLASL/videos/26314.mp4,hammer,833,features_cache/26314.pt
WLASL/videos/27150.mp4,helicopter,855,features_cache/27150.pt
WLASL/videos/27158.mp4,helicopter,855,features_cache/27158.pt
WLASL/videos/27159.mp4,helicopter,855,features_cache/27159.pt
WLASL/videos/67754.mp4,helicopter,855,features_cache/67754.pt
WLASL/videos/27151.mp4,helicopter,855,features_cache/27151.pt
WLASL/videos/27152.mp4,helicopter,855,features_cache/27152.pt
WLASL/videos/27153.mp4,helicopter,855,features_cache/27153.pt
WLASL/videos/27157.mp4,helicopter,855,features_cache/27157.pt
WLASL/videos/27387.mp4,high,863,features_cache/27387.pt
WLASL/videos/27417.mp4,high,863,features_cache/27417.pt
WLASL/videos/65893.mp4,high,863,features_cache/65893.pt
WLASL/videos/27406.mp4,high,863,features_cache/27406.pt
WLASL/videos/27408.mp4,high,863,features_cache/27408.pt
WLASL/videos/27409.mp4,high,863,features_cache/27409.pt
WLASL/videos/67759.mp4,high,863,features_cache/67759.pt
WLASL/videos/27415.mp4,high,863,features_cache/27415.pt
WLASL/videos/27568.mp4,history,869,features_cache/27568.pt
WLASL/videos/27574.mp4,history,869,features_cache/27574.pt
WLASL/videos/27575.mp4,history,869,features_cache/27575.pt
WLASL/videos/65894.mp4,history,869,features_cache/65894.pt
WLASL/videos/67761.mp4,history,869,features_cache/67761.pt
WLASL/videos/27579.mp4,history,869,features_cache/27579.pt
WLASL/videos/27569.mp4,history,869,features_cache/27569.pt
WLASL/videos/27573.mp4,history,869,features_cache/27573.pt
WLASL/videos/28375.mp4,hungry,892,features_cache/28375.pt
WLASL/videos/28383.mp4,hungry,892,features_cache/28383.pt
WLASL/videos/28384.mp4,hungry,892,features_cache/28384.pt
WLASL/videos/28385.mp4,hungry,892,features_cache/28385.pt
WLASL/videos/28376.mp4,hungry,892,features_cache/28376.pt
WLASL/videos/28377.mp4,hungry,892,features_cache/28377.pt
WLASL/videos/28378.mp4,hungry,892,features_cache/28378.pt
WLASL/videos/28382.mp4,hungry,892,features_cache/28382.pt
WLASL/videos/28438.mp4,hurt,896,features_cache/28438.pt
WLASL/videos/70147.mp4,hurt,896,features_cache/70147.pt
WLASL/videos/28441.mp4,hurt,896,features_cache/28441.pt
WLASL/videos/28444.mp4,hurt,896,features_cache/28444.pt
WLASL/videos/28445.mp4,hurt,896,features_cache/28445.pt
WLASL/videos/28446.mp4,hurt,896,features_cache/28446.pt
WLASL/videos/28450.mp4,hurt,896,features_cache/28450.pt
WLASL/videos/28440.mp4,hurt,896,features_cache/28440.pt
WLASL/videos/30383.mp4,introduce,938,features_cache/30383.pt
WLASL/videos/30391.mp4,introduce,938,features_cache/30391.pt
WLASL/videos/30392.mp4,introduce,938,features_cache/30392.pt
WLASL/videos/67796.mp4,introduce,938,features_cache/67796.pt
WLASL/videos/30384.mp4,introduce,938,features_cache/30384.pt
WLASL/videos/30385.mp4,introduce,938,features_cache/30385.pt
WLASL/videos/30386.mp4,introduce,938,features_cache/30386.pt
WLASL/videos/30390.mp4,introduce,938,features_cache/30390.pt
WLASL/videos/30453.mp4,invest,939,features_cache/30453.pt
WLASL/videos/30458.mp4,invest,939,features_cache/30458.pt
WLASL/videos/65959.mp4,invest,939,features_cache/65959.pt
WLASL/videos/30451.mp4,invest,939,features_cache/30451.pt
WLASL/videos/30461.mp4,invest,939,features_cache/30461.pt
WLASL/videos/30463.mp4,invest,939,features_cache/30463.pt
WLASL/videos/30464.mp4,invest,939,features_cache/30464.pt
WLASL/videos/30452.mp4,invest,939,features_cache/30452.pt
WLASL/videos/32509.mp4,lazy,999,features_cache/32509.pt
WLASL/videos/32517.mp4,lazy,999,features_cache/32517.pt
WLASL/videos/32518.mp4,lazy,999,features_cache/32518.pt
WLASL/videos/67833.mp4,lazy,999,features_cache/67833.pt
WLASL/videos/32510.mp4,lazy,999,features_cache/32510.pt
WLASL/videos/32511.mp4,lazy,999,features_cache/32511.pt
WLASL/videos/32512.mp4,lazy,999,features_cache/32512.pt
WLASL/videos/32516.mp4,lazy,999,features_cache/32516.pt
WLASL/videos/33048.mp4,library,1020,features_cache/33048.pt
WLASL/videos/68206.mp4,library,1020,features_cache/68206.pt
WLASL/videos/70226.mp4,library,1020,features_cache/70226.pt
WLASL/videos/67843.mp4,library,1020,features_cache/67843.pt
WLASL/videos/33052.mp4,library,1020,features_cache/33052.pt
WLASL/videos/33053.mp4,library,1020,features_cache/33053.pt
WLASL/videos/33054.mp4,library,1020,features_cache/33054.pt
WLASL/videos/33058.mp4,library,1020,features_cache/33058.pt
WLASL/videos/66067.mp4,lie,1022,features_cache/66067.pt
WLASL/videos/33114.mp4,lie,1022,features_cache/33114.pt
WLASL/videos/33115.mp4,lie,1022,features_cache/33115.pt
WLASL/videos/33120.mp4,lie,1022,features_cache/33120.pt
WLASL/videos/33121.mp4,lie,1022,features_cache/33121.pt
WLASL/videos/33122.mp4,lie,1022,features_cache/33122.pt
WLASL/videos/67844.mp4,lie,1022,features_cache/67844.pt
WLASL/videos/33128.mp4,lie,1022,features_cache/33128.pt
WLASL/videos/33638.mp4,lobster,1038,features_cache/33638.pt
WLASL/videos/33646.mp4,lobster,1038,features_cache/33646.pt
WLASL/videos/33647.mp4,lobster,1038,features_cache/33647.pt
WLASL/videos/33648.mp4,lobster,1038,features_cache/33648.pt
WLASL/videos/33639.mp4,lobster,1038,features_cache/33639.pt
WLASL/videos/33640.mp4,lobster,1038,features_cache/33640.pt
WLASL/videos/33641.mp4,lobster,1038,features_cache/33641.pt
WLASL/videos/33645.mp4,lobster,1038,features_cache/33645.pt
WLASL/videos/34118.mp4,love,1049,features_cache/34118.pt
WLASL/videos/34123.mp4,love,1049,features_cache/34123.pt
WLASL/videos/34124.mp4,love,1049,features_cache/34124.pt
WLASL/videos/34127.mp4,love,1049,features_cache/34127.pt
WLASL/videos/34128.mp4,love,1049,features_cache/34128.pt
WLASL/videos/34129.mp4,love,1049,features_cache/34129.pt
WLASL/videos/34121.mp4,love,1049,features_cache/34121.pt
WLASL/videos/34137.mp4,love,1049,features_cache/34137.pt
WLASL/videos/66090.mp4,lucky,1050,features_cache/66090.pt
WLASL/videos/34210.mp4,lucky,1050,features_cache/34210.pt
WLASL/videos/34211.mp4,lucky,1050,features_cache/34211.pt
WLASL/videos/34213.mp4,lucky,1050,features_cache/34213.pt
WLASL/videos/34204.mp4,lucky,1050,features_cache/34204.pt
WLASL/videos/67866.mp4,lucky,1050,features_cache/67866.pt
WLASL/videos/34215.mp4,lucky,1050,features_cache/34215.pt
WLASL/videos/34208.mp4,lucky,1050,features_cache/34208.pt
WLASL/videos/34385.mp4,magazine,1055,features_cache/34385.pt
WLASL/videos/34393.mp4,magazine,1055,features_cache/34393.pt
WLASL/videos/34394.mp4,magazine,1055,features_cache/34394.pt
WLASL/videos/34395.mp4,magazine,1055,features_cache/34395.pt
WLASL/videos/34386.mp4,magazine,1055,features_cache/34386.pt
WLASL/videos/34387.mp4,magazine,1055,features_cache/34387.pt
WLASL/videos/34388.mp4,magazine,1055,features_cache/34388.pt
WLASL/videos/34392.mp4,magazine,1055,features_cache/34392.pt
WLASL/videos/66108.mp4,measure,1074,features_cache/66108.pt
WLASL/videos/70103.mp4,measure,1074,features_cache/70103.pt
WLASL/videos/35346.mp4,measure,1074,features_cache/35346.pt
WLASL/videos/67883.mp4,measure,1074,features_cache/67883.pt
WLASL/videos/35339.mp4,measure,1074,features_cache/35339.pt
WLASL/videos/35340.mp4,measure,1074,features_cache/35340.pt
WLASL/videos/35341.mp4,measure,1074,features_cache/35341.pt
WLASL/videos/35345.mp4,measure,1074,features_cache/35345.pt
WLASL/videos/35944.mp4,microwave,1090,features_cache/35944.pt
WLASL/videos/35949.mp4,microwave,1090,features_cache/35949.pt
WLASL/videos/35950.mp4,microwave,1090,features_cache/35950.pt
WLASL/videos/35953.mp4,microwave,1090,features_cache/35953.pt
WLASL/videos/66121.mp4,microwave,1090,features_cache/66121.pt
WLASL/videos/67892.mp4,microwave,1090,features_cache/67892.pt
WLASL/videos/35956.mp4,microwave,1090,features_cache/35956.pt
WLASL/videos/35948.mp4,microwave,1090,features_cache/35948.pt
WLASL/videos/37464.mp4,my,1136,features_cache/37464.pt
WLASL/videos/69404.mp4,my,1136,features_cache/69404.pt
WLASL/videos/37477.mp4,my,1136,features_cache/37477.pt
WLASL/videos/67920.mp4,my,1136,features_cache/67920.pt
WLASL/videos/37470.mp4,my,1136,features_cache/37470.pt
WLASL/videos/37471.mp4,my,1136,features_cache/37471.pt
WLASL/videos/37472.mp4,my,1136,features_cache/37472.pt
WLASL/videos/37476.mp4,my,1136,features_cache/37476.pt
WLASL/videos/37945.mp4,neighbor,1150,features_cache/37945.pt
WLASL/videos/37963.mp4,neighbor,1150,features_cache/37963.pt
WLASL/videos/37964.mp4,neighbor,1150,features_cache/37964.pt
WLASL/videos/37956.mp4,neighbor,1150,features_cache/37956.pt
WLASL/videos/37967.mp4,neighbor,1150,features_cache/37967.pt
WLASL/videos/37957.mp4,neighbor,1150,features_cache/37957.pt
WLASL/videos/37958.mp4,neighbor,1150,features_cache/37958.pt
WLASL/videos/37962.mp4,neighbor,1150,features_cache/37962.pt
WLASL/videos/39031.mp4,number,1179,features_cache/39031.pt
WLASL/videos/68117.mp4,number,1179,features_cache/68117.pt
WLASL/videos/68824.mp4,number,1179,features_cache/68824.pt
WLASL/videos/39033.mp4,number,1179,features_cache/39033.pt
WLASL/videos/39034.mp4,number,1179,features_cache/39034.pt
WLASL/videos/39035.mp4,number,1179,features_cache/39035.pt
WLASL/videos/39036.mp4,number,1179,features_cache/39036.pt
WLASL/videos/39040.mp4,number,1179,features_cache/39040.pt
WLASL/videos/69421.mp4,one,1203,features_cache/69421.pt
WLASL/videos/66228.mp4,one,1203,features_cache/66228.pt
WLASL/videos/70214.mp4,one,1203,features_cache/70214.pt
WLASL/videos/39743.mp4,one,1203,features_cache/39743.pt
WLASL/videos/39744.mp4,one,1203,features_cache/39744.pt
WLASL/videos/39745.mp4,one,1203,features_cache/39745.pt
WLASL/videos/39746.mp4,one,1203,features_cache/39746.pt
WLASL/videos/39750.mp4,one,1203,features_cache/39750.pt
WLASL/videos/68362.mp4,outside,1218,features_cache/68362.pt
WLASL/videos/40469.mp4,outside,1218,features_cache/40469.pt
WLASL/videos/40470.mp4,outside,1218,features_cache/40470.pt
WLASL/videos/40471.mp4,outside,1218,features_cache/40471.pt
WLASL/videos/40474.mp4,outside,1218,features_cache/40474.pt
WLASL/videos/40476.mp4,outside,1218,features_cache/40476.pt
WLASL/videos/40477.mp4,outside,1218,features_cache/40477.pt
WLASL/videos/40464.mp4,outside,1218,features_cache/40464.pt
WLASL/videos/41661.mp4,peach,1249,features_cache/41661.pt
WLASL/videos/70311.mp4,peach,1249,features_cache/70311.pt
WLASL/videos/41670.mp4,peach,1249,features_cache/41670.pt
WLASL/videos/41662.mp4,peach,1249,features_cache/41662.pt
WLASL/videos/41663.mp4,peach,1249,features_cache/41663.pt
WLASL/videos/41664.mp4,peach,1249,features_cache/41664.pt
WLASL/videos/41665.mp4,peach,1249,features_cache/41665.pt
WLASL/videos/41669.mp4,peach,1249,features_cache/41669.pt
WLASL/videos/42695.mp4,pig,1281,features_cache/42695.pt
WLASL/videos/69429.mp4,pig,1281,features_cache/69429.pt
WLASL/videos/42709.mp4,pig,1281,features_cache/42709.pt
WLASL/videos/67984.mp4,pig,1281,features_cache/67984.pt
WLASL/videos/42702.mp4,pig,1281,features_cache/42702.pt
WLASL/videos/42703.mp4,pig,1281,features_cache/42703.pt
WLASL/videos/42704.mp4,pig,1281,features_cache/42704.pt
WLASL/videos/42708.mp4,pig,1281,features_cache/42708.pt
WLASL/videos/43570.mp4,polite,1303,features_cache/43570.pt
WLASL/videos/43578.mp4,polite,1303,features_cache/43578.pt
WLASL/videos/43579.mp4,polite,1303,features_cache/43579.pt
WLASL/videos/43580.mp4,polite,1303,features_cache/43580.pt
WLASL/videos/43571.mp4,polite,1303,features_cache/43571.pt
WLASL/videos/43572.mp4,polite,1303,features_cache/43572.pt
WLASL/videos/43573.mp4,polite,1303,features_cache/43573.pt
WLASL/videos/43577.mp4,polite,1303,features_cache/43577.pt
WLASL/videos/70125.mp4,postpone,1313,features_cache/70125.pt
WLASL/videos/43911.mp4,postpone,1313,features_cache/43911.pt
WLASL/videos/43901.mp4,postpone,1313,features_cache/43901.pt
WLASL/videos/43902.mp4,postpone,1313,features_cache/43902.pt
WLASL/videos/43903.mp4,postpone,1313,features_cache/43903.pt
WLASL/videos/43904.mp4,postpone,1313,features_cache/43904.pt
WLASL/videos/43905.mp4,postpone,1313,features_cache/43905.pt
WLASL/videos/43907.mp4,postpone,1313,features_cache/43907.pt
WLASL/videos/44046.mp4,power,1319,features_cache/44046.pt
WLASL/videos/44048.mp4,power,1319,features_cache/44048.pt
WLASL/videos/44049.mp4,power,1319,features_cache/44049.pt
WLASL/videos/44050.mp4,power,1319,features_cache/44050.pt
WLASL/videos/44051.mp4,power,1319,features_cache/44051.pt
WLASL/videos/44056.mp4,power,1319,features_cache/44056.pt
WLASL/videos/44058.mp4,power,1319,features_cache/44058.pt
WLASL/videos/44045.mp4,power,1319,features_cache/44045.pt
WLASL/videos/66325.mp4,present,1333,features_cache/66325.pt
WLASL/videos/44340.mp4,present,1333,features_cache/44340.pt
WLASL/videos/44333.mp4,present,1333,features_cache/44333.pt
WLASL/videos/44344.mp4,present,1333,features_cache/44344.pt
WLASL/videos/44347.mp4,present,1333,features_cache/44347.pt
WLASL/videos/44348.mp4,present,1333,features_cache/44348.pt
WLASL/videos/44349.mp4,present,1333,features_cache/44349.pt
WLASL/videos/44350.mp4,present,1333,features_cache/44350.pt
WLASL/videos/44477.mp4,price,1339,features_cache/44477.pt
WLASL/videos/67102.mp4,price,1339,features_cache/67102.pt
WLASL/videos/44471.mp4,price,1339,features_cache/44471.pt
WLASL/videos/44472.mp4,price,1339,features_cache/44472.pt
WLASL/videos/44473.mp4,price,1339,features_cache/44473.pt
WLASL/videos/44474.mp4,price,1339,features_cache/44474.pt
WLASL/videos/44475.mp4,price,1339,features_cache/44475.pt
WLASL/videos/44476.mp4,price,1339,features_cache/44476.pt
WLASL/videos/44598.mp4,prison,1349,features_cache/44598.pt
WLASL/videos/44609.mp4,prison,1349,features_cache/44609.pt
WLASL/videos/44610.mp4,prison,1349,features_cache/44610.pt
WLASL/videos/66334.mp4,prison,1349,features_cache/66334.pt
WLASL/videos/44602.mp4,prison,1349,features_cache/44602.pt
WLASL/videos/67106.mp4,prison,1349,features_cache/67106.pt
WLASL/videos/44604.mp4,prison,1349,features_cache/44604.pt
WLASL/videos/44608.mp4,prison,1349,features_cache/44608.pt
WLASL/videos/45474.mp4,push,1382,features_cache/45474.pt
WLASL/videos/45486.mp4,push,1382,features_cache/45486.pt
WLASL/videos/45487.mp4,push,1382,features_cache/45487.pt
WLASL/videos/45479.mp4,push,1382,features_cache/45479.pt
WLASL/videos/67115.mp4,push,1382,features_cache/67115.pt
WLASL/videos/45480.mp4,push,1382,features_cache/45480.pt
WLASL/videos/45481.mp4,push,1382,features_cache/45481.pt
WLASL/videos/45485.mp4,push,1382,features_cache/45485.pt
WLASL/videos/45852.mp4,raccoon,1398,features_cache/45852.pt
WLASL/videos/45860.mp4,raccoon,1398,features_cache/45860.pt
WLASL/videos/45861.mp4,raccoon,1398,features_cache/45861.pt
WLASL/videos/66368.mp4,raccoon,1398,features_cache/66368.pt
WLASL/videos/45853.mp4,raccoon,1398,features_cache/45853.pt
WLASL/videos/45854.mp4,raccoon,1398,features_cache/45854.pt
WLASL/videos/45855.mp4,raccoon,1398,features_cache/45855.pt
WLASL/videos/45859.mp4,raccoon,1398,features_cache/45859.pt
WLASL/videos/46339.mp4,really,1411,features_cache/46339.pt
WLASL/videos/69445.mp4,really,1411,features_cache/69445.pt
WLASL/videos/70353.mp4,really,1411,features_cache/70353.pt
WLASL/videos/67126.mp4,really,1411,features_cache/67126.pt
WLASL/videos/46369.mp4,really,1411,features_cache/46369.pt
WLASL/videos/46370.mp4,really,1411,features_cache/46370.pt
WLASL/videos/46371.mp4,really,1411,features_cache/46371.pt
WLASL/videos/46375.mp4,really,1411,features_cache/46375.pt
WLASL/videos/46425.mp4,reason,1412,features_cache/46425.pt
WLASL/videos/46435.mp4,reason,1412,features_cache/46435.pt
WLASL/videos/46436.mp4,reason,1412,features_cache/46436.pt
WLASL/videos/46428.mp4,reason,1412,features_cache/46428.pt
WLASL/videos/67127.mp4,reason,1412,features_cache/67127.pt
WLASL/videos/46429.mp4,reason,1412,features_cache/46429.pt
WLASL/videos/46430.mp4,reason,1412,features_cache/46430.pt
WLASL/videos/46434.mp4,reason,1412,features_cache/46434.pt
WLASL/videos/47103.mp4,religion,1432,features_cache/47103.pt
WLASL/videos/47111.mp4,religion,1432,features_cache/47111.pt
WLASL/videos/47112.mp4,religion,1432,features_cache/47112.pt
WLASL/videos/67132.mp4,religion,1432,features_cache/67132.pt
WLASL/videos/47104.mp4,religion,1432,features_cache/47104.pt
WLASL/videos/47105.mp4,religion,1432,features_cache/47105.pt
WLASL/videos/47106.mp4,religion,1432,features_cache/47106.pt
WLASL/videos/47110.mp4,religion,1432,features_cache/47110.pt
WLASL/videos/47602.mp4,respect,1450,features_cache/47602.pt
WLASL/videos/47611.mp4,respect,1450,features_cache/47611.pt
WLASL/videos/47612.mp4,respect,1450,features_cache/47612.pt
WLASL/videos/66396.mp4,respect,1450,features_cache/66396.pt
WLASL/videos/47604.mp4,respect,1450,features_cache/47604.pt
WLASL/videos/47614.mp4,respect,1450,features_cache/47614.pt
WLASL/videos/47615.mp4,respect,1450,features_cache/47615.pt
WLASL/videos/47610.mp4,respect,1450,features_cache/47610.pt
WLASL/videos/48738.mp4,rule,1486,features_cache/48738.pt
WLASL/videos/70159.mp4,rule,1486,features_cache/70159.pt
WLASL/videos/48743.mp4,rule,1486,features_cache/48743.pt
WLASL/videos/48747.mp4,rule,1486,features_cache/48747.pt
WLASL/videos/66419.mp4,rule,1486,features_cache/66419.pt
WLASL/videos/48748.mp4,rule,1486,features_cache/48748.pt
WLASL/videos/48749.mp4,rule,1486,features_cache/48749.pt
WLASL/videos/48741.mp4,rule,1486,features_cache/48741.pt
WLASL/videos/49073.mp4,salad,1493,features_cache/49073.pt
WLASL/videos/70062.mp4,salad,1493,features_cache/70062.pt
WLASL/videos/49084.mp4,salad,1493,features_cache/49084.pt
WLASL/videos/49077.mp4,salad,1493,features_cache/49077.pt
WLASL/videos/67158.mp4,salad,1493,features_cache/67158.pt
WLASL/videos/49078.mp4,salad,1493,features_cache/49078.pt
WLASL/videos/49079.mp4,salad,1493,features_cache/49079.pt
WLASL/videos/49083.mp4,salad,1493,features_cache/49083.pt
WLASL/videos/49537.mp4,schedule,1508,features_cache/49537.pt
WLASL/videos/49545.mp4,schedule,1508,features_cache/49545.pt
WLASL/videos/49546.mp4,schedule,1508,features_cache/49546.pt
WLASL/videos/49547.mp4,schedule,1508,features_cache/49547.pt
WLASL/videos/49538.mp4,schedule,1508,features_cache/49538.pt
WLASL/videos/49539.mp4,schedule,1508,features_cache/49539.pt
WLASL/videos/49540.mp4,schedule,1508,features_cache/49540.pt
WLASL/videos/49544.mp4,schedule,1508,features_cache/49544.pt
WLASL/videos/50263.mp4,sell,1528,features_cache/50263.pt
WLASL/videos/69461.mp4,sell,1528,features_cache/69461.pt
WLASL/videos/68830.mp4,sell,1528,features_cache/68830.pt
WLASL/videos/50267.mp4,sell,1528,features_cache/50267.pt
WLASL/videos/50268.mp4,sell,1528,features_cache/50268.pt
WLASL/videos/50269.mp4,sell,1528,features_cache/50269.pt
WLASL/videos/50270.mp4,sell,1528,features_cache/50270.pt
WLASL/videos/50274.mp4,sell,1528,features_cache/50274.pt
WLASL/videos/50502.mp4,serious,1537,features_cache/50502.pt
WLASL/videos/50509.mp4,serious,1537,features_cache/50509.pt
WLASL/videos/50510.mp4,serious,1537,features_cache/50510.pt
WLASL/videos/66448.mp4,serious,1537,features_cache/66448.pt
WLASL/videos/67180.mp4,serious,1537,features_cache/67180.pt
WLASL/videos/50512.mp4,serious,1537,features_cache/50512.pt
WLASL/videos/50503.mp4,serious,1537,features_cache/50503.pt
WLASL/videos/50508.mp4,serious,1537,features_cache/50508.pt
WLASL/videos/51325.mp4,shower,1565,features_cache/51325.pt
WLASL/videos/51335.mp4,shower,1565,features_cache/51335.pt
WLASL/videos/51336.mp4,shower,1565,features_cache/51336.pt
WLASL/videos/51338.mp4,shower,1565,features_cache/51338.pt
WLASL/videos/51329.mp4,shower,1565,features_cache/51329.pt
WLASL/videos/67197.mp4,shower,1565,features_cache/67197.pt
WLASL/videos/51339.mp4,shower,1565,features_cache/51339.pt
WLASL/videos/51332.mp4,shower,1565,features_cache/51332.pt
WLASL/videos/51813.mp4,single,1581,features_cache/51813.pt
WLASL/videos/51820.mp4,single,1581,features_cache/51820.pt
WLASL/videos/51821.mp4,single,1581,features_cache/51821.pt
WLASL/videos/66484.mp4,single,1581,features_cache/66484.pt
WLASL/videos/51823.mp4,single,1581,features_cache/51823.pt
WLASL/videos/51824.mp4,single,1581,features_cache/51824.pt
WLASL/videos/51814.mp4,single,1581,features_cache/51814.pt
WLASL/videos/51818.mp4,single,1581,features_cache/51818.pt
WLASL/videos/52570.mp4,smart,1607,features_cache/52570.pt
WLASL/videos/52578.mp4,smart,1607,features_cache/52578.pt
WLASL/videos/52579.mp4,smart,1607,features_cache/52579.pt
WLASL/videos/52581.mp4,smart,1607,features_cache/52581.pt
WLASL/videos/52583.mp4,smart,1607,features_cache/52583.pt
WLASL/videos/52584.mp4,smart,1607,features_cache/52584.pt
WLASL/videos/52575.mp4,smart,1607,features_cache/52575.pt
WLASL/videos/52576.mp4,smart,1607,features_cache/52576.pt
WLASL/videos/52613.mp4,smile,1609,features_cache/52613.pt
WLASL/videos/52621.mp4,smile,1609,features_cache/52621.pt
WLASL/videos/52622.mp4,smile,1609,features_cache/52622.pt
WLASL/videos/66511.mp4,smile,1609,features_cache/66511.pt
WLASL/videos/66512.mp4,smile,1609,features_cache/66512.pt
WLASL/videos/52615.mp4,smile,1609,features_cache/52615.pt
WLASL/videos/67216.mp4,smile,1609,features_cache/67216.pt
WLASL/videos/52619.mp4,smile,1609,features_cache/52619.pt
WLASL/videos/53046.mp4,soft,1624,features_cache/53046.pt
WLASL/videos/69483.mp4,soft,1624,features_cache/69483.pt
WLASL/videos/53073.mp4,soft,1624,features_cache/53073.pt
WLASL/videos/53065.mp4,soft,1624,features_cache/53065.pt
WLASL/videos/53066.mp4,soft,1624,features_cache/53066.pt
WLASL/videos/53067.mp4,soft,1624,features_cache/53067.pt
WLASL/videos/53068.mp4,soft,1624,features_cache/53068.pt
WLASL/videos/53072.mp4,soft,1624,features_cache/53072.pt
WLASL/videos/53413.mp4,sound,1640,features_cache/53413.pt
WLASL/videos/53421.mp4,sound,1640,features_cache/53421.pt
WLASL/videos/53422.mp4,sound,1640,features_cache/53422.pt
WLASL/videos/53423.mp4,sound,1640,features_cache/53423.pt
WLASL/videos/53414.mp4,sound,1640,features_cache/53414.pt
WLASL/videos/53415.mp4,sound,1640,features_cache/53415.pt
WLASL/videos/53416.mp4,sound,1640,features_cache/53416.pt
WLASL/videos/53420.mp4,sound,1640,features_cache/53420.pt
WLASL/videos/53427.mp4,soup,1641,features_cache/53427.pt
WLASL/videos/69485.mp4,soup,1641,features_cache/69485.pt
WLASL/videos/70059.mp4,soup,1641,features_cache/70059.pt
WLASL/videos/67229.mp4,soup,1641,features_cache/67229.pt
WLASL/videos/53428.mp4,soup,1641,features_cache/53428.pt
WLASL/videos/53429.mp4,soup,1641,features_cache/53429.pt
WLASL/videos/53430.mp4,soup,1641,features_cache/53430.pt
WLASL/videos/53434.mp4,soup,1641,features_cache/53434.pt
WLASL/videos/53543.mp4,spain,1645,features_cache/53543.pt
WLASL/videos/53555.mp4,spain,1645,features_cache/53555.pt
WLASL/videos/53544.mp4,spain,1645,features_cache/53544.pt
WLASL/videos/53545.mp4,spain,1645,features_cache/53545.pt
WLASL/videos/53546.mp4,spain,1645,features_cache/53546.pt
WLASL/videos/53547.mp4,spain,1645,features_cache/53547.pt
WLASL/videos/53548.mp4,spain,1645,features_cache/53548.pt
WLASL/videos/53549.mp4,spain,1645,features_cache/53549.pt
WLASL/videos/54069.mp4,spray,1659,features_cache/54069.pt
WLASL/videos/54079.mp4,spray,1659,features_cache/54079.pt
WLASL/videos/54080.mp4,spray,1659,features_cache/54080.pt
WLASL/videos/54082.mp4,spray,1659,features_cache/54082.pt
WLASL/videos/54083.mp4,spray,1659,features_cache/54083.pt
WLASL/videos/54074.mp4,spray,1659,features_cache/54074.pt
WLASL/videos/54086.mp4,spray,1659,features_cache/54086.pt
WLASL/videos/54078.mp4,spray,1659,features_cache/54078.pt
WLASL/videos/54204.mp4,squirrel,1665,features_cache/54204.pt
WLASL/videos/54212.mp4,squirrel,1665,features_cache/54212.pt
WLASL/videos/54213.mp4,squirrel,1665,features_cache/54213.pt
WLASL/videos/67236.mp4,squirrel,1665,features_cache/67236.pt
WLASL/videos/54205.mp4,squirrel,1665,features_cache/54205.pt
WLASL/videos/54206.mp4,squirrel,1665,features_cache/54206.pt
WLASL/videos/54207.mp4,squirrel,1665,features_cache/54207.pt
WLASL/videos/54211.mp4,squirrel,1665,features_cache/54211.pt
WLASL/videos/54870.mp4,stomach,1686,features_cache/54870.pt
WLASL/videos/54885.mp4,stomach,1686,features_cache/54885.pt
WLASL/videos/54886.mp4,stomach,1686,features_cache/54886.pt
WLASL/videos/54878.mp4,stomach,1686,features_cache/54878.pt
WLASL/videos/67248.mp4,stomach,1686,features_cache/67248.pt
WLASL/videos/54879.mp4,stomach,1686,features_cache/54879.pt
WLASL/videos/54880.mp4,stomach,1686,features_cache/54880.pt
WLASL/videos/54884.mp4,stomach,1686,features_cache/54884.pt
WLASL/videos/54991.mp4,story,1689,features_cache/54991.pt
WLASL/videos/55002.mp4,story,1689,features_cache/55002.pt
WLASL/videos/55003.mp4,story,1689,features_cache/55003.pt
WLASL/videos/66562.mp4,story,1689,features_cache/66562.pt
WLASL/videos/54995.mp4,story,1689,features_cache/54995.pt
WLASL/videos/54996.mp4,story,1689,features_cache/54996.pt
WLASL/videos/54997.mp4,story,1689,features_cache/54997.pt
WLASL/videos/55001.mp4,story,1689,features_cache/55001.pt
WLASL/videos/55069.mp4,strange,1691,features_cache/55069.pt
WLASL/videos/69491.mp4,strange,1691,features_cache/69491.pt
WLASL/videos/55077.mp4,strange,1691,features_cache/55077.pt
WLASL/videos/67250.mp4,strange,1691,features_cache/67250.pt
WLASL/videos/55070.mp4,strange,1691,features_cache/55070.pt
WLASL/videos/55071.mp4,strange,1691,features_cache/55071.pt
WLASL/videos/55072.mp4,strange,1691,features_cache/55072.pt
WLASL/videos/55076.mp4,strange,1691,features_cache/55076.pt
WLASL/videos/55145.mp4,street,1694,features_cache/55145.pt
WLASL/videos/70192.mp4,street,1694,features_cache/70192.pt
WLASL/videos/55157.mp4,street,1694,features_cache/55157.pt
WLASL/videos/55150.mp4,street,1694,features_cache/55150.pt
WLASL/videos/67253.mp4,street,1694,features_cache/67253.pt
WLASL/videos/55151.mp4,street,1694,features_cache/55151.pt
WLASL/videos/55152.mp4,street,1694,features_cache/55152.pt
WLASL/videos/55156.mp4,street,1694,features_cache/55156.pt
WLASL/videos/55169.mp4,stress,1695,features_cache/55169.pt
WLASL/videos/55183.mp4,stress,1695,features_cache/55183.pt
WLASL/videos/55184.mp4,stress,1695,features_cache/55184.pt
WLASL/videos/55176.mp4,stress,1695,features_cache/55176.pt
WLASL/videos/67252.mp4,stress,1695,features_cache/67252.pt
WLASL/videos/55177.mp4,stress,1695,features_cache/55177.pt
WLASL/videos/55178.mp4,stress,1695,features_cache/55178.pt
WLASL/videos/55182.mp4,stress,1695,features_cache/55182.pt
WLASL/videos/55197.mp4,strict,1697,features_cache/55197.pt
WLASL/videos/55205.mp4,strict,1697,features_cache/55205.pt
WLASL/videos/55206.mp4,strict,1697,features_cache/55206.pt
WLASL/videos/67254.mp4,strict,1697,features_cache/67254.pt
WLASL/videos/55198.mp4,strict,1697,features_cache/55198.pt
WLASL/videos/55199.mp4,strict,1697,features_cache/55199.pt
WLASL/videos/55200.mp4,strict,1697,features_cache/55200.pt
WLASL/videos/55204.mp4,strict,1697,features_cache/55204.pt
WLASL/videos/55274.mp4,strong,1698,features_cache/55274.pt
WLASL/videos/69493.mp4,strong,1698,features_cache/69493.pt
WLASL/videos/55284.mp4,strong,1698,features_cache/55284.pt
WLASL/videos/66572.mp4,strong,1698,features_cache/66572.pt
WLASL/videos/55276.mp4,strong,1698,features_cache/55276.pt
WLASL/videos/55286.mp4,strong,1698,features_cache/55286.pt
WLASL/videos/55277.mp4,strong,1698,features_cache/55277.pt
WLASL/videos/55283.mp4,strong,1698,features_cache/55283.pt
WLASL/videos/55656.mp4,sugar,1710,features_cache/55656.pt
WLASL/videos/55666.mp4,sugar,1710,features_cache/55666.pt
WLASL/videos/55667.mp4,sugar,1710,features_cache/55667.pt
WLASL/videos/55668.mp4,sugar,1710,features_cache/55668.pt
WLASL/videos/55659.mp4,sugar,1710,features_cache/55659.pt
WLASL/videos/55660.mp4,sugar,1710,features_cache/55660.pt
WLASL/videos/55661.mp4,sugar,1710,features_cache/55661.pt
WLASL/videos/55665.mp4,sugar,1710,features_cache/55665.pt
WLASL/videos/55730.mp4,summer,1712,features_cache/55730.pt
WLASL/videos/69495.mp4,summer,1712,features_cache/69495.pt
WLASL/videos/55738.mp4,summer,1712,features_cache/55738.pt
WLASL/videos/67263.mp4,summer,1712,features_cache/67263.pt
WLASL/videos/55731.mp4,summer,1712,features_cache/55731.pt
WLASL/videos/55732.mp4,summer,1712,features_cache/55732.pt
WLASL/videos/55733.mp4,summer,1712,features_cache/55733.pt
WLASL/videos/55737.mp4,summer,1712,features_cache/55737.pt
WLASL/videos/56157.mp4,suspect,1728,features_cache/56157.pt
WLASL/videos/56165.mp4,suspect,1728,features_cache/56165.pt
WLASL/videos/56166.mp4,suspect,1728,features_cache/56166.pt
WLASL/videos/56167.mp4,suspect,1728,features_cache/56167.pt
WLASL/videos/56158.mp4,suspect,1728,features_cache/56158.pt
WLASL/videos/56159.mp4,suspect,1728,features_cache/56159.pt
WLASL/videos/56160.mp4,suspect,1728,features_cache/56160.pt
WLASL/videos/56164.mp4,suspect,1728,features_cache/56164.pt
WLASL/videos/56294.mp4,sweetheart,1735,features_cache/56294.pt
WLASL/videos/56302.mp4,sweetheart,1735,features_cache/56302.pt
WLASL/videos/56303.mp4,sweetheart,1735,features_cache/56303.pt
WLASL/videos/56305.mp4,sweetheart,1735,features_cache/56305.pt
WLASL/videos/56295.mp4,sweetheart,1735,features_cache/56295.pt
WLASL/videos/56296.mp4,sweetheart,1735,features_cache/56296.pt
WLASL/videos/56297.mp4,sweetheart,1735,features_cache/56297.pt
WLASL/videos/56301.mp4,sweetheart,1735,features_cache/56301.pt
WLASL/videos/57131.mp4,tease,1758,features_cache/57131.pt
WLASL/videos/57139.mp4,tease,1758,features_cache/57139.pt
WLASL/videos/57140.mp4,tease,1758,features_cache/57140.pt
WLASL/videos/57141.mp4,tease,1758,features_cache/57141.pt
WLASL/videos/57132.mp4,tease,1758,features_cache/57132.pt
WLASL/videos/57133.mp4,tease,1758,features_cache/57133.pt
WLASL/videos/57134.mp4,tease,1758,features_cache/57134.pt
WLASL/videos/57138.mp4,tease,1758,features_cache/57138.pt
WLASL/videos/57669.mp4,that,1783,features_cache/57669.pt
WLASL/videos/57677.mp4,that,1783,features_cache/57677.pt
WLASL/videos/57674.mp4,that,1783,features_cache/57674.pt
WLASL/videos/66599.mp4,that,1783,features_cache/66599.pt
WLASL/videos/67294.mp4,that,1783,features_cache/67294.pt
WLASL/videos/57670.mp4,that,1783,features_cache/57670.pt
WLASL/videos/57678.mp4,that,1783,features_cache/57678.pt
WLASL/videos/57673.mp4,that,1783,features_cache/57673.pt
WLASL/videos/57757.mp4,themselves,1788,features_cache/57757.pt
WLASL/videos/57765.mp4,themselves,1788,features_cache/57765.pt
WLASL/videos/57766.mp4,themselves,1788,features_cache/57766.pt
WLASL/videos/57768.mp4,themselves,1788,features_cache/57768.pt
WLASL/videos/57758.mp4,themselves,1788,features_cache/57758.pt
WLASL/videos/57759.mp4,themselves,1788,features_cache/57759.pt
WLASL/videos/57760.mp4,themselves,1788,features_cache/57760.pt
WLASL/videos/57764.mp4,themselves,1788,features_cache/57764.pt
WLASL/videos/57801.mp4,therapy,1791,features_cache/57801.pt
WLASL/videos/57807.mp4,therapy,1791,features_cache/57807.pt
WLASL/videos/57808.mp4,therapy,1791,features_cache/57808.pt
WLASL/videos/66605.mp4,therapy,1791,features_cache/66605.pt
WLASL/videos/57811.mp4,therapy,1791,features_cache/57811.pt
WLASL/videos/57812.mp4,therapy,1791,features_cache/57812.pt
WLASL/videos/57802.mp4,therapy,1791,features_cache/57802.pt
WLASL/videos/57806.mp4,therapy,1791,features_cache/57806.pt
WLASL/videos/58023.mp4,thirsty,1801,features_cache/58023.pt
WLASL/videos/69506.mp4,thirsty,1801,features_cache/69506.pt
WLASL/videos/58031.mp4,thirsty,1801,features_cache/58031.pt
WLASL/videos/67303.mp4,thirsty,1801,features_cache/67303.pt
WLASL/videos/58024.mp4,thirsty,1801,features_cache/58024.pt
WLASL/videos/58025.mp4,thirsty,1801,features_cache/58025.pt
WLASL/videos/58026.mp4,thirsty,1801,features_cache/58026.pt
WLASL/videos/58030.mp4,thirsty,1801,features_cache/58030.pt
WLASL/videos/58384.mp4,ticket,1810,features_cache/58384.pt
WLASL/videos/58395.mp4,ticket,1810,features_cache/58395.pt
WLASL/videos/58396.mp4,ticket,1810,features_cache/58396.pt
WLASL/videos/58397.mp4,ticket,1810,features_cache/58397.pt
WLASL/videos/58388.mp4,ticket,1810,features_cache/58388.pt
WLASL/videos/58389.mp4,ticket,1810,features_cache/58389.pt
WLASL/videos/58390.mp4,ticket,1810,features_cache/58390.pt
WLASL/videos/58394.mp4,ticket,1810,features_cache/58394.pt
WLASL/videos/58933.mp4,top,1832,features_cache/58933.pt
WLASL/videos/70165.mp4,top,1832,features_cache/70165.pt
WLASL/videos/58943.mp4,top,1832,features_cache/58943.pt
WLASL/videos/66658.mp4,top,1832,features_cache/66658.pt
WLASL/videos/58935.mp4,top,1832,features_cache/58935.pt
WLASL/videos/58936.mp4,top,1832,features_cache/58936.pt
WLASL/videos/58937.mp4,top,1832,features_cache/58937.pt
WLASL/videos/58942.mp4,top,1832,features_cache/58942.pt
WLASL/videos/59902.mp4,tuesday,1862,features_cache/59902.pt
WLASL/videos/70024.mp4,tuesday,1862,features_cache/70024.pt
WLASL/videos/59909.mp4,tuesday,1862,features_cache/59909.pt
WLASL/videos/59911.mp4,tuesday,1862,features_cache/59911.pt
WLASL/videos/59912.mp4,tuesday,1862,features_cache/59912.pt
WLASL/videos/59913.mp4,tuesday,1862,features_cache/59913.pt
WLASL/videos/59903.mp4,tuesday,1862,features_cache/59903.pt
WLASL/videos/59907.mp4,tuesday,1862,features_cache/59907.pt
WLASL/videos/59953.mp4,turkey,1863,features_cache/59953.pt
WLASL/videos/59954.mp4,turkey,1863,features_cache/59954.pt
WLASL/videos/59956.mp4,turkey,1863,features_cache/59956.pt
WLASL/videos/59959.mp4,turkey,1863,features_cache/59959.pt
WLASL/videos/66683.mp4,turkey,1863,features_cache/66683.pt
WLASL/videos/67328.mp4,turkey,1863,features_cache/67328.pt
WLASL/videos/59961.mp4,turkey,1863,features_cache/59961.pt
WLASL/videos/59952.mp4,turkey,1863,features_cache/59952.pt
WLASL/videos/60759.mp4,university,1880,features_cache/60759.pt
WLASL/videos/60767.mp4,university,1880,features_cache/60767.pt
WLASL/videos/60768.mp4,university,1880,features_cache/60768.pt
WLASL/videos/67021.mp4,university,1880,features_cache/67021.pt
WLASL/videos/60760.mp4,university,1880,features_cache/60760.pt
WLASL/videos/60761.mp4,university,1880,features_cache/60761.pt
WLASL/videos/60762.mp4,university,1880,features_cache/60762.pt
WLASL/videos/60766.mp4,university,1880,features_cache/60766.pt
WLASL/videos/60850.mp4,until,1881,features_cache/60850.pt
WLASL/videos/60858.mp4,until,1881,features_cache/60858.pt
WLASL/videos/60859.mp4,until,1881,features_cache/60859.pt
WLASL/videos/60860.mp4,until,1881,features_cache/60860.pt
WLASL/videos/60851.mp4,until,1881,features_cache/60851.pt
WLASL/videos/60852.mp4,until,1881,features_cache/60852.pt
WLASL/videos/60853.mp4,until,1881,features_cache/60853.pt
WLASL/videos/60857.mp4,until,1881,features_cache/60857.pt
WLASL/videos/62443.mp4,watch,1925,features_cache/62443.pt
WLASL/videos/62444.mp4,watch,1925,features_cache/62444.pt
WLASL/videos/62445.mp4,watch,1925,features_cache/62445.pt
WLASL/videos/62439.mp4,watch,1925,features_cache/62439.pt
WLASL/videos/62452.mp4,watch,1925,features_cache/62452.pt
WLASL/videos/62453.mp4,watch,1925,features_cache/62453.pt
WLASL/videos/62454.mp4,watch,1925,features_cache/62454.pt
WLASL/videos/62455.mp4,watch,1925,features_cache/62455.pt
WLASL/videos/62584.mp4,weak,1931,features_cache/62584.pt
WLASL/videos/70123.mp4,weak,1931,features_cache/70123.pt
WLASL/videos/62593.mp4,weak,1931,features_cache/62593.pt
WLASL/videos/62585.mp4,weak,1931,features_cache/62585.pt
WLASL/videos/62586.mp4,weak,1931,features_cache/62586.pt
WLASL/videos/62587.mp4,weak,1931,features_cache/62587.pt
WLASL/videos/62588.mp4,weak,1931,features_cache/62588.pt
WLASL/videos/62592.mp4,weak,1931,features_cache/62592.pt
WLASL/videos/62684.mp4,wedding,1934,features_cache/62684.pt
WLASL/videos/68468.mp4,wedding,1934,features_cache/68468.pt
WLASL/videos/62697.mp4,wedding,1934,features_cache/62697.pt
WLASL/videos/62689.mp4,wedding,1934,features_cache/62689.pt
WLASL/videos/67050.mp4,wedding,1934,features_cache/67050.pt
WLASL/videos/62690.mp4,wedding,1934,features_cache/62690.pt
WLASL/videos/62691.mp4,wedding,1934,features_cache/62691.pt
WLASL/videos/62695.mp4,wedding,1934,features_cache/62695.pt
WLASL/videos/63358.mp4,will,1959,features_cache/63358.pt
WLASL/videos/69536.mp4,will,1959,features_cache/69536.pt
WLASL/videos/70350.mp4,will,1959,features_cache/70350.pt
WLASL/videos/63363.mp4,will,1959,features_cache/63363.pt
WLASL/videos/63364.mp4,will,1959,features_cache/63364.pt
WLASL/videos/63369.mp4,will,1959,features_cache/63369.pt
WLASL/videos/63370.mp4,will,1959,features_cache/63370.pt
WLASL/videos/63360.mp4,will,1959,features_cache/63360.pt
WLASL/videos/63399.mp4,wind,1962,features_cache/63399.pt
WLASL/videos/70086.mp4,wind,1962,features_cache/70086.pt
WLASL/videos/63410.mp4,wind,1962,features_cache/63410.pt
WLASL/videos/63402.mp4,wind,1962,features_cache/63402.pt
WLASL/videos/63403.mp4,wind,1962,features_cache/63403.pt
WLASL/videos/63404.mp4,wind,1962,features_cache/63404.pt
WLASL/videos/63405.mp4,wind,1962,features_cache/63405.pt
WLASL/videos/63409.mp4,wind,1962,features_cache/63409.pt
WLASL/videos/63830.mp4,world,1980,features_cache/63830.pt
WLASL/videos/63836.mp4,world,1980,features_cache/63836.pt
WLASL/videos/63837.mp4,world,1980,features_cache/63837.pt
WLASL/videos/63839.mp4,world,1980,features_cache/63839.pt
WLASL/videos/66807.mp4,world,1980,features_cache/66807.pt
WLASL/videos/67004.mp4,world,1980,features_cache/67004.pt
WLASL/videos/63840.mp4,world,1980,features_cache/63840.pt
WLASL/videos/63834.mp4,world,1980,features_cache/63834.pt
WLASL/videos/63872.mp4,worry,1982,features_cache/63872.pt
WLASL/videos/70301.mp4,worry,1982,features_cache/70301.pt
WLASL/videos/63878.mp4,worry,1982,features_cache/63878.pt
WLASL/videos/63881.mp4,worry,1982,features_cache/63881.pt
WLASL/videos/66810.mp4,worry,1982,features_cache/66810.pt
WLASL/videos/67006.mp4,worry,1982,features_cache/67006.pt
WLASL/videos/63882.mp4,worry,1982,features_cache/63882.pt
WLASL/videos/63877.mp4,worry,1982,features_cache/63877.pt
WLASL/videos/63947.mp4,wow,1985,features_cache/63947.pt
WLASL/videos/68876.mp4,wow,1985,features_cache/68876.pt
WLASL/videos/63948.mp4,wow,1985,features_cache/63948.pt
WLASL/videos/63949.mp4,wow,1985,features_cache/63949.pt
WLASL/videos/63951.mp4,wow,1985,features_cache/63951.pt
WLASL/videos/63953.mp4,wow,1985,features_cache/63953.pt
WLASL/videos/63955.mp4,wow,1985,features_cache/63955.pt
WLASL/videos/63964.mp4,wow,1985,features_cache/63964.pt
WLASL/videos/64401.mp4,young,1996,features_cache/64401.pt
WLASL/videos/68606.mp4,young,1996,features_cache/68606.pt
WLASL/videos/70366.mp4,young,1996,features_cache/70366.pt
WLASL/videos/64411.mp4,young,1996,features_cache/64411.pt
WLASL/videos/67016.mp4,young,1996,features_cache/67016.pt
WLASL/videos/64413.mp4,young,1996,features_cache/64413.pt
WLASL/videos/64414.mp4,young,1996,features_cache/64414.pt
WLASL/videos/64418.mp4,young,1996,features_cache/64418.pt
WLASL/videos/65018.mp4,add,18,features_cache/65018.pt
WLASL/videos/00967.mp4,add,18,features_cache/00967.pt
WLASL/videos/00972.mp4,add,18,features_cache/00972.pt
WLASL/videos/00962.mp4,add,18,features_cache/00962.pt
WLASL/videos/00963.mp4,add,18,features_cache/00963.pt
WLASL/videos/00964.mp4,add,18,features_cache/00964.pt
WLASL/videos/00965.mp4,add,18,features_cache/00965.pt
WLASL/videos/01730.mp4,airplane,44,features_cache/01730.pt
WLASL/videos/01733.mp4,airplane,44,features_cache/01733.pt
WLASL/videos/01724.mp4,airplane,44,features_cache/01724.pt
WLASL/videos/01734.mp4,airplane,44,features_cache/01734.pt
WLASL/videos/01726.mp4,airplane,44,features_cache/01726.pt
WLASL/videos/01727.mp4,airplane,44,features_cache/01727.pt
WLASL/videos/01728.mp4,airplane,44,features_cache/01728.pt
WLASL/videos/02167.mp4,already,56,features_cache/02167.pt
WLASL/videos/02168.mp4,already,56,features_cache/02168.pt
WLASL/videos/02160.mp4,already,56,features_cache/02160.pt
WLASL/videos/02162.mp4,already,56,features_cache/02162.pt
WLASL/videos/02163.mp4,already,56,features_cache/02163.pt
WLASL/videos/02164.mp4,already,56,features_cache/02164.pt
WLASL/videos/02165.mp4,already,56,features_cache/02165.pt
WLASL/videos/69207.mp4,also,57,features_cache/69207.pt
WLASL/videos/65059.mp4,also,57,features_cache/65059.pt
WLASL/videos/02176.mp4,also,57,features_cache/02176.pt
WLASL/videos/02177.mp4,also,57,features_cache/02177.pt
WLASL/videos/02178.mp4,also,57,features_cache/02178.pt
WLASL/videos/02179.mp4,also,57,features_cache/02179.pt
WLASL/videos/02180.mp4,also,57,features_cache/02180.pt
WLASL/videos/02482.mp4,analyze,62,features_cache/02482.pt
WLASL/videos/65066.mp4,analyze,62,features_cache/65066.pt
WLASL/videos/02474.mp4,analyze,62,features_cache/02474.pt
WLASL/videos/02476.mp4,analyze,62,features_cache/02476.pt
WLASL/videos/02477.mp4,analyze,62,features_cache/02477.pt
WLASL/videos/02478.mp4,analyze,62,features_cache/02478.pt
WLASL/videos/02479.mp4,analyze,62,features_cache/02479.pt
WLASL/videos/02524.mp4,and,64,features_cache/02524.pt
WLASL/videos/02525.mp4,and,64,features_cache/02525.pt
WLASL/videos/67361.mp4,and,64,features_cache/67361.pt
WLASL/videos/02519.mp4,and,64,features_cache/02519.pt
WLASL/videos/02520.mp4,and,64,features_cache/02520.pt
WLASL/videos/02521.mp4,and,64,features_cache/02521.pt
WLASL/videos/02522.mp4,and,64,features_cache/02522.pt
WLASL/videos/02569.mp4,angry,67,features_cache/02569.pt
WLASL/videos/02570.mp4,angry,67,features_cache/02570.pt
WLASL/videos/65072.mp4,angry,67,features_cache/65072.pt
WLASL/videos/02575.mp4,angry,67,features_cache/02575.pt
WLASL/videos/02565.mp4,angry,67,features_cache/02565.pt
WLASL/videos/02566.mp4,angry,67,features_cache/02566.pt
WLASL/videos/02567.mp4,angry,67,features_cache/02567.pt
WLASL/videos/02959.mp4,appear,79,features_cache/02959.pt
WLASL/videos/65083.mp4,appear,79,features_cache/65083.pt
WLASL/videos/67366.mp4,appear,79,features_cache/67366.pt
WLASL/videos/02952.mp4,appear,79,features_cache/02952.pt
WLASL/videos/02953.mp4,appear,79,features_cache/02953.pt
WLASL/videos/02954.mp4,appear,79,features_cache/02954.pt
WLASL/videos/02955.mp4,appear,79,features_cache/02955.pt
WLASL/videos/69215.mp4,arm,92,features_cache/69215.pt
WLASL/videos/03344.mp4,arm,92,features_cache/03344.pt
WLASL/videos/03337.mp4,arm,92,features_cache/03337.pt
WLASL/videos/03338.mp4,arm,92,features_cache/03338.pt
WLASL/videos/03339.mp4,arm,92,features_cache/03339.pt
WLASL/videos/03340.mp4,arm,92,features_cache/03340.pt
WLASL/videos/03342.mp4,arm,92,features_cache/03342.pt
WLASL/videos/03368.mp4,army,93,features_cache/03368.pt
WLASL/videos/65095.mp4,army,93,features_cache/65095.pt
WLASL/videos/03361.mp4,army,93,features_cache/03361.pt
WLASL/videos/03363.mp4,army,93,features_cache/03363.pt
WLASL/videos/03364.mp4,army,93,features_cache/03364.pt
WLASL/videos/03365.mp4,army,93,features_cache/03365.pt
WLASL/videos/03366.mp4,army,93,features_cache/03366.pt
WLASL/videos/03422.mp4,arrest,95,features_cache/03422.pt
WLASL/videos/03423.mp4,arrest,95,features_cache/03423.pt
WLASL/videos/03427.mp4,arrest,95,features_cache/03427.pt
WLASL/videos/03429.mp4,arrest,95,features_cache/03429.pt
WLASL/videos/03430.mp4,arrest,95,features_cache/03430.pt
WLASL/videos/03417.mp4,arrest,95,features_cache/03417.pt
WLASL/videos/03418.mp4,arrest,95,features_cache/03418.pt
WLASL/videos/03570.mp4,asia,101,features_cache/03570.pt
WLASL/videos/03571.mp4,asia,101,features_cache/03571.pt
WLASL/videos/67373.mp4,asia,101,features_cache/67373.pt
WLASL/videos/03564.mp4,asia,101,features_cache/03564.pt
WLASL/videos/03565.mp4,asia,101,features_cache/03565.pt
WLASL/videos/03566.mp4,asia,101,features_cache/03566.pt
WLASL/videos/03568.mp4,asia,101,features_cache/03568.pt
WLASL/videos/03597.mp4,ask,102,features_cache/03597.pt
WLASL/videos/03598.mp4,ask,102,features_cache/03598.pt
WLASL/videos/03602.mp4,ask,102,features_cache/03602.pt
WLASL/videos/65101.mp4,ask,102,features_cache/65101.pt
WLASL/videos/03595.mp4,ask,102,features_cache/03595.pt
WLASL/videos/67374.mp4,ask,102,features_cache/67374.pt
WLASL/videos/03605.mp4,ask,102,features_cache/03605.pt
WLASL/videos/04048.mp4,attitude,109,features_cache/04048.pt
WLASL/videos/65108.mp4,attitude,109,features_cache/65108.pt
WLASL/videos/04041.mp4,attitude,109,features_cache/04041.pt
WLASL/videos/04043.mp4,attitude,109,features_cache/04043.pt
WLASL/videos/04044.mp4,attitude,109,features_cache/04044.pt
WLASL/videos/04045.mp4,attitude,109,features_cache/04045.pt
WLASL/videos/04046.mp4,attitude,109,features_cache/04046.pt
WLASL/videos/04066.mp4,attract,111,features_cache/04066.pt
WLASL/videos/04062.mp4,attract,111,features_cache/04062.pt
WLASL/videos/04072.mp4,attract,111,features_cache/04072.pt
WLASL/videos/04073.mp4,attract,111,features_cache/04073.pt
WLASL/videos/04076.mp4,attract,111,features_cache/04076.pt
WLASL/videos/04063.mp4,attract,111,features_cache/04063.pt
WLASL/videos/04065.mp4,attract,111,features_cache/04065.pt
WLASL/videos/04824.mp4,bald,142,features_cache/04824.pt
WLASL/videos/04825.mp4,bald,142,features_cache/04825.pt
WLASL/videos/65130.mp4,bald,142,features_cache/65130.pt
WLASL/videos/04829.mp4,bald,142,features_cache/04829.pt
WLASL/videos/04830.mp4,bald,142,features_cache/04830.pt
WLASL/videos/04831.mp4,bald,142,features_cache/04831.pt
WLASL/videos/04821.mp4,bald,142,features_cache/04821.pt
WLASL/videos/05068.mp4,barely,149,features_cache/05068.pt
WLASL/videos/05069.mp4,barely,149,features_cache/05069.pt
WLASL/videos/05062.mp4,barely,149,features_cache/05062.pt
WLASL/videos/05063.mp4,barely,149,features_cache/05063.pt
WLASL/videos/05064.mp4,barely,149,features_cache/05064.pt
WLASL/videos/05065.mp4,barely,149,features_cache/05065.pt
WLASL/videos/05066.mp4,barely,149,features_cache/05066.pt
WLASL/videos/70128.mp4,baseball,151,features_cache/70128.pt
WLASL/videos/05178.mp4,baseball,151,features_cache/05178.pt
WLASL/videos/65140.mp4,baseball,151,features_cache/65140.pt
WLASL/videos/67390.mp4,baseball,151,features_cache/67390.pt
WLASL/videos/05172.mp4,baseball,151,features_cache/05172.pt
WLASL/videos/05174.mp4,baseball,151,features_cache/05174.pt
WLASL/videos/05175.mp4,baseball,151,features_cache/05175.pt
WLASL/videos/05767.mp4,beg,169,features_cache/05767.pt
WLASL/videos/65168.mp4,beg,169,features_cache/65168.pt
WLASL/videos/05760.mp4,beg,169,features_cache/05760.pt
WLASL/videos/05762.mp4,beg,169,features_cache/05762.pt
WLASL/videos/05763.mp4,beg,169,features_cache/05763.pt
WLASL/videos/05764.mp4,beg,169,features_cache/05764.pt
WLASL/videos/05765.mp4,beg,169,features_cache/05765.pt
WLASL/videos/05967.mp4,benefit,178,features_cache/05967.pt
WLASL/videos/65175.mp4,benefit,178,features_cache/65175.pt
WLASL/videos/05960.mp4,benefit,178,features_cache/05960.pt
WLASL/videos/05962.mp4,benefit,178,features_cache/05962.pt
WLASL/videos/05963.mp4,benefit,178,features_cache/05963.pt
WLASL/videos/05964.mp4,benefit,178,features_cache/05964.pt
WLASL/videos/05965.mp4,benefit,178,features_cache/05965.pt
WLASL/videos/06417.mp4,bite,194,features_cache/06417.pt
WLASL/videos/06418.mp4,bite,194,features_cache/06418.pt
WLASL/videos/06409.mp4,bite,194,features_cache/06409.pt
WLASL/videos/06410.mp4,bite,194,features_cache/06410.pt
WLASL/videos/06411.mp4,bite,194,features_cache/06411.pt
WLASL/videos/06412.mp4,bite,194,features_cache/06412.pt
WLASL/videos/06413.mp4,bite,194,features_cache/06413.pt
WLASL/videos/06536.mp4,blame,197,features_cache/06536.pt
WLASL/videos/65202.mp4,blame,197,features_cache/65202.pt
WLASL/videos/06529.mp4,blame,197,features_cache/06529.pt
WLASL/videos/06531.mp4,blame,197,features_cache/06531.pt
WLASL/videos/06532.mp4,blame,197,features_cache/06532.pt
WLASL/videos/06533.mp4,blame,197,features_cache/06533.pt
WLASL/videos/06534.mp4,blame,197,features_cache/06534.pt
WLASL/videos/69239.mp4,boat,206,features_cache/69239.pt
WLASL/videos/06937.mp4,boat,206,features_cache/06937.pt
WLASL/videos/67421.mp4,boat,206,features_cache/67421.pt
WLASL/videos/06931.mp4,boat,206,features_cache/06931.pt
WLASL/videos/06932.mp4,boat,206,features_cache/06932.pt
WLASL/videos/06933.mp4,boat,206,features_cache/06933.pt
WLASL/videos/06934.mp4,boat,206,features_cache/06934.pt
WLASL/videos/69240.mp4,body,207,features_cache/69240.pt
WLASL/videos/65222.mp4,body,207,features_cache/65222.pt
WLASL/videos/67423.mp4,body,207,features_cache/67423.pt
WLASL/videos/06950.mp4,body,207,features_cache/06950.pt
WLASL/videos/06951.mp4,body,207,features_cache/06951.pt
WLASL/videos/06952.mp4,body,207,features_cache/06952.pt
WLASL/videos/06953.mp4,body,207,features_cache/06953.pt
WLASL/videos/07234.mp4,borrow,215,features_cache/07234.pt
WLASL/videos/65230.mp4,borrow,215,features_cache/65230.pt
WLASL/videos/07227.mp4,borrow,215,features_cache/07227.pt
WLASL/videos/07229.mp4,borrow,215,features_cache/07229.pt
WLASL/videos/07230.mp4,borrow,215,features_cache/07230.pt
WLASL/videos/07231.mp4,borrow,215,features_cache/07231.pt
WLASL/videos/07232.mp4,borrow,215,features_cache/07232.pt
WLASL/videos/07243.mp4,boss,216,features_cache/07243.pt
WLASL/videos/07245.mp4,boss,216,features_cache/07245.pt
WLASL/videos/67428.mp4,boss,216,features_cache/67428.pt
WLASL/videos/07247.mp4,boss,216,features_cache/07247.pt
WLASL/videos/07237.mp4,boss,216,features_cache/07237.pt
WLASL/videos/07238.mp4,boss,216,features_cache/07238.pt
WLASL/videos/07239.mp4,boss,216,features_cache/07239.pt
WLASL/videos/07268.mp4,bother,218,features_cache/07268.pt
WLASL/videos/65234.mp4,bother,218,features_cache/65234.pt
WLASL/videos/07260.mp4,bother,218,features_cache/07260.pt
WLASL/videos/07262.mp4,bother,218,features_cache/07262.pt
WLASL/videos/07263.mp4,bother,218,features_cache/07263.pt
WLASL/videos/07264.mp4,bother,218,features_cache/07264.pt
WLASL/videos/07265.mp4,bother,218,features_cache/07265.pt
WLASL/videos/69243.mp4,bottle,219,features_cache/69243.pt
WLASL/videos/65235.mp4,bottle,219,features_cache/65235.pt
WLASL/videos/67429.mp4,bottle,219,features_cache/67429.pt
WLASL/videos/07288.mp4,bottle,219,features_cache/07288.pt
WLASL/videos/07289.mp4,bottle,219,features_cache/07289.pt
WLASL/videos/07290.mp4,bottle,219,features_cache/07290.pt
WLASL/videos/07291.mp4,bottle,219,features_cache/07291.pt
WLASL/videos/07301.mp4,bottom,220,features_cache/07301.pt
WLASL/videos/07302.mp4,bottom,220,features_cache/07302.pt
WLASL/videos/07304.mp4,bottom,220,features_cache/07304.pt
WLASL/videos/07309.mp4,bottom,220,features_cache/07309.pt
WLASL/videos/07297.mp4,bottom,220,features_cache/07297.pt
WLASL/videos/07298.mp4,bottom,220,features_cache/07298.pt
WLASL/videos/07299.mp4,bottom,220,features_cache/07299.pt
WLASL/videos/07498.mp4,brag,229,features_cache/07498.pt
WLASL/videos/65249.mp4,brag,229,features_cache/65249.pt
WLASL/videos/07492.mp4,brag,229,features_cache/07492.pt
WLASL/videos/07493.mp4,brag,229,features_cache/07493.pt
WLASL/videos/07494.mp4,brag,229,features_cache/07494.pt
WLASL/videos/07495.mp4,brag,229,features_cache/07495.pt
WLASL/videos/07496.mp4,brag,229,features_cache/07496.pt
WLASL/videos/08127.mp4,build,251,features_cache/08127.pt
WLASL/videos/65268.mp4,build,251,features_cache/65268.pt
WLASL/videos/08120.mp4,build,251,features_cache/08120.pt
WLASL/videos/08122.mp4,build,251,features_cache/08122.pt
WLASL/videos/08123.mp4,build,251,features_cache/08123.pt
WLASL/videos/08124.mp4,build,251,features_cache/08124.pt
WLASL/videos/08125.mp4,build,251,features_cache/08125.pt
WLASL/videos/68960.mp4,bus,256,features_cache/68960.pt
WLASL/videos/08349.mp4,bus,256,features_cache/08349.pt
WLASL/videos/08353.mp4,bus,256,features_cache/08353.pt
WLASL/videos/08346.mp4,bus,256,features_cache/08346.pt
WLASL/videos/08359.mp4,bus,256,features_cache/08359.pt
WLASL/videos/08360.mp4,bus,256,features_cache/08360.pt
WLASL/videos/08361.mp4,bus,256,features_cache/08361.pt
WLASL/videos/08455.mp4,butter,261,features_cache/08455.pt
WLASL/videos/65279.mp4,butter,261,features_cache/65279.pt
WLASL/videos/67452.mp4,butter,261,features_cache/67452.pt
WLASL/videos/08450.mp4,butter,261,features_cache/08450.pt
WLASL/videos/08451.mp4,butter,261,features_cache/08451.pt
WLASL/videos/08452.mp4,butter,261,features_cache/08452.pt
WLASL/videos/08453.mp4,butter,261,features_cache/08453.pt
WLASL/videos/08754.mp4,calm,275,features_cache/08754.pt
WLASL/videos/08745.mp4,calm,275,features_cache/08745.pt
WLASL/videos/08746.mp4,calm,275,features_cache/08746.pt
WLASL/videos/08748.mp4,calm,275,features_cache/08748.pt
WLASL/videos/08749.mp4,calm,275,features_cache/08749.pt
WLASL/videos/08750.mp4,calm,275,features_cache/08750.pt
WLASL/videos/08751.mp4,calm,275,features_cache/08751.pt
WLASL/videos/08867.mp4,cancel,282,features_cache/08867.pt
WLASL/videos/08868.mp4,cancel,282,features_cache/08868.pt
WLASL/videos/08860.mp4,cancel,282,features_cache/08860.pt
WLASL/videos/08862.mp4,cancel,282,features_cache/08862.pt
WLASL/videos/08863.mp4,cancel,282,features_cache/08863.pt
WLASL/videos/08864.mp4,cancel,282,features_cache/08864.pt
WLASL/videos/08865.mp4,cancel,282,features_cache/08865.pt
WLASL/videos/08905.mp4,candle,284,features_cache/08905.pt
WLASL/videos/65297.mp4,candle,284,features_cache/65297.pt
WLASL/videos/08898.mp4,candle,284,features_cache/08898.pt
WLASL/videos/08900.mp4,candle,284,features_cache/08900.pt
WLASL/videos/08901.mp4,candle,284,features_cache/08901.pt
WLASL/videos/08902.mp4,candle,284,features_cache/08902.pt
WLASL/videos/08903.mp4,candle,284,features_cache/08903.pt
WLASL/videos/09154.mp4,cards,292,features_cache/09154.pt
WLASL/videos/09155.mp4,cards,292,features_cache/09155.pt
WLASL/videos/09160.mp4,cards,292,features_cache/09160.pt
WLASL/videos/09151.mp4,cards,292,features_cache/09151.pt
WLASL/videos/09161.mp4,cards,292,features_cache/09161.pt
WLASL/videos/09162.mp4,cards,292,features_cache/09162.pt
WLASL/videos/09164.mp4,cards,292,features_cache/09164.pt
WLASL/videos/10597.mp4,choice,336,features_cache/10597.pt
WLASL/videos/10598.mp4,choice,336,features_cache/10598.pt
WLASL/videos/10590.mp4,choice,336,features_cache/10590.pt
WLASL/videos/10592.mp4,choice,336,features_cache/10592.pt
WLASL/videos/10593.mp4,choice,336,features_cache/10593.pt
WLASL/videos/10594.mp4,choice,336,features_cache/10594.pt
WLASL/videos/10595.mp4,choice,336,features_cache/10595.pt
WLASL/videos/11827.mp4,comb,372,features_cache/11827.pt
WLASL/videos/11828.mp4,comb,372,features_cache/11828.pt
WLASL/videos/67515.mp4,comb,372,features_cache/67515.pt
WLASL/videos/11821.mp4,comb,372,features_cache/11821.pt
WLASL/videos/11822.mp4,comb,372,features_cache/11822.pt
WLASL/videos/11823.mp4,comb,372,features_cache/11823.pt
WLASL/videos/11824.mp4,comb,372,features_cache/11824.pt
WLASL/videos/11911.mp4,comfortable,375,features_cache/11911.pt
WLASL/videos/65381.mp4,comfortable,375,features_cache/65381.pt
WLASL/videos/11904.mp4,comfortable,375,features_cache/11904.pt
WLASL/videos/11906.mp4,comfortable,375,features_cache/11906.pt
WLASL/videos/11907.mp4,comfortable,375,features_cache/11907.pt
WLASL/videos/11908.mp4,comfortable,375,features_cache/11908.pt
WLASL/videos/11909.mp4,comfortable,375,features_cache/11909.pt
WLASL/videos/70102.mp4,conflict,396,features_cache/70102.pt
WLASL/videos/12593.mp4,conflict,396,features_cache/12593.pt
WLASL/videos/12586.mp4,conflict,396,features_cache/12586.pt
WLASL/videos/12588.mp4,conflict,396,features_cache/12588.pt
WLASL/videos/12589.mp4,conflict,396,features_cache/12589.pt
WLASL/videos/12590.mp4,conflict,396,features_cache/12590.pt
WLASL/videos/12591.mp4,conflict,396,features_cache/12591.pt
WLASL/videos/13664.mp4,cover,434,features_cache/13664.pt
WLASL/videos/65416.mp4,cover,434,features_cache/65416.pt
WLASL/videos/13657.mp4,cover,434,features_cache/13657.pt
WLASL/videos/13659.mp4,cover,434,features_cache/13659.pt
WLASL/videos/13660.mp4,cover,434,features_cache/13660.pt
WLASL/videos/13661.mp4,cover,434,features_cache/13661.pt
WLASL/videos/13662.mp4,cover,434,features_cache/13662.pt
WLASL/videos/15564.mp4,deodorant,494,features_cache/15564.pt
WLASL/videos/65462.mp4,deodorant,494,features_cache/65462.pt
WLASL/videos/15557.mp4,deodorant,494,features_cache/15557.pt
WLASL/videos/15559.mp4,deodorant,494,features_cache/15559.pt
WLASL/videos/15560.mp4,deodorant,494,features_cache/15560.pt
WLASL/videos/15561.mp4,deodorant,494,features_cache/15561.pt
WLASL/videos/15562.mp4,deodorant,494,features_cache/15562.pt
WLASL/videos/15815.mp4,dessert,504,features_cache/15815.pt
WLASL/videos/15816.mp4,dessert,504,features_cache/15816.pt
WLASL/videos/15817.mp4,dessert,504,features_cache/15817.pt
WLASL/videos/15809.mp4,dessert,504,features_cache/15809.pt
WLASL/videos/15810.mp4,dessert,504,features_cache/15810.pt
WLASL/videos/15811.mp4,dessert,504,features_cache/15811.pt
WLASL/videos/15812.mp4,dessert,504,features_cache/15812.pt
WLASL/videos/15833.mp4,destroy,505,features_cache/15833.pt
WLASL/videos/65471.mp4,destroy,505,features_cache/65471.pt
WLASL/videos/15826.mp4,destroy,505,features_cache/15826.pt
WLASL/videos/15828.mp4,destroy,505,features_cache/15828.pt
WLASL/videos/15829.mp4,destroy,505,features_cache/15829.pt
WLASL/videos/15830.mp4,destroy,505,features_cache/15830.pt
WLASL/videos/15831.mp4,destroy,505,features_cache/15831.pt
WLASL/videos/16063.mp4,diamond,512,features_cache/16063.pt
WLASL/videos/16065.mp4,diamond,512,features_cache/16065.pt
WLASL/videos/16066.mp4,diamond,512,features_cache/16066.pt
WLASL/videos/65476.mp4,diamond,512,features_cache/65476.pt
WLASL/videos/67567.mp4,diamond,512,features_cache/67567.pt
WLASL/videos/16071.mp4,diamond,512,features_cache/16071.pt
WLASL/videos/16073.mp4,diamond,512,features_cache/16073.pt
WLASL/videos/17130.mp4,dollar,550,features_cache/17130.pt
WLASL/videos/17132.mp4,dollar,550,features_cache/17132.pt
WLASL/videos/17134.mp4,dollar,550,features_cache/17134.pt
WLASL/videos/17124.mp4,dollar,550,features_cache/17124.pt
WLASL/videos/17125.mp4,dollar,550,features_cache/17125.pt
WLASL/videos/17126.mp4,dollar,550,features_cache/17126.pt
WLASL/videos/17127.mp4,dollar,550,features_cache/17127.pt
WLASL/videos/17589.mp4,drawer,565,features_cache/17589.pt
WLASL/videos/65532.mp4,drawer,565,features_cache/65532.pt
WLASL/videos/17581.mp4,drawer,565,features_cache/17581.pt
WLASL/videos/17583.mp4,drawer,565,features_cache/17583.pt
WLASL/videos/17584.mp4,drawer,565,features_cache/17584.pt
WLASL/videos/17585.mp4,drawer,565,features_cache/17585.pt
WLASL/videos/17586.mp4,drawer,565,features_cache/17586.pt
WLASL/videos/17633.mp4,dream,566,features_cache/17633.pt
WLASL/videos/17634.mp4,dream,566,features_cache/17634.pt
WLASL/videos/17636.mp4,dream,566,features_cache/17636.pt
WLASL/videos/65533.mp4,dream,566,features_cache/65533.pt
WLASL/videos/17627.mp4,dream,566,features_cache/17627.pt
WLASL/videos/67591.mp4,dream,566,features_cache/67591.pt
WLASL/videos/17628.mp4,dream,566,features_cache/17628.pt
WLASL/videos/17918.mp4,drunk,573,features_cache/17918.pt
WLASL/videos/65548.mp4,drunk,573,features_cache/65548.pt
WLASL/videos/67598.mp4,drunk,573,features_cache/67598.pt
WLASL/videos/17912.mp4,drunk,573,features_cache/17912.pt
WLASL/videos/17913.mp4,drunk,573,features_cache/17913.pt
WLASL/videos/17914.mp4,drunk,573,features_cache/17914.pt
WLASL/videos/17915.mp4,drunk,573,features_cache/17915.pt
WLASL/videos/69305.mp4,duck,575,features_cache/69305.pt
WLASL/videos/17955.mp4,duck,575,features_cache/17955.pt
WLASL/videos/17948.mp4,duck,575,features_cache/17948.pt
WLASL/videos/17949.mp4,duck,575,features_cache/17949.pt
WLASL/videos/17950.mp4,duck,575,features_cache/17950.pt
WLASL/videos/17951.mp4,duck,575,features_cache/17951.pt
WLASL/videos/17952.mp4,duck,575,features_cache/17952.pt
WLASL/videos/70039.mp4,during,579,features_cache/70039.pt
WLASL/videos/18028.mp4,during,579,features_cache/18028.pt
WLASL/videos/18030.mp4,during,579,features_cache/18030.pt
WLASL/videos/18032.mp4,during,579,features_cache/18032.pt
WLASL/videos/18033.mp4,during,579,features_cache/18033.pt
WLASL/videos/18034.mp4,during,579,features_cache/18034.pt
WLASL/videos/18035.mp4,during,579,features_cache/18035.pt
WLASL/videos/18144.mp4,eagle,586,features_cache/18144.pt
WLASL/videos/65588.mp4,eagle,586,features_cache/65588.pt
WLASL/videos/67601.mp4,eagle,586,features_cache/67601.pt
WLASL/videos/18139.mp4,eagle,586,features_cache/18139.pt
WLASL/videos/18140.mp4,eagle,586,features_cache/18140.pt
WLASL/videos/18141.mp4,eagle,586,features_cache/18141.pt
WLASL/videos/18142.mp4,eagle,586,features_cache/18142.pt
WLASL/videos/18183.mp4,early,588,features_cache/18183.pt
WLASL/videos/18184.mp4,early,588,features_cache/18184.pt
WLASL/videos/18168.mp4,early,588,features_cache/18168.pt
WLASL/videos/18166.mp4,early,588,features_cache/18166.pt
WLASL/videos/18177.mp4,early,588,features_cache/18177.pt
WLASL/videos/18178.mp4,early,588,features_cache/18178.pt
WLASL/videos/18181.mp4,early,588,features_cache/18181.pt
WLASL/videos/19464.mp4,equal,632,features_cache/19464.pt
WLASL/videos/65640.mp4,equal,632,features_cache/65640.pt
WLASL/videos/19457.mp4,equal,632,features_cache/19457.pt
WLASL/videos/19459.mp4,equal,632,features_cache/19459.pt
WLASL/videos/19460.mp4,equal,632,features_cache/19460.pt
WLASL/videos/19461.mp4,equal,632,features_cache/19461.pt
WLASL/videos/19462.mp4,equal,632,features_cache/19462.pt
WLASL/videos/69311.mp4,every,642,features_cache/69311.pt
WLASL/videos/65648.mp4,every,642,features_cache/65648.pt
WLASL/videos/19843.mp4,every,642,features_cache/19843.pt
WLASL/videos/19845.mp4,every,642,features_cache/19845.pt
WLASL/videos/19846.mp4,every,642,features_cache/19846.pt
WLASL/videos/19847.mp4,every,642,features_cache/19847.pt
WLASL/videos/19848.mp4,every,642,features_cache/19848.pt
WLASL/videos/70286.mp4,excited,653,features_cache/70286.pt
WLASL/videos/20160.mp4,excited,653,features_cache/20160.pt
WLASL/videos/65655.mp4,excited,653,features_cache/65655.pt
WLASL/videos/20153.mp4,excited,653,features_cache/20153.pt
WLASL/videos/20154.mp4,excited,653,features_cache/20154.pt
WLASL/videos/20157.mp4,excited,653,features_cache/20157.pt
WLASL/videos/20158.mp4,excited,653,features_cache/20158.pt
WLASL/videos/68212.mp4,exercise,655,features_cache/68212.pt
WLASL/videos/68047.mp4,exercise,655,features_cache/68047.pt
WLASL/videos/20226.mp4,exercise,655,features_cache/20226.pt
WLASL/videos/20227.mp4,exercise,655,features_cache/20227.pt
WLASL/videos/20228.mp4,exercise,655,features_cache/20228.pt
WLASL/videos/20229.mp4,exercise,655,features_cache/20229.pt
WLASL/videos/20231.mp4,exercise,655,features_cache/20231.pt
WLASL/videos/20396.mp4,experiment,661,features_cache/20396.pt
WLASL/videos/20397.mp4,experiment,661,features_cache/20397.pt
WLASL/videos/65660.mp4,experiment,661,features_cache/65660.pt
WLASL/videos/20400.mp4,experiment,661,features_cache/20400.pt
WLASL/videos/20401.mp4,experiment,661,features_cache/20401.pt
WLASL/videos/20392.mp4,experiment,661,features_cache/20392.pt
WLASL/videos/20393.mp4,experiment,661,features_cache/20393.pt
WLASL/videos/20409.mp4,expert,662,features_cache/20409.pt
WLASL/videos/20411.mp4,expert,662,features_cache/20411.pt
WLASL/videos/20413.mp4,expert,662,features_cache/20413.pt
WLASL/videos/20403.mp4,expert,662,features_cache/20403.pt
WLASL/videos/20404.mp4,expert,662,features_cache/20404.pt
WLASL/videos/20406.mp4,expert,662,features_cache/20406.pt
WLASL/videos/20407.mp4,expert,662,features_cache/20407.pt
WLASL/videos/69315.mp4,fact,671,features_cache/69315.pt
WLASL/videos/20743.mp4,fact,671,features_cache/20743.pt
WLASL/videos/20746.mp4,fact,671,features_cache/20746.pt
WLASL/videos/20748.mp4,fact,671,features_cache/20748.pt
WLASL/videos/20737.mp4,fact,671,features_cache/20737.pt
WLASL/videos/20739.mp4,fact,671,features_cache/20739.pt
WLASL/videos/20740.mp4,fact,671,features_cache/20740.pt
WLASL/videos/21332.mp4,fear,689,features_cache/21332.pt
WLASL/videos/21333.mp4,fear,689,features_cache/21333.pt
WLASL/videos/21334.mp4,fear,689,features_cache/21334.pt
WLASL/videos/21326.mp4,fear,689,features_cache/21326.pt
WLASL/videos/21327.mp4,fear,689,features_cache/21327.pt
WLASL/videos/21328.mp4,fear,689,features_cache/21328.pt
WLASL/videos/21330.mp4,fear,689,features_cache/21330.pt
WLASL/videos/21401.mp4,feedback,693,features_cache/21401.pt
WLASL/videos/21403.mp4,feedback,693,features_cache/21403.pt
WLASL/videos/21404.mp4,feedback,693,features_cache/21404.pt
WLASL/videos/21395.mp4,feedback,693,features_cache/21395.pt
WLASL/videos/21397.mp4,feedback,693,features_cache/21397.pt
WLASL/videos/21398.mp4,feedback,693,features_cache/21398.pt
WLASL/videos/21399.mp4,feedback,693,features_cache/21399.pt
WLASL/videos/22683.mp4,fold,723,features_cache/22683.pt
WLASL/videos/22694.mp4,fold,723,features_cache/22694.pt
WLASL/videos/22696.mp4,fold,723,features_cache/22696.pt
WLASL/videos/22697.mp4,fold,723,features_cache/22697.pt
WLASL/videos/22698.mp4,fold,723,features_cache/22698.pt
WLASL/videos/22699.mp4,fold,723,features_cache/22699.pt
WLASL/videos/22701.mp4,fold,723,features_cache/22701.pt
WLASL/videos/22919.mp4,forest,730,features_cache/22919.pt
WLASL/videos/22920.mp4,forest,730,features_cache/22920.pt
WLASL/videos/22911.mp4,forest,730,features_cache/22911.pt
WLASL/videos/22913.mp4,forest,730,features_cache/22913.pt
WLASL/videos/22914.mp4,forest,730,features_cache/22914.pt
WLASL/videos/22916.mp4,forest,730,features_cache/22916.pt
WLASL/videos/22917.mp4,forest,730,features_cache/22917.pt
WLASL/videos/23335.mp4,france,740,features_cache/23335.pt
WLASL/videos/23336.mp4,france,740,features_cache/23336.pt
WLASL/videos/65777.mp4,france,740,features_cache/65777.pt
WLASL/videos/67684.mp4,france,740,features_cache/67684.pt
WLASL/videos/23338.mp4,france,740,features_cache/23338.pt
WLASL/videos/23330.mp4,france,740,features_cache/23330.pt
WLASL/videos/23331.mp4,france,740,features_cache/23331.pt
WLASL/videos/23634.mp4,frog,749,features_cache/23634.pt
WLASL/videos/65784.mp4,frog,749,features_cache/65784.pt
WLASL/videos/23627.mp4,frog,749,features_cache/23627.pt
WLASL/videos/23629.mp4,frog,749,features_cache/23629.pt
WLASL/videos/23630.mp4,frog,749,features_cache/23630.pt
WLASL/videos/23631.mp4,frog,749,features_cache/23631.pt
WLASL/videos/23632.mp4,frog,749,features_cache/23632.pt
WLASL/videos/23876.mp4,funny,758,features_cache/23876.pt
WLASL/videos/23877.mp4,funny,758,features_cache/23877.pt
WLASL/videos/23878.mp4,funny,758,features_cache/23878.pt
WLASL/videos/23870.mp4,funny,758,features_cache/23870.pt
WLASL/videos/23871.mp4,funny,758,features_cache/23871.pt
WLASL/videos/23872.mp4,funny,758,features_cache/23872.pt
WLASL/videos/23873.mp4,funny,758,features_cache/23873.pt
WLASL/videos/70042.mp4,garage,766,features_cache/70042.pt
WLASL/videos/65801.mp4,garage,766,features_cache/65801.pt
WLASL/videos/24057.mp4,garage,766,features_cache/24057.pt
WLASL/videos/24059.mp4,garage,766,features_cache/24059.pt
WLASL/videos/24060.mp4,garage,766,features_cache/24060.pt
WLASL/videos/24061.mp4,garage,766,features_cache/24061.pt
WLASL/videos/24062.mp4,garage,766,features_cache/24062.pt
WLASL/videos/24872.mp4,goal,790,features_cache/24872.pt
WLASL/videos/24873.mp4,goal,790,features_cache/24873.pt
WLASL/videos/65829.mp4,goal,790,features_cache/65829.pt
WLASL/videos/24879.mp4,goal,790,features_cache/24879.pt
WLASL/videos/24881.mp4,goal,790,features_cache/24881.pt
WLASL/videos/24868.mp4,goal,790,features_cache/24868.pt
WLASL/videos/24869.mp4,goal,790,features_cache/24869.pt
WLASL/videos/25018.mp4,golf,794,features_cache/25018.pt
WLASL/videos/65833.mp4,golf,794,features_cache/65833.pt
WLASL/videos/67718.mp4,golf,794,features_cache/67718.pt
WLASL/videos/25013.mp4,golf,794,features_cache/25013.pt
WLASL/videos/25014.mp4,golf,794,features_cache/25014.pt
WLASL/videos/25015.mp4,golf,794,features_cache/25015.pt
WLASL/videos/25016.mp4,golf,794,features_cache/25016.pt
WLASL/videos/68662.mp4,gone,795,features_cache/68662.pt
WLASL/videos/70114.mp4,gone,795,features_cache/70114.pt
WLASL/videos/25030.mp4,gone,795,features_cache/25030.pt
WLASL/videos/65834.mp4,gone,795,features_cache/65834.pt
WLASL/videos/25034.mp4,gone,795,features_cache/25034.pt
WLASL/videos/25025.mp4,gone,795,features_cache/25025.pt
WLASL/videos/25026.mp4,gone,795,features_cache/25026.pt
WLASL/videos/25191.mp4,gossip,799,features_cache/25191.pt
WLASL/videos/67719.mp4,gossip,799,features_cache/67719.pt
WLASL/videos/25184.mp4,gossip,799,features_cache/25184.pt
WLASL/videos/25186.mp4,gossip,799,features_cache/25186.pt
WLASL/videos/25187.mp4,gossip,799,features_cache/25187.pt
WLASL/videos/25188.mp4,gossip,799,features_cache/25188.pt
WLASL/videos/25189.mp4,gossip,799,features_cache/25189.pt
WLASL/videos/70329.mp4,grandmother,807,features_cache/70329.pt
WLASL/videos/25436.mp4,grandmother,807,features_cache/25436.pt
WLASL/videos/67725.mp4,grandmother,807,features_cache/67725.pt
WLASL/videos/25430.mp4,grandmother,807,features_cache/25430.pt
WLASL/videos/25431.mp4,grandmother,807,features_cache/25431.pt
WLASL/videos/25432.mp4,grandmother,807,features_cache/25432.pt
WLASL/videos/25433.mp4,grandmother,807,features_cache/25433.pt
WLASL/videos/70312.mp4,grapes,808,features_cache/70312.pt
WLASL/videos/65849.mp4,grapes,808,features_cache/65849.pt
WLASL/videos/25482.mp4,grapes,808,features_cache/25482.pt
WLASL/videos/25484.mp4,grapes,808,features_cache/25484.pt
WLASL/videos/25485.mp4,grapes,808,features_cache/25485.pt
WLASL/videos/25486.mp4,grapes,808,features_cache/25486.pt
WLASL/videos/25487.mp4,grapes,808,features_cache/25487.pt
WLASL/videos/25820.mp4,group,816,features_cache/25820.pt
WLASL/videos/65859.mp4,group,816,features_cache/65859.pt
WLASL/videos/65860.mp4,group,816,features_cache/65860.pt
WLASL/videos/25823.mp4,group,816,features_cache/25823.pt
WLASL/videos/25824.mp4,group,816,features_cache/25824.pt
WLASL/videos/25825.mp4,group,816,features_cache/25825.pt
WLASL/videos/25826.mp4,group,816,features_cache/25826.pt
WLASL/videos/25967.mp4,guilty,821,features_cache/25967.pt
WLASL/videos/25968.mp4,guilty,821,features_cache/25968.pt
WLASL/videos/25960.mp4,guilty,821,features_cache/25960.pt
WLASL/videos/25961.mp4,guilty,821,features_cache/25961.pt
WLASL/videos/25962.mp4,guilty,821,features_cache/25962.pt
WLASL/videos/25963.mp4,guilty,821,features_cache/25963.pt
WLASL/videos/25964.mp4,guilty,821,features_cache/25964.pt
WLASL/videos/26303.mp4,hamburger,832,features_cache/26303.pt
WLASL/videos/67740.mp4,hamburger,832,features_cache/67740.pt
WLASL/videos/26296.mp4,hamburger,832,features_cache/26296.pt
WLASL/videos/26298.mp4,hamburger,832,features_cache/26298.pt
WLASL/videos/26299.mp4,hamburger,832,features_cache/26299.pt
WLASL/videos/26300.mp4,hamburger,832,features_cache/26300.pt
WLASL/videos/26301.mp4,hamburger,832,features_cache/26301.pt
WLASL/videos/68392.mp4,hate,841,features_cache/68392.pt
WLASL/videos/68067.mp4,hate,841,features_cache/68067.pt
WLASL/videos/26706.mp4,hate,841,features_cache/26706.pt
WLASL/videos/26709.mp4,hate,841,features_cache/26709.pt
WLASL/videos/26710.mp4,hate,841,features_cache/26710.pt
WLASL/videos/26698.mp4,hate,841,features_cache/26698.pt
WLASL/videos/26701.mp4,hate,841,features_cache/26701.pt
WLASL/videos/69362.mp4,head,844,features_cache/69362.pt
WLASL/videos/26852.mp4,head,844,features_cache/26852.pt
WLASL/videos/26854.mp4,head,844,features_cache/26854.pt
WLASL/videos/26856.mp4,head,844,features_cache/26856.pt
WLASL/videos/26857.mp4,head,844,features_cache/26857.pt
WLASL/videos/26858.mp4,head,844,features_cache/26858.pt
WLASL/videos/26859.mp4,head,844,features_cache/26859.pt
WLASL/videos/27249.mp4,her,859,features_cache/27249.pt
WLASL/videos/27282.mp4,her,859,features_cache/27282.pt
WLASL/videos/27284.mp4,her,859,features_cache/27284.pt
WLASL/videos/27285.mp4,her,859,features_cache/27285.pt
WLASL/videos/27275.mp4,her,859,features_cache/27275.pt
WLASL/videos/27279.mp4,her,859,features_cache/27279.pt
WLASL/videos/27280.mp4,her,859,features_cache/27280.pt
WLASL/videos/70106.mp4,horse,881,features_cache/70106.pt
WLASL/videos/28002.mp4,horse,881,features_cache/28002.pt
WLASL/videos/27994.mp4,horse,881,features_cache/27994.pt
WLASL/videos/27995.mp4,horse,881,features_cache/27995.pt
WLASL/videos/27998.mp4,horse,881,features_cache/27998.pt
WLASL/videos/27999.mp4,horse,881,features_cache/27999.pt
WLASL/videos/28000.mp4,horse,881,features_cache/28000.pt
WLASL/videos/28782.mp4,ignore,903,features_cache/28782.pt
WLASL/videos/28783.mp4,ignore,903,features_cache/28783.pt
WLASL/videos/67784.mp4,ignore,903,features_cache/67784.pt
WLASL/videos/28776.mp4,ignore,903,features_cache/28776.pt
WLASL/videos/28777.mp4,ignore,903,features_cache/28777.pt
WLASL/videos/28778.mp4,ignore,903,features_cache/28778.pt
WLASL/videos/28779.mp4,ignore,903,features_cache/28779.pt
WLASL/videos/29095.mp4,impossible,909,features_cache/29095.pt
WLASL/videos/29096.mp4,impossible,909,features_cache/29096.pt
WLASL/videos/67788.mp4,impossible,909,features_cache/67788.pt
WLASL/videos/29089.mp4,impossible,909,features_cache/29089.pt
WLASL/videos/29090.mp4,impossible,909,features_cache/29090.pt
WLASL/videos/29091.mp4,impossible,909,features_cache/29091.pt
WLASL/videos/29092.mp4,impossible,909,features_cache/29092.pt
WLASL/videos/69377.mp4,in,911,features_cache/69377.pt
WLASL/videos/29718.mp4,in,911,features_cache/29718.pt
WLASL/videos/29720.mp4,in,911,features_cache/29720.pt
WLASL/videos/29722.mp4,in,911,features_cache/29722.pt
WLASL/videos/29723.mp4,in,911,features_cache/29723.pt
WLASL/videos/29724.mp4,in,911,features_cache/29724.pt
WLASL/videos/29725.mp4,in,911,features_cache/29725.pt
WLASL/videos/29391.mp4,independent,914,features_cache/29391.pt
WLASL/videos/65932.mp4,independent,914,features_cache/65932.pt
WLASL/videos/29384.mp4,independent,914,features_cache/29384.pt
WLASL/videos/29386.mp4,independent,914,features_cache/29386.pt
WLASL/videos/29387.mp4,independent,914,features_cache/29387.pt
WLASL/videos/29388.mp4,independent,914,features_cache/29388.pt
WLASL/videos/29389.mp4,independent,914,features_cache/29389.pt
WLASL/videos/70162.mp4,inside,923,features_cache/70162.pt
WLASL/videos/65942.mp4,inside,923,features_cache/65942.pt
WLASL/videos/29867.mp4,inside,923,features_cache/29867.pt
WLASL/videos/29869.mp4,inside,923,features_cache/29869.pt
WLASL/videos/29870.mp4,inside,923,features_cache/29870.pt
WLASL/videos/29871.mp4,inside,923,features_cache/29871.pt
WLASL/videos/29872.mp4,inside,923,features_cache/29872.pt
WLASL/videos/30060.mp4,insurance,928,features_cache/30060.pt
WLASL/videos/67792.mp4,insurance,928,features_cache/67792.pt
WLASL/videos/30053.mp4,insurance,928,features_cache/30053.pt
WLASL/videos/30055.mp4,insurance,928,features_cache/30055.pt
WLASL/videos/30056.mp4,insurance,928,features_cache/30056.pt
WLASL/videos/30057.mp4,insurance,928,features_cache/30057.pt
WLASL/videos/30058.mp4,insurance,928,features_cache/30058.pt
WLASL/videos/30682.mp4,island,946,features_cache/30682.pt
WLASL/videos/65966.mp4,island,946,features_cache/65966.pt
WLASL/videos/30675.mp4,island,946,features_cache/30675.pt
WLASL/videos/30677.mp4,island,946,features_cache/30677.pt
WLASL/videos/30678.mp4,island,946,features_cache/30678.pt
WLASL/videos/30679.mp4,island,946,features_cache/30679.pt
WLASL/videos/30680.mp4,island,946,features_cache/30680.pt
WLASL/videos/32701.mp4,lecture,1007,features_cache/32701.pt
WLASL/videos/67837.mp4,lecture,1007,features_cache/67837.pt
WLASL/videos/32694.mp4,lecture,1007,features_cache/32694.pt
WLASL/videos/32696.mp4,lecture,1007,features_cache/32696.pt
WLASL/videos/32697.mp4,lecture,1007,features_cache/32697.pt
WLASL/videos/32698.mp4,lecture,1007,features_cache/32698.pt
WLASL/videos/32699.mp4,lecture,1007,features_cache/32699.pt
WLASL/videos/32893.mp4,lesson,1014,features_cache/32893.pt
WLASL/videos/32894.mp4,lesson,1014,features_cache/32894.pt
WLASL/videos/67839.mp4,lesson,1014,features_cache/67839.pt
WLASL/videos/32888.mp4,lesson,1014,features_cache/32888.pt
WLASL/videos/32889.mp4,lesson,1014,features_cache/32889.pt
WLASL/videos/32890.mp4,lesson,1014,features_cache/32890.pt
WLASL/videos/32891.mp4,lesson,1014,features_cache/32891.pt
WLASL/videos/33319.mp4,limit,1027,features_cache/33319.pt
WLASL/videos/66072.mp4,limit,1027,features_cache/66072.pt
WLASL/videos/33312.mp4,limit,1027,features_cache/33312.pt
WLASL/videos/33314.mp4,limit,1027,features_cache/33314.pt
WLASL/videos/33315.mp4,limit,1027,features_cache/33315.pt
WLASL/videos/33316.mp4,limit,1027,features_cache/33316.pt
WLASL/videos/33317.mp4,limit,1027,features_cache/33317.pt
WLASL/videos/70109.mp4,lion,1030,features_cache/70109.pt
WLASL/videos/67849.mp4,lion,1030,features_cache/67849.pt
WLASL/videos/33392.mp4,lion,1030,features_cache/33392.pt
WLASL/videos/33394.mp4,lion,1030,features_cache/33394.pt
WLASL/videos/33395.mp4,lion,1030,features_cache/33395.pt
WLASL/videos/33396.mp4,lion,1030,features_cache/33396.pt
WLASL/videos/33397.mp4,lion,1030,features_cache/33397.pt
WLASL/videos/33451.mp4,listen,1034,features_cache/33451.pt
WLASL/videos/33454.mp4,listen,1034,features_cache/33454.pt
WLASL/videos/33466.mp4,listen,1034,features_cache/33466.pt
WLASL/videos/33455.mp4,listen,1034,features_cache/33455.pt
WLASL/videos/33456.mp4,listen,1034,features_cache/33456.pt
WLASL/videos/33457.mp4,listen,1034,features_cache/33457.pt
WLASL/videos/33459.mp4,listen,1034,features_cache/33459.pt
WLASL/videos/34861.mp4,march,1064,features_cache/34861.pt
WLASL/videos/34869.mp4,march,1064,features_cache/34869.pt
WLASL/videos/34872.mp4,march,1064,features_cache/34872.pt
WLASL/videos/34862.mp4,march,1064,features_cache/34862.pt
WLASL/videos/34864.mp4,march,1064,features_cache/34864.pt
WLASL/videos/34866.mp4,march,1064,features_cache/34866.pt
WLASL/videos/34867.mp4,march,1064,features_cache/34867.pt
WLASL/videos/35161.mp4,math,1067,features_cache/35161.pt
WLASL/videos/35162.mp4,math,1067,features_cache/35162.pt
WLASL/videos/66107.mp4,math,1067,features_cache/66107.pt
WLASL/videos/35155.mp4,math,1067,features_cache/35155.pt
WLASL/videos/35156.mp4,math,1067,features_cache/35156.pt
WLASL/videos/35158.mp4,math,1067,features_cache/35158.pt
WLASL/videos/35159.mp4,math,1067,features_cache/35159.pt
WLASL/videos/35218.mp4,maybe,1070,features_cache/35218.pt
WLASL/videos/68524.mp4,maybe,1070,features_cache/68524.pt
WLASL/videos/67877.mp4,maybe,1070,features_cache/67877.pt
WLASL/videos/35220.mp4,maybe,1070,features_cache/35220.pt
WLASL/videos/35221.mp4,maybe,1070,features_cache/35221.pt
WLASL/videos/35222.mp4,maybe,1070,features_cache/35222.pt
WLASL/videos/35225.mp4,maybe,1070,features_cache/35225.pt
WLASL/videos/35383.mp4,mechanic,1076,features_cache/35383.pt
WLASL/videos/35384.mp4,mechanic,1076,features_cache/35384.pt
WLASL/videos/66110.mp4,mechanic,1076,features_cache/66110.pt
WLASL/videos/35377.mp4,mechanic,1076,features_cache/35377.pt
WLASL/videos/67885.mp4,mechanic,1076,features_cache/67885.pt
WLASL/videos/35381.mp4,mechanic,1076,features_cache/35381.pt
WLASL/videos/35382.mp4,mechanic,1076,features_cache/35382.pt
WLASL/videos/36603.mp4,mom,1105,features_cache/36603.pt
WLASL/videos/68672.mp4,mom,1105,features_cache/68672.pt
WLASL/videos/36605.mp4,mom,1105,features_cache/36605.pt
WLASL/videos/36607.mp4,mom,1105,features_cache/36607.pt
WLASL/videos/36608.mp4,mom,1105,features_cache/36608.pt
WLASL/videos/36609.mp4,mom,1105,features_cache/36609.pt
WLASL/videos/36610.mp4,mom,1105,features_cache/36610.pt
WLASL/videos/37045.mp4,mouse,1123,features_cache/37045.pt
WLASL/videos/37046.mp4,mouse,1123,features_cache/37046.pt
WLASL/videos/37049.mp4,mouse,1123,features_cache/37049.pt
WLASL/videos/37051.mp4,mouse,1123,features_cache/37051.pt
WLASL/videos/37053.mp4,mouse,1123,features_cache/37053.pt
WLASL/videos/37042.mp4,mouse,1123,features_cache/37042.pt
WLASL/videos/37043.mp4,mouse,1123,features_cache/37043.pt
WLASL/videos/37202.mp4,much,1127,features_cache/37202.pt
WLASL/videos/66154.mp4,much,1127,features_cache/66154.pt
WLASL/videos/37194.mp4,much,1127,features_cache/37194.pt
WLASL/videos/37196.mp4,much,1127,features_cache/37196.pt
WLASL/videos/37197.mp4,much,1127,features_cache/37197.pt
WLASL/videos/37198.mp4,much,1127,features_cache/37198.pt
WLASL/videos/37199.mp4,much,1127,features_cache/37199.pt
WLASL/videos/37321.mp4,muscle,1130,features_cache/37321.pt
WLASL/videos/37322.mp4,muscle,1130,features_cache/37322.pt
WLASL/videos/37314.mp4,muscle,1130,features_cache/37314.pt
WLASL/videos/37316.mp4,muscle,1130,features_cache/37316.pt
WLASL/videos/37317.mp4,muscle,1130,features_cache/37317.pt
WLASL/videos/37318.mp4,muscle,1130,features_cache/37318.pt
WLASL/videos/37319.mp4,muscle,1130,features_cache/37319.pt
WLASL/videos/68286.mp4,museum,1131,features_cache/68286.pt
WLASL/videos/37341.mp4,museum,1131,features_cache/37341.pt
WLASL/videos/67918.mp4,museum,1131,features_cache/67918.pt
WLASL/videos/37334.mp4,museum,1131,features_cache/37334.pt
WLASL/videos/37335.mp4,museum,1131,features_cache/37335.pt
WLASL/videos/37336.mp4,museum,1131,features_cache/37336.pt
WLASL/videos/37338.mp4,museum,1131,features_cache/37338.pt
WLASL/videos/70291.mp4,must,1134,features_cache/70291.pt
WLASL/videos/37425.mp4,must,1134,features_cache/37425.pt
WLASL/videos/37418.mp4,must,1134,features_cache/37418.pt
WLASL/videos/37430.mp4,must,1134,features_cache/37430.pt
WLASL/videos/37431.mp4,must,1134,features_cache/37431.pt
WLASL/videos/37432.mp4,must,1134,features_cache/37432.pt
WLASL/videos/37419.mp4,must,1134,features_cache/37419.pt
WLASL/videos/68778.mp4,mustache,1135,features_cache/68778.pt
WLASL/videos/70368.mp4,mustache,1135,features_cache/70368.pt
WLASL/videos/37405.mp4,mustache,1135,features_cache/37405.pt
WLASL/videos/37397.mp4,mustache,1135,features_cache/37397.pt
WLASL/videos/37398.mp4,mustache,1135,features_cache/37398.pt
WLASL/videos/37399.mp4,mustache,1135,features_cache/37399.pt
WLASL/videos/37400.mp4,mustache,1135,features_cache/37400.pt
WLASL/videos/69406.mp4,negative,1148,features_cache/69406.pt
WLASL/videos/66164.mp4,negative,1148,features_cache/66164.pt
WLASL/videos/37911.mp4,negative,1148,features_cache/37911.pt
WLASL/videos/37913.mp4,negative,1148,features_cache/37913.pt
WLASL/videos/37914.mp4,negative,1148,features_cache/37914.pt
WLASL/videos/37915.mp4,negative,1148,features_cache/37915.pt
WLASL/videos/37916.mp4,negative,1148,features_cache/37916.pt
WLASL/videos/38019.mp4,nervous,1152,features_cache/38019.pt
WLASL/videos/38020.mp4,nervous,1152,features_cache/38020.pt
WLASL/videos/38011.mp4,nervous,1152,features_cache/38011.pt
WLASL/videos/38012.mp4,nervous,1152,features_cache/38012.pt
WLASL/videos/38014.mp4,nervous,1152,features_cache/38014.pt
WLASL/videos/38015.mp4,nervous,1152,features_cache/38015.pt
WLASL/videos/38017.mp4,nervous,1152,features_cache/38017.pt
WLASL/videos/38070.mp4,neutral,1154,features_cache/38070.pt
WLASL/videos/67928.mp4,neutral,1154,features_cache/67928.pt
WLASL/videos/38071.mp4,neutral,1154,features_cache/38071.pt
WLASL/videos/38063.mp4,neutral,1154,features_cache/38063.pt
WLASL/videos/38065.mp4,neutral,1154,features_cache/38065.pt
WLASL/videos/38066.mp4,neutral,1154,features_cache/38066.pt
WLASL/videos/38068.mp4,neutral,1154,features_cache/38068.pt
WLASL/videos/70253.mp4,nose,1172,features_cache/70253.pt
WLASL/videos/38737.mp4,nose,1172,features_cache/38737.pt
WLASL/videos/38729.mp4,nose,1172,features_cache/38729.pt
WLASL/videos/38731.mp4,nose,1172,features_cache/38731.pt
WLASL/videos/38732.mp4,nose,1172,features_cache/38732.pt
WLASL/videos/38733.mp4,nose,1172,features_cache/38733.pt
WLASL/videos/38734.mp4,nose,1172,features_cache/38734.pt
WLASL/videos/70036.mp4,often,1197,features_cache/70036.pt
WLASL/videos/39511.mp4,often,1197,features_cache/39511.pt
WLASL/videos/39513.mp4,often,1197,features_cache/39513.pt
WLASL/videos/39504.mp4,often,1197,features_cache/39504.pt
WLASL/videos/39505.mp4,often,1197,features_cache/39505.pt
WLASL/videos/39507.mp4,often,1197,features_cache/39507.pt
WLASL/videos/39508.mp4,often,1197,features_cache/39508.pt
WLASL/videos/39992.mp4,operate,1207,features_cache/39992.pt
WLASL/videos/39993.mp4,operate,1207,features_cache/39993.pt
WLASL/videos/39994.mp4,operate,1207,features_cache/39994.pt
WLASL/videos/39996.mp4,operate,1207,features_cache/39996.pt
WLASL/videos/39986.mp4,operate,1207,features_cache/39986.pt
WLASL/videos/39988.mp4,operate,1207,features_cache/39988.pt
WLASL/videos/39989.mp4,operate,1207,features_cache/39989.pt
WLASL/videos/40018.mp4,opinion,1208,features_cache/40018.pt
WLASL/videos/40019.mp4,opinion,1208,features_cache/40019.pt
WLASL/videos/66240.mp4,opinion,1208,features_cache/66240.pt
WLASL/videos/40011.mp4,opinion,1208,features_cache/40011.pt
WLASL/videos/40012.mp4,opinion,1208,features_cache/40012.pt
WLASL/videos/40013.mp4,opinion,1208,features_cache/40013.pt
WLASL/videos/40014.mp4,opinion,1208,features_cache/40014.pt
WLASL/videos/40321.mp4,other,1215,features_cache/40321.pt
WLASL/videos/40313.mp4,other,1215,features_cache/40313.pt
WLASL/videos/40314.mp4,other,1215,features_cache/40314.pt
WLASL/videos/40316.mp4,other,1215,features_cache/40316.pt
WLASL/videos/40317.mp4,other,1215,features_cache/40317.pt
WLASL/videos/40318.mp4,other,1215,features_cache/40318.pt
WLASL/videos/40319.mp4,other,1215,features_cache/40319.pt
WLASL/videos/41354.mp4,pass,1240,features_cache/41354.pt
WLASL/videos/41356.mp4,pass,1240,features_cache/41356.pt
WLASL/videos/41350.mp4,pass,1240,features_cache/41350.pt
WLASL/videos/41361.mp4,pass,1240,features_cache/41361.pt
WLASL/videos/41363.mp4,pass,1240,features_cache/41363.pt
WLASL/videos/41364.mp4,pass,1240,features_cache/41364.pt
WLASL/videos/41365.mp4,pass,1240,features_cache/41365.pt
WLASL/videos/42753.mp4,pillow,1282,features_cache/42753.pt
WLASL/videos/42754.mp4,pillow,1282,features_cache/42754.pt
WLASL/videos/67987.mp4,pillow,1282,features_cache/67987.pt
WLASL/videos/42757.mp4,pillow,1282,features_cache/42757.pt
WLASL/videos/42758.mp4,pillow,1282,features_cache/42758.pt
WLASL/videos/42747.mp4,pillow,1282,features_cache/42747.pt
WLASL/videos/42749.mp4,pillow,1282,features_cache/42749.pt
WLASL/videos/44281.mp4,prepare,1331,features_cache/44281.pt
WLASL/videos/66324.mp4,prepare,1331,features_cache/66324.pt
WLASL/videos/44274.mp4,prepare,1331,features_cache/44274.pt
WLASL/videos/44276.mp4,prepare,1331,features_cache/44276.pt
WLASL/videos/44277.mp4,prepare,1331,features_cache/44277.pt
WLASL/videos/44278.mp4,prepare,1331,features_cache/44278.pt
WLASL/videos/44279.mp4,prepare,1331,features_cache/44279.pt
WLASL/videos/69437.mp4,pretty,1337,features_cache/69437.pt
WLASL/videos/70255.mp4,pretty,1337,features_cache/70255.pt
WLASL/videos/67100.mp4,pretty,1337,features_cache/67100.pt
WLASL/videos/44425.mp4,pretty,1337,features_cache/44425.pt
WLASL/videos/44426.mp4,pretty,1337,features_cache/44426.pt
WLASL/videos/44427.mp4,pretty,1337,features_cache/44427.pt
WLASL/videos/44428.mp4,pretty,1337,features_cache/44428.pt
WLASL/videos/44500.mp4,priest,1341,features_cache/44500.pt
WLASL/videos/67104.mp4,priest,1341,features_cache/67104.pt
WLASL/videos/44493.mp4,priest,1341,features_cache/44493.pt
WLASL/videos/44495.mp4,priest,1341,features_cache/44495.pt
WLASL/videos/44496.mp4,priest,1341,features_cache/44496.pt
WLASL/videos/44497.mp4,priest,1341,features_cache/44497.pt
WLASL/videos/44498.mp4,priest,1341,features_cache/44498.pt
WLASL/videos/44837.mp4,program,1357,features_cache/44837.pt
WLASL/videos/66337.mp4,program,1357,features_cache/66337.pt
WLASL/videos/44830.mp4,program,1357,features_cache/44830.pt
WLASL/videos/44832.mp4,program,1357,features_cache/44832.pt
WLASL/videos/44833.mp4,program,1357,features_cache/44833.pt
WLASL/videos/44834.mp4,program,1357,features_cache/44834.pt
WLASL/videos/44835.mp4,program,1357,features_cache/44835.pt
WLASL/videos/70154.mp4,promise,1360,features_cache/70154.pt
WLASL/videos/66339.mp4,promise,1360,features_cache/66339.pt
WLASL/videos/44897.mp4,promise,1360,features_cache/44897.pt
WLASL/videos/44899.mp4,promise,1360,features_cache/44899.pt
WLASL/videos/44900.mp4,promise,1360,features_cache/44900.pt
WLASL/videos/44901.mp4,promise,1360,features_cache/44901.pt
WLASL/videos/44902.mp4,promise,1360,features_cache/44902.pt
WLASL/videos/69441.mp4,put,1383,features_cache/69441.pt
WLASL/videos/45511.mp4,put,1383,features_cache/45511.pt
WLASL/videos/45513.mp4,put,1383,features_cache/45513.pt
WLASL/videos/45515.mp4,put,1383,features_cache/45515.pt
WLASL/videos/45516.mp4,put,1383,features_cache/45516.pt
WLASL/videos/45517.mp4,put,1383,features_cache/45517.pt
WLASL/videos/45518.mp4,put,1383,features_cache/45518.pt
WLASL/videos/45692.mp4,queen,1390,features_cache/45692.pt
WLASL/videos/66362.mp4,queen,1390,features_cache/66362.pt
WLASL/videos/45685.mp4,queen,1390,features_cache/45685.pt
WLASL/videos/45687.mp4,queen,1390,features_cache/45687.pt
WLASL/videos/45688.mp4,queen,1390,features_cache/45688.pt
WLASL/videos/45689.mp4,queen,1390,features_cache/45689.pt
WLASL/videos/45690.mp4,queen,1390,features_cache/45690.pt
WLASL/videos/45789.mp4,quit,1394,features_cache/45789.pt
WLASL/videos/45780.mp4,quit,1394,features_cache/45780.pt
WLASL/videos/45782.mp4,quit,1394,features_cache/45782.pt
WLASL/videos/45784.mp4,quit,1394,features_cache/45784.pt
WLASL/videos/45785.mp4,quit,1394,features_cache/45785.pt
WLASL/videos/45786.mp4,quit,1394,features_cache/45786.pt
WLASL/videos/45787.mp4,quit,1394,features_cache/45787.pt
WLASL/videos/45916.mp4,radio,1400,features_cache/45916.pt
WLASL/videos/45907.mp4,radio,1400,features_cache/45907.pt
WLASL/videos/45908.mp4,radio,1400,features_cache/45908.pt
WLASL/videos/45910.mp4,radio,1400,features_cache/45910.pt
WLASL/videos/45911.mp4,radio,1400,features_cache/45911.pt
WLASL/videos/45912.mp4,radio,1400,features_cache/45912.pt
WLASL/videos/45913.mp4,radio,1400,features_cache/45913.pt
WLASL/videos/46182.mp4,rat,1405,features_cache/46182.pt
WLASL/videos/46174.mp4,rat,1405,features_cache/46174.pt
WLASL/videos/46175.mp4,rat,1405,features_cache/46175.pt
WLASL/videos/46177.mp4,rat,1405,features_cache/46177.pt
WLASL/videos/46178.mp4,rat,1405,features_cache/46178.pt
WLASL/videos/46179.mp4,rat,1405,features_cache/46179.pt
WLASL/videos/46180.mp4,rat,1405,features_cache/46180.pt
WLASL/videos/47008.mp4,reject,1426,features_cache/47008.pt
WLASL/videos/47009.mp4,reject,1426,features_cache/47009.pt
WLASL/videos/47001.mp4,reject,1426,features_cache/47001.pt
WLASL/videos/47003.mp4,reject,1426,features_cache/47003.pt
WLASL/videos/47004.mp4,reject,1426,features_cache/47004.pt
WLASL/videos/47005.mp4,reject,1426,features_cache/47005.pt
WLASL/videos/47006.mp4,reject,1426,features_cache/47006.pt
WLASL/videos/47469.mp4,require,1445,features_cache/47469.pt
WLASL/videos/47460.mp4,require,1445,features_cache/47460.pt
WLASL/videos/47462.mp4,require,1445,features_cache/47462.pt
WLASL/videos/47464.mp4,require,1445,features_cache/47464.pt
WLASL/videos/47465.mp4,require,1445,features_cache/47465.pt
WLASL/videos/47466.mp4,require,1445,features_cache/47466.pt
WLASL/videos/47467.mp4,require,1445,features_cache/47467.pt
WLASL/videos/70057.mp4,rest,1453,features_cache/70057.pt
WLASL/videos/67138.mp4,rest,1453,features_cache/67138.pt
WLASL/videos/47670.mp4,rest,1453,features_cache/47670.pt
WLASL/videos/47672.mp4,rest,1453,features_cache/47672.pt
WLASL/videos/47673.mp4,rest,1453,features_cache/47673.pt
WLASL/videos/47674.mp4,rest,1453,features_cache/47674.pt
WLASL/videos/47675.mp4,rest,1453,features_cache/47675.pt
WLASL/videos/47794.mp4,retire,1457,features_cache/47794.pt
WLASL/videos/66400.mp4,retire,1457,features_cache/66400.pt
WLASL/videos/47787.mp4,retire,1457,features_cache/47787.pt
WLASL/videos/47789.mp4,retire,1457,features_cache/47789.pt
WLASL/videos/47790.mp4,retire,1457,features_cache/47790.pt
WLASL/videos/47791.mp4,retire,1457,features_cache/47791.pt
WLASL/videos/47792.mp4,retire,1457,features_cache/47792.pt
WLASL/videos/48212.mp4,rise,1467,features_cache/48212.pt
WLASL/videos/48215.mp4,rise,1467,features_cache/48215.pt
WLASL/videos/48216.mp4,rise,1467,features_cache/48216.pt
WLASL/videos/48218.mp4,rise,1467,features_cache/48218.pt
WLASL/videos/48219.mp4,rise,1467,features_cache/48219.pt
WLASL/videos/48222.mp4,rise,1467,features_cache/48222.pt
WLASL/videos/48210.mp4,rise,1467,features_cache/48210.pt
WLASL/videos/48258.mp4,river,1468,features_cache/48258.pt
WLASL/videos/66410.mp4,river,1468,features_cache/66410.pt
WLASL/videos/67145.mp4,river,1468,features_cache/67145.pt
WLASL/videos/48253.mp4,river,1468,features_cache/48253.pt
WLASL/videos/48254.mp4,river,1468,features_cache/48254.pt
WLASL/videos/48255.mp4,river,1468,features_cache/48255.pt
WLASL/videos/48256.mp4,river,1468,features_cache/48256.pt
WLASL/videos/48614.mp4,rough,1482,features_cache/48614.pt
WLASL/videos/66418.mp4,rough,1482,features_cache/66418.pt
WLASL/videos/48607.mp4,rough,1482,features_cache/48607.pt
WLASL/videos/48609.mp4,rough,1482,features_cache/48609.pt
WLASL/videos/48610.mp4,rough,1482,features_cache/48610.pt
WLASL/videos/48611.mp4,rough,1482,features_cache/48611.pt
WLASL/videos/48612.mp4,rough,1482,features_cache/48612.pt
WLASL/videos/69460.mp4,see,1524,features_cache/69460.pt
WLASL/videos/68444.mp4,see,1524,features_cache/68444.pt
WLASL/videos/67178.mp4,see,1524,features_cache/67178.pt
WLASL/videos/50123.mp4,see,1524,features_cache/50123.pt
WLASL/videos/50125.mp4,see,1524,features_cache/50125.pt
WLASL/videos/50126.mp4,see,1524,features_cache/50126.pt
WLASL/videos/50127.mp4,see,1524,features_cache/50127.pt
WLASL/videos/70360.mp4,seem,1525,features_cache/70360.pt
WLASL/videos/66442.mp4,seem,1525,features_cache/66442.pt
WLASL/videos/50140.mp4,seem,1525,features_cache/50140.pt
WLASL/videos/50142.mp4,seem,1525,features_cache/50142.pt
WLASL/videos/50143.mp4,seem,1525,features_cache/50143.pt
WLASL/videos/50144.mp4,seem,1525,features_cache/50144.pt
WLASL/videos/50145.mp4,seem,1525,features_cache/50145.pt
WLASL/videos/50338.mp4,send,1530,features_cache/50338.pt
WLASL/videos/50339.mp4,send,1530,features_cache/50339.pt
WLASL/videos/50340.mp4,send,1530,features_cache/50340.pt
WLASL/videos/50331.mp4,send,1530,features_cache/50331.pt
WLASL/videos/50332.mp4,send,1530,features_cache/50332.pt
WLASL/videos/50333.mp4,send,1530,features_cache/50333.pt
WLASL/videos/50334.mp4,send,1530,features_cache/50334.pt
WLASL/videos/68420.mp4,sew,1543,features_cache/68420.pt
WLASL/videos/68146.mp4,sew,1543,features_cache/68146.pt
WLASL/videos/50721.mp4,sew,1543,features_cache/50721.pt
WLASL/videos/50722.mp4,sew,1543,features_cache/50722.pt
WLASL/videos/50723.mp4,sew,1543,features_cache/50723.pt
WLASL/videos/50725.mp4,sew,1543,features_cache/50725.pt
WLASL/videos/50726.mp4,sew,1543,features_cache/50726.pt
WLASL/videos/50942.mp4,sheep,1550,features_cache/50942.pt
WLASL/videos/50934.mp4,sheep,1550,features_cache/50934.pt
WLASL/videos/50935.mp4,sheep,1550,features_cache/50935.pt
WLASL/videos/50937.mp4,sheep,1550,features_cache/50937.pt
WLASL/videos/50938.mp4,sheep,1550,features_cache/50938.pt
WLASL/videos/50939.mp4,sheep,1550,features_cache/50939.pt
WLASL/videos/50940.mp4,sheep,1550,features_cache/50940.pt
WLASL/videos/51019.mp4,shine,1552,features_cache/51019.pt
WLASL/videos/51020.mp4,shine,1552,features_cache/51020.pt
WLASL/videos/51022.mp4,shine,1552,features_cache/51022.pt
WLASL/videos/51023.mp4,shine,1552,features_cache/51023.pt
WLASL/videos/51024.mp4,shine,1552,features_cache/51024.pt
WLASL/videos/51025.mp4,shine,1552,features_cache/51025.pt
WLASL/videos/51026.mp4,shine,1552,features_cache/51026.pt
WLASL/videos/51107.mp4,shock,1554,features_cache/51107.pt
WLASL/videos/51108.mp4,shock,1554,features_cache/51108.pt
WLASL/videos/51102.mp4,shock,1554,features_cache/51102.pt
WLASL/videos/51114.mp4,shock,1554,features_cache/51114.pt
WLASL/videos/51103.mp4,shock,1554,features_cache/51103.pt
WLASL/videos/51104.mp4,shock,1554,features_cache/51104.pt
WLASL/videos/51105.mp4,shock,1554,features_cache/51105.pt
WLASL/videos/70294.mp4,should,1560,features_cache/70294.pt
WLASL/videos/51287.mp4,should,1560,features_cache/51287.pt
WLASL/videos/51289.mp4,should,1560,features_cache/51289.pt
WLASL/videos/51291.mp4,should,1560,features_cache/51291.pt
WLASL/videos/51292.mp4,should,1560,features_cache/51292.pt
WLASL/videos/51293.mp4,should,1560,features_cache/51293.pt
WLASL/videos/51294.mp4,should,1560,features_cache/51294.pt
WLASL/videos/51695.mp4,silent,1572,features_cache/51695.pt
WLASL/videos/51696.mp4,silent,1572,features_cache/51696.pt
WLASL/videos/51688.mp4,silent,1572,features_cache/51688.pt
WLASL/videos/51690.mp4,silent,1572,features_cache/51690.pt
WLASL/videos/51691.mp4,silent,1572,features_cache/51691.pt
WLASL/videos/51692.mp4,silent,1572,features_cache/51692.pt
WLASL/videos/51693.mp4,silent,1572,features_cache/51693.pt
WLASL/videos/52175.mp4,skinny,1595,features_cache/52175.pt
WLASL/videos/52176.mp4,skinny,1595,features_cache/52176.pt
WLASL/videos/52178.mp4,skinny,1595,features_cache/52178.pt
WLASL/videos/52169.mp4,skinny,1595,features_cache/52169.pt
WLASL/videos/52170.mp4,skinny,1595,features_cache/52170.pt
WLASL/videos/52171.mp4,skinny,1595,features_cache/52171.pt
WLASL/videos/52172.mp4,skinny,1595,features_cache/52172.pt
WLASL/videos/68482.mp4,skirt,1597,features_cache/68482.pt
WLASL/videos/52204.mp4,skirt,1597,features_cache/52204.pt
WLASL/videos/52208.mp4,skirt,1597,features_cache/52208.pt
WLASL/videos/52199.mp4,skirt,1597,features_cache/52199.pt
WLASL/videos/52200.mp4,skirt,1597,features_cache/52200.pt
WLASL/videos/52201.mp4,skirt,1597,features_cache/52201.pt
WLASL/videos/52202.mp4,skirt,1597,features_cache/52202.pt
WLASL/videos/69477.mp4,sky,1599,features_cache/69477.pt
WLASL/videos/52237.mp4,sky,1599,features_cache/52237.pt
WLASL/videos/52238.mp4,sky,1599,features_cache/52238.pt
WLASL/videos/52229.mp4,sky,1599,features_cache/52229.pt
WLASL/videos/52231.mp4,sky,1599,features_cache/52231.pt
WLASL/videos/52232.mp4,sky,1599,features_cache/52232.pt
WLASL/videos/52233.mp4,sky,1599,features_cache/52233.pt
WLASL/videos/53452.mp4,sour,1642,features_cache/53452.pt
WLASL/videos/53443.mp4,sour,1642,features_cache/53443.pt
WLASL/videos/53445.mp4,sour,1642,features_cache/53445.pt
WLASL/videos/53447.mp4,sour,1642,features_cache/53447.pt
WLASL/videos/53448.mp4,sour,1642,features_cache/53448.pt
WLASL/videos/53449.mp4,sour,1642,features_cache/53449.pt
WLASL/videos/53450.mp4,sour,1642,features_cache/53450.pt
WLASL/videos/69486.mp4,special,1648,features_cache/69486.pt
WLASL/videos/66542.mp4,special,1648,features_cache/66542.pt
WLASL/videos/53642.mp4,special,1648,features_cache/53642.pt
WLASL/videos/53644.mp4,special,1648,features_cache/53644.pt
WLASL/videos/53645.mp4,special,1648,features_cache/53645.pt
WLASL/videos/53646.mp4,special,1648,features_cache/53646.pt
WLASL/videos/53647.mp4,special,1648,features_cache/53647.pt
WLASL/videos/53910.mp4,spirit,1656,features_cache/53910.pt
WLASL/videos/53901.mp4,spirit,1656,features_cache/53901.pt
WLASL/videos/53903.mp4,spirit,1656,features_cache/53903.pt
WLASL/videos/53905.mp4,spirit,1656,features_cache/53905.pt
WLASL/videos/53906.mp4,spirit,1656,features_cache/53906.pt
WLASL/videos/53907.mp4,spirit,1656,features_cache/53907.pt
WLASL/videos/53908.mp4,spirit,1656,features_cache/53908.pt
WLASL/videos/54264.mp4,staff,1667,features_cache/54264.pt
WLASL/videos/67237.mp4,staff,1667,features_cache/67237.pt
WLASL/videos/54257.mp4,staff,1667,features_cache/54257.pt
WLASL/videos/54259.mp4,staff,1667,features_cache/54259.pt
WLASL/videos/54260.mp4,staff,1667,features_cache/54260.pt
WLASL/videos/54261.mp4,staff,1667,features_cache/54261.pt
WLASL/videos/54262.mp4,staff,1667,features_cache/54262.pt
WLASL/videos/68734.mp4,stand,1670,features_cache/68734.pt
WLASL/videos/68160.mp4,stand,1670,features_cache/68160.pt
WLASL/videos/66553.mp4,stand,1670,features_cache/66553.pt
WLASL/videos/54378.mp4,stand,1670,features_cache/54378.pt
WLASL/videos/54380.mp4,stand,1670,features_cache/54380.pt
WLASL/videos/54381.mp4,stand,1670,features_cache/54381.pt
WLASL/videos/54383.mp4,stand,1670,features_cache/54383.pt
WLASL/videos/54593.mp4,steal,1677,features_cache/54593.pt
WLASL/videos/54597.mp4,steal,1677,features_cache/54597.pt
WLASL/videos/67245.mp4,steal,1677,features_cache/67245.pt
WLASL/videos/54599.mp4,steal,1677,features_cache/54599.pt
WLASL/videos/54600.mp4,steal,1677,features_cache/54600.pt
WLASL/videos/54589.mp4,steal,1677,features_cache/54589.pt
WLASL/videos/54591.mp4,steal,1677,features_cache/54591.pt
WLASL/videos/54925.mp4,stop,1687,features_cache/54925.pt
WLASL/videos/54922.mp4,stop,1687,features_cache/54922.pt
WLASL/videos/54923.mp4,stop,1687,features_cache/54923.pt
WLASL/videos/54928.mp4,stop,1687,features_cache/54928.pt
WLASL/videos/54929.mp4,stop,1687,features_cache/54929.pt
WLASL/videos/54930.mp4,stop,1687,features_cache/54930.pt
WLASL/videos/54931.mp4,stop,1687,features_cache/54931.pt
WLASL/videos/55423.mp4,stupid,1705,features_cache/55423.pt
WLASL/videos/55424.mp4,stupid,1705,features_cache/55424.pt
WLASL/videos/67258.mp4,stupid,1705,features_cache/67258.pt
WLASL/videos/55429.mp4,stupid,1705,features_cache/55429.pt
WLASL/videos/55430.mp4,stupid,1705,features_cache/55430.pt
WLASL/videos/55431.mp4,stupid,1705,features_cache/55431.pt
WLASL/videos/55419.mp4,stupid,1705,features_cache/55419.pt
WLASL/videos/55754.mp4,summon,1713,features_cache/55754.pt
WLASL/videos/55755.mp4,summon,1713,features_cache/55755.pt
WLASL/videos/55747.mp4,summon,1713,features_cache/55747.pt
WLASL/videos/55749.mp4,summon,1713,features_cache/55749.pt
WLASL/videos/55750.mp4,summon,1713,features_cache/55750.pt
WLASL/videos/55751.mp4,summon,1713,features_cache/55751.pt
WLASL/videos/55752.mp4,summon,1713,features_cache/55752.pt
WLASL/videos/55843.mp4,sunrise,1716,features_cache/55843.pt
WLASL/videos/55844.mp4,sunrise,1716,features_cache/55844.pt
WLASL/videos/66580.mp4,sunrise,1716,features_cache/66580.pt
WLASL/videos/55848.mp4,sunrise,1716,features_cache/55848.pt
WLASL/videos/55849.mp4,sunrise,1716,features_cache/55849.pt
WLASL/videos/55840.mp4,sunrise,1716,features_cache/55840.pt
WLASL/videos/55841.mp4,sunrise,1716,features_cache/55841.pt
WLASL/videos/56201.mp4,swallow,1730,features_cache/56201.pt
WLASL/videos/56202.mp4,swallow,1730,features_cache/56202.pt
WLASL/videos/67270.mp4,swallow,1730,features_cache/67270.pt
WLASL/videos/56195.mp4,swallow,1730,features_cache/56195.pt
WLASL/videos/56196.mp4,swallow,1730,features_cache/56196.pt
WLASL/videos/56197.mp4,swallow,1730,features_cache/56197.pt
WLASL/videos/56198.mp4,swallow,1730,features_cache/56198.pt
WLASL/videos/57268.mp4,television,1763,features_cache/57268.pt
WLASL/videos/57269.mp4,television,1763,features_cache/57269.pt
WLASL/videos/57261.mp4,television,1763,features_cache/57261.pt
WLASL/videos/57263.mp4,television,1763,features_cache/57263.pt
WLASL/videos/57264.mp4,television,1763,features_cache/57264.pt
WLASL/videos/57265.mp4,television,1763,features_cache/57265.pt
WLASL/videos/57266.mp4,television,1763,features_cache/57266.pt
WLASL/videos/58730.mp4,to,1818,features_cache/58730.pt
WLASL/videos/58721.mp4,to,1818,features_cache/58721.pt
WLASL/videos/58723.mp4,to,1818,features_cache/58723.pt
WLASL/videos/58725.mp4,to,1818,features_cache/58725.pt
WLASL/videos/58726.mp4,to,1818,features_cache/58726.pt
WLASL/videos/58727.mp4,to,1818,features_cache/58727.pt
WLASL/videos/58728.mp4,to,1818,features_cache/58728.pt
WLASL/videos/58714.mp4,together,1822,features_cache/58714.pt
WLASL/videos/66653.mp4,together,1822,features_cache/66653.pt
WLASL/videos/58707.mp4,together,1822,features_cache/58707.pt
WLASL/videos/58709.mp4,together,1822,features_cache/58709.pt
WLASL/videos/58710.mp4,together,1822,features_cache/58710.pt
WLASL/videos/58711.mp4,together,1822,features_cache/58711.pt
WLASL/videos/58712.mp4,together,1822,features_cache/58712.pt
WLASL/videos/59411.mp4,translate,1850,features_cache/59411.pt
WLASL/videos/66669.mp4,translate,1850,features_cache/66669.pt
WLASL/videos/67320.mp4,translate,1850,features_cache/67320.pt
WLASL/videos/59406.mp4,translate,1850,features_cache/59406.pt
WLASL/videos/59407.mp4,translate,1850,features_cache/59407.pt
WLASL/videos/59408.mp4,translate,1850,features_cache/59408.pt
WLASL/videos/59409.mp4,translate,1850,features_cache/59409.pt
WLASL/videos/59602.mp4,triangle,1853,features_cache/59602.pt
WLASL/videos/59603.mp4,triangle,1853,features_cache/59603.pt
WLASL/videos/59605.mp4,triangle,1853,features_cache/59605.pt
WLASL/videos/59608.mp4,triangle,1853,features_cache/59608.pt
WLASL/videos/59609.mp4,triangle,1853,features_cache/59609.pt
WLASL/videos/59597.mp4,triangle,1853,features_cache/59597.pt
WLASL/videos/59598.mp4,triangle,1853,features_cache/59598.pt
WLASL/videos/60052.mp4,turtle,1865,features_cache/60052.pt
WLASL/videos/67330.mp4,turtle,1865,features_cache/67330.pt
WLASL/videos/60045.mp4,turtle,1865,features_cache/60045.pt
WLASL/videos/60047.mp4,turtle,1865,features_cache/60047.pt
WLASL/videos/60048.mp4,turtle,1865,features_cache/60048.pt
WLASL/videos/60049.mp4,turtle,1865,features_cache/60049.pt
WLASL/videos/60050.mp4,turtle,1865,features_cache/60050.pt
WLASL/videos/60572.mp4,underwear,1877,features_cache/60572.pt
WLASL/videos/60571.mp4,underwear,1877,features_cache/60571.pt
WLASL/videos/60575.mp4,underwear,1877,features_cache/60575.pt
WLASL/videos/60576.mp4,underwear,1877,features_cache/60576.pt
WLASL/videos/60578.mp4,underwear,1877,features_cache/60578.pt
WLASL/videos/60579.mp4,underwear,1877,features_cache/60579.pt
WLASL/videos/60583.mp4,underwear,1877,features_cache/60583.pt
WLASL/videos/69522.mp4,up,1882,features_cache/69522.pt
WLASL/videos/60915.mp4,up,1882,features_cache/60915.pt
WLASL/videos/60907.mp4,up,1882,features_cache/60907.pt
WLASL/videos/60910.mp4,up,1882,features_cache/60910.pt
WLASL/videos/60911.mp4,up,1882,features_cache/60911.pt
WLASL/videos/60912.mp4,up,1882,features_cache/60912.pt
WLASL/videos/60913.mp4,up,1882,features_cache/60913.pt
WLASL/videos/60956.mp4,upset,1883,features_cache/60956.pt
WLASL/videos/66712.mp4,upset,1883,features_cache/66712.pt
WLASL/videos/60948.mp4,upset,1883,features_cache/60948.pt
WLASL/videos/60950.mp4,upset,1883,features_cache/60950.pt
WLASL/videos/60951.mp4,upset,1883,features_cache/60951.pt
WLASL/videos/60952.mp4,upset,1883,features_cache/60952.pt
WLASL/videos/60953.mp4,upset,1883,features_cache/60953.pt
WLASL/videos/61745.mp4,violin,1898,features_cache/61745.pt
WLASL/videos/66729.mp4,violin,1898,features_cache/66729.pt
WLASL/videos/61738.mp4,violin,1898,features_cache/61738.pt
WLASL/videos/61740.mp4,violin,1898,features_cache/61740.pt
WLASL/videos/61741.mp4,violin,1898,features_cache/61741.pt
WLASL/videos/61742.mp4,violin,1898,features_cache/61742.pt
WLASL/videos/61743.mp4,violin,1898,features_cache/61743.pt
WLASL/videos/68378.mp4,volunteer,1906,features_cache/68378.pt
WLASL/videos/66739.mp4,volunteer,1906,features_cache/66739.pt
WLASL/videos/61967.mp4,volunteer,1906,features_cache/61967.pt
WLASL/videos/61969.mp4,volunteer,1906,features_cache/61969.pt
WLASL/videos/61970.mp4,volunteer,1906,features_cache/61970.pt
WLASL/videos/61971.mp4,volunteer,1906,features_cache/61971.pt
WLASL/videos/61972.mp4,volunteer,1906,features_cache/61972.pt
WLASL/videos/62297.mp4,warm,1919,features_cache/62297.pt
WLASL/videos/62289.mp4,warm,1919,features_cache/62289.pt
WLASL/videos/62290.mp4,warm,1919,features_cache/62290.pt
WLASL/videos/62292.mp4,warm,1919,features_cache/62292.pt
WLASL/videos/62293.mp4,warm,1919,features_cache/62293.pt
WLASL/videos/62294.mp4,warm,1919,features_cache/62294.pt
WLASL/videos/62295.mp4,warm,1919,features_cache/62295.pt
WLASL/videos/62309.mp4,warn,1920,features_cache/62309.pt
WLASL/videos/66747.mp4,warn,1920,features_cache/66747.pt
WLASL/videos/62302.mp4,warn,1920,features_cache/62302.pt
WLASL/videos/62304.mp4,warn,1920,features_cache/62304.pt
WLASL/videos/62305.mp4,warn,1920,features_cache/62305.pt
WLASL/videos/62306.mp4,warn,1920,features_cache/62306.pt
WLASL/videos/62307.mp4,warn,1920,features_cache/62307.pt
WLASL/videos/62358.mp4,wash,1921,features_cache/62358.pt
WLASL/videos/62360.mp4,wash,1921,features_cache/62360.pt
WLASL/videos/62365.mp4,wash,1921,features_cache/62365.pt
WLASL/videos/62367.mp4,wash,1921,features_cache/62367.pt
WLASL/videos/62370.mp4,wash,1921,features_cache/62370.pt
WLASL/videos/62371.mp4,wash,1921,features_cache/62371.pt
WLASL/videos/62372.mp4,wash,1921,features_cache/62372.pt
WLASL/videos/70070.mp4,wine,1964,features_cache/70070.pt
WLASL/videos/67071.mp4,wine,1964,features_cache/67071.pt
WLASL/videos/63449.mp4,wine,1964,features_cache/63449.pt
WLASL/videos/63451.mp4,wine,1964,features_cache/63451.pt
WLASL/videos/63452.mp4,wine,1964,features_cache/63452.pt
WLASL/videos/63453.mp4,wine,1964,features_cache/63453.pt
WLASL/videos/63454.mp4,wine,1964,features_cache/63454.pt
WLASL/videos/63640.mp4,witness,1970,features_cache/63640.pt
WLASL/videos/63622.mp4,witness,1970,features_cache/63622.pt
WLASL/videos/63623.mp4,witness,1970,features_cache/63623.pt
WLASL/videos/63629.mp4,witness,1970,features_cache/63629.pt
WLASL/videos/63630.mp4,witness,1970,features_cache/63630.pt
WLASL/videos/63637.mp4,witness,1970,features_cache/63637.pt
WLASL/videos/63638.mp4,witness,1970,features_cache/63638.pt
WLASL/videos/63729.mp4,wood,1975,features_cache/63729.pt
WLASL/videos/66802.mp4,wood,1975,features_cache/66802.pt
WLASL/videos/67080.mp4,wood,1975,features_cache/67080.pt
WLASL/videos/63724.mp4,wood,1975,features_cache/63724.pt
WLASL/videos/63725.mp4,wood,1975,features_cache/63725.pt
WLASL/videos/63726.mp4,wood,1975,features_cache/63726.pt
WLASL/videos/63727.mp4,wood,1975,features_cache/63727.pt
WLASL/videos/68193.mp4,zero,1999,features_cache/68193.pt
WLASL/videos/68862.mp4,zero,1999,features_cache/68862.pt
WLASL/videos/66825.mp4,zero,1999,features_cache/66825.pt
WLASL/videos/64544.mp4,zero,1999,features_cache/64544.pt
WLASL/videos/64546.mp4,zero,1999,features_cache/64546.pt
WLASL/videos/64547.mp4,zero,1999,features_cache/64547.pt
WLASL/videos/64548.mp4,zero,1999,features_cache/64548.pt
WLASL/videos/00829.mp4,across,11,features_cache/00829.pt
WLASL/videos/00840.mp4,across,11,features_cache/00840.pt
WLASL/videos/00841.mp4,across,11,features_cache/00841.pt
WLASL/videos/00842.mp4,across,11,features_cache/00842.pt
WLASL/videos/00835.mp4,across,11,features_cache/00835.pt
WLASL/videos/00836.mp4,across,11,features_cache/00836.pt
WLASL/videos/00839.mp4,across,11,features_cache/00839.pt
WLASL/videos/00897.mp4,actor,16,features_cache/00897.pt
WLASL/videos/65017.mp4,actor,16,features_cache/65017.pt
WLASL/videos/67347.mp4,actor,16,features_cache/67347.pt
WLASL/videos/00899.mp4,actor,16,features_cache/00899.pt
WLASL/videos/00901.mp4,actor,16,features_cache/00901.pt
WLASL/videos/00902.mp4,actor,16,features_cache/00902.pt
WLASL/videos/00904.mp4,actor,16,features_cache/00904.pt
WLASL/videos/01572.mp4,agree,39,features_cache/01572.pt
WLASL/videos/70117.mp4,agree,39,features_cache/70117.pt
WLASL/videos/01575.mp4,agree,39,features_cache/01575.pt
WLASL/videos/01577.mp4,agree,39,features_cache/01577.pt
WLASL/videos/01579.mp4,agree,39,features_cache/01579.pt
WLASL/videos/01580.mp4,agree,39,features_cache/01580.pt
WLASL/videos/01582.mp4,agree,39,features_cache/01582.pt
WLASL/videos/01796.mp4,alarm,45,features_cache/01796.pt
WLASL/videos/01808.mp4,alarm,45,features_cache/01808.pt
WLASL/videos/65040.mp4,alarm,45,features_cache/65040.pt
WLASL/videos/67355.mp4,alarm,45,features_cache/67355.pt
WLASL/videos/01803.mp4,alarm,45,features_cache/01803.pt
WLASL/videos/01804.mp4,alarm,45,features_cache/01804.pt
WLASL/videos/01806.mp4,alarm,45,features_cache/01806.pt
WLASL/videos/65050.mp4,allergy,50,features_cache/65050.pt
WLASL/videos/01962.mp4,allergy,50,features_cache/01962.pt
WLASL/videos/01964.mp4,allergy,50,features_cache/01964.pt
WLASL/videos/01955.mp4,allergy,50,features_cache/01955.pt
WLASL/videos/01956.mp4,allergy,50,features_cache/01956.pt
WLASL/videos/01957.mp4,allergy,50,features_cache/01957.pt
WLASL/videos/01960.mp4,allergy,50,features_cache/01960.pt
WLASL/videos/02089.mp4,almost,53,features_cache/02089.pt
WLASL/videos/65056.mp4,almost,53,features_cache/65056.pt
WLASL/videos/02091.mp4,almost,53,features_cache/02091.pt
WLASL/videos/02093.mp4,almost,53,features_cache/02093.pt
WLASL/videos/02095.mp4,almost,53,features_cache/02095.pt
WLASL/videos/02096.mp4,almost,53,features_cache/02096.pt
WLASL/videos/02098.mp4,almost,53,features_cache/02098.pt
WLASL/videos/02618.mp4,announce,70,features_cache/02618.pt
WLASL/videos/65074.mp4,announce,70,features_cache/65074.pt
WLASL/videos/67365.mp4,announce,70,features_cache/67365.pt
WLASL/videos/02620.mp4,announce,70,features_cache/02620.pt
WLASL/videos/02622.mp4,announce,70,features_cache/02622.pt
WLASL/videos/02623.mp4,announce,70,features_cache/02623.pt
WLASL/videos/02625.mp4,announce,70,features_cache/02625.pt
WLASL/videos/02871.mp4,apartment,77,features_cache/02871.pt
WLASL/videos/02872.mp4,apartment,77,features_cache/02872.pt
WLASL/videos/02873.mp4,apartment,77,features_cache/02873.pt
WLASL/videos/02875.mp4,apartment,77,features_cache/02875.pt
WLASL/videos/02877.mp4,apartment,77,features_cache/02877.pt
WLASL/videos/02878.mp4,apartment,77,features_cache/02878.pt
WLASL/videos/02880.mp4,apartment,77,features_cache/02880.pt
WLASL/videos/04008.mp4,attention,108,features_cache/04008.pt
WLASL/videos/65107.mp4,attention,108,features_cache/65107.pt
WLASL/videos/04011.mp4,attention,108,features_cache/04011.pt
WLASL/videos/04012.mp4,attention,108,features_cache/04012.pt
WLASL/videos/04014.mp4,attention,108,features_cache/04014.pt
WLASL/videos/04015.mp4,attention,108,features_cache/04015.pt
WLASL/videos/04017.mp4,attention,108,features_cache/04017.pt
WLASL/videos/04110.mp4,audience,113,features_cache/04110.pt
WLASL/videos/04118.mp4,audience,113,features_cache/04118.pt
WLASL/videos/04119.mp4,audience,113,features_cache/04119.pt
WLASL/videos/04121.mp4,audience,113,features_cache/04121.pt
WLASL/videos/04123.mp4,audience,113,features_cache/04123.pt
WLASL/videos/04115.mp4,audience,113,features_cache/04115.pt
WLASL/videos/04117.mp4,audience,113,features_cache/04117.pt
WLASL/videos/04154.mp4,august,116,features_cache/04154.pt
WLASL/videos/04163.mp4,august,116,features_cache/04163.pt
WLASL/videos/04164.mp4,august,116,features_cache/04164.pt
WLASL/videos/04156.mp4,august,116,features_cache/04156.pt
WLASL/videos/04158.mp4,august,116,features_cache/04158.pt
WLASL/videos/04159.mp4,august,116,features_cache/04159.pt
WLASL/videos/04161.mp4,august,116,features_cache/04161.pt
WLASL/videos/04288.mp4,autumn,122,features_cache/04288.pt
WLASL/videos/65113.mp4,autumn,122,features_cache/65113.pt
WLASL/videos/04289.mp4,autumn,122,features_cache/04289.pt
WLASL/videos/04291.mp4,autumn,122,features_cache/04291.pt
WLASL/videos/04293.mp4,autumn,122,features_cache/04293.pt
WLASL/videos/04294.mp4,autumn,122,features_cache/04294.pt
WLASL/videos/04296.mp4,autumn,122,features_cache/04296.pt
WLASL/videos/04386.mp4,away,129,features_cache/04386.pt
WLASL/videos/69216.mp4,away,129,features_cache/69216.pt
WLASL/videos/04396.mp4,away,129,features_cache/04396.pt
WLASL/videos/65117.mp4,away,129,features_cache/65117.pt
WLASL/videos/04389.mp4,away,129,features_cache/04389.pt
WLASL/videos/04391.mp4,away,129,features_cache/04391.pt
WLASL/videos/04395.mp4,away,129,features_cache/04395.pt
WLASL/videos/05554.mp4,beautiful,161,features_cache/05554.pt
WLASL/videos/05556.mp4,beautiful,161,features_cache/05556.pt
WLASL/videos/05557.mp4,beautiful,161,features_cache/05557.pt
WLASL/videos/05559.mp4,beautiful,161,features_cache/05559.pt
WLASL/videos/05561.mp4,beautiful,161,features_cache/05561.pt
WLASL/videos/05562.mp4,beautiful,161,features_cache/05562.pt
WLASL/videos/05565.mp4,beautiful,161,features_cache/05565.pt
WLASL/videos/05614.mp4,become,163,features_cache/05614.pt
WLASL/videos/70148.mp4,become,163,features_cache/70148.pt
WLASL/videos/65160.mp4,become,163,features_cache/65160.pt
WLASL/videos/05617.mp4,become,163,features_cache/05617.pt
WLASL/videos/05619.mp4,become,163,features_cache/05619.pt
WLASL/videos/05620.mp4,become,163,features_cache/05620.pt
WLASL/videos/05622.mp4,become,163,features_cache/05622.pt
WLASL/videos/05910.mp4,below,176,features_cache/05910.pt
WLASL/videos/05919.mp4,below,176,features_cache/05919.pt
WLASL/videos/05920.mp4,below,176,features_cache/05920.pt
WLASL/videos/05912.mp4,below,176,features_cache/05912.pt
WLASL/videos/05914.mp4,below,176,features_cache/05914.pt
WLASL/videos/05915.mp4,below,176,features_cache/05915.pt
WLASL/videos/05918.mp4,below,176,features_cache/05918.pt
WLASL/videos/06014.mp4,best,181,features_cache/06014.pt
WLASL/videos/06021.mp4,best,181,features_cache/06021.pt
WLASL/videos/06022.mp4,best,181,features_cache/06022.pt
WLASL/videos/06024.mp4,best,181,features_cache/06024.pt
WLASL/videos/06026.mp4,best,181,features_cache/06026.pt
WLASL/videos/06027.mp4,best,181,features_cache/06027.pt
WLASL/videos/06029.mp4,best,181,features_cache/06029.pt
WLASL/videos/06039.mp4,bet,182,features_cache/06039.pt
WLASL/videos/69230.mp4,bet,182,features_cache/69230.pt
WLASL/videos/06045.mp4,bet,182,features_cache/06045.pt
WLASL/videos/06047.mp4,bet,182,features_cache/06047.pt
WLASL/videos/06049.mp4,bet,182,features_cache/06049.pt
WLASL/videos/06050.mp4,bet,182,features_cache/06050.pt
WLASL/videos/06052.mp4,bet,182,features_cache/06052.pt
WLASL/videos/06157.mp4,bicycle,186,features_cache/06157.pt
WLASL/videos/65181.mp4,bicycle,186,features_cache/65181.pt
WLASL/videos/06159.mp4,bicycle,186,features_cache/06159.pt
WLASL/videos/06160.mp4,bicycle,186,features_cache/06160.pt
WLASL/videos/06162.mp4,bicycle,186,features_cache/06162.pt
WLASL/videos/06163.mp4,bicycle,186,features_cache/06163.pt
WLASL/videos/06165.mp4,bicycle,186,features_cache/06165.pt
WLASL/videos/06312.mp4,biology,190,features_cache/06312.pt
WLASL/videos/65186.mp4,biology,190,features_cache/65186.pt
WLASL/videos/67410.mp4,biology,190,features_cache/67410.pt
WLASL/videos/06314.mp4,biology,190,features_cache/06314.pt
WLASL/videos/06316.mp4,biology,190,features_cache/06316.pt
WLASL/videos/06317.mp4,biology,190,features_cache/06317.pt
WLASL/videos/06319.mp4,biology,190,features_cache/06319.pt
WLASL/videos/07440.mp4,boyfriend,226,features_cache/07440.pt
WLASL/videos/07443.mp4,boyfriend,226,features_cache/07443.pt
WLASL/videos/70343.mp4,boyfriend,226,features_cache/70343.pt
WLASL/videos/07444.mp4,boyfriend,226,features_cache/07444.pt
WLASL/videos/07446.mp4,boyfriend,226,features_cache/07446.pt
WLASL/videos/07447.mp4,boyfriend,226,features_cache/07447.pt
WLASL/videos/07451.mp4,boyfriend,226,features_cache/07451.pt
WLASL/videos/07608.mp4,break,234,features_cache/07608.pt
WLASL/videos/70098.mp4,break,234,features_cache/70098.pt
WLASL/videos/07639.mp4,break,234,features_cache/07639.pt
WLASL/videos/07632.mp4,break,234,features_cache/07632.pt
WLASL/videos/07642.mp4,break,234,features_cache/07642.pt
WLASL/videos/07634.mp4,break,234,features_cache/07634.pt
WLASL/videos/07637.mp4,break,234,features_cache/07637.pt
WLASL/videos/07747.mp4,bridge,240,features_cache/07747.pt
WLASL/videos/65259.mp4,bridge,240,features_cache/65259.pt
WLASL/videos/07751.mp4,bridge,240,features_cache/07751.pt
WLASL/videos/07752.mp4,bridge,240,features_cache/07752.pt
WLASL/videos/07754.mp4,bridge,240,features_cache/07754.pt
WLASL/videos/07755.mp4,bridge,240,features_cache/07755.pt
WLASL/videos/07757.mp4,bridge,240,features_cache/07757.pt
WLASL/videos/65264.mp4,brush,248,features_cache/65264.pt
WLASL/videos/08002.mp4,brush,248,features_cache/08002.pt
WLASL/videos/08005.mp4,brush,248,features_cache/08005.pt
WLASL/videos/08007.mp4,brush,248,features_cache/08007.pt
WLASL/videos/67447.mp4,brush,248,features_cache/67447.pt
WLASL/videos/08012.mp4,brush,248,features_cache/08012.pt
WLASL/videos/08001.mp4,brush,248,features_cache/08001.pt
WLASL/videos/65269.mp4,building,252,features_cache/65269.pt
WLASL/videos/70196.mp4,building,252,features_cache/70196.pt
WLASL/videos/68590.mp4,building,252,features_cache/68590.pt
WLASL/videos/67449.mp4,building,252,features_cache/67449.pt
WLASL/videos/08132.mp4,building,252,features_cache/08132.pt
WLASL/videos/08133.mp4,building,252,features_cache/08133.pt
WLASL/videos/08135.mp4,building,252,features_cache/08135.pt
WLASL/videos/08410.mp4,busy,259,features_cache/08410.pt
WLASL/videos/70105.mp4,busy,259,features_cache/70105.pt
WLASL/videos/08418.mp4,busy,259,features_cache/08418.pt
WLASL/videos/65277.mp4,busy,259,features_cache/65277.pt
WLASL/videos/08411.mp4,busy,259,features_cache/08411.pt
WLASL/videos/08412.mp4,busy,259,features_cache/08412.pt
WLASL/videos/08417.mp4,busy,259,features_cache/08417.pt
WLASL/videos/08782.mp4,camera,277,features_cache/08782.pt
WLASL/videos/08790.mp4,camera,277,features_cache/08790.pt
WLASL/videos/08791.mp4,camera,277,features_cache/08791.pt
WLASL/videos/67463.mp4,camera,277,features_cache/67463.pt
WLASL/videos/08784.mp4,camera,277,features_cache/08784.pt
WLASL/videos/08785.mp4,camera,277,features_cache/08785.pt
WLASL/videos/08789.mp4,camera,277,features_cache/08789.pt
WLASL/videos/08799.mp4,camp,278,features_cache/08799.pt
WLASL/videos/68017.mp4,camp,278,features_cache/68017.pt
WLASL/videos/68884.mp4,camp,278,features_cache/68884.pt
WLASL/videos/08818.mp4,camp,278,features_cache/08818.pt
WLASL/videos/08820.mp4,camp,278,features_cache/08820.pt
WLASL/videos/08821.mp4,camp,278,features_cache/08821.pt
WLASL/videos/08823.mp4,camp,278,features_cache/08823.pt
WLASL/videos/65303.mp4,caption,289,features_cache/65303.pt
WLASL/videos/09095.mp4,caption,289,features_cache/09095.pt
WLASL/videos/09087.mp4,caption,289,features_cache/09087.pt
WLASL/videos/09088.mp4,caption,289,features_cache/09088.pt
WLASL/videos/09091.mp4,caption,289,features_cache/09091.pt
WLASL/videos/09092.mp4,caption,289,features_cache/09092.pt
WLASL/videos/09094.mp4,caption,289,features_cache/09094.pt
WLASL/videos/09197.mp4,care,293,features_cache/09197.pt
WLASL/videos/09199.mp4,care,293,features_cache/09199.pt
WLASL/videos/09200.mp4,care,293,features_cache/09200.pt
WLASL/videos/09209.mp4,care,293,features_cache/09209.pt
WLASL/videos/09211.mp4,care,293,features_cache/09211.pt
WLASL/videos/09212.mp4,care,293,features_cache/09212.pt
WLASL/videos/09198.mp4,care,293,features_cache/09198.pt
WLASL/videos/09317.mp4,carry,298,features_cache/09317.pt
WLASL/videos/69260.mp4,carry,298,features_cache/69260.pt
WLASL/videos/09327.mp4,carry,298,features_cache/09327.pt
WLASL/videos/65309.mp4,carry,298,features_cache/65309.pt
WLASL/videos/09320.mp4,carry,298,features_cache/09320.pt
WLASL/videos/09321.mp4,carry,298,features_cache/09321.pt
WLASL/videos/09326.mp4,carry,298,features_cache/09326.pt
WLASL/videos/09632.mp4,celebrate,306,features_cache/09632.pt
WLASL/videos/65321.mp4,celebrate,306,features_cache/65321.pt
WLASL/videos/09633.mp4,celebrate,306,features_cache/09633.pt
WLASL/videos/09635.mp4,celebrate,306,features_cache/09635.pt
WLASL/videos/09637.mp4,celebrate,306,features_cache/09637.pt
WLASL/videos/09638.mp4,celebrate,306,features_cache/09638.pt
WLASL/videos/09640.mp4,celebrate,306,features_cache/09640.pt
WLASL/videos/09805.mp4,certificate,311,features_cache/09805.pt
WLASL/videos/65326.mp4,certificate,311,features_cache/65326.pt
WLASL/videos/67482.mp4,certificate,311,features_cache/67482.pt
WLASL/videos/09807.mp4,certificate,311,features_cache/09807.pt
WLASL/videos/09809.mp4,certificate,311,features_cache/09809.pt
WLASL/videos/09810.mp4,certificate,311,features_cache/09810.pt
WLASL/videos/09812.mp4,certificate,311,features_cache/09812.pt
WLASL/videos/09834.mp4,chain,312,features_cache/09834.pt
WLASL/videos/65327.mp4,chain,312,features_cache/65327.pt
WLASL/videos/09835.mp4,chain,312,features_cache/09835.pt
WLASL/videos/09837.mp4,chain,312,features_cache/09837.pt
WLASL/videos/09839.mp4,chain,312,features_cache/09839.pt
WLASL/videos/09840.mp4,chain,312,features_cache/09840.pt
WLASL/videos/09842.mp4,chain,312,features_cache/09842.pt
WLASL/videos/09933.mp4,chance,316,features_cache/09933.pt
WLASL/videos/09940.mp4,chance,316,features_cache/09940.pt
WLASL/videos/09941.mp4,chance,316,features_cache/09941.pt
WLASL/videos/67484.mp4,chance,316,features_cache/67484.pt
WLASL/videos/09934.mp4,chance,316,features_cache/09934.pt
WLASL/videos/09935.mp4,chance,316,features_cache/09935.pt
WLASL/videos/09938.mp4,chance,316,features_cache/09938.pt
WLASL/videos/10014.mp4,character,319,features_cache/10014.pt
WLASL/videos/10021.mp4,character,319,features_cache/10021.pt
WLASL/videos/10022.mp4,character,319,features_cache/10022.pt
WLASL/videos/65334.mp4,character,319,features_cache/65334.pt
WLASL/videos/10015.mp4,character,319,features_cache/10015.pt
WLASL/videos/10016.mp4,character,319,features_cache/10016.pt
WLASL/videos/10019.mp4,character,319,features_cache/10019.pt
WLASL/videos/10088.mp4,chase,320,features_cache/10088.pt
WLASL/videos/65337.mp4,chase,320,features_cache/65337.pt
WLASL/videos/10089.mp4,chase,320,features_cache/10089.pt
WLASL/videos/10091.mp4,chase,320,features_cache/10091.pt
WLASL/videos/10093.mp4,chase,320,features_cache/10093.pt
WLASL/videos/10094.mp4,chase,320,features_cache/10094.pt
WLASL/videos/10096.mp4,chase,320,features_cache/10096.pt
WLASL/videos/11006.mp4,classroom,349,features_cache/11006.pt
WLASL/videos/11007.mp4,classroom,349,features_cache/11007.pt
WLASL/videos/11008.mp4,classroom,349,features_cache/11008.pt
WLASL/videos/11010.mp4,classroom,349,features_cache/11010.pt
WLASL/videos/11012.mp4,classroom,349,features_cache/11012.pt
WLASL/videos/11013.mp4,classroom,349,features_cache/11013.pt
WLASL/videos/11015.mp4,classroom,349,features_cache/11015.pt
WLASL/videos/11059.mp4,clear,351,features_cache/11059.pt
WLASL/videos/11067.mp4,clear,351,features_cache/11067.pt
WLASL/videos/65366.mp4,clear,351,features_cache/65366.pt
WLASL/videos/11061.mp4,clear,351,features_cache/11061.pt
WLASL/videos/11063.mp4,clear,351,features_cache/11063.pt
WLASL/videos/11064.mp4,clear,351,features_cache/11064.pt
WLASL/videos/11066.mp4,clear,351,features_cache/11066.pt
WLASL/videos/11142.mp4,climb,354,features_cache/11142.pt
WLASL/videos/11148.mp4,climb,354,features_cache/11148.pt
WLASL/videos/11150.mp4,climb,354,features_cache/11150.pt
WLASL/videos/11153.mp4,climb,354,features_cache/11153.pt
WLASL/videos/11143.mp4,climb,354,features_cache/11143.pt
WLASL/videos/11144.mp4,climb,354,features_cache/11144.pt
WLASL/videos/11146.mp4,climb,354,features_cache/11146.pt
WLASL/videos/11936.mp4,command,377,features_cache/11936.pt
WLASL/videos/11950.mp4,command,377,features_cache/11950.pt
WLASL/videos/11951.mp4,command,377,features_cache/11951.pt
WLASL/videos/11952.mp4,command,377,features_cache/11952.pt
WLASL/videos/11944.mp4,command,377,features_cache/11944.pt
WLASL/videos/11946.mp4,command,377,features_cache/11946.pt
WLASL/videos/11948.mp4,command,377,features_cache/11948.pt
WLASL/videos/12058.mp4,community,383,features_cache/12058.pt
WLASL/videos/12069.mp4,community,383,features_cache/12069.pt
WLASL/videos/12060.mp4,community,383,features_cache/12060.pt
WLASL/videos/12063.mp4,community,383,features_cache/12063.pt
WLASL/videos/12065.mp4,community,383,features_cache/12065.pt
WLASL/videos/12066.mp4,community,383,features_cache/12066.pt
WLASL/videos/12068.mp4,community,383,features_cache/12068.pt
WLASL/videos/12188.mp4,complain,388,features_cache/12188.pt
WLASL/videos/12190.mp4,complain,388,features_cache/12190.pt
WLASL/videos/12191.mp4,complain,388,features_cache/12191.pt
WLASL/videos/12193.mp4,complain,388,features_cache/12193.pt
WLASL/videos/12195.mp4,complain,388,features_cache/12195.pt
WLASL/videos/12196.mp4,complain,388,features_cache/12196.pt
WLASL/videos/12198.mp4,complain,388,features_cache/12198.pt
WLASL/videos/12290.mp4,compromise,391,features_cache/12290.pt
WLASL/videos/12299.mp4,compromise,391,features_cache/12299.pt
WLASL/videos/12300.mp4,compromise,391,features_cache/12300.pt
WLASL/videos/12292.mp4,compromise,391,features_cache/12292.pt
WLASL/videos/12294.mp4,compromise,391,features_cache/12294.pt
WLASL/videos/12295.mp4,compromise,391,features_cache/12295.pt
WLASL/videos/12297.mp4,compromise,391,features_cache/12297.pt
WLASL/videos/13015.mp4,contribute,411,features_cache/13015.pt
WLASL/videos/13021.mp4,contribute,411,features_cache/13021.pt
WLASL/videos/13023.mp4,contribute,411,features_cache/13023.pt
WLASL/videos/13026.mp4,contribute,411,features_cache/13026.pt
WLASL/videos/13017.mp4,contribute,411,features_cache/13017.pt
WLASL/videos/13018.mp4,contribute,411,features_cache/13018.pt
WLASL/videos/13020.mp4,contribute,411,features_cache/13020.pt
WLASL/videos/13244.mp4,cop,420,features_cache/13244.pt
WLASL/videos/13245.mp4,cop,420,features_cache/13245.pt
WLASL/videos/13246.mp4,cop,420,features_cache/13246.pt
WLASL/videos/13248.mp4,cop,420,features_cache/13248.pt
WLASL/videos/13250.mp4,cop,420,features_cache/13250.pt
WLASL/videos/13251.mp4,cop,420,features_cache/13251.pt
WLASL/videos/13253.mp4,cop,420,features_cache/13253.pt
WLASL/videos/13407.mp4,cost,425,features_cache/13407.pt
WLASL/videos/13422.mp4,cost,425,features_cache/13422.pt
WLASL/videos/13423.mp4,cost,425,features_cache/13423.pt
WLASL/videos/13424.mp4,cost,425,features_cache/13424.pt
WLASL/videos/13416.mp4,cost,425,features_cache/13416.pt
WLASL/videos/13417.mp4,cost,425,features_cache/13417.pt
WLASL/videos/13420.mp4,cost,425,features_cache/13420.pt
WLASL/videos/13455.mp4,couch,426,features_cache/13455.pt
WLASL/videos/13456.mp4,couch,426,features_cache/13456.pt
WLASL/videos/13457.mp4,couch,426,features_cache/13457.pt
WLASL/videos/13459.mp4,couch,426,features_cache/13459.pt
WLASL/videos/13461.mp4,couch,426,features_cache/13461.pt
WLASL/videos/13462.mp4,couch,426,features_cache/13462.pt
WLASL/videos/13464.mp4,couch,426,features_cache/13464.pt
WLASL/videos/13743.mp4,cracker,437,features_cache/13743.pt
WLASL/videos/67537.mp4,cracker,437,features_cache/67537.pt
WLASL/videos/13744.mp4,cracker,437,features_cache/13744.pt
WLASL/videos/13746.mp4,cracker,437,features_cache/13746.pt
WLASL/videos/13748.mp4,cracker,437,features_cache/13748.pt
WLASL/videos/13749.mp4,cracker,437,features_cache/13749.pt
WLASL/videos/13751.mp4,cracker,437,features_cache/13751.pt
WLASL/videos/14311.mp4,curious,451,features_cache/14311.pt
WLASL/videos/65429.mp4,curious,451,features_cache/65429.pt
WLASL/videos/14312.mp4,curious,451,features_cache/14312.pt
WLASL/videos/14314.mp4,curious,451,features_cache/14314.pt
WLASL/videos/14316.mp4,curious,451,features_cache/14316.pt
WLASL/videos/14317.mp4,curious,451,features_cache/14317.pt
WLASL/videos/14319.mp4,curious,451,features_cache/14319.pt
WLASL/videos/14365.mp4,curriculum,452,features_cache/14365.pt
WLASL/videos/65431.mp4,curriculum,452,features_cache/65431.pt
WLASL/videos/14366.mp4,curriculum,452,features_cache/14366.pt
WLASL/videos/14368.mp4,curriculum,452,features_cache/14368.pt
WLASL/videos/14370.mp4,curriculum,452,features_cache/14370.pt
WLASL/videos/14371.mp4,curriculum,452,features_cache/14371.pt
WLASL/videos/14373.mp4,curriculum,452,features_cache/14373.pt
WLASL/videos/69289.mp4,dad,459,features_cache/69289.pt
WLASL/videos/14565.mp4,dad,459,features_cache/14565.pt
WLASL/videos/68204.mp4,dad,459,features_cache/68204.pt
WLASL/videos/14567.mp4,dad,459,features_cache/14567.pt
WLASL/videos/14569.mp4,dad,459,features_cache/14569.pt
WLASL/videos/14570.mp4,dad,459,features_cache/14570.pt
WLASL/videos/14572.mp4,dad,459,features_cache/14572.pt
WLASL/videos/15546.mp4,deny,493,features_cache/15546.pt
WLASL/videos/15554.mp4,deny,493,features_cache/15554.pt
WLASL/videos/15555.mp4,deny,493,features_cache/15555.pt
WLASL/videos/67562.mp4,deny,493,features_cache/67562.pt
WLASL/videos/15548.mp4,deny,493,features_cache/15548.pt
WLASL/videos/15549.mp4,deny,493,features_cache/15549.pt
WLASL/videos/15551.mp4,deny,493,features_cache/15551.pt
WLASL/videos/15705.mp4,describe,500,features_cache/15705.pt
WLASL/videos/69294.mp4,describe,500,features_cache/69294.pt
WLASL/videos/15706.mp4,describe,500,features_cache/15706.pt
WLASL/videos/15708.mp4,describe,500,features_cache/15708.pt
WLASL/videos/15710.mp4,describe,500,features_cache/15710.pt
WLASL/videos/15711.mp4,describe,500,features_cache/15711.pt
WLASL/videos/15713.mp4,describe,500,features_cache/15713.pt
WLASL/videos/16076.mp4,diaper,513,features_cache/16076.pt
WLASL/videos/65477.mp4,diaper,513,features_cache/65477.pt
WLASL/videos/16081.mp4,diaper,513,features_cache/16081.pt
WLASL/videos/16082.mp4,diaper,513,features_cache/16082.pt
WLASL/videos/16084.mp4,diaper,513,features_cache/16084.pt
WLASL/videos/16085.mp4,diaper,513,features_cache/16085.pt
WLASL/videos/16087.mp4,diaper,513,features_cache/16087.pt
WLASL/videos/16095.mp4,diarrhea,514,features_cache/16095.pt
WLASL/videos/16096.mp4,diarrhea,514,features_cache/16096.pt
WLASL/videos/16097.mp4,diarrhea,514,features_cache/16097.pt
WLASL/videos/16099.mp4,diarrhea,514,features_cache/16099.pt
WLASL/videos/16101.mp4,diarrhea,514,features_cache/16101.pt
WLASL/videos/16102.mp4,diarrhea,514,features_cache/16102.pt
WLASL/videos/16104.mp4,diarrhea,514,features_cache/16104.pt
WLASL/videos/16427.mp4,disagree,529,features_cache/16427.pt
WLASL/videos/70118.mp4,disagree,529,features_cache/70118.pt
WLASL/videos/16428.mp4,disagree,529,features_cache/16428.pt
WLASL/videos/16430.mp4,disagree,529,features_cache/16430.pt
WLASL/videos/16432.mp4,disagree,529,features_cache/16432.pt
WLASL/videos/16434.mp4,disagree,529,features_cache/16434.pt
WLASL/videos/16436.mp4,disagree,529,features_cache/16436.pt
WLASL/videos/16803.mp4,dissolve,539,features_cache/16803.pt
WLASL/videos/65494.mp4,dissolve,539,features_cache/65494.pt
WLASL/videos/16804.mp4,dissolve,539,features_cache/16804.pt
WLASL/videos/16806.mp4,dissolve,539,features_cache/16806.pt
WLASL/videos/16808.mp4,dissolve,539,features_cache/16808.pt
WLASL/videos/16809.mp4,dissolve,539,features_cache/16809.pt
WLASL/videos/16811.mp4,dissolve,539,features_cache/16811.pt
WLASL/videos/16922.mp4,divide,542,features_cache/16922.pt
WLASL/videos/16934.mp4,divide,542,features_cache/16934.pt
WLASL/videos/65499.mp4,divide,542,features_cache/65499.pt
WLASL/videos/16935.mp4,divide,542,features_cache/16935.pt
WLASL/videos/16926.mp4,divide,542,features_cache/16926.pt
WLASL/videos/16927.mp4,divide,542,features_cache/16927.pt
WLASL/videos/16930.mp4,divide,542,features_cache/16930.pt
WLASL/videos/17159.mp4,dolphin,551,features_cache/17159.pt
WLASL/videos/17160.mp4,dolphin,551,features_cache/17160.pt
WLASL/videos/17161.mp4,dolphin,551,features_cache/17161.pt
WLASL/videos/67581.mp4,dolphin,551,features_cache/67581.pt
WLASL/videos/17165.mp4,dolphin,551,features_cache/17165.pt
WLASL/videos/17166.mp4,dolphin,551,features_cache/17166.pt
WLASL/videos/17158.mp4,dolphin,551,features_cache/17158.pt
WLASL/videos/17374.mp4,double,557,features_cache/17374.pt
WLASL/videos/65523.mp4,double,557,features_cache/65523.pt
WLASL/videos/17377.mp4,double,557,features_cache/17377.pt
WLASL/videos/17379.mp4,double,557,features_cache/17379.pt
WLASL/videos/17381.mp4,double,557,features_cache/17381.pt
WLASL/videos/17382.mp4,double,557,features_cache/17382.pt
WLASL/videos/17384.mp4,double,557,features_cache/17384.pt
WLASL/videos/17388.mp4,doubt,558,features_cache/17388.pt
WLASL/videos/17399.mp4,doubt,558,features_cache/17399.pt
WLASL/videos/65524.mp4,doubt,558,features_cache/65524.pt
WLASL/videos/67586.mp4,doubt,558,features_cache/67586.pt
WLASL/videos/17391.mp4,doubt,558,features_cache/17391.pt
WLASL/videos/17393.mp4,doubt,558,features_cache/17393.pt
WLASL/videos/17395.mp4,doubt,558,features_cache/17395.pt
WLASL/videos/17981.mp4,dumb,578,features_cache/17981.pt
WLASL/videos/70370.mp4,dumb,578,features_cache/70370.pt
WLASL/videos/17995.mp4,dumb,578,features_cache/17995.pt
WLASL/videos/17988.mp4,dumb,578,features_cache/17988.pt
WLASL/videos/17989.mp4,dumb,578,features_cache/17989.pt
WLASL/videos/17992.mp4,dumb,578,features_cache/17992.pt
WLASL/videos/17994.mp4,dumb,578,features_cache/17994.pt
WLASL/videos/18239.mp4,earth,591,features_cache/18239.pt
WLASL/videos/18241.mp4,earth,591,features_cache/18241.pt
WLASL/videos/67606.mp4,earth,591,features_cache/67606.pt
WLASL/videos/18243.mp4,earth,591,features_cache/18243.pt
WLASL/videos/18245.mp4,earth,591,features_cache/18245.pt
WLASL/videos/18246.mp4,earth,591,features_cache/18246.pt
WLASL/videos/18248.mp4,earth,591,features_cache/18248.pt
WLASL/videos/18253.mp4,earthquake,592,features_cache/18253.pt
WLASL/videos/67608.mp4,earthquake,592,features_cache/67608.pt
WLASL/videos/65596.mp4,earthquake,592,features_cache/65596.pt
WLASL/videos/18254.mp4,earthquake,592,features_cache/18254.pt
WLASL/videos/18256.mp4,earthquake,592,features_cache/18256.pt
WLASL/videos/18257.mp4,earthquake,592,features_cache/18257.pt
WLASL/videos/18259.mp4,earthquake,592,features_cache/18259.pt
WLASL/videos/69309.mp4,eight,603,features_cache/69309.pt
WLASL/videos/18569.mp4,eight,603,features_cache/18569.pt
WLASL/videos/18570.mp4,eight,603,features_cache/18570.pt
WLASL/videos/18572.mp4,eight,603,features_cache/18572.pt
WLASL/videos/18575.mp4,eight,603,features_cache/18575.pt
WLASL/videos/18576.mp4,eight,603,features_cache/18576.pt
WLASL/videos/18578.mp4,eight,603,features_cache/18578.pt
WLASL/videos/18887.mp4,embarrass,613,features_cache/18887.pt
WLASL/videos/18903.mp4,embarrass,613,features_cache/18903.pt
WLASL/videos/65626.mp4,embarrass,613,features_cache/65626.pt
WLASL/videos/18897.mp4,embarrass,613,features_cache/18897.pt
WLASL/videos/18899.mp4,embarrass,613,features_cache/18899.pt
WLASL/videos/18900.mp4,embarrass,613,features_cache/18900.pt
WLASL/videos/18902.mp4,embarrass,613,features_cache/18902.pt
WLASL/videos/18970.mp4,emotion,615,features_cache/18970.pt
WLASL/videos/18986.mp4,emotion,615,features_cache/18986.pt
WLASL/videos/18978.mp4,emotion,615,features_cache/18978.pt
WLASL/videos/18979.mp4,emotion,615,features_cache/18979.pt
WLASL/videos/18981.mp4,emotion,615,features_cache/18981.pt
WLASL/videos/18982.mp4,emotion,615,features_cache/18982.pt
WLASL/videos/18984.mp4,emotion,615,features_cache/18984.pt
WLASL/videos/19086.mp4,encourage,617,features_cache/19086.pt
WLASL/videos/65628.mp4,encourage,617,features_cache/65628.pt
WLASL/videos/19087.mp4,encourage,617,features_cache/19087.pt
WLASL/videos/19089.mp4,encourage,617,features_cache/19089.pt
WLASL/videos/19091.mp4,encourage,617,features_cache/19091.pt
WLASL/videos/19092.mp4,encourage,617,features_cache/19092.pt
WLASL/videos/19094.mp4,encourage,617,features_cache/19094.pt
WLASL/videos/19164.mp4,energy,619,features_cache/19164.pt
WLASL/videos/65630.mp4,energy,619,features_cache/65630.pt
WLASL/videos/19165.mp4,energy,619,features_cache/19165.pt
WLASL/videos/19167.mp4,energy,619,features_cache/19167.pt
WLASL/videos/19169.mp4,energy,619,features_cache/19169.pt
WLASL/videos/19170.mp4,energy,619,features_cache/19170.pt
WLASL/videos/19172.mp4,energy,619,features_cache/19172.pt
WLASL/videos/19304.mp4,enough,628,features_cache/19304.pt
WLASL/videos/19312.mp4,enough,628,features_cache/19312.pt
WLASL/videos/65637.mp4,enough,628,features_cache/65637.pt
WLASL/videos/19305.mp4,enough,628,features_cache/19305.pt
WLASL/videos/19308.mp4,enough,628,features_cache/19308.pt
WLASL/videos/19309.mp4,enough,628,features_cache/19309.pt
WLASL/videos/19311.mp4,enough,628,features_cache/19311.pt
WLASL/videos/19703.mp4,evaluate,639,features_cache/19703.pt
WLASL/videos/19712.mp4,evaluate,639,features_cache/19712.pt
WLASL/videos/67630.mp4,evaluate,639,features_cache/67630.pt
WLASL/videos/19704.mp4,evaluate,639,features_cache/19704.pt
WLASL/videos/19706.mp4,evaluate,639,features_cache/19706.pt
WLASL/videos/19707.mp4,evaluate,639,features_cache/19707.pt
WLASL/videos/19710.mp4,evaluate,639,features_cache/19710.pt
WLASL/videos/19966.mp4,evidence,647,features_cache/19966.pt
WLASL/videos/19967.mp4,evidence,647,features_cache/19967.pt
WLASL/videos/19968.mp4,evidence,647,features_cache/19968.pt
WLASL/videos/19970.mp4,evidence,647,features_cache/19970.pt
WLASL/videos/19972.mp4,evidence,647,features_cache/19972.pt
WLASL/videos/19973.mp4,evidence,647,features_cache/19973.pt
WLASL/videos/19975.mp4,evidence,647,features_cache/19975.pt
WLASL/videos/20007.mp4,exact,648,features_cache/20007.pt
WLASL/videos/70115.mp4,exact,648,features_cache/70115.pt
WLASL/videos/65650.mp4,exact,648,features_cache/65650.pt
WLASL/videos/20009.mp4,exact,648,features_cache/20009.pt
WLASL/videos/20011.mp4,exact,648,features_cache/20011.pt
WLASL/videos/20012.mp4,exact,648,features_cache/20012.pt
WLASL/videos/20014.mp4,exact,648,features_cache/20014.pt
WLASL/videos/20020.mp4,exaggerate,649,features_cache/20020.pt
WLASL/videos/20022.mp4,exaggerate,649,features_cache/20022.pt
WLASL/videos/20023.mp4,exaggerate,649,features_cache/20023.pt
WLASL/videos/20025.mp4,exaggerate,649,features_cache/20025.pt
WLASL/videos/20027.mp4,exaggerate,649,features_cache/20027.pt
WLASL/videos/20028.mp4,exaggerate,649,features_cache/20028.pt
WLASL/videos/20030.mp4,exaggerate,649,features_cache/20030.pt
WLASL/videos/20327.mp4,expect,658,features_cache/20327.pt
WLASL/videos/20334.mp4,expect,658,features_cache/20334.pt
WLASL/videos/20335.mp4,expect,658,features_cache/20335.pt
WLASL/videos/20337.mp4,expect,658,features_cache/20337.pt
WLASL/videos/20339.mp4,expect,658,features_cache/20339.pt
WLASL/videos/20340.mp4,expect,658,features_cache/20340.pt
WLASL/videos/20342.mp4,expect,658,features_cache/20342.pt
WLASL/videos/21022.mp4,fancy,680,features_cache/21022.pt
WLASL/videos/21030.mp4,fancy,680,features_cache/21030.pt
WLASL/videos/21031.mp4,fancy,680,features_cache/21031.pt
WLASL/videos/21033.mp4,fancy,680,features_cache/21033.pt
WLASL/videos/21024.mp4,fancy,680,features_cache/21024.pt
WLASL/videos/21026.mp4,fancy,680,features_cache/21026.pt
WLASL/videos/21028.mp4,fancy,680,features_cache/21028.pt
WLASL/videos/21302.mp4,favorite,688,features_cache/21302.pt
WLASL/videos/68536.mp4,favorite,688,features_cache/68536.pt
WLASL/videos/21309.mp4,favorite,688,features_cache/21309.pt
WLASL/videos/65694.mp4,favorite,688,features_cache/65694.pt
WLASL/videos/21312.mp4,favorite,688,features_cache/21312.pt
WLASL/videos/21303.mp4,favorite,688,features_cache/21303.pt
WLASL/videos/21306.mp4,favorite,688,features_cache/21306.pt
WLASL/videos/21828.mp4,finally,700,features_cache/21828.pt
WLASL/videos/67657.mp4,finally,700,features_cache/67657.pt
WLASL/videos/21829.mp4,finally,700,features_cache/21829.pt
WLASL/videos/21831.mp4,finally,700,features_cache/21831.pt
WLASL/videos/21833.mp4,finally,700,features_cache/21833.pt
WLASL/videos/21834.mp4,finally,700,features_cache/21834.pt
WLASL/videos/21836.mp4,finally,700,features_cache/21836.pt
WLASL/videos/23273.mp4,fox,739,features_cache/23273.pt
WLASL/videos/23281.mp4,fox,739,features_cache/23281.pt
WLASL/videos/65775.mp4,fox,739,features_cache/65775.pt
WLASL/videos/23274.mp4,fox,739,features_cache/23274.pt
WLASL/videos/23276.mp4,fox,739,features_cache/23276.pt
WLASL/videos/23277.mp4,fox,739,features_cache/23277.pt
WLASL/videos/23279.mp4,fox,739,features_cache/23279.pt
WLASL/videos/23479.mp4,french,744,features_cache/23479.pt
WLASL/videos/68055.mp4,french,744,features_cache/68055.pt
WLASL/videos/68822.mp4,french,744,features_cache/68822.pt
WLASL/videos/23489.mp4,french,744,features_cache/23489.pt
WLASL/videos/23482.mp4,french,744,features_cache/23482.pt
WLASL/videos/23483.mp4,french,744,features_cache/23483.pt
WLASL/videos/23486.mp4,french,744,features_cache/23486.pt
WLASL/videos/23708.mp4,fruit,753,features_cache/23708.pt
WLASL/videos/23709.mp4,fruit,753,features_cache/23709.pt
WLASL/videos/65789.mp4,fruit,753,features_cache/65789.pt
WLASL/videos/67696.mp4,fruit,753,features_cache/67696.pt
WLASL/videos/23703.mp4,fruit,753,features_cache/23703.pt
WLASL/videos/23704.mp4,fruit,753,features_cache/23704.pt
WLASL/videos/23706.mp4,fruit,753,features_cache/23706.pt
WLASL/videos/65796.mp4,function,756,features_cache/65796.pt
WLASL/videos/23811.mp4,function,756,features_cache/23811.pt
WLASL/videos/23802.mp4,function,756,features_cache/23802.pt
WLASL/videos/23805.mp4,function,756,features_cache/23805.pt
WLASL/videos/23807.mp4,function,756,features_cache/23807.pt
WLASL/videos/23808.mp4,function,756,features_cache/23808.pt
WLASL/videos/23810.mp4,function,756,features_cache/23810.pt
WLASL/videos/24165.mp4,gather,769,features_cache/24165.pt
WLASL/videos/24174.mp4,gather,769,features_cache/24174.pt
WLASL/videos/24166.mp4,gather,769,features_cache/24166.pt
WLASL/videos/24169.mp4,gather,769,features_cache/24169.pt
WLASL/videos/24170.mp4,gather,769,features_cache/24170.pt
WLASL/videos/24171.mp4,gather,769,features_cache/24171.pt
WLASL/videos/24376.mp4,germany,776,features_cache/24376.pt
WLASL/videos/24385.mp4,germany,776,features_cache/24385.pt
WLASL/videos/24386.mp4,germany,776,features_cache/24386.pt
WLASL/videos/24378.mp4,germany,776,features_cache/24378.pt
WLASL/videos/24379.mp4,germany,776,features_cache/24379.pt
WLASL/videos/24381.mp4,germany,776,features_cache/24381.pt
WLASL/videos/24383.mp4,germany,776,features_cache/24383.pt
WLASL/videos/24822.mp4,gloves,788,features_cache/24822.pt
WLASL/videos/24829.mp4,gloves,788,features_cache/24829.pt
WLASL/videos/24830.mp4,gloves,788,features_cache/24830.pt
WLASL/videos/67711.mp4,gloves,788,features_cache/67711.pt
WLASL/videos/24824.mp4,gloves,788,features_cache/24824.pt
WLASL/videos/24826.mp4,gloves,788,features_cache/24826.pt
WLASL/videos/24828.mp4,gloves,788,features_cache/24828.pt
WLASL/videos/24883.mp4,goat,791,features_cache/24883.pt
WLASL/videos/24895.mp4,goat,791,features_cache/24895.pt
WLASL/videos/65830.mp4,goat,791,features_cache/65830.pt
WLASL/videos/67714.mp4,goat,791,features_cache/67714.pt
WLASL/videos/24890.mp4,goat,791,features_cache/24890.pt
WLASL/videos/24891.mp4,goat,791,features_cache/24891.pt
WLASL/videos/24894.mp4,goat,791,features_cache/24894.pt
WLASL/videos/25041.mp4,goodbye,797,features_cache/25041.pt
WLASL/videos/25044.mp4,goodbye,797,features_cache/25044.pt
WLASL/videos/25052.mp4,goodbye,797,features_cache/25052.pt
WLASL/videos/25054.mp4,goodbye,797,features_cache/25054.pt
WLASL/videos/25047.mp4,goodbye,797,features_cache/25047.pt
WLASL/videos/25048.mp4,goodbye,797,features_cache/25048.pt
WLASL/videos/25051.mp4,goodbye,797,features_cache/25051.pt
WLASL/videos/69354.mp4,grow,817,features_cache/69354.pt
WLASL/videos/65862.mp4,grow,817,features_cache/65862.pt
WLASL/videos/25852.mp4,grow,817,features_cache/25852.pt
WLASL/videos/67730.mp4,grow,817,features_cache/67730.pt
WLASL/videos/25847.mp4,grow,817,features_cache/25847.pt
WLASL/videos/25849.mp4,grow,817,features_cache/25849.pt
WLASL/videos/25851.mp4,grow,817,features_cache/25851.pt
WLASL/videos/26001.mp4,gum,823,features_cache/26001.pt
WLASL/videos/65868.mp4,gum,823,features_cache/65868.pt
WLASL/videos/26002.mp4,gum,823,features_cache/26002.pt
WLASL/videos/26004.mp4,gum,823,features_cache/26004.pt
WLASL/videos/26006.mp4,gum,823,features_cache/26006.pt
WLASL/videos/26007.mp4,gum,823,features_cache/26007.pt
WLASL/videos/26009.mp4,gum,823,features_cache/26009.pt
WLASL/videos/26203.mp4,half,830,features_cache/26203.pt
WLASL/videos/26222.mp4,half,830,features_cache/26222.pt
WLASL/videos/26223.mp4,half,830,features_cache/26223.pt
WLASL/videos/26224.mp4,half,830,features_cache/26224.pt
WLASL/videos/26216.mp4,half,830,features_cache/26216.pt
WLASL/videos/26217.mp4,half,830,features_cache/26217.pt
WLASL/videos/26221.mp4,half,830,features_cache/26221.pt
WLASL/videos/26797.mp4,hawaii,843,features_cache/26797.pt
WLASL/videos/26807.mp4,hawaii,843,features_cache/26807.pt
WLASL/videos/26800.mp4,hawaii,843,features_cache/26800.pt
WLASL/videos/26804.mp4,hawaii,843,features_cache/26804.pt
WLASL/videos/26805.mp4,hawaii,843,features_cache/26805.pt
WLASL/videos/26806.mp4,hawaii,843,features_cache/26806.pt
WLASL/videos/27312.mp4,herself,861,features_cache/27312.pt
WLASL/videos/27313.mp4,herself,861,features_cache/27313.pt
WLASL/videos/27315.mp4,herself,861,features_cache/27315.pt
WLASL/videos/27317.mp4,herself,861,features_cache/27317.pt
WLASL/videos/27318.mp4,herself,861,features_cache/27318.pt
WLASL/videos/27319.mp4,herself,861,features_cache/27319.pt
WLASL/videos/27444.mp4,highway,865,features_cache/27444.pt
WLASL/videos/27451.mp4,highway,865,features_cache/27451.pt
WLASL/videos/27452.mp4,highway,865,features_cache/27452.pt
WLASL/videos/27456.mp4,highway,865,features_cache/27456.pt
WLASL/videos/27446.mp4,highway,865,features_cache/27446.pt
WLASL/videos/27447.mp4,highway,865,features_cache/27447.pt
WLASL/videos/27450.mp4,highway,865,features_cache/27450.pt
WLASL/videos/27788.mp4,homework,875,features_cache/27788.pt
WLASL/videos/27793.mp4,homework,875,features_cache/27793.pt
WLASL/videos/68073.mp4,homework,875,features_cache/68073.pt
WLASL/videos/27800.mp4,homework,875,features_cache/27800.pt
WLASL/videos/27789.mp4,homework,875,features_cache/27789.pt
WLASL/videos/27795.mp4,homework,875,features_cache/27795.pt
WLASL/videos/27796.mp4,homework,875,features_cache/27796.pt
WLASL/videos/27881.mp4,honor,878,features_cache/27881.pt
WLASL/videos/27882.mp4,honor,878,features_cache/27882.pt
WLASL/videos/67768.mp4,honor,878,features_cache/67768.pt
WLASL/videos/27874.mp4,honor,878,features_cache/27874.pt
WLASL/videos/27876.mp4,honor,878,features_cache/27876.pt
WLASL/videos/27877.mp4,honor,878,features_cache/27877.pt
WLASL/videos/27880.mp4,honor,878,features_cache/27880.pt
WLASL/videos/28581.mp4,ice cream,899,features_cache/28581.pt
WLASL/videos/28582.mp4,ice cream,899,features_cache/28582.pt
WLASL/videos/28583.mp4,ice cream,899,features_cache/28583.pt
WLASL/videos/28585.mp4,ice cream,899,features_cache/28585.pt
WLASL/videos/28587.mp4,ice cream,899,features_cache/28587.pt
WLASL/videos/28588.mp4,ice cream,899,features_cache/28588.pt
WLASL/videos/28590.mp4,ice cream,899,features_cache/28590.pt
WLASL/videos/28734.mp4,if,902,features_cache/28734.pt
WLASL/videos/69375.mp4,if,902,features_cache/69375.pt
WLASL/videos/28742.mp4,if,902,features_cache/28742.pt
WLASL/videos/28736.mp4,if,902,features_cache/28736.pt
WLASL/videos/28748.mp4,if,902,features_cache/28748.pt
WLASL/videos/28749.mp4,if,902,features_cache/28749.pt
WLASL/videos/28739.mp4,if,902,features_cache/28739.pt
WLASL/videos/29324.mp4,increase,913,features_cache/29324.pt
WLASL/videos/70077.mp4,increase,913,features_cache/70077.pt
WLASL/videos/29327.mp4,increase,913,features_cache/29327.pt
WLASL/videos/29329.mp4,increase,913,features_cache/29329.pt
WLASL/videos/29331.mp4,increase,913,features_cache/29331.pt
WLASL/videos/29332.mp4,increase,913,features_cache/29332.pt
WLASL/videos/29334.mp4,increase,913,features_cache/29334.pt
WLASL/videos/29399.mp4,india,915,features_cache/29399.pt
WLASL/videos/29407.mp4,india,915,features_cache/29407.pt
WLASL/videos/29408.mp4,india,915,features_cache/29408.pt
WLASL/videos/29410.mp4,india,915,features_cache/29410.pt
WLASL/videos/29402.mp4,india,915,features_cache/29402.pt
WLASL/videos/29404.mp4,india,915,features_cache/29404.pt
WLASL/videos/29406.mp4,india,915,features_cache/29406.pt
WLASL/videos/29631.mp4,information,920,features_cache/29631.pt
WLASL/videos/29641.mp4,information,920,features_cache/29641.pt
WLASL/videos/29632.mp4,information,920,features_cache/29632.pt
WLASL/videos/29634.mp4,information,920,features_cache/29634.pt
WLASL/videos/29636.mp4,information,920,features_cache/29636.pt
WLASL/videos/29637.mp4,information,920,features_cache/29637.pt
WLASL/videos/29639.mp4,information,920,features_cache/29639.pt
WLASL/videos/30252.mp4,interpret,933,features_cache/30252.pt
WLASL/videos/68077.mp4,interpret,933,features_cache/68077.pt
WLASL/videos/68962.mp4,interpret,933,features_cache/68962.pt
WLASL/videos/30264.mp4,interpret,933,features_cache/30264.pt
WLASL/videos/30267.mp4,interpret,933,features_cache/30267.pt
WLASL/videos/30268.mp4,interpret,933,features_cache/30268.pt
WLASL/videos/30270.mp4,interpret,933,features_cache/30270.pt
WLASL/videos/30311.mp4,interview,937,features_cache/30311.pt
WLASL/videos/30321.mp4,interview,937,features_cache/30321.pt
WLASL/videos/30323.mp4,interview,937,features_cache/30323.pt
WLASL/videos/30325.mp4,interview,937,features_cache/30325.pt
WLASL/videos/30327.mp4,interview,937,features_cache/30327.pt
WLASL/videos/30316.mp4,interview,937,features_cache/30316.pt
WLASL/videos/30319.mp4,interview,937,features_cache/30319.pt
WLASL/videos/30509.mp4,invite,941,features_cache/30509.pt
WLASL/videos/65961.mp4,invite,941,features_cache/65961.pt
WLASL/videos/67797.mp4,invite,941,features_cache/67797.pt
WLASL/videos/30511.mp4,invite,941,features_cache/30511.pt
WLASL/videos/30513.mp4,invite,941,features_cache/30513.pt
WLASL/videos/30514.mp4,invite,941,features_cache/30514.pt
WLASL/videos/30516.mp4,invite,941,features_cache/30516.pt
WLASL/videos/30706.mp4,israel,947,features_cache/30706.pt
WLASL/videos/30713.mp4,israel,947,features_cache/30713.pt
WLASL/videos/30715.mp4,israel,947,features_cache/30715.pt
WLASL/videos/30717.mp4,israel,947,features_cache/30717.pt
WLASL/videos/30719.mp4,israel,947,features_cache/30719.pt
WLASL/videos/30707.mp4,israel,947,features_cache/30707.pt
WLASL/videos/30710.mp4,israel,947,features_cache/30710.pt
WLASL/videos/31047.mp4,jesus,955,features_cache/31047.pt
WLASL/videos/31049.mp4,jesus,955,features_cache/31049.pt
WLASL/videos/31050.mp4,jesus,955,features_cache/31050.pt
WLASL/videos/31052.mp4,jesus,955,features_cache/31052.pt
WLASL/videos/31054.mp4,jesus,955,features_cache/31054.pt
WLASL/videos/31055.mp4,jesus,955,features_cache/31055.pt
WLASL/videos/31057.mp4,jesus,955,features_cache/31057.pt
WLASL/videos/31481.mp4,keep,969,features_cache/31481.pt
WLASL/videos/31491.mp4,keep,969,features_cache/31491.pt
WLASL/videos/31494.mp4,keep,969,features_cache/31494.pt
WLASL/videos/31485.mp4,keep,969,features_cache/31485.pt
WLASL/videos/31496.mp4,keep,969,features_cache/31496.pt
WLASL/videos/31486.mp4,keep,969,features_cache/31486.pt
WLASL/videos/31488.mp4,keep,969,features_cache/31488.pt
WLASL/videos/31553.mp4,keyboard,971,features_cache/31553.pt
WLASL/videos/67812.mp4,keyboard,971,features_cache/67812.pt
WLASL/videos/31554.mp4,keyboard,971,features_cache/31554.pt
WLASL/videos/31556.mp4,keyboard,971,features_cache/31556.pt
WLASL/videos/31558.mp4,keyboard,971,features_cache/31558.pt
WLASL/videos/31559.mp4,keyboard,971,features_cache/31559.pt
WLASL/videos/31561.mp4,keyboard,971,features_cache/31561.pt
WLASL/videos/69382.mp4,land,986,features_cache/69382.pt
WLASL/videos/32113.mp4,land,986,features_cache/32113.pt
WLASL/videos/32121.mp4,land,986,features_cache/32121.pt
WLASL/videos/32123.mp4,land,986,features_cache/32123.pt
WLASL/videos/32117.mp4,land,986,features_cache/32117.pt
WLASL/videos/32118.mp4,land,986,features_cache/32118.pt
WLASL/videos/32120.mp4,land,986,features_cache/32120.pt
WLASL/videos/32473.mp4,lawyer,998,features_cache/32473.pt
WLASL/videos/67832.mp4,lawyer,998,features_cache/67832.pt
WLASL/videos/32474.mp4,lawyer,998,features_cache/32474.pt
WLASL/videos/32476.mp4,lawyer,998,features_cache/32476.pt
WLASL/videos/32478.mp4,lawyer,998,features_cache/32478.pt
WLASL/videos/32479.mp4,lawyer,998,features_cache/32479.pt
WLASL/videos/32481.mp4,lawyer,998,features_cache/32481.pt
WLASL/videos/66020.mp4,lead,1000,features_cache/66020.pt
WLASL/videos/32540.mp4,lead,1000,features_cache/32540.pt
WLASL/videos/32541.mp4,lead,1000,features_cache/32541.pt
WLASL/videos/32535.mp4,lead,1000,features_cache/32535.pt
WLASL/videos/32547.mp4,lead,1000,features_cache/32547.pt
WLASL/videos/32537.mp4,lead,1000,features_cache/32537.pt
WLASL/videos/32539.mp4,lead,1000,features_cache/32539.pt
WLASL/videos/32858.mp4,lesbian,1012,features_cache/32858.pt
WLASL/videos/68556.mp4,lesbian,1012,features_cache/68556.pt
WLASL/videos/66035.mp4,lesbian,1012,features_cache/66035.pt
WLASL/videos/32860.mp4,lesbian,1012,features_cache/32860.pt
WLASL/videos/32864.mp4,lesbian,1012,features_cache/32864.pt
WLASL/videos/32865.mp4,lesbian,1012,features_cache/32865.pt
WLASL/videos/32867.mp4,lesbian,1012,features_cache/32867.pt
WLASL/videos/69390.mp4,line,1028,features_cache/69390.pt
WLASL/videos/33335.mp4,line,1028,features_cache/33335.pt
WLASL/videos/33343.mp4,line,1028,features_cache/33343.pt
WLASL/videos/67848.mp4,line,1028,features_cache/67848.pt
WLASL/videos/33337.mp4,line,1028,features_cache/33337.pt
WLASL/videos/33339.mp4,line,1028,features_cache/33339.pt
WLASL/videos/33341.mp4,line,1028,features_cache/33341.pt
WLASL/videos/33677.mp4,lock,1040,features_cache/33677.pt
WLASL/videos/33703.mp4,lock,1040,features_cache/33703.pt
WLASL/videos/33704.mp4,lock,1040,features_cache/33704.pt
WLASL/videos/67854.mp4,lock,1040,features_cache/67854.pt
WLASL/videos/33697.mp4,lock,1040,features_cache/33697.pt
WLASL/videos/33698.mp4,lock,1040,features_cache/33698.pt
WLASL/videos/33701.mp4,lock,1040,features_cache/33701.pt
WLASL/videos/34086.mp4,loud,1047,features_cache/34086.pt
WLASL/videos/34094.mp4,loud,1047,features_cache/34094.pt
WLASL/videos/34095.mp4,loud,1047,features_cache/34095.pt
WLASL/videos/67863.mp4,loud,1047,features_cache/67863.pt
WLASL/videos/34088.mp4,loud,1047,features_cache/34088.pt
WLASL/videos/34089.mp4,loud,1047,features_cache/34089.pt
WLASL/videos/34093.mp4,loud,1047,features_cache/34093.pt
WLASL/videos/34109.mp4,lousy,1048,features_cache/34109.pt
WLASL/videos/66088.mp4,lousy,1048,features_cache/66088.pt
WLASL/videos/34110.mp4,lousy,1048,features_cache/34110.pt
WLASL/videos/34112.mp4,lousy,1048,features_cache/34112.pt
WLASL/videos/34114.mp4,lousy,1048,features_cache/34114.pt
WLASL/videos/34115.mp4,lousy,1048,features_cache/34115.pt
WLASL/videos/34117.mp4,lousy,1048,features_cache/34117.pt
WLASL/videos/70028.mp4,lunch,1051,features_cache/70028.pt
WLASL/videos/34272.mp4,lunch,1051,features_cache/34272.pt
WLASL/videos/34265.mp4,lunch,1051,features_cache/34265.pt
WLASL/videos/34276.mp4,lunch,1051,features_cache/34276.pt
WLASL/videos/34268.mp4,lunch,1051,features_cache/34268.pt
WLASL/videos/34269.mp4,lunch,1051,features_cache/34269.pt
WLASL/videos/34271.mp4,lunch,1051,features_cache/34271.pt
WLASL/videos/34352.mp4,machine,1053,features_cache/34352.pt
WLASL/videos/66091.mp4,machine,1053,features_cache/66091.pt
WLASL/videos/67865.mp4,machine,1053,features_cache/67865.pt
WLASL/videos/34354.mp4,machine,1053,features_cache/34354.pt
WLASL/videos/34356.mp4,machine,1053,features_cache/34356.pt
WLASL/videos/34357.mp4,machine,1053,features_cache/34357.pt
WLASL/videos/34359.mp4,machine,1053,features_cache/34359.pt
WLASL/videos/34365.mp4,mad,1054,features_cache/34365.pt
WLASL/videos/34375.mp4,mad,1054,features_cache/34375.pt
WLASL/videos/34369.mp4,mad,1054,features_cache/34369.pt
WLASL/videos/34380.mp4,mad,1054,features_cache/34380.pt
WLASL/videos/34382.mp4,mad,1054,features_cache/34382.pt
WLASL/videos/34370.mp4,mad,1054,features_cache/34370.pt
WLASL/videos/34372.mp4,mad,1054,features_cache/34372.pt
WLASL/videos/35603.mp4,memorize,1083,features_cache/35603.pt
WLASL/videos/66114.mp4,memorize,1083,features_cache/66114.pt
WLASL/videos/35604.mp4,memorize,1083,features_cache/35604.pt
WLASL/videos/35606.mp4,memorize,1083,features_cache/35606.pt
WLASL/videos/35608.mp4,memorize,1083,features_cache/35608.pt
WLASL/videos/35609.mp4,memorize,1083,features_cache/35609.pt
WLASL/videos/35611.mp4,memorize,1083,features_cache/35611.pt
WLASL/videos/36228.mp4,minus,1097,features_cache/36228.pt
WLASL/videos/68101.mp4,minus,1097,features_cache/68101.pt
WLASL/videos/36239.mp4,minus,1097,features_cache/36239.pt
WLASL/videos/36241.mp4,minus,1097,features_cache/36241.pt
WLASL/videos/36233.mp4,minus,1097,features_cache/36233.pt
WLASL/videos/36235.mp4,minus,1097,features_cache/36235.pt
WLASL/videos/36238.mp4,minus,1097,features_cache/36238.pt
WLASL/videos/70023.mp4,monday,1106,features_cache/70023.pt
WLASL/videos/36635.mp4,monday,1106,features_cache/36635.pt
WLASL/videos/36637.mp4,monday,1106,features_cache/36637.pt
WLASL/videos/67900.mp4,monday,1106,features_cache/67900.pt
WLASL/videos/36631.mp4,monday,1106,features_cache/36631.pt
WLASL/videos/36632.mp4,monday,1106,features_cache/36632.pt
WLASL/videos/36634.mp4,monday,1106,features_cache/36634.pt
WLASL/videos/37013.mp4,mountain,1122,features_cache/37013.pt
WLASL/videos/37025.mp4,mountain,1122,features_cache/37025.pt
WLASL/videos/37026.mp4,mountain,1122,features_cache/37026.pt
WLASL/videos/67910.mp4,mountain,1122,features_cache/67910.pt
WLASL/videos/37019.mp4,mountain,1122,features_cache/37019.pt
WLASL/videos/37022.mp4,mountain,1122,features_cache/37022.pt
WLASL/videos/37024.mp4,mountain,1122,features_cache/37024.pt
WLASL/videos/37061.mp4,mouth,1124,features_cache/37061.pt
WLASL/videos/66149.mp4,mouth,1124,features_cache/66149.pt
WLASL/videos/67912.mp4,mouth,1124,features_cache/67912.pt
WLASL/videos/37063.mp4,mouth,1124,features_cache/37063.pt
WLASL/videos/37065.mp4,mouth,1124,features_cache/37065.pt
WLASL/videos/37066.mp4,mouth,1124,features_cache/37066.pt
WLASL/videos/37068.mp4,mouth,1124,features_cache/37068.pt
WLASL/videos/37343.mp4,mushroom,1132,features_cache/37343.pt
WLASL/videos/37351.mp4,mushroom,1132,features_cache/37351.pt
WLASL/videos/37352.mp4,mushroom,1132,features_cache/37352.pt
WLASL/videos/37344.mp4,mushroom,1132,features_cache/37344.pt
WLASL/videos/37346.mp4,mushroom,1132,features_cache/37346.pt
WLASL/videos/37347.mp4,mushroom,1132,features_cache/37347.pt
WLASL/videos/37350.mp4,mushroom,1132,features_cache/37350.pt
WLASL/videos/37610.mp4,napkin,1140,features_cache/37610.pt
WLASL/videos/66159.mp4,napkin,1140,features_cache/66159.pt
WLASL/videos/67923.mp4,napkin,1140,features_cache/67923.pt
WLASL/videos/37612.mp4,napkin,1140,features_cache/37612.pt
WLASL/videos/37614.mp4,napkin,1140,features_cache/37614.pt
WLASL/videos/37615.mp4,napkin,1140,features_cache/37615.pt
WLASL/videos/37617.mp4,napkin,1140,features_cache/37617.pt
WLASL/videos/37836.mp4,neck,1145,features_cache/37836.pt
WLASL/videos/37845.mp4,neck,1145,features_cache/37845.pt
WLASL/videos/66161.mp4,neck,1145,features_cache/66161.pt
WLASL/videos/37838.mp4,neck,1145,features_cache/37838.pt
WLASL/videos/37840.mp4,neck,1145,features_cache/37840.pt
WLASL/videos/37841.mp4,neck,1145,features_cache/37841.pt
WLASL/videos/37844.mp4,neck,1145,features_cache/37844.pt
WLASL/videos/38222.mp4,next,1159,features_cache/38222.pt
WLASL/videos/38238.mp4,next,1159,features_cache/38238.pt
WLASL/videos/38239.mp4,next,1159,features_cache/38239.pt
WLASL/videos/38231.mp4,next,1159,features_cache/38231.pt
WLASL/videos/38243.mp4,next,1159,features_cache/38243.pt
WLASL/videos/38232.mp4,next,1159,features_cache/38232.pt
WLASL/videos/38235.mp4,next,1159,features_cache/38235.pt
WLASL/videos/39343.mp4,ocean,1189,features_cache/39343.pt
WLASL/videos/69416.mp4,ocean,1189,features_cache/69416.pt
WLASL/videos/39347.mp4,ocean,1189,features_cache/39347.pt
WLASL/videos/39349.mp4,ocean,1189,features_cache/39349.pt
WLASL/videos/39351.mp4,ocean,1189,features_cache/39351.pt
WLASL/videos/39352.mp4,ocean,1189,features_cache/39352.pt
WLASL/videos/39354.mp4,ocean,1189,features_cache/39354.pt
WLASL/videos/39959.mp4,open,1206,features_cache/39959.pt
WLASL/videos/39951.mp4,open,1206,features_cache/39951.pt
WLASL/videos/39961.mp4,open,1206,features_cache/39961.pt
WLASL/videos/39952.mp4,open,1206,features_cache/39952.pt
WLASL/videos/39954.mp4,open,1206,features_cache/39954.pt
WLASL/videos/39955.mp4,open,1206,features_cache/39955.pt
WLASL/videos/39957.mp4,open,1206,features_cache/39957.pt
WLASL/videos/40629.mp4,overwhelm,1222,features_cache/40629.pt
WLASL/videos/66255.mp4,overwhelm,1222,features_cache/66255.pt
WLASL/videos/40635.mp4,overwhelm,1222,features_cache/40635.pt
WLASL/videos/40637.mp4,overwhelm,1222,features_cache/40637.pt
WLASL/videos/40639.mp4,overwhelm,1222,features_cache/40639.pt
WLASL/videos/40640.mp4,overwhelm,1222,features_cache/40640.pt
WLASL/videos/40642.mp4,overwhelm,1222,features_cache/40642.pt
WLASL/videos/40649.mp4,owe,1223,features_cache/40649.pt
WLASL/videos/67953.mp4,owe,1223,features_cache/67953.pt
WLASL/videos/40650.mp4,owe,1223,features_cache/40650.pt
WLASL/videos/40652.mp4,owe,1223,features_cache/40652.pt
WLASL/videos/40654.mp4,owe,1223,features_cache/40654.pt
WLASL/videos/40655.mp4,owe,1223,features_cache/40655.pt
WLASL/videos/40657.mp4,owe,1223,features_cache/40657.pt
WLASL/videos/40759.mp4,page,1227,features_cache/40759.pt
WLASL/videos/40767.mp4,page,1227,features_cache/40767.pt
WLASL/videos/40768.mp4,page,1227,features_cache/40768.pt
WLASL/videos/40760.mp4,page,1227,features_cache/40760.pt
WLASL/videos/40762.mp4,page,1227,features_cache/40762.pt
WLASL/videos/40763.mp4,page,1227,features_cache/40763.pt
WLASL/videos/40766.mp4,page,1227,features_cache/40766.pt
WLASL/videos/40797.mp4,pain,1228,features_cache/40797.pt
WLASL/videos/40810.mp4,pain,1228,features_cache/40810.pt
WLASL/videos/40802.mp4,pain,1228,features_cache/40802.pt
WLASL/videos/40803.mp4,pain,1228,features_cache/40803.pt
WLASL/videos/40806.mp4,pain,1228,features_cache/40806.pt
WLASL/videos/40807.mp4,pain,1228,features_cache/40807.pt
WLASL/videos/40809.mp4,pain,1228,features_cache/40809.pt
WLASL/videos/41062.mp4,parade,1234,features_cache/41062.pt
WLASL/videos/67963.mp4,parade,1234,features_cache/67963.pt
WLASL/videos/41063.mp4,parade,1234,features_cache/41063.pt
WLASL/videos/41065.mp4,parade,1234,features_cache/41065.pt
WLASL/videos/41067.mp4,parade,1234,features_cache/41067.pt
WLASL/videos/41068.mp4,parade,1234,features_cache/41068.pt
WLASL/videos/41070.mp4,parade,1234,features_cache/41070.pt
WLASL/videos/41163.mp4,parents,1237,features_cache/41163.pt
WLASL/videos/67964.mp4,parents,1237,features_cache/67964.pt
WLASL/videos/41164.mp4,parents,1237,features_cache/41164.pt
WLASL/videos/41166.mp4,parents,1237,features_cache/41166.pt
WLASL/videos/41168.mp4,parents,1237,features_cache/41168.pt
WLASL/videos/41169.mp4,parents,1237,features_cache/41169.pt
WLASL/videos/41171.mp4,parents,1237,features_cache/41171.pt
WLASL/videos/42003.mp4,perfect,1260,features_cache/42003.pt
WLASL/videos/42004.mp4,perfect,1260,features_cache/42004.pt
WLASL/videos/42005.mp4,perfect,1260,features_cache/42005.pt
WLASL/videos/65575.mp4,perfect,1260,features_cache/65575.pt
WLASL/videos/42008.mp4,perfect,1260,features_cache/42008.pt
WLASL/videos/41998.mp4,perfect,1260,features_cache/41998.pt
WLASL/videos/42002.mp4,perfect,1260,features_cache/42002.pt
WLASL/videos/66279.mp4,period,1262,features_cache/66279.pt
WLASL/videos/42076.mp4,period,1262,features_cache/42076.pt
WLASL/videos/42080.mp4,period,1262,features_cache/42080.pt
WLASL/videos/42082.mp4,period,1262,features_cache/42082.pt
WLASL/videos/42088.mp4,period,1262,features_cache/42088.pt
WLASL/videos/42089.mp4,period,1262,features_cache/42089.pt
WLASL/videos/42091.mp4,period,1262,features_cache/42091.pt
WLASL/videos/42398.mp4,philosophy,1269,features_cache/42398.pt
WLASL/videos/42403.mp4,philosophy,1269,features_cache/42403.pt
WLASL/videos/42404.mp4,philosophy,1269,features_cache/42404.pt
WLASL/videos/42407.mp4,philosophy,1269,features_cache/42407.pt
WLASL/videos/42409.mp4,philosophy,1269,features_cache/42409.pt
WLASL/videos/42410.mp4,philosophy,1269,features_cache/42410.pt
WLASL/videos/42401.mp4,philosophy,1269,features_cache/42401.pt
WLASL/videos/42469.mp4,photographer,1271,features_cache/42469.pt
WLASL/videos/42470.mp4,photographer,1271,features_cache/42470.pt
WLASL/videos/42471.mp4,photographer,1271,features_cache/42471.pt
WLASL/videos/42473.mp4,photographer,1271,features_cache/42473.pt
WLASL/videos/42475.mp4,photographer,1271,features_cache/42475.pt
WLASL/videos/42476.mp4,photographer,1271,features_cache/42476.pt
WLASL/videos/42478.mp4,photographer,1271,features_cache/42478.pt
WLASL/videos/42983.mp4,place,1287,features_cache/42983.pt
WLASL/videos/69432.mp4,place,1287,features_cache/69432.pt
WLASL/videos/70190.mp4,place,1287,features_cache/70190.pt
WLASL/videos/42987.mp4,place,1287,features_cache/42987.pt
WLASL/videos/42989.mp4,place,1287,features_cache/42989.pt
WLASL/videos/42990.mp4,place,1287,features_cache/42990.pt
WLASL/videos/42993.mp4,place,1287,features_cache/42993.pt
WLASL/videos/43552.mp4,policy,1302,features_cache/43552.pt
WLASL/videos/43561.mp4,policy,1302,features_cache/43561.pt
WLASL/videos/66307.mp4,policy,1302,features_cache/66307.pt
WLASL/videos/43554.mp4,policy,1302,features_cache/43554.pt
WLASL/videos/43556.mp4,policy,1302,features_cache/43556.pt
WLASL/videos/43557.mp4,policy,1302,features_cache/43557.pt
WLASL/videos/43559.mp4,policy,1302,features_cache/43559.pt
WLASL/videos/43725.mp4,popular,1308,features_cache/43725.pt
WLASL/videos/66312.mp4,popular,1308,features_cache/66312.pt
WLASL/videos/43726.mp4,popular,1308,features_cache/43726.pt
WLASL/videos/43728.mp4,popular,1308,features_cache/43728.pt
WLASL/videos/43730.mp4,popular,1308,features_cache/43730.pt
WLASL/videos/43731.mp4,popular,1308,features_cache/43731.pt
WLASL/videos/43733.mp4,popular,1308,features_cache/43733.pt
WLASL/videos/44119.mp4,pray,1322,features_cache/44119.pt
WLASL/videos/44134.mp4,pray,1322,features_cache/44134.pt
WLASL/videos/44135.mp4,pray,1322,features_cache/44135.pt
WLASL/videos/44136.mp4,pray,1322,features_cache/44136.pt
WLASL/videos/44128.mp4,pray,1322,features_cache/44128.pt
WLASL/videos/44129.mp4,pray,1322,features_cache/44129.pt
WLASL/videos/44132.mp4,pray,1322,features_cache/44132.pt
WLASL/videos/44199.mp4,predict,1328,features_cache/44199.pt
WLASL/videos/44208.mp4,predict,1328,features_cache/44208.pt
WLASL/videos/44200.mp4,predict,1328,features_cache/44200.pt
WLASL/videos/44202.mp4,predict,1328,features_cache/44202.pt
WLASL/videos/44204.mp4,predict,1328,features_cache/44204.pt
WLASL/videos/44205.mp4,predict,1328,features_cache/44205.pt
WLASL/videos/44207.mp4,predict,1328,features_cache/44207.pt
WLASL/videos/44319.mp4,presentation,1334,features_cache/44319.pt
WLASL/videos/44328.mp4,presentation,1334,features_cache/44328.pt
WLASL/videos/44329.mp4,presentation,1334,features_cache/44329.pt
WLASL/videos/44321.mp4,presentation,1334,features_cache/44321.pt
WLASL/videos/44323.mp4,presentation,1334,features_cache/44323.pt
WLASL/videos/44324.mp4,presentation,1334,features_cache/44324.pt
WLASL/videos/44327.mp4,presentation,1334,features_cache/44327.pt
WLASL/videos/44556.mp4,print,1346,features_cache/44556.pt
WLASL/videos/69438.mp4,print,1346,features_cache/69438.pt
WLASL/videos/66332.mp4,print,1346,features_cache/66332.pt
WLASL/videos/67103.mp4,print,1346,features_cache/67103.pt
WLASL/videos/44569.mp4,print,1346,features_cache/44569.pt
WLASL/videos/44570.mp4,print,1346,features_cache/44570.pt
WLASL/videos/44572.mp4,print,1346,features_cache/44572.pt
WLASL/videos/44557.mp4,printer,1347,features_cache/44557.pt
WLASL/videos/44558.mp4,printer,1347,features_cache/44558.pt
WLASL/videos/44559.mp4,printer,1347,features_cache/44559.pt
WLASL/videos/44561.mp4,printer,1347,features_cache/44561.pt
WLASL/videos/44563.mp4,printer,1347,features_cache/44563.pt
WLASL/videos/44564.mp4,printer,1347,features_cache/44564.pt
WLASL/videos/44566.mp4,printer,1347,features_cache/44566.pt
WLASL/videos/44618.mp4,private,1350,features_cache/44618.pt
WLASL/videos/44633.mp4,private,1350,features_cache/44633.pt
WLASL/videos/44624.mp4,private,1350,features_cache/44624.pt
WLASL/videos/44626.mp4,private,1350,features_cache/44626.pt
WLASL/videos/44628.mp4,private,1350,features_cache/44628.pt
WLASL/videos/44629.mp4,private,1350,features_cache/44629.pt
WLASL/videos/44632.mp4,private,1350,features_cache/44632.pt
WLASL/videos/44732.mp4,procrastinate,1353,features_cache/44732.pt
WLASL/videos/44733.mp4,procrastinate,1353,features_cache/44733.pt
WLASL/videos/44734.mp4,procrastinate,1353,features_cache/44734.pt
WLASL/videos/44736.mp4,procrastinate,1353,features_cache/44736.pt
WLASL/videos/44738.mp4,procrastinate,1353,features_cache/44738.pt
WLASL/videos/44739.mp4,procrastinate,1353,features_cache/44739.pt
WLASL/videos/44741.mp4,procrastinate,1353,features_cache/44741.pt
WLASL/videos/44859.mp4,project,1359,features_cache/44859.pt
WLASL/videos/44868.mp4,project,1359,features_cache/44868.pt
WLASL/videos/66338.mp4,project,1359,features_cache/66338.pt
WLASL/videos/44860.mp4,project,1359,features_cache/44860.pt
WLASL/videos/44863.mp4,project,1359,features_cache/44863.pt
WLASL/videos/44864.mp4,project,1359,features_cache/44864.pt
WLASL/videos/44866.mp4,project,1359,features_cache/44866.pt
WLASL/videos/45059.mp4,protect,1366,features_cache/45059.pt
WLASL/videos/66343.mp4,protect,1366,features_cache/66343.pt
WLASL/videos/45060.mp4,protect,1366,features_cache/45060.pt
WLASL/videos/45062.mp4,protect,1366,features_cache/45062.pt
WLASL/videos/45064.mp4,protect,1366,features_cache/45064.pt
WLASL/videos/45065.mp4,protect,1366,features_cache/45065.pt
WLASL/videos/45067.mp4,protect,1366,features_cache/45067.pt
WLASL/videos/45097.mp4,prove,1368,features_cache/45097.pt
WLASL/videos/45098.mp4,prove,1368,features_cache/45098.pt
WLASL/videos/45099.mp4,prove,1368,features_cache/45099.pt
WLASL/videos/45101.mp4,prove,1368,features_cache/45101.pt
WLASL/videos/45103.mp4,prove,1368,features_cache/45103.pt
WLASL/videos/45104.mp4,prove,1368,features_cache/45104.pt
WLASL/videos/45106.mp4,prove,1368,features_cache/45106.pt
WLASL/videos/45108.mp4,provide,1369,features_cache/45108.pt
WLASL/videos/66346.mp4,provide,1369,features_cache/66346.pt
WLASL/videos/45110.mp4,provide,1369,features_cache/45110.pt
WLASL/videos/45112.mp4,provide,1369,features_cache/45112.pt
WLASL/videos/45114.mp4,provide,1369,features_cache/45114.pt
WLASL/videos/45115.mp4,provide,1369,features_cache/45115.pt
WLASL/videos/45117.mp4,provide,1369,features_cache/45117.pt
WLASL/videos/45169.mp4,psychology,1371,features_cache/45169.pt
WLASL/videos/45180.mp4,psychology,1371,features_cache/45180.pt
WLASL/videos/45171.mp4,psychology,1371,features_cache/45171.pt
WLASL/videos/45173.mp4,psychology,1371,features_cache/45173.pt
WLASL/videos/45176.mp4,psychology,1371,features_cache/45176.pt
WLASL/videos/45177.mp4,psychology,1371,features_cache/45177.pt
WLASL/videos/45179.mp4,psychology,1371,features_cache/45179.pt
WLASL/videos/45362.mp4,punish,1376,features_cache/45362.pt
WLASL/videos/66354.mp4,punish,1376,features_cache/66354.pt
WLASL/videos/67113.mp4,punish,1376,features_cache/67113.pt
WLASL/videos/45364.mp4,punish,1376,features_cache/45364.pt
WLASL/videos/45366.mp4,punish,1376,features_cache/45366.pt
WLASL/videos/45367.mp4,punish,1376,features_cache/45367.pt
WLASL/videos/45369.mp4,punish,1376,features_cache/45369.pt
WLASL/videos/45570.mp4,puzzled,1385,features_cache/45570.pt
WLASL/videos/66359.mp4,puzzled,1385,features_cache/66359.pt
WLASL/videos/67116.mp4,puzzled,1385,features_cache/67116.pt
WLASL/videos/45572.mp4,puzzled,1385,features_cache/45572.pt
WLASL/videos/45574.mp4,puzzled,1385,features_cache/45574.pt
WLASL/videos/45575.mp4,puzzled,1385,features_cache/45575.pt
WLASL/videos/45577.mp4,puzzled,1385,features_cache/45577.pt
WLASL/videos/45711.mp4,question,1391,features_cache/45711.pt
WLASL/videos/69442.mp4,question,1391,features_cache/69442.pt
WLASL/videos/45723.mp4,question,1391,features_cache/45723.pt
WLASL/videos/45715.mp4,question,1391,features_cache/45715.pt
WLASL/videos/45719.mp4,question,1391,features_cache/45719.pt
WLASL/videos/45720.mp4,question,1391,features_cache/45720.pt
WLASL/videos/45722.mp4,question,1391,features_cache/45722.pt
WLASL/videos/45739.mp4,quick,1392,features_cache/45739.pt
WLASL/videos/45749.mp4,quick,1392,features_cache/45749.pt
WLASL/videos/66363.mp4,quick,1392,features_cache/66363.pt
WLASL/videos/45742.mp4,quick,1392,features_cache/45742.pt
WLASL/videos/45744.mp4,quick,1392,features_cache/45744.pt
WLASL/videos/45746.mp4,quick,1392,features_cache/45746.pt
WLASL/videos/45748.mp4,quick,1392,features_cache/45748.pt
WLASL/videos/45966.mp4,rainbow,1403,features_cache/45966.pt
WLASL/videos/45967.mp4,rainbow,1403,features_cache/45967.pt
WLASL/videos/45968.mp4,rainbow,1403,features_cache/45968.pt
WLASL/videos/45970.mp4,rainbow,1403,features_cache/45970.pt
WLASL/videos/45972.mp4,rainbow,1403,features_cache/45972.pt
WLASL/videos/45973.mp4,rainbow,1403,features_cache/45973.pt
WLASL/videos/45975.mp4,rainbow,1403,features_cache/45975.pt
WLASL/videos/46053.mp4,rake,1404,features_cache/46053.pt
WLASL/videos/66370.mp4,rake,1404,features_cache/66370.pt
WLASL/videos/67122.mp4,rake,1404,features_cache/67122.pt
WLASL/videos/46055.mp4,rake,1404,features_cache/46055.pt
WLASL/videos/46057.mp4,rake,1404,features_cache/46057.pt
WLASL/videos/46058.mp4,rake,1404,features_cache/46058.pt
WLASL/videos/46060.mp4,rake,1404,features_cache/46060.pt
WLASL/videos/46956.mp4,rehearse,1425,features_cache/46956.pt
WLASL/videos/46957.mp4,rehearse,1425,features_cache/46957.pt
WLASL/videos/46958.mp4,rehearse,1425,features_cache/46958.pt
WLASL/videos/46960.mp4,rehearse,1425,features_cache/46960.pt
WLASL/videos/46962.mp4,rehearse,1425,features_cache/46962.pt
WLASL/videos/46963.mp4,rehearse,1425,features_cache/46963.pt
WLASL/videos/46965.mp4,rehearse,1425,features_cache/46965.pt
WLASL/videos/47236.mp4,remove,1436,features_cache/47236.pt
WLASL/videos/66390.mp4,remove,1436,features_cache/66390.pt
WLASL/videos/47237.mp4,remove,1436,features_cache/47237.pt
WLASL/videos/47239.mp4,remove,1436,features_cache/47239.pt
WLASL/videos/47241.mp4,remove,1436,features_cache/47241.pt
WLASL/videos/47242.mp4,remove,1436,features_cache/47242.pt
WLASL/videos/47244.mp4,remove,1436,features_cache/47244.pt
WLASL/videos/47857.mp4,revenge,1460,features_cache/47857.pt
WLASL/videos/47864.mp4,revenge,1460,features_cache/47864.pt
WLASL/videos/66403.mp4,revenge,1460,features_cache/66403.pt
WLASL/videos/67140.mp4,revenge,1460,features_cache/67140.pt
WLASL/videos/47859.mp4,revenge,1460,features_cache/47859.pt
WLASL/videos/47860.mp4,revenge,1460,features_cache/47860.pt
WLASL/videos/47863.mp4,revenge,1460,features_cache/47863.pt
WLASL/videos/47898.mp4,review,1461,features_cache/47898.pt
WLASL/videos/47902.mp4,review,1461,features_cache/47902.pt
WLASL/videos/47903.mp4,review,1461,features_cache/47903.pt
WLASL/videos/47905.mp4,review,1461,features_cache/47905.pt
WLASL/videos/47907.mp4,review,1461,features_cache/47907.pt
WLASL/videos/47911.mp4,review,1461,features_cache/47911.pt
WLASL/videos/47901.mp4,review,1461,features_cache/47901.pt
WLASL/videos/48019.mp4,rich,1462,features_cache/48019.pt
WLASL/videos/48027.mp4,rich,1462,features_cache/48027.pt
WLASL/videos/48029.mp4,rich,1462,features_cache/48029.pt
WLASL/videos/48031.mp4,rich,1462,features_cache/48031.pt
WLASL/videos/48020.mp4,rich,1462,features_cache/48020.pt
WLASL/videos/48021.mp4,rich,1462,features_cache/48021.pt
WLASL/videos/48023.mp4,rich,1462,features_cache/48023.pt
WLASL/videos/48487.mp4,roof,1476,features_cache/48487.pt
WLASL/videos/70197.mp4,roof,1476,features_cache/70197.pt
WLASL/videos/48497.mp4,roof,1476,features_cache/48497.pt
WLASL/videos/48489.mp4,roof,1476,features_cache/48489.pt
WLASL/videos/48490.mp4,roof,1476,features_cache/48490.pt
WLASL/videos/48492.mp4,roof,1476,features_cache/48492.pt
WLASL/videos/48495.mp4,roof,1476,features_cache/48495.pt
WLASL/videos/48537.mp4,rooster,1479,features_cache/48537.pt
WLASL/videos/67150.mp4,rooster,1479,features_cache/67150.pt
WLASL/videos/48538.mp4,rooster,1479,features_cache/48538.pt
WLASL/videos/48540.mp4,rooster,1479,features_cache/48540.pt
WLASL/videos/48542.mp4,rooster,1479,features_cache/48542.pt
WLASL/videos/48543.mp4,rooster,1479,features_cache/48543.pt
WLASL/videos/48545.mp4,rooster,1479,features_cache/48545.pt
WLASL/videos/48705.mp4,rude,1484,features_cache/48705.pt
WLASL/videos/48706.mp4,rude,1484,features_cache/48706.pt
WLASL/videos/48710.mp4,rude,1484,features_cache/48710.pt
WLASL/videos/67152.mp4,rude,1484,features_cache/67152.pt
WLASL/videos/48717.mp4,rude,1484,features_cache/48717.pt
WLASL/videos/48718.mp4,rude,1484,features_cache/48718.pt
WLASL/videos/48704.mp4,rude,1484,features_cache/48704.pt
WLASL/videos/49427.mp4,say,1505,features_cache/49427.pt
WLASL/videos/69454.mp4,say,1505,features_cache/69454.pt
WLASL/videos/66429.mp4,say,1505,features_cache/66429.pt
WLASL/videos/49431.mp4,say,1505,features_cache/49431.pt
WLASL/videos/49433.mp4,say,1505,features_cache/49433.pt
WLASL/videos/49434.mp4,say,1505,features_cache/49434.pt
WLASL/videos/49436.mp4,say,1505,features_cache/49436.pt
WLASL/videos/49643.mp4,scientist,1511,features_cache/49643.pt
WLASL/videos/67172.mp4,scientist,1511,features_cache/67172.pt
WLASL/videos/49644.mp4,scientist,1511,features_cache/49644.pt
WLASL/videos/49646.mp4,scientist,1511,features_cache/49646.pt
WLASL/videos/49648.mp4,scientist,1511,features_cache/49648.pt
WLASL/videos/49649.mp4,scientist,1511,features_cache/49649.pt
WLASL/videos/49651.mp4,scientist,1511,features_cache/49651.pt
WLASL/videos/49726.mp4,scotland,1515,features_cache/49726.pt
WLASL/videos/49735.mp4,scotland,1515,features_cache/49735.pt
WLASL/videos/49737.mp4,scotland,1515,features_cache/49737.pt
WLASL/videos/49728.mp4,scotland,1515,features_cache/49728.pt
WLASL/videos/49730.mp4,scotland,1515,features_cache/49730.pt
WLASL/videos/49731.mp4,scotland,1515,features_cache/49731.pt
WLASL/videos/49733.mp4,scotland,1515,features_cache/49733.pt
WLASL/videos/49803.mp4,screwdriver,1517,features_cache/49803.pt
WLASL/videos/49810.mp4,screwdriver,1517,features_cache/49810.pt
WLASL/videos/67174.mp4,screwdriver,1517,features_cache/67174.pt
WLASL/videos/49804.mp4,screwdriver,1517,features_cache/49804.pt
WLASL/videos/49806.mp4,screwdriver,1517,features_cache/49806.pt
WLASL/videos/49807.mp4,screwdriver,1517,features_cache/49807.pt
WLASL/videos/49809.mp4,screwdriver,1517,features_cache/49809.pt
WLASL/videos/66439.mp4,second,1521,features_cache/66439.pt
WLASL/videos/50007.mp4,second,1521,features_cache/50007.pt
WLASL/videos/50010.mp4,second,1521,features_cache/50010.pt
WLASL/videos/50012.mp4,second,1521,features_cache/50012.pt
WLASL/videos/50006.mp4,second,1521,features_cache/50006.pt
WLASL/videos/50020.mp4,second,1521,features_cache/50020.pt
WLASL/videos/50023.mp4,second,1521,features_cache/50023.pt
WLASL/videos/50316.mp4,senate,1529,features_cache/50316.pt
WLASL/videos/66444.mp4,senate,1529,features_cache/66444.pt
WLASL/videos/50317.mp4,senate,1529,features_cache/50317.pt
WLASL/videos/50319.mp4,senate,1529,features_cache/50319.pt
WLASL/videos/50321.mp4,senate,1529,features_cache/50321.pt
WLASL/videos/50322.mp4,senate,1529,features_cache/50322.pt
WLASL/videos/50324.mp4,senate,1529,features_cache/50324.pt
WLASL/videos/50427.mp4,separate,1534,features_cache/50427.pt
WLASL/videos/50439.mp4,separate,1534,features_cache/50439.pt
WLASL/videos/50441.mp4,separate,1534,features_cache/50441.pt
WLASL/videos/50442.mp4,separate,1534,features_cache/50442.pt
WLASL/videos/50433.mp4,separate,1534,features_cache/50433.pt
WLASL/videos/50436.mp4,separate,1534,features_cache/50436.pt
WLASL/videos/50438.mp4,separate,1534,features_cache/50438.pt
WLASL/videos/50546.mp4,service,1539,features_cache/50546.pt
WLASL/videos/50547.mp4,service,1539,features_cache/50547.pt
WLASL/videos/50548.mp4,service,1539,features_cache/50548.pt
WLASL/videos/50550.mp4,service,1539,features_cache/50550.pt
WLASL/videos/50552.mp4,service,1539,features_cache/50552.pt
WLASL/videos/50553.mp4,service,1539,features_cache/50553.pt
WLASL/videos/50555.mp4,service,1539,features_cache/50555.pt
WLASL/videos/51398.mp4,shrimp,1566,features_cache/51398.pt
WLASL/videos/51400.mp4,shrimp,1566,features_cache/51400.pt
WLASL/videos/51403.mp4,shrimp,1566,features_cache/51403.pt
WLASL/videos/51404.mp4,shrimp,1566,features_cache/51404.pt
WLASL/videos/51407.mp4,shrimp,1566,features_cache/51407.pt
WLASL/videos/51408.mp4,shrimp,1566,features_cache/51408.pt
WLASL/videos/51397.mp4,shrimp,1566,features_cache/51397.pt
WLASL/videos/51474.mp4,shy,1567,features_cache/51474.pt
WLASL/videos/66474.mp4,shy,1567,features_cache/66474.pt
WLASL/videos/67198.mp4,shy,1567,features_cache/67198.pt
WLASL/videos/51476.mp4,shy,1567,features_cache/51476.pt
WLASL/videos/51478.mp4,shy,1567,features_cache/51478.pt
WLASL/videos/51479.mp4,shy,1567,features_cache/51479.pt
WLASL/videos/51481.mp4,shy,1567,features_cache/51481.pt
WLASL/videos/51530.mp4,side,1569,features_cache/51530.pt
WLASL/videos/51552.mp4,side,1569,features_cache/51552.pt
WLASL/videos/66477.mp4,side,1569,features_cache/66477.pt
WLASL/videos/51545.mp4,side,1569,features_cache/51545.pt
WLASL/videos/51548.mp4,side,1569,features_cache/51548.pt
WLASL/videos/51549.mp4,side,1569,features_cache/51549.pt
WLASL/videos/51551.mp4,side,1569,features_cache/51551.pt
WLASL/videos/51932.mp4,situation,1585,features_cache/51932.pt
WLASL/videos/66489.mp4,situation,1585,features_cache/66489.pt
WLASL/videos/51933.mp4,situation,1585,features_cache/51933.pt
WLASL/videos/51935.mp4,situation,1585,features_cache/51935.pt
WLASL/videos/51937.mp4,situation,1585,features_cache/51937.pt
WLASL/videos/51938.mp4,situation,1585,features_cache/51938.pt
WLASL/videos/51940.mp4,situation,1585,features_cache/51940.pt
WLASL/videos/52287.mp4,slave,1600,features_cache/52287.pt
WLASL/videos/52288.mp4,slave,1600,features_cache/52288.pt
WLASL/videos/52289.mp4,slave,1600,features_cache/52289.pt
WLASL/videos/52291.mp4,slave,1600,features_cache/52291.pt
WLASL/videos/52293.mp4,slave,1600,features_cache/52293.pt
WLASL/videos/52294.mp4,slave,1600,features_cache/52294.pt
WLASL/videos/52296.mp4,slave,1600,features_cache/52296.pt
WLASL/videos/52937.mp4,soccer,1619,features_cache/52937.pt
WLASL/videos/52947.mp4,soccer,1619,features_cache/52947.pt
WLASL/videos/66523.mp4,soccer,1619,features_cache/66523.pt
WLASL/videos/67222.mp4,soccer,1619,features_cache/67222.pt
WLASL/videos/52942.mp4,soccer,1619,features_cache/52942.pt
WLASL/videos/52943.mp4,soccer,1619,features_cache/52943.pt
WLASL/videos/52945.mp4,soccer,1619,features_cache/52945.pt
WLASL/videos/66527.mp4,socks,1621,features_cache/66527.pt
WLASL/videos/53021.mp4,socks,1621,features_cache/53021.pt
WLASL/videos/53022.mp4,socks,1621,features_cache/53022.pt
WLASL/videos/67225.mp4,socks,1621,features_cache/67225.pt
WLASL/videos/53015.mp4,socks,1621,features_cache/53015.pt
WLASL/videos/53016.mp4,socks,1621,features_cache/53016.pt
WLASL/videos/53018.mp4,socks,1621,features_cache/53018.pt
WLASL/videos/53152.mp4,solid,1626,features_cache/53152.pt
WLASL/videos/66528.mp4,solid,1626,features_cache/66528.pt
WLASL/videos/53153.mp4,solid,1626,features_cache/53153.pt
WLASL/videos/53155.mp4,solid,1626,features_cache/53155.pt
WLASL/videos/53157.mp4,solid,1626,features_cache/53157.pt
WLASL/videos/53158.mp4,solid,1626,features_cache/53158.pt
WLASL/videos/53160.mp4,solid,1626,features_cache/53160.pt
WLASL/videos/53239.mp4,sometimes,1632,features_cache/53239.pt
WLASL/videos/70035.mp4,sometimes,1632,features_cache/70035.pt
WLASL/videos/53240.mp4,sometimes,1632,features_cache/53240.pt
WLASL/videos/53242.mp4,sometimes,1632,features_cache/53242.pt
WLASL/videos/53244.mp4,sometimes,1632,features_cache/53244.pt
WLASL/videos/53245.mp4,sometimes,1632,features_cache/53245.pt
WLASL/videos/53247.mp4,sometimes,1632,features_cache/53247.pt
WLASL/videos/53824.mp4,spider,1653,features_cache/53824.pt
WLASL/videos/66546.mp4,spider,1653,features_cache/66546.pt
WLASL/videos/67233.mp4,spider,1653,features_cache/67233.pt
WLASL/videos/53826.mp4,spider,1653,features_cache/53826.pt
WLASL/videos/53828.mp4,spider,1653,features_cache/53828.pt
WLASL/videos/53829.mp4,spider,1653,features_cache/53829.pt
WLASL/videos/53831.mp4,spider,1653,features_cache/53831.pt
WLASL/videos/53872.mp4,spin,1655,features_cache/53872.pt
WLASL/videos/53882.mp4,spin,1655,features_cache/53882.pt
WLASL/videos/53873.mp4,spin,1655,features_cache/53873.pt
WLASL/videos/53876.mp4,spin,1655,features_cache/53876.pt
WLASL/videos/53878.mp4,spin,1655,features_cache/53878.pt
WLASL/videos/53879.mp4,spin,1655,features_cache/53879.pt
WLASL/videos/54168.mp4,square,1663,features_cache/54168.pt
WLASL/videos/54178.mp4,square,1663,features_cache/54178.pt
WLASL/videos/54179.mp4,square,1663,features_cache/54179.pt
WLASL/videos/54180.mp4,square,1663,features_cache/54180.pt
WLASL/videos/54173.mp4,square,1663,features_cache/54173.pt
WLASL/videos/54174.mp4,square,1663,features_cache/54174.pt
WLASL/videos/54177.mp4,square,1663,features_cache/54177.pt
WLASL/videos/66552.mp4,stairs,1668,features_cache/66552.pt
WLASL/videos/54302.mp4,stairs,1668,features_cache/54302.pt
WLASL/videos/54304.mp4,stairs,1668,features_cache/54304.pt
WLASL/videos/54296.mp4,stairs,1668,features_cache/54296.pt
WLASL/videos/54297.mp4,stairs,1668,features_cache/54297.pt
WLASL/videos/54298.mp4,stairs,1668,features_cache/54298.pt
WLASL/videos/54300.mp4,stairs,1668,features_cache/54300.pt
WLASL/videos/54419.mp4,stare,1673,features_cache/54419.pt
WLASL/videos/54433.mp4,stare,1673,features_cache/54433.pt
WLASL/videos/54424.mp4,stare,1673,features_cache/54424.pt
WLASL/videos/54426.mp4,stare,1673,features_cache/54426.pt
WLASL/videos/54428.mp4,stare,1673,features_cache/54428.pt
WLASL/videos/54430.mp4,stare,1673,features_cache/54430.pt
WLASL/videos/54432.mp4,stare,1673,features_cache/54432.pt
WLASL/videos/54454.mp4,start,1674,features_cache/54454.pt
WLASL/videos/68161.mp4,start,1674,features_cache/68161.pt
WLASL/videos/69042.mp4,start,1674,features_cache/69042.pt
WLASL/videos/67242.mp4,start,1674,features_cache/67242.pt
WLASL/videos/54460.mp4,start,1674,features_cache/54460.pt
WLASL/videos/54461.mp4,start,1674,features_cache/54461.pt
WLASL/videos/54464.mp4,start,1674,features_cache/54464.pt
WLASL/videos/69489.mp4,store,1688,features_cache/69489.pt
WLASL/videos/54955.mp4,store,1688,features_cache/54955.pt
WLASL/videos/54963.mp4,store,1688,features_cache/54963.pt
WLASL/videos/54965.mp4,store,1688,features_cache/54965.pt
WLASL/videos/54956.mp4,store,1688,features_cache/54956.pt
WLASL/videos/54957.mp4,store,1688,features_cache/54957.pt
WLASL/videos/54962.mp4,store,1688,features_cache/54962.pt
WLASL/videos/55101.mp4,straw,1692,features_cache/55101.pt
WLASL/videos/55126.mp4,straw,1692,features_cache/55126.pt
WLASL/videos/55117.mp4,straw,1692,features_cache/55117.pt
WLASL/videos/55119.mp4,straw,1692,features_cache/55119.pt
WLASL/videos/55121.mp4,straw,1692,features_cache/55121.pt
WLASL/videos/55122.mp4,straw,1692,features_cache/55122.pt
WLASL/videos/55124.mp4,straw,1692,features_cache/55124.pt
WLASL/videos/55287.mp4,structure,1699,features_cache/55287.pt
WLASL/videos/55296.mp4,structure,1699,features_cache/55296.pt
WLASL/videos/55288.mp4,structure,1699,features_cache/55288.pt
WLASL/videos/55290.mp4,structure,1699,features_cache/55290.pt
WLASL/videos/55292.mp4,structure,1699,features_cache/55292.pt
WLASL/videos/55293.mp4,structure,1699,features_cache/55293.pt
WLASL/videos/55295.mp4,structure,1699,features_cache/55295.pt
WLASL/videos/55669.mp4,suggest,1711,features_cache/55669.pt
WLASL/videos/55670.mp4,suggest,1711,features_cache/55670.pt
WLASL/videos/55671.mp4,suggest,1711,features_cache/55671.pt
WLASL/videos/55673.mp4,suggest,1711,features_cache/55673.pt
WLASL/videos/55675.mp4,suggest,1711,features_cache/55675.pt
WLASL/videos/55676.mp4,suggest,1711,features_cache/55676.pt
WLASL/videos/55678.mp4,suggest,1711,features_cache/55678.pt
WLASL/videos/55810.mp4,sun,1714,features_cache/55810.pt
WLASL/videos/55803.mp4,sun,1714,features_cache/55803.pt
WLASL/videos/67261.mp4,sun,1714,features_cache/67261.pt
WLASL/videos/55814.mp4,sun,1714,features_cache/55814.pt
WLASL/videos/55805.mp4,sun,1714,features_cache/55805.pt
WLASL/videos/55806.mp4,sun,1714,features_cache/55806.pt
WLASL/videos/55808.mp4,sun,1714,features_cache/55808.pt
WLASL/videos/55970.mp4,support,1720,features_cache/55970.pt
WLASL/videos/55976.mp4,support,1720,features_cache/55976.pt
WLASL/videos/55977.mp4,support,1720,features_cache/55977.pt
WLASL/videos/55979.mp4,support,1720,features_cache/55979.pt
WLASL/videos/55981.mp4,support,1720,features_cache/55981.pt
WLASL/videos/55982.mp4,support,1720,features_cache/55982.pt
WLASL/videos/55984.mp4,support,1720,features_cache/55984.pt
WLASL/videos/55993.mp4,suppose,1721,features_cache/55993.pt
WLASL/videos/69497.mp4,suppose,1721,features_cache/69497.pt
WLASL/videos/70120.mp4,suppose,1721,features_cache/70120.pt
WLASL/videos/55998.mp4,suppose,1721,features_cache/55998.pt
WLASL/videos/56000.mp4,suppose,1721,features_cache/56000.pt
WLASL/videos/56001.mp4,suppose,1721,features_cache/56001.pt
WLASL/videos/56003.mp4,suppose,1721,features_cache/56003.pt
WLASL/videos/56025.mp4,sure,1722,features_cache/56025.pt
WLASL/videos/56037.mp4,sure,1722,features_cache/56037.pt
WLASL/videos/56038.mp4,sure,1722,features_cache/56038.pt
WLASL/videos/67265.mp4,sure,1722,features_cache/67265.pt
WLASL/videos/56031.mp4,sure,1722,features_cache/56031.pt
WLASL/videos/56033.mp4,sure,1722,features_cache/56033.pt
WLASL/videos/56036.mp4,sure,1722,features_cache/56036.pt
WLASL/videos/56099.mp4,surprise,1726,features_cache/56099.pt
WLASL/videos/66583.mp4,surprise,1726,features_cache/66583.pt
WLASL/videos/56105.mp4,surprise,1726,features_cache/56105.pt
WLASL/videos/56106.mp4,surprise,1726,features_cache/56106.pt
WLASL/videos/56108.mp4,surprise,1726,features_cache/56108.pt
WLASL/videos/56109.mp4,surprise,1726,features_cache/56109.pt
WLASL/videos/56111.mp4,surprise,1726,features_cache/56111.pt
WLASL/videos/56254.mp4,sweater,1731,features_cache/56254.pt
WLASL/videos/66584.mp4,sweater,1731,features_cache/66584.pt
WLASL/videos/67271.mp4,sweater,1731,features_cache/67271.pt
WLASL/videos/56248.mp4,sweater,1731,features_cache/56248.pt
WLASL/videos/56250.mp4,sweater,1731,features_cache/56250.pt
WLASL/videos/56251.mp4,sweater,1731,features_cache/56251.pt
WLASL/videos/56253.mp4,sweater,1731,features_cache/56253.pt
WLASL/videos/56340.mp4,swim,1736,features_cache/56340.pt
WLASL/videos/70178.mp4,swim,1736,features_cache/70178.pt
WLASL/videos/69010.mp4,swim,1736,features_cache/69010.pt
WLASL/videos/56343.mp4,swim,1736,features_cache/56343.pt
WLASL/videos/56345.mp4,swim,1736,features_cache/56345.pt
WLASL/videos/56346.mp4,swim,1736,features_cache/56346.pt
WLASL/videos/56348.mp4,swim,1736,features_cache/56348.pt
WLASL/videos/56460.mp4,symbol,1741,features_cache/56460.pt
WLASL/videos/56468.mp4,symbol,1741,features_cache/56468.pt
WLASL/videos/56469.mp4,symbol,1741,features_cache/56469.pt
WLASL/videos/56461.mp4,symbol,1741,features_cache/56461.pt
WLASL/videos/56463.mp4,symbol,1741,features_cache/56463.pt
WLASL/videos/56464.mp4,symbol,1741,features_cache/56464.pt
WLASL/videos/56466.mp4,symbol,1741,features_cache/56466.pt
WLASL/videos/56969.mp4,taste,1753,features_cache/56969.pt
WLASL/videos/56970.mp4,taste,1753,features_cache/56970.pt
WLASL/videos/56971.mp4,taste,1753,features_cache/56971.pt
WLASL/videos/56973.mp4,taste,1753,features_cache/56973.pt
WLASL/videos/56975.mp4,taste,1753,features_cache/56975.pt
WLASL/videos/56976.mp4,taste,1753,features_cache/56976.pt
WLASL/videos/56978.mp4,taste,1753,features_cache/56978.pt
WLASL/videos/57089.mp4,team,1757,features_cache/57089.pt
WLASL/videos/57098.mp4,team,1757,features_cache/57098.pt
WLASL/videos/57099.mp4,team,1757,features_cache/57099.pt
WLASL/videos/57091.mp4,team,1757,features_cache/57091.pt
WLASL/videos/57093.mp4,team,1757,features_cache/57093.pt
WLASL/videos/57094.mp4,team,1757,features_cache/57094.pt
WLASL/videos/57097.mp4,team,1757,features_cache/57097.pt
WLASL/videos/57235.mp4,telephone,1761,features_cache/57235.pt
WLASL/videos/67286.mp4,telephone,1761,features_cache/67286.pt
WLASL/videos/57236.mp4,telephone,1761,features_cache/57236.pt
WLASL/videos/57238.mp4,telephone,1761,features_cache/57238.pt
WLASL/videos/57240.mp4,telephone,1761,features_cache/57240.pt
WLASL/videos/57241.mp4,telephone,1761,features_cache/57241.pt
WLASL/videos/57243.mp4,telephone,1761,features_cache/57243.pt
WLASL/videos/57408.mp4,tennis,1771,features_cache/57408.pt
WLASL/videos/57410.mp4,tennis,1771,features_cache/57410.pt
WLASL/videos/67289.mp4,tennis,1771,features_cache/67289.pt
WLASL/videos/57412.mp4,tennis,1771,features_cache/57412.pt
WLASL/videos/57414.mp4,tennis,1771,features_cache/57414.pt
WLASL/videos/57415.mp4,tennis,1771,features_cache/57415.pt
WLASL/videos/57417.mp4,tennis,1771,features_cache/57417.pt
WLASL/videos/57724.mp4,their,1785,features_cache/57724.pt
WLASL/videos/57733.mp4,their,1785,features_cache/57733.pt
WLASL/videos/57725.mp4,their,1785,features_cache/57725.pt
WLASL/videos/57727.mp4,their,1785,features_cache/57727.pt
WLASL/videos/57729.mp4,their,1785,features_cache/57729.pt
WLASL/videos/57730.mp4,their,1785,features_cache/57730.pt
WLASL/videos/57732.mp4,their,1785,features_cache/57732.pt
WLASL/videos/57769.mp4,then,1789,features_cache/57769.pt
WLASL/videos/68550.mp4,then,1789,features_cache/68550.pt
WLASL/videos/66602.mp4,then,1789,features_cache/66602.pt
WLASL/videos/57772.mp4,then,1789,features_cache/57772.pt
WLASL/videos/57774.mp4,then,1789,features_cache/57774.pt
WLASL/videos/57775.mp4,then,1789,features_cache/57775.pt
WLASL/videos/57777.mp4,then,1789,features_cache/57777.pt
WLASL/videos/57837.mp4,thermometer,1794,features_cache/57837.pt
WLASL/videos/57846.mp4,thermometer,1794,features_cache/57846.pt
WLASL/videos/57839.mp4,thermometer,1794,features_cache/57839.pt
WLASL/videos/57849.mp4,thermometer,1794,features_cache/57849.pt
WLASL/videos/57840.mp4,thermometer,1794,features_cache/57840.pt
WLASL/videos/57841.mp4,thermometer,1794,features_cache/57841.pt
WLASL/videos/57843.mp4,thermometer,1794,features_cache/57843.pt
WLASL/videos/57921.mp4,thing,1798,features_cache/57921.pt
WLASL/videos/69504.mp4,thing,1798,features_cache/69504.pt
WLASL/videos/57923.mp4,thing,1798,features_cache/57923.pt
WLASL/videos/57926.mp4,thing,1798,features_cache/57926.pt
WLASL/videos/57927.mp4,thing,1798,features_cache/57927.pt
WLASL/videos/57928.mp4,thing,1798,features_cache/57928.pt
WLASL/videos/58000.mp4,third,1800,features_cache/58000.pt
WLASL/videos/58013.mp4,third,1800,features_cache/58013.pt
WLASL/videos/58014.mp4,third,1800,features_cache/58014.pt
WLASL/videos/58015.mp4,third,1800,features_cache/58015.pt
WLASL/videos/58006.mp4,third,1800,features_cache/58006.pt
WLASL/videos/58007.mp4,third,1800,features_cache/58007.pt
WLASL/videos/58009.mp4,third,1800,features_cache/58009.pt
WLASL/videos/58131.mp4,thousand,1803,features_cache/58131.pt
WLASL/videos/66629.mp4,thousand,1803,features_cache/66629.pt
WLASL/videos/58132.mp4,thousand,1803,features_cache/58132.pt
WLASL/videos/58134.mp4,thousand,1803,features_cache/58134.pt
WLASL/videos/58136.mp4,thousand,1803,features_cache/58136.pt
WLASL/videos/58137.mp4,thousand,1803,features_cache/58137.pt
WLASL/videos/58139.mp4,thousand,1803,features_cache/58139.pt
WLASL/videos/69508.mp4,three,1804,features_cache/69508.pt
WLASL/videos/66630.mp4,three,1804,features_cache/66630.pt
WLASL/videos/58182.mp4,three,1804,features_cache/58182.pt
WLASL/videos/58183.mp4,three,1804,features_cache/58183.pt
WLASL/videos/58185.mp4,three,1804,features_cache/58185.pt
WLASL/videos/58186.mp4,three,1804,features_cache/58186.pt
WLASL/videos/58188.mp4,three,1804,features_cache/58188.pt
WLASL/videos/66642.mp4,tie,1811,features_cache/66642.pt
WLASL/videos/68169.mp4,tie,1811,features_cache/68169.pt
WLASL/videos/58430.mp4,tie,1811,features_cache/58430.pt
WLASL/videos/58434.mp4,tie,1811,features_cache/58434.pt
WLASL/videos/58437.mp4,tie,1811,features_cache/58437.pt
WLASL/videos/58439.mp4,tie,1811,features_cache/58439.pt
WLASL/videos/58428.mp4,tie,1811,features_cache/58428.pt
WLASL/videos/58945.mp4,topic,1833,features_cache/58945.pt
WLASL/videos/66659.mp4,topic,1833,features_cache/66659.pt
WLASL/videos/58946.mp4,topic,1833,features_cache/58946.pt
WLASL/videos/58948.mp4,topic,1833,features_cache/58948.pt
WLASL/videos/58950.mp4,topic,1833,features_cache/58950.pt
WLASL/videos/58951.mp4,topic,1833,features_cache/58951.pt
WLASL/videos/58953.mp4,topic,1833,features_cache/58953.pt
WLASL/videos/59044.mp4,touch,1837,features_cache/59044.pt
WLASL/videos/70327.mp4,touch,1837,features_cache/70327.pt
WLASL/videos/59051.mp4,touch,1837,features_cache/59051.pt
WLASL/videos/59053.mp4,touch,1837,features_cache/59053.pt
WLASL/videos/59055.mp4,touch,1837,features_cache/59055.pt
WLASL/videos/59056.mp4,touch,1837,features_cache/59056.pt
WLASL/videos/59058.mp4,touch,1837,features_cache/59058.pt
WLASL/videos/59102.mp4,tournament,1839,features_cache/59102.pt
WLASL/videos/67318.mp4,tournament,1839,features_cache/67318.pt
WLASL/videos/59103.mp4,tournament,1839,features_cache/59103.pt
WLASL/videos/59105.mp4,tournament,1839,features_cache/59105.pt
WLASL/videos/59107.mp4,tournament,1839,features_cache/59107.pt
WLASL/videos/59108.mp4,tournament,1839,features_cache/59108.pt
WLASL/videos/59110.mp4,tournament,1839,features_cache/59110.pt
WLASL/videos/59847.mp4,try,1861,features_cache/59847.pt
WLASL/videos/59854.mp4,try,1861,features_cache/59854.pt
WLASL/videos/66680.mp4,try,1861,features_cache/66680.pt
WLASL/videos/67327.mp4,try,1861,features_cache/67327.pt
WLASL/videos/59849.mp4,try,1861,features_cache/59849.pt
WLASL/videos/59850.mp4,try,1861,features_cache/59850.pt
WLASL/videos/59853.mp4,try,1861,features_cache/59853.pt
WLASL/videos/69521.mp4,two,1869,features_cache/69521.pt
WLASL/videos/60220.mp4,two,1869,features_cache/60220.pt
WLASL/videos/67331.mp4,two,1869,features_cache/67331.pt
WLASL/videos/60222.mp4,two,1869,features_cache/60222.pt
WLASL/videos/60224.mp4,two,1869,features_cache/60224.pt
WLASL/videos/60225.mp4,two,1869,features_cache/60225.pt
WLASL/videos/60227.mp4,two,1869,features_cache/60227.pt
WLASL/videos/60304.mp4,type,1870,features_cache/60304.pt
WLASL/videos/67332.mp4,type,1870,features_cache/67332.pt
WLASL/videos/60309.mp4,type,1870,features_cache/60309.pt
WLASL/videos/60310.mp4,type,1870,features_cache/60310.pt
WLASL/videos/60311.mp4,type,1870,features_cache/60311.pt
WLASL/videos/60312.mp4,type,1870,features_cache/60312.pt
WLASL/videos/60378.mp4,umbrella,1873,features_cache/60378.pt
WLASL/videos/66699.mp4,umbrella,1873,features_cache/66699.pt
WLASL/videos/67333.mp4,umbrella,1873,features_cache/67333.pt
WLASL/videos/60380.mp4,umbrella,1873,features_cache/60380.pt
WLASL/videos/60382.mp4,umbrella,1873,features_cache/60382.pt
WLASL/videos/60383.mp4,umbrella,1873,features_cache/60383.pt
WLASL/videos/60385.mp4,umbrella,1873,features_cache/60385.pt
WLASL/videos/61364.mp4,vegetable,1893,features_cache/61364.pt
WLASL/videos/66720.mp4,vegetable,1893,features_cache/66720.pt
WLASL/videos/67025.mp4,vegetable,1893,features_cache/67025.pt
WLASL/videos/61366.mp4,vegetable,1893,features_cache/61366.pt
WLASL/videos/61368.mp4,vegetable,1893,features_cache/61368.pt
WLASL/videos/61369.mp4,vegetable,1893,features_cache/61369.pt
WLASL/videos/61371.mp4,vegetable,1893,features_cache/61371.pt
WLASL/videos/61878.mp4,vocabulary,1903,features_cache/61878.pt
WLASL/videos/61885.mp4,vocabulary,1903,features_cache/61885.pt
WLASL/videos/61886.mp4,vocabulary,1903,features_cache/61886.pt
WLASL/videos/66735.mp4,vocabulary,1903,features_cache/66735.pt
WLASL/videos/61889.mp4,vocabulary,1903,features_cache/61889.pt
WLASL/videos/61879.mp4,vocabulary,1903,features_cache/61879.pt
WLASL/videos/61882.mp4,vocabulary,1903,features_cache/61882.pt
WLASL/videos/62422.mp4,waste,1924,features_cache/62422.pt
WLASL/videos/62430.mp4,waste,1924,features_cache/62430.pt
WLASL/videos/66750.mp4,waste,1924,features_cache/66750.pt
WLASL/videos/62423.mp4,waste,1924,features_cache/62423.pt
WLASL/videos/62425.mp4,waste,1924,features_cache/62425.pt
WLASL/videos/62426.mp4,waste,1924,features_cache/62426.pt
WLASL/videos/62428.mp4,waste,1924,features_cache/62428.pt
WLASL/videos/62583.mp4,we,1930,features_cache/62583.pt
WLASL/videos/69527.mp4,we,1930,features_cache/69527.pt
WLASL/videos/66755.mp4,we,1930,features_cache/66755.pt
WLASL/videos/62775.mp4,we,1930,features_cache/62775.pt
WLASL/videos/62777.mp4,we,1930,features_cache/62777.pt
WLASL/videos/62778.mp4,we,1930,features_cache/62778.pt
WLASL/videos/62780.mp4,we,1930,features_cache/62780.pt
WLASL/videos/62607.mp4,wear,1932,features_cache/62607.pt
WLASL/videos/66756.mp4,wear,1932,features_cache/66756.pt
WLASL/videos/62616.mp4,wear,1932,features_cache/62616.pt
WLASL/videos/62617.mp4,wear,1932,features_cache/62617.pt
WLASL/videos/62618.mp4,wear,1932,features_cache/62618.pt
WLASL/videos/62619.mp4,wear,1932,features_cache/62619.pt
WLASL/videos/62753.mp4,weekly,1938,features_cache/62753.pt
WLASL/videos/68604.mp4,weekly,1938,features_cache/68604.pt
WLASL/videos/62754.mp4,weekly,1938,features_cache/62754.pt
WLASL/videos/62756.mp4,weekly,1938,features_cache/62756.pt
WLASL/videos/62758.mp4,weekly,1938,features_cache/62758.pt
WLASL/videos/62759.mp4,weekly,1938,features_cache/62759.pt
WLASL/videos/62761.mp4,weekly,1938,features_cache/62761.pt
WLASL/videos/62826.mp4,welcome,1942,features_cache/62826.pt
WLASL/videos/62836.mp4,welcome,1942,features_cache/62836.pt
WLASL/videos/62837.mp4,welcome,1942,features_cache/62837.pt
WLASL/videos/66764.mp4,welcome,1942,features_cache/66764.pt
WLASL/videos/62832.mp4,welcome,1942,features_cache/62832.pt
WLASL/videos/62833.mp4,welcome,1942,features_cache/62833.pt
WLASL/videos/62835.mp4,welcome,1942,features_cache/62835.pt
WLASL/videos/63494.mp4,winter,1965,features_cache/63494.pt
WLASL/videos/63503.mp4,winter,1965,features_cache/63503.pt
WLASL/videos/63504.mp4,winter,1965,features_cache/63504.pt
WLASL/videos/63496.mp4,winter,1965,features_cache/63496.pt
WLASL/videos/63499.mp4,winter,1965,features_cache/63499.pt
WLASL/videos/63500.mp4,winter,1965,features_cache/63500.pt
WLASL/videos/63502.mp4,winter,1965,features_cache/63502.pt
WLASL/videos/63605.mp4,without,1969,features_cache/63605.pt
WLASL/videos/63615.mp4,without,1969,features_cache/63615.pt
WLASL/videos/66796.mp4,without,1969,features_cache/66796.pt
WLASL/videos/63608.mp4,without,1969,features_cache/63608.pt
WLASL/videos/63610.mp4,without,1969,features_cache/63610.pt
WLASL/videos/63611.mp4,without,1969,features_cache/63611.pt
WLASL/videos/63613.mp4,without,1969,features_cache/63613.pt
WLASL/videos/63650.mp4,wolf,1971,features_cache/63650.pt
WLASL/videos/66797.mp4,wolf,1971,features_cache/66797.pt
WLASL/videos/63653.mp4,wolf,1971,features_cache/63653.pt
WLASL/videos/63654.mp4,wolf,1971,features_cache/63654.pt
WLASL/videos/63656.mp4,wolf,1971,features_cache/63656.pt
WLASL/videos/63657.mp4,wolf,1971,features_cache/63657.pt
WLASL/videos/63659.mp4,wolf,1971,features_cache/63659.pt
WLASL/videos/69541.mp4,worm,1981,features_cache/69541.pt
WLASL/videos/66808.mp4,worm,1981,features_cache/66808.pt
WLASL/videos/67005.mp4,worm,1981,features_cache/67005.pt
WLASL/videos/63851.mp4,worm,1981,features_cache/63851.pt
WLASL/videos/63853.mp4,worm,1981,features_cache/63853.pt
WLASL/videos/63854.mp4,worm,1981,features_cache/63854.pt
WLASL/videos/63856.mp4,worm,1981,features_cache/63856.pt
WLASL/videos/64041.mp4,wristwatch,1988,features_cache/64041.pt
WLASL/videos/66814.mp4,wristwatch,1988,features_cache/66814.pt
WLASL/videos/67007.mp4,wristwatch,1988,features_cache/67007.pt
WLASL/videos/64043.mp4,wristwatch,1988,features_cache/64043.pt
WLASL/videos/64045.mp4,wristwatch,1988,features_cache/64045.pt
WLASL/videos/64046.mp4,wristwatch,1988,features_cache/64046.pt
WLASL/videos/64048.mp4,wristwatch,1988,features_cache/64048.pt
WLASL/videos/64444.mp4,yourself,1998,features_cache/64444.pt
WLASL/videos/64450.mp4,yourself,1998,features_cache/64450.pt
WLASL/videos/64451.mp4,yourself,1998,features_cache/64451.pt
WLASL/videos/64456.mp4,yourself,1998,features_cache/64456.pt
WLASL/videos/64446.mp4,yourself,1998,features_cache/64446.pt
WLASL/videos/64447.mp4,yourself,1998,features_cache/64447.pt
WLASL/videos/64449.mp4,yourself,1998,features_cache/64449.pt
WLASL/videos/00429.mp4,above,5,features_cache/00429.pt
WLASL/videos/70167.mp4,above,5,features_cache/70167.pt
WLASL/videos/65004.mp4,above,5,features_cache/65004.pt
WLASL/videos/00430.mp4,above,5,features_cache/00430.pt
WLASL/videos/00433.mp4,above,5,features_cache/00433.pt
WLASL/videos/00435.mp4,above,5,features_cache/00435.pt
WLASL/videos/00662.mp4,accomplish,9,features_cache/00662.pt
WLASL/videos/65010.mp4,accomplish,9,features_cache/65010.pt
WLASL/videos/67343.mp4,accomplish,9,features_cache/67343.pt
WLASL/videos/00663.mp4,accomplish,9,features_cache/00663.pt
WLASL/videos/00666.mp4,accomplish,9,features_cache/00666.pt
WLASL/videos/00668.mp4,accomplish,9,features_cache/00668.pt
WLASL/videos/01149.mp4,adopt,24,features_cache/01149.pt
WLASL/videos/68958.mp4,adopt,24,features_cache/68958.pt
WLASL/videos/65022.mp4,adopt,24,features_cache/65022.pt
WLASL/videos/01157.mp4,adopt,24,features_cache/01157.pt
WLASL/videos/01160.mp4,adopt,24,features_cache/01160.pt
WLASL/videos/01162.mp4,adopt,24,features_cache/01162.pt
WLASL/videos/01242.mp4,advantage,27,features_cache/01242.pt
WLASL/videos/01251.mp4,advantage,27,features_cache/01251.pt
WLASL/videos/65025.mp4,advantage,27,features_cache/65025.pt
WLASL/videos/01252.mp4,advantage,27,features_cache/01252.pt
WLASL/videos/01247.mp4,advantage,27,features_cache/01247.pt
WLASL/videos/01249.mp4,advantage,27,features_cache/01249.pt
WLASL/videos/02143.mp4,alphabet,55,features_cache/02143.pt
WLASL/videos/02151.mp4,alphabet,55,features_cache/02151.pt
WLASL/videos/65058.mp4,alphabet,55,features_cache/65058.pt
WLASL/videos/67359.mp4,alphabet,55,features_cache/67359.pt
WLASL/videos/02147.mp4,alphabet,55,features_cache/02147.pt
WLASL/videos/02150.mp4,alphabet,55,features_cache/02150.pt
WLASL/videos/02607.mp4,anniversary,69,features_cache/02607.pt
WLASL/videos/02609.mp4,anniversary,69,features_cache/02609.pt
WLASL/videos/02610.mp4,anniversary,69,features_cache/02610.pt
WLASL/videos/02611.mp4,anniversary,69,features_cache/02611.pt
WLASL/videos/02614.mp4,anniversary,69,features_cache/02614.pt
WLASL/videos/02616.mp4,anniversary,69,features_cache/02616.pt
WLASL/videos/02696.mp4,another,72,features_cache/02696.pt
WLASL/videos/02705.mp4,another,72,features_cache/02705.pt
WLASL/videos/02706.mp4,another,72,features_cache/02706.pt
WLASL/videos/02697.mp4,another,72,features_cache/02697.pt
WLASL/videos/02700.mp4,another,72,features_cache/02700.pt
WLASL/videos/02702.mp4,another,72,features_cache/02702.pt
WLASL/videos/03100.mp4,appropriate,85,features_cache/03100.pt
WLASL/videos/03101.mp4,appropriate,85,features_cache/03101.pt
WLASL/videos/03102.mp4,appropriate,85,features_cache/03102.pt
WLASL/videos/03103.mp4,appropriate,85,features_cache/03103.pt
WLASL/videos/03106.mp4,appropriate,85,features_cache/03106.pt
WLASL/videos/03108.mp4,appropriate,85,features_cache/03108.pt
WLASL/videos/70258.mp4,arrogant,97,features_cache/70258.pt
WLASL/videos/03457.mp4,arrogant,97,features_cache/03457.pt
WLASL/videos/03448.mp4,arrogant,97,features_cache/03448.pt
WLASL/videos/03449.mp4,arrogant,97,features_cache/03449.pt
WLASL/videos/03452.mp4,arrogant,97,features_cache/03452.pt
WLASL/videos/03455.mp4,arrogant,97,features_cache/03455.pt
WLASL/videos/03514.mp4,artist,100,features_cache/03514.pt
WLASL/videos/03515.mp4,artist,100,features_cache/03515.pt
WLASL/videos/03516.mp4,artist,100,features_cache/03516.pt
WLASL/videos/03517.mp4,artist,100,features_cache/03517.pt
WLASL/videos/03520.mp4,artist,100,features_cache/03520.pt
WLASL/videos/03522.mp4,artist,100,features_cache/03522.pt
WLASL/videos/04579.mp4,background,136,features_cache/04579.pt
WLASL/videos/04587.mp4,background,136,features_cache/04587.pt
WLASL/videos/65122.mp4,background,136,features_cache/65122.pt
WLASL/videos/04589.mp4,background,136,features_cache/04589.pt
WLASL/videos/04581.mp4,background,136,features_cache/04581.pt
WLASL/videos/04583.mp4,background,136,features_cache/04583.pt
WLASL/videos/05667.mp4,bee,166,features_cache/05667.pt
WLASL/videos/05688.mp4,bee,166,features_cache/05688.pt
WLASL/videos/65165.mp4,bee,166,features_cache/65165.pt
WLASL/videos/05680.mp4,bee,166,features_cache/05680.pt
WLASL/videos/05685.mp4,bee,166,features_cache/05685.pt
WLASL/videos/05687.mp4,bee,166,features_cache/05687.pt
WLASL/videos/05792.mp4,behavior,171,features_cache/05792.pt
WLASL/videos/70116.mp4,behavior,171,features_cache/70116.pt
WLASL/videos/67403.mp4,behavior,171,features_cache/67403.pt
WLASL/videos/05793.mp4,behavior,171,features_cache/05793.pt
WLASL/videos/05796.mp4,behavior,171,features_cache/05796.pt
WLASL/videos/05798.mp4,behavior,171,features_cache/05798.pt
WLASL/videos/05869.mp4,bell,175,features_cache/05869.pt
WLASL/videos/05873.mp4,bell,175,features_cache/05873.pt
WLASL/videos/05874.mp4,bell,175,features_cache/05874.pt
WLASL/videos/05875.mp4,bell,175,features_cache/05875.pt
WLASL/videos/05878.mp4,bell,175,features_cache/05878.pt
WLASL/videos/05881.mp4,bell,175,features_cache/05881.pt
WLASL/videos/06346.mp4,birth,192,features_cache/06346.pt
WLASL/videos/06378.mp4,birth,192,features_cache/06378.pt
WLASL/videos/06379.mp4,birth,192,features_cache/06379.pt
WLASL/videos/65189.mp4,birth,192,features_cache/65189.pt
WLASL/videos/67412.mp4,birth,192,features_cache/67412.pt
WLASL/videos/06375.mp4,birth,192,features_cache/06375.pt
WLASL/videos/06622.mp4,bless,200,features_cache/06622.pt
WLASL/videos/65206.mp4,bless,200,features_cache/65206.pt
WLASL/videos/06625.mp4,bless,200,features_cache/06625.pt
WLASL/videos/06626.mp4,bless,200,features_cache/06626.pt
WLASL/videos/06629.mp4,bless,200,features_cache/06629.pt
WLASL/videos/06631.mp4,bless,200,features_cache/06631.pt
WLASL/videos/06723.mp4,blood,202,features_cache/06723.pt
WLASL/videos/65212.mp4,blood,202,features_cache/65212.pt
WLASL/videos/06733.mp4,blood,202,features_cache/06733.pt
WLASL/videos/67418.mp4,blood,202,features_cache/67418.pt
WLASL/videos/06736.mp4,blood,202,features_cache/06736.pt
WLASL/videos/06738.mp4,blood,202,features_cache/06738.pt
WLASL/videos/65226.mp4,boots,213,features_cache/65226.pt
WLASL/videos/07169.mp4,boots,213,features_cache/07169.pt
WLASL/videos/07170.mp4,boots,213,features_cache/07170.pt
WLASL/videos/07171.mp4,boots,213,features_cache/07171.pt
WLASL/videos/67425.mp4,boots,213,features_cache/67425.pt
WLASL/videos/07164.mp4,boots,213,features_cache/07164.pt
WLASL/videos/07574.mp4,brave,232,features_cache/07574.pt
WLASL/videos/65251.mp4,brave,232,features_cache/65251.pt
WLASL/videos/67438.mp4,brave,232,features_cache/67438.pt
WLASL/videos/07575.mp4,brave,232,features_cache/07575.pt
WLASL/videos/07578.mp4,brave,232,features_cache/07578.pt
WLASL/videos/07580.mp4,brave,232,features_cache/07580.pt
WLASL/videos/65256.mp4,breathe,237,features_cache/65256.pt
WLASL/videos/07676.mp4,breathe,237,features_cache/07676.pt
WLASL/videos/67442.mp4,breathe,237,features_cache/67442.pt
WLASL/videos/07677.mp4,breathe,237,features_cache/07677.pt
WLASL/videos/07680.mp4,breathe,237,features_cache/07680.pt
WLASL/videos/07682.mp4,breathe,237,features_cache/07682.pt
WLASL/videos/07779.mp4,bright,242,features_cache/07779.pt
WLASL/videos/07787.mp4,bright,242,features_cache/07787.pt
WLASL/videos/07788.mp4,bright,242,features_cache/07788.pt
WLASL/videos/07789.mp4,bright,242,features_cache/07789.pt
WLASL/videos/07781.mp4,bright,242,features_cache/07781.pt
WLASL/videos/07783.mp4,bright,242,features_cache/07783.pt
WLASL/videos/08166.mp4,bull,253,features_cache/08166.pt
WLASL/videos/08167.mp4,bull,253,features_cache/08167.pt
WLASL/videos/08168.mp4,bull,253,features_cache/08168.pt
WLASL/videos/08169.mp4,bull,253,features_cache/08169.pt
WLASL/videos/08172.mp4,bull,253,features_cache/08172.pt
WLASL/videos/08174.mp4,bull,253,features_cache/08174.pt
WLASL/videos/08441.mp4,butterfly,262,features_cache/08441.pt
WLASL/videos/65280.mp4,butterfly,262,features_cache/65280.pt
WLASL/videos/67454.mp4,butterfly,262,features_cache/67454.pt
WLASL/videos/08442.mp4,butterfly,262,features_cache/08442.pt
WLASL/videos/08445.mp4,butterfly,262,features_cache/08445.pt
WLASL/videos/08447.mp4,butterfly,262,features_cache/08447.pt
WLASL/videos/65304.mp4,card,291,features_cache/65304.pt
WLASL/videos/09130.mp4,card,291,features_cache/09130.pt
WLASL/videos/09131.mp4,card,291,features_cache/09131.pt
WLASL/videos/09137.mp4,card,291,features_cache/09137.pt
WLASL/videos/09127.mp4,card,291,features_cache/09127.pt
WLASL/videos/09129.mp4,card,291,features_cache/09129.pt
WLASL/videos/09487.mp4,category,301,features_cache/09487.pt
WLASL/videos/09488.mp4,category,301,features_cache/09488.pt
WLASL/videos/09489.mp4,category,301,features_cache/09489.pt
WLASL/videos/09490.mp4,category,301,features_cache/09490.pt
WLASL/videos/09493.mp4,category,301,features_cache/09493.pt
WLASL/videos/09495.mp4,category,301,features_cache/09495.pt
WLASL/videos/09517.mp4,catholic,303,features_cache/09517.pt
WLASL/videos/65316.mp4,catholic,303,features_cache/65316.pt
WLASL/videos/67478.mp4,catholic,303,features_cache/67478.pt
WLASL/videos/09518.mp4,catholic,303,features_cache/09518.pt
WLASL/videos/09521.mp4,catholic,303,features_cache/09521.pt
WLASL/videos/09523.mp4,catholic,303,features_cache/09523.pt
WLASL/videos/65323.mp4,cent,308,features_cache/65323.pt
WLASL/videos/09735.mp4,cent,308,features_cache/09735.pt
WLASL/videos/09736.mp4,cent,308,features_cache/09736.pt
WLASL/videos/09737.mp4,cent,308,features_cache/09737.pt
WLASL/videos/09740.mp4,cent,308,features_cache/09740.pt
WLASL/videos/09742.mp4,cent,308,features_cache/09742.pt
WLASL/videos/10305.mp4,chemistry,328,features_cache/10305.pt
WLASL/videos/10308.mp4,chemistry,328,features_cache/10308.pt
WLASL/videos/10309.mp4,chemistry,328,features_cache/10309.pt
WLASL/videos/10310.mp4,chemistry,328,features_cache/10310.pt
WLASL/videos/10313.mp4,chemistry,328,features_cache/10313.pt
WLASL/videos/10315.mp4,chemistry,328,features_cache/10315.pt
WLASL/videos/10335.mp4,cherry,329,features_cache/10335.pt
WLASL/videos/10345.mp4,cherry,329,features_cache/10345.pt
WLASL/videos/65347.mp4,cherry,329,features_cache/65347.pt
WLASL/videos/10337.mp4,cherry,329,features_cache/10337.pt
WLASL/videos/10340.mp4,cherry,329,features_cache/10340.pt
WLASL/videos/10344.mp4,cherry,329,features_cache/10344.pt
WLASL/videos/10514.mp4,china,334,features_cache/10514.pt
WLASL/videos/10524.mp4,china,334,features_cache/10524.pt
WLASL/videos/10525.mp4,china,334,features_cache/10525.pt
WLASL/videos/10516.mp4,china,334,features_cache/10516.pt
WLASL/videos/10517.mp4,china,334,features_cache/10517.pt
WLASL/videos/10520.mp4,china,334,features_cache/10520.pt
WLASL/videos/65355.mp4,chop,340,features_cache/65355.pt
WLASL/videos/10652.mp4,chop,340,features_cache/10652.pt
WLASL/videos/10645.mp4,chop,340,features_cache/10645.pt
WLASL/videos/10655.mp4,chop,340,features_cache/10655.pt
WLASL/videos/10647.mp4,chop,340,features_cache/10647.pt
WLASL/videos/10650.mp4,chop,340,features_cache/10650.pt
WLASL/videos/10685.mp4,christian,342,features_cache/10685.pt
WLASL/videos/65356.mp4,christian,342,features_cache/65356.pt
WLASL/videos/10686.mp4,christian,342,features_cache/10686.pt
WLASL/videos/10687.mp4,christian,342,features_cache/10687.pt
WLASL/videos/10690.mp4,christian,342,features_cache/10690.pt
WLASL/videos/10693.mp4,christian,342,features_cache/10693.pt
WLASL/videos/65359.mp4,cigarette,345,features_cache/65359.pt
WLASL/videos/10786.mp4,cigarette,345,features_cache/10786.pt
WLASL/videos/67500.mp4,cigarette,345,features_cache/67500.pt
WLASL/videos/10787.mp4,cigarette,345,features_cache/10787.pt
WLASL/videos/10790.mp4,cigarette,345,features_cache/10790.pt
WLASL/videos/10792.mp4,cigarette,345,features_cache/10792.pt
WLASL/videos/11087.mp4,clever,352,features_cache/11087.pt
WLASL/videos/11088.mp4,clever,352,features_cache/11088.pt
WLASL/videos/11089.mp4,clever,352,features_cache/11089.pt
WLASL/videos/11090.mp4,clever,352,features_cache/11090.pt
WLASL/videos/11094.mp4,clever,352,features_cache/11094.pt
WLASL/videos/11096.mp4,clever,352,features_cache/11096.pt
WLASL/videos/11376.mp4,clown,360,features_cache/11376.pt
WLASL/videos/65372.mp4,clown,360,features_cache/65372.pt
WLASL/videos/11379.mp4,clown,360,features_cache/11379.pt
WLASL/videos/67507.mp4,clown,360,features_cache/67507.pt
WLASL/videos/11382.mp4,clown,360,features_cache/11382.pt
WLASL/videos/11384.mp4,clown,360,features_cache/11384.pt
WLASL/videos/11436.mp4,coach,363,features_cache/11436.pt
WLASL/videos/11437.mp4,coach,363,features_cache/11437.pt
WLASL/videos/11438.mp4,coach,363,features_cache/11438.pt
WLASL/videos/11439.mp4,coach,363,features_cache/11439.pt
WLASL/videos/11442.mp4,coach,363,features_cache/11442.pt
WLASL/videos/11444.mp4,coach,363,features_cache/11444.pt
WLASL/videos/69271.mp4,coat,364,features_cache/69271.pt
WLASL/videos/11470.mp4,coat,364,features_cache/11470.pt
WLASL/videos/70251.mp4,coat,364,features_cache/70251.pt
WLASL/videos/11471.mp4,coat,364,features_cache/11471.pt
WLASL/videos/11474.mp4,coat,364,features_cache/11474.pt
WLASL/videos/11476.mp4,coat,364,features_cache/11476.pt
WLASL/videos/11497.mp4,cochlear implant,365,features_cache/11497.pt
WLASL/videos/65373.mp4,cochlear implant,365,features_cache/65373.pt
WLASL/videos/11498.mp4,cochlear implant,365,features_cache/11498.pt
WLASL/videos/11499.mp4,cochlear implant,365,features_cache/11499.pt
WLASL/videos/11502.mp4,cochlear implant,365,features_cache/11502.pt
WLASL/videos/11504.mp4,cochlear implant,365,features_cache/11504.pt
WLASL/videos/65374.mp4,coconut,366,features_cache/65374.pt
WLASL/videos/11527.mp4,coconut,366,features_cache/11527.pt
WLASL/videos/67509.mp4,coconut,366,features_cache/67509.pt
WLASL/videos/11528.mp4,coconut,366,features_cache/11528.pt
WLASL/videos/11532.mp4,coconut,366,features_cache/11532.pt
WLASL/videos/11534.mp4,coconut,366,features_cache/11534.pt
WLASL/videos/12011.mp4,common,381,features_cache/12011.pt
WLASL/videos/69276.mp4,common,381,features_cache/69276.pt
WLASL/videos/12013.mp4,common,381,features_cache/12013.pt
WLASL/videos/12014.mp4,common,381,features_cache/12014.pt
WLASL/videos/12017.mp4,common,381,features_cache/12017.pt
WLASL/videos/12020.mp4,common,381,features_cache/12020.pt
WLASL/videos/12071.mp4,commute,384,features_cache/12071.pt
WLASL/videos/12072.mp4,commute,384,features_cache/12072.pt
WLASL/videos/12073.mp4,commute,384,features_cache/12073.pt
WLASL/videos/12074.mp4,commute,384,features_cache/12074.pt
WLASL/videos/12077.mp4,commute,384,features_cache/12077.pt
WLASL/videos/12079.mp4,commute,384,features_cache/12079.pt
WLASL/videos/13040.mp4,control,412,features_cache/13040.pt
WLASL/videos/13042.mp4,control,412,features_cache/13042.pt
WLASL/videos/13043.mp4,control,412,features_cache/13043.pt
WLASL/videos/13044.mp4,control,412,features_cache/13044.pt
WLASL/videos/13047.mp4,control,412,features_cache/13047.pt
WLASL/videos/13049.mp4,control,412,features_cache/13049.pt
WLASL/videos/13513.mp4,count,430,features_cache/13513.pt
WLASL/videos/65413.mp4,count,430,features_cache/65413.pt
WLASL/videos/13530.mp4,count,430,features_cache/13530.pt
WLASL/videos/13531.mp4,count,430,features_cache/13531.pt
WLASL/videos/13534.mp4,count,430,features_cache/13534.pt
WLASL/videos/13536.mp4,count,430,features_cache/13536.pt
WLASL/videos/14253.mp4,culture,449,features_cache/14253.pt
WLASL/videos/14257.mp4,culture,449,features_cache/14257.pt
WLASL/videos/14261.mp4,culture,449,features_cache/14261.pt
WLASL/videos/65428.mp4,culture,449,features_cache/65428.pt
WLASL/videos/14266.mp4,culture,449,features_cache/14266.pt
WLASL/videos/14254.mp4,culture,449,features_cache/14254.pt
WLASL/videos/65433.mp4,daily,460,features_cache/65433.pt
WLASL/videos/14577.mp4,daily,460,features_cache/14577.pt
WLASL/videos/14578.mp4,daily,460,features_cache/14578.pt
WLASL/videos/14579.mp4,daily,460,features_cache/14579.pt
WLASL/videos/14582.mp4,daily,460,features_cache/14582.pt
WLASL/videos/14584.mp4,daily,460,features_cache/14584.pt
WLASL/videos/15209.mp4,defend,484,features_cache/15209.pt
WLASL/videos/70161.mp4,defend,484,features_cache/70161.pt
WLASL/videos/15213.mp4,defend,484,features_cache/15213.pt
WLASL/videos/15214.mp4,defend,484,features_cache/15214.pt
WLASL/videos/15217.mp4,defend,484,features_cache/15217.pt
WLASL/videos/15219.mp4,defend,484,features_cache/15219.pt
WLASL/videos/15292.mp4,degree,485,features_cache/15292.pt
WLASL/videos/15300.mp4,degree,485,features_cache/15300.pt
WLASL/videos/65454.mp4,degree,485,features_cache/65454.pt
WLASL/videos/15302.mp4,degree,485,features_cache/15302.pt
WLASL/videos/15295.mp4,degree,485,features_cache/15295.pt
WLASL/videos/15297.mp4,degree,485,features_cache/15297.pt
WLASL/videos/15473.mp4,demonstrate,491,features_cache/15473.pt
WLASL/videos/15474.mp4,demonstrate,491,features_cache/15474.pt
WLASL/videos/15475.mp4,demonstrate,491,features_cache/15475.pt
WLASL/videos/15476.mp4,demonstrate,491,features_cache/15476.pt
WLASL/videos/15479.mp4,demonstrate,491,features_cache/15479.pt
WLASL/videos/15481.mp4,demonstrate,491,features_cache/15481.pt
WLASL/videos/15576.mp4,department,495,features_cache/15576.pt
WLASL/videos/15584.mp4,department,495,features_cache/15584.pt
WLASL/videos/15585.mp4,department,495,features_cache/15585.pt
WLASL/videos/65464.mp4,department,495,features_cache/65464.pt
WLASL/videos/15577.mp4,department,495,features_cache/15577.pt
WLASL/videos/15581.mp4,department,495,features_cache/15581.pt
WLASL/videos/16155.mp4,die,517,features_cache/16155.pt
WLASL/videos/16167.mp4,die,517,features_cache/16167.pt
WLASL/videos/16168.mp4,die,517,features_cache/16168.pt
WLASL/videos/65479.mp4,die,517,features_cache/65479.pt
WLASL/videos/16162.mp4,die,517,features_cache/16162.pt
WLASL/videos/16165.mp4,die,517,features_cache/16165.pt
WLASL/videos/16225.mp4,dig,520,features_cache/16225.pt
WLASL/videos/16239.mp4,dig,520,features_cache/16239.pt
WLASL/videos/16231.mp4,dig,520,features_cache/16231.pt
WLASL/videos/16241.mp4,dig,520,features_cache/16241.pt
WLASL/videos/16236.mp4,dig,520,features_cache/16236.pt
WLASL/videos/16238.mp4,dig,520,features_cache/16238.pt
WLASL/videos/16330.mp4,dinner,523,features_cache/16330.pt
WLASL/videos/16322.mp4,dinner,523,features_cache/16322.pt
WLASL/videos/16323.mp4,dinner,523,features_cache/16323.pt
WLASL/videos/16324.mp4,dinner,523,features_cache/16324.pt
WLASL/videos/16327.mp4,dinner,523,features_cache/16327.pt
WLASL/videos/16329.mp4,dinner,523,features_cache/16329.pt
WLASL/videos/16332.mp4,dinosaur,524,features_cache/16332.pt
WLASL/videos/65483.mp4,dinosaur,524,features_cache/65483.pt
WLASL/videos/67570.mp4,dinosaur,524,features_cache/67570.pt
WLASL/videos/16342.mp4,dinosaur,524,features_cache/16342.pt
WLASL/videos/16335.mp4,dinosaur,524,features_cache/16335.pt
WLASL/videos/16337.mp4,dinosaur,524,features_cache/16337.pt
WLASL/videos/16350.mp4,diploma,525,features_cache/16350.pt
WLASL/videos/16351.mp4,diploma,525,features_cache/16351.pt
WLASL/videos/16352.mp4,diploma,525,features_cache/16352.pt
WLASL/videos/16353.mp4,diploma,525,features_cache/16353.pt
WLASL/videos/16356.mp4,diploma,525,features_cache/16356.pt
WLASL/videos/16358.mp4,diploma,525,features_cache/16358.pt
WLASL/videos/16382.mp4,director,526,features_cache/16382.pt
WLASL/videos/65484.mp4,director,526,features_cache/65484.pt
WLASL/videos/16383.mp4,director,526,features_cache/16383.pt
WLASL/videos/16384.mp4,director,526,features_cache/16384.pt
WLASL/videos/16387.mp4,director,526,features_cache/16387.pt
WLASL/videos/16389.mp4,director,526,features_cache/16389.pt
WLASL/videos/65489.mp4,disconnect,532,features_cache/65489.pt
WLASL/videos/65488.mp4,disconnect,532,features_cache/65488.pt
WLASL/videos/16525.mp4,disconnect,532,features_cache/16525.pt
WLASL/videos/16526.mp4,disconnect,532,features_cache/16526.pt
WLASL/videos/16529.mp4,disconnect,532,features_cache/16529.pt
WLASL/videos/16531.mp4,disconnect,532,features_cache/16531.pt
WLASL/videos/16560.mp4,discover,534,features_cache/16560.pt
WLASL/videos/16561.mp4,discover,534,features_cache/16561.pt
WLASL/videos/16562.mp4,discover,534,features_cache/16562.pt
WLASL/videos/16563.mp4,discover,534,features_cache/16563.pt
WLASL/videos/16567.mp4,discover,534,features_cache/16567.pt
WLASL/videos/16569.mp4,discover,534,features_cache/16569.pt
WLASL/videos/65518.mp4,don't want,552,features_cache/65518.pt
WLASL/videos/17298.mp4,don't want,552,features_cache/17298.pt
WLASL/videos/17300.mp4,don't want,552,features_cache/17300.pt
WLASL/videos/68356.mp4,don't want,552,features_cache/68356.pt
WLASL/videos/17302.mp4,don't want,552,features_cache/17302.pt
WLASL/videos/17306.mp4,don't want,552,features_cache/17306.pt
WLASL/videos/17895.mp4,drum,572,features_cache/17895.pt
WLASL/videos/69303.mp4,drum,572,features_cache/69303.pt
WLASL/videos/65547.mp4,drum,572,features_cache/65547.pt
WLASL/videos/67597.mp4,drum,572,features_cache/67597.pt
WLASL/videos/17898.mp4,drum,572,features_cache/17898.pt
WLASL/videos/17900.mp4,drum,572,features_cache/17900.pt
WLASL/videos/18108.mp4,each,585,features_cache/18108.pt
WLASL/videos/18117.mp4,each,585,features_cache/18117.pt
WLASL/videos/18118.mp4,each,585,features_cache/18118.pt
WLASL/videos/18109.mp4,each,585,features_cache/18109.pt
WLASL/videos/18113.mp4,each,585,features_cache/18113.pt
WLASL/videos/18116.mp4,each,585,features_cache/18116.pt
WLASL/videos/18413.mp4,educate,598,features_cache/18413.pt
WLASL/videos/18415.mp4,educate,598,features_cache/18415.pt
WLASL/videos/18416.mp4,educate,598,features_cache/18416.pt
WLASL/videos/18417.mp4,educate,598,features_cache/18417.pt
WLASL/videos/18420.mp4,educate,598,features_cache/18420.pt
WLASL/videos/18422.mp4,educate,598,features_cache/18422.pt
WLASL/videos/18719.mp4,electrician,606,features_cache/18719.pt
WLASL/videos/65618.mp4,electrician,606,features_cache/65618.pt
WLASL/videos/67615.mp4,electrician,606,features_cache/67615.pt
WLASL/videos/18720.mp4,electrician,606,features_cache/18720.pt
WLASL/videos/18724.mp4,electrician,606,features_cache/18724.pt
WLASL/videos/18726.mp4,electrician,606,features_cache/18726.pt
WLASL/videos/19044.mp4,empty,616,features_cache/19044.pt
WLASL/videos/19056.mp4,empty,616,features_cache/19056.pt
WLASL/videos/19057.mp4,empty,616,features_cache/19057.pt
WLASL/videos/65627.mp4,empty,616,features_cache/65627.pt
WLASL/videos/19053.mp4,empty,616,features_cache/19053.pt
WLASL/videos/19055.mp4,empty,616,features_cache/19055.pt
WLASL/videos/19218.mp4,england,624,features_cache/19218.pt
WLASL/videos/19226.mp4,england,624,features_cache/19226.pt
WLASL/videos/19227.mp4,england,624,features_cache/19227.pt
WLASL/videos/19228.mp4,england,624,features_cache/19228.pt
WLASL/videos/19223.mp4,england,624,features_cache/19223.pt
WLASL/videos/19225.mp4,england,624,features_cache/19225.pt
WLASL/videos/19611.mp4,establish,636,features_cache/19611.pt
WLASL/videos/19614.mp4,establish,636,features_cache/19614.pt
WLASL/videos/19615.mp4,establish,636,features_cache/19615.pt
WLASL/videos/19616.mp4,establish,636,features_cache/19616.pt
WLASL/videos/19620.mp4,establish,636,features_cache/19620.pt
WLASL/videos/19622.mp4,establish,636,features_cache/19622.pt
WLASL/videos/20197.mp4,excuse,654,features_cache/20197.pt
WLASL/videos/65656.mp4,excuse,654,features_cache/65656.pt
WLASL/videos/67633.mp4,excuse,654,features_cache/67633.pt
WLASL/videos/20198.mp4,excuse,654,features_cache/20198.pt
WLASL/videos/20201.mp4,excuse,654,features_cache/20201.pt
WLASL/videos/20203.mp4,excuse,654,features_cache/20203.pt
WLASL/videos/20621.mp4,eyeglasses,667,features_cache/20621.pt
WLASL/videos/20629.mp4,eyeglasses,667,features_cache/20629.pt
WLASL/videos/20630.mp4,eyeglasses,667,features_cache/20630.pt
WLASL/videos/67638.mp4,eyeglasses,667,features_cache/67638.pt
WLASL/videos/20623.mp4,eyeglasses,667,features_cache/20623.pt
WLASL/videos/20626.mp4,eyeglasses,667,features_cache/20626.pt
WLASL/videos/20765.mp4,faculty,672,features_cache/20765.pt
WLASL/videos/65671.mp4,faculty,672,features_cache/65671.pt
WLASL/videos/20766.mp4,faculty,672,features_cache/20766.pt
WLASL/videos/20767.mp4,faculty,672,features_cache/20767.pt
WLASL/videos/20770.mp4,faculty,672,features_cache/20770.pt
WLASL/videos/20772.mp4,faculty,672,features_cache/20772.pt
WLASL/videos/20922.mp4,fall in love,676,features_cache/20922.pt
WLASL/videos/68234.mp4,fall in love,676,features_cache/68234.pt
WLASL/videos/20923.mp4,fall in love,676,features_cache/20923.pt
WLASL/videos/20924.mp4,fall in love,676,features_cache/20924.pt
WLASL/videos/20928.mp4,fall in love,676,features_cache/20928.pt
WLASL/videos/20931.mp4,fall in love,676,features_cache/20931.pt
WLASL/videos/21008.mp4,famous,679,features_cache/21008.pt
WLASL/videos/65678.mp4,famous,679,features_cache/65678.pt
WLASL/videos/21009.mp4,famous,679,features_cache/21009.pt
WLASL/videos/21010.mp4,famous,679,features_cache/21010.pt
WLASL/videos/21013.mp4,famous,679,features_cache/21013.pt
WLASL/videos/21015.mp4,famous,679,features_cache/21015.pt
WLASL/videos/69317.mp4,farm,682,features_cache/69317.pt
WLASL/videos/21100.mp4,farm,682,features_cache/21100.pt
WLASL/videos/21101.mp4,farm,682,features_cache/21101.pt
WLASL/videos/21103.mp4,farm,682,features_cache/21103.pt
WLASL/videos/21106.mp4,farm,682,features_cache/21106.pt
WLASL/videos/21099.mp4,farm,682,features_cache/21099.pt
WLASL/videos/21486.mp4,fence,695,features_cache/21486.pt
WLASL/videos/65699.mp4,fence,695,features_cache/65699.pt
WLASL/videos/21496.mp4,fence,695,features_cache/21496.pt
WLASL/videos/21487.mp4,fence,695,features_cache/21487.pt
WLASL/videos/21490.mp4,fence,695,features_cache/21490.pt
WLASL/videos/21492.mp4,fence,695,features_cache/21492.pt
WLASL/videos/69327.mp4,fix,712,features_cache/69327.pt
WLASL/videos/68946.mp4,fix,712,features_cache/68946.pt
WLASL/videos/22247.mp4,fix,712,features_cache/22247.pt
WLASL/videos/22238.mp4,fix,712,features_cache/22238.pt
WLASL/videos/22239.mp4,fix,712,features_cache/22239.pt
WLASL/videos/22242.mp4,fix,712,features_cache/22242.pt
WLASL/videos/22408.mp4,flexible,715,features_cache/22408.pt
WLASL/videos/22409.mp4,flexible,715,features_cache/22409.pt
WLASL/videos/22410.mp4,flexible,715,features_cache/22410.pt
WLASL/videos/22411.mp4,flexible,715,features_cache/22411.pt
WLASL/videos/22414.mp4,flexible,715,features_cache/22414.pt
WLASL/videos/22416.mp4,flexible,715,features_cache/22416.pt
WLASL/videos/22453.mp4,flirt,716,features_cache/22453.pt
WLASL/videos/65744.mp4,flirt,716,features_cache/65744.pt
WLASL/videos/22455.mp4,flirt,716,features_cache/22455.pt
WLASL/videos/22456.mp4,flirt,716,features_cache/22456.pt
WLASL/videos/22459.mp4,flirt,716,features_cache/22459.pt
WLASL/videos/22462.mp4,flirt,716,features_cache/22462.pt
WLASL/videos/22479.mp4,flood,717,features_cache/22479.pt
WLASL/videos/22488.mp4,flood,717,features_cache/22488.pt
WLASL/videos/22489.mp4,flood,717,features_cache/22489.pt
WLASL/videos/22481.mp4,flood,717,features_cache/22481.pt
WLASL/videos/22485.mp4,flood,717,features_cache/22485.pt
WLASL/videos/22487.mp4,flood,717,features_cache/22487.pt
WLASL/videos/23002.mp4,fork,734,features_cache/23002.pt
WLASL/videos/70319.mp4,fork,734,features_cache/70319.pt
WLASL/videos/23011.mp4,fork,734,features_cache/23011.pt
WLASL/videos/23012.mp4,fork,734,features_cache/23012.pt
WLASL/videos/23006.mp4,fork,734,features_cache/23006.pt
WLASL/videos/23009.mp4,fork,734,features_cache/23009.pt
WLASL/videos/69333.mp4,four,737,features_cache/69333.pt
WLASL/videos/65768.mp4,four,737,features_cache/65768.pt
WLASL/videos/23199.mp4,four,737,features_cache/23199.pt
WLASL/videos/67683.mp4,four,737,features_cache/67683.pt
WLASL/videos/23202.mp4,four,737,features_cache/23202.pt
WLASL/videos/23205.mp4,four,737,features_cache/23205.pt
WLASL/videos/23799.mp4,fun,755,features_cache/23799.pt
WLASL/videos/69338.mp4,fun,755,features_cache/69338.pt
WLASL/videos/23859.mp4,fun,755,features_cache/23859.pt
WLASL/videos/65793.mp4,fun,755,features_cache/65793.pt
WLASL/videos/23853.mp4,fun,755,features_cache/23853.pt
WLASL/videos/23857.mp4,fun,755,features_cache/23857.pt
WLASL/videos/23838.mp4,funeral,757,features_cache/23838.pt
WLASL/videos/23840.mp4,funeral,757,features_cache/23840.pt
WLASL/videos/23841.mp4,funeral,757,features_cache/23841.pt
WLASL/videos/23842.mp4,funeral,757,features_cache/23842.pt
WLASL/videos/23845.mp4,funeral,757,features_cache/23845.pt
WLASL/videos/23847.mp4,funeral,757,features_cache/23847.pt
WLASL/videos/23900.mp4,furniture,759,features_cache/23900.pt
WLASL/videos/70044.mp4,furniture,759,features_cache/70044.pt
WLASL/videos/23906.mp4,furniture,759,features_cache/23906.pt
WLASL/videos/23907.mp4,furniture,759,features_cache/23907.pt
WLASL/videos/23910.mp4,furniture,759,features_cache/23910.pt
WLASL/videos/23902.mp4,furniture,759,features_cache/23902.pt
WLASL/videos/23986.mp4,gallaudet,762,features_cache/23986.pt
WLASL/videos/65799.mp4,gallaudet,762,features_cache/65799.pt
WLASL/videos/67701.mp4,gallaudet,762,features_cache/67701.pt
WLASL/videos/23987.mp4,gallaudet,762,features_cache/23987.pt
WLASL/videos/23991.mp4,gallaudet,762,features_cache/23991.pt
WLASL/videos/23993.mp4,gallaudet,762,features_cache/23993.pt
WLASL/videos/24249.mp4,general,771,features_cache/24249.pt
WLASL/videos/24258.mp4,general,771,features_cache/24258.pt
WLASL/videos/24259.mp4,general,771,features_cache/24259.pt
WLASL/videos/24250.mp4,general,771,features_cache/24250.pt
WLASL/videos/24253.mp4,general,771,features_cache/24253.pt
WLASL/videos/24257.mp4,general,771,features_cache/24257.pt
WLASL/videos/24514.mp4,ghost,779,features_cache/24514.pt
WLASL/videos/65815.mp4,ghost,779,features_cache/65815.pt
WLASL/videos/24515.mp4,ghost,779,features_cache/24515.pt
WLASL/videos/24516.mp4,ghost,779,features_cache/24516.pt
WLASL/videos/24519.mp4,ghost,779,features_cache/24519.pt
WLASL/videos/24522.mp4,ghost,779,features_cache/24522.pt
WLASL/videos/24679.mp4,give up,785,features_cache/24679.pt
WLASL/videos/65820.mp4,give up,785,features_cache/65820.pt
WLASL/videos/24680.mp4,give up,785,features_cache/24680.pt
WLASL/videos/24681.mp4,give up,785,features_cache/24681.pt
WLASL/videos/24685.mp4,give up,785,features_cache/24685.pt
WLASL/videos/24687.mp4,give up,785,features_cache/24687.pt
WLASL/videos/69344.mp4,glass,786,features_cache/69344.pt
WLASL/videos/65821.mp4,glass,786,features_cache/65821.pt
WLASL/videos/24741.mp4,glass,786,features_cache/24741.pt
WLASL/videos/24734.mp4,glass,786,features_cache/24734.pt
WLASL/videos/24746.mp4,glass,786,features_cache/24746.pt
WLASL/videos/24736.mp4,glass,786,features_cache/24736.pt
WLASL/videos/25166.mp4,gorilla,798,features_cache/25166.pt
WLASL/videos/25174.mp4,gorilla,798,features_cache/25174.pt
WLASL/videos/65838.mp4,gorilla,798,features_cache/65838.pt
WLASL/videos/67720.mp4,gorilla,798,features_cache/67720.pt
WLASL/videos/25170.mp4,gorilla,798,features_cache/25170.pt
WLASL/videos/25172.mp4,gorilla,798,features_cache/25172.pt
WLASL/videos/25568.mp4,gray,811,features_cache/25568.pt
WLASL/videos/70248.mp4,gray,811,features_cache/70248.pt
WLASL/videos/25578.mp4,gray,811,features_cache/25578.pt
WLASL/videos/65852.mp4,gray,811,features_cache/65852.pt
WLASL/videos/25573.mp4,gray,811,features_cache/25573.pt
WLASL/videos/25576.mp4,gray,811,features_cache/25576.pt
WLASL/videos/25939.mp4,guide,820,features_cache/25939.pt
WLASL/videos/25941.mp4,guide,820,features_cache/25941.pt
WLASL/videos/25942.mp4,guide,820,features_cache/25942.pt
WLASL/videos/25943.mp4,guide,820,features_cache/25943.pt
WLASL/videos/25946.mp4,guide,820,features_cache/25946.pt
WLASL/videos/25948.mp4,guide,820,features_cache/25948.pt
WLASL/videos/26079.mp4,habit,827,features_cache/26079.pt
WLASL/videos/26082.mp4,habit,827,features_cache/26082.pt
WLASL/videos/26083.mp4,habit,827,features_cache/26083.pt
WLASL/videos/26084.mp4,habit,827,features_cache/26084.pt
WLASL/videos/26087.mp4,habit,827,features_cache/26087.pt
WLASL/videos/26089.mp4,habit,827,features_cache/26089.pt
WLASL/videos/26906.mp4,health,846,features_cache/26906.pt
WLASL/videos/26914.mp4,health,846,features_cache/26914.pt
WLASL/videos/67749.mp4,health,846,features_cache/67749.pt
WLASL/videos/26915.mp4,health,846,features_cache/26915.pt
WLASL/videos/26918.mp4,health,846,features_cache/26918.pt
WLASL/videos/26921.mp4,health,846,features_cache/26921.pt
WLASL/videos/26958.mp4,hearing aid,850,features_cache/26958.pt
WLASL/videos/65885.mp4,hearing aid,850,features_cache/65885.pt
WLASL/videos/67751.mp4,hearing aid,850,features_cache/67751.pt
WLASL/videos/26959.mp4,hearing aid,850,features_cache/26959.pt
WLASL/videos/26962.mp4,hearing aid,850,features_cache/26962.pt
WLASL/videos/26965.mp4,hearing aid,850,features_cache/26965.pt
WLASL/videos/27085.mp4,heaven,853,features_cache/27085.pt
WLASL/videos/27086.mp4,heaven,853,features_cache/27086.pt
WLASL/videos/65887.mp4,heaven,853,features_cache/65887.pt
WLASL/videos/67753.mp4,heaven,853,features_cache/67753.pt
WLASL/videos/27079.mp4,heaven,853,features_cache/27079.pt
WLASL/videos/27082.mp4,heaven,853,features_cache/27082.pt
WLASL/videos/27093.mp4,heavy,854,features_cache/27093.pt
WLASL/videos/27095.mp4,heavy,854,features_cache/27095.pt
WLASL/videos/27096.mp4,heavy,854,features_cache/27096.pt
WLASL/videos/27097.mp4,heavy,854,features_cache/27097.pt
WLASL/videos/27100.mp4,heavy,854,features_cache/27100.pt
WLASL/videos/27102.mp4,heavy,854,features_cache/27102.pt
WLASL/videos/27185.mp4,helmet,857,features_cache/27185.pt
WLASL/videos/67756.mp4,helmet,857,features_cache/67756.pt
WLASL/videos/27186.mp4,helmet,857,features_cache/27186.pt
WLASL/videos/27187.mp4,helmet,857,features_cache/27187.pt
WLASL/videos/27190.mp4,helmet,857,features_cache/27190.pt
WLASL/videos/27192.mp4,helmet,857,features_cache/27192.pt
WLASL/videos/68860.mp4,hide,862,features_cache/68860.pt
WLASL/videos/27375.mp4,hide,862,features_cache/27375.pt
WLASL/videos/27376.mp4,hide,862,features_cache/27376.pt
WLASL/videos/27377.mp4,hide,862,features_cache/27377.pt
WLASL/videos/27380.mp4,hide,862,features_cache/27380.pt
WLASL/videos/27382.mp4,hide,862,features_cache/27382.pt
WLASL/videos/27432.mp4,high school,864,features_cache/27432.pt
WLASL/videos/27436.mp4,high school,864,features_cache/27436.pt
WLASL/videos/27434.mp4,high school,864,features_cache/27434.pt
WLASL/videos/67763.mp4,high school,864,features_cache/67763.pt
WLASL/videos/27439.mp4,high school,864,features_cache/27439.pt
WLASL/videos/27441.mp4,high school,864,features_cache/27441.pt
WLASL/videos/65895.mp4,hockey,871,features_cache/65895.pt
WLASL/videos/27633.mp4,hockey,871,features_cache/27633.pt
WLASL/videos/67762.mp4,hockey,871,features_cache/67762.pt
WLASL/videos/27634.mp4,hockey,871,features_cache/27634.pt
WLASL/videos/27637.mp4,hockey,871,features_cache/27637.pt
WLASL/videos/27639.mp4,hockey,871,features_cache/27639.pt
WLASL/videos/27662.mp4,hold,872,features_cache/27662.pt
WLASL/videos/27664.mp4,hold,872,features_cache/27664.pt
WLASL/videos/27665.mp4,hold,872,features_cache/27665.pt
WLASL/videos/27666.mp4,hold,872,features_cache/27666.pt
WLASL/videos/27672.mp4,hold,872,features_cache/27672.pt
WLASL/videos/27661.mp4,hold,872,features_cache/27661.pt
WLASL/videos/27821.mp4,honest,876,features_cache/27821.pt
WLASL/videos/27823.mp4,honest,876,features_cache/27823.pt
WLASL/videos/67767.mp4,honest,876,features_cache/67767.pt
WLASL/videos/27824.mp4,honest,876,features_cache/27824.pt
WLASL/videos/27827.mp4,honest,876,features_cache/27827.pt
WLASL/videos/27829.mp4,honest,876,features_cache/27829.pt
WLASL/videos/28248.mp4,hug,889,features_cache/28248.pt
WLASL/videos/65909.mp4,hug,889,features_cache/65909.pt
WLASL/videos/28260.mp4,hug,889,features_cache/28260.pt
WLASL/videos/28261.mp4,hug,889,features_cache/28261.pt
WLASL/videos/28265.mp4,hug,889,features_cache/28265.pt
WLASL/videos/28267.mp4,hug,889,features_cache/28267.pt
WLASL/videos/28386.mp4,hunt,893,features_cache/28386.pt
WLASL/videos/28396.mp4,hunt,893,features_cache/28396.pt
WLASL/videos/28397.mp4,hunt,893,features_cache/28397.pt
WLASL/videos/65912.mp4,hunt,893,features_cache/65912.pt
WLASL/videos/28391.mp4,hunt,893,features_cache/28391.pt
WLASL/videos/28395.mp4,hunt,893,features_cache/28395.pt
WLASL/videos/28875.mp4,image,906,features_cache/28875.pt
WLASL/videos/28885.mp4,image,906,features_cache/28885.pt
WLASL/videos/28886.mp4,image,906,features_cache/28886.pt
WLASL/videos/28876.mp4,image,906,features_cache/28876.pt
WLASL/videos/28879.mp4,image,906,features_cache/28879.pt
WLASL/videos/28881.mp4,image,906,features_cache/28881.pt
WLASL/videos/65939.mp4,influence,918,features_cache/65939.pt
WLASL/videos/29614.mp4,influence,918,features_cache/29614.pt
WLASL/videos/29615.mp4,influence,918,features_cache/29615.pt
WLASL/videos/29616.mp4,influence,918,features_cache/29616.pt
WLASL/videos/29619.mp4,influence,918,features_cache/29619.pt
WLASL/videos/29621.mp4,influence,918,features_cache/29621.pt
WLASL/videos/68308.mp4,interesting,930,features_cache/68308.pt
WLASL/videos/30177.mp4,interesting,930,features_cache/30177.pt
WLASL/videos/30169.mp4,interesting,930,features_cache/30169.pt
WLASL/videos/30180.mp4,interesting,930,features_cache/30180.pt
WLASL/videos/30172.mp4,interesting,930,features_cache/30172.pt
WLASL/videos/30175.mp4,interesting,930,features_cache/30175.pt
WLASL/videos/30256.mp4,interpreter,934,features_cache/30256.pt
WLASL/videos/65954.mp4,interpreter,934,features_cache/65954.pt
WLASL/videos/67795.mp4,interpreter,934,features_cache/67795.pt
WLASL/videos/30257.mp4,interpreter,934,features_cache/30257.pt
WLASL/videos/30260.mp4,interpreter,934,features_cache/30260.pt
WLASL/videos/30262.mp4,interpreter,934,features_cache/30262.pt
WLASL/videos/30559.mp4,iran,943,features_cache/30559.pt
WLASL/videos/30560.mp4,iran,943,features_cache/30560.pt
WLASL/videos/30561.mp4,iran,943,features_cache/30561.pt
WLASL/videos/30562.mp4,iran,943,features_cache/30562.pt
WLASL/videos/30565.mp4,iran,943,features_cache/30565.pt
WLASL/videos/30567.mp4,iran,943,features_cache/30567.pt
WLASL/videos/30748.mp4,italy,948,features_cache/30748.pt
WLASL/videos/30749.mp4,italy,948,features_cache/30749.pt
WLASL/videos/30752.mp4,italy,948,features_cache/30752.pt
WLASL/videos/65969.mp4,italy,948,features_cache/65969.pt
WLASL/videos/30755.mp4,italy,948,features_cache/30755.pt
WLASL/videos/30746.mp4,italy,948,features_cache/30746.pt
WLASL/videos/31092.mp4,jewish,957,features_cache/31092.pt
WLASL/videos/65979.mp4,jewish,957,features_cache/65979.pt
WLASL/videos/67806.mp4,jewish,957,features_cache/67806.pt
WLASL/videos/31093.mp4,jewish,957,features_cache/31093.pt
WLASL/videos/31096.mp4,jewish,957,features_cache/31096.pt
WLASL/videos/31098.mp4,jewish,957,features_cache/31098.pt
WLASL/videos/31251.mp4,judge,962,features_cache/31251.pt
WLASL/videos/31259.mp4,judge,962,features_cache/31259.pt
WLASL/videos/31260.mp4,judge,962,features_cache/31260.pt
WLASL/videos/67808.mp4,judge,962,features_cache/67808.pt
WLASL/videos/31264.mp4,judge,962,features_cache/31264.pt
WLASL/videos/31253.mp4,judge,962,features_cache/31253.pt
WLASL/videos/65989.mp4,key,970,features_cache/65989.pt
WLASL/videos/31571.mp4,key,970,features_cache/31571.pt
WLASL/videos/31572.mp4,key,970,features_cache/31572.pt
WLASL/videos/67813.mp4,key,970,features_cache/67813.pt
WLASL/videos/31566.mp4,key,970,features_cache/31566.pt
WLASL/videos/31569.mp4,key,970,features_cache/31569.pt
WLASL/videos/31975.mp4,label,983,features_cache/31975.pt
WLASL/videos/31984.mp4,label,983,features_cache/31984.pt
WLASL/videos/66006.mp4,label,983,features_cache/66006.pt
WLASL/videos/31976.mp4,label,983,features_cache/31976.pt
WLASL/videos/31980.mp4,label,983,features_cache/31980.pt
WLASL/videos/31983.mp4,label,983,features_cache/31983.pt
WLASL/videos/32552.mp4,leaf,1002,features_cache/32552.pt
WLASL/videos/69384.mp4,leaf,1002,features_cache/69384.pt
WLASL/videos/66021.mp4,leaf,1002,features_cache/66021.pt
WLASL/videos/32554.mp4,leaf,1002,features_cache/32554.pt
WLASL/videos/32557.mp4,leaf,1002,features_cache/32557.pt
WLASL/videos/32559.mp4,leaf,1002,features_cache/32559.pt
WLASL/videos/66028.mp4,left,1008,features_cache/66028.pt
WLASL/videos/32725.mp4,left,1008,features_cache/32725.pt
WLASL/videos/32726.mp4,left,1008,features_cache/32726.pt
WLASL/videos/32728.mp4,left,1008,features_cache/32728.pt
WLASL/videos/32732.mp4,left,1008,features_cache/32732.pt
WLASL/videos/32722.mp4,left,1008,features_cache/32722.pt
WLASL/videos/32822.mp4,lend,1011,features_cache/32822.pt
WLASL/videos/66034.mp4,lend,1011,features_cache/66034.pt
WLASL/videos/32824.mp4,lend,1011,features_cache/32824.pt
WLASL/videos/32825.mp4,lend,1011,features_cache/32825.pt
WLASL/videos/32828.mp4,lend,1011,features_cache/32828.pt
WLASL/videos/32830.mp4,lend,1011,features_cache/32830.pt
WLASL/videos/32869.mp4,less,1013,features_cache/32869.pt
WLASL/videos/69386.mp4,less,1013,features_cache/69386.pt
WLASL/videos/32877.mp4,less,1013,features_cache/32877.pt
WLASL/videos/32878.mp4,less,1013,features_cache/32878.pt
WLASL/videos/32882.mp4,less,1013,features_cache/32882.pt
WLASL/videos/32884.mp4,less,1013,features_cache/32884.pt
WLASL/videos/33373.mp4,linguistics,1029,features_cache/33373.pt
WLASL/videos/66073.mp4,linguistics,1029,features_cache/66073.pt
WLASL/videos/33374.mp4,linguistics,1029,features_cache/33374.pt
WLASL/videos/33375.mp4,linguistics,1029,features_cache/33375.pt
WLASL/videos/33378.mp4,linguistics,1029,features_cache/33378.pt
WLASL/videos/33380.mp4,linguistics,1029,features_cache/33380.pt
WLASL/videos/33765.mp4,lonely,1041,features_cache/33765.pt
WLASL/videos/66081.mp4,lonely,1041,features_cache/66081.pt
WLASL/videos/67856.mp4,lonely,1041,features_cache/67856.pt
WLASL/videos/33766.mp4,lonely,1041,features_cache/33766.pt
WLASL/videos/33769.mp4,lonely,1041,features_cache/33769.pt
WLASL/videos/33771.mp4,lonely,1041,features_cache/33771.pt
WLASL/videos/33804.mp4,long,1042,features_cache/33804.pt
WLASL/videos/33805.mp4,long,1042,features_cache/33805.pt
WLASL/videos/33806.mp4,long,1042,features_cache/33806.pt
WLASL/videos/33807.mp4,long,1042,features_cache/33807.pt
WLASL/videos/33810.mp4,long,1042,features_cache/33810.pt
WLASL/videos/33812.mp4,long,1042,features_cache/33812.pt
WLASL/videos/34396.mp4,magic,1056,features_cache/34396.pt
WLASL/videos/66092.mp4,magic,1056,features_cache/66092.pt
WLASL/videos/67868.mp4,magic,1056,features_cache/67868.pt
WLASL/videos/34397.mp4,magic,1056,features_cache/34397.pt
WLASL/videos/34400.mp4,magic,1056,features_cache/34400.pt
WLASL/videos/34402.mp4,magic,1056,features_cache/34402.pt
WLASL/videos/34508.mp4,mainstream,1057,features_cache/34508.pt
WLASL/videos/70208.mp4,mainstream,1057,features_cache/70208.pt
WLASL/videos/34510.mp4,mainstream,1057,features_cache/34510.pt
WLASL/videos/34511.mp4,mainstream,1057,features_cache/34511.pt
WLASL/videos/34514.mp4,mainstream,1057,features_cache/34514.pt
WLASL/videos/34516.mp4,mainstream,1057,features_cache/34516.pt
WLASL/videos/34543.mp4,major,1058,features_cache/34543.pt
WLASL/videos/68097.mp4,major,1058,features_cache/68097.pt
WLASL/videos/34544.mp4,major,1058,features_cache/34544.pt
WLASL/videos/34545.mp4,major,1058,features_cache/34545.pt
WLASL/videos/34548.mp4,major,1058,features_cache/34548.pt
WLASL/videos/34550.mp4,major,1058,features_cache/34550.pt
WLASL/videos/34698.mp4,manager,1062,features_cache/34698.pt
WLASL/videos/34708.mp4,manager,1062,features_cache/34708.pt
WLASL/videos/34709.mp4,manager,1062,features_cache/34709.pt
WLASL/videos/34699.mp4,manager,1062,features_cache/34699.pt
WLASL/videos/34703.mp4,manager,1062,features_cache/34703.pt
WLASL/videos/34705.mp4,manager,1062,features_cache/34705.pt
WLASL/videos/35207.mp4,maximum,1069,features_cache/35207.pt
WLASL/videos/35209.mp4,maximum,1069,features_cache/35209.pt
WLASL/videos/35210.mp4,maximum,1069,features_cache/35210.pt
WLASL/videos/35211.mp4,maximum,1069,features_cache/35211.pt
WLASL/videos/35214.mp4,maximum,1069,features_cache/35214.pt
WLASL/videos/35216.mp4,maximum,1069,features_cache/35216.pt
WLASL/videos/35267.mp4,me,1071,features_cache/35267.pt
WLASL/videos/35544.mp4,me,1071,features_cache/35544.pt
WLASL/videos/67879.mp4,me,1071,features_cache/67879.pt
WLASL/videos/35545.mp4,me,1071,features_cache/35545.pt
WLASL/videos/35548.mp4,me,1071,features_cache/35548.pt
WLASL/videos/35550.mp4,me,1071,features_cache/35550.pt
WLASL/videos/35885.mp4,mexico,1087,features_cache/35885.pt
WLASL/videos/35886.mp4,mexico,1087,features_cache/35886.pt
WLASL/videos/66119.mp4,mexico,1087,features_cache/66119.pt
WLASL/videos/35890.mp4,mexico,1087,features_cache/35890.pt
WLASL/videos/35893.mp4,mexico,1087,features_cache/35893.pt
WLASL/videos/35884.mp4,mexico,1087,features_cache/35884.pt
WLASL/videos/35962.mp4,middle,1091,features_cache/35962.pt
WLASL/videos/35974.mp4,middle,1091,features_cache/35974.pt
WLASL/videos/66122.mp4,middle,1091,features_cache/66122.pt
WLASL/videos/35965.mp4,middle,1091,features_cache/35965.pt
WLASL/videos/35969.mp4,middle,1091,features_cache/35969.pt
WLASL/videos/35972.mp4,middle,1091,features_cache/35972.pt
WLASL/videos/66123.mp4,mind,1095,features_cache/66123.pt
WLASL/videos/67895.mp4,mind,1095,features_cache/67895.pt
WLASL/videos/36118.mp4,mind,1095,features_cache/36118.pt
WLASL/videos/36119.mp4,mind,1095,features_cache/36119.pt
WLASL/videos/36122.mp4,mind,1095,features_cache/36122.pt
WLASL/videos/36124.mp4,mind,1095,features_cache/36124.pt
WLASL/videos/36413.mp4,misunderstand,1102,features_cache/36413.pt
WLASL/videos/36422.mp4,misunderstand,1102,features_cache/36422.pt
WLASL/videos/67898.mp4,misunderstand,1102,features_cache/67898.pt
WLASL/videos/36414.mp4,misunderstand,1102,features_cache/36414.pt
WLASL/videos/36419.mp4,misunderstand,1102,features_cache/36419.pt
WLASL/videos/36421.mp4,misunderstand,1102,features_cache/36421.pt
WLASL/videos/36712.mp4,monster,1109,features_cache/36712.pt
WLASL/videos/36713.mp4,monster,1109,features_cache/36713.pt
WLASL/videos/36714.mp4,monster,1109,features_cache/36714.pt
WLASL/videos/36715.mp4,monster,1109,features_cache/36715.pt
WLASL/videos/36718.mp4,monster,1109,features_cache/36718.pt
WLASL/videos/36720.mp4,monster,1109,features_cache/36720.pt
WLASL/videos/37266.mp4,multiply,1128,features_cache/37266.pt
WLASL/videos/37276.mp4,multiply,1128,features_cache/37276.pt
WLASL/videos/37277.mp4,multiply,1128,features_cache/37277.pt
WLASL/videos/37278.mp4,multiply,1128,features_cache/37278.pt
WLASL/videos/37269.mp4,multiply,1128,features_cache/37269.pt
WLASL/videos/37273.mp4,multiply,1128,features_cache/37273.pt
WLASL/videos/37483.mp4,myself,1137,features_cache/37483.pt
WLASL/videos/67921.mp4,myself,1137,features_cache/67921.pt
WLASL/videos/37484.mp4,myself,1137,features_cache/37484.pt
WLASL/videos/37485.mp4,myself,1137,features_cache/37485.pt
WLASL/videos/37488.mp4,myself,1137,features_cache/37488.pt
WLASL/videos/37490.mp4,myself,1137,features_cache/37490.pt
WLASL/videos/38828.mp4,nothing,1175,features_cache/38828.pt
WLASL/videos/38849.mp4,nothing,1175,features_cache/38849.pt
WLASL/videos/66192.mp4,nothing,1175,features_cache/66192.pt
WLASL/videos/38830.mp4,nothing,1175,features_cache/38830.pt
WLASL/videos/38842.mp4,nothing,1175,features_cache/38842.pt
WLASL/videos/38844.mp4,nothing,1175,features_cache/38844.pt
WLASL/videos/39359.mp4,october,1190,features_cache/39359.pt
WLASL/videos/39360.mp4,october,1190,features_cache/39360.pt
WLASL/videos/39361.mp4,october,1190,features_cache/39361.pt
WLASL/videos/39362.mp4,october,1190,features_cache/39362.pt
WLASL/videos/39365.mp4,october,1190,features_cache/39365.pt
WLASL/videos/39368.mp4,october,1190,features_cache/39368.pt
WLASL/videos/39377.mp4,odd,1192,features_cache/39377.pt
WLASL/videos/39378.mp4,odd,1192,features_cache/39378.pt
WLASL/videos/39379.mp4,odd,1192,features_cache/39379.pt
WLASL/videos/39380.mp4,odd,1192,features_cache/39380.pt
WLASL/videos/39383.mp4,odd,1192,features_cache/39383.pt
WLASL/videos/39385.mp4,odd,1192,features_cache/39385.pt
WLASL/videos/39424.mp4,offer,1195,features_cache/39424.pt
WLASL/videos/39425.mp4,offer,1195,features_cache/39425.pt
WLASL/videos/39426.mp4,offer,1195,features_cache/39426.pt
WLASL/videos/39427.mp4,offer,1195,features_cache/39427.pt
WLASL/videos/39430.mp4,offer,1195,features_cache/39430.pt
WLASL/videos/39432.mp4,offer,1195,features_cache/39432.pt
WLASL/videos/39672.mp4,on,1201,features_cache/39672.pt
WLASL/videos/69420.mp4,on,1201,features_cache/69420.pt
WLASL/videos/70169.mp4,on,1201,features_cache/70169.pt
WLASL/videos/39839.mp4,on,1201,features_cache/39839.pt
WLASL/videos/39842.mp4,on,1201,features_cache/39842.pt
WLASL/videos/39845.mp4,on,1201,features_cache/39845.pt
WLASL/videos/39873.mp4,only,1205,features_cache/39873.pt
WLASL/videos/39874.mp4,only,1205,features_cache/39874.pt
WLASL/videos/39875.mp4,only,1205,features_cache/39875.pt
WLASL/videos/39876.mp4,only,1205,features_cache/39876.pt
WLASL/videos/39879.mp4,only,1205,features_cache/39879.pt
WLASL/videos/39881.mp4,only,1205,features_cache/39881.pt
WLASL/videos/40049.mp4,opposite,1209,features_cache/40049.pt
WLASL/videos/70183.mp4,opposite,1209,features_cache/70183.pt
WLASL/videos/40050.mp4,opposite,1209,features_cache/40050.pt
WLASL/videos/40051.mp4,opposite,1209,features_cache/40051.pt
WLASL/videos/40054.mp4,opposite,1209,features_cache/40054.pt
WLASL/videos/40056.mp4,opposite,1209,features_cache/40056.pt
WLASL/videos/70053.mp4,out,1217,features_cache/70053.pt
WLASL/videos/40401.mp4,out,1217,features_cache/40401.pt
WLASL/videos/40403.mp4,out,1217,features_cache/40403.pt
WLASL/videos/40406.mp4,out,1217,features_cache/40406.pt
WLASL/videos/40397.mp4,out,1217,features_cache/40397.pt
WLASL/videos/40399.mp4,out,1217,features_cache/40399.pt
WLASL/videos/40576.mp4,overlook,1221,features_cache/40576.pt
WLASL/videos/66253.mp4,overlook,1221,features_cache/66253.pt
WLASL/videos/40577.mp4,overlook,1221,features_cache/40577.pt
WLASL/videos/40578.mp4,overlook,1221,features_cache/40578.pt
WLASL/videos/40581.mp4,overlook,1221,features_cache/40581.pt
WLASL/videos/40583.mp4,overlook,1221,features_cache/40583.pt
WLASL/videos/41477.mp4,path,1242,features_cache/41477.pt
WLASL/videos/41480.mp4,path,1242,features_cache/41480.pt
WLASL/videos/41481.mp4,path,1242,features_cache/41481.pt
WLASL/videos/41482.mp4,path,1242,features_cache/41482.pt
WLASL/videos/41485.mp4,path,1242,features_cache/41485.pt
WLASL/videos/41487.mp4,path,1242,features_cache/41487.pt
WLASL/videos/41970.mp4,percent,1259,features_cache/41970.pt
WLASL/videos/41976.mp4,percent,1259,features_cache/41976.pt
WLASL/videos/67977.mp4,percent,1259,features_cache/67977.pt
WLASL/videos/41977.mp4,percent,1259,features_cache/41977.pt
WLASL/videos/41980.mp4,percent,1259,features_cache/41980.pt
WLASL/videos/41982.mp4,percent,1259,features_cache/41982.pt
WLASL/videos/42551.mp4,physics,1274,features_cache/42551.pt
WLASL/videos/42552.mp4,physics,1274,features_cache/42552.pt
WLASL/videos/42553.mp4,physics,1274,features_cache/42553.pt
WLASL/videos/42554.mp4,physics,1274,features_cache/42554.pt
WLASL/videos/42557.mp4,physics,1274,features_cache/42557.pt
WLASL/videos/42560.mp4,physics,1274,features_cache/42560.pt
WLASL/videos/42564.mp4,piano,1275,features_cache/42564.pt
WLASL/videos/67980.mp4,piano,1275,features_cache/67980.pt
WLASL/videos/42565.mp4,piano,1275,features_cache/42565.pt
WLASL/videos/42566.mp4,piano,1275,features_cache/42566.pt
WLASL/videos/42569.mp4,piano,1275,features_cache/42569.pt
WLASL/videos/42571.mp4,piano,1275,features_cache/42571.pt
WLASL/videos/42577.mp4,pick,1276,features_cache/42577.pt
WLASL/videos/42591.mp4,pick,1276,features_cache/42591.pt
WLASL/videos/66291.mp4,pick,1276,features_cache/66291.pt
WLASL/videos/42585.mp4,pick,1276,features_cache/42585.pt
WLASL/videos/42587.mp4,pick,1276,features_cache/42587.pt
WLASL/videos/42589.mp4,pick,1276,features_cache/42589.pt
WLASL/videos/42662.mp4,pie,1279,features_cache/42662.pt
WLASL/videos/42671.mp4,pie,1279,features_cache/42671.pt
WLASL/videos/67983.mp4,pie,1279,features_cache/67983.pt
WLASL/videos/42672.mp4,pie,1279,features_cache/42672.pt
WLASL/videos/42675.mp4,pie,1279,features_cache/42675.pt
WLASL/videos/42677.mp4,pie,1279,features_cache/42677.pt
WLASL/videos/43110.mp4,plate,1290,features_cache/43110.pt
WLASL/videos/43119.mp4,plate,1290,features_cache/43119.pt
WLASL/videos/43120.mp4,plate,1290,features_cache/43120.pt
WLASL/videos/66299.mp4,plate,1290,features_cache/66299.pt
WLASL/videos/43114.mp4,plate,1290,features_cache/43114.pt
WLASL/videos/43118.mp4,plate,1290,features_cache/43118.pt
WLASL/videos/43375.mp4,pocket,1297,features_cache/43375.pt
WLASL/videos/43380.mp4,pocket,1297,features_cache/43380.pt
WLASL/videos/43381.mp4,pocket,1297,features_cache/43381.pt
WLASL/videos/43382.mp4,pocket,1297,features_cache/43382.pt
WLASL/videos/43385.mp4,pocket,1297,features_cache/43385.pt
WLASL/videos/43388.mp4,pocket,1297,features_cache/43388.pt
WLASL/videos/43695.mp4,popcorn,1307,features_cache/43695.pt
WLASL/videos/43697.mp4,popcorn,1307,features_cache/43697.pt
WLASL/videos/67091.mp4,popcorn,1307,features_cache/67091.pt
WLASL/videos/43698.mp4,popcorn,1307,features_cache/43698.pt
WLASL/videos/43701.mp4,popcorn,1307,features_cache/43701.pt
WLASL/videos/43703.mp4,popcorn,1307,features_cache/43703.pt
WLASL/videos/43808.mp4,positive,1310,features_cache/43808.pt
WLASL/videos/70365.mp4,positive,1310,features_cache/70365.pt
WLASL/videos/66313.mp4,positive,1310,features_cache/66313.pt
WLASL/videos/43809.mp4,positive,1310,features_cache/43809.pt
WLASL/videos/43812.mp4,positive,1310,features_cache/43812.pt
WLASL/videos/43814.mp4,positive,1310,features_cache/43814.pt
WLASL/videos/44232.mp4,pregnant,1330,features_cache/44232.pt
WLASL/videos/68388.mp4,pregnant,1330,features_cache/68388.pt
WLASL/videos/44242.mp4,pregnant,1330,features_cache/44242.pt
WLASL/videos/44233.mp4,pregnant,1330,features_cache/44233.pt
WLASL/videos/44236.mp4,pregnant,1330,features_cache/44236.pt
WLASL/videos/44239.mp4,pregnant,1330,features_cache/44239.pt
WLASL/videos/44440.mp4,prevent,1338,features_cache/44440.pt
WLASL/videos/44441.mp4,prevent,1338,features_cache/44441.pt
WLASL/videos/44442.mp4,prevent,1338,features_cache/44442.pt
WLASL/videos/44443.mp4,prevent,1338,features_cache/44443.pt
WLASL/videos/44446.mp4,prevent,1338,features_cache/44446.pt
WLASL/videos/44448.mp4,prevent,1338,features_cache/44448.pt
WLASL/videos/66341.mp4,proof,1362,features_cache/66341.pt
WLASL/videos/44949.mp4,proof,1362,features_cache/44949.pt
WLASL/videos/44950.mp4,proof,1362,features_cache/44950.pt
WLASL/videos/44951.mp4,proof,1362,features_cache/44951.pt
WLASL/videos/44954.mp4,proof,1362,features_cache/44954.pt
WLASL/videos/44956.mp4,proof,1362,features_cache/44956.pt
WLASL/videos/45323.mp4,pumpkin,1375,features_cache/45323.pt
WLASL/videos/66352.mp4,pumpkin,1375,features_cache/66352.pt
WLASL/videos/45324.mp4,pumpkin,1375,features_cache/45324.pt
WLASL/videos/45325.mp4,pumpkin,1375,features_cache/45325.pt
WLASL/videos/45328.mp4,pumpkin,1375,features_cache/45328.pt
WLASL/videos/45330.mp4,pumpkin,1375,features_cache/45330.pt
WLASL/videos/45447.mp4,purpose,1380,features_cache/45447.pt
WLASL/videos/45448.mp4,purpose,1380,features_cache/45448.pt
WLASL/videos/45449.mp4,purpose,1380,features_cache/45449.pt
WLASL/videos/45450.mp4,purpose,1380,features_cache/45450.pt
WLASL/videos/45453.mp4,purpose,1380,features_cache/45453.pt
WLASL/videos/45455.mp4,purpose,1380,features_cache/45455.pt
WLASL/videos/45864.mp4,race,1399,features_cache/45864.pt
WLASL/videos/45865.mp4,race,1399,features_cache/45865.pt
WLASL/videos/45866.mp4,race,1399,features_cache/45866.pt
WLASL/videos/45867.mp4,race,1399,features_cache/45867.pt
WLASL/videos/45871.mp4,race,1399,features_cache/45871.pt
WLASL/videos/45873.mp4,race,1399,features_cache/45873.pt
WLASL/videos/46326.mp4,realize,1410,features_cache/46326.pt
WLASL/videos/70354.mp4,realize,1410,features_cache/70354.pt
WLASL/videos/46335.mp4,realize,1410,features_cache/46335.pt
WLASL/videos/46336.mp4,realize,1410,features_cache/46336.pt
WLASL/videos/46332.mp4,realize,1410,features_cache/46332.pt
WLASL/videos/46334.mp4,realize,1410,features_cache/46334.pt
WLASL/videos/46587.mp4,recognize,1416,features_cache/46587.pt
WLASL/videos/46588.mp4,recognize,1416,features_cache/46588.pt
WLASL/videos/46589.mp4,recognize,1416,features_cache/46589.pt
WLASL/videos/46590.mp4,recognize,1416,features_cache/46590.pt
WLASL/videos/46594.mp4,recognize,1416,features_cache/46594.pt
WLASL/videos/46596.mp4,recognize,1416,features_cache/46596.pt
WLASL/videos/46862.mp4,refuse,1423,features_cache/46862.pt
WLASL/videos/66381.mp4,refuse,1423,features_cache/66381.pt
WLASL/videos/46863.mp4,refuse,1423,features_cache/46863.pt
WLASL/videos/46864.mp4,refuse,1423,features_cache/46864.pt
WLASL/videos/46867.mp4,refuse,1423,features_cache/46867.pt
WLASL/videos/46870.mp4,refuse,1423,features_cache/46870.pt
WLASL/videos/47037.mp4,relationship,1428,features_cache/47037.pt
WLASL/videos/66384.mp4,relationship,1428,features_cache/66384.pt
WLASL/videos/67130.mp4,relationship,1428,features_cache/67130.pt
WLASL/videos/47038.mp4,relationship,1428,features_cache/47038.pt
WLASL/videos/47041.mp4,relationship,1428,features_cache/47041.pt
WLASL/videos/47043.mp4,relationship,1428,features_cache/47043.pt
WLASL/videos/47295.mp4,repeat,1438,features_cache/47295.pt
WLASL/videos/47300.mp4,repeat,1438,features_cache/47300.pt
WLASL/videos/47301.mp4,repeat,1438,features_cache/47301.pt
WLASL/videos/47302.mp4,repeat,1438,features_cache/47302.pt
WLASL/videos/47305.mp4,repeat,1438,features_cache/47305.pt
WLASL/videos/47307.mp4,repeat,1438,features_cache/47307.pt
WLASL/videos/47329.mp4,replace,1439,features_cache/47329.pt
WLASL/videos/70126.mp4,replace,1439,features_cache/70126.pt
WLASL/videos/66392.mp4,replace,1439,features_cache/66392.pt
WLASL/videos/47332.mp4,replace,1439,features_cache/47332.pt
WLASL/videos/47335.mp4,replace,1439,features_cache/47335.pt
WLASL/videos/47337.mp4,replace,1439,features_cache/47337.pt
WLASL/videos/47348.mp4,report,1441,features_cache/47348.pt
WLASL/videos/47366.mp4,report,1441,features_cache/47366.pt
WLASL/videos/47357.mp4,report,1441,features_cache/47357.pt
WLASL/videos/47358.mp4,report,1441,features_cache/47358.pt
WLASL/videos/47362.mp4,report,1441,features_cache/47362.pt
WLASL/videos/47364.mp4,report,1441,features_cache/47364.pt
WLASL/videos/47371.mp4,represent,1442,features_cache/47371.pt
WLASL/videos/47380.mp4,represent,1442,features_cache/47380.pt
WLASL/videos/47381.mp4,represent,1442,features_cache/47381.pt
WLASL/videos/47382.mp4,represent,1442,features_cache/47382.pt
WLASL/videos/47385.mp4,represent,1442,features_cache/47385.pt
WLASL/videos/47387.mp4,represent,1442,features_cache/47387.pt
WLASL/videos/47449.mp4,request,1444,features_cache/47449.pt
WLASL/videos/47450.mp4,request,1444,features_cache/47450.pt
WLASL/videos/47451.mp4,request,1444,features_cache/47451.pt
WLASL/videos/47452.mp4,request,1444,features_cache/47452.pt
WLASL/videos/47455.mp4,request,1444,features_cache/47455.pt
WLASL/videos/47457.mp4,request,1444,features_cache/47457.pt
WLASL/videos/47638.mp4,responsibility,1451,features_cache/47638.pt
WLASL/videos/66397.mp4,responsibility,1451,features_cache/66397.pt
WLASL/videos/67137.mp4,responsibility,1451,features_cache/67137.pt
WLASL/videos/47639.mp4,responsibility,1451,features_cache/47639.pt
WLASL/videos/47642.mp4,responsibility,1451,features_cache/47642.pt
WLASL/videos/47644.mp4,responsibility,1451,features_cache/47644.pt
WLASL/videos/47729.mp4,result,1456,features_cache/47729.pt
WLASL/videos/47738.mp4,result,1456,features_cache/47738.pt
WLASL/videos/66399.mp4,result,1456,features_cache/66399.pt
WLASL/videos/47731.mp4,result,1456,features_cache/47731.pt
WLASL/videos/47734.mp4,result,1456,features_cache/47734.pt
WLASL/videos/47736.mp4,result,1456,features_cache/47736.pt
WLASL/videos/47837.mp4,reveal,1459,features_cache/47837.pt
WLASL/videos/47845.mp4,reveal,1459,features_cache/47845.pt
WLASL/videos/47846.mp4,reveal,1459,features_cache/47846.pt
WLASL/videos/47847.mp4,reveal,1459,features_cache/47847.pt
WLASL/videos/47840.mp4,reveal,1459,features_cache/47840.pt
WLASL/videos/47842.mp4,reveal,1459,features_cache/47842.pt
WLASL/videos/48159.mp4,ring,1466,features_cache/48159.pt
WLASL/videos/48163.mp4,ring,1466,features_cache/48163.pt
WLASL/videos/48164.mp4,ring,1466,features_cache/48164.pt
WLASL/videos/48166.mp4,ring,1466,features_cache/48166.pt
WLASL/videos/48172.mp4,ring,1466,features_cache/48172.pt
WLASL/videos/48160.mp4,ring,1466,features_cache/48160.pt
WLASL/videos/48304.mp4,rob,1471,features_cache/48304.pt
WLASL/videos/48334.mp4,rob,1471,features_cache/48334.pt
WLASL/videos/48325.mp4,rob,1471,features_cache/48325.pt
WLASL/videos/48336.mp4,rob,1471,features_cache/48336.pt
WLASL/videos/48329.mp4,rob,1471,features_cache/48329.pt
WLASL/videos/48331.mp4,rob,1471,features_cache/48331.pt
WLASL/videos/48378.mp4,rock,1474,features_cache/48378.pt
WLASL/videos/66411.mp4,rock,1474,features_cache/66411.pt
WLASL/videos/48371.mp4,rock,1474,features_cache/48371.pt
WLASL/videos/67146.mp4,rock,1474,features_cache/67146.pt
WLASL/videos/48375.mp4,rock,1474,features_cache/48375.pt
WLASL/videos/48377.mp4,rock,1474,features_cache/48377.pt
WLASL/videos/48403.mp4,role,1475,features_cache/48403.pt
WLASL/videos/66412.mp4,role,1475,features_cache/66412.pt
WLASL/videos/48404.mp4,role,1475,features_cache/48404.pt
WLASL/videos/48405.mp4,role,1475,features_cache/48405.pt
WLASL/videos/48408.mp4,role,1475,features_cache/48408.pt
WLASL/videos/48411.mp4,role,1475,features_cache/48411.pt
WLASL/videos/48556.mp4,rope,1480,features_cache/48556.pt
WLASL/videos/67151.mp4,rope,1480,features_cache/67151.pt
WLASL/videos/48557.mp4,rope,1480,features_cache/48557.pt
WLASL/videos/48558.mp4,rope,1480,features_cache/48558.pt
WLASL/videos/48561.mp4,rope,1480,features_cache/48561.pt
WLASL/videos/48563.mp4,rope,1480,features_cache/48563.pt
WLASL/videos/48885.mp4,rush,1488,features_cache/48885.pt
WLASL/videos/48890.mp4,rush,1488,features_cache/48890.pt
WLASL/videos/48891.mp4,rush,1488,features_cache/48891.pt
WLASL/videos/48892.mp4,rush,1488,features_cache/48892.pt
WLASL/videos/48895.mp4,rush,1488,features_cache/48895.pt
WLASL/videos/48897.mp4,rush,1488,features_cache/48897.pt
WLASL/videos/49148.mp4,salute,1496,features_cache/49148.pt
WLASL/videos/49149.mp4,salute,1496,features_cache/49149.pt
WLASL/videos/49150.mp4,salute,1496,features_cache/49150.pt
WLASL/videos/49151.mp4,salute,1496,features_cache/49151.pt
WLASL/videos/49154.mp4,salute,1496,features_cache/49154.pt
WLASL/videos/49156.mp4,salute,1496,features_cache/49156.pt
WLASL/videos/49317.mp4,satisfy,1499,features_cache/49317.pt
WLASL/videos/66427.mp4,satisfy,1499,features_cache/66427.pt
WLASL/videos/49318.mp4,satisfy,1499,features_cache/49318.pt
WLASL/videos/49319.mp4,satisfy,1499,features_cache/49319.pt
WLASL/videos/49322.mp4,satisfy,1499,features_cache/49322.pt
WLASL/videos/49324.mp4,satisfy,1499,features_cache/49324.pt
WLASL/videos/49931.mp4,search,1520,features_cache/49931.pt
WLASL/videos/49941.mp4,search,1520,features_cache/49941.pt
WLASL/videos/49933.mp4,search,1520,features_cache/49933.pt
WLASL/videos/49934.mp4,search,1520,features_cache/49934.pt
WLASL/videos/49937.mp4,search,1520,features_cache/49937.pt
WLASL/videos/49939.mp4,search,1520,features_cache/49939.pt
WLASL/videos/50243.mp4,selfish,1527,features_cache/50243.pt
WLASL/videos/50244.mp4,selfish,1527,features_cache/50244.pt
WLASL/videos/50245.mp4,selfish,1527,features_cache/50245.pt
WLASL/videos/50246.mp4,selfish,1527,features_cache/50246.pt
WLASL/videos/50249.mp4,selfish,1527,features_cache/50249.pt
WLASL/videos/50252.mp4,selfish,1527,features_cache/50252.pt
WLASL/videos/50397.mp4,sensitive,1532,features_cache/50397.pt
WLASL/videos/66447.mp4,sensitive,1532,features_cache/66447.pt
WLASL/videos/50398.mp4,sensitive,1532,features_cache/50398.pt
WLASL/videos/50399.mp4,sensitive,1532,features_cache/50399.pt
WLASL/videos/50402.mp4,sensitive,1532,features_cache/50402.pt
WLASL/videos/50405.mp4,sensitive,1532,features_cache/50405.pt
WLASL/videos/50528.mp4,serve,1538,features_cache/50528.pt
WLASL/videos/50537.mp4,serve,1538,features_cache/50537.pt
WLASL/videos/66449.mp4,serve,1538,features_cache/66449.pt
WLASL/videos/50529.mp4,serve,1538,features_cache/50529.pt
WLASL/videos/50534.mp4,serve,1538,features_cache/50534.pt
WLASL/videos/50536.mp4,serve,1538,features_cache/50536.pt
WLASL/videos/69463.mp4,seven,1541,features_cache/69463.pt
WLASL/videos/66453.mp4,seven,1541,features_cache/66453.pt
WLASL/videos/50617.mp4,seven,1541,features_cache/50617.pt
WLASL/videos/50618.mp4,seven,1541,features_cache/50618.pt
WLASL/videos/50621.mp4,seven,1541,features_cache/50621.pt
WLASL/videos/50623.mp4,seven,1541,features_cache/50623.pt
WLASL/videos/50825.mp4,shampoo,1545,features_cache/50825.pt
WLASL/videos/67184.mp4,shampoo,1545,features_cache/67184.pt
WLASL/videos/50826.mp4,shampoo,1545,features_cache/50826.pt
WLASL/videos/50827.mp4,shampoo,1545,features_cache/50827.pt
WLASL/videos/50830.mp4,shampoo,1545,features_cache/50830.pt
WLASL/videos/50832.mp4,shampoo,1545,features_cache/50832.pt
WLASL/videos/50918.mp4,she,1549,features_cache/50918.pt
WLASL/videos/69466.mp4,she,1549,features_cache/69466.pt
WLASL/videos/50948.mp4,she,1549,features_cache/50948.pt
WLASL/videos/50949.mp4,she,1549,features_cache/50949.pt
WLASL/videos/50952.mp4,she,1549,features_cache/50952.pt
WLASL/videos/50954.mp4,she,1549,features_cache/50954.pt
WLASL/videos/50956.mp4,shelf,1551,features_cache/50956.pt
WLASL/videos/69467.mp4,shelf,1551,features_cache/69467.pt
WLASL/videos/50957.mp4,shelf,1551,features_cache/50957.pt
WLASL/videos/50958.mp4,shelf,1551,features_cache/50958.pt
WLASL/videos/50961.mp4,shelf,1551,features_cache/50961.pt
WLASL/videos/50964.mp4,shelf,1551,features_cache/50964.pt
WLASL/videos/51197.mp4,shopping,1558,features_cache/51197.pt
WLASL/videos/70072.mp4,shopping,1558,features_cache/70072.pt
WLASL/videos/51198.mp4,shopping,1558,features_cache/51198.pt
WLASL/videos/51199.mp4,shopping,1558,features_cache/51199.pt
WLASL/videos/51202.mp4,shopping,1558,features_cache/51202.pt
WLASL/videos/51204.mp4,shopping,1558,features_cache/51204.pt
WLASL/videos/51657.mp4,sign language,1571,features_cache/51657.pt
WLASL/videos/51665.mp4,sign language,1571,features_cache/51665.pt
WLASL/videos/67200.mp4,sign language,1571,features_cache/67200.pt
WLASL/videos/51667.mp4,sign language,1571,features_cache/51667.pt
WLASL/videos/51661.mp4,sign language,1571,features_cache/51661.pt
WLASL/videos/51664.mp4,sign language,1571,features_cache/51664.pt
WLASL/videos/51737.mp4,similar,1575,features_cache/51737.pt
WLASL/videos/51738.mp4,similar,1575,features_cache/51738.pt
WLASL/videos/51728.mp4,similar,1575,features_cache/51728.pt
WLASL/videos/51729.mp4,similar,1575,features_cache/51729.pt
WLASL/videos/51732.mp4,similar,1575,features_cache/51732.pt
WLASL/videos/51734.mp4,similar,1575,features_cache/51734.pt
WLASL/videos/51787.mp4,sing,1579,features_cache/51787.pt
WLASL/videos/51810.mp4,sing,1579,features_cache/51810.pt
WLASL/videos/67205.mp4,sing,1579,features_cache/67205.pt
WLASL/videos/51803.mp4,sing,1579,features_cache/51803.pt
WLASL/videos/51806.mp4,sing,1579,features_cache/51806.pt
WLASL/videos/51808.mp4,sing,1579,features_cache/51808.pt
WLASL/videos/69474.mp4,six,1586,features_cache/69474.pt
WLASL/videos/66490.mp4,six,1586,features_cache/66490.pt
WLASL/videos/51954.mp4,six,1586,features_cache/51954.pt
WLASL/videos/51955.mp4,six,1586,features_cache/51955.pt
WLASL/videos/51958.mp4,six,1586,features_cache/51958.pt
WLASL/videos/51960.mp4,six,1586,features_cache/51960.pt
WLASL/videos/52081.mp4,skeleton,1590,features_cache/52081.pt
WLASL/videos/52082.mp4,skeleton,1590,features_cache/52082.pt
WLASL/videos/52083.mp4,skeleton,1590,features_cache/52083.pt
WLASL/videos/52084.mp4,skeleton,1590,features_cache/52084.pt
WLASL/videos/52087.mp4,skeleton,1590,features_cache/52087.pt
WLASL/videos/52089.mp4,skeleton,1590,features_cache/52089.pt
WLASL/videos/52102.mp4,sketch,1591,features_cache/52102.pt
WLASL/videos/52103.mp4,sketch,1591,features_cache/52103.pt
WLASL/videos/52104.mp4,sketch,1591,features_cache/52104.pt
WLASL/videos/52105.mp4,sketch,1591,features_cache/52105.pt
WLASL/videos/52108.mp4,sketch,1591,features_cache/52108.pt
WLASL/videos/52110.mp4,sketch,1591,features_cache/52110.pt
WLASL/videos/52137.mp4,skill,1593,features_cache/52137.pt
WLASL/videos/66502.mp4,skill,1593,features_cache/66502.pt
WLASL/videos/52143.mp4,skill,1593,features_cache/52143.pt
WLASL/videos/52144.mp4,skill,1593,features_cache/52144.pt
WLASL/videos/52147.mp4,skill,1593,features_cache/52147.pt
WLASL/videos/52150.mp4,skill,1593,features_cache/52150.pt
WLASL/videos/52344.mp4,sleepy,1602,features_cache/52344.pt
WLASL/videos/70289.mp4,sleepy,1602,features_cache/70289.pt
WLASL/videos/52354.mp4,sleepy,1602,features_cache/52354.pt
WLASL/videos/52345.mp4,sleepy,1602,features_cache/52345.pt
WLASL/videos/52349.mp4,sleepy,1602,features_cache/52349.pt
WLASL/videos/52351.mp4,sleepy,1602,features_cache/52351.pt
WLASL/videos/66507.mp4,slip,1604,features_cache/66507.pt
WLASL/videos/52430.mp4,slip,1604,features_cache/52430.pt
WLASL/videos/52440.mp4,slip,1604,features_cache/52440.pt
WLASL/videos/52441.mp4,slip,1604,features_cache/52441.pt
WLASL/videos/52432.mp4,slip,1604,features_cache/52432.pt
WLASL/videos/52435.mp4,slip,1604,features_cache/52435.pt
WLASL/videos/52602.mp4,smell,1608,features_cache/52602.pt
WLASL/videos/66510.mp4,smell,1608,features_cache/66510.pt
WLASL/videos/52603.mp4,smell,1608,features_cache/52603.pt
WLASL/videos/52604.mp4,smell,1608,features_cache/52604.pt
WLASL/videos/52607.mp4,smell,1608,features_cache/52607.pt
WLASL/videos/52609.mp4,smell,1608,features_cache/52609.pt
WLASL/videos/52763.mp4,sneeze,1614,features_cache/52763.pt
WLASL/videos/67219.mp4,sneeze,1614,features_cache/67219.pt
WLASL/videos/52764.mp4,sneeze,1614,features_cache/52764.pt
WLASL/videos/52765.mp4,sneeze,1614,features_cache/52765.pt
WLASL/videos/52768.mp4,sneeze,1614,features_cache/52768.pt
WLASL/videos/52770.mp4,sneeze,1614,features_cache/52770.pt
WLASL/videos/52792.mp4,snob,1615,features_cache/52792.pt
WLASL/videos/52796.mp4,snob,1615,features_cache/52796.pt
WLASL/videos/67220.mp4,snob,1615,features_cache/67220.pt
WLASL/videos/52797.mp4,snob,1615,features_cache/52797.pt
WLASL/videos/52800.mp4,snob,1615,features_cache/52800.pt
WLASL/videos/52802.mp4,snob,1615,features_cache/52802.pt
WLASL/videos/53664.mp4,specific,1649,features_cache/53664.pt
WLASL/videos/53667.mp4,specific,1649,features_cache/53667.pt
WLASL/videos/53668.mp4,specific,1649,features_cache/53668.pt
WLASL/videos/53669.mp4,specific,1649,features_cache/53669.pt
WLASL/videos/53672.mp4,specific,1649,features_cache/53672.pt
WLASL/videos/53675.mp4,specific,1649,features_cache/53675.pt
WLASL/videos/54341.mp4,stamp,1669,features_cache/54341.pt
WLASL/videos/54347.mp4,stamp,1669,features_cache/54347.pt
WLASL/videos/54348.mp4,stamp,1669,features_cache/54348.pt
WLASL/videos/54349.mp4,stamp,1669,features_cache/54349.pt
WLASL/videos/54351.mp4,stamp,1669,features_cache/54351.pt
WLASL/videos/54343.mp4,stamp,1669,features_cache/54343.pt
WLASL/videos/54607.mp4,steel,1678,features_cache/54607.pt
WLASL/videos/54609.mp4,steel,1678,features_cache/54609.pt
WLASL/videos/54610.mp4,steel,1678,features_cache/54610.pt
WLASL/videos/54611.mp4,steel,1678,features_cache/54611.pt
WLASL/videos/54614.mp4,steel,1678,features_cache/54614.pt
WLASL/videos/54616.mp4,steel,1678,features_cache/54616.pt
WLASL/videos/69492.mp4,strawberry,1693,features_cache/69492.pt
WLASL/videos/55111.mp4,strawberry,1693,features_cache/55111.pt
WLASL/videos/66567.mp4,strawberry,1693,features_cache/66567.pt
WLASL/videos/66568.mp4,strawberry,1693,features_cache/66568.pt
WLASL/videos/55105.mp4,strawberry,1693,features_cache/55105.pt
WLASL/videos/55110.mp4,strawberry,1693,features_cache/55110.pt
WLASL/videos/66577.mp4,subtract,1706,features_cache/66577.pt
WLASL/videos/55542.mp4,subtract,1706,features_cache/55542.pt
WLASL/videos/55533.mp4,subtract,1706,features_cache/55533.pt
WLASL/videos/67259.mp4,subtract,1706,features_cache/67259.pt
WLASL/videos/55536.mp4,subtract,1706,features_cache/55536.pt
WLASL/videos/55539.mp4,subtract,1706,features_cache/55539.pt
WLASL/videos/55552.mp4,subway,1707,features_cache/55552.pt
WLASL/videos/55553.mp4,subway,1707,features_cache/55553.pt
WLASL/videos/55554.mp4,subway,1707,features_cache/55554.pt
WLASL/videos/55555.mp4,subway,1707,features_cache/55555.pt
WLASL/videos/55558.mp4,subway,1707,features_cache/55558.pt
WLASL/videos/55560.mp4,subway,1707,features_cache/55560.pt
WLASL/videos/55633.mp4,suffer,1709,features_cache/55633.pt
WLASL/videos/55636.mp4,suffer,1709,features_cache/55636.pt
WLASL/videos/55637.mp4,suffer,1709,features_cache/55637.pt
WLASL/videos/55638.mp4,suffer,1709,features_cache/55638.pt
WLASL/videos/55642.mp4,suffer,1709,features_cache/55642.pt
WLASL/videos/55644.mp4,suffer,1709,features_cache/55644.pt
WLASL/videos/56046.mp4,surface,1723,features_cache/56046.pt
WLASL/videos/56047.mp4,surface,1723,features_cache/56047.pt
WLASL/videos/56048.mp4,surface,1723,features_cache/56048.pt
WLASL/videos/56049.mp4,surface,1723,features_cache/56049.pt
WLASL/videos/56052.mp4,surface,1723,features_cache/56052.pt
WLASL/videos/56054.mp4,surface,1723,features_cache/56054.pt
WLASL/videos/56288.mp4,sweep,1733,features_cache/56288.pt
WLASL/videos/67272.mp4,sweep,1733,features_cache/67272.pt
WLASL/videos/56290.mp4,sweep,1733,features_cache/56290.pt
WLASL/videos/56281.mp4,sweep,1733,features_cache/56281.pt
WLASL/videos/56284.mp4,sweep,1733,features_cache/56284.pt
WLASL/videos/56286.mp4,sweep,1733,features_cache/56286.pt
WLASL/videos/56387.mp4,swing,1739,features_cache/56387.pt
WLASL/videos/67273.mp4,swing,1739,features_cache/67273.pt
WLASL/videos/56388.mp4,swing,1739,features_cache/56388.pt
WLASL/videos/56389.mp4,swing,1739,features_cache/56389.pt
WLASL/videos/56392.mp4,swing,1739,features_cache/56392.pt
WLASL/videos/56394.mp4,swing,1739,features_cache/56394.pt
WLASL/videos/56422.mp4,switzerland,1740,features_cache/56422.pt
WLASL/videos/56423.mp4,switzerland,1740,features_cache/56423.pt
WLASL/videos/56424.mp4,switzerland,1740,features_cache/56424.pt
WLASL/videos/56425.mp4,switzerland,1740,features_cache/56425.pt
WLASL/videos/56428.mp4,switzerland,1740,features_cache/56428.pt
WLASL/videos/56430.mp4,switzerland,1740,features_cache/56430.pt
WLASL/videos/56779.mp4,tale,1748,features_cache/56779.pt
WLASL/videos/56780.mp4,tale,1748,features_cache/56780.pt
WLASL/videos/56781.mp4,tale,1748,features_cache/56781.pt
WLASL/videos/56782.mp4,tale,1748,features_cache/56782.pt
WLASL/videos/56785.mp4,tale,1748,features_cache/56785.pt
WLASL/videos/56787.mp4,tale,1748,features_cache/56787.pt
WLASL/videos/56870.mp4,tan,1752,features_cache/56870.pt
WLASL/videos/56874.mp4,tan,1752,features_cache/56874.pt
WLASL/videos/56875.mp4,tan,1752,features_cache/56875.pt
WLASL/videos/56876.mp4,tan,1752,features_cache/56876.pt
WLASL/videos/56879.mp4,tan,1752,features_cache/56879.pt
WLASL/videos/56881.mp4,tan,1752,features_cache/56881.pt
WLASL/videos/57203.mp4,teeth,1760,features_cache/57203.pt
WLASL/videos/57205.mp4,teeth,1760,features_cache/57205.pt
WLASL/videos/67285.mp4,teeth,1760,features_cache/67285.pt
WLASL/videos/57206.mp4,teeth,1760,features_cache/57206.pt
WLASL/videos/57209.mp4,teeth,1760,features_cache/57209.pt
WLASL/videos/57211.mp4,teeth,1760,features_cache/57211.pt
WLASL/videos/57482.mp4,terrible,1773,features_cache/57482.pt
WLASL/videos/57491.mp4,terrible,1773,features_cache/57491.pt
WLASL/videos/57492.mp4,terrible,1773,features_cache/57492.pt
WLASL/videos/57483.mp4,terrible,1773,features_cache/57483.pt
WLASL/videos/57487.mp4,terrible,1773,features_cache/57487.pt
WLASL/videos/57489.mp4,terrible,1773,features_cache/57489.pt
WLASL/videos/57611.mp4,thankful,1781,features_cache/57611.pt
WLASL/videos/57612.mp4,thankful,1781,features_cache/57612.pt
WLASL/videos/57613.mp4,thankful,1781,features_cache/57613.pt
WLASL/videos/57614.mp4,thankful,1781,features_cache/57614.pt
WLASL/videos/57617.mp4,thankful,1781,features_cache/57617.pt
WLASL/videos/57619.mp4,thankful,1781,features_cache/57619.pt
WLASL/videos/57873.mp4,they,1795,features_cache/57873.pt
WLASL/videos/57882.mp4,they,1795,features_cache/57882.pt
WLASL/videos/57883.mp4,they,1795,features_cache/57883.pt
WLASL/videos/57874.mp4,they,1795,features_cache/57874.pt
WLASL/videos/57877.mp4,they,1795,features_cache/57877.pt
WLASL/videos/57881.mp4,they,1795,features_cache/57881.pt
WLASL/videos/58273.mp4,through,1807,features_cache/58273.pt
WLASL/videos/58274.mp4,through,1807,features_cache/58274.pt
WLASL/videos/58275.mp4,through,1807,features_cache/58275.pt
WLASL/videos/58276.mp4,through,1807,features_cache/58276.pt
WLASL/videos/58279.mp4,through,1807,features_cache/58279.pt
WLASL/videos/58281.mp4,through,1807,features_cache/58281.pt
WLASL/videos/58574.mp4,tiptoe,1814,features_cache/58574.pt
WLASL/videos/58575.mp4,tiptoe,1814,features_cache/58575.pt
WLASL/videos/58576.mp4,tiptoe,1814,features_cache/58576.pt
WLASL/videos/58577.mp4,tiptoe,1814,features_cache/58577.pt
WLASL/videos/58580.mp4,tiptoe,1814,features_cache/58580.pt
WLASL/videos/58582.mp4,tiptoe,1814,features_cache/58582.pt
WLASL/videos/58619.mp4,title,1817,features_cache/58619.pt
WLASL/videos/66650.mp4,title,1817,features_cache/66650.pt
WLASL/videos/58620.mp4,title,1817,features_cache/58620.pt
WLASL/videos/58621.mp4,title,1817,features_cache/58621.pt
WLASL/videos/58624.mp4,title,1817,features_cache/58624.pt
WLASL/videos/58626.mp4,title,1817,features_cache/58626.pt
WLASL/videos/58886.mp4,tooth,1830,features_cache/58886.pt
WLASL/videos/58908.mp4,tooth,1830,features_cache/58908.pt
WLASL/videos/58909.mp4,tooth,1830,features_cache/58909.pt
WLASL/videos/58910.mp4,tooth,1830,features_cache/58910.pt
WLASL/videos/58913.mp4,tooth,1830,features_cache/58913.pt
WLASL/videos/58915.mp4,tooth,1830,features_cache/58915.pt
WLASL/videos/58893.mp4,toothbrush,1831,features_cache/58893.pt
WLASL/videos/58897.mp4,toothbrush,1831,features_cache/58897.pt
WLASL/videos/66657.mp4,toothbrush,1831,features_cache/66657.pt
WLASL/videos/67315.mp4,toothbrush,1831,features_cache/67315.pt
WLASL/videos/58899.mp4,toothbrush,1831,features_cache/58899.pt
WLASL/videos/58902.mp4,toothbrush,1831,features_cache/58902.pt
WLASL/videos/59028.mp4,total,1836,features_cache/59028.pt
WLASL/videos/59032.mp4,total,1836,features_cache/59032.pt
WLASL/videos/59033.mp4,total,1836,features_cache/59033.pt
WLASL/videos/59034.mp4,total,1836,features_cache/59034.pt
WLASL/videos/59037.mp4,total,1836,features_cache/59037.pt
WLASL/videos/59039.mp4,total,1836,features_cache/59039.pt
WLASL/videos/59070.mp4,tough,1838,features_cache/59070.pt
WLASL/videos/59079.mp4,tough,1838,features_cache/59079.pt
WLASL/videos/59080.mp4,tough,1838,features_cache/59080.pt
WLASL/videos/59081.mp4,tough,1838,features_cache/59081.pt
WLASL/videos/59072.mp4,tough,1838,features_cache/59072.pt
WLASL/videos/59075.mp4,tough,1838,features_cache/59075.pt
WLASL/videos/59225.mp4,tradition,1844,features_cache/59225.pt
WLASL/videos/59234.mp4,tradition,1844,features_cache/59234.pt
WLASL/videos/59236.mp4,tradition,1844,features_cache/59236.pt
WLASL/videos/66663.mp4,tradition,1844,features_cache/66663.pt
WLASL/videos/59229.mp4,tradition,1844,features_cache/59229.pt
WLASL/videos/59233.mp4,tradition,1844,features_cache/59233.pt
WLASL/videos/59722.mp4,trophy,1855,features_cache/59722.pt
WLASL/videos/67325.mp4,trophy,1855,features_cache/67325.pt
WLASL/videos/59723.mp4,trophy,1855,features_cache/59723.pt
WLASL/videos/59724.mp4,trophy,1855,features_cache/59724.pt
WLASL/videos/59727.mp4,trophy,1855,features_cache/59727.pt
WLASL/videos/59729.mp4,trophy,1855,features_cache/59729.pt
WLASL/videos/59734.mp4,trouble,1856,features_cache/59734.pt
WLASL/videos/59741.mp4,trouble,1856,features_cache/59741.pt
WLASL/videos/59742.mp4,trouble,1856,features_cache/59742.pt
WLASL/videos/59743.mp4,trouble,1856,features_cache/59743.pt
WLASL/videos/59735.mp4,trouble,1856,features_cache/59735.pt
WLASL/videos/59740.mp4,trouble,1856,features_cache/59740.pt
WLASL/videos/59783.mp4,true,1858,features_cache/59783.pt
WLASL/videos/59791.mp4,true,1858,features_cache/59791.pt
WLASL/videos/67326.mp4,true,1858,features_cache/67326.pt
WLASL/videos/59792.mp4,true,1858,features_cache/59792.pt
WLASL/videos/59795.mp4,true,1858,features_cache/59795.pt
WLASL/videos/59797.mp4,true,1858,features_cache/59797.pt
WLASL/videos/59827.mp4,trust,1859,features_cache/59827.pt
WLASL/videos/59829.mp4,trust,1859,features_cache/59829.pt
WLASL/videos/59830.mp4,trust,1859,features_cache/59830.pt
WLASL/videos/59831.mp4,trust,1859,features_cache/59831.pt
WLASL/videos/59834.mp4,trust,1859,features_cache/59834.pt
WLASL/videos/59836.mp4,trust,1859,features_cache/59836.pt
WLASL/videos/60500.mp4,under,1875,features_cache/60500.pt
WLASL/videos/70168.mp4,under,1875,features_cache/70168.pt
WLASL/videos/60527.mp4,under,1875,features_cache/60527.pt
WLASL/videos/60520.mp4,under,1875,features_cache/60520.pt
WLASL/videos/60521.mp4,under,1875,features_cache/60521.pt
WLASL/videos/60525.mp4,under,1875,features_cache/60525.pt
WLASL/videos/61439.mp4,verb,1894,features_cache/61439.pt
WLASL/videos/61442.mp4,verb,1894,features_cache/61442.pt
WLASL/videos/67026.mp4,verb,1894,features_cache/67026.pt
WLASL/videos/61443.mp4,verb,1894,features_cache/61443.pt
WLASL/videos/61447.mp4,verb,1894,features_cache/61447.pt
WLASL/videos/61449.mp4,verb,1894,features_cache/61449.pt
WLASL/videos/62187.mp4,wall,1914,features_cache/62187.pt
WLASL/videos/66744.mp4,wall,1914,features_cache/66744.pt
WLASL/videos/62196.mp4,wall,1914,features_cache/62196.pt
WLASL/videos/62197.mp4,wall,1914,features_cache/62197.pt
WLASL/videos/62200.mp4,wall,1914,features_cache/62200.pt
WLASL/videos/62203.mp4,wall,1914,features_cache/62203.pt
WLASL/videos/62515.mp4,watermelon,1928,features_cache/62515.pt
WLASL/videos/62516.mp4,watermelon,1928,features_cache/62516.pt
WLASL/videos/62517.mp4,watermelon,1928,features_cache/62517.pt
WLASL/videos/62519.mp4,watermelon,1928,features_cache/62519.pt
WLASL/videos/62522.mp4,watermelon,1928,features_cache/62522.pt
WLASL/videos/62524.mp4,watermelon,1928,features_cache/62524.pt
WLASL/videos/62569.mp4,way,1929,features_cache/62569.pt
WLASL/videos/62577.mp4,way,1929,features_cache/62577.pt
WLASL/videos/67046.mp4,way,1929,features_cache/67046.pt
WLASL/videos/62570.mp4,way,1929,features_cache/62570.pt
WLASL/videos/62573.mp4,way,1929,features_cache/62573.pt
WLASL/videos/62576.mp4,way,1929,features_cache/62576.pt
WLASL/videos/62817.mp4,weird,1941,features_cache/62817.pt
WLASL/videos/66762.mp4,weird,1941,features_cache/66762.pt
WLASL/videos/62818.mp4,weird,1941,features_cache/62818.pt
WLASL/videos/62819.mp4,weird,1941,features_cache/62819.pt
WLASL/videos/62822.mp4,weird,1941,features_cache/62822.pt
WLASL/videos/62824.mp4,weird,1941,features_cache/62824.pt
WLASL/videos/63116.mp4,while,1952,features_cache/63116.pt
WLASL/videos/66776.mp4,while,1952,features_cache/66776.pt
WLASL/videos/63119.mp4,while,1952,features_cache/63119.pt
WLASL/videos/63120.mp4,while,1952,features_cache/63120.pt
WLASL/videos/63124.mp4,while,1952,features_cache/63124.pt
WLASL/videos/63126.mp4,while,1952,features_cache/63126.pt
WLASL/videos/63308.mp4,wide,1957,features_cache/63308.pt
WLASL/videos/66783.mp4,wide,1957,features_cache/66783.pt
WLASL/videos/63310.mp4,wide,1957,features_cache/63310.pt
WLASL/videos/63311.mp4,wide,1957,features_cache/63311.pt
WLASL/videos/63314.mp4,wide,1957,features_cache/63314.pt
WLASL/videos/63316.mp4,wide,1957,features_cache/63316.pt
WLASL/videos/63376.mp4,willing,1960,features_cache/63376.pt
WLASL/videos/66788.mp4,willing,1960,features_cache/66788.pt
WLASL/videos/63377.mp4,willing,1960,features_cache/63377.pt
WLASL/videos/63378.mp4,willing,1960,features_cache/63378.pt
WLASL/videos/63381.mp4,willing,1960,features_cache/63381.pt
WLASL/videos/63383.mp4,willing,1960,features_cache/63383.pt
WLASL/videos/63555.mp4,wish,1966,features_cache/63555.pt
WLASL/videos/69538.mp4,wish,1966,features_cache/69538.pt
WLASL/videos/67074.mp4,wish,1966,features_cache/67074.pt
WLASL/videos/63556.mp4,wish,1966,features_cache/63556.pt
WLASL/videos/63561.mp4,wish,1966,features_cache/63561.pt
WLASL/videos/63563.mp4,wish,1966,features_cache/63563.pt
WLASL/videos/63688.mp4,wonderful,1974,features_cache/63688.pt
WLASL/videos/70112.mp4,wonderful,1974,features_cache/70112.pt
WLASL/videos/66801.mp4,wonderful,1974,features_cache/66801.pt
WLASL/videos/63689.mp4,wonderful,1974,features_cache/63689.pt
WLASL/videos/63692.mp4,wonderful,1974,features_cache/63692.pt
WLASL/videos/63694.mp4,wonderful,1974,features_cache/63694.pt
WLASL/videos/63820.mp4,workshop,1979,features_cache/63820.pt
WLASL/videos/66806.mp4,workshop,1979,features_cache/66806.pt
WLASL/videos/63821.mp4,workshop,1979,features_cache/63821.pt
WLASL/videos/63822.mp4,workshop,1979,features_cache/63822.pt
WLASL/videos/63825.mp4,workshop,1979,features_cache/63825.pt
WLASL/videos/63827.mp4,workshop,1979,features_cache/63827.pt
WLASL/videos/63884.mp4,worse,1983,features_cache/63884.pt
WLASL/videos/66811.mp4,worse,1983,features_cache/66811.pt
WLASL/videos/63885.mp4,worse,1983,features_cache/63885.pt
WLASL/videos/63886.mp4,worse,1983,features_cache/63886.pt
WLASL/videos/63889.mp4,worse,1983,features_cache/63889.pt
WLASL/videos/63891.mp4,worse,1983,features_cache/63891.pt
WLASL/videos/64000.mp4,wrench,1987,features_cache/64000.pt
WLASL/videos/64006.mp4,wrench,1987,features_cache/64006.pt
WLASL/videos/64010.mp4,wrench,1987,features_cache/64010.pt
WLASL/videos/64011.mp4,wrench,1987,features_cache/64011.pt
WLASL/videos/64001.mp4,wrench,1987,features_cache/64001.pt
WLASL/videos/64003.mp4,wrench,1987,features_cache/64003.pt
WLASL/videos/01610.mp4,a,0,features_cache/01610.pt
WLASL/videos/01611.mp4,a,0,features_cache/01611.pt
WLASL/videos/01612.mp4,a,0,features_cache/01612.pt
WLASL/videos/01614.mp4,a,0,features_cache/01614.pt
WLASL/videos/01615.mp4,a,0,features_cache/01615.pt
WLASL/videos/02124.mp4,a lot,1,features_cache/02124.pt
WLASL/videos/02129.mp4,a lot,1,features_cache/02129.pt
WLASL/videos/02125.mp4,a lot,1,features_cache/02125.pt
WLASL/videos/02126.mp4,a lot,1,features_cache/02126.pt
WLASL/videos/02131.mp4,a lot,1,features_cache/02131.pt
WLASL/videos/00336.mp4,abdomen,2,features_cache/00336.pt
WLASL/videos/00337.mp4,abdomen,2,features_cache/00337.pt
WLASL/videos/00338.mp4,abdomen,2,features_cache/00338.pt
WLASL/videos/00340.mp4,abdomen,2,features_cache/00340.pt
WLASL/videos/00341.mp4,abdomen,2,features_cache/00341.pt
WLASL/videos/00377.mp4,able,3,features_cache/00377.pt
WLASL/videos/00378.mp4,able,3,features_cache/00378.pt
WLASL/videos/00381.mp4,able,3,features_cache/00381.pt
WLASL/videos/00383.mp4,able,3,features_cache/00383.pt
WLASL/videos/00384.mp4,able,3,features_cache/00384.pt
WLASL/videos/67344.mp4,accountant,10,features_cache/67344.pt
WLASL/videos/00690.mp4,accountant,10,features_cache/00690.pt
WLASL/videos/00691.mp4,accountant,10,features_cache/00691.pt
WLASL/videos/00693.mp4,accountant,10,features_cache/00693.pt
WLASL/videos/00694.mp4,accountant,10,features_cache/00694.pt
WLASL/videos/67345.mp4,action,13,features_cache/67345.pt
WLASL/videos/00854.mp4,action,13,features_cache/00854.pt
WLASL/videos/00855.mp4,action,13,features_cache/00855.pt
WLASL/videos/00857.mp4,action,13,features_cache/00857.pt
WLASL/videos/00858.mp4,action,13,features_cache/00858.pt
WLASL/videos/00869.mp4,active,14,features_cache/00869.pt
WLASL/videos/00870.mp4,active,14,features_cache/00870.pt
WLASL/videos/00871.mp4,active,14,features_cache/00871.pt
WLASL/videos/00873.mp4,active,14,features_cache/00873.pt
WLASL/videos/00874.mp4,active,14,features_cache/00874.pt
WLASL/videos/65016.mp4,activity,15,features_cache/65016.pt
WLASL/videos/00890.mp4,activity,15,features_cache/00890.pt
WLASL/videos/00891.mp4,activity,15,features_cache/00891.pt
WLASL/videos/00893.mp4,activity,15,features_cache/00893.pt
WLASL/videos/00894.mp4,activity,15,features_cache/00894.pt
WLASL/videos/01018.mp4,address,19,features_cache/01018.pt
WLASL/videos/01020.mp4,address,19,features_cache/01020.pt
WLASL/videos/67348.mp4,address,19,features_cache/67348.pt
WLASL/videos/01024.mp4,address,19,features_cache/01024.pt
WLASL/videos/01012.mp4,address,19,features_cache/01012.pt
WLASL/videos/01320.mp4,affect,29,features_cache/01320.pt
WLASL/videos/01321.mp4,affect,29,features_cache/01321.pt
WLASL/videos/01322.mp4,affect,29,features_cache/01322.pt
WLASL/videos/01325.mp4,affect,29,features_cache/01325.pt
WLASL/videos/01327.mp4,affect,29,features_cache/01327.pt
WLASL/videos/01374.mp4,afraid,30,features_cache/01374.pt
WLASL/videos/01375.mp4,afraid,30,features_cache/01375.pt
WLASL/videos/01376.mp4,afraid,30,features_cache/01376.pt
WLASL/videos/01379.mp4,afraid,30,features_cache/01379.pt
WLASL/videos/01381.mp4,afraid,30,features_cache/01381.pt
WLASL/videos/01473.mp4,against,35,features_cache/01473.pt
WLASL/videos/01474.mp4,against,35,features_cache/01474.pt
WLASL/videos/01475.mp4,against,35,features_cache/01475.pt
WLASL/videos/01478.mp4,against,35,features_cache/01478.pt
WLASL/videos/01479.mp4,against,35,features_cache/01479.pt
WLASL/videos/01514.mp4,agenda,37,features_cache/01514.pt
WLASL/videos/01515.mp4,agenda,37,features_cache/01515.pt
WLASL/videos/01505.mp4,agenda,37,features_cache/01505.pt
WLASL/videos/01507.mp4,agenda,37,features_cache/01507.pt
WLASL/videos/01509.mp4,agenda,37,features_cache/01509.pt
WLASL/videos/01599.mp4,ahead,41,features_cache/01599.pt
WLASL/videos/01601.mp4,ahead,41,features_cache/01601.pt
WLASL/videos/01602.mp4,ahead,41,features_cache/01602.pt
WLASL/videos/01604.mp4,ahead,41,features_cache/01604.pt
WLASL/videos/01605.mp4,ahead,41,features_cache/01605.pt
WLASL/videos/01652.mp4,aim,43,features_cache/01652.pt
WLASL/videos/01653.mp4,aim,43,features_cache/01653.pt
WLASL/videos/01643.mp4,aim,43,features_cache/01643.pt
WLASL/videos/01645.mp4,aim,43,features_cache/01645.pt
WLASL/videos/01646.mp4,aim,43,features_cache/01646.pt
WLASL/videos/01832.mp4,alcohol,46,features_cache/01832.pt
WLASL/videos/01833.mp4,alcohol,46,features_cache/01833.pt
WLASL/videos/01836.mp4,alcohol,46,features_cache/01836.pt
WLASL/videos/01838.mp4,alcohol,46,features_cache/01838.pt
WLASL/videos/01839.mp4,alcohol,46,features_cache/01839.pt
WLASL/videos/01875.mp4,algebra,47,features_cache/01875.pt
WLASL/videos/01876.mp4,algebra,47,features_cache/01876.pt
WLASL/videos/01877.mp4,algebra,47,features_cache/01877.pt
WLASL/videos/01879.mp4,algebra,47,features_cache/01879.pt
WLASL/videos/01880.mp4,algebra,47,features_cache/01880.pt
WLASL/videos/01922.mp4,all day,49,features_cache/01922.pt
WLASL/videos/01923.mp4,all day,49,features_cache/01923.pt
WLASL/videos/01924.mp4,all day,49,features_cache/01924.pt
WLASL/videos/01926.mp4,all day,49,features_cache/01926.pt
WLASL/videos/01927.mp4,all day,49,features_cache/01927.pt
WLASL/videos/02275.mp4,amazing,59,features_cache/02275.pt
WLASL/videos/02276.mp4,amazing,59,features_cache/02276.pt
WLASL/videos/02269.mp4,amazing,59,features_cache/02269.pt
WLASL/videos/02284.mp4,amazing,59,features_cache/02284.pt
WLASL/videos/02285.mp4,amazing,59,features_cache/02285.pt
WLASL/videos/02558.mp4,angle,66,features_cache/02558.pt
WLASL/videos/02559.mp4,angle,66,features_cache/02559.pt
WLASL/videos/02560.mp4,angle,66,features_cache/02560.pt
WLASL/videos/02562.mp4,angle,66,features_cache/02562.pt
WLASL/videos/02563.mp4,angle,66,features_cache/02563.pt
WLASL/videos/02864.mp4,apart,76,features_cache/02864.pt
WLASL/videos/02865.mp4,apart,76,features_cache/02865.pt
WLASL/videos/02866.mp4,apart,76,features_cache/02866.pt
WLASL/videos/02869.mp4,apart,76,features_cache/02869.pt
WLASL/videos/02870.mp4,apart,76,features_cache/02870.pt
WLASL/videos/02911.mp4,apostrophe,78,features_cache/02911.pt
WLASL/videos/02912.mp4,apostrophe,78,features_cache/02912.pt
WLASL/videos/02913.mp4,apostrophe,78,features_cache/02913.pt
WLASL/videos/02915.mp4,apostrophe,78,features_cache/02915.pt
WLASL/videos/02916.mp4,apostrophe,78,features_cache/02916.pt
WLASL/videos/02970.mp4,appetite,80,features_cache/02970.pt
WLASL/videos/02971.mp4,appetite,80,features_cache/02971.pt
WLASL/videos/02972.mp4,appetite,80,features_cache/02972.pt
WLASL/videos/02974.mp4,appetite,80,features_cache/02974.pt
WLASL/videos/02975.mp4,appetite,80,features_cache/02975.pt
WLASL/videos/03069.mp4,appreciate,83,features_cache/03069.pt
WLASL/videos/03070.mp4,appreciate,83,features_cache/03070.pt
WLASL/videos/03071.mp4,appreciate,83,features_cache/03071.pt
WLASL/videos/03073.mp4,appreciate,83,features_cache/03073.pt
WLASL/videos/03074.mp4,appreciate,83,features_cache/03074.pt
WLASL/videos/03155.mp4,april,87,features_cache/03155.pt
WLASL/videos/03156.mp4,april,87,features_cache/03156.pt
WLASL/videos/03157.mp4,april,87,features_cache/03157.pt
WLASL/videos/03159.mp4,april,87,features_cache/03159.pt
WLASL/videos/03161.mp4,april,87,features_cache/03161.pt
WLASL/videos/03202.mp4,archery,88,features_cache/03202.pt
WLASL/videos/03203.mp4,archery,88,features_cache/03203.pt
WLASL/videos/03204.mp4,archery,88,features_cache/03204.pt
WLASL/videos/03206.mp4,archery,88,features_cache/03206.pt
WLASL/videos/03207.mp4,archery,88,features_cache/03207.pt
WLASL/videos/03385.mp4,around,94,features_cache/03385.pt
WLASL/videos/03387.mp4,around,94,features_cache/03387.pt
WLASL/videos/03389.mp4,around,94,features_cache/03389.pt
WLASL/videos/03377.mp4,around,94,features_cache/03377.pt
WLASL/videos/03378.mp4,around,94,features_cache/03378.pt
WLASL/videos/03490.mp4,article,99,features_cache/03490.pt
WLASL/videos/03491.mp4,article,99,features_cache/03491.pt
WLASL/videos/03492.mp4,article,99,features_cache/03492.pt
WLASL/videos/03494.mp4,article,99,features_cache/03494.pt
WLASL/videos/03495.mp4,article,99,features_cache/03495.pt
WLASL/videos/03757.mp4,assistant,105,features_cache/03757.pt
WLASL/videos/03758.mp4,assistant,105,features_cache/03758.pt
WLASL/videos/03760.mp4,assistant,105,features_cache/03760.pt
WLASL/videos/03762.mp4,assistant,105,features_cache/03762.pt
WLASL/videos/03763.mp4,assistant,105,features_cache/03763.pt
WLASL/videos/04000.mp4,attend,107,features_cache/04000.pt
WLASL/videos/04001.mp4,attend,107,features_cache/04001.pt
WLASL/videos/04002.mp4,attend,107,features_cache/04002.pt
WLASL/videos/04005.mp4,attend,107,features_cache/04005.pt
WLASL/videos/04007.mp4,attend,107,features_cache/04007.pt
WLASL/videos/04101.mp4,auction,112,features_cache/04101.pt
WLASL/videos/04102.mp4,auction,112,features_cache/04102.pt
WLASL/videos/04103.mp4,auction,112,features_cache/04103.pt
WLASL/videos/04105.mp4,auction,112,features_cache/04105.pt
WLASL/videos/04106.mp4,auction,112,features_cache/04106.pt
WLASL/videos/04227.mp4,authority,121,features_cache/04227.pt
WLASL/videos/04228.mp4,authority,121,features_cache/04228.pt
WLASL/videos/04229.mp4,authority,121,features_cache/04229.pt
WLASL/videos/04231.mp4,authority,121,features_cache/04231.pt
WLASL/videos/04232.mp4,authority,121,features_cache/04232.pt
WLASL/videos/04325.mp4,average,124,features_cache/04325.pt
WLASL/videos/04326.mp4,average,124,features_cache/04326.pt
WLASL/videos/04328.mp4,average,124,features_cache/04328.pt
WLASL/videos/04330.mp4,average,124,features_cache/04330.pt
WLASL/videos/04332.mp4,average,124,features_cache/04332.pt
WLASL/videos/04355.mp4,awake,126,features_cache/04355.pt
WLASL/videos/04356.mp4,awake,126,features_cache/04356.pt
WLASL/videos/04357.mp4,awake,126,features_cache/04357.pt
WLASL/videos/04360.mp4,awake,126,features_cache/04360.pt
WLASL/videos/04361.mp4,awake,126,features_cache/04361.pt
WLASL/videos/04466.mp4,b,132,features_cache/04466.pt
WLASL/videos/06121.mp4,b,132,features_cache/06121.pt
WLASL/videos/04467.mp4,b,132,features_cache/04467.pt
WLASL/videos/06123.mp4,b,132,features_cache/06123.pt
WLASL/videos/06124.mp4,b,132,features_cache/06124.pt
WLASL/videos/04532.mp4,babysitter,134,features_cache/04532.pt
WLASL/videos/04533.mp4,babysitter,134,features_cache/04533.pt
WLASL/videos/04534.mp4,babysitter,134,features_cache/04534.pt
WLASL/videos/04536.mp4,babysitter,134,features_cache/04536.pt
WLASL/videos/04537.mp4,babysitter,134,features_cache/04537.pt
WLASL/videos/05369.mp4,battle,158,features_cache/05369.pt
WLASL/videos/05370.mp4,battle,158,features_cache/05370.pt
WLASL/videos/05371.mp4,battle,158,features_cache/05371.pt
WLASL/videos/05373.mp4,battle,158,features_cache/05373.pt
WLASL/videos/05374.mp4,battle,158,features_cache/05374.pt
WLASL/videos/05779.mp4,beginning,170,features_cache/05779.pt
WLASL/videos/05780.mp4,beginning,170,features_cache/05780.pt
WLASL/videos/05781.mp4,beginning,170,features_cache/05781.pt
WLASL/videos/05783.mp4,beginning,170,features_cache/05783.pt
WLASL/videos/05784.mp4,beginning,170,features_cache/05784.pt
WLASL/videos/05846.mp4,belief,173,features_cache/05846.pt
WLASL/videos/05847.mp4,belief,173,features_cache/05847.pt
WLASL/videos/05848.mp4,belief,173,features_cache/05848.pt
WLASL/videos/05850.mp4,belief,173,features_cache/05850.pt
WLASL/videos/05851.mp4,belief,173,features_cache/05851.pt
WLASL/videos/06138.mp4,bible,185,features_cache/06138.pt
WLASL/videos/06139.mp4,bible,185,features_cache/06139.pt
WLASL/videos/06140.mp4,bible,185,features_cache/06140.pt
WLASL/videos/06144.mp4,bible,185,features_cache/06144.pt
WLASL/videos/06145.mp4,bible,185,features_cache/06145.pt
WLASL/videos/68752.mp4,bike,188,features_cache/68752.pt
WLASL/videos/69076.mp4,bike,188,features_cache/69076.pt
WLASL/videos/06215.mp4,bike,188,features_cache/06215.pt
WLASL/videos/06217.mp4,bike,188,features_cache/06217.pt
WLASL/videos/06218.mp4,bike,188,features_cache/06218.pt
WLASL/videos/06614.mp4,blend,199,features_cache/06614.pt
WLASL/videos/06615.mp4,blend,199,features_cache/06615.pt
WLASL/videos/06616.mp4,blend,199,features_cache/06616.pt
WLASL/videos/06619.mp4,blend,199,features_cache/06619.pt
WLASL/videos/06620.mp4,blend,199,features_cache/06620.pt
WLASL/videos/67422.mp4,bone,209,features_cache/67422.pt
WLASL/videos/07033.mp4,bone,209,features_cache/07033.pt
WLASL/videos/07035.mp4,bone,209,features_cache/07035.pt
WLASL/videos/07037.mp4,bone,209,features_cache/07037.pt
WLASL/videos/07038.mp4,bone,209,features_cache/07038.pt
WLASL/videos/07499.mp4,bra,227,features_cache/07499.pt
WLASL/videos/67435.mp4,bra,227,features_cache/67435.pt
WLASL/videos/07500.mp4,bra,227,features_cache/07500.pt
WLASL/videos/07502.mp4,bra,227,features_cache/07502.pt
WLASL/videos/07503.mp4,bra,227,features_cache/07503.pt
WLASL/videos/07767.mp4,brief,241,features_cache/07767.pt
WLASL/videos/07768.mp4,brief,241,features_cache/07768.pt
WLASL/videos/07769.mp4,brief,241,features_cache/07769.pt
WLASL/videos/07771.mp4,brief,241,features_cache/07771.pt
WLASL/videos/07772.mp4,brief,241,features_cache/07772.pt
WLASL/videos/07883.mp4,broke,245,features_cache/07883.pt
WLASL/videos/07884.mp4,broke,245,features_cache/07884.pt
WLASL/videos/07886.mp4,broke,245,features_cache/07886.pt
WLASL/videos/07875.mp4,broke,245,features_cache/07875.pt
WLASL/videos/07876.mp4,broke,245,features_cache/07876.pt
WLASL/videos/67448.mp4,bug,250,features_cache/67448.pt
WLASL/videos/08107.mp4,bug,250,features_cache/08107.pt
WLASL/videos/08109.mp4,bug,250,features_cache/08109.pt
WLASL/videos/08112.mp4,bug,250,features_cache/08112.pt
WLASL/videos/08113.mp4,bug,250,features_cache/08113.pt
WLASL/videos/08181.mp4,bully,254,features_cache/08181.pt
WLASL/videos/08182.mp4,bully,254,features_cache/08182.pt
WLASL/videos/08183.mp4,bully,254,features_cache/08183.pt
WLASL/videos/08186.mp4,bully,254,features_cache/08186.pt
WLASL/videos/08187.mp4,bully,254,features_cache/08187.pt
WLASL/videos/08468.mp4,button,263,features_cache/08468.pt
WLASL/videos/08470.mp4,button,263,features_cache/08470.pt
WLASL/videos/08471.mp4,button,263,features_cache/08471.pt
WLASL/videos/08473.mp4,button,263,features_cache/08473.pt
WLASL/videos/08474.mp4,button,263,features_cache/08474.pt
WLASL/videos/08533.mp4,cabbage,266,features_cache/08533.pt
WLASL/videos/08534.mp4,cabbage,266,features_cache/08534.pt
WLASL/videos/08535.mp4,cabbage,266,features_cache/08535.pt
WLASL/videos/08537.mp4,cabbage,266,features_cache/08537.pt
WLASL/videos/08538.mp4,cabbage,266,features_cache/08538.pt
WLASL/videos/08543.mp4,cabinet,267,features_cache/08543.pt
WLASL/videos/08544.mp4,cabinet,267,features_cache/08544.pt
WLASL/videos/08545.mp4,cabinet,267,features_cache/08545.pt
WLASL/videos/08547.mp4,cabinet,267,features_cache/08547.pt
WLASL/videos/08548.mp4,cabinet,267,features_cache/08548.pt
WLASL/videos/08626.mp4,calculate,270,features_cache/08626.pt
WLASL/videos/08627.mp4,calculate,270,features_cache/08627.pt
WLASL/videos/08628.mp4,calculate,270,features_cache/08628.pt
WLASL/videos/08631.mp4,calculate,270,features_cache/08631.pt
WLASL/videos/08633.mp4,calculate,270,features_cache/08633.pt
WLASL/videos/08636.mp4,calculator,271,features_cache/08636.pt
WLASL/videos/08637.mp4,calculator,271,features_cache/08637.pt
WLASL/videos/08638.mp4,calculator,271,features_cache/08638.pt
WLASL/videos/08640.mp4,calculator,271,features_cache/08640.pt
WLASL/videos/08641.mp4,calculator,271,features_cache/08641.pt
WLASL/videos/08644.mp4,calculus,272,features_cache/08644.pt
WLASL/videos/08645.mp4,calculus,272,features_cache/08645.pt
WLASL/videos/08646.mp4,calculus,272,features_cache/08646.pt
WLASL/videos/08648.mp4,calculus,272,features_cache/08648.pt
WLASL/videos/08649.mp4,calculus,272,features_cache/08649.pt
WLASL/videos/67464.mp4,camping,279,features_cache/67464.pt
WLASL/videos/08825.mp4,camping,279,features_cache/08825.pt
WLASL/videos/08827.mp4,camping,279,features_cache/08827.pt
WLASL/videos/08829.mp4,camping,279,features_cache/08829.pt
WLASL/videos/08830.mp4,camping,279,features_cache/08830.pt
WLASL/videos/67472.mp4,canoe,287,features_cache/67472.pt
WLASL/videos/08979.mp4,canoe,287,features_cache/08979.pt
WLASL/videos/08980.mp4,canoe,287,features_cache/08980.pt
WLASL/videos/08984.mp4,canoe,287,features_cache/08984.pt
WLASL/videos/08985.mp4,canoe,287,features_cache/08985.pt
WLASL/videos/09224.mp4,careless,295,features_cache/09224.pt
WLASL/videos/09216.mp4,careless,295,features_cache/09216.pt
WLASL/videos/09217.mp4,careless,295,features_cache/09217.pt
WLASL/videos/09220.mp4,careless,295,features_cache/09220.pt
WLASL/videos/09222.mp4,careless,295,features_cache/09222.pt
WLASL/videos/09625.mp4,ceiling,305,features_cache/09625.pt
WLASL/videos/09626.mp4,ceiling,305,features_cache/09626.pt
WLASL/videos/09627.mp4,ceiling,305,features_cache/09627.pt
WLASL/videos/09630.mp4,ceiling,305,features_cache/09630.pt
WLASL/videos/09631.mp4,ceiling,305,features_cache/09631.pt
WLASL/videos/09712.mp4,cemetery,307,features_cache/09712.pt
WLASL/videos/09713.mp4,cemetery,307,features_cache/09713.pt
WLASL/videos/09714.mp4,cemetery,307,features_cache/09714.pt
WLASL/videos/09716.mp4,cemetery,307,features_cache/09716.pt
WLASL/videos/09717.mp4,cemetery,307,features_cache/09717.pt
WLASL/videos/10005.mp4,chapter,318,features_cache/10005.pt
WLASL/videos/10007.mp4,chapter,318,features_cache/10007.pt
WLASL/videos/10008.mp4,chapter,318,features_cache/10008.pt
WLASL/videos/10012.mp4,chapter,318,features_cache/10012.pt
WLASL/videos/10013.mp4,chapter,318,features_cache/10013.pt
WLASL/videos/10601.mp4,choir,337,features_cache/10601.pt
WLASL/videos/10602.mp4,choir,337,features_cache/10602.pt
WLASL/videos/10603.mp4,choir,337,features_cache/10603.pt
WLASL/videos/10606.mp4,choir,337,features_cache/10606.pt
WLASL/videos/10607.mp4,choir,337,features_cache/10607.pt
WLASL/videos/65360.mp4,circle,346,features_cache/65360.pt
WLASL/videos/10813.mp4,circle,346,features_cache/10813.pt
WLASL/videos/10814.mp4,circle,346,features_cache/10814.pt
WLASL/videos/10816.mp4,circle,346,features_cache/10816.pt
WLASL/videos/10817.mp4,circle,346,features_cache/10817.pt
WLASL/videos/11884.mp4,come,373,features_cache/11884.pt
WLASL/videos/11876.mp4,come,373,features_cache/11876.pt
WLASL/videos/11877.mp4,come,373,features_cache/11877.pt
WLASL/videos/11879.mp4,come,373,features_cache/11879.pt
WLASL/videos/11882.mp4,come,373,features_cache/11882.pt
WLASL/videos/11872.mp4,come here,374,features_cache/11872.pt
WLASL/videos/11863.mp4,come here,374,features_cache/11863.pt
WLASL/videos/11864.mp4,come here,374,features_cache/11864.pt
WLASL/videos/11866.mp4,come here,374,features_cache/11866.pt
WLASL/videos/11867.mp4,come here,374,features_cache/11867.pt
WLASL/videos/12108.mp4,company,385,features_cache/12108.pt
WLASL/videos/12109.mp4,company,385,features_cache/12109.pt
WLASL/videos/12100.mp4,company,385,features_cache/12100.pt
WLASL/videos/12102.mp4,company,385,features_cache/12102.pt
WLASL/videos/12104.mp4,company,385,features_cache/12104.pt
WLASL/videos/12219.mp4,complete,389,features_cache/12219.pt
WLASL/videos/12221.mp4,complete,389,features_cache/12221.pt
WLASL/videos/12210.mp4,complete,389,features_cache/12210.pt
WLASL/videos/12212.mp4,complete,389,features_cache/12212.pt
WLASL/videos/12213.mp4,complete,389,features_cache/12213.pt
WLASL/videos/65392.mp4,concept,394,features_cache/65392.pt
WLASL/videos/67521.mp4,concept,394,features_cache/67521.pt
WLASL/videos/12402.mp4,concept,394,features_cache/12402.pt
WLASL/videos/12405.mp4,concept,394,features_cache/12405.pt
WLASL/videos/12407.mp4,concept,394,features_cache/12407.pt
WLASL/videos/12415.mp4,concern,395,features_cache/12415.pt
WLASL/videos/12416.mp4,concern,395,features_cache/12416.pt
WLASL/videos/12418.mp4,concern,395,features_cache/12418.pt
WLASL/videos/12420.mp4,concern,395,features_cache/12420.pt
WLASL/videos/12421.mp4,concern,395,features_cache/12421.pt
WLASL/videos/12604.mp4,confront,397,features_cache/12604.pt
WLASL/videos/12605.mp4,confront,397,features_cache/12605.pt
WLASL/videos/12606.mp4,confront,397,features_cache/12606.pt
WLASL/videos/12609.mp4,confront,397,features_cache/12609.pt
WLASL/videos/12610.mp4,confront,397,features_cache/12610.pt
WLASL/videos/12612.mp4,confused,398,features_cache/12612.pt
WLASL/videos/12613.mp4,confused,398,features_cache/12613.pt
WLASL/videos/12614.mp4,confused,398,features_cache/12614.pt
WLASL/videos/12618.mp4,confused,398,features_cache/12618.pt
WLASL/videos/12619.mp4,confused,398,features_cache/12619.pt
WLASL/videos/12650.mp4,congress,400,features_cache/12650.pt
WLASL/videos/12651.mp4,congress,400,features_cache/12651.pt
WLASL/videos/12652.mp4,congress,400,features_cache/12652.pt
WLASL/videos/12655.mp4,congress,400,features_cache/12655.pt
WLASL/videos/12656.mp4,congress,400,features_cache/12656.pt
WLASL/videos/12675.mp4,connect,401,features_cache/12675.pt
WLASL/videos/12676.mp4,connect,401,features_cache/12676.pt
WLASL/videos/12677.mp4,connect,401,features_cache/12677.pt
WLASL/videos/12679.mp4,connect,401,features_cache/12679.pt
WLASL/videos/12680.mp4,connect,401,features_cache/12680.pt
WLASL/videos/12704.mp4,conquer,402,features_cache/12704.pt
WLASL/videos/12696.mp4,conquer,402,features_cache/12696.pt
WLASL/videos/12697.mp4,conquer,402,features_cache/12697.pt
WLASL/videos/12700.mp4,conquer,402,features_cache/12700.pt
WLASL/videos/12702.mp4,conquer,402,features_cache/12702.pt
WLASL/videos/12810.mp4,constitution,404,features_cache/12810.pt
WLASL/videos/12811.mp4,constitution,404,features_cache/12811.pt
WLASL/videos/12812.mp4,constitution,404,features_cache/12812.pt
WLASL/videos/12814.mp4,constitution,404,features_cache/12814.pt
WLASL/videos/12815.mp4,constitution,404,features_cache/12815.pt
WLASL/videos/12988.mp4,contract,410,features_cache/12988.pt
WLASL/videos/12990.mp4,contract,410,features_cache/12990.pt
WLASL/videos/12991.mp4,contract,410,features_cache/12991.pt
WLASL/videos/12993.mp4,contract,410,features_cache/12993.pt
WLASL/videos/12994.mp4,contract,410,features_cache/12994.pt
WLASL/videos/13618.mp4,court,432,features_cache/13618.pt
WLASL/videos/13619.mp4,court,432,features_cache/13619.pt
WLASL/videos/13621.mp4,court,432,features_cache/13621.pt
WLASL/videos/13623.mp4,court,432,features_cache/13623.pt
WLASL/videos/13624.mp4,court,432,features_cache/13624.pt
WLASL/videos/13732.mp4,crab,436,features_cache/13732.pt
WLASL/videos/13733.mp4,crab,436,features_cache/13733.pt
WLASL/videos/13734.mp4,crab,436,features_cache/13734.pt
WLASL/videos/13736.mp4,crab,436,features_cache/13736.pt
WLASL/videos/13737.mp4,crab,436,features_cache/13737.pt
WLASL/videos/67544.mp4,cross,443,features_cache/67544.pt
WLASL/videos/14057.mp4,cross,443,features_cache/14057.pt
WLASL/videos/14048.mp4,cross,443,features_cache/14048.pt
WLASL/videos/14050.mp4,cross,443,features_cache/14050.pt
WLASL/videos/14051.mp4,cross,443,features_cache/14051.pt
WLASL/videos/14128.mp4,cruel,445,features_cache/14128.pt
WLASL/videos/14129.mp4,cruel,445,features_cache/14129.pt
WLASL/videos/14130.mp4,cruel,445,features_cache/14130.pt
WLASL/videos/14132.mp4,cruel,445,features_cache/14132.pt
WLASL/videos/14133.mp4,cruel,445,features_cache/14133.pt
WLASL/videos/14157.mp4,crush,446,features_cache/14157.pt
WLASL/videos/14158.mp4,crush,446,features_cache/14158.pt
WLASL/videos/14160.mp4,crush,446,features_cache/14160.pt
WLASL/videos/14162.mp4,crush,446,features_cache/14162.pt
WLASL/videos/14164.mp4,crush,446,features_cache/14164.pt
WLASL/videos/14728.mp4,date,467,features_cache/14728.pt
WLASL/videos/14738.mp4,date,467,features_cache/14738.pt
WLASL/videos/14740.mp4,date,467,features_cache/14740.pt
WLASL/videos/14729.mp4,date,467,features_cache/14729.pt
WLASL/videos/14732.mp4,date,467,features_cache/14732.pt
WLASL/videos/15019.mp4,december,476,features_cache/15019.pt
WLASL/videos/15020.mp4,december,476,features_cache/15020.pt
WLASL/videos/15021.mp4,december,476,features_cache/15021.pt
WLASL/videos/15023.mp4,december,476,features_cache/15023.pt
WLASL/videos/15025.mp4,december,476,features_cache/15025.pt
WLASL/videos/15120.mp4,decrease,479,features_cache/15120.pt
WLASL/videos/15111.mp4,decrease,479,features_cache/15111.pt
WLASL/videos/15112.mp4,decrease,479,features_cache/15112.pt
WLASL/videos/15115.mp4,decrease,479,features_cache/15115.pt
WLASL/videos/15116.mp4,decrease,479,features_cache/15116.pt
WLASL/videos/15141.mp4,deduct,480,features_cache/15141.pt
WLASL/videos/15142.mp4,deduct,480,features_cache/15142.pt
WLASL/videos/15143.mp4,deduct,480,features_cache/15143.pt
WLASL/videos/15145.mp4,deduct,480,features_cache/15145.pt
WLASL/videos/15146.mp4,deduct,480,features_cache/15146.pt
WLASL/videos/15192.mp4,defeat,483,features_cache/15192.pt
WLASL/videos/15185.mp4,defeat,483,features_cache/15185.pt
WLASL/videos/15196.mp4,defeat,483,features_cache/15196.pt
WLASL/videos/15199.mp4,defeat,483,features_cache/15199.pt
WLASL/videos/15187.mp4,defeat,483,features_cache/15187.pt
WLASL/videos/15633.mp4,deposit,497,features_cache/15633.pt
WLASL/videos/15634.mp4,deposit,497,features_cache/15634.pt
WLASL/videos/15635.mp4,deposit,497,features_cache/15635.pt
WLASL/videos/15637.mp4,deposit,497,features_cache/15637.pt
WLASL/videos/15638.mp4,deposit,497,features_cache/15638.pt
WLASL/videos/65466.mp4,depressed,498,features_cache/65466.pt
WLASL/videos/15648.mp4,depressed,498,features_cache/15648.pt
WLASL/videos/15649.mp4,depressed,498,features_cache/15649.pt
WLASL/videos/15651.mp4,depressed,498,features_cache/15651.pt
WLASL/videos/15652.mp4,depressed,498,features_cache/15652.pt
WLASL/videos/15845.mp4,detach,506,features_cache/15845.pt
WLASL/videos/15846.mp4,detach,506,features_cache/15846.pt
WLASL/videos/15847.mp4,detach,506,features_cache/15847.pt
WLASL/videos/15849.mp4,detach,506,features_cache/15849.pt
WLASL/videos/15850.mp4,detach,506,features_cache/15850.pt
WLASL/videos/15901.mp4,determine,508,features_cache/15901.pt
WLASL/videos/15902.mp4,determine,508,features_cache/15902.pt
WLASL/videos/15904.mp4,determine,508,features_cache/15904.pt
WLASL/videos/15906.mp4,determine,508,features_cache/15906.pt
WLASL/videos/15907.mp4,determine,508,features_cache/15907.pt
WLASL/videos/16004.mp4,diabetes,511,features_cache/16004.pt
WLASL/videos/16005.mp4,diabetes,511,features_cache/16005.pt
WLASL/videos/16006.mp4,diabetes,511,features_cache/16006.pt
WLASL/videos/16008.mp4,diabetes,511,features_cache/16008.pt
WLASL/videos/16009.mp4,diabetes,511,features_cache/16009.pt
WLASL/videos/16269.mp4,dime,521,features_cache/16269.pt
WLASL/videos/16270.mp4,dime,521,features_cache/16270.pt
WLASL/videos/16271.mp4,dime,521,features_cache/16271.pt
WLASL/videos/16273.mp4,dime,521,features_cache/16273.pt
WLASL/videos/16274.mp4,dime,521,features_cache/16274.pt
WLASL/videos/16394.mp4,dirt,527,features_cache/16394.pt
WLASL/videos/16396.mp4,dirt,527,features_cache/16396.pt
WLASL/videos/16397.mp4,dirt,527,features_cache/16397.pt
WLASL/videos/16399.mp4,dirt,527,features_cache/16399.pt
WLASL/videos/16400.mp4,dirt,527,features_cache/16400.pt
WLASL/videos/16641.mp4,disgust,536,features_cache/16641.pt
WLASL/videos/16642.mp4,disgust,536,features_cache/16642.pt
WLASL/videos/16643.mp4,disgust,536,features_cache/16643.pt
WLASL/videos/16645.mp4,disgust,536,features_cache/16645.pt
WLASL/videos/16646.mp4,disgust,536,features_cache/16646.pt
WLASL/videos/16704.mp4,dismiss,538,features_cache/16704.pt
WLASL/videos/16705.mp4,dismiss,538,features_cache/16705.pt
WLASL/videos/16706.mp4,dismiss,538,features_cache/16706.pt
WLASL/videos/16708.mp4,dismiss,538,features_cache/16708.pt
WLASL/videos/16709.mp4,dismiss,538,features_cache/16709.pt
WLASL/videos/16982.mp4,dizzy,545,features_cache/16982.pt
WLASL/videos/16984.mp4,dizzy,545,features_cache/16984.pt
WLASL/videos/16985.mp4,dizzy,545,features_cache/16985.pt
WLASL/videos/16987.mp4,dizzy,545,features_cache/16987.pt
WLASL/videos/16988.mp4,dizzy,545,features_cache/16988.pt
WLASL/videos/17036.mp4,document,547,features_cache/17036.pt
WLASL/videos/17037.mp4,document,547,features_cache/17037.pt
WLASL/videos/17038.mp4,document,547,features_cache/17038.pt
WLASL/videos/17041.mp4,document,547,features_cache/17041.pt
WLASL/videos/17042.mp4,document,547,features_cache/17042.pt
WLASL/videos/17354.mp4,dorm,555,features_cache/17354.pt
WLASL/videos/17355.mp4,dorm,555,features_cache/17355.pt
WLASL/videos/17356.mp4,dorm,555,features_cache/17356.pt
WLASL/videos/17358.mp4,dorm,555,features_cache/17358.pt
WLASL/videos/17359.mp4,dorm,555,features_cache/17359.pt
WLASL/videos/67584.mp4,dormitory,556,features_cache/67584.pt
WLASL/videos/17361.mp4,dormitory,556,features_cache/17361.pt
WLASL/videos/17362.mp4,dormitory,556,features_cache/17362.pt
WLASL/videos/17364.mp4,dormitory,556,features_cache/17364.pt
WLASL/videos/17365.mp4,dormitory,556,features_cache/17365.pt
WLASL/videos/17457.mp4,downstairs,560,features_cache/17457.pt
WLASL/videos/17458.mp4,downstairs,560,features_cache/17458.pt
WLASL/videos/17459.mp4,downstairs,560,features_cache/17459.pt
WLASL/videos/17461.mp4,downstairs,560,features_cache/17461.pt
WLASL/videos/17462.mp4,downstairs,560,features_cache/17462.pt
WLASL/videos/18372.mp4,economy,597,features_cache/18372.pt
WLASL/videos/18373.mp4,economy,597,features_cache/18373.pt
WLASL/videos/18374.mp4,economy,597,features_cache/18374.pt
WLASL/videos/18376.mp4,economy,597,features_cache/18376.pt
WLASL/videos/18377.mp4,economy,597,features_cache/18377.pt
WLASL/videos/18426.mp4,education,599,features_cache/18426.pt
WLASL/videos/18427.mp4,education,599,features_cache/18427.pt
WLASL/videos/18429.mp4,education,599,features_cache/18429.pt
WLASL/videos/18431.mp4,education,599,features_cache/18431.pt
WLASL/videos/18432.mp4,education,599,features_cache/18432.pt
WLASL/videos/18477.mp4,effort,600,features_cache/18477.pt
WLASL/videos/18478.mp4,effort,600,features_cache/18478.pt
WLASL/videos/18479.mp4,effort,600,features_cache/18479.pt
WLASL/videos/18481.mp4,effort,600,features_cache/18481.pt
WLASL/videos/18482.mp4,effort,600,features_cache/18482.pt
WLASL/videos/18551.mp4,eighteen,604,features_cache/18551.pt
WLASL/videos/18552.mp4,eighteen,604,features_cache/18552.pt
WLASL/videos/18554.mp4,eighteen,604,features_cache/18554.pt
WLASL/videos/18556.mp4,eighteen,604,features_cache/18556.pt
WLASL/videos/18557.mp4,eighteen,604,features_cache/18557.pt
WLASL/videos/19184.mp4,engage,620,features_cache/19184.pt
WLASL/videos/19185.mp4,engage,620,features_cache/19185.pt
WLASL/videos/19186.mp4,engage,620,features_cache/19186.pt
WLASL/videos/19188.mp4,engage,620,features_cache/19188.pt
WLASL/videos/19189.mp4,engage,620,features_cache/19189.pt
WLASL/videos/19192.mp4,engagement,621,features_cache/19192.pt
WLASL/videos/19193.mp4,engagement,621,features_cache/19193.pt
WLASL/videos/19194.mp4,engagement,621,features_cache/19194.pt
WLASL/videos/19196.mp4,engagement,621,features_cache/19196.pt
WLASL/videos/19197.mp4,engagement,621,features_cache/19197.pt
WLASL/videos/19200.mp4,engineer,623,features_cache/19200.pt
WLASL/videos/19202.mp4,engineer,623,features_cache/19202.pt
WLASL/videos/19203.mp4,engineer,623,features_cache/19203.pt
WLASL/videos/19206.mp4,engineer,623,features_cache/19206.pt
WLASL/videos/19207.mp4,engineer,623,features_cache/19207.pt
WLASL/videos/19393.mp4,envelope,630,features_cache/19393.pt
WLASL/videos/19394.mp4,envelope,630,features_cache/19394.pt
WLASL/videos/19395.mp4,envelope,630,features_cache/19395.pt
WLASL/videos/19397.mp4,envelope,630,features_cache/19397.pt
WLASL/videos/19398.mp4,envelope,630,features_cache/19398.pt
WLASL/videos/19504.mp4,erase,633,features_cache/19504.pt
WLASL/videos/19505.mp4,erase,633,features_cache/19505.pt
WLASL/videos/19506.mp4,erase,633,features_cache/19506.pt
WLASL/videos/19509.mp4,erase,633,features_cache/19509.pt
WLASL/videos/19510.mp4,erase,633,features_cache/19510.pt
WLASL/videos/19655.mp4,eternity,637,features_cache/19655.pt
WLASL/videos/19656.mp4,eternity,637,features_cache/19656.pt
WLASL/videos/19657.mp4,eternity,637,features_cache/19657.pt
WLASL/videos/19659.mp4,eternity,637,features_cache/19659.pt
WLASL/videos/19660.mp4,eternity,637,features_cache/19660.pt
WLASL/videos/67632.mp4,evening,640,features_cache/67632.pt
WLASL/videos/19743.mp4,evening,640,features_cache/19743.pt
WLASL/videos/19744.mp4,evening,640,features_cache/19744.pt
WLASL/videos/19747.mp4,evening,640,features_cache/19747.pt
WLASL/videos/19748.mp4,evening,640,features_cache/19748.pt
WLASL/videos/19817.mp4,everyday,645,features_cache/19817.pt
WLASL/videos/70040.mp4,everyday,645,features_cache/70040.pt
WLASL/videos/69070.mp4,everyday,645,features_cache/69070.pt
WLASL/videos/19813.mp4,everyday,645,features_cache/19813.pt
WLASL/videos/19818.mp4,everyday,645,features_cache/19818.pt
WLASL/videos/20322.mp4,expand,657,features_cache/20322.pt
WLASL/videos/20313.mp4,expand,657,features_cache/20313.pt
WLASL/videos/20315.mp4,expand,657,features_cache/20315.pt
WLASL/videos/20318.mp4,expand,657,features_cache/20318.pt
WLASL/videos/20320.mp4,expand,657,features_cache/20320.pt
WLASL/videos/65665.mp4,eye,666,features_cache/65665.pt
WLASL/videos/20632.mp4,eye,666,features_cache/20632.pt
WLASL/videos/20633.mp4,eye,666,features_cache/20633.pt
WLASL/videos/20635.mp4,eye,666,features_cache/20635.pt
WLASL/videos/20636.mp4,eye,666,features_cache/20636.pt
WLASL/videos/67639.mp4,eyes,668,features_cache/67639.pt
WLASL/videos/20662.mp4,eyes,668,features_cache/20662.pt
WLASL/videos/20664.mp4,eyes,668,features_cache/20664.pt
WLASL/videos/20666.mp4,eyes,668,features_cache/20666.pt
WLASL/videos/20667.mp4,eyes,668,features_cache/20667.pt
WLASL/videos/20869.mp4,fake,675,features_cache/20869.pt
WLASL/videos/65674.mp4,fake,675,features_cache/65674.pt
WLASL/videos/20871.mp4,fake,675,features_cache/20871.pt
WLASL/videos/20861.mp4,fake,675,features_cache/20861.pt
WLASL/videos/20862.mp4,fake,675,features_cache/20862.pt
WLASL/videos/21087.mp4,farmer,683,features_cache/21087.pt
WLASL/videos/21088.mp4,farmer,683,features_cache/21088.pt
WLASL/videos/21089.mp4,farmer,683,features_cache/21089.pt
WLASL/videos/21091.mp4,farmer,683,features_cache/21091.pt
WLASL/videos/21092.mp4,farmer,683,features_cache/21092.pt
WLASL/videos/21356.mp4,february,690,features_cache/21356.pt
WLASL/videos/21358.mp4,february,690,features_cache/21358.pt
WLASL/videos/21359.mp4,february,690,features_cache/21359.pt
WLASL/videos/21361.mp4,february,690,features_cache/21361.pt
WLASL/videos/21363.mp4,february,690,features_cache/21363.pt
WLASL/videos/21371.mp4,federal,691,features_cache/21371.pt
WLASL/videos/21372.mp4,federal,691,features_cache/21372.pt
WLASL/videos/21373.mp4,federal,691,features_cache/21373.pt
WLASL/videos/21375.mp4,federal,691,features_cache/21375.pt
WLASL/videos/21376.mp4,federal,691,features_cache/21376.pt
WLASL/videos/21821.mp4,final,699,features_cache/21821.pt
WLASL/videos/21822.mp4,final,699,features_cache/21822.pt
WLASL/videos/21823.mp4,final,699,features_cache/21823.pt
WLASL/videos/21825.mp4,final,699,features_cache/21825.pt
WLASL/videos/21826.mp4,final,699,features_cache/21826.pt
WLASL/videos/22511.mp4,florida,719,features_cache/22511.pt
WLASL/videos/22512.mp4,florida,719,features_cache/22512.pt
WLASL/videos/22513.mp4,florida,719,features_cache/22513.pt
WLASL/videos/22515.mp4,florida,719,features_cache/22515.pt
WLASL/videos/22516.mp4,florida,719,features_cache/22516.pt
WLASL/videos/22610.mp4,flute,721,features_cache/22610.pt
WLASL/videos/22611.mp4,flute,721,features_cache/22611.pt
WLASL/videos/22612.mp4,flute,721,features_cache/22612.pt
WLASL/videos/22614.mp4,flute,721,features_cache/22614.pt
WLASL/videos/22615.mp4,flute,721,features_cache/22615.pt
WLASL/videos/22844.mp4,forbid,729,features_cache/22844.pt
WLASL/videos/67676.mp4,forbid,729,features_cache/67676.pt
WLASL/videos/22845.mp4,forbid,729,features_cache/22845.pt
WLASL/videos/22847.mp4,forbid,729,features_cache/22847.pt
WLASL/videos/22848.mp4,forbid,729,features_cache/22848.pt
WLASL/videos/67679.mp4,forever,731,features_cache/67679.pt
WLASL/videos/22927.mp4,forever,731,features_cache/22927.pt
WLASL/videos/22928.mp4,forever,731,features_cache/22928.pt
WLASL/videos/22930.mp4,forever,731,features_cache/22930.pt
WLASL/videos/22931.mp4,forever,731,features_cache/22931.pt
WLASL/videos/23239.mp4,fourth,738,features_cache/23239.pt
WLASL/videos/23240.mp4,fourth,738,features_cache/23240.pt
WLASL/videos/23241.mp4,fourth,738,features_cache/23241.pt
WLASL/videos/23245.mp4,fourth,738,features_cache/23245.pt
WLASL/videos/23246.mp4,fourth,738,features_cache/23246.pt
WLASL/videos/23415.mp4,free,741,features_cache/23415.pt
WLASL/videos/65778.mp4,free,741,features_cache/65778.pt
WLASL/videos/23416.mp4,free,741,features_cache/23416.pt
WLASL/videos/23411.mp4,free,741,features_cache/23411.pt
WLASL/videos/23412.mp4,free,741,features_cache/23412.pt
WLASL/videos/65780.mp4,french fries,745,features_cache/65780.pt
WLASL/videos/23471.mp4,french fries,745,features_cache/23471.pt
WLASL/videos/23472.mp4,french fries,745,features_cache/23472.pt
WLASL/videos/23474.mp4,french fries,745,features_cache/23474.pt
WLASL/videos/23475.mp4,french fries,745,features_cache/23475.pt
WLASL/videos/24015.mp4,gamble,763,features_cache/24015.pt
WLASL/videos/24016.mp4,gamble,763,features_cache/24016.pt
WLASL/videos/24018.mp4,gamble,763,features_cache/24018.pt
WLASL/videos/24021.mp4,gamble,763,features_cache/24021.pt
WLASL/videos/24022.mp4,gamble,763,features_cache/24022.pt
WLASL/videos/24119.mp4,gas,767,features_cache/24119.pt
WLASL/videos/67705.mp4,gas,767,features_cache/67705.pt
WLASL/videos/24120.mp4,gas,767,features_cache/24120.pt
WLASL/videos/24122.mp4,gas,767,features_cache/24122.pt
WLASL/videos/24125.mp4,gas,767,features_cache/24125.pt
WLASL/videos/24133.mp4,gasoline,768,features_cache/24133.pt
WLASL/videos/24134.mp4,gasoline,768,features_cache/24134.pt
WLASL/videos/24136.mp4,gasoline,768,features_cache/24136.pt
WLASL/videos/24138.mp4,gasoline,768,features_cache/24138.pt
WLASL/videos/24139.mp4,gasoline,768,features_cache/24139.pt
WLASL/videos/24268.mp4,generation,772,features_cache/24268.pt
WLASL/videos/24269.mp4,generation,772,features_cache/24269.pt
WLASL/videos/24270.mp4,generation,772,features_cache/24270.pt
WLASL/videos/24273.mp4,generation,772,features_cache/24273.pt
WLASL/videos/24274.mp4,generation,772,features_cache/24274.pt
WLASL/videos/24330.mp4,geography,773,features_cache/24330.pt
WLASL/videos/24331.mp4,geography,773,features_cache/24331.pt
WLASL/videos/24332.mp4,geography,773,features_cache/24332.pt
WLASL/videos/24335.mp4,geography,773,features_cache/24335.pt
WLASL/videos/24337.mp4,geography,773,features_cache/24337.pt
WLASL/videos/24370.mp4,german,775,features_cache/24370.pt
WLASL/videos/24371.mp4,german,775,features_cache/24371.pt
WLASL/videos/24372.mp4,german,775,features_cache/24372.pt
WLASL/videos/24374.mp4,german,775,features_cache/24374.pt
WLASL/videos/24375.mp4,german,775,features_cache/24375.pt
WLASL/videos/24604.mp4,girlfriend,783,features_cache/24604.pt
WLASL/videos/24597.mp4,girlfriend,783,features_cache/24597.pt
WLASL/videos/24594.mp4,girlfriend,783,features_cache/24594.pt
WLASL/videos/24599.mp4,girlfriend,783,features_cache/24599.pt
WLASL/videos/24601.mp4,girlfriend,783,features_cache/24601.pt
WLASL/videos/24996.mp4,gold,793,features_cache/24996.pt
WLASL/videos/24997.mp4,gold,793,features_cache/24997.pt
WLASL/videos/24989.mp4,gold,793,features_cache/24989.pt
WLASL/videos/24990.mp4,gold,793,features_cache/24990.pt
WLASL/videos/24991.mp4,gold,793,features_cache/24991.pt
WLASL/videos/68668.mp4,grandma,806,features_cache/68668.pt
WLASL/videos/25423.mp4,grandma,806,features_cache/25423.pt
WLASL/videos/25424.mp4,grandma,806,features_cache/25424.pt
WLASL/videos/25426.mp4,grandma,806,features_cache/25426.pt
WLASL/videos/25427.mp4,grandma,806,features_cache/25427.pt
WLASL/videos/65850.mp4,grass,809,features_cache/65850.pt
WLASL/videos/25508.mp4,grass,809,features_cache/25508.pt
WLASL/videos/67727.mp4,grass,809,features_cache/67727.pt
WLASL/videos/25511.mp4,grass,809,features_cache/25511.pt
WLASL/videos/25513.mp4,grass,809,features_cache/25513.pt
WLASL/videos/68063.mp4,grow up,818,features_cache/68063.pt
WLASL/videos/65863.mp4,grow up,818,features_cache/65863.pt
WLASL/videos/25873.mp4,grow up,818,features_cache/25873.pt
WLASL/videos/25875.mp4,grow up,818,features_cache/25875.pt
WLASL/videos/25876.mp4,grow up,818,features_cache/25876.pt
WLASL/videos/67736.mp4,gun,824,features_cache/67736.pt
WLASL/videos/26013.mp4,gun,824,features_cache/26013.pt
WLASL/videos/26014.mp4,gun,824,features_cache/26014.pt
WLASL/videos/26017.mp4,gun,824,features_cache/26017.pt
WLASL/videos/26018.mp4,gun,824,features_cache/26018.pt
WLASL/videos/67738.mp4,haircut,829,features_cache/67738.pt
WLASL/videos/26136.mp4,haircut,829,features_cache/26136.pt
WLASL/videos/26139.mp4,haircut,829,features_cache/26139.pt
WLASL/videos/26141.mp4,haircut,829,features_cache/26141.pt
WLASL/videos/26142.mp4,haircut,829,features_cache/26142.pt
WLASL/videos/68066.mp4,hard of hearing,839,features_cache/68066.pt
WLASL/videos/26585.mp4,hard of hearing,839,features_cache/26585.pt
WLASL/videos/26586.mp4,hard of hearing,839,features_cache/26586.pt
WLASL/videos/26587.mp4,hard of hearing,839,features_cache/26587.pt
WLASL/videos/26593.mp4,hard of hearing,839,features_cache/26593.pt
WLASL/videos/27536.mp4,hippopotamus,867,features_cache/27536.pt
WLASL/videos/27537.mp4,hippopotamus,867,features_cache/27537.pt
WLASL/videos/27539.mp4,hippopotamus,867,features_cache/27539.pt
WLASL/videos/27541.mp4,hippopotamus,867,features_cache/27541.pt
WLASL/videos/27542.mp4,hippopotamus,867,features_cache/27542.pt
WLASL/videos/27554.mp4,his,868,features_cache/27554.pt
WLASL/videos/27555.mp4,his,868,features_cache/27555.pt
WLASL/videos/27556.mp4,his,868,features_cache/27556.pt
WLASL/videos/27558.mp4,his,868,features_cache/27558.pt
WLASL/videos/27559.mp4,his,868,features_cache/27559.pt
WLASL/videos/65898.mp4,honey,877,features_cache/65898.pt
WLASL/videos/65899.mp4,honey,877,features_cache/65899.pt
WLASL/videos/27849.mp4,honey,877,features_cache/27849.pt
WLASL/videos/27840.mp4,honey,877,features_cache/27840.pt
WLASL/videos/27841.mp4,honey,877,features_cache/27841.pt
WLASL/videos/28414.mp4,hurricane,894,features_cache/28414.pt
WLASL/videos/28415.mp4,hurricane,894,features_cache/28415.pt
WLASL/videos/28417.mp4,hurricane,894,features_cache/28417.pt
WLASL/videos/28419.mp4,hurricane,894,features_cache/28419.pt
WLASL/videos/28420.mp4,hurricane,894,features_cache/28420.pt
WLASL/videos/28678.mp4,identify,901,features_cache/28678.pt
WLASL/videos/28675.mp4,identify,901,features_cache/28675.pt
WLASL/videos/28680.mp4,identify,901,features_cache/28680.pt
WLASL/videos/28682.mp4,identify,901,features_cache/28682.pt
WLASL/videos/28683.mp4,identify,901,features_cache/28683.pt
WLASL/videos/29279.mp4,include,912,features_cache/29279.pt
WLASL/videos/29280.mp4,include,912,features_cache/29280.pt
WLASL/videos/29281.mp4,include,912,features_cache/29281.pt
WLASL/videos/29283.mp4,include,912,features_cache/29283.pt
WLASL/videos/29284.mp4,include,912,features_cache/29284.pt
WLASL/videos/29562.mp4,infection,917,features_cache/29562.pt
WLASL/videos/29563.mp4,infection,917,features_cache/29563.pt
WLASL/videos/29564.mp4,infection,917,features_cache/29564.pt
WLASL/videos/29566.mp4,infection,917,features_cache/29566.pt
WLASL/videos/29567.mp4,infection,917,features_cache/29567.pt
WLASL/videos/29792.mp4,innocent,921,features_cache/29792.pt
WLASL/videos/29794.mp4,innocent,921,features_cache/29794.pt
WLASL/videos/29795.mp4,innocent,921,features_cache/29795.pt
WLASL/videos/29797.mp4,innocent,921,features_cache/29797.pt
WLASL/videos/29798.mp4,innocent,921,features_cache/29798.pt
WLASL/videos/29843.mp4,insect,922,features_cache/29843.pt
WLASL/videos/29844.mp4,insect,922,features_cache/29844.pt
WLASL/videos/29845.mp4,insect,922,features_cache/29845.pt
WLASL/videos/29848.mp4,insect,922,features_cache/29848.pt
WLASL/videos/29849.mp4,insect,922,features_cache/29849.pt
WLASL/videos/29962.mp4,instead,926,features_cache/29962.pt
WLASL/videos/29963.mp4,instead,926,features_cache/29963.pt
WLASL/videos/29964.mp4,instead,926,features_cache/29964.pt
WLASL/videos/29966.mp4,instead,926,features_cache/29966.pt
WLASL/videos/29967.mp4,instead,926,features_cache/29967.pt
WLASL/videos/29979.mp4,institute,927,features_cache/29979.pt
WLASL/videos/29980.mp4,institute,927,features_cache/29980.pt
WLASL/videos/29981.mp4,institute,927,features_cache/29981.pt
WLASL/videos/29984.mp4,institute,927,features_cache/29984.pt
WLASL/videos/29986.mp4,institute,927,features_cache/29986.pt
WLASL/videos/30218.mp4,international,931,features_cache/30218.pt
WLASL/videos/30219.mp4,international,931,features_cache/30219.pt
WLASL/videos/30220.mp4,international,931,features_cache/30220.pt
WLASL/videos/30222.mp4,international,931,features_cache/30222.pt
WLASL/videos/30223.mp4,international,931,features_cache/30223.pt
WLASL/videos/30287.mp4,interrupt,935,features_cache/30287.pt
WLASL/videos/30288.mp4,interrupt,935,features_cache/30288.pt
WLASL/videos/30289.mp4,interrupt,935,features_cache/30289.pt
WLASL/videos/30281.mp4,interrupt,935,features_cache/30281.pt
WLASL/videos/30283.mp4,interrupt,935,features_cache/30283.pt
WLASL/videos/30523.mp4,involve,942,features_cache/30523.pt
WLASL/videos/30524.mp4,involve,942,features_cache/30524.pt
WLASL/videos/30525.mp4,involve,942,features_cache/30525.pt
WLASL/videos/30527.mp4,involve,942,features_cache/30527.pt
WLASL/videos/30528.mp4,involve,942,features_cache/30528.pt
WLASL/videos/30873.mp4,jail,951,features_cache/30873.pt
WLASL/videos/30875.mp4,jail,951,features_cache/30875.pt
WLASL/videos/30876.mp4,jail,951,features_cache/30876.pt
WLASL/videos/30878.mp4,jail,951,features_cache/30878.pt
WLASL/videos/30879.mp4,jail,951,features_cache/30879.pt
WLASL/videos/30919.mp4,january,952,features_cache/30919.pt
WLASL/videos/30922.mp4,january,952,features_cache/30922.pt
WLASL/videos/30920.mp4,january,952,features_cache/30920.pt
WLASL/videos/30924.mp4,january,952,features_cache/30924.pt
WLASL/videos/30926.mp4,january,952,features_cache/30926.pt
WLASL/videos/31181.mp4,joke,959,features_cache/31181.pt
WLASL/videos/31182.mp4,joke,959,features_cache/31182.pt
WLASL/videos/31183.mp4,joke,959,features_cache/31183.pt
WLASL/videos/31185.mp4,joke,959,features_cache/31185.pt
WLASL/videos/31186.mp4,joke,959,features_cache/31186.pt
WLASL/videos/31347.mp4,june,965,features_cache/31347.pt
WLASL/videos/31348.mp4,june,965,features_cache/31348.pt
WLASL/videos/31349.mp4,june,965,features_cache/31349.pt
WLASL/videos/31351.mp4,june,965,features_cache/31351.pt
WLASL/videos/31353.mp4,june,965,features_cache/31353.pt
WLASL/videos/67811.mp4,kangaroo,967,features_cache/67811.pt
WLASL/videos/31442.mp4,kangaroo,967,features_cache/31442.pt
WLASL/videos/31444.mp4,kangaroo,967,features_cache/31444.pt
WLASL/videos/31446.mp4,kangaroo,967,features_cache/31446.pt
WLASL/videos/31447.mp4,kangaroo,967,features_cache/31447.pt
WLASL/videos/31458.mp4,karate,968,features_cache/31458.pt
WLASL/videos/31459.mp4,karate,968,features_cache/31459.pt
WLASL/videos/31460.mp4,karate,968,features_cache/31460.pt
WLASL/videos/31462.mp4,karate,968,features_cache/31462.pt
WLASL/videos/31463.mp4,karate,968,features_cache/31463.pt
WLASL/videos/31592.mp4,kick,972,features_cache/31592.pt
WLASL/videos/31594.mp4,kick,972,features_cache/31594.pt
WLASL/videos/31595.mp4,kick,972,features_cache/31595.pt
WLASL/videos/31599.mp4,kick,972,features_cache/31599.pt
WLASL/videos/31600.mp4,kick,972,features_cache/31600.pt
WLASL/videos/31833.mp4,kneel,979,features_cache/31833.pt
WLASL/videos/31834.mp4,kneel,979,features_cache/31834.pt
WLASL/videos/31835.mp4,kneel,979,features_cache/31835.pt
WLASL/videos/31837.mp4,kneel,979,features_cache/31837.pt
WLASL/videos/31838.mp4,kneel,979,features_cache/31838.pt
WLASL/videos/66001.mp4,knock,981,features_cache/66001.pt
WLASL/videos/31880.mp4,knock,981,features_cache/31880.pt
WLASL/videos/31882.mp4,knock,981,features_cache/31882.pt
WLASL/videos/31884.mp4,knock,981,features_cache/31884.pt
WLASL/videos/31885.mp4,knock,981,features_cache/31885.pt
WLASL/videos/66009.mp4,laptop,988,features_cache/66009.pt
WLASL/videos/67825.mp4,laptop,988,features_cache/67825.pt
WLASL/videos/32191.mp4,laptop,988,features_cache/32191.pt
WLASL/videos/32193.mp4,laptop,988,features_cache/32193.pt
WLASL/videos/32195.mp4,laptop,988,features_cache/32195.pt
WLASL/videos/33166.mp4,lift,1023,features_cache/33166.pt
WLASL/videos/33167.mp4,lift,1023,features_cache/33167.pt
WLASL/videos/33169.mp4,lift,1023,features_cache/33169.pt
WLASL/videos/33171.mp4,lift,1023,features_cache/33171.pt
WLASL/videos/33172.mp4,lift,1023,features_cache/33172.pt
WLASL/videos/33246.mp4,lightning,1025,features_cache/33246.pt
WLASL/videos/33238.mp4,lightning,1025,features_cache/33238.pt
WLASL/videos/33240.mp4,lightning,1025,features_cache/33240.pt
WLASL/videos/33243.mp4,lightning,1025,features_cache/33243.pt
WLASL/videos/33244.mp4,lightning,1025,features_cache/33244.pt
WLASL/videos/33404.mp4,lip,1031,features_cache/33404.pt
WLASL/videos/33405.mp4,lip,1031,features_cache/33405.pt
WLASL/videos/33406.mp4,lip,1031,features_cache/33406.pt
WLASL/videos/33409.mp4,lip,1031,features_cache/33409.pt
WLASL/videos/33410.mp4,lip,1031,features_cache/33410.pt
WLASL/videos/33423.mp4,lipstick,1032,features_cache/33423.pt
WLASL/videos/33424.mp4,lipstick,1032,features_cache/33424.pt
WLASL/videos/33425.mp4,lipstick,1032,features_cache/33425.pt
WLASL/videos/33427.mp4,lipstick,1032,features_cache/33427.pt
WLASL/videos/33429.mp4,lipstick,1032,features_cache/33429.pt
WLASL/videos/33652.mp4,local,1039,features_cache/33652.pt
WLASL/videos/33653.mp4,local,1039,features_cache/33653.pt
WLASL/videos/33654.mp4,local,1039,features_cache/33654.pt
WLASL/videos/33657.mp4,local,1039,features_cache/33657.pt
WLASL/videos/33658.mp4,local,1039,features_cache/33658.pt
WLASL/videos/34687.mp4,manage,1061,features_cache/34687.pt
WLASL/videos/34688.mp4,manage,1061,features_cache/34688.pt
WLASL/videos/34689.mp4,manage,1061,features_cache/34689.pt
WLASL/videos/34691.mp4,manage,1061,features_cache/34691.pt
WLASL/videos/34692.mp4,manage,1061,features_cache/34692.pt
WLASL/videos/35198.mp4,mature,1068,features_cache/35198.pt
WLASL/videos/35189.mp4,mature,1068,features_cache/35189.pt
WLASL/videos/35190.mp4,mature,1068,features_cache/35190.pt
WLASL/videos/35192.mp4,mature,1068,features_cache/35192.pt
WLASL/videos/35196.mp4,mature,1068,features_cache/35196.pt
WLASL/videos/35575.mp4,member,1082,features_cache/35575.pt
WLASL/videos/35576.mp4,member,1082,features_cache/35576.pt
WLASL/videos/35577.mp4,member,1082,features_cache/35577.pt
WLASL/videos/35579.mp4,member,1082,features_cache/35579.pt
WLASL/videos/35581.mp4,member,1082,features_cache/35581.pt
WLASL/videos/35761.mp4,message,1085,features_cache/35761.pt
WLASL/videos/35762.mp4,message,1085,features_cache/35762.pt
WLASL/videos/35763.mp4,message,1085,features_cache/35763.pt
WLASL/videos/35765.mp4,message,1085,features_cache/35765.pt
WLASL/videos/35768.mp4,message,1085,features_cache/35768.pt
WLASL/videos/35807.mp4,metal,1086,features_cache/35807.pt
WLASL/videos/35798.mp4,metal,1086,features_cache/35798.pt
WLASL/videos/67888.mp4,metal,1086,features_cache/67888.pt
WLASL/videos/35804.mp4,metal,1086,features_cache/35804.pt
WLASL/videos/35805.mp4,metal,1086,features_cache/35805.pt
WLASL/videos/35924.mp4,microphone,1088,features_cache/35924.pt
WLASL/videos/35925.mp4,microphone,1088,features_cache/35925.pt
WLASL/videos/35928.mp4,microphone,1088,features_cache/35928.pt
WLASL/videos/35930.mp4,microphone,1088,features_cache/35930.pt
WLASL/videos/35931.mp4,microphone,1088,features_cache/35931.pt
WLASL/videos/36461.mp4,mix,1103,features_cache/36461.pt
WLASL/videos/36452.mp4,mix,1103,features_cache/36452.pt
WLASL/videos/36462.mp4,mix,1103,features_cache/36462.pt
WLASL/videos/36454.mp4,mix,1103,features_cache/36454.pt
WLASL/videos/36455.mp4,mix,1103,features_cache/36455.pt
WLASL/videos/36745.mp4,monthly,1111,features_cache/36745.pt
WLASL/videos/36746.mp4,monthly,1111,features_cache/36746.pt
WLASL/videos/36747.mp4,monthly,1111,features_cache/36747.pt
WLASL/videos/36749.mp4,monthly,1111,features_cache/36749.pt
WLASL/videos/36750.mp4,monthly,1111,features_cache/36750.pt
WLASL/videos/70092.mp4,motor,1120,features_cache/70092.pt
WLASL/videos/37004.mp4,motor,1120,features_cache/37004.pt
WLASL/videos/37005.mp4,motor,1120,features_cache/37005.pt
WLASL/videos/37007.mp4,motor,1120,features_cache/37007.pt
WLASL/videos/37008.mp4,motor,1120,features_cache/37008.pt
WLASL/videos/37684.mp4,nation,1142,features_cache/37684.pt
WLASL/videos/37685.mp4,nation,1142,features_cache/37685.pt
WLASL/videos/37687.mp4,nation,1142,features_cache/37687.pt
WLASL/videos/37689.mp4,nation,1142,features_cache/37689.pt
WLASL/videos/37690.mp4,nation,1142,features_cache/37690.pt
WLASL/videos/38043.mp4,network,1153,features_cache/38043.pt
WLASL/videos/38044.mp4,network,1153,features_cache/38044.pt
WLASL/videos/38045.mp4,network,1153,features_cache/38045.pt
WLASL/videos/38047.mp4,network,1153,features_cache/38047.pt
WLASL/videos/38048.mp4,network,1153,features_cache/38048.pt
WLASL/videos/38300.mp4,nickel,1161,features_cache/38300.pt
WLASL/videos/38301.mp4,nickel,1161,features_cache/38301.pt
WLASL/videos/38302.mp4,nickel,1161,features_cache/38302.pt
WLASL/videos/38304.mp4,nickel,1161,features_cache/38304.pt
WLASL/videos/38305.mp4,nickel,1161,features_cache/38305.pt
WLASL/videos/38396.mp4,nineteen,1165,features_cache/38396.pt
WLASL/videos/38397.mp4,nineteen,1165,features_cache/38397.pt
WLASL/videos/38398.mp4,nineteen,1165,features_cache/38398.pt
WLASL/videos/38401.mp4,nineteen,1165,features_cache/38401.pt
WLASL/videos/38402.mp4,nineteen,1165,features_cache/38402.pt
WLASL/videos/38643.mp4,normal,1169,features_cache/38643.pt
WLASL/videos/38644.mp4,normal,1169,features_cache/38644.pt
WLASL/videos/38645.mp4,normal,1169,features_cache/38645.pt
WLASL/videos/38647.mp4,normal,1169,features_cache/38647.pt
WLASL/videos/38648.mp4,normal,1169,features_cache/38648.pt
WLASL/videos/38974.mp4,november,1177,features_cache/38974.pt
WLASL/videos/38975.mp4,november,1177,features_cache/38975.pt
WLASL/videos/38976.mp4,november,1177,features_cache/38976.pt
WLASL/videos/38978.mp4,november,1177,features_cache/38978.pt
WLASL/videos/38980.mp4,november,1177,features_cache/38980.pt
WLASL/videos/67941.mp4,nut,1183,features_cache/67941.pt
WLASL/videos/39115.mp4,nut,1183,features_cache/39115.pt
WLASL/videos/39116.mp4,nut,1183,features_cache/39116.pt
WLASL/videos/39119.mp4,nut,1183,features_cache/39119.pt
WLASL/videos/39120.mp4,nut,1183,features_cache/39120.pt
WLASL/videos/39369.mp4,octopus,1191,features_cache/39369.pt
WLASL/videos/39370.mp4,octopus,1191,features_cache/39370.pt
WLASL/videos/39371.mp4,octopus,1191,features_cache/39371.pt
WLASL/videos/39374.mp4,octopus,1191,features_cache/39374.pt
WLASL/videos/39375.mp4,octopus,1191,features_cache/39375.pt
WLASL/videos/39679.mp4,once,1202,features_cache/39679.pt
WLASL/videos/39680.mp4,once,1202,features_cache/39680.pt
WLASL/videos/39681.mp4,once,1202,features_cache/39681.pt
WLASL/videos/39685.mp4,once,1202,features_cache/39685.pt
WLASL/videos/39686.mp4,once,1202,features_cache/39686.pt
WLASL/videos/40230.mp4,organize,1214,features_cache/40230.pt
WLASL/videos/40231.mp4,organize,1214,features_cache/40231.pt
WLASL/videos/40233.mp4,organize,1214,features_cache/40233.pt
WLASL/videos/40235.mp4,organize,1214,features_cache/40235.pt
WLASL/videos/40236.mp4,organize,1214,features_cache/40236.pt
WLASL/videos/40569.mp4,over,1219,features_cache/40569.pt
WLASL/videos/40560.mp4,over,1219,features_cache/40560.pt
WLASL/videos/40561.mp4,over,1219,features_cache/40561.pt
WLASL/videos/40565.mp4,over,1219,features_cache/40565.pt
WLASL/videos/40566.mp4,over,1219,features_cache/40566.pt
WLASL/videos/67955.mp4,owl,1224,features_cache/67955.pt
WLASL/videos/40659.mp4,owl,1224,features_cache/40659.pt
WLASL/videos/40660.mp4,owl,1224,features_cache/40660.pt
WLASL/videos/40662.mp4,owl,1224,features_cache/40662.pt
WLASL/videos/40664.mp4,owl,1224,features_cache/40664.pt
WLASL/videos/42511.mp4,p,1225,features_cache/42511.pt
WLASL/videos/42512.mp4,p,1225,features_cache/42512.pt
WLASL/videos/42513.mp4,p,1225,features_cache/42513.pt
WLASL/videos/42515.mp4,p,1225,features_cache/42515.pt
WLASL/videos/42516.mp4,p,1225,features_cache/42516.pt
WLASL/videos/41055.mp4,parachute,1233,features_cache/41055.pt
WLASL/videos/41056.mp4,parachute,1233,features_cache/41056.pt
WLASL/videos/41057.mp4,parachute,1233,features_cache/41057.pt
WLASL/videos/41059.mp4,parachute,1233,features_cache/41059.pt
WLASL/videos/41060.mp4,parachute,1233,features_cache/41060.pt
WLASL/videos/41079.mp4,paragraph,1235,features_cache/41079.pt
WLASL/videos/41080.mp4,paragraph,1235,features_cache/41080.pt
WLASL/videos/41081.mp4,paragraph,1235,features_cache/41081.pt
WLASL/videos/41083.mp4,paragraph,1235,features_cache/41083.pt
WLASL/videos/41084.mp4,paragraph,1235,features_cache/41084.pt
WLASL/videos/41094.mp4,parallel,1236,features_cache/41094.pt
WLASL/videos/41095.mp4,parallel,1236,features_cache/41095.pt
WLASL/videos/41096.mp4,parallel,1236,features_cache/41096.pt
WLASL/videos/41098.mp4,parallel,1236,features_cache/41098.pt
WLASL/videos/41099.mp4,parallel,1236,features_cache/41099.pt
WLASL/videos/68128.mp4,pay attention,1246,features_cache/68128.pt
WLASL/videos/68872.mp4,pay attention,1246,features_cache/68872.pt
WLASL/videos/41580.mp4,pay attention,1246,features_cache/41580.pt
WLASL/videos/41584.mp4,pay attention,1246,features_cache/41584.pt
WLASL/videos/41585.mp4,pay attention,1246,features_cache/41585.pt
WLASL/videos/67969.mp4,peace,1247,features_cache/67969.pt
WLASL/videos/41654.mp4,peace,1247,features_cache/41654.pt
WLASL/videos/41655.mp4,peace,1247,features_cache/41655.pt
WLASL/videos/41658.mp4,peace,1247,features_cache/41658.pt
WLASL/videos/41659.mp4,peace,1247,features_cache/41659.pt
WLASL/videos/41693.mp4,peanut butter,1250,features_cache/41693.pt
WLASL/videos/41694.mp4,peanut butter,1250,features_cache/41694.pt
WLASL/videos/41695.mp4,peanut butter,1250,features_cache/41695.pt
WLASL/videos/41697.mp4,peanut butter,1250,features_cache/41697.pt
WLASL/videos/41698.mp4,peanut butter,1250,features_cache/41698.pt
WLASL/videos/42040.mp4,perfume,1261,features_cache/42040.pt
WLASL/videos/42041.mp4,perfume,1261,features_cache/42041.pt
WLASL/videos/42043.mp4,perfume,1261,features_cache/42043.pt
WLASL/videos/42045.mp4,perfume,1261,features_cache/42045.pt
WLASL/videos/67978.mp4,perfume,1261,features_cache/67978.pt
WLASL/videos/42215.mp4,personality,1265,features_cache/42215.pt
WLASL/videos/42216.mp4,personality,1265,features_cache/42216.pt
WLASL/videos/42217.mp4,personality,1265,features_cache/42217.pt
WLASL/videos/42219.mp4,personality,1265,features_cache/42219.pt
WLASL/videos/42220.mp4,personality,1265,features_cache/42220.pt
WLASL/videos/42317.mp4,pet,1267,features_cache/42317.pt
WLASL/videos/42308.mp4,pet,1267,features_cache/42308.pt
WLASL/videos/42318.mp4,pet,1267,features_cache/42318.pt
WLASL/videos/42311.mp4,pet,1267,features_cache/42311.pt
WLASL/videos/42314.mp4,pet,1267,features_cache/42314.pt
WLASL/videos/66284.mp4,philadelphia,1268,features_cache/66284.pt
WLASL/videos/66285.mp4,philadelphia,1268,features_cache/66285.pt
WLASL/videos/42379.mp4,philadelphia,1268,features_cache/42379.pt
WLASL/videos/42381.mp4,philadelphia,1268,features_cache/42381.pt
WLASL/videos/42382.mp4,philadelphia,1268,features_cache/42382.pt
WLASL/videos/42542.mp4,physician,1273,features_cache/42542.pt
WLASL/videos/42543.mp4,physician,1273,features_cache/42543.pt
WLASL/videos/42544.mp4,physician,1273,features_cache/42544.pt
WLASL/videos/42546.mp4,physician,1273,features_cache/42546.pt
WLASL/videos/42547.mp4,physician,1273,features_cache/42547.pt
WLASL/videos/42665.mp4,piece,1280,features_cache/42665.pt
WLASL/videos/42666.mp4,piece,1280,features_cache/42666.pt
WLASL/videos/42667.mp4,piece,1280,features_cache/42667.pt
WLASL/videos/42669.mp4,piece,1280,features_cache/42669.pt
WLASL/videos/42670.mp4,piece,1280,features_cache/42670.pt
WLASL/videos/67992.mp4,pity,1285,features_cache/67992.pt
WLASL/videos/42939.mp4,pity,1285,features_cache/42939.pt
WLASL/videos/42940.mp4,pity,1285,features_cache/42940.pt
WLASL/videos/42945.mp4,pity,1285,features_cache/42945.pt
WLASL/videos/42946.mp4,pity,1285,features_cache/42946.pt
WLASL/videos/43089.mp4,plant,1289,features_cache/43089.pt
WLASL/videos/43090.mp4,plant,1289,features_cache/43090.pt
WLASL/videos/43079.mp4,plant,1289,features_cache/43079.pt
WLASL/videos/43082.mp4,plant,1289,features_cache/43082.pt
WLASL/videos/43083.mp4,plant,1289,features_cache/43083.pt
WLASL/videos/43255.mp4,plenty,1294,features_cache/43255.pt
WLASL/videos/43257.mp4,plenty,1294,features_cache/43257.pt
WLASL/videos/43258.mp4,plenty,1294,features_cache/43258.pt
WLASL/videos/43260.mp4,plenty,1294,features_cache/43260.pt
WLASL/videos/43261.mp4,plenty,1294,features_cache/43261.pt
WLASL/videos/43368.mp4,pneumonia,1296,features_cache/43368.pt
WLASL/videos/43369.mp4,pneumonia,1296,features_cache/43369.pt
WLASL/videos/43370.mp4,pneumonia,1296,features_cache/43370.pt
WLASL/videos/43372.mp4,pneumonia,1296,features_cache/43372.pt
WLASL/videos/43373.mp4,pneumonia,1296,features_cache/43373.pt
WLASL/videos/43594.mp4,politics,1304,features_cache/43594.pt
WLASL/videos/43595.mp4,politics,1304,features_cache/43595.pt
WLASL/videos/43596.mp4,politics,1304,features_cache/43596.pt
WLASL/videos/43598.mp4,politics,1304,features_cache/43598.pt
WLASL/videos/43599.mp4,politics,1304,features_cache/43599.pt
WLASL/videos/43801.mp4,position,1309,features_cache/43801.pt
WLASL/videos/43802.mp4,position,1309,features_cache/43802.pt
WLASL/videos/43803.mp4,position,1309,features_cache/43803.pt
WLASL/videos/43806.mp4,position,1309,features_cache/43806.pt
WLASL/videos/43807.mp4,position,1309,features_cache/43807.pt
WLASL/videos/43996.mp4,pound,1316,features_cache/43996.pt
WLASL/videos/43987.mp4,pound,1316,features_cache/43987.pt
WLASL/videos/43988.mp4,pound,1316,features_cache/43988.pt
WLASL/videos/43992.mp4,pound,1316,features_cache/43992.pt
WLASL/videos/43994.mp4,pound,1316,features_cache/43994.pt
WLASL/videos/44010.mp4,pour,1317,features_cache/44010.pt
WLASL/videos/44011.mp4,pour,1317,features_cache/44011.pt
WLASL/videos/44000.mp4,pour,1317,features_cache/44000.pt
WLASL/videos/44003.mp4,pour,1317,features_cache/44003.pt
WLASL/videos/44004.mp4,pour,1317,features_cache/44004.pt
WLASL/videos/44098.mp4,praise,1321,features_cache/44098.pt
WLASL/videos/44099.mp4,praise,1321,features_cache/44099.pt
WLASL/videos/44100.mp4,praise,1321,features_cache/44100.pt
WLASL/videos/44102.mp4,praise,1321,features_cache/44102.pt
WLASL/videos/44103.mp4,praise,1321,features_cache/44103.pt
WLASL/videos/44148.mp4,preach,1323,features_cache/44148.pt
WLASL/videos/44149.mp4,preach,1323,features_cache/44149.pt
WLASL/videos/44150.mp4,preach,1323,features_cache/44150.pt
WLASL/videos/44152.mp4,preach,1323,features_cache/44152.pt
WLASL/videos/44153.mp4,preach,1323,features_cache/44153.pt
WLASL/videos/44141.mp4,preacher,1324,features_cache/44141.pt
WLASL/videos/44142.mp4,preacher,1324,features_cache/44142.pt
WLASL/videos/44143.mp4,preacher,1324,features_cache/44143.pt
WLASL/videos/44145.mp4,preacher,1324,features_cache/44145.pt
WLASL/videos/44146.mp4,preacher,1324,features_cache/44146.pt
WLASL/videos/44221.mp4,prefer,1329,features_cache/44221.pt
WLASL/videos/44222.mp4,prefer,1329,features_cache/44222.pt
WLASL/videos/44224.mp4,prefer,1329,features_cache/44224.pt
WLASL/videos/44226.mp4,prefer,1329,features_cache/44226.pt
WLASL/videos/44227.mp4,prefer,1329,features_cache/44227.pt
WLASL/videos/44397.mp4,pressure,1336,features_cache/44397.pt
WLASL/videos/44398.mp4,pressure,1336,features_cache/44398.pt
WLASL/videos/44399.mp4,pressure,1336,features_cache/44399.pt
WLASL/videos/44401.mp4,pressure,1336,features_cache/44401.pt
WLASL/videos/44402.mp4,pressure,1336,features_cache/44402.pt
WLASL/videos/44539.mp4,principal,1344,features_cache/44539.pt
WLASL/videos/44540.mp4,principal,1344,features_cache/44540.pt
WLASL/videos/44541.mp4,principal,1344,features_cache/44541.pt
WLASL/videos/44543.mp4,principal,1344,features_cache/44543.pt
WLASL/videos/44544.mp4,principal,1344,features_cache/44544.pt
WLASL/videos/44589.mp4,priority,1348,features_cache/44589.pt
WLASL/videos/44592.mp4,priority,1348,features_cache/44592.pt
WLASL/videos/44593.mp4,priority,1348,features_cache/44593.pt
WLASL/videos/44586.mp4,priority,1348,features_cache/44586.pt
WLASL/videos/44587.mp4,priority,1348,features_cache/44587.pt
WLASL/videos/44778.mp4,professional,1354,features_cache/44778.pt
WLASL/videos/44779.mp4,professional,1354,features_cache/44779.pt
WLASL/videos/44780.mp4,professional,1354,features_cache/44780.pt
WLASL/videos/44782.mp4,professional,1354,features_cache/44782.pt
WLASL/videos/44783.mp4,professional,1354,features_cache/44783.pt
WLASL/videos/44791.mp4,professor,1355,features_cache/44791.pt
WLASL/videos/44792.mp4,professor,1355,features_cache/44792.pt
WLASL/videos/44793.mp4,professor,1355,features_cache/44793.pt
WLASL/videos/44795.mp4,professor,1355,features_cache/44795.pt
WLASL/videos/44796.mp4,professor,1355,features_cache/44796.pt
WLASL/videos/67109.mp4,promote,1361,features_cache/67109.pt
WLASL/videos/44907.mp4,promote,1361,features_cache/44907.pt
WLASL/videos/44908.mp4,promote,1361,features_cache/44908.pt
WLASL/videos/44911.mp4,promote,1361,features_cache/44911.pt
WLASL/videos/44912.mp4,promote,1361,features_cache/44912.pt
WLASL/videos/45052.mp4,prostitute,1365,features_cache/45052.pt
WLASL/videos/45053.mp4,prostitute,1365,features_cache/45053.pt
WLASL/videos/45054.mp4,prostitute,1365,features_cache/45054.pt
WLASL/videos/45056.mp4,prostitute,1365,features_cache/45056.pt
WLASL/videos/45057.mp4,prostitute,1365,features_cache/45057.pt
WLASL/videos/45091.mp4,proud,1367,features_cache/45091.pt
WLASL/videos/45092.mp4,proud,1367,features_cache/45092.pt
WLASL/videos/45093.mp4,proud,1367,features_cache/45093.pt
WLASL/videos/45095.mp4,proud,1367,features_cache/45095.pt
WLASL/videos/45096.mp4,proud,1367,features_cache/45096.pt
WLASL/videos/45821.mp4,quote,1395,features_cache/45821.pt
WLASL/videos/45822.mp4,quote,1395,features_cache/45822.pt
WLASL/videos/45823.mp4,quote,1395,features_cache/45823.pt
WLASL/videos/45825.mp4,quote,1395,features_cache/45825.pt
WLASL/videos/45826.mp4,quote,1395,features_cache/45826.pt
WLASL/videos/46492.mp4,receive,1413,features_cache/46492.pt
WLASL/videos/46493.mp4,receive,1413,features_cache/46493.pt
WLASL/videos/46494.mp4,receive,1413,features_cache/46494.pt
WLASL/videos/46496.mp4,receive,1413,features_cache/46496.pt
WLASL/videos/46497.mp4,receive,1413,features_cache/46497.pt
WLASL/videos/46500.mp4,recent,1414,features_cache/46500.pt
WLASL/videos/46501.mp4,recent,1414,features_cache/46501.pt
WLASL/videos/46502.mp4,recent,1414,features_cache/46502.pt
WLASL/videos/46505.mp4,recent,1414,features_cache/46505.pt
WLASL/videos/46506.mp4,recent,1414,features_cache/46506.pt
WLASL/videos/46761.mp4,reduce,1420,features_cache/46761.pt
WLASL/videos/46762.mp4,reduce,1420,features_cache/46762.pt
WLASL/videos/46752.mp4,reduce,1420,features_cache/46752.pt
WLASL/videos/46754.mp4,reduce,1420,features_cache/46754.pt
WLASL/videos/46757.mp4,reduce,1420,features_cache/46757.pt
WLASL/videos/46792.mp4,refer,1421,features_cache/46792.pt
WLASL/videos/46793.mp4,refer,1421,features_cache/46793.pt
WLASL/videos/46794.mp4,refer,1421,features_cache/46794.pt
WLASL/videos/46796.mp4,refer,1421,features_cache/46796.pt
WLASL/videos/46797.mp4,refer,1421,features_cache/46797.pt
WLASL/videos/46776.mp4,referee,1422,features_cache/46776.pt
WLASL/videos/46778.mp4,referee,1422,features_cache/46778.pt
WLASL/videos/46779.mp4,referee,1422,features_cache/46779.pt
WLASL/videos/46781.mp4,referee,1422,features_cache/46781.pt
WLASL/videos/46783.mp4,referee,1422,features_cache/46783.pt
WLASL/videos/47029.mp4,relate,1427,features_cache/47029.pt
WLASL/videos/47030.mp4,relate,1427,features_cache/47030.pt
WLASL/videos/47031.mp4,relate,1427,features_cache/47031.pt
WLASL/videos/47033.mp4,relate,1427,features_cache/47033.pt
WLASL/videos/47034.mp4,relate,1427,features_cache/47034.pt
WLASL/videos/47059.mp4,relax,1429,features_cache/47059.pt
WLASL/videos/47060.mp4,relax,1429,features_cache/47060.pt
WLASL/videos/47061.mp4,relax,1429,features_cache/47061.pt
WLASL/videos/47064.mp4,relax,1429,features_cache/47064.pt
WLASL/videos/47066.mp4,relax,1429,features_cache/47066.pt
WLASL/videos/67133.mp4,remote control,1435,features_cache/67133.pt
WLASL/videos/47221.mp4,remote control,1435,features_cache/47221.pt
WLASL/videos/47222.mp4,remote control,1435,features_cache/47222.pt
WLASL/videos/47224.mp4,remote control,1435,features_cache/47224.pt
WLASL/videos/47225.mp4,remote control,1435,features_cache/47225.pt
WLASL/videos/47272.mp4,rent,1437,features_cache/47272.pt
WLASL/videos/47273.mp4,rent,1437,features_cache/47273.pt
WLASL/videos/47275.mp4,rent,1437,features_cache/47275.pt
WLASL/videos/47278.mp4,rent,1437,features_cache/47278.pt
WLASL/videos/47279.mp4,rent,1437,features_cache/47279.pt
WLASL/videos/47441.mp4,reputation,1443,features_cache/47441.pt
WLASL/videos/47442.mp4,reputation,1443,features_cache/47442.pt
WLASL/videos/47443.mp4,reputation,1443,features_cache/47443.pt
WLASL/videos/47445.mp4,reputation,1443,features_cache/47445.pt
WLASL/videos/47447.mp4,reputation,1443,features_cache/47447.pt
WLASL/videos/47554.mp4,resign,1448,features_cache/47554.pt
WLASL/videos/47555.mp4,resign,1448,features_cache/47555.pt
WLASL/videos/47556.mp4,resign,1448,features_cache/47556.pt
WLASL/videos/47559.mp4,resign,1448,features_cache/47559.pt
WLASL/videos/47561.mp4,resign,1448,features_cache/47561.pt
WLASL/videos/47647.mp4,responsible,1452,features_cache/47647.pt
WLASL/videos/47648.mp4,responsible,1452,features_cache/47648.pt
WLASL/videos/47649.mp4,responsible,1452,features_cache/47649.pt
WLASL/videos/47651.mp4,responsible,1452,features_cache/47651.pt
WLASL/videos/47652.mp4,responsible,1452,features_cache/47652.pt
WLASL/videos/48073.mp4,ridiculous,1464,features_cache/48073.pt
WLASL/videos/48074.mp4,ridiculous,1464,features_cache/48074.pt
WLASL/videos/48075.mp4,ridiculous,1464,features_cache/48075.pt
WLASL/videos/48077.mp4,ridiculous,1464,features_cache/48077.pt
WLASL/videos/48078.mp4,ridiculous,1464,features_cache/48078.pt
WLASL/videos/48274.mp4,road,1469,features_cache/48274.pt
WLASL/videos/48275.mp4,road,1469,features_cache/48275.pt
WLASL/videos/48276.mp4,road,1469,features_cache/48276.pt
WLASL/videos/48278.mp4,road,1469,features_cache/48278.pt
WLASL/videos/48279.mp4,road,1469,features_cache/48279.pt
WLASL/videos/48341.mp4,robot,1473,features_cache/48341.pt
WLASL/videos/48342.mp4,robot,1473,features_cache/48342.pt
WLASL/videos/48343.mp4,robot,1473,features_cache/48343.pt
WLASL/videos/48345.mp4,robot,1473,features_cache/48345.pt
WLASL/videos/48346.mp4,robot,1473,features_cache/48346.pt
WLASL/videos/48686.mp4,rubber,1483,features_cache/48686.pt
WLASL/videos/48687.mp4,rubber,1483,features_cache/48687.pt
WLASL/videos/48688.mp4,rubber,1483,features_cache/48688.pt
WLASL/videos/48690.mp4,rubber,1483,features_cache/48690.pt
WLASL/videos/48691.mp4,rubber,1483,features_cache/48691.pt
WLASL/videos/49003.mp4,safe,1492,features_cache/49003.pt
WLASL/videos/48996.mp4,safe,1492,features_cache/48996.pt
WLASL/videos/49006.mp4,safe,1492,features_cache/49006.pt
WLASL/videos/48998.mp4,safe,1492,features_cache/48998.pt
WLASL/videos/49002.mp4,safe,1492,features_cache/49002.pt
WLASL/videos/49343.mp4,sauce,1501,features_cache/49343.pt
WLASL/videos/49344.mp4,sauce,1501,features_cache/49344.pt
WLASL/videos/49345.mp4,sauce,1501,features_cache/49345.pt
WLASL/videos/49348.mp4,sauce,1501,features_cache/49348.pt
WLASL/videos/49349.mp4,sauce,1501,features_cache/49349.pt
WLASL/videos/49359.mp4,sausage,1502,features_cache/49359.pt
WLASL/videos/49361.mp4,sausage,1502,features_cache/49361.pt
WLASL/videos/49362.mp4,sausage,1502,features_cache/49362.pt
WLASL/videos/49364.mp4,sausage,1502,features_cache/49364.pt
WLASL/videos/49365.mp4,sausage,1502,features_cache/49365.pt
WLASL/videos/49670.mp4,scold,1513,features_cache/49670.pt
WLASL/videos/49671.mp4,scold,1513,features_cache/49671.pt
WLASL/videos/49672.mp4,scold,1513,features_cache/49672.pt
WLASL/videos/49674.mp4,scold,1513,features_cache/49674.pt
WLASL/videos/49675.mp4,scold,1513,features_cache/49675.pt
WLASL/videos/50363.mp4,senior,1531,features_cache/50363.pt
WLASL/videos/50364.mp4,senior,1531,features_cache/50364.pt
WLASL/videos/50365.mp4,senior,1531,features_cache/50365.pt
WLASL/videos/50370.mp4,senior,1531,features_cache/50370.pt
WLASL/videos/50371.mp4,senior,1531,features_cache/50371.pt
WLASL/videos/50453.mp4,september,1535,features_cache/50453.pt
WLASL/videos/50455.mp4,september,1535,features_cache/50455.pt
WLASL/videos/50456.mp4,september,1535,features_cache/50456.pt
WLASL/videos/50459.mp4,september,1535,features_cache/50459.pt
WLASL/videos/50460.mp4,september,1535,features_cache/50460.pt
WLASL/videos/66458.mp4,several,1542,features_cache/66458.pt
WLASL/videos/50704.mp4,several,1542,features_cache/50704.pt
WLASL/videos/50705.mp4,several,1542,features_cache/50705.pt
WLASL/videos/50707.mp4,several,1542,features_cache/50707.pt
WLASL/videos/50708.mp4,several,1542,features_cache/50708.pt
WLASL/videos/50814.mp4,shame,1544,features_cache/50814.pt
WLASL/videos/50815.mp4,shame,1544,features_cache/50815.pt
WLASL/videos/50816.mp4,shame,1544,features_cache/50816.pt
WLASL/videos/50818.mp4,shame,1544,features_cache/50818.pt
WLASL/videos/50819.mp4,shame,1544,features_cache/50819.pt
WLASL/videos/50903.mp4,shave,1548,features_cache/50903.pt
WLASL/videos/67186.mp4,shave,1548,features_cache/67186.pt
WLASL/videos/50904.mp4,shave,1548,features_cache/50904.pt
WLASL/videos/50896.mp4,shave,1548,features_cache/50896.pt
WLASL/videos/50898.mp4,shave,1548,features_cache/50898.pt
WLASL/videos/51163.mp4,shoot,1556,features_cache/51163.pt
WLASL/videos/51165.mp4,shoot,1556,features_cache/51165.pt
WLASL/videos/51154.mp4,shoot,1556,features_cache/51154.pt
WLASL/videos/51156.mp4,shoot,1556,features_cache/51156.pt
WLASL/videos/51157.mp4,shoot,1556,features_cache/51157.pt
WLASL/videos/51276.mp4,shoulder,1561,features_cache/51276.pt
WLASL/videos/67194.mp4,shoulder,1561,features_cache/67194.pt
WLASL/videos/51277.mp4,shoulder,1561,features_cache/51277.pt
WLASL/videos/51280.mp4,shoulder,1561,features_cache/51280.pt
WLASL/videos/51281.mp4,shoulder,1561,features_cache/51281.pt
WLASL/videos/67203.mp4,silver,1574,features_cache/67203.pt
WLASL/videos/51726.mp4,silver,1574,features_cache/51726.pt
WLASL/videos/51717.mp4,silver,1574,features_cache/51717.pt
WLASL/videos/51719.mp4,silver,1574,features_cache/51719.pt
WLASL/videos/51721.mp4,silver,1574,features_cache/51721.pt
WLASL/videos/51750.mp4,simple,1576,features_cache/51750.pt
WLASL/videos/51751.mp4,simple,1576,features_cache/51751.pt
WLASL/videos/51753.mp4,simple,1576,features_cache/51753.pt
WLASL/videos/51756.mp4,simple,1576,features_cache/51756.pt
WLASL/videos/51757.mp4,simple,1576,features_cache/51757.pt
WLASL/videos/51871.mp4,siren,1582,features_cache/51871.pt
WLASL/videos/51872.mp4,siren,1582,features_cache/51872.pt
WLASL/videos/51873.mp4,siren,1582,features_cache/51873.pt
WLASL/videos/51875.mp4,siren,1582,features_cache/51875.pt
WLASL/videos/51876.mp4,siren,1582,features_cache/51876.pt
WLASL/videos/52046.mp4,size,1588,features_cache/52046.pt
WLASL/videos/52047.mp4,size,1588,features_cache/52047.pt
WLASL/videos/52048.mp4,size,1588,features_cache/52048.pt
WLASL/videos/52050.mp4,size,1588,features_cache/52050.pt
WLASL/videos/52051.mp4,size,1588,features_cache/52051.pt
WLASL/videos/67208.mp4,skate,1589,features_cache/67208.pt
WLASL/videos/52072.mp4,skate,1589,features_cache/52072.pt
WLASL/videos/52073.mp4,skate,1589,features_cache/52073.pt
WLASL/videos/52075.mp4,skate,1589,features_cache/52075.pt
WLASL/videos/52076.mp4,skate,1589,features_cache/52076.pt
WLASL/videos/52158.mp4,skin,1594,features_cache/52158.pt
WLASL/videos/52159.mp4,skin,1594,features_cache/52159.pt
WLASL/videos/52160.mp4,skin,1594,features_cache/52160.pt
WLASL/videos/52163.mp4,skin,1594,features_cache/52163.pt
WLASL/videos/52165.mp4,skin,1594,features_cache/52165.pt
WLASL/videos/52215.mp4,skunk,1598,features_cache/52215.pt
WLASL/videos/52216.mp4,skunk,1598,features_cache/52216.pt
WLASL/videos/52217.mp4,skunk,1598,features_cache/52217.pt
WLASL/videos/52220.mp4,skunk,1598,features_cache/52220.pt
WLASL/videos/52221.mp4,skunk,1598,features_cache/52221.pt
WLASL/videos/66505.mp4,slice,1603,features_cache/66505.pt
WLASL/videos/52382.mp4,slice,1603,features_cache/52382.pt
WLASL/videos/52373.mp4,slice,1603,features_cache/52373.pt
WLASL/videos/52378.mp4,slice,1603,features_cache/52378.pt
WLASL/videos/52379.mp4,slice,1603,features_cache/52379.pt
WLASL/videos/52662.mp4,smooth,1611,features_cache/52662.pt
WLASL/videos/52663.mp4,smooth,1611,features_cache/52663.pt
WLASL/videos/52664.mp4,smooth,1611,features_cache/52664.pt
WLASL/videos/52666.mp4,smooth,1611,features_cache/52666.pt
WLASL/videos/52668.mp4,smooth,1611,features_cache/52668.pt
WLASL/videos/52687.mp4,snack,1612,features_cache/52687.pt
WLASL/videos/52688.mp4,snack,1612,features_cache/52688.pt
WLASL/videos/52690.mp4,snack,1612,features_cache/52690.pt
WLASL/videos/52693.mp4,snack,1612,features_cache/52693.pt
WLASL/videos/52694.mp4,snack,1612,features_cache/52694.pt
WLASL/videos/52871.mp4,snowman,1617,features_cache/52871.pt
WLASL/videos/52873.mp4,snowman,1617,features_cache/52873.pt
WLASL/videos/52874.mp4,snowman,1617,features_cache/52874.pt
WLASL/videos/52876.mp4,snowman,1617,features_cache/52876.pt
WLASL/videos/52877.mp4,snowman,1617,features_cache/52877.pt
WLASL/videos/66526.mp4,society,1620,features_cache/66526.pt
WLASL/videos/53000.mp4,society,1620,features_cache/53000.pt
WLASL/videos/52992.mp4,society,1620,features_cache/52992.pt
WLASL/videos/52995.mp4,society,1620,features_cache/52995.pt
WLASL/videos/52997.mp4,society,1620,features_cache/52997.pt
WLASL/videos/53218.mp4,someone,1630,features_cache/53218.pt
WLASL/videos/53219.mp4,someone,1630,features_cache/53219.pt
WLASL/videos/53220.mp4,someone,1630,features_cache/53220.pt
WLASL/videos/53222.mp4,someone,1630,features_cache/53222.pt
WLASL/videos/53223.mp4,someone,1630,features_cache/53223.pt
WLASL/videos/53262.mp4,song,1635,features_cache/53262.pt
WLASL/videos/53263.mp4,song,1635,features_cache/53263.pt
WLASL/videos/53264.mp4,song,1635,features_cache/53264.pt
WLASL/videos/53266.mp4,song,1635,features_cache/53266.pt
WLASL/videos/53267.mp4,song,1635,features_cache/53267.pt
WLASL/videos/53343.mp4,sore throat,1637,features_cache/53343.pt
WLASL/videos/53344.mp4,sore throat,1637,features_cache/53344.pt
WLASL/videos/53345.mp4,sore throat,1637,features_cache/53345.pt
WLASL/videos/53347.mp4,sore throat,1637,features_cache/53347.pt
WLASL/videos/53348.mp4,sore throat,1637,features_cache/53348.pt
WLASL/videos/53459.mp4,south america,1644,features_cache/53459.pt
WLASL/videos/53460.mp4,south america,1644,features_cache/53460.pt
WLASL/videos/53461.mp4,south america,1644,features_cache/53461.pt
WLASL/videos/53463.mp4,south america,1644,features_cache/53463.pt
WLASL/videos/53464.mp4,south america,1644,features_cache/53464.pt
WLASL/videos/53564.mp4,spanish,1646,features_cache/53564.pt
WLASL/videos/53565.mp4,spanish,1646,features_cache/53565.pt
WLASL/videos/53566.mp4,spanish,1646,features_cache/53566.pt
WLASL/videos/53569.mp4,spanish,1646,features_cache/53569.pt
WLASL/videos/53570.mp4,spanish,1646,features_cache/53570.pt
WLASL/videos/53621.mp4,speak,1647,features_cache/53621.pt
WLASL/videos/53622.mp4,speak,1647,features_cache/53622.pt
WLASL/videos/53623.mp4,speak,1647,features_cache/53623.pt
WLASL/videos/53625.mp4,speak,1647,features_cache/53625.pt
WLASL/videos/53626.mp4,speak,1647,features_cache/53626.pt
WLASL/videos/53737.mp4,speed,1651,features_cache/53737.pt
WLASL/videos/53738.mp4,speed,1651,features_cache/53738.pt
WLASL/videos/53739.mp4,speed,1651,features_cache/53739.pt
WLASL/videos/53743.mp4,speed,1651,features_cache/53743.pt
WLASL/videos/53744.mp4,speed,1651,features_cache/53744.pt
WLASL/videos/53772.mp4,spell,1652,features_cache/53772.pt
WLASL/videos/53773.mp4,spell,1652,features_cache/53773.pt
WLASL/videos/53774.mp4,spell,1652,features_cache/53774.pt
WLASL/videos/53777.mp4,spell,1652,features_cache/53777.pt
WLASL/videos/53778.mp4,spell,1652,features_cache/53778.pt
WLASL/videos/54004.mp4,spoon,1658,features_cache/54004.pt
WLASL/videos/67234.mp4,spoon,1658,features_cache/67234.pt
WLASL/videos/54014.mp4,spoon,1658,features_cache/54014.pt
WLASL/videos/54007.mp4,spoon,1658,features_cache/54007.pt
WLASL/videos/54008.mp4,spoon,1658,features_cache/54008.pt
WLASL/videos/54118.mp4,spring,1661,features_cache/54118.pt
WLASL/videos/54119.mp4,spring,1661,features_cache/54119.pt
WLASL/videos/54120.mp4,spring,1661,features_cache/54120.pt
WLASL/videos/54123.mp4,spring,1661,features_cache/54123.pt
WLASL/videos/54124.mp4,spring,1661,features_cache/54124.pt
WLASL/videos/54364.mp4,standard,1671,features_cache/54364.pt
WLASL/videos/54366.mp4,standard,1671,features_cache/54366.pt
WLASL/videos/54367.mp4,standard,1671,features_cache/54367.pt
WLASL/videos/54369.mp4,standard,1671,features_cache/54369.pt
WLASL/videos/54370.mp4,standard,1671,features_cache/54370.pt
WLASL/videos/54531.mp4,statistics,1675,features_cache/54531.pt
WLASL/videos/54532.mp4,statistics,1675,features_cache/54532.pt
WLASL/videos/54533.mp4,statistics,1675,features_cache/54533.pt
WLASL/videos/54535.mp4,statistics,1675,features_cache/54535.pt
WLASL/videos/54536.mp4,statistics,1675,features_cache/54536.pt
WLASL/videos/54763.mp4,sticky,1680,features_cache/54763.pt
WLASL/videos/54764.mp4,sticky,1680,features_cache/54764.pt
WLASL/videos/54765.mp4,sticky,1680,features_cache/54765.pt
WLASL/videos/54767.mp4,sticky,1680,features_cache/54767.pt
WLASL/videos/54768.mp4,sticky,1680,features_cache/54768.pt
WLASL/videos/54789.mp4,still,1681,features_cache/54789.pt
WLASL/videos/66555.mp4,still,1681,features_cache/66555.pt
WLASL/videos/54780.mp4,still,1681,features_cache/54780.pt
WLASL/videos/54781.mp4,still,1681,features_cache/54781.pt
WLASL/videos/54782.mp4,still,1681,features_cache/54782.pt
WLASL/videos/55190.mp4,stretch,1696,features_cache/55190.pt
WLASL/videos/55191.mp4,stretch,1696,features_cache/55191.pt
WLASL/videos/55192.mp4,stretch,1696,features_cache/55192.pt
WLASL/videos/55194.mp4,stretch,1696,features_cache/55194.pt
WLASL/videos/55195.mp4,stretch,1696,features_cache/55195.pt
WLASL/videos/56073.mp4,surgeon,1724,features_cache/56073.pt
WLASL/videos/56074.mp4,surgeon,1724,features_cache/56074.pt
WLASL/videos/56075.mp4,surgeon,1724,features_cache/56075.pt
WLASL/videos/56077.mp4,surgeon,1724,features_cache/56077.pt
WLASL/videos/56078.mp4,surgeon,1724,features_cache/56078.pt
WLASL/videos/56272.mp4,sweden,1732,features_cache/56272.pt
WLASL/videos/56273.mp4,sweden,1732,features_cache/56273.pt
WLASL/videos/56275.mp4,sweden,1732,features_cache/56275.pt
WLASL/videos/56277.mp4,sweden,1732,features_cache/56277.pt
WLASL/videos/56279.mp4,sweden,1732,features_cache/56279.pt
WLASL/videos/56369.mp4,swimsuit,1738,features_cache/56369.pt
WLASL/videos/56370.mp4,swimsuit,1738,features_cache/56370.pt
WLASL/videos/56371.mp4,swimsuit,1738,features_cache/56371.pt
WLASL/videos/56373.mp4,swimsuit,1738,features_cache/56373.pt
WLASL/videos/56374.mp4,swimsuit,1738,features_cache/56374.pt
WLASL/videos/56481.mp4,sympathy,1742,features_cache/56481.pt
WLASL/videos/56482.mp4,sympathy,1742,features_cache/56482.pt
WLASL/videos/56483.mp4,sympathy,1742,features_cache/56483.pt
WLASL/videos/56487.mp4,sympathy,1742,features_cache/56487.pt
WLASL/videos/56488.mp4,sympathy,1742,features_cache/56488.pt
WLASL/videos/56764.mp4,take turns,1746,features_cache/56764.pt
WLASL/videos/56765.mp4,take turns,1746,features_cache/56765.pt
WLASL/videos/56766.mp4,take turns,1746,features_cache/56766.pt
WLASL/videos/56768.mp4,take turns,1746,features_cache/56768.pt
WLASL/videos/56769.mp4,take turns,1746,features_cache/56769.pt
WLASL/videos/68164.mp4,take up,1747,features_cache/68164.pt
WLASL/videos/56771.mp4,take up,1747,features_cache/56771.pt
WLASL/videos/56772.mp4,take up,1747,features_cache/56772.pt
WLASL/videos/56774.mp4,take up,1747,features_cache/56774.pt
WLASL/videos/56775.mp4,take up,1747,features_cache/56775.pt
WLASL/videos/57170.mp4,technology,1759,features_cache/57170.pt
WLASL/videos/57171.mp4,technology,1759,features_cache/57171.pt
WLASL/videos/57172.mp4,technology,1759,features_cache/57172.pt
WLASL/videos/57174.mp4,technology,1759,features_cache/57174.pt
WLASL/videos/57175.mp4,technology,1759,features_cache/57175.pt
WLASL/videos/57322.mp4,temple,1766,features_cache/57322.pt
WLASL/videos/57323.mp4,temple,1766,features_cache/57323.pt
WLASL/videos/57324.mp4,temple,1766,features_cache/57324.pt
WLASL/videos/57328.mp4,temple,1766,features_cache/57328.pt
WLASL/videos/57329.mp4,temple,1766,features_cache/57329.pt
WLASL/videos/57369.mp4,tender,1770,features_cache/57369.pt
WLASL/videos/57370.mp4,tender,1770,features_cache/57370.pt
WLASL/videos/57371.mp4,tender,1770,features_cache/57371.pt
WLASL/videos/57374.mp4,tender,1770,features_cache/57374.pt
WLASL/videos/57375.mp4,tender,1770,features_cache/57375.pt
WLASL/videos/57598.mp4,thailand,1778,features_cache/57598.pt
WLASL/videos/57599.mp4,thailand,1778,features_cache/57599.pt
WLASL/videos/57600.mp4,thailand,1778,features_cache/57600.pt
WLASL/videos/57602.mp4,thailand,1778,features_cache/57602.pt
WLASL/videos/57603.mp4,thailand,1778,features_cache/57603.pt
WLASL/videos/67298.mp4,theater,1784,features_cache/67298.pt
WLASL/videos/57706.mp4,theater,1784,features_cache/57706.pt
WLASL/videos/57707.mp4,theater,1784,features_cache/57707.pt
WLASL/videos/57711.mp4,theater,1784,features_cache/57711.pt
WLASL/videos/57712.mp4,theater,1784,features_cache/57712.pt
WLASL/videos/57751.mp4,them,1786,features_cache/57751.pt
WLASL/videos/57752.mp4,them,1786,features_cache/57752.pt
WLASL/videos/57753.mp4,them,1786,features_cache/57753.pt
WLASL/videos/57755.mp4,them,1786,features_cache/57755.pt
WLASL/videos/57756.mp4,them,1786,features_cache/57756.pt
WLASL/videos/57745.mp4,theme,1787,features_cache/57745.pt
WLASL/videos/57746.mp4,theme,1787,features_cache/57746.pt
WLASL/videos/57747.mp4,theme,1787,features_cache/57747.pt
WLASL/videos/57749.mp4,theme,1787,features_cache/57749.pt
WLASL/videos/57750.mp4,theme,1787,features_cache/57750.pt
WLASL/videos/57900.mp4,thick,1796,features_cache/57900.pt
WLASL/videos/57901.mp4,thick,1796,features_cache/57901.pt
WLASL/videos/57892.mp4,thick,1796,features_cache/57892.pt
WLASL/videos/57894.mp4,thick,1796,features_cache/57894.pt
WLASL/videos/57896.mp4,thick,1796,features_cache/57896.pt
WLASL/videos/58077.mp4,this,1802,features_cache/58077.pt
WLASL/videos/58079.mp4,this,1802,features_cache/58079.pt
WLASL/videos/66628.mp4,this,1802,features_cache/66628.pt
WLASL/videos/58072.mp4,this,1802,features_cache/58072.pt
WLASL/videos/58074.mp4,this,1802,features_cache/58074.pt
WLASL/videos/58253.mp4,throat,1806,features_cache/58253.pt
WLASL/videos/58254.mp4,throat,1806,features_cache/58254.pt
WLASL/videos/58255.mp4,throat,1806,features_cache/58255.pt
WLASL/videos/58257.mp4,throat,1806,features_cache/58257.pt
WLASL/videos/58258.mp4,throat,1806,features_cache/58258.pt
WLASL/videos/58611.mp4,tissue,1816,features_cache/58611.pt
WLASL/videos/58612.mp4,tissue,1816,features_cache/58612.pt
WLASL/videos/58613.mp4,tissue,1816,features_cache/58613.pt
WLASL/videos/58615.mp4,tissue,1816,features_cache/58615.pt
WLASL/videos/58616.mp4,tissue,1816,features_cache/58616.pt
WLASL/videos/58822.mp4,tongue,1828,features_cache/58822.pt
WLASL/videos/58824.mp4,tongue,1828,features_cache/58824.pt
WLASL/videos/58825.mp4,tongue,1828,features_cache/58825.pt
WLASL/videos/58828.mp4,tongue,1828,features_cache/58828.pt
WLASL/videos/58829.mp4,tongue,1828,features_cache/58829.pt
WLASL/videos/58835.mp4,tonight,1829,features_cache/58835.pt
WLASL/videos/58836.mp4,tonight,1829,features_cache/58836.pt
WLASL/videos/58837.mp4,tonight,1829,features_cache/58837.pt
WLASL/videos/58839.mp4,tonight,1829,features_cache/58839.pt
WLASL/videos/58840.mp4,tonight,1829,features_cache/58840.pt
WLASL/videos/58977.mp4,tornado,1834,features_cache/58977.pt
WLASL/videos/67316.mp4,tornado,1834,features_cache/67316.pt
WLASL/videos/58978.mp4,tornado,1834,features_cache/58978.pt
WLASL/videos/58980.mp4,tornado,1834,features_cache/58980.pt
WLASL/videos/58983.mp4,tornado,1834,features_cache/58983.pt
WLASL/videos/59134.mp4,tower,1841,features_cache/59134.pt
WLASL/videos/59135.mp4,tower,1841,features_cache/59135.pt
WLASL/videos/59136.mp4,tower,1841,features_cache/59136.pt
WLASL/videos/59138.mp4,tower,1841,features_cache/59138.pt
WLASL/videos/59139.mp4,tower,1841,features_cache/59139.pt
WLASL/videos/59350.mp4,tranquil,1847,features_cache/59350.pt
WLASL/videos/59351.mp4,tranquil,1847,features_cache/59351.pt
WLASL/videos/59352.mp4,tranquil,1847,features_cache/59352.pt
WLASL/videos/59354.mp4,tranquil,1847,features_cache/59354.pt
WLASL/videos/59355.mp4,tranquil,1847,features_cache/59355.pt
WLASL/videos/59384.mp4,transform,1849,features_cache/59384.pt
WLASL/videos/59385.mp4,transform,1849,features_cache/59385.pt
WLASL/videos/59386.mp4,transform,1849,features_cache/59386.pt
WLASL/videos/59388.mp4,transform,1849,features_cache/59388.pt
WLASL/videos/59389.mp4,transform,1849,features_cache/59389.pt
WLASL/videos/60058.mp4,tutor,1866,features_cache/60058.pt
WLASL/videos/60059.mp4,tutor,1866,features_cache/60059.pt
WLASL/videos/60060.mp4,tutor,1866,features_cache/60060.pt
WLASL/videos/60062.mp4,tutor,1866,features_cache/60062.pt
WLASL/videos/60064.mp4,tutor,1866,features_cache/60064.pt
WLASL/videos/60155.mp4,twin,1868,features_cache/60155.pt
WLASL/videos/60156.mp4,twin,1868,features_cache/60156.pt
WLASL/videos/60157.mp4,twin,1868,features_cache/60157.pt
WLASL/videos/60161.mp4,twin,1868,features_cache/60161.pt
WLASL/videos/60162.mp4,twin,1868,features_cache/60162.pt
WLASL/videos/60721.mp4,united states,1879,features_cache/60721.pt
WLASL/videos/60722.mp4,united states,1879,features_cache/60722.pt
WLASL/videos/60723.mp4,united states,1879,features_cache/60723.pt
WLASL/videos/60728.mp4,united states,1879,features_cache/60728.pt
WLASL/videos/60729.mp4,united states,1879,features_cache/60729.pt
WLASL/videos/61241.mp4,value,1891,features_cache/61241.pt
WLASL/videos/61233.mp4,value,1891,features_cache/61233.pt
WLASL/videos/61236.mp4,value,1891,features_cache/61236.pt
WLASL/videos/61238.mp4,value,1891,features_cache/61238.pt
WLASL/videos/61239.mp4,value,1891,features_cache/61239.pt
WLASL/videos/61826.mp4,visitor,1900,features_cache/61826.pt
WLASL/videos/61827.mp4,visitor,1900,features_cache/61827.pt
WLASL/videos/61828.mp4,visitor,1900,features_cache/61828.pt
WLASL/videos/61830.mp4,visitor,1900,features_cache/61830.pt
WLASL/videos/61831.mp4,visitor,1900,features_cache/61831.pt
WLASL/videos/67035.mp4,waiter,1911,features_cache/67035.pt
WLASL/videos/62087.mp4,waiter,1911,features_cache/62087.pt
WLASL/videos/62088.mp4,waiter,1911,features_cache/62088.pt
WLASL/videos/62092.mp4,waiter,1911,features_cache/62092.pt
WLASL/videos/62093.mp4,waiter,1911,features_cache/62093.pt
WLASL/videos/62143.mp4,wake up,1912,features_cache/62143.pt
WLASL/videos/62146.mp4,wake up,1912,features_cache/62146.pt
WLASL/videos/62147.mp4,wake up,1912,features_cache/62147.pt
WLASL/videos/62149.mp4,wake up,1912,features_cache/62149.pt
WLASL/videos/62150.mp4,wake up,1912,features_cache/62150.pt
WLASL/videos/62190.mp4,wallet,1915,features_cache/62190.pt
WLASL/videos/62191.mp4,wallet,1915,features_cache/62191.pt
WLASL/videos/62192.mp4,wallet,1915,features_cache/62192.pt
WLASL/videos/62194.mp4,wallet,1915,features_cache/62194.pt
WLASL/videos/62195.mp4,wallet,1915,features_cache/62195.pt
WLASL/videos/62230.mp4,wander,1916,features_cache/62230.pt
WLASL/videos/62231.mp4,wander,1916,features_cache/62231.pt
WLASL/videos/62232.mp4,wander,1916,features_cache/62232.pt
WLASL/videos/62235.mp4,wander,1916,features_cache/62235.pt
WLASL/videos/62236.mp4,wander,1916,features_cache/62236.pt
WLASL/videos/62344.mp4,wash face,1922,features_cache/62344.pt
WLASL/videos/62345.mp4,wash face,1922,features_cache/62345.pt
WLASL/videos/62346.mp4,wash face,1922,features_cache/62346.pt
WLASL/videos/62348.mp4,wash face,1922,features_cache/62348.pt
WLASL/videos/62349.mp4,wash face,1922,features_cache/62349.pt
WLASL/videos/62792.mp4,weight,1940,features_cache/62792.pt
WLASL/videos/62793.mp4,weight,1940,features_cache/62793.pt
WLASL/videos/62794.mp4,weight,1940,features_cache/62794.pt
WLASL/videos/62796.mp4,weight,1940,features_cache/62796.pt
WLASL/videos/62797.mp4,weight,1940,features_cache/62797.pt
WLASL/videos/62933.mp4,whale,1945,features_cache/62933.pt
WLASL/videos/62934.mp4,whale,1945,features_cache/62934.pt
WLASL/videos/62936.mp4,whale,1945,features_cache/62936.pt
WLASL/videos/62938.mp4,whale,1945,features_cache/62938.pt
WLASL/videos/62941.mp4,whale,1945,features_cache/62941.pt
WLASL/videos/67060.mp4,whatever,1947,features_cache/67060.pt
WLASL/videos/62952.mp4,whatever,1947,features_cache/62952.pt
WLASL/videos/62953.mp4,whatever,1947,features_cache/62953.pt
WLASL/videos/62955.mp4,whatever,1947,features_cache/62955.pt
WLASL/videos/62956.mp4,whatever,1947,features_cache/62956.pt
WLASL/videos/63599.mp4,within,1968,features_cache/63599.pt
WLASL/videos/63600.mp4,within,1968,features_cache/63600.pt
WLASL/videos/63601.mp4,within,1968,features_cache/63601.pt
WLASL/videos/63603.mp4,within,1968,features_cache/63603.pt
WLASL/videos/63604.mp4,within,1968,features_cache/63604.pt
WLASL/videos/66800.mp4,wonder,1973,features_cache/66800.pt
WLASL/videos/63695.mp4,wonder,1973,features_cache/63695.pt
WLASL/videos/67079.mp4,wonder,1973,features_cache/67079.pt
WLASL/videos/63697.mp4,wonder,1973,features_cache/63697.pt
WLASL/videos/63698.mp4,wonder,1973,features_cache/63698.pt
WLASL/videos/63780.mp4,worker,1978,features_cache/63780.pt
WLASL/videos/63781.mp4,worker,1978,features_cache/63781.pt
WLASL/videos/63782.mp4,worker,1978,features_cache/63782.pt
WLASL/videos/63784.mp4,worker,1978,features_cache/63784.pt
WLASL/videos/63785.mp4,worker,1978,features_cache/63785.pt
WLASL/videos/63917.mp4,worthless,1984,features_cache/63917.pt
WLASL/videos/63918.mp4,worthless,1984,features_cache/63918.pt
WLASL/videos/63919.mp4,worthless,1984,features_cache/63919.pt
WLASL/videos/63921.mp4,worthless,1984,features_cache/63921.pt
WLASL/videos/63922.mp4,worthless,1984,features_cache/63922.pt
WLASL/videos/63971.mp4,wrap,1986,features_cache/63971.pt
WLASL/videos/63972.mp4,wrap,1986,features_cache/63972.pt
WLASL/videos/63974.mp4,wrap,1986,features_cache/63974.pt
WLASL/videos/63976.mp4,wrap,1986,features_cache/63976.pt
WLASL/videos/63978.mp4,wrap,1986,features_cache/63978.pt
WLASL/videos/00583.mp4,accent,6,features_cache/00583.pt
WLASL/videos/00584.mp4,accent,6,features_cache/00584.pt
WLASL/videos/00585.mp4,accent,6,features_cache/00585.pt
WLASL/videos/00586.mp4,accent,6,features_cache/00586.pt
WLASL/videos/00587.mp4,accent,6,features_cache/00587.pt
WLASL/videos/67346.mp4,act,12,features_cache/67346.pt
WLASL/videos/00847.mp4,act,12,features_cache/00847.pt
WLASL/videos/00849.mp4,act,12,features_cache/00849.pt
WLASL/videos/00850.mp4,act,12,features_cache/00850.pt
WLASL/videos/00851.mp4,act,12,features_cache/00851.pt
WLASL/videos/00946.mp4,adapt,17,features_cache/00946.pt
WLASL/videos/00947.mp4,adapt,17,features_cache/00947.pt
WLASL/videos/00949.mp4,adapt,17,features_cache/00949.pt
WLASL/videos/00950.mp4,adapt,17,features_cache/00950.pt
WLASL/videos/00951.mp4,adapt,17,features_cache/00951.pt
WLASL/videos/01065.mp4,adjective,20,features_cache/01065.pt
WLASL/videos/01066.mp4,adjective,20,features_cache/01066.pt
WLASL/videos/01067.mp4,adjective,20,features_cache/01067.pt
WLASL/videos/01068.mp4,adjective,20,features_cache/01068.pt
WLASL/videos/01069.mp4,adjective,20,features_cache/01069.pt
WLASL/videos/01075.mp4,adjust,21,features_cache/01075.pt
WLASL/videos/01076.mp4,adjust,21,features_cache/01076.pt
WLASL/videos/01077.mp4,adjust,21,features_cache/01077.pt
WLASL/videos/01078.mp4,adjust,21,features_cache/01078.pt
WLASL/videos/01079.mp4,adjust,21,features_cache/01079.pt
WLASL/videos/01101.mp4,admire,22,features_cache/01101.pt
WLASL/videos/01102.mp4,admire,22,features_cache/01102.pt
WLASL/videos/01103.mp4,admire,22,features_cache/01103.pt
WLASL/videos/01106.mp4,admire,22,features_cache/01106.pt
WLASL/videos/01107.mp4,admire,22,features_cache/01107.pt
WLASL/videos/01127.mp4,admit,23,features_cache/01127.pt
WLASL/videos/01118.mp4,admit,23,features_cache/01118.pt
WLASL/videos/01120.mp4,admit,23,features_cache/01120.pt
WLASL/videos/01121.mp4,admit,23,features_cache/01121.pt
WLASL/videos/01122.mp4,admit,23,features_cache/01122.pt
WLASL/videos/01227.mp4,advanced,26,features_cache/01227.pt
WLASL/videos/01228.mp4,advanced,26,features_cache/01228.pt
WLASL/videos/01229.mp4,advanced,26,features_cache/01229.pt
WLASL/videos/01230.mp4,advanced,26,features_cache/01230.pt
WLASL/videos/01231.mp4,advanced,26,features_cache/01231.pt
WLASL/videos/01265.mp4,adverb,28,features_cache/01265.pt
WLASL/videos/01266.mp4,adverb,28,features_cache/01266.pt
WLASL/videos/01267.mp4,adverb,28,features_cache/01267.pt
WLASL/videos/01268.mp4,adverb,28,features_cache/01268.pt
WLASL/videos/01269.mp4,adverb,28,features_cache/01269.pt
WLASL/videos/67353.mp4,agreement,40,features_cache/67353.pt
WLASL/videos/01584.mp4,agreement,40,features_cache/01584.pt
WLASL/videos/01585.mp4,agreement,40,features_cache/01585.pt
WLASL/videos/01586.mp4,agreement,40,features_cache/01586.pt
WLASL/videos/01587.mp4,agreement,40,features_cache/01587.pt
WLASL/videos/01624.mp4,aid,42,features_cache/01624.pt
WLASL/videos/01625.mp4,aid,42,features_cache/01625.pt
WLASL/videos/01626.mp4,aid,42,features_cache/01626.pt
WLASL/videos/01627.mp4,aid,42,features_cache/01627.pt
WLASL/videos/01628.mp4,aid,42,features_cache/01628.pt
WLASL/videos/02010.mp4,alligator,51,features_cache/02010.pt
WLASL/videos/02011.mp4,alligator,51,features_cache/02011.pt
WLASL/videos/02012.mp4,alligator,51,features_cache/02012.pt
WLASL/videos/02013.mp4,alligator,51,features_cache/02013.pt
WLASL/videos/02014.mp4,alligator,51,features_cache/02014.pt
WLASL/videos/02431.mp4,amputate,61,features_cache/02431.pt
WLASL/videos/02432.mp4,amputate,61,features_cache/02432.pt
WLASL/videos/02433.mp4,amputate,61,features_cache/02433.pt
WLASL/videos/02434.mp4,amputate,61,features_cache/02434.pt
WLASL/videos/02435.mp4,amputate,61,features_cache/02435.pt
WLASL/videos/02487.mp4,anatomy,63,features_cache/02487.pt
WLASL/videos/02488.mp4,anatomy,63,features_cache/02488.pt
WLASL/videos/02490.mp4,anatomy,63,features_cache/02490.pt
WLASL/videos/02491.mp4,anatomy,63,features_cache/02491.pt
WLASL/videos/02492.mp4,anatomy,63,features_cache/02492.pt
WLASL/videos/02643.mp4,annoy,71,features_cache/02643.pt
WLASL/videos/02653.mp4,annoy,71,features_cache/02653.pt
WLASL/videos/02644.mp4,annoy,71,features_cache/02644.pt
WLASL/videos/02645.mp4,annoy,71,features_cache/02645.pt
WLASL/videos/02646.mp4,annoy,71,features_cache/02646.pt
WLASL/videos/02852.mp4,anyway,75,features_cache/02852.pt
WLASL/videos/02853.mp4,anyway,75,features_cache/02853.pt
WLASL/videos/02854.mp4,anyway,75,features_cache/02854.pt
WLASL/videos/02855.mp4,anyway,75,features_cache/02855.pt
WLASL/videos/02856.mp4,anyway,75,features_cache/02856.pt
WLASL/videos/03090.mp4,approach,84,features_cache/03090.pt
WLASL/videos/03092.mp4,approach,84,features_cache/03092.pt
WLASL/videos/03093.mp4,approach,84,features_cache/03093.pt
WLASL/videos/03094.mp4,approach,84,features_cache/03094.pt
WLASL/videos/03096.mp4,approach,84,features_cache/03096.pt
WLASL/videos/03315.mp4,arizona,91,features_cache/03315.pt
WLASL/videos/03316.mp4,arizona,91,features_cache/03316.pt
WLASL/videos/03317.mp4,arizona,91,features_cache/03317.pt
WLASL/videos/03318.mp4,arizona,91,features_cache/03318.pt
WLASL/videos/03320.mp4,arizona,91,features_cache/03320.pt
WLASL/videos/03766.mp4,assist,104,features_cache/03766.pt
WLASL/videos/03767.mp4,assist,104,features_cache/03767.pt
WLASL/videos/03768.mp4,assist,104,features_cache/03768.pt
WLASL/videos/03769.mp4,assist,104,features_cache/03769.pt
WLASL/videos/03771.mp4,assist,104,features_cache/03771.pt
WLASL/videos/03800.mp4,assume,106,features_cache/03800.pt
WLASL/videos/03801.mp4,assume,106,features_cache/03801.pt
WLASL/videos/03802.mp4,assume,106,features_cache/03802.pt
WLASL/videos/03804.mp4,assume,106,features_cache/03804.pt
WLASL/videos/03805.mp4,assume,106,features_cache/03805.pt
WLASL/videos/04051.mp4,attorney,110,features_cache/04051.pt
WLASL/videos/04052.mp4,attorney,110,features_cache/04052.pt
WLASL/videos/04053.mp4,attorney,110,features_cache/04053.pt
WLASL/videos/04054.mp4,attorney,110,features_cache/04054.pt
WLASL/videos/04055.mp4,attorney,110,features_cache/04055.pt
WLASL/videos/04130.mp4,audiologist,114,features_cache/04130.pt
WLASL/videos/04131.mp4,audiologist,114,features_cache/04131.pt
WLASL/videos/04132.mp4,audiologist,114,features_cache/04132.pt
WLASL/videos/04133.mp4,audiologist,114,features_cache/04133.pt
WLASL/videos/04134.mp4,audiologist,114,features_cache/04134.pt
WLASL/videos/04137.mp4,audiology,115,features_cache/04137.pt
WLASL/videos/04138.mp4,audiology,115,features_cache/04138.pt
WLASL/videos/04139.mp4,audiology,115,features_cache/04139.pt
WLASL/videos/04140.mp4,audiology,115,features_cache/04140.pt
WLASL/videos/04141.mp4,audiology,115,features_cache/04141.pt
WLASL/videos/04202.mp4,austria,119,features_cache/04202.pt
WLASL/videos/04203.mp4,austria,119,features_cache/04203.pt
WLASL/videos/04204.mp4,austria,119,features_cache/04204.pt
WLASL/videos/04205.mp4,austria,119,features_cache/04205.pt
WLASL/videos/04207.mp4,austria,119,features_cache/04207.pt
WLASL/videos/04219.mp4,author,120,features_cache/04219.pt
WLASL/videos/04220.mp4,author,120,features_cache/04220.pt
WLASL/videos/04221.mp4,author,120,features_cache/04221.pt
WLASL/videos/04222.mp4,author,120,features_cache/04222.pt
WLASL/videos/04223.mp4,author,120,features_cache/04223.pt
WLASL/videos/04302.mp4,available,123,features_cache/04302.pt
WLASL/videos/04303.mp4,available,123,features_cache/04303.pt
WLASL/videos/04304.mp4,available,123,features_cache/04304.pt
WLASL/videos/04305.mp4,available,123,features_cache/04305.pt
WLASL/videos/04307.mp4,available,123,features_cache/04307.pt
WLASL/videos/04367.mp4,award,127,features_cache/04367.pt
WLASL/videos/04369.mp4,award,127,features_cache/04369.pt
WLASL/videos/04370.mp4,award,127,features_cache/04370.pt
WLASL/videos/04371.mp4,award,127,features_cache/04371.pt
WLASL/videos/04372.mp4,award,127,features_cache/04372.pt
WLASL/videos/04376.mp4,aware,128,features_cache/04376.pt
WLASL/videos/04377.mp4,aware,128,features_cache/04377.pt
WLASL/videos/04378.mp4,aware,128,features_cache/04378.pt
WLASL/videos/04379.mp4,aware,128,features_cache/04379.pt
WLASL/videos/04380.mp4,aware,128,features_cache/04380.pt
WLASL/videos/67388.mp4,bank,146,features_cache/67388.pt
WLASL/videos/04972.mp4,bank,146,features_cache/04972.pt
WLASL/videos/04973.mp4,bank,146,features_cache/04973.pt
WLASL/videos/04974.mp4,bank,146,features_cache/04974.pt
WLASL/videos/04975.mp4,bank,146,features_cache/04975.pt
WLASL/videos/05018.mp4,baptize,147,features_cache/05018.pt
WLASL/videos/05019.mp4,baptize,147,features_cache/05019.pt
WLASL/videos/05020.mp4,baptize,147,features_cache/05020.pt
WLASL/videos/05024.mp4,baptize,147,features_cache/05024.pt
WLASL/videos/05025.mp4,baptize,147,features_cache/05025.pt
WLASL/videos/05216.mp4,basic,153,features_cache/05216.pt
WLASL/videos/05217.mp4,basic,153,features_cache/05217.pt
WLASL/videos/05218.mp4,basic,153,features_cache/05218.pt
WLASL/videos/05219.mp4,basic,153,features_cache/05219.pt
WLASL/videos/05220.mp4,basic,153,features_cache/05220.pt
WLASL/videos/05358.mp4,battery,157,features_cache/05358.pt
WLASL/videos/67395.mp4,battery,157,features_cache/67395.pt
WLASL/videos/05362.mp4,battery,157,features_cache/05362.pt
WLASL/videos/05363.mp4,battery,157,features_cache/05363.pt
WLASL/videos/05364.mp4,battery,157,features_cache/05364.pt
WLASL/videos/05987.mp4,berry,179,features_cache/05987.pt
WLASL/videos/05988.mp4,berry,179,features_cache/05988.pt
WLASL/videos/05989.mp4,berry,179,features_cache/05989.pt
WLASL/videos/05991.mp4,berry,179,features_cache/05991.pt
WLASL/videos/05992.mp4,berry,179,features_cache/05992.pt
WLASL/videos/05998.mp4,beside,180,features_cache/05998.pt
WLASL/videos/05999.mp4,beside,180,features_cache/05999.pt
WLASL/videos/06000.mp4,beside,180,features_cache/06000.pt
WLASL/videos/06001.mp4,beside,180,features_cache/06001.pt
WLASL/videos/06002.mp4,beside,180,features_cache/06002.pt
WLASL/videos/06081.mp4,between,184,features_cache/06081.pt
WLASL/videos/06082.mp4,between,184,features_cache/06082.pt
WLASL/videos/06083.mp4,between,184,features_cache/06083.pt
WLASL/videos/06085.mp4,between,184,features_cache/06085.pt
WLASL/videos/06087.mp4,between,184,features_cache/06087.pt
WLASL/videos/67409.mp4,binoculars,189,features_cache/67409.pt
WLASL/videos/06299.mp4,binoculars,189,features_cache/06299.pt
WLASL/videos/06300.mp4,binoculars,189,features_cache/06300.pt
WLASL/videos/06301.mp4,binoculars,189,features_cache/06301.pt
WLASL/videos/06302.mp4,binoculars,189,features_cache/06302.pt
WLASL/videos/06789.mp4,blow,203,features_cache/06789.pt
WLASL/videos/06790.mp4,blow,203,features_cache/06790.pt
WLASL/videos/06792.mp4,blow,203,features_cache/06792.pt
WLASL/videos/06793.mp4,blow,203,features_cache/06793.pt
WLASL/videos/06794.mp4,blow,203,features_cache/06794.pt
WLASL/videos/06924.mp4,boast,205,features_cache/06924.pt
WLASL/videos/06925.mp4,boast,205,features_cache/06925.pt
WLASL/videos/06926.mp4,boast,205,features_cache/06926.pt
WLASL/videos/06927.mp4,boast,205,features_cache/06927.pt
WLASL/videos/06928.mp4,boast,205,features_cache/06928.pt
WLASL/videos/06968.mp4,boil,208,features_cache/06968.pt
WLASL/videos/06969.mp4,boil,208,features_cache/06969.pt
WLASL/videos/06971.mp4,boil,208,features_cache/06971.pt
WLASL/videos/06972.mp4,boil,208,features_cache/06972.pt
WLASL/videos/06974.mp4,boil,208,features_cache/06974.pt
WLASL/videos/07120.mp4,bookshelf,211,features_cache/07120.pt
WLASL/videos/07116.mp4,bookshelf,211,features_cache/07116.pt
WLASL/videos/07121.mp4,bookshelf,211,features_cache/07121.pt
WLASL/videos/07117.mp4,bookshelf,211,features_cache/07117.pt
WLASL/videos/07118.mp4,bookshelf,211,features_cache/07118.pt
WLASL/videos/07127.mp4,bookstore,212,features_cache/07127.pt
WLASL/videos/07128.mp4,bookstore,212,features_cache/07128.pt
WLASL/videos/07129.mp4,bookstore,212,features_cache/07129.pt
WLASL/videos/07130.mp4,bookstore,212,features_cache/07130.pt
WLASL/videos/07131.mp4,bookstore,212,features_cache/07131.pt
WLASL/videos/07431.mp4,boxing,224,features_cache/07431.pt
WLASL/videos/07432.mp4,boxing,224,features_cache/07432.pt
WLASL/videos/07433.mp4,boxing,224,features_cache/07433.pt
WLASL/videos/07434.mp4,boxing,224,features_cache/07434.pt
WLASL/videos/07435.mp4,boxing,224,features_cache/07435.pt
WLASL/videos/07509.mp4,braid,230,features_cache/07509.pt
WLASL/videos/07510.mp4,braid,230,features_cache/07510.pt
WLASL/videos/07511.mp4,braid,230,features_cache/07511.pt
WLASL/videos/07513.mp4,braid,230,features_cache/07513.pt
WLASL/videos/07515.mp4,braid,230,features_cache/07515.pt
WLASL/videos/07528.mp4,brain,231,features_cache/07528.pt
WLASL/videos/07529.mp4,brain,231,features_cache/07529.pt
WLASL/videos/07530.mp4,brain,231,features_cache/07530.pt
WLASL/videos/07531.mp4,brain,231,features_cache/07531.pt
WLASL/videos/07532.mp4,brain,231,features_cache/07532.pt
WLASL/videos/07618.mp4,breakdown,235,features_cache/07618.pt
WLASL/videos/70093.mp4,breakdown,235,features_cache/70093.pt
WLASL/videos/67441.mp4,breakdown,235,features_cache/67441.pt
WLASL/videos/65253.mp4,breakdown,235,features_cache/65253.pt
WLASL/videos/07612.mp4,breakdown,235,features_cache/07612.pt
WLASL/videos/07626.mp4,breakfast,236,features_cache/07626.pt
WLASL/videos/07627.mp4,breakfast,236,features_cache/07627.pt
WLASL/videos/07628.mp4,breakfast,236,features_cache/07628.pt
WLASL/videos/07629.mp4,breakfast,236,features_cache/07629.pt
WLASL/videos/07630.mp4,breakfast,236,features_cache/07630.pt
WLASL/videos/07702.mp4,breeze,238,features_cache/07702.pt
WLASL/videos/07703.mp4,breeze,238,features_cache/07703.pt
WLASL/videos/07704.mp4,breeze,238,features_cache/07704.pt
WLASL/videos/07705.mp4,breeze,238,features_cache/07705.pt
WLASL/videos/07706.mp4,breeze,238,features_cache/07706.pt
WLASL/videos/07717.mp4,bribe,239,features_cache/07717.pt
WLASL/videos/07718.mp4,bribe,239,features_cache/07718.pt
WLASL/videos/07719.mp4,bribe,239,features_cache/07719.pt
WLASL/videos/07720.mp4,bribe,239,features_cache/07720.pt
WLASL/videos/07721.mp4,bribe,239,features_cache/07721.pt
WLASL/videos/07862.mp4,brochure,244,features_cache/07862.pt
WLASL/videos/07863.mp4,brochure,244,features_cache/07863.pt
WLASL/videos/07864.mp4,brochure,244,features_cache/07864.pt
WLASL/videos/07865.mp4,brochure,244,features_cache/07865.pt
WLASL/videos/07866.mp4,brochure,244,features_cache/07866.pt
WLASL/videos/08089.mp4,buffalo,249,features_cache/08089.pt
WLASL/videos/08091.mp4,buffalo,249,features_cache/08091.pt
WLASL/videos/08093.mp4,buffalo,249,features_cache/08093.pt
WLASL/videos/08094.mp4,buffalo,249,features_cache/08094.pt
WLASL/videos/08095.mp4,buffalo,249,features_cache/08095.pt
WLASL/videos/08303.mp4,burp,255,features_cache/08303.pt
WLASL/videos/08304.mp4,burp,255,features_cache/08304.pt
WLASL/videos/08305.mp4,burp,255,features_cache/08305.pt
WLASL/videos/08306.mp4,burp,255,features_cache/08306.pt
WLASL/videos/08308.mp4,burp,255,features_cache/08308.pt
WLASL/videos/08340.mp4,bush,257,features_cache/08340.pt
WLASL/videos/08341.mp4,bush,257,features_cache/08341.pt
WLASL/videos/08342.mp4,bush,257,features_cache/08342.pt
WLASL/videos/08343.mp4,bush,257,features_cache/08343.pt
WLASL/videos/08345.mp4,bush,257,features_cache/08345.pt
WLASL/videos/08512.mp4,bye,265,features_cache/08512.pt
WLASL/videos/08514.mp4,bye,265,features_cache/08514.pt
WLASL/videos/08515.mp4,bye,265,features_cache/08515.pt
WLASL/videos/08516.mp4,bye,265,features_cache/08516.pt
WLASL/videos/08517.mp4,bye,265,features_cache/08517.pt
WLASL/videos/08774.mp4,camel,276,features_cache/08774.pt
WLASL/videos/08776.mp4,camel,276,features_cache/08776.pt
WLASL/videos/08778.mp4,camel,276,features_cache/08778.pt
WLASL/videos/08779.mp4,camel,276,features_cache/08779.pt
WLASL/videos/08780.mp4,camel,276,features_cache/08780.pt
WLASL/videos/08890.mp4,candidate,283,features_cache/08890.pt
WLASL/videos/08891.mp4,candidate,283,features_cache/08891.pt
WLASL/videos/08892.mp4,candidate,283,features_cache/08892.pt
WLASL/videos/08893.mp4,candidate,283,features_cache/08893.pt
WLASL/videos/08894.mp4,candidate,283,features_cache/08894.pt
WLASL/videos/08967.mp4,cannot,286,features_cache/08967.pt
WLASL/videos/08968.mp4,cannot,286,features_cache/08968.pt
WLASL/videos/08971.mp4,cannot,286,features_cache/08971.pt
WLASL/videos/08972.mp4,cannot,286,features_cache/08972.pt
WLASL/videos/08974.mp4,cannot,286,features_cache/08974.pt
WLASL/videos/09081.mp4,captain,288,features_cache/09081.pt
WLASL/videos/09082.mp4,captain,288,features_cache/09082.pt
WLASL/videos/09083.mp4,captain,288,features_cache/09083.pt
WLASL/videos/09084.mp4,captain,288,features_cache/09084.pt
WLASL/videos/09085.mp4,captain,288,features_cache/09085.pt
WLASL/videos/09260.mp4,carnival,296,features_cache/09260.pt
WLASL/videos/09261.mp4,carnival,296,features_cache/09261.pt
WLASL/videos/09262.mp4,carnival,296,features_cache/09262.pt
WLASL/videos/09263.mp4,carnival,296,features_cache/09263.pt
WLASL/videos/09264.mp4,carnival,296,features_cache/09264.pt
WLASL/videos/09502.mp4,caterpillar,302,features_cache/09502.pt
WLASL/videos/09503.mp4,caterpillar,302,features_cache/09503.pt
WLASL/videos/09504.mp4,caterpillar,302,features_cache/09504.pt
WLASL/videos/09506.mp4,caterpillar,302,features_cache/09506.pt
WLASL/videos/09507.mp4,caterpillar,302,features_cache/09507.pt
WLASL/videos/10250.mp4,cheerleader,325,features_cache/10250.pt
WLASL/videos/10251.mp4,cheerleader,325,features_cache/10251.pt
WLASL/videos/10252.mp4,cheerleader,325,features_cache/10252.pt
WLASL/videos/10253.mp4,cheerleader,325,features_cache/10253.pt
WLASL/videos/10254.mp4,cheerleader,325,features_cache/10254.pt
WLASL/videos/10297.mp4,chemical,327,features_cache/10297.pt
WLASL/videos/10298.mp4,chemical,327,features_cache/10298.pt
WLASL/videos/10299.mp4,chemical,327,features_cache/10299.pt
WLASL/videos/10300.mp4,chemical,327,features_cache/10300.pt
WLASL/videos/10301.mp4,chemical,327,features_cache/10301.pt
WLASL/videos/10389.mp4,chicago,330,features_cache/10389.pt
WLASL/videos/10390.mp4,chicago,330,features_cache/10390.pt
WLASL/videos/10391.mp4,chicago,330,features_cache/10391.pt
WLASL/videos/10392.mp4,chicago,330,features_cache/10392.pt
WLASL/videos/10393.mp4,chicago,330,features_cache/10393.pt
WLASL/videos/10610.mp4,choke,338,features_cache/10610.pt
WLASL/videos/10611.mp4,choke,338,features_cache/10611.pt
WLASL/videos/10612.mp4,choke,338,features_cache/10612.pt
WLASL/videos/10613.mp4,choke,338,features_cache/10613.pt
WLASL/videos/10614.mp4,choke,338,features_cache/10614.pt
WLASL/videos/10680.mp4,christ,341,features_cache/10680.pt
WLASL/videos/10681.mp4,christ,341,features_cache/10681.pt
WLASL/videos/10682.mp4,christ,341,features_cache/10682.pt
WLASL/videos/10683.mp4,christ,341,features_cache/10683.pt
WLASL/videos/10684.mp4,christ,341,features_cache/10684.pt
WLASL/videos/11104.mp4,click,353,features_cache/11104.pt
WLASL/videos/11105.mp4,click,353,features_cache/11105.pt
WLASL/videos/11106.mp4,click,353,features_cache/11106.pt
WLASL/videos/11107.mp4,click,353,features_cache/11107.pt
WLASL/videos/11112.mp4,click,353,features_cache/11112.pt
WLASL/videos/11284.mp4,closet,357,features_cache/11284.pt
WLASL/videos/11285.mp4,closet,357,features_cache/11285.pt
WLASL/videos/11286.mp4,closet,357,features_cache/11286.pt
WLASL/videos/11287.mp4,closet,357,features_cache/11287.pt
WLASL/videos/11288.mp4,closet,357,features_cache/11288.pt
WLASL/videos/11412.mp4,clueless,361,features_cache/11412.pt
WLASL/videos/11413.mp4,clueless,361,features_cache/11413.pt
WLASL/videos/11414.mp4,clueless,361,features_cache/11414.pt
WLASL/videos/11415.mp4,clueless,361,features_cache/11415.pt
WLASL/videos/11416.mp4,clueless,361,features_cache/11416.pt
WLASL/videos/11420.mp4,clumsy,362,features_cache/11420.pt
WLASL/videos/11421.mp4,clumsy,362,features_cache/11421.pt
WLASL/videos/11422.mp4,clumsy,362,features_cache/11422.pt
WLASL/videos/11423.mp4,clumsy,362,features_cache/11423.pt
WLASL/videos/11424.mp4,clumsy,362,features_cache/11424.pt
WLASL/videos/11688.mp4,collect,369,features_cache/11688.pt
WLASL/videos/11689.mp4,collect,369,features_cache/11689.pt
WLASL/videos/11691.mp4,collect,369,features_cache/11691.pt
WLASL/videos/11692.mp4,collect,369,features_cache/11692.pt
WLASL/videos/11693.mp4,collect,369,features_cache/11693.pt
WLASL/videos/11931.mp4,comma,376,features_cache/11931.pt
WLASL/videos/11932.mp4,comma,376,features_cache/11932.pt
WLASL/videos/11933.mp4,comma,376,features_cache/11933.pt
WLASL/videos/11934.mp4,comma,376,features_cache/11934.pt
WLASL/videos/11935.mp4,comma,376,features_cache/11935.pt
WLASL/videos/11972.mp4,comment,378,features_cache/11972.pt
WLASL/videos/11973.mp4,comment,378,features_cache/11973.pt
WLASL/videos/11974.mp4,comment,378,features_cache/11974.pt
WLASL/videos/11977.mp4,comment,378,features_cache/11977.pt
WLASL/videos/11978.mp4,comment,378,features_cache/11978.pt
WLASL/videos/11996.mp4,commit,379,features_cache/11996.pt
WLASL/videos/11997.mp4,commit,379,features_cache/11997.pt
WLASL/videos/11998.mp4,commit,379,features_cache/11998.pt
WLASL/videos/11999.mp4,commit,379,features_cache/11999.pt
WLASL/videos/12000.mp4,commit,379,features_cache/12000.pt
WLASL/videos/12005.mp4,committee,380,features_cache/12005.pt
WLASL/videos/12006.mp4,committee,380,features_cache/12006.pt
WLASL/videos/12007.mp4,committee,380,features_cache/12007.pt
WLASL/videos/12008.mp4,committee,380,features_cache/12008.pt
WLASL/videos/12010.mp4,committee,380,features_cache/12010.pt
WLASL/videos/12024.mp4,common sense,382,features_cache/12024.pt
WLASL/videos/12025.mp4,common sense,382,features_cache/12025.pt
WLASL/videos/12026.mp4,common sense,382,features_cache/12026.pt
WLASL/videos/12027.mp4,common sense,382,features_cache/12027.pt
WLASL/videos/12028.mp4,common sense,382,features_cache/12028.pt
WLASL/videos/12160.mp4,compete,387,features_cache/12160.pt
WLASL/videos/12161.mp4,compete,387,features_cache/12161.pt
WLASL/videos/12162.mp4,compete,387,features_cache/12162.pt
WLASL/videos/12163.mp4,compete,387,features_cache/12163.pt
WLASL/videos/12164.mp4,compete,387,features_cache/12164.pt
WLASL/videos/12392.mp4,concentrate,393,features_cache/12392.pt
WLASL/videos/12393.mp4,concentrate,393,features_cache/12393.pt
WLASL/videos/12394.mp4,concentrate,393,features_cache/12394.pt
WLASL/videos/12395.mp4,concentrate,393,features_cache/12395.pt
WLASL/videos/12396.mp4,concentrate,393,features_cache/12396.pt
WLASL/videos/12637.mp4,congratulations,399,features_cache/12637.pt
WLASL/videos/12638.mp4,congratulations,399,features_cache/12638.pt
WLASL/videos/12639.mp4,congratulations,399,features_cache/12639.pt
WLASL/videos/12640.mp4,congratulations,399,features_cache/12640.pt
WLASL/videos/12641.mp4,congratulations,399,features_cache/12641.pt
WLASL/videos/12757.mp4,consider,403,features_cache/12757.pt
WLASL/videos/12758.mp4,consider,403,features_cache/12758.pt
WLASL/videos/12759.mp4,consider,403,features_cache/12759.pt
WLASL/videos/12760.mp4,consider,403,features_cache/12760.pt
WLASL/videos/12761.mp4,consider,403,features_cache/12761.pt
WLASL/videos/12822.mp4,construct,405,features_cache/12822.pt
WLASL/videos/12823.mp4,construct,405,features_cache/12823.pt
WLASL/videos/12824.mp4,construct,405,features_cache/12824.pt
WLASL/videos/12825.mp4,construct,405,features_cache/12825.pt
WLASL/videos/12826.mp4,construct,405,features_cache/12826.pt
WLASL/videos/12855.mp4,consume,406,features_cache/12855.pt
WLASL/videos/12857.mp4,consume,406,features_cache/12857.pt
WLASL/videos/12858.mp4,consume,406,features_cache/12858.pt
WLASL/videos/12860.mp4,consume,406,features_cache/12860.pt
WLASL/videos/12861.mp4,consume,406,features_cache/12861.pt
WLASL/videos/12943.mp4,contest,408,features_cache/12943.pt
WLASL/videos/12944.mp4,contest,408,features_cache/12944.pt
WLASL/videos/12945.mp4,contest,408,features_cache/12945.pt
WLASL/videos/12946.mp4,contest,408,features_cache/12946.pt
WLASL/videos/12947.mp4,contest,408,features_cache/12947.pt
WLASL/videos/13090.mp4,conversation,413,features_cache/13090.pt
WLASL/videos/13091.mp4,conversation,413,features_cache/13091.pt
WLASL/videos/13093.mp4,conversation,413,features_cache/13093.pt
WLASL/videos/13094.mp4,conversation,413,features_cache/13094.pt
WLASL/videos/13095.mp4,conversation,413,features_cache/13095.pt
WLASL/videos/13110.mp4,convert,414,features_cache/13110.pt
WLASL/videos/13111.mp4,convert,414,features_cache/13111.pt
WLASL/videos/13112.mp4,convert,414,features_cache/13112.pt
WLASL/videos/13113.mp4,convert,414,features_cache/13113.pt
WLASL/videos/13114.mp4,convert,414,features_cache/13114.pt
WLASL/videos/13224.mp4,cooperate,419,features_cache/13224.pt
WLASL/videos/13225.mp4,cooperate,419,features_cache/13225.pt
WLASL/videos/13226.mp4,cooperate,419,features_cache/13226.pt
WLASL/videos/13227.mp4,cooperate,419,features_cache/13227.pt
WLASL/videos/13228.mp4,cooperate,419,features_cache/13228.pt
WLASL/videos/13499.mp4,counsel,428,features_cache/13499.pt
WLASL/videos/13500.mp4,counsel,428,features_cache/13500.pt
WLASL/videos/13501.mp4,counsel,428,features_cache/13501.pt
WLASL/videos/13502.mp4,counsel,428,features_cache/13502.pt
WLASL/videos/13503.mp4,counsel,428,features_cache/13503.pt
WLASL/videos/13508.mp4,counselor,429,features_cache/13508.pt
WLASL/videos/13509.mp4,counselor,429,features_cache/13509.pt
WLASL/videos/13510.mp4,counselor,429,features_cache/13510.pt
WLASL/videos/13511.mp4,counselor,429,features_cache/13511.pt
WLASL/videos/13512.mp4,counselor,429,features_cache/13512.pt
WLASL/videos/13820.mp4,crave,439,features_cache/13820.pt
WLASL/videos/13821.mp4,crave,439,features_cache/13821.pt
WLASL/videos/13822.mp4,crave,439,features_cache/13822.pt
WLASL/videos/13823.mp4,crave,439,features_cache/13823.pt
WLASL/videos/13824.mp4,crave,439,features_cache/13824.pt
WLASL/videos/13878.mp4,create,441,features_cache/13878.pt
WLASL/videos/13879.mp4,create,441,features_cache/13879.pt
WLASL/videos/13880.mp4,create,441,features_cache/13880.pt
WLASL/videos/13881.mp4,create,441,features_cache/13881.pt
WLASL/videos/13883.mp4,create,441,features_cache/13883.pt
WLASL/videos/67543.mp4,crocodile,442,features_cache/67543.pt
WLASL/videos/14012.mp4,crocodile,442,features_cache/14012.pt
WLASL/videos/14013.mp4,crocodile,442,features_cache/14013.pt
WLASL/videos/14014.mp4,crocodile,442,features_cache/14014.pt
WLASL/videos/14015.mp4,crocodile,442,features_cache/14015.pt
WLASL/videos/14103.mp4,crown,444,features_cache/14103.pt
WLASL/videos/14104.mp4,crown,444,features_cache/14104.pt
WLASL/videos/14105.mp4,crown,444,features_cache/14105.pt
WLASL/videos/14106.mp4,crown,444,features_cache/14106.pt
WLASL/videos/14107.mp4,crown,444,features_cache/14107.pt
WLASL/videos/14204.mp4,cuba,448,features_cache/14204.pt
WLASL/videos/14205.mp4,cuba,448,features_cache/14205.pt
WLASL/videos/14207.mp4,cuba,448,features_cache/14207.pt
WLASL/videos/14209.mp4,cuba,448,features_cache/14209.pt
WLASL/videos/14211.mp4,cuba,448,features_cache/14211.pt
WLASL/videos/14392.mp4,curtain,454,features_cache/14392.pt
WLASL/videos/14393.mp4,curtain,454,features_cache/14393.pt
WLASL/videos/14394.mp4,curtain,454,features_cache/14394.pt
WLASL/videos/14395.mp4,curtain,454,features_cache/14395.pt
WLASL/videos/14396.mp4,curtain,454,features_cache/14396.pt
WLASL/videos/14433.mp4,customer,455,features_cache/14433.pt
WLASL/videos/14435.mp4,customer,455,features_cache/14435.pt
WLASL/videos/14436.mp4,customer,455,features_cache/14436.pt
WLASL/videos/14437.mp4,customer,455,features_cache/14437.pt
WLASL/videos/14438.mp4,customer,455,features_cache/14438.pt
WLASL/videos/15997.mp4,d,458,features_cache/15997.pt
WLASL/videos/14553.mp4,d,458,features_cache/14553.pt
WLASL/videos/15998.mp4,d,458,features_cache/15998.pt
WLASL/videos/15999.mp4,d,458,features_cache/15999.pt
WLASL/videos/16000.mp4,d,458,features_cache/16000.pt
WLASL/videos/14604.mp4,damage,461,features_cache/14604.pt
WLASL/videos/14605.mp4,damage,461,features_cache/14605.pt
WLASL/videos/14606.mp4,damage,461,features_cache/14606.pt
WLASL/videos/14607.mp4,damage,461,features_cache/14607.pt
WLASL/videos/14608.mp4,damage,461,features_cache/14608.pt
WLASL/videos/67551.mp4,dancer,463,features_cache/67551.pt
WLASL/videos/14635.mp4,dancer,463,features_cache/14635.pt
WLASL/videos/14636.mp4,dancer,463,features_cache/14636.pt
WLASL/videos/14637.mp4,dancer,463,features_cache/14637.pt
WLASL/videos/14638.mp4,dancer,463,features_cache/14638.pt
WLASL/videos/14646.mp4,danger,464,features_cache/14646.pt
WLASL/videos/14647.mp4,danger,464,features_cache/14647.pt
WLASL/videos/14648.mp4,danger,464,features_cache/14648.pt
WLASL/videos/14649.mp4,danger,464,features_cache/14649.pt
WLASL/videos/14650.mp4,danger,464,features_cache/14650.pt
WLASL/videos/14652.mp4,dangerous,465,features_cache/14652.pt
WLASL/videos/14653.mp4,dangerous,465,features_cache/14653.pt
WLASL/videos/14655.mp4,dangerous,465,features_cache/14655.pt
WLASL/videos/14656.mp4,dangerous,465,features_cache/14656.pt
WLASL/videos/14657.mp4,dangerous,465,features_cache/14657.pt
WLASL/videos/14774.mp4,dawn,469,features_cache/14774.pt
WLASL/videos/14775.mp4,dawn,469,features_cache/14775.pt
WLASL/videos/14776.mp4,dawn,469,features_cache/14776.pt
WLASL/videos/14777.mp4,dawn,469,features_cache/14777.pt
WLASL/videos/14778.mp4,dawn,469,features_cache/14778.pt
WLASL/videos/14953.mp4,death,473,features_cache/14953.pt
WLASL/videos/14954.mp4,death,473,features_cache/14954.pt
WLASL/videos/14955.mp4,death,473,features_cache/14955.pt
WLASL/videos/14956.mp4,death,473,features_cache/14956.pt
WLASL/videos/14957.mp4,death,473,features_cache/14957.pt
WLASL/videos/14964.mp4,debate,474,features_cache/14964.pt
WLASL/videos/14965.mp4,debate,474,features_cache/14965.pt
WLASL/videos/14966.mp4,debate,474,features_cache/14966.pt
WLASL/videos/14967.mp4,debate,474,features_cache/14967.pt
WLASL/videos/14968.mp4,debate,474,features_cache/14968.pt
WLASL/videos/14980.mp4,debt,475,features_cache/14980.pt
WLASL/videos/14981.mp4,debt,475,features_cache/14981.pt
WLASL/videos/14982.mp4,debt,475,features_cache/14982.pt
WLASL/videos/14983.mp4,debt,475,features_cache/14983.pt
WLASL/videos/14984.mp4,debt,475,features_cache/14984.pt
WLASL/videos/15402.mp4,deliver,488,features_cache/15402.pt
WLASL/videos/15404.mp4,deliver,488,features_cache/15404.pt
WLASL/videos/15405.mp4,deliver,488,features_cache/15405.pt
WLASL/videos/15406.mp4,deliver,488,features_cache/15406.pt
WLASL/videos/15407.mp4,deliver,488,features_cache/15407.pt
WLASL/videos/15449.mp4,democrat,490,features_cache/15449.pt
WLASL/videos/15450.mp4,democrat,490,features_cache/15450.pt
WLASL/videos/15451.mp4,democrat,490,features_cache/15451.pt
WLASL/videos/15452.mp4,democrat,490,features_cache/15452.pt
WLASL/videos/15453.mp4,democrat,490,features_cache/15453.pt
WLASL/videos/15695.mp4,descend,499,features_cache/15695.pt
WLASL/videos/15696.mp4,descend,499,features_cache/15696.pt
WLASL/videos/15698.mp4,descend,499,features_cache/15698.pt
WLASL/videos/15701.mp4,descend,499,features_cache/15701.pt
WLASL/videos/15702.mp4,descend,499,features_cache/15702.pt
WLASL/videos/15750.mp4,design,502,features_cache/15750.pt
WLASL/videos/15751.mp4,design,502,features_cache/15751.pt
WLASL/videos/15752.mp4,design,502,features_cache/15752.pt
WLASL/videos/15753.mp4,design,502,features_cache/15753.pt
WLASL/videos/15755.mp4,design,502,features_cache/15755.pt
WLASL/videos/15876.mp4,detective,507,features_cache/15876.pt
WLASL/videos/15877.mp4,detective,507,features_cache/15877.pt
WLASL/videos/15878.mp4,detective,507,features_cache/15878.pt
WLASL/videos/15879.mp4,detective,507,features_cache/15879.pt
WLASL/videos/15880.mp4,detective,507,features_cache/15880.pt
WLASL/videos/67566.mp4,devil,510,features_cache/67566.pt
WLASL/videos/15957.mp4,devil,510,features_cache/15957.pt
WLASL/videos/15958.mp4,devil,510,features_cache/15958.pt
WLASL/videos/15961.mp4,devil,510,features_cache/15961.pt
WLASL/videos/15962.mp4,devil,510,features_cache/15962.pt
WLASL/videos/67569.mp4,dice,515,features_cache/67569.pt
WLASL/videos/16110.mp4,dice,515,features_cache/16110.pt
WLASL/videos/16112.mp4,dice,515,features_cache/16112.pt
WLASL/videos/16114.mp4,dice,515,features_cache/16114.pt
WLASL/videos/16116.mp4,dice,515,features_cache/16116.pt
WLASL/videos/16213.mp4,difficult,519,features_cache/16213.pt
WLASL/videos/16214.mp4,difficult,519,features_cache/16214.pt
WLASL/videos/16216.mp4,difficult,519,features_cache/16216.pt
WLASL/videos/16219.mp4,difficult,519,features_cache/16219.pt
WLASL/videos/16220.mp4,difficult,519,features_cache/16220.pt
WLASL/videos/16315.mp4,dining room,522,features_cache/16315.pt
WLASL/videos/16316.mp4,dining room,522,features_cache/16316.pt
WLASL/videos/16317.mp4,dining room,522,features_cache/16317.pt
WLASL/videos/16318.mp4,dining room,522,features_cache/16318.pt
WLASL/videos/16319.mp4,dining room,522,features_cache/16319.pt
WLASL/videos/16504.mp4,discipline,531,features_cache/16504.pt
WLASL/videos/16505.mp4,discipline,531,features_cache/16505.pt
WLASL/videos/16506.mp4,discipline,531,features_cache/16506.pt
WLASL/videos/16510.mp4,discipline,531,features_cache/16510.pt
WLASL/videos/16511.mp4,discipline,531,features_cache/16511.pt
WLASL/videos/16542.mp4,discount,533,features_cache/16542.pt
WLASL/videos/16543.mp4,discount,533,features_cache/16543.pt
WLASL/videos/16544.mp4,discount,533,features_cache/16544.pt
WLASL/videos/16545.mp4,discount,533,features_cache/16545.pt
WLASL/videos/16546.mp4,discount,533,features_cache/16546.pt
WLASL/videos/16635.mp4,disgusted,537,features_cache/16635.pt
WLASL/videos/16636.mp4,disgusted,537,features_cache/16636.pt
WLASL/videos/16637.mp4,disgusted,537,features_cache/16637.pt
WLASL/videos/16638.mp4,disgusted,537,features_cache/16638.pt
WLASL/videos/16639.mp4,disgusted,537,features_cache/16639.pt
WLASL/videos/16874.mp4,disturb,540,features_cache/16874.pt
WLASL/videos/16877.mp4,disturb,540,features_cache/16877.pt
WLASL/videos/16878.mp4,disturb,540,features_cache/16878.pt
WLASL/videos/16879.mp4,disturb,540,features_cache/16879.pt
WLASL/videos/16880.mp4,disturb,540,features_cache/16880.pt
WLASL/videos/16950.mp4,division,543,features_cache/16950.pt
WLASL/videos/16951.mp4,division,543,features_cache/16951.pt
WLASL/videos/16955.mp4,division,543,features_cache/16955.pt
WLASL/videos/16956.mp4,division,543,features_cache/16956.pt
WLASL/videos/16957.mp4,division,543,features_cache/16957.pt
WLASL/videos/17208.mp4,done,553,features_cache/17208.pt
WLASL/videos/17209.mp4,done,553,features_cache/17209.pt
WLASL/videos/17212.mp4,done,553,features_cache/17212.pt
WLASL/videos/17213.mp4,done,553,features_cache/17213.pt
WLASL/videos/17214.mp4,done,553,features_cache/17214.pt
WLASL/videos/17521.mp4,drag,561,features_cache/17521.pt
WLASL/videos/17512.mp4,drag,561,features_cache/17512.pt
WLASL/videos/17513.mp4,drag,561,features_cache/17513.pt
WLASL/videos/17514.mp4,drag,561,features_cache/17514.pt
WLASL/videos/17518.mp4,drag,561,features_cache/17518.pt
WLASL/videos/17531.mp4,dragon,562,features_cache/17531.pt
WLASL/videos/17532.mp4,dragon,562,features_cache/17532.pt
WLASL/videos/17533.mp4,dragon,562,features_cache/17533.pt
WLASL/videos/17534.mp4,dragon,562,features_cache/17534.pt
WLASL/videos/17535.mp4,dragon,562,features_cache/17535.pt
WLASL/videos/17560.mp4,drama,563,features_cache/17560.pt
WLASL/videos/17561.mp4,drama,563,features_cache/17561.pt
WLASL/videos/17562.mp4,drama,563,features_cache/17562.pt
WLASL/videos/17563.mp4,drama,563,features_cache/17563.pt
WLASL/videos/17564.mp4,drama,563,features_cache/17564.pt
WLASL/videos/17878.mp4,drug,571,features_cache/17878.pt
WLASL/videos/17888.mp4,drug,571,features_cache/17888.pt
WLASL/videos/17879.mp4,drug,571,features_cache/17879.pt
WLASL/videos/17889.mp4,drug,571,features_cache/17889.pt
WLASL/videos/17883.mp4,drug,571,features_cache/17883.pt
WLASL/videos/17959.mp4,due,576,features_cache/17959.pt
WLASL/videos/17960.mp4,due,576,features_cache/17960.pt
WLASL/videos/17961.mp4,due,576,features_cache/17961.pt
WLASL/videos/17964.mp4,due,576,features_cache/17964.pt
WLASL/videos/17965.mp4,due,576,features_cache/17965.pt
WLASL/videos/17978.mp4,dull,577,features_cache/17978.pt
WLASL/videos/17979.mp4,dull,577,features_cache/17979.pt
WLASL/videos/17969.mp4,dull,577,features_cache/17969.pt
WLASL/videos/17974.mp4,dull,577,features_cache/17974.pt
WLASL/videos/17975.mp4,dull,577,features_cache/17975.pt
WLASL/videos/18039.mp4,dusk,580,features_cache/18039.pt
WLASL/videos/18040.mp4,dusk,580,features_cache/18040.pt
WLASL/videos/18041.mp4,dusk,580,features_cache/18041.pt
WLASL/videos/18042.mp4,dusk,580,features_cache/18042.pt
WLASL/videos/18043.mp4,dusk,580,features_cache/18043.pt
WLASL/videos/18071.mp4,dvd,582,features_cache/18071.pt
WLASL/videos/18072.mp4,dvd,582,features_cache/18072.pt
WLASL/videos/18073.mp4,dvd,582,features_cache/18073.pt
WLASL/videos/18074.mp4,dvd,582,features_cache/18074.pt
WLASL/videos/18075.mp4,dvd,582,features_cache/18075.pt
WLASL/videos/18092.mp4,dye,583,features_cache/18092.pt
WLASL/videos/18093.mp4,dye,583,features_cache/18093.pt
WLASL/videos/18094.mp4,dye,583,features_cache/18094.pt
WLASL/videos/18095.mp4,dye,583,features_cache/18095.pt
WLASL/videos/18096.mp4,dye,583,features_cache/18096.pt
WLASL/videos/18533.mp4,e,584,features_cache/18533.pt
WLASL/videos/18534.mp4,e,584,features_cache/18534.pt
WLASL/videos/18535.mp4,e,584,features_cache/18535.pt
WLASL/videos/18536.mp4,e,584,features_cache/18536.pt
WLASL/videos/18537.mp4,e,584,features_cache/18537.pt
WLASL/videos/65617.mp4,either,605,features_cache/65617.pt
WLASL/videos/18643.mp4,either,605,features_cache/18643.pt
WLASL/videos/18644.mp4,either,605,features_cache/18644.pt
WLASL/videos/18646.mp4,either,605,features_cache/18646.pt
WLASL/videos/18647.mp4,either,605,features_cache/18647.pt
WLASL/videos/18729.mp4,electricity,607,features_cache/18729.pt
WLASL/videos/18731.mp4,electricity,607,features_cache/18731.pt
WLASL/videos/18732.mp4,electricity,607,features_cache/18732.pt
WLASL/videos/18733.mp4,electricity,607,features_cache/18733.pt
WLASL/videos/18734.mp4,electricity,607,features_cache/18734.pt
WLASL/videos/18757.mp4,elementary,608,features_cache/18757.pt
WLASL/videos/18758.mp4,elementary,608,features_cache/18758.pt
WLASL/videos/18759.mp4,elementary,608,features_cache/18759.pt
WLASL/videos/18760.mp4,elementary,608,features_cache/18760.pt
WLASL/videos/18761.mp4,elementary,608,features_cache/18761.pt
WLASL/videos/18857.mp4,else,611,features_cache/18857.pt
WLASL/videos/18858.mp4,else,611,features_cache/18858.pt
WLASL/videos/18859.mp4,else,611,features_cache/18859.pt
WLASL/videos/18860.mp4,else,611,features_cache/18860.pt
WLASL/videos/18861.mp4,else,611,features_cache/18861.pt
WLASL/videos/18944.mp4,emergency,614,features_cache/18944.pt
WLASL/videos/18946.mp4,emergency,614,features_cache/18946.pt
WLASL/videos/18948.mp4,emergency,614,features_cache/18948.pt
WLASL/videos/18949.mp4,emergency,614,features_cache/18949.pt
WLASL/videos/18950.mp4,emergency,614,features_cache/18950.pt
WLASL/videos/19213.mp4,engine,622,features_cache/19213.pt
WLASL/videos/19214.mp4,engine,622,features_cache/19214.pt
WLASL/videos/19215.mp4,engine,622,features_cache/19215.pt
WLASL/videos/19216.mp4,engine,622,features_cache/19216.pt
WLASL/videos/19217.mp4,engine,622,features_cache/19217.pt
WLASL/videos/19299.mp4,enormous,627,features_cache/19299.pt
WLASL/videos/19300.mp4,enormous,627,features_cache/19300.pt
WLASL/videos/19301.mp4,enormous,627,features_cache/19301.pt
WLASL/videos/19302.mp4,enormous,627,features_cache/19302.pt
WLASL/videos/19303.mp4,enormous,627,features_cache/19303.pt
WLASL/videos/19513.mp4,eraser,634,features_cache/19513.pt
WLASL/videos/19514.mp4,eraser,634,features_cache/19514.pt
WLASL/videos/19515.mp4,eraser,634,features_cache/19515.pt
WLASL/videos/19516.mp4,eraser,634,features_cache/19516.pt
WLASL/videos/19517.mp4,eraser,634,features_cache/19517.pt
WLASL/videos/19853.mp4,every monday,643,features_cache/19853.pt
WLASL/videos/19854.mp4,every monday,643,features_cache/19854.pt
WLASL/videos/19855.mp4,every monday,643,features_cache/19855.pt
WLASL/videos/19856.mp4,every monday,643,features_cache/19856.pt
WLASL/videos/19857.mp4,every monday,643,features_cache/19857.pt
WLASL/videos/19931.mp4,every tuesday,644,features_cache/19931.pt
WLASL/videos/19932.mp4,every tuesday,644,features_cache/19932.pt
WLASL/videos/19933.mp4,every tuesday,644,features_cache/19933.pt
WLASL/videos/19934.mp4,every tuesday,644,features_cache/19934.pt
WLASL/videos/19935.mp4,every tuesday,644,features_cache/19935.pt
WLASL/videos/19911.mp4,everything,646,features_cache/19911.pt
WLASL/videos/19912.mp4,everything,646,features_cache/19912.pt
WLASL/videos/19913.mp4,everything,646,features_cache/19913.pt
WLASL/videos/19915.mp4,everything,646,features_cache/19915.pt
WLASL/videos/19916.mp4,everything,646,features_cache/19916.pt
WLASL/videos/20110.mp4,except,651,features_cache/20110.pt
WLASL/videos/20111.mp4,except,651,features_cache/20111.pt
WLASL/videos/20113.mp4,except,651,features_cache/20113.pt
WLASL/videos/20114.mp4,except,651,features_cache/20114.pt
WLASL/videos/20115.mp4,except,651,features_cache/20115.pt
WLASL/videos/20258.mp4,exhibit,656,features_cache/20258.pt
WLASL/videos/20259.mp4,exhibit,656,features_cache/20259.pt
WLASL/videos/20260.mp4,exhibit,656,features_cache/20260.pt
WLASL/videos/20261.mp4,exhibit,656,features_cache/20261.pt
WLASL/videos/20262.mp4,exhibit,656,features_cache/20262.pt
WLASL/videos/20456.mp4,explode,664,features_cache/20456.pt
WLASL/videos/20457.mp4,explode,664,features_cache/20457.pt
WLASL/videos/20458.mp4,explode,664,features_cache/20458.pt
WLASL/videos/20459.mp4,explode,664,features_cache/20459.pt
WLASL/videos/20460.mp4,explode,664,features_cache/20460.pt
WLASL/videos/20510.mp4,express,665,features_cache/20510.pt
WLASL/videos/20511.mp4,express,665,features_cache/20511.pt
WLASL/videos/20513.mp4,express,665,features_cache/20513.pt
WLASL/videos/20514.mp4,express,665,features_cache/20514.pt
WLASL/videos/20515.mp4,express,665,features_cache/20515.pt
WLASL/videos/21568.mp4,f,669,features_cache/21568.pt
WLASL/videos/21569.mp4,f,669,features_cache/21569.pt
WLASL/videos/21570.mp4,f,669,features_cache/21570.pt
WLASL/videos/21571.mp4,f,669,features_cache/21571.pt
WLASL/videos/21572.mp4,f,669,features_cache/21572.pt
WLASL/videos/20838.mp4,fairy,674,features_cache/20838.pt
WLASL/videos/20839.mp4,fairy,674,features_cache/20839.pt
WLASL/videos/20840.mp4,fairy,674,features_cache/20840.pt
WLASL/videos/20841.mp4,fairy,674,features_cache/20841.pt
WLASL/videos/20842.mp4,fairy,674,features_cache/20842.pt
WLASL/videos/20969.mp4,familiar,677,features_cache/20969.pt
WLASL/videos/20970.mp4,familiar,677,features_cache/20970.pt
WLASL/videos/20971.mp4,familiar,677,features_cache/20971.pt
WLASL/videos/20972.mp4,familiar,677,features_cache/20972.pt
WLASL/videos/20973.mp4,familiar,677,features_cache/20973.pt
WLASL/videos/21525.mp4,festival,696,features_cache/21525.pt
WLASL/videos/21526.mp4,festival,696,features_cache/21526.pt
WLASL/videos/21527.mp4,festival,696,features_cache/21527.pt
WLASL/videos/21528.mp4,festival,696,features_cache/21528.pt
WLASL/videos/21529.mp4,festival,696,features_cache/21529.pt
WLASL/videos/21839.mp4,finance,701,features_cache/21839.pt
WLASL/videos/21840.mp4,finance,701,features_cache/21840.pt
WLASL/videos/21841.mp4,finance,701,features_cache/21841.pt
WLASL/videos/21842.mp4,finance,701,features_cache/21842.pt
WLASL/videos/21843.mp4,finance,701,features_cache/21843.pt
WLASL/videos/68648.mp4,fingerspell,704,features_cache/68648.pt
WLASL/videos/21923.mp4,fingerspell,704,features_cache/21923.pt
WLASL/videos/21926.mp4,fingerspell,704,features_cache/21926.pt
WLASL/videos/21928.mp4,fingerspell,704,features_cache/21928.pt
WLASL/videos/21929.mp4,fingerspell,704,features_cache/21929.pt
WLASL/videos/22018.mp4,fire,706,features_cache/22018.pt
WLASL/videos/67664.mp4,fire,706,features_cache/67664.pt
WLASL/videos/22019.mp4,fire,706,features_cache/22019.pt
WLASL/videos/22010.mp4,fire,706,features_cache/22010.pt
WLASL/videos/22012.mp4,fire,706,features_cache/22012.pt
WLASL/videos/21994.mp4,firefighter,707,features_cache/21994.pt
WLASL/videos/21998.mp4,firefighter,707,features_cache/21998.pt
WLASL/videos/21999.mp4,firefighter,707,features_cache/21999.pt
WLASL/videos/22000.mp4,firefighter,707,features_cache/22000.pt
WLASL/videos/22003.mp4,firefighter,707,features_cache/22003.pt
WLASL/videos/22191.mp4,five,711,features_cache/22191.pt
WLASL/videos/22192.mp4,five,711,features_cache/22192.pt
WLASL/videos/22193.mp4,five,711,features_cache/22193.pt
WLASL/videos/22194.mp4,five,711,features_cache/22194.pt
WLASL/videos/22196.mp4,five,711,features_cache/22196.pt
WLASL/videos/22358.mp4,flatter,714,features_cache/22358.pt
WLASL/videos/22359.mp4,flatter,714,features_cache/22359.pt
WLASL/videos/22361.mp4,flatter,714,features_cache/22361.pt
WLASL/videos/22362.mp4,flatter,714,features_cache/22362.pt
WLASL/videos/22363.mp4,flatter,714,features_cache/22363.pt
WLASL/videos/22772.mp4,fool,726,features_cache/22772.pt
WLASL/videos/22783.mp4,fool,726,features_cache/22783.pt
WLASL/videos/22774.mp4,fool,726,features_cache/22774.pt
WLASL/videos/22775.mp4,fool,726,features_cache/22775.pt
WLASL/videos/22776.mp4,fool,726,features_cache/22776.pt
WLASL/videos/22975.mp4,forgive,733,features_cache/22975.pt
WLASL/videos/22976.mp4,forgive,733,features_cache/22976.pt
WLASL/videos/22977.mp4,forgive,733,features_cache/22977.pt
WLASL/videos/22978.mp4,forgive,733,features_cache/22978.pt
WLASL/videos/22980.mp4,forgive,733,features_cache/22980.pt
WLASL/videos/65764.mp4,former,736,features_cache/65764.pt
WLASL/videos/23030.mp4,former,736,features_cache/23030.pt
WLASL/videos/23031.mp4,former,736,features_cache/23031.pt
WLASL/videos/23034.mp4,former,736,features_cache/23034.pt
WLASL/videos/23035.mp4,former,736,features_cache/23035.pt
WLASL/videos/23425.mp4,freeway,742,features_cache/23425.pt
WLASL/videos/23426.mp4,freeway,742,features_cache/23426.pt
WLASL/videos/23427.mp4,freeway,742,features_cache/23427.pt
WLASL/videos/23428.mp4,freeway,742,features_cache/23428.pt
WLASL/videos/23431.mp4,freeway,742,features_cache/23431.pt
WLASL/videos/23648.mp4,from now on,751,features_cache/23648.pt
WLASL/videos/23649.mp4,from now on,751,features_cache/23649.pt
WLASL/videos/23650.mp4,from now on,751,features_cache/23650.pt
WLASL/videos/23651.mp4,from now on,751,features_cache/23651.pt
WLASL/videos/23652.mp4,from now on,751,features_cache/23652.pt
WLASL/videos/24523.mp4,g,761,features_cache/24523.pt
WLASL/videos/24524.mp4,g,761,features_cache/24524.pt
WLASL/videos/24525.mp4,g,761,features_cache/24525.pt
WLASL/videos/24526.mp4,g,761,features_cache/24526.pt
WLASL/videos/24527.mp4,g,761,features_cache/24527.pt
WLASL/videos/24044.mp4,gang,765,features_cache/24044.pt
WLASL/videos/24045.mp4,gang,765,features_cache/24045.pt
WLASL/videos/24046.mp4,gang,765,features_cache/24046.pt
WLASL/videos/24047.mp4,gang,765,features_cache/24047.pt
WLASL/videos/24048.mp4,gang,765,features_cache/24048.pt
WLASL/videos/67704.mp4,gay,770,features_cache/67704.pt
WLASL/videos/24201.mp4,gay,770,features_cache/24201.pt
WLASL/videos/24203.mp4,gay,770,features_cache/24203.pt
WLASL/videos/24194.mp4,gay,770,features_cache/24194.pt
WLASL/videos/24195.mp4,gay,770,features_cache/24195.pt
WLASL/videos/24345.mp4,geometry,774,features_cache/24345.pt
WLASL/videos/24346.mp4,geometry,774,features_cache/24346.pt
WLASL/videos/24347.mp4,geometry,774,features_cache/24347.pt
WLASL/videos/24348.mp4,geometry,774,features_cache/24348.pt
WLASL/videos/24349.mp4,geometry,774,features_cache/24349.pt
WLASL/videos/24499.mp4,get up,778,features_cache/24499.pt
WLASL/videos/24500.mp4,get up,778,features_cache/24500.pt
WLASL/videos/24501.mp4,get up,778,features_cache/24501.pt
WLASL/videos/24502.mp4,get up,778,features_cache/24502.pt
WLASL/videos/24503.mp4,get up,778,features_cache/24503.pt
WLASL/videos/24548.mp4,gift,780,features_cache/24548.pt
WLASL/videos/24551.mp4,gift,780,features_cache/24551.pt
WLASL/videos/24553.mp4,gift,780,features_cache/24553.pt
WLASL/videos/24554.mp4,gift,780,features_cache/24554.pt
WLASL/videos/24555.mp4,gift,780,features_cache/24555.pt
WLASL/videos/25278.mp4,grab,801,features_cache/25278.pt
WLASL/videos/25279.mp4,grab,801,features_cache/25279.pt
WLASL/videos/25280.mp4,grab,801,features_cache/25280.pt
WLASL/videos/25281.mp4,grab,801,features_cache/25281.pt
WLASL/videos/25282.mp4,grab,801,features_cache/25282.pt
WLASL/videos/25352.mp4,graduation,803,features_cache/25352.pt
WLASL/videos/25353.mp4,graduation,803,features_cache/25353.pt
WLASL/videos/25354.mp4,graduation,803,features_cache/25354.pt
WLASL/videos/25355.mp4,graduation,803,features_cache/25355.pt
WLASL/videos/25356.mp4,graduation,803,features_cache/25356.pt
WLASL/videos/25524.mp4,grateful,810,features_cache/25524.pt
WLASL/videos/25526.mp4,grateful,810,features_cache/25526.pt
WLASL/videos/25527.mp4,grateful,810,features_cache/25527.pt
WLASL/videos/25528.mp4,grateful,810,features_cache/25528.pt
WLASL/videos/25529.mp4,grateful,810,features_cache/25529.pt
WLASL/videos/25714.mp4,grey,815,features_cache/25714.pt
WLASL/videos/25715.mp4,grey,815,features_cache/25715.pt
WLASL/videos/25717.mp4,grey,815,features_cache/25717.pt
WLASL/videos/25719.mp4,grey,815,features_cache/25719.pt
WLASL/videos/25721.mp4,grey,815,features_cache/25721.pt
WLASL/videos/26065.mp4,gymnastics,825,features_cache/26065.pt
WLASL/videos/26066.mp4,gymnastics,825,features_cache/26066.pt
WLASL/videos/26067.mp4,gymnastics,825,features_cache/26067.pt
WLASL/videos/26068.mp4,gymnastics,825,features_cache/26068.pt
WLASL/videos/26069.mp4,gymnastics,825,features_cache/26069.pt
WLASL/videos/66046.mp4,h,826,features_cache/66046.pt
WLASL/videos/27358.mp4,h,826,features_cache/27358.pt
WLASL/videos/27355.mp4,h,826,features_cache/27355.pt
WLASL/videos/27359.mp4,h,826,features_cache/27359.pt
WLASL/videos/27356.mp4,h,826,features_cache/27356.pt
WLASL/videos/26463.mp4,hang up,834,features_cache/26463.pt
WLASL/videos/26464.mp4,hang up,834,features_cache/26464.pt
WLASL/videos/26466.mp4,hang up,834,features_cache/26466.pt
WLASL/videos/26467.mp4,hang up,834,features_cache/26467.pt
WLASL/videos/26468.mp4,hang up,834,features_cache/26468.pt
WLASL/videos/26484.mp4,hanukkah,835,features_cache/26484.pt
WLASL/videos/26485.mp4,hanukkah,835,features_cache/26485.pt
WLASL/videos/26486.mp4,hanukkah,835,features_cache/26486.pt
WLASL/videos/26487.mp4,hanukkah,835,features_cache/26487.pt
WLASL/videos/26488.mp4,hanukkah,835,features_cache/26488.pt
WLASL/videos/26932.mp4,heap,847,features_cache/26932.pt
WLASL/videos/26934.mp4,heap,847,features_cache/26934.pt
WLASL/videos/26935.mp4,heap,847,features_cache/26935.pt
WLASL/videos/26936.mp4,heap,847,features_cache/26936.pt
WLASL/videos/26937.mp4,heap,847,features_cache/26937.pt
WLASL/videos/27019.mp4,heart attack,852,features_cache/27019.pt
WLASL/videos/27020.mp4,heart attack,852,features_cache/27020.pt
WLASL/videos/27021.mp4,heart attack,852,features_cache/27021.pt
WLASL/videos/27022.mp4,heart attack,852,features_cache/27022.pt
WLASL/videos/27023.mp4,heart attack,852,features_cache/27023.pt
WLASL/videos/27487.mp4,hill,866,features_cache/27487.pt
WLASL/videos/27489.mp4,hill,866,features_cache/27489.pt
WLASL/videos/27490.mp4,hill,866,features_cache/27490.pt
WLASL/videos/27491.mp4,hill,866,features_cache/27491.pt
WLASL/videos/27492.mp4,hill,866,features_cache/27492.pt
WLASL/videos/27754.mp4,holy,873,features_cache/27754.pt
WLASL/videos/27745.mp4,holy,873,features_cache/27745.pt
WLASL/videos/27746.mp4,holy,873,features_cache/27746.pt
WLASL/videos/27747.mp4,holy,873,features_cache/27747.pt
WLASL/videos/27748.mp4,holy,873,features_cache/27748.pt
WLASL/videos/27941.mp4,hop,879,features_cache/27941.pt
WLASL/videos/27942.mp4,hop,879,features_cache/27942.pt
WLASL/videos/27943.mp4,hop,879,features_cache/27943.pt
WLASL/videos/27944.mp4,hop,879,features_cache/27944.pt
WLASL/videos/27945.mp4,hop,879,features_cache/27945.pt
WLASL/videos/28067.mp4,host,883,features_cache/28067.pt
WLASL/videos/28069.mp4,host,883,features_cache/28069.pt
WLASL/videos/28057.mp4,host,883,features_cache/28057.pt
WLASL/videos/28058.mp4,host,883,features_cache/28058.pt
WLASL/videos/28059.mp4,host,883,features_cache/28059.pt
WLASL/videos/28089.mp4,hot dog,885,features_cache/28089.pt
WLASL/videos/28096.mp4,hot dog,885,features_cache/28096.pt
WLASL/videos/28082.mp4,hot dog,885,features_cache/28082.pt
WLASL/videos/28087.mp4,hot dog,885,features_cache/28087.pt
WLASL/videos/28091.mp4,hot dog,885,features_cache/28091.pt
WLASL/videos/28290.mp4,human,890,features_cache/28290.pt
WLASL/videos/28291.mp4,human,890,features_cache/28291.pt
WLASL/videos/28292.mp4,human,890,features_cache/28292.pt
WLASL/videos/28295.mp4,human,890,features_cache/28295.pt
WLASL/videos/28296.mp4,human,890,features_cache/28296.pt
WLASL/videos/28789.mp4,i,898,features_cache/28789.pt
WLASL/videos/28790.mp4,i,898,features_cache/28790.pt
WLASL/videos/28791.mp4,i,898,features_cache/28791.pt
WLASL/videos/28793.mp4,i,898,features_cache/28793.pt
WLASL/videos/28794.mp4,i,898,features_cache/28794.pt
WLASL/videos/28820.mp4,ill,904,features_cache/28820.pt
WLASL/videos/28821.mp4,ill,904,features_cache/28821.pt
WLASL/videos/28824.mp4,ill,904,features_cache/28824.pt
WLASL/videos/28826.mp4,ill,904,features_cache/28826.pt
WLASL/videos/28827.mp4,ill,904,features_cache/28827.pt
WLASL/videos/28814.mp4,illegal,905,features_cache/28814.pt
WLASL/videos/28815.mp4,illegal,905,features_cache/28815.pt
WLASL/videos/28816.mp4,illegal,905,features_cache/28816.pt
WLASL/videos/28817.mp4,illegal,905,features_cache/28817.pt
WLASL/videos/28818.mp4,illegal,905,features_cache/28818.pt
WLASL/videos/67787.mp4,impact,907,features_cache/67787.pt
WLASL/videos/29008.mp4,impact,907,features_cache/29008.pt
WLASL/videos/29009.mp4,impact,907,features_cache/29009.pt
WLASL/videos/29010.mp4,impact,907,features_cache/29010.pt
WLASL/videos/29011.mp4,impact,907,features_cache/29011.pt
WLASL/videos/29462.mp4,individual,916,features_cache/29462.pt
WLASL/videos/29463.mp4,individual,916,features_cache/29463.pt
WLASL/videos/29464.mp4,individual,916,features_cache/29464.pt
WLASL/videos/29467.mp4,individual,916,features_cache/29467.pt
WLASL/videos/29468.mp4,individual,916,features_cache/29468.pt
WLASL/videos/29899.mp4,inspect,924,features_cache/29899.pt
WLASL/videos/29900.mp4,inspect,924,features_cache/29900.pt
WLASL/videos/29901.mp4,inspect,924,features_cache/29901.pt
WLASL/videos/29902.mp4,inspect,924,features_cache/29902.pt
WLASL/videos/29903.mp4,inspect,924,features_cache/29903.pt
WLASL/videos/29920.mp4,inspire,925,features_cache/29920.pt
WLASL/videos/29921.mp4,inspire,925,features_cache/29921.pt
WLASL/videos/29922.mp4,inspire,925,features_cache/29922.pt
WLASL/videos/29924.mp4,inspire,925,features_cache/29924.pt
WLASL/videos/29925.mp4,inspire,925,features_cache/29925.pt
WLASL/videos/30298.mp4,intersection,936,features_cache/30298.pt
WLASL/videos/30300.mp4,intersection,936,features_cache/30300.pt
WLASL/videos/30301.mp4,intersection,936,features_cache/30301.pt
WLASL/videos/30302.mp4,intersection,936,features_cache/30302.pt
WLASL/videos/30304.mp4,intersection,936,features_cache/30304.pt
WLASL/videos/30584.mp4,ireland,944,features_cache/30584.pt
WLASL/videos/30585.mp4,ireland,944,features_cache/30585.pt
WLASL/videos/30587.mp4,ireland,944,features_cache/30587.pt
WLASL/videos/30588.mp4,ireland,944,features_cache/30588.pt
WLASL/videos/30589.mp4,ireland,944,features_cache/30589.pt
WLASL/videos/30595.mp4,iron,945,features_cache/30595.pt
WLASL/videos/67798.mp4,iron,945,features_cache/67798.pt
WLASL/videos/30596.mp4,iron,945,features_cache/30596.pt
WLASL/videos/30600.mp4,iron,945,features_cache/30600.pt
WLASL/videos/30601.mp4,iron,945,features_cache/30601.pt
WLASL/videos/31100.mp4,j,949,features_cache/31100.pt
WLASL/videos/31101.mp4,j,949,features_cache/31101.pt
WLASL/videos/31102.mp4,j,949,features_cache/31102.pt
WLASL/videos/31103.mp4,j,949,features_cache/31103.pt
WLASL/videos/31104.mp4,j,949,features_cache/31104.pt
WLASL/videos/31077.mp4,jewelry,956,features_cache/31077.pt
WLASL/videos/31078.mp4,jewelry,956,features_cache/31078.pt
WLASL/videos/31079.mp4,jewelry,956,features_cache/31079.pt
WLASL/videos/31080.mp4,jewelry,956,features_cache/31080.pt
WLASL/videos/31082.mp4,jewelry,956,features_cache/31082.pt
WLASL/videos/31219.mp4,journey,960,features_cache/31219.pt
WLASL/videos/31220.mp4,journey,960,features_cache/31220.pt
WLASL/videos/31221.mp4,journey,960,features_cache/31221.pt
WLASL/videos/31222.mp4,journey,960,features_cache/31222.pt
WLASL/videos/31223.mp4,journey,960,features_cache/31223.pt
WLASL/videos/31234.mp4,joy,961,features_cache/31234.pt
WLASL/videos/31236.mp4,joy,961,features_cache/31236.pt
WLASL/videos/31237.mp4,joy,961,features_cache/31237.pt
WLASL/videos/31238.mp4,joy,961,features_cache/31238.pt
WLASL/videos/31239.mp4,joy,961,features_cache/31239.pt
WLASL/videos/31306.mp4,july,963,features_cache/31306.pt
WLASL/videos/31301.mp4,july,963,features_cache/31301.pt
WLASL/videos/31302.mp4,july,963,features_cache/31302.pt
WLASL/videos/31303.mp4,july,963,features_cache/31303.pt
WLASL/videos/31304.mp4,july,963,features_cache/31304.pt
WLASL/videos/31583.mp4,k,966,features_cache/31583.pt
WLASL/videos/31584.mp4,k,966,features_cache/31584.pt
WLASL/videos/31585.mp4,k,966,features_cache/31585.pt
WLASL/videos/31586.mp4,k,966,features_cache/31586.pt
WLASL/videos/31587.mp4,k,966,features_cache/31587.pt
WLASL/videos/31612.mp4,kid,973,features_cache/31612.pt
WLASL/videos/67814.mp4,kid,973,features_cache/67814.pt
WLASL/videos/31613.mp4,kid,973,features_cache/31613.pt
WLASL/videos/31614.mp4,kid,973,features_cache/31614.pt
WLASL/videos/31620.mp4,kid,973,features_cache/31620.pt
WLASL/videos/31689.mp4,kindergarten,975,features_cache/31689.pt
WLASL/videos/31690.mp4,kindergarten,975,features_cache/31690.pt
WLASL/videos/31691.mp4,kindergarten,975,features_cache/31691.pt
WLASL/videos/31692.mp4,kindergarten,975,features_cache/31692.pt
WLASL/videos/31693.mp4,kindergarten,975,features_cache/31693.pt
WLASL/videos/32048.mp4,lady,984,features_cache/32048.pt
WLASL/videos/32049.mp4,lady,984,features_cache/32049.pt
WLASL/videos/32050.mp4,lady,984,features_cache/32050.pt
WLASL/videos/32051.mp4,lady,984,features_cache/32051.pt
WLASL/videos/32052.mp4,lady,984,features_cache/32052.pt
WLASL/videos/32097.mp4,lamp,985,features_cache/32097.pt
WLASL/videos/32100.mp4,lamp,985,features_cache/32100.pt
WLASL/videos/67824.mp4,lamp,985,features_cache/67824.pt
WLASL/videos/32104.mp4,lamp,985,features_cache/32104.pt
WLASL/videos/32094.mp4,lamp,985,features_cache/32094.pt
WLASL/videos/32276.mp4,last week,991,features_cache/32276.pt
WLASL/videos/32277.mp4,last week,991,features_cache/32277.pt
WLASL/videos/32278.mp4,last week,991,features_cache/32278.pt
WLASL/videos/32279.mp4,last week,991,features_cache/32279.pt
WLASL/videos/32280.mp4,last week,991,features_cache/32280.pt
WLASL/videos/32422.mp4,laundry,996,features_cache/32422.pt
WLASL/videos/32423.mp4,laundry,996,features_cache/32423.pt
WLASL/videos/32424.mp4,laundry,996,features_cache/32424.pt
WLASL/videos/32426.mp4,laundry,996,features_cache/32426.pt
WLASL/videos/32427.mp4,laundry,996,features_cache/32427.pt
WLASL/videos/32520.mp4,leader,1001,features_cache/32520.pt
WLASL/videos/32521.mp4,leader,1001,features_cache/32521.pt
WLASL/videos/32522.mp4,leader,1001,features_cache/32522.pt
WLASL/videos/32523.mp4,leader,1001,features_cache/32523.pt
WLASL/videos/32524.mp4,leader,1001,features_cache/32524.pt
WLASL/videos/32562.mp4,league,1003,features_cache/32562.pt
WLASL/videos/32563.mp4,league,1003,features_cache/32563.pt
WLASL/videos/32565.mp4,league,1003,features_cache/32565.pt
WLASL/videos/32566.mp4,league,1003,features_cache/32566.pt
WLASL/videos/32567.mp4,league,1003,features_cache/32567.pt
WLASL/videos/32579.mp4,leak,1004,features_cache/32579.pt
WLASL/videos/32569.mp4,leak,1004,features_cache/32569.pt
WLASL/videos/32570.mp4,leak,1004,features_cache/32570.pt
WLASL/videos/32571.mp4,leak,1004,features_cache/32571.pt
WLASL/videos/32573.mp4,leak,1004,features_cache/32573.pt
WLASL/videos/32755.mp4,legal,1009,features_cache/32755.pt
WLASL/videos/32756.mp4,legal,1009,features_cache/32756.pt
WLASL/videos/32757.mp4,legal,1009,features_cache/32757.pt
WLASL/videos/32758.mp4,legal,1009,features_cache/32758.pt
WLASL/videos/32759.mp4,legal,1009,features_cache/32759.pt
WLASL/videos/32914.mp4,let,1015,features_cache/32914.pt
WLASL/videos/32915.mp4,let,1015,features_cache/32915.pt
WLASL/videos/32916.mp4,let,1015,features_cache/32916.pt
WLASL/videos/32917.mp4,let,1015,features_cache/32917.pt
WLASL/videos/32918.mp4,let,1015,features_cache/32918.pt
WLASL/videos/33001.mp4,liability,1018,features_cache/33001.pt
WLASL/videos/33002.mp4,liability,1018,features_cache/33002.pt
WLASL/videos/33003.mp4,liability,1018,features_cache/33003.pt
WLASL/videos/33004.mp4,liability,1018,features_cache/33004.pt
WLASL/videos/33005.mp4,liability,1018,features_cache/33005.pt
WLASL/videos/33043.mp4,librarian,1019,features_cache/33043.pt
WLASL/videos/33044.mp4,librarian,1019,features_cache/33044.pt
WLASL/videos/33045.mp4,librarian,1019,features_cache/33045.pt
WLASL/videos/33046.mp4,librarian,1019,features_cache/33046.pt
WLASL/videos/33047.mp4,librarian,1019,features_cache/33047.pt
WLASL/videos/33065.mp4,license,1021,features_cache/33065.pt
WLASL/videos/33066.mp4,license,1021,features_cache/33066.pt
WLASL/videos/33067.mp4,license,1021,features_cache/33067.pt
WLASL/videos/33068.mp4,license,1021,features_cache/33068.pt
WLASL/videos/33069.mp4,license,1021,features_cache/33069.pt
WLASL/videos/68596.mp4,little bit,1035,features_cache/68596.pt
WLASL/videos/33518.mp4,little bit,1035,features_cache/33518.pt
WLASL/videos/33519.mp4,little bit,1035,features_cache/33519.pt
WLASL/videos/33520.mp4,little bit,1035,features_cache/33520.pt
WLASL/videos/33521.mp4,little bit,1035,features_cache/33521.pt
WLASL/videos/33609.mp4,loan,1037,features_cache/33609.pt
WLASL/videos/33610.mp4,loan,1037,features_cache/33610.pt
WLASL/videos/33612.mp4,loan,1037,features_cache/33612.pt
WLASL/videos/33613.mp4,loan,1037,features_cache/33613.pt
WLASL/videos/33615.mp4,loan,1037,features_cache/33615.pt
WLASL/videos/67859.mp4,look at,1043,features_cache/67859.pt
WLASL/videos/33855.mp4,look at,1043,features_cache/33855.pt
WLASL/videos/33856.mp4,look at,1043,features_cache/33856.pt
WLASL/videos/33857.mp4,look at,1043,features_cache/33857.pt
WLASL/videos/33858.mp4,look at,1043,features_cache/33858.pt
WLASL/videos/67860.mp4,look for,1044,features_cache/67860.pt
WLASL/videos/33881.mp4,look for,1044,features_cache/33881.pt
WLASL/videos/33882.mp4,look for,1044,features_cache/33882.pt
WLASL/videos/33883.mp4,look for,1044,features_cache/33883.pt
WLASL/videos/33884.mp4,look for,1044,features_cache/33884.pt
WLASL/videos/33981.mp4,lord,1045,features_cache/33981.pt
WLASL/videos/33982.mp4,lord,1045,features_cache/33982.pt
WLASL/videos/33983.mp4,lord,1045,features_cache/33983.pt
WLASL/videos/33985.mp4,lord,1045,features_cache/33985.pt
WLASL/videos/33986.mp4,lord,1045,features_cache/33986.pt
WLASL/videos/35897.mp4,m,1052,features_cache/35897.pt
WLASL/videos/35898.mp4,m,1052,features_cache/35898.pt
WLASL/videos/35899.mp4,m,1052,features_cache/35899.pt
WLASL/videos/35900.mp4,m,1052,features_cache/35900.pt
WLASL/videos/35901.mp4,m,1052,features_cache/35901.pt
WLASL/videos/35309.mp4,meaning,1073,features_cache/35309.pt
WLASL/videos/35310.mp4,meaning,1073,features_cache/35310.pt
WLASL/videos/35311.mp4,meaning,1073,features_cache/35311.pt
WLASL/videos/35312.mp4,meaning,1073,features_cache/35312.pt
WLASL/videos/35313.mp4,meaning,1073,features_cache/35313.pt
WLASL/videos/35556.mp4,melody,1080,features_cache/35556.pt
WLASL/videos/35557.mp4,melody,1080,features_cache/35557.pt
WLASL/videos/35558.mp4,melody,1080,features_cache/35558.pt
WLASL/videos/35559.mp4,melody,1080,features_cache/35559.pt
WLASL/videos/35560.mp4,melody,1080,features_cache/35560.pt
WLASL/videos/35568.mp4,melt,1081,features_cache/35568.pt
WLASL/videos/35569.mp4,melt,1081,features_cache/35569.pt
WLASL/videos/35570.mp4,melt,1081,features_cache/35570.pt
WLASL/videos/35571.mp4,melt,1081,features_cache/35571.pt
WLASL/videos/35572.mp4,melt,1081,features_cache/35572.pt
WLASL/videos/66115.mp4,mention,1084,features_cache/66115.pt
WLASL/videos/66116.mp4,mention,1084,features_cache/66116.pt
WLASL/videos/35676.mp4,mention,1084,features_cache/35676.pt
WLASL/videos/35678.mp4,mention,1084,features_cache/35678.pt
WLASL/videos/35680.mp4,mention,1084,features_cache/35680.pt
WLASL/videos/35933.mp4,microscope,1089,features_cache/35933.pt
WLASL/videos/35934.mp4,microscope,1089,features_cache/35934.pt
WLASL/videos/35935.mp4,microscope,1089,features_cache/35935.pt
WLASL/videos/35936.mp4,microscope,1089,features_cache/35936.pt
WLASL/videos/35937.mp4,microscope,1089,features_cache/35937.pt
WLASL/videos/35988.mp4,midnight,1092,features_cache/35988.pt
WLASL/videos/35990.mp4,midnight,1092,features_cache/35990.pt
WLASL/videos/35991.mp4,midnight,1092,features_cache/35991.pt
WLASL/videos/35992.mp4,midnight,1092,features_cache/35992.pt
WLASL/videos/35993.mp4,midnight,1092,features_cache/35993.pt
WLASL/videos/36038.mp4,military,1093,features_cache/36038.pt
WLASL/videos/36039.mp4,military,1093,features_cache/36039.pt
WLASL/videos/36040.mp4,military,1093,features_cache/36040.pt
WLASL/videos/36041.mp4,military,1093,features_cache/36041.pt
WLASL/videos/36042.mp4,military,1093,features_cache/36042.pt
WLASL/videos/36141.mp4,mine,1096,features_cache/36141.pt
WLASL/videos/36142.mp4,mine,1096,features_cache/36142.pt
WLASL/videos/36144.mp4,mine,1096,features_cache/36144.pt
WLASL/videos/36145.mp4,mine,1096,features_cache/36145.pt
WLASL/videos/36146.mp4,mine,1096,features_cache/36146.pt
WLASL/videos/36400.mp4,mistake,1101,features_cache/36400.pt
WLASL/videos/36401.mp4,mistake,1101,features_cache/36401.pt
WLASL/videos/36402.mp4,mistake,1101,features_cache/36402.pt
WLASL/videos/36403.mp4,mistake,1101,features_cache/36403.pt
WLASL/videos/36404.mp4,mistake,1101,features_cache/36404.pt
WLASL/videos/36489.mp4,mock,1104,features_cache/36489.pt
WLASL/videos/67899.mp4,mock,1104,features_cache/67899.pt
WLASL/videos/36490.mp4,mock,1104,features_cache/36490.pt
WLASL/videos/36491.mp4,mock,1104,features_cache/36491.pt
WLASL/videos/36492.mp4,mock,1104,features_cache/36492.pt
WLASL/videos/36803.mp4,moose,1113,features_cache/36803.pt
WLASL/videos/36804.mp4,moose,1113,features_cache/36804.pt
WLASL/videos/36806.mp4,moose,1113,features_cache/36806.pt
WLASL/videos/36807.mp4,moose,1113,features_cache/36807.pt
WLASL/videos/36808.mp4,moose,1113,features_cache/36808.pt
WLASL/videos/36910.mp4,mosquito,1116,features_cache/36910.pt
WLASL/videos/36901.mp4,mosquito,1116,features_cache/36901.pt
WLASL/videos/36903.mp4,mosquito,1116,features_cache/36903.pt
WLASL/videos/36904.mp4,mosquito,1116,features_cache/36904.pt
WLASL/videos/36906.mp4,mosquito,1116,features_cache/36906.pt
WLASL/videos/36970.mp4,motivate,1119,features_cache/36970.pt
WLASL/videos/36971.mp4,motivate,1119,features_cache/36971.pt
WLASL/videos/36973.mp4,motivate,1119,features_cache/36973.pt
WLASL/videos/36974.mp4,motivate,1119,features_cache/36974.pt
WLASL/videos/36975.mp4,motivate,1119,features_cache/36975.pt
WLASL/videos/37306.mp4,murder,1129,features_cache/37306.pt
WLASL/videos/37307.mp4,murder,1129,features_cache/37307.pt
WLASL/videos/37308.mp4,murder,1129,features_cache/37308.pt
WLASL/videos/37309.mp4,murder,1129,features_cache/37309.pt
WLASL/videos/37310.mp4,murder,1129,features_cache/37310.pt
WLASL/videos/38265.mp4,n,1138,features_cache/38265.pt
WLASL/videos/38266.mp4,n,1138,features_cache/38266.pt
WLASL/videos/38267.mp4,n,1138,features_cache/38267.pt
WLASL/videos/38268.mp4,n,1138,features_cache/38268.pt
WLASL/videos/38269.mp4,n,1138,features_cache/38269.pt
WLASL/videos/37648.mp4,narrow,1141,features_cache/37648.pt
WLASL/videos/37649.mp4,narrow,1141,features_cache/37649.pt
WLASL/videos/37650.mp4,narrow,1141,features_cache/37650.pt
WLASL/videos/37651.mp4,narrow,1141,features_cache/37651.pt
WLASL/videos/37652.mp4,narrow,1141,features_cache/37652.pt
WLASL/videos/37829.mp4,necessary,1144,features_cache/37829.pt
WLASL/videos/37830.mp4,necessary,1144,features_cache/37830.pt
WLASL/videos/37831.mp4,necessary,1144,features_cache/37831.pt
WLASL/videos/37832.mp4,necessary,1144,features_cache/37832.pt
WLASL/videos/37833.mp4,necessary,1144,features_cache/37833.pt
WLASL/videos/37932.mp4,negotiate,1149,features_cache/37932.pt
WLASL/videos/37933.mp4,negotiate,1149,features_cache/37933.pt
WLASL/videos/37935.mp4,negotiate,1149,features_cache/37935.pt
WLASL/videos/37937.mp4,negotiate,1149,features_cache/37937.pt
WLASL/videos/37938.mp4,negotiate,1149,features_cache/37938.pt
WLASL/videos/38213.mp4,new york,1157,features_cache/38213.pt
WLASL/videos/38211.mp4,new york,1157,features_cache/38211.pt
WLASL/videos/38214.mp4,new york,1157,features_cache/38214.pt
WLASL/videos/67930.mp4,new york,1157,features_cache/67930.pt
WLASL/videos/38216.mp4,new york,1157,features_cache/38216.pt
WLASL/videos/38374.mp4,nine,1164,features_cache/38374.pt
WLASL/videos/38375.mp4,nine,1164,features_cache/38375.pt
WLASL/videos/38376.mp4,nine,1164,features_cache/38376.pt
WLASL/videos/38377.mp4,nine,1164,features_cache/38377.pt
WLASL/videos/38378.mp4,nine,1164,features_cache/38378.pt
WLASL/videos/38702.mp4,northwest,1171,features_cache/38702.pt
WLASL/videos/38703.mp4,northwest,1171,features_cache/38703.pt
WLASL/videos/38704.mp4,northwest,1171,features_cache/38704.pt
WLASL/videos/38705.mp4,northwest,1171,features_cache/38705.pt
WLASL/videos/38706.mp4,northwest,1171,features_cache/38706.pt
WLASL/videos/68530.mp4,not yet,1174,features_cache/68530.pt
WLASL/videos/67936.mp4,not yet,1174,features_cache/67936.pt
WLASL/videos/38945.mp4,not yet,1174,features_cache/38945.pt
WLASL/videos/38949.mp4,not yet,1174,features_cache/38949.pt
WLASL/videos/38946.mp4,not yet,1174,features_cache/38946.pt
WLASL/videos/38872.mp4,notice,1176,features_cache/38872.pt
WLASL/videos/38873.mp4,notice,1176,features_cache/38873.pt
WLASL/videos/38874.mp4,notice,1176,features_cache/38874.pt
WLASL/videos/38875.mp4,notice,1176,features_cache/38875.pt
WLASL/videos/38878.mp4,notice,1176,features_cache/38878.pt
WLASL/videos/39069.mp4,numerous,1180,features_cache/39069.pt
WLASL/videos/39070.mp4,numerous,1180,features_cache/39070.pt
WLASL/videos/39071.mp4,numerous,1180,features_cache/39071.pt
WLASL/videos/39072.mp4,numerous,1180,features_cache/39072.pt
WLASL/videos/39073.mp4,numerous,1180,features_cache/39073.pt
WLASL/videos/39077.mp4,nun,1181,features_cache/39077.pt
WLASL/videos/39078.mp4,nun,1181,features_cache/39078.pt
WLASL/videos/39080.mp4,nun,1181,features_cache/39080.pt
WLASL/videos/39081.mp4,nun,1181,features_cache/39081.pt
WLASL/videos/39082.mp4,nun,1181,features_cache/39082.pt
WLASL/videos/39553.mp4,o,1184,features_cache/39553.pt
WLASL/videos/39554.mp4,o,1184,features_cache/39554.pt
WLASL/videos/39555.mp4,o,1184,features_cache/39555.pt
WLASL/videos/39556.mp4,o,1184,features_cache/39556.pt
WLASL/videos/39557.mp4,o,1184,features_cache/39557.pt
WLASL/videos/39199.mp4,objective,1185,features_cache/39199.pt
WLASL/videos/39200.mp4,objective,1185,features_cache/39200.pt
WLASL/videos/39201.mp4,objective,1185,features_cache/39201.pt
WLASL/videos/39202.mp4,objective,1185,features_cache/39202.pt
WLASL/videos/39203.mp4,objective,1185,features_cache/39203.pt
WLASL/videos/39254.mp4,obsess,1186,features_cache/39254.pt
WLASL/videos/39255.mp4,obsess,1186,features_cache/39255.pt
WLASL/videos/39256.mp4,obsess,1186,features_cache/39256.pt
WLASL/videos/39257.mp4,obsess,1186,features_cache/39257.pt
WLASL/videos/39258.mp4,obsess,1186,features_cache/39258.pt
WLASL/videos/39287.mp4,obtain,1187,features_cache/39287.pt
WLASL/videos/39288.mp4,obtain,1187,features_cache/39288.pt
WLASL/videos/39289.mp4,obtain,1187,features_cache/39289.pt
WLASL/videos/39290.mp4,obtain,1187,features_cache/39290.pt
WLASL/videos/39291.mp4,obtain,1187,features_cache/39291.pt
WLASL/videos/39335.mp4,occur,1188,features_cache/39335.pt
WLASL/videos/39336.mp4,occur,1188,features_cache/39336.pt
WLASL/videos/39337.mp4,occur,1188,features_cache/39337.pt
WLASL/videos/39338.mp4,occur,1188,features_cache/39338.pt
WLASL/videos/39339.mp4,occur,1188,features_cache/39339.pt
WLASL/videos/39388.mp4,odor,1193,features_cache/39388.pt
WLASL/videos/39389.mp4,odor,1193,features_cache/39389.pt
WLASL/videos/39390.mp4,odor,1193,features_cache/39390.pt
WLASL/videos/39391.mp4,odor,1193,features_cache/39391.pt
WLASL/videos/39392.mp4,odor,1193,features_cache/39392.pt
WLASL/videos/39648.mp4,olympics,1200,features_cache/39648.pt
WLASL/videos/39649.mp4,olympics,1200,features_cache/39649.pt
WLASL/videos/39650.mp4,olympics,1200,features_cache/39650.pt
WLASL/videos/39651.mp4,olympics,1200,features_cache/39651.pt
WLASL/videos/39652.mp4,olympics,1200,features_cache/39652.pt
WLASL/videos/40239.mp4,or,1210,features_cache/40239.pt
WLASL/videos/40240.mp4,or,1210,features_cache/40240.pt
WLASL/videos/40241.mp4,or,1210,features_cache/40241.pt
WLASL/videos/40242.mp4,or,1210,features_cache/40242.pt
WLASL/videos/40243.mp4,or,1210,features_cache/40243.pt
WLASL/videos/66245.mp4,oral,1211,features_cache/66245.pt
WLASL/videos/67948.mp4,oral,1211,features_cache/67948.pt
WLASL/videos/40097.mp4,oral,1211,features_cache/40097.pt
WLASL/videos/40100.mp4,oral,1211,features_cache/40100.pt
WLASL/videos/40102.mp4,oral,1211,features_cache/40102.pt
WLASL/videos/40343.mp4,our,1216,features_cache/40343.pt
WLASL/videos/40344.mp4,our,1216,features_cache/40344.pt
WLASL/videos/40345.mp4,our,1216,features_cache/40345.pt
WLASL/videos/40346.mp4,our,1216,features_cache/40346.pt
WLASL/videos/40347.mp4,our,1216,features_cache/40347.pt
WLASL/videos/40529.mp4,overcome,1220,features_cache/40529.pt
WLASL/videos/40530.mp4,overcome,1220,features_cache/40530.pt
WLASL/videos/40531.mp4,overcome,1220,features_cache/40531.pt
WLASL/videos/40532.mp4,overcome,1220,features_cache/40532.pt
WLASL/videos/40533.mp4,overcome,1220,features_cache/40533.pt
WLASL/videos/40723.mp4,pack,1226,features_cache/40723.pt
WLASL/videos/40725.mp4,pack,1226,features_cache/40725.pt
WLASL/videos/40726.mp4,pack,1226,features_cache/40726.pt
WLASL/videos/40727.mp4,pack,1226,features_cache/40727.pt
WLASL/videos/40728.mp4,pack,1226,features_cache/40728.pt
WLASL/videos/40829.mp4,painter,1230,features_cache/40829.pt
WLASL/videos/40830.mp4,painter,1230,features_cache/40830.pt
WLASL/videos/40831.mp4,painter,1230,features_cache/40831.pt
WLASL/videos/40832.mp4,painter,1230,features_cache/40832.pt
WLASL/videos/40833.mp4,painter,1230,features_cache/40833.pt
WLASL/videos/41263.mp4,part,1238,features_cache/41263.pt
WLASL/videos/41264.mp4,part,1238,features_cache/41264.pt
WLASL/videos/41265.mp4,part,1238,features_cache/41265.pt
WLASL/videos/41266.mp4,part,1238,features_cache/41266.pt
WLASL/videos/41267.mp4,part,1238,features_cache/41267.pt
WLASL/videos/41561.mp4,pause,1244,features_cache/41561.pt
WLASL/videos/41563.mp4,pause,1244,features_cache/41563.pt
WLASL/videos/41553.mp4,pause,1244,features_cache/41553.pt
WLASL/videos/41554.mp4,pause,1244,features_cache/41554.pt
WLASL/videos/41555.mp4,pause,1244,features_cache/41555.pt
WLASL/videos/41646.mp4,peaceful,1248,features_cache/41646.pt
WLASL/videos/41647.mp4,peaceful,1248,features_cache/41647.pt
WLASL/videos/41648.mp4,peaceful,1248,features_cache/41648.pt
WLASL/videos/41649.mp4,peaceful,1248,features_cache/41649.pt
WLASL/videos/41650.mp4,peaceful,1248,features_cache/41650.pt
WLASL/videos/41705.mp4,pear,1251,features_cache/41705.pt
WLASL/videos/41707.mp4,pear,1251,features_cache/41707.pt
WLASL/videos/41708.mp4,pear,1251,features_cache/41708.pt
WLASL/videos/41709.mp4,pear,1251,features_cache/41709.pt
WLASL/videos/41710.mp4,pear,1251,features_cache/41710.pt
WLASL/videos/41775.mp4,peel,1252,features_cache/41775.pt
WLASL/videos/41776.mp4,peel,1252,features_cache/41776.pt
WLASL/videos/41777.mp4,peel,1252,features_cache/41777.pt
WLASL/videos/41779.mp4,peel,1252,features_cache/41779.pt
WLASL/videos/41780.mp4,peel,1252,features_cache/41780.pt
WLASL/videos/41812.mp4,penalty,1253,features_cache/41812.pt
WLASL/videos/41813.mp4,penalty,1253,features_cache/41813.pt
WLASL/videos/41814.mp4,penalty,1253,features_cache/41814.pt
WLASL/videos/41815.mp4,penalty,1253,features_cache/41815.pt
WLASL/videos/41816.mp4,penalty,1253,features_cache/41816.pt
WLASL/videos/41896.mp4,pennsylvania,1255,features_cache/41896.pt
WLASL/videos/41897.mp4,pennsylvania,1255,features_cache/41897.pt
WLASL/videos/41899.mp4,pennsylvania,1255,features_cache/41899.pt
WLASL/videos/41900.mp4,pennsylvania,1255,features_cache/41900.pt
WLASL/videos/41901.mp4,pennsylvania,1255,features_cache/41901.pt
WLASL/videos/41903.mp4,penny,1256,features_cache/41903.pt
WLASL/videos/41904.mp4,penny,1256,features_cache/41904.pt
WLASL/videos/41905.mp4,penny,1256,features_cache/41905.pt
WLASL/videos/41906.mp4,penny,1256,features_cache/41906.pt
WLASL/videos/41907.mp4,penny,1256,features_cache/41907.pt
WLASL/videos/42145.mp4,permit,1263,features_cache/42145.pt
WLASL/videos/42148.mp4,permit,1263,features_cache/42148.pt
WLASL/videos/42137.mp4,permit,1263,features_cache/42137.pt
WLASL/videos/42138.mp4,permit,1263,features_cache/42138.pt
WLASL/videos/42142.mp4,permit,1263,features_cache/42142.pt
WLASL/videos/42503.mp4,phrase,1272,features_cache/42503.pt
WLASL/videos/42504.mp4,phrase,1272,features_cache/42504.pt
WLASL/videos/42505.mp4,phrase,1272,features_cache/42505.pt
WLASL/videos/42507.mp4,phrase,1272,features_cache/42507.pt
WLASL/videos/42508.mp4,phrase,1272,features_cache/42508.pt
WLASL/videos/42607.mp4,pickle,1277,features_cache/42607.pt
WLASL/videos/42608.mp4,pickle,1277,features_cache/42608.pt
WLASL/videos/42609.mp4,pickle,1277,features_cache/42609.pt
WLASL/videos/42610.mp4,pickle,1277,features_cache/42610.pt
WLASL/videos/42611.mp4,pickle,1277,features_cache/42611.pt
WLASL/videos/42762.mp4,pilot,1283,features_cache/42762.pt
WLASL/videos/42763.mp4,pilot,1283,features_cache/42763.pt
WLASL/videos/42764.mp4,pilot,1283,features_cache/42764.pt
WLASL/videos/42766.mp4,pilot,1283,features_cache/42766.pt
WLASL/videos/42767.mp4,pilot,1283,features_cache/42767.pt
WLASL/videos/43147.mp4,player,1292,features_cache/43147.pt
WLASL/videos/43148.mp4,player,1292,features_cache/43148.pt
WLASL/videos/43149.mp4,player,1292,features_cache/43149.pt
WLASL/videos/43150.mp4,player,1292,features_cache/43150.pt
WLASL/videos/43151.mp4,player,1292,features_cache/43151.pt
WLASL/videos/43509.mp4,polar bear,1299,features_cache/43509.pt
WLASL/videos/43510.mp4,polar bear,1299,features_cache/43510.pt
WLASL/videos/43511.mp4,polar bear,1299,features_cache/43511.pt
WLASL/videos/43512.mp4,polar bear,1299,features_cache/43512.pt
WLASL/videos/43513.mp4,polar bear,1299,features_cache/43513.pt
WLASL/videos/43537.mp4,policeman,1301,features_cache/43537.pt
WLASL/videos/43538.mp4,policeman,1301,features_cache/43538.pt
WLASL/videos/43539.mp4,policeman,1301,features_cache/43539.pt
WLASL/videos/43540.mp4,policeman,1301,features_cache/43540.pt
WLASL/videos/43542.mp4,policeman,1301,features_cache/43542.pt
WLASL/videos/43672.mp4,poop,1305,features_cache/43672.pt
WLASL/videos/43673.mp4,poop,1305,features_cache/43673.pt
WLASL/videos/43674.mp4,poop,1305,features_cache/43674.pt
WLASL/videos/43676.mp4,poop,1305,features_cache/43676.pt
WLASL/videos/43677.mp4,poop,1305,features_cache/43677.pt
WLASL/videos/43882.mp4,post,1312,features_cache/43882.pt
WLASL/videos/43883.mp4,post,1312,features_cache/43883.pt
WLASL/videos/43876.mp4,post,1312,features_cache/43876.pt
WLASL/videos/43880.mp4,post,1312,features_cache/43880.pt
WLASL/videos/43881.mp4,post,1312,features_cache/43881.pt
WLASL/videos/43946.mp4,potential,1315,features_cache/43946.pt
WLASL/videos/43947.mp4,potential,1315,features_cache/43947.pt
WLASL/videos/43948.mp4,potential,1315,features_cache/43948.pt
WLASL/videos/43949.mp4,potential,1315,features_cache/43949.pt
WLASL/videos/43950.mp4,potential,1315,features_cache/43950.pt
WLASL/videos/44020.mp4,poverty,1318,features_cache/44020.pt
WLASL/videos/44021.mp4,poverty,1318,features_cache/44021.pt
WLASL/videos/44022.mp4,poverty,1318,features_cache/44022.pt
WLASL/videos/44023.mp4,poverty,1318,features_cache/44023.pt
WLASL/videos/44024.mp4,poverty,1318,features_cache/44024.pt
WLASL/videos/66321.mp4,precious,1325,features_cache/66321.pt
WLASL/videos/44167.mp4,precious,1325,features_cache/44167.pt
WLASL/videos/44168.mp4,precious,1325,features_cache/44168.pt
WLASL/videos/44171.mp4,precious,1325,features_cache/44171.pt
WLASL/videos/44172.mp4,precious,1325,features_cache/44172.pt
WLASL/videos/44178.mp4,precipitation,1326,features_cache/44178.pt
WLASL/videos/44179.mp4,precipitation,1326,features_cache/44179.pt
WLASL/videos/44180.mp4,precipitation,1326,features_cache/44180.pt
WLASL/videos/44181.mp4,precipitation,1326,features_cache/44181.pt
WLASL/videos/44182.mp4,precipitation,1326,features_cache/44182.pt
WLASL/videos/44185.mp4,precise,1327,features_cache/44185.pt
WLASL/videos/44186.mp4,precise,1327,features_cache/44186.pt
WLASL/videos/44187.mp4,precise,1327,features_cache/44187.pt
WLASL/videos/44188.mp4,precise,1327,features_cache/44188.pt
WLASL/videos/44189.mp4,precise,1327,features_cache/44189.pt
WLASL/videos/44297.mp4,preschool,1332,features_cache/44297.pt
WLASL/videos/44300.mp4,preschool,1332,features_cache/44300.pt
WLASL/videos/44301.mp4,preschool,1332,features_cache/44301.pt
WLASL/videos/44302.mp4,preschool,1332,features_cache/44302.pt
WLASL/videos/44303.mp4,preschool,1332,features_cache/44303.pt
WLASL/videos/44486.mp4,pride,1340,features_cache/44486.pt
WLASL/videos/44487.mp4,pride,1340,features_cache/44487.pt
WLASL/videos/44488.mp4,pride,1340,features_cache/44488.pt
WLASL/videos/44489.mp4,pride,1340,features_cache/44489.pt
WLASL/videos/44490.mp4,pride,1340,features_cache/44490.pt
WLASL/videos/44525.mp4,prince,1342,features_cache/44525.pt
WLASL/videos/44526.mp4,prince,1342,features_cache/44526.pt
WLASL/videos/44527.mp4,prince,1342,features_cache/44527.pt
WLASL/videos/44528.mp4,prince,1342,features_cache/44528.pt
WLASL/videos/44529.mp4,prince,1342,features_cache/44529.pt
WLASL/videos/44533.mp4,princess,1343,features_cache/44533.pt
WLASL/videos/44534.mp4,princess,1343,features_cache/44534.pt
WLASL/videos/44535.mp4,princess,1343,features_cache/44535.pt
WLASL/videos/44536.mp4,princess,1343,features_cache/44536.pt
WLASL/videos/44537.mp4,princess,1343,features_cache/44537.pt
WLASL/videos/44550.mp4,principle,1345,features_cache/44550.pt
WLASL/videos/44551.mp4,principle,1345,features_cache/44551.pt
WLASL/videos/44552.mp4,principle,1345,features_cache/44552.pt
WLASL/videos/44553.mp4,principle,1345,features_cache/44553.pt
WLASL/videos/44555.mp4,principle,1345,features_cache/44555.pt
WLASL/videos/44716.mp4,process,1352,features_cache/44716.pt
WLASL/videos/44718.mp4,process,1352,features_cache/44718.pt
WLASL/videos/44719.mp4,process,1352,features_cache/44719.pt
WLASL/videos/44720.mp4,process,1352,features_cache/44720.pt
WLASL/videos/44721.mp4,process,1352,features_cache/44721.pt
WLASL/videos/44812.mp4,profit,1356,features_cache/44812.pt
WLASL/videos/44813.mp4,profit,1356,features_cache/44813.pt
WLASL/videos/44814.mp4,profit,1356,features_cache/44814.pt
WLASL/videos/44816.mp4,profit,1356,features_cache/44816.pt
WLASL/videos/44817.mp4,profit,1356,features_cache/44817.pt
WLASL/videos/44844.mp4,progress,1358,features_cache/44844.pt
WLASL/videos/44846.mp4,progress,1358,features_cache/44846.pt
WLASL/videos/44847.mp4,progress,1358,features_cache/44847.pt
WLASL/videos/44848.mp4,progress,1358,features_cache/44848.pt
WLASL/videos/44849.mp4,progress,1358,features_cache/44849.pt
WLASL/videos/44959.mp4,propaganda,1363,features_cache/44959.pt
WLASL/videos/44960.mp4,propaganda,1363,features_cache/44960.pt
WLASL/videos/44961.mp4,propaganda,1363,features_cache/44961.pt
WLASL/videos/44962.mp4,propaganda,1363,features_cache/44962.pt
WLASL/videos/44963.mp4,propaganda,1363,features_cache/44963.pt
WLASL/videos/44971.mp4,proper,1364,features_cache/44971.pt
WLASL/videos/44972.mp4,proper,1364,features_cache/44972.pt
WLASL/videos/44973.mp4,proper,1364,features_cache/44973.pt
WLASL/videos/44974.mp4,proper,1364,features_cache/44974.pt
WLASL/videos/44975.mp4,proper,1364,features_cache/44975.pt
WLASL/videos/45164.mp4,psychologist,1370,features_cache/45164.pt
WLASL/videos/45165.mp4,psychologist,1370,features_cache/45165.pt
WLASL/videos/45166.mp4,psychologist,1370,features_cache/45166.pt
WLASL/videos/45167.mp4,psychologist,1370,features_cache/45167.pt
WLASL/videos/45168.mp4,psychologist,1370,features_cache/45168.pt
WLASL/videos/45194.mp4,public,1372,features_cache/45194.pt
WLASL/videos/45196.mp4,public,1372,features_cache/45196.pt
WLASL/videos/45197.mp4,public,1372,features_cache/45197.pt
WLASL/videos/45198.mp4,public,1372,features_cache/45198.pt
WLASL/videos/45199.mp4,public,1372,features_cache/45199.pt
WLASL/videos/45220.mp4,publish,1373,features_cache/45220.pt
WLASL/videos/45221.mp4,publish,1373,features_cache/45221.pt
WLASL/videos/45222.mp4,publish,1373,features_cache/45222.pt
WLASL/videos/45223.mp4,publish,1373,features_cache/45223.pt
WLASL/videos/45224.mp4,publish,1373,features_cache/45224.pt
WLASL/videos/45412.mp4,purchase,1377,features_cache/45412.pt
WLASL/videos/45413.mp4,purchase,1377,features_cache/45413.pt
WLASL/videos/45414.mp4,purchase,1377,features_cache/45414.pt
WLASL/videos/45415.mp4,purchase,1377,features_cache/45415.pt
WLASL/videos/45416.mp4,purchase,1377,features_cache/45416.pt
WLASL/videos/45421.mp4,pure,1378,features_cache/45421.pt
WLASL/videos/45422.mp4,pure,1378,features_cache/45422.pt
WLASL/videos/45423.mp4,pure,1378,features_cache/45423.pt
WLASL/videos/45424.mp4,pure,1378,features_cache/45424.pt
WLASL/videos/45425.mp4,pure,1378,features_cache/45425.pt
WLASL/videos/45469.mp4,pursue,1381,features_cache/45469.pt
WLASL/videos/45470.mp4,pursue,1381,features_cache/45470.pt
WLASL/videos/45471.mp4,pursue,1381,features_cache/45471.pt
WLASL/videos/45472.mp4,pursue,1381,features_cache/45472.pt
WLASL/videos/45473.mp4,pursue,1381,features_cache/45473.pt
WLASL/videos/45526.mp4,put off,1384,features_cache/45526.pt
WLASL/videos/45527.mp4,put off,1384,features_cache/45527.pt
WLASL/videos/45529.mp4,put off,1384,features_cache/45529.pt
WLASL/videos/45530.mp4,put off,1384,features_cache/45530.pt
WLASL/videos/45532.mp4,put off,1384,features_cache/45532.pt
WLASL/videos/45597.mp4,q,1386,features_cache/45597.pt
WLASL/videos/45598.mp4,q,1386,features_cache/45598.pt
WLASL/videos/45599.mp4,q,1386,features_cache/45599.pt
WLASL/videos/45600.mp4,q,1386,features_cache/45600.pt
WLASL/videos/45601.mp4,q,1386,features_cache/45601.pt
WLASL/videos/45637.mp4,quality,1387,features_cache/45637.pt
WLASL/videos/45638.mp4,quality,1387,features_cache/45638.pt
WLASL/videos/45639.mp4,quality,1387,features_cache/45639.pt
WLASL/videos/45640.mp4,quality,1387,features_cache/45640.pt
WLASL/videos/45641.mp4,quality,1387,features_cache/45641.pt
WLASL/videos/45654.mp4,quarrel,1388,features_cache/45654.pt
WLASL/videos/45655.mp4,quarrel,1388,features_cache/45655.pt
WLASL/videos/45656.mp4,quarrel,1388,features_cache/45656.pt
WLASL/videos/45657.mp4,quarrel,1388,features_cache/45657.pt
WLASL/videos/45658.mp4,quarrel,1388,features_cache/45658.pt
WLASL/videos/45673.mp4,quarter,1389,features_cache/45673.pt
WLASL/videos/45664.mp4,quarter,1389,features_cache/45664.pt
WLASL/videos/45665.mp4,quarter,1389,features_cache/45665.pt
WLASL/videos/45666.mp4,quarter,1389,features_cache/45666.pt
WLASL/videos/45669.mp4,quarter,1389,features_cache/45669.pt
WLASL/videos/47983.mp4,r,1396,features_cache/47983.pt
WLASL/videos/47984.mp4,r,1396,features_cache/47984.pt
WLASL/videos/47985.mp4,r,1396,features_cache/47985.pt
WLASL/videos/47986.mp4,r,1396,features_cache/47986.pt
WLASL/videos/47987.mp4,r,1396,features_cache/47987.pt
WLASL/videos/45929.mp4,rage,1401,features_cache/45929.pt
WLASL/videos/45930.mp4,rage,1401,features_cache/45930.pt
WLASL/videos/45932.mp4,rage,1401,features_cache/45932.pt
WLASL/videos/45935.mp4,rage,1401,features_cache/45935.pt
WLASL/videos/45936.mp4,rage,1401,features_cache/45936.pt
WLASL/videos/46166.mp4,rather,1406,features_cache/46166.pt
WLASL/videos/46167.mp4,rather,1406,features_cache/46167.pt
WLASL/videos/46170.mp4,rather,1406,features_cache/46170.pt
WLASL/videos/46172.mp4,rather,1406,features_cache/46172.pt
WLASL/videos/46173.mp4,rather,1406,features_cache/46173.pt
WLASL/videos/46315.mp4,real,1409,features_cache/46315.pt
WLASL/videos/46316.mp4,real,1409,features_cache/46316.pt
WLASL/videos/46317.mp4,real,1409,features_cache/46317.pt
WLASL/videos/46318.mp4,real,1409,features_cache/46318.pt
WLASL/videos/46319.mp4,real,1409,features_cache/46319.pt
WLASL/videos/46576.mp4,recliner,1415,features_cache/46576.pt
WLASL/videos/46577.mp4,recliner,1415,features_cache/46577.pt
WLASL/videos/46578.mp4,recliner,1415,features_cache/46578.pt
WLASL/videos/46579.mp4,recliner,1415,features_cache/46579.pt
WLASL/videos/46580.mp4,recliner,1415,features_cache/46580.pt
WLASL/videos/46607.mp4,recommend,1417,features_cache/46607.pt
WLASL/videos/46608.mp4,recommend,1417,features_cache/46608.pt
WLASL/videos/46609.mp4,recommend,1417,features_cache/46609.pt
WLASL/videos/46610.mp4,recommend,1417,features_cache/46610.pt
WLASL/videos/46611.mp4,recommend,1417,features_cache/46611.pt
WLASL/videos/46659.mp4,recover,1418,features_cache/46659.pt
WLASL/videos/46660.mp4,recover,1418,features_cache/46660.pt
WLASL/videos/46661.mp4,recover,1418,features_cache/46661.pt
WLASL/videos/46663.mp4,recover,1418,features_cache/46663.pt
WLASL/videos/46665.mp4,recover,1418,features_cache/46665.pt
WLASL/videos/46928.mp4,regular,1424,features_cache/46928.pt
WLASL/videos/46929.mp4,regular,1424,features_cache/46929.pt
WLASL/videos/46930.mp4,regular,1424,features_cache/46930.pt
WLASL/videos/46931.mp4,regular,1424,features_cache/46931.pt
WLASL/videos/46932.mp4,regular,1424,features_cache/46932.pt
WLASL/videos/47077.mp4,release,1430,features_cache/47077.pt
WLASL/videos/47079.mp4,release,1430,features_cache/47079.pt
WLASL/videos/47081.mp4,release,1430,features_cache/47081.pt
WLASL/videos/47082.mp4,release,1430,features_cache/47082.pt
WLASL/videos/47083.mp4,release,1430,features_cache/47083.pt
WLASL/videos/47093.mp4,relief,1431,features_cache/47093.pt
WLASL/videos/47094.mp4,relief,1431,features_cache/47094.pt
WLASL/videos/47095.mp4,relief,1431,features_cache/47095.pt
WLASL/videos/47096.mp4,relief,1431,features_cache/47096.pt
WLASL/videos/47097.mp4,relief,1431,features_cache/47097.pt
WLASL/videos/47137.mp4,rely,1433,features_cache/47137.pt
WLASL/videos/47139.mp4,rely,1433,features_cache/47139.pt
WLASL/videos/47140.mp4,rely,1433,features_cache/47140.pt
WLASL/videos/47141.mp4,rely,1433,features_cache/47141.pt
WLASL/videos/47142.mp4,rely,1433,features_cache/47142.pt
WLASL/videos/47343.mp4,reply,1440,features_cache/47343.pt
WLASL/videos/47344.mp4,reply,1440,features_cache/47344.pt
WLASL/videos/47345.mp4,reply,1440,features_cache/47345.pt
WLASL/videos/47346.mp4,reply,1440,features_cache/47346.pt
WLASL/videos/47347.mp4,reply,1440,features_cache/47347.pt
WLASL/videos/47480.mp4,rescue,1446,features_cache/47480.pt
WLASL/videos/47481.mp4,rescue,1446,features_cache/47481.pt
WLASL/videos/47482.mp4,rescue,1446,features_cache/47482.pt
WLASL/videos/47483.mp4,rescue,1446,features_cache/47483.pt
WLASL/videos/47484.mp4,rescue,1446,features_cache/47484.pt
WLASL/videos/47569.mp4,resist,1449,features_cache/47569.pt
WLASL/videos/47571.mp4,resist,1449,features_cache/47571.pt
WLASL/videos/47572.mp4,resist,1449,features_cache/47572.pt
WLASL/videos/47573.mp4,resist,1449,features_cache/47573.pt
WLASL/videos/47574.mp4,resist,1449,features_cache/47574.pt
WLASL/videos/47723.mp4,restroom,1455,features_cache/47723.pt
WLASL/videos/47724.mp4,restroom,1455,features_cache/47724.pt
WLASL/videos/47725.mp4,restroom,1455,features_cache/47725.pt
WLASL/videos/47726.mp4,restroom,1455,features_cache/47726.pt
WLASL/videos/47727.mp4,restroom,1455,features_cache/47727.pt
WLASL/videos/47804.mp4,retreat,1458,features_cache/47804.pt
WLASL/videos/47806.mp4,retreat,1458,features_cache/47806.pt
WLASL/videos/47808.mp4,retreat,1458,features_cache/47808.pt
WLASL/videos/47809.mp4,retreat,1458,features_cache/47809.pt
WLASL/videos/47810.mp4,retreat,1458,features_cache/47810.pt
WLASL/videos/48299.mp4,roar,1470,features_cache/48299.pt
WLASL/videos/48300.mp4,roar,1470,features_cache/48300.pt
WLASL/videos/48301.mp4,roar,1470,features_cache/48301.pt
WLASL/videos/48302.mp4,roar,1470,features_cache/48302.pt
WLASL/videos/48303.mp4,roar,1470,features_cache/48303.pt
WLASL/videos/48307.mp4,robber,1472,features_cache/48307.pt
WLASL/videos/48308.mp4,robber,1472,features_cache/48308.pt
WLASL/videos/48311.mp4,robber,1472,features_cache/48311.pt
WLASL/videos/48312.mp4,robber,1472,features_cache/48312.pt
WLASL/videos/48313.mp4,robber,1472,features_cache/48313.pt
WLASL/videos/48522.mp4,roommate,1478,features_cache/48522.pt
WLASL/videos/48523.mp4,roommate,1478,features_cache/48523.pt
WLASL/videos/48524.mp4,roommate,1478,features_cache/48524.pt
WLASL/videos/48525.mp4,roommate,1478,features_cache/48525.pt
WLASL/videos/48526.mp4,roommate,1478,features_cache/48526.pt
WLASL/videos/48568.mp4,rose,1481,features_cache/48568.pt
WLASL/videos/48569.mp4,rose,1481,features_cache/48569.pt
WLASL/videos/48570.mp4,rose,1481,features_cache/48570.pt
WLASL/videos/48571.mp4,rose,1481,features_cache/48571.pt
WLASL/videos/48573.mp4,rose,1481,features_cache/48573.pt
WLASL/videos/48732.mp4,ruin,1485,features_cache/48732.pt
WLASL/videos/48733.mp4,ruin,1485,features_cache/48733.pt
WLASL/videos/48734.mp4,ruin,1485,features_cache/48734.pt
WLASL/videos/48735.mp4,ruin,1485,features_cache/48735.pt
WLASL/videos/48737.mp4,ruin,1485,features_cache/48737.pt
WLASL/videos/51426.mp4,s,1490,features_cache/51426.pt
WLASL/videos/51427.mp4,s,1490,features_cache/51427.pt
WLASL/videos/51428.mp4,s,1490,features_cache/51428.pt
WLASL/videos/51429.mp4,s,1490,features_cache/51429.pt
WLASL/videos/51430.mp4,s,1490,features_cache/51430.pt
WLASL/videos/49090.mp4,salary,1494,features_cache/49090.pt
WLASL/videos/49091.mp4,salary,1494,features_cache/49091.pt
WLASL/videos/49092.mp4,salary,1494,features_cache/49092.pt
WLASL/videos/49093.mp4,salary,1494,features_cache/49093.pt
WLASL/videos/49094.mp4,salary,1494,features_cache/49094.pt
WLASL/videos/67163.mp4,saw,1504,features_cache/67163.pt
WLASL/videos/49418.mp4,saw,1504,features_cache/49418.pt
WLASL/videos/49421.mp4,saw,1504,features_cache/49421.pt
WLASL/videos/49408.mp4,saw,1504,features_cache/49408.pt
WLASL/videos/49410.mp4,saw,1504,features_cache/49410.pt
WLASL/videos/49460.mp4,scan,1506,features_cache/49460.pt
WLASL/videos/49461.mp4,scan,1506,features_cache/49461.pt
WLASL/videos/49462.mp4,scan,1506,features_cache/49462.pt
WLASL/videos/49464.mp4,scan,1506,features_cache/49464.pt
WLASL/videos/49465.mp4,scan,1506,features_cache/49465.pt
WLASL/videos/49782.mp4,scream,1516,features_cache/49782.pt
WLASL/videos/49783.mp4,scream,1516,features_cache/49783.pt
WLASL/videos/49784.mp4,scream,1516,features_cache/49784.pt
WLASL/videos/49785.mp4,scream,1516,features_cache/49785.pt
WLASL/videos/49786.mp4,scream,1516,features_cache/49786.pt
WLASL/videos/49886.mp4,sculpture,1518,features_cache/49886.pt
WLASL/videos/49887.mp4,sculpture,1518,features_cache/49887.pt
WLASL/videos/49888.mp4,sculpture,1518,features_cache/49888.pt
WLASL/videos/49889.mp4,sculpture,1518,features_cache/49889.pt
WLASL/videos/49890.mp4,sculpture,1518,features_cache/49890.pt
WLASL/videos/49899.mp4,sea,1519,features_cache/49899.pt
WLASL/videos/49900.mp4,sea,1519,features_cache/49900.pt
WLASL/videos/49901.mp4,sea,1519,features_cache/49901.pt
WLASL/videos/49902.mp4,sea,1519,features_cache/49902.pt
WLASL/videos/49904.mp4,sea,1519,features_cache/49904.pt
WLASL/videos/50194.mp4,seldom,1526,features_cache/50194.pt
WLASL/videos/50198.mp4,seldom,1526,features_cache/50198.pt
WLASL/videos/50199.mp4,seldom,1526,features_cache/50199.pt
WLASL/videos/50200.mp4,seldom,1526,features_cache/50200.pt
WLASL/videos/50201.mp4,seldom,1526,features_cache/50201.pt
WLASL/videos/50466.mp4,sequence,1536,features_cache/50466.pt
WLASL/videos/50467.mp4,sequence,1536,features_cache/50467.pt
WLASL/videos/50469.mp4,sequence,1536,features_cache/50469.pt
WLASL/videos/50471.mp4,sequence,1536,features_cache/50471.pt
WLASL/videos/50472.mp4,sequence,1536,features_cache/50472.pt
WLASL/videos/50582.mp4,settle,1540,features_cache/50582.pt
WLASL/videos/50583.mp4,settle,1540,features_cache/50583.pt
WLASL/videos/50584.mp4,settle,1540,features_cache/50584.pt
WLASL/videos/50586.mp4,settle,1540,features_cache/50586.pt
WLASL/videos/50587.mp4,settle,1540,features_cache/50587.pt
WLASL/videos/51302.mp4,shout,1562,features_cache/51302.pt
WLASL/videos/51303.mp4,shout,1562,features_cache/51303.pt
WLASL/videos/51304.mp4,shout,1562,features_cache/51304.pt
WLASL/videos/51305.mp4,shout,1562,features_cache/51305.pt
WLASL/videos/51306.mp4,shout,1562,features_cache/51306.pt
WLASL/videos/51313.mp4,shovel,1563,features_cache/51313.pt
WLASL/videos/51314.mp4,shovel,1563,features_cache/51314.pt
WLASL/videos/51315.mp4,shovel,1563,features_cache/51315.pt
WLASL/videos/51316.mp4,shovel,1563,features_cache/51316.pt
WLASL/videos/51317.mp4,shovel,1563,features_cache/51317.pt
WLASL/videos/51827.mp4,sin,1577,features_cache/51827.pt
WLASL/videos/51828.mp4,sin,1577,features_cache/51828.pt
WLASL/videos/51829.mp4,sin,1577,features_cache/51829.pt
WLASL/videos/51830.mp4,sin,1577,features_cache/51830.pt
WLASL/videos/51831.mp4,sin,1577,features_cache/51831.pt
WLASL/videos/51797.mp4,singer,1580,features_cache/51797.pt
WLASL/videos/51798.mp4,singer,1580,features_cache/51798.pt
WLASL/videos/51799.mp4,singer,1580,features_cache/51799.pt
WLASL/videos/51800.mp4,singer,1580,features_cache/51800.pt
WLASL/videos/51801.mp4,singer,1580,features_cache/51801.pt
WLASL/videos/51981.mp4,sixteen,1587,features_cache/51981.pt
WLASL/videos/51982.mp4,sixteen,1587,features_cache/51982.pt
WLASL/videos/51984.mp4,sixteen,1587,features_cache/51984.pt
WLASL/videos/51985.mp4,sixteen,1587,features_cache/51985.pt
WLASL/videos/51986.mp4,sixteen,1587,features_cache/51986.pt
WLASL/videos/52122.mp4,ski,1592,features_cache/52122.pt
WLASL/videos/67209.mp4,ski,1592,features_cache/67209.pt
WLASL/videos/52125.mp4,ski,1592,features_cache/52125.pt
WLASL/videos/52127.mp4,ski,1592,features_cache/52127.pt
WLASL/videos/52128.mp4,ski,1592,features_cache/52128.pt
WLASL/videos/52181.mp4,skip,1596,features_cache/52181.pt
WLASL/videos/52182.mp4,skip,1596,features_cache/52182.pt
WLASL/videos/52183.mp4,skip,1596,features_cache/52183.pt
WLASL/videos/52185.mp4,skip,1596,features_cache/52185.pt
WLASL/videos/52188.mp4,skip,1596,features_cache/52188.pt
WLASL/videos/52652.mp4,smoking,1610,features_cache/52652.pt
WLASL/videos/52653.mp4,smoking,1610,features_cache/52653.pt
WLASL/videos/52654.mp4,smoking,1610,features_cache/52654.pt
WLASL/videos/52655.mp4,smoking,1610,features_cache/52655.pt
WLASL/videos/52656.mp4,smoking,1610,features_cache/52656.pt
WLASL/videos/53038.mp4,sofa,1623,features_cache/53038.pt
WLASL/videos/53039.mp4,sofa,1623,features_cache/53039.pt
WLASL/videos/53040.mp4,sofa,1623,features_cache/53040.pt
WLASL/videos/53041.mp4,sofa,1623,features_cache/53041.pt
WLASL/videos/53042.mp4,sofa,1623,features_cache/53042.pt
WLASL/videos/53122.mp4,soldier,1625,features_cache/53122.pt
WLASL/videos/53123.mp4,soldier,1625,features_cache/53123.pt
WLASL/videos/53124.mp4,soldier,1625,features_cache/53124.pt
WLASL/videos/53125.mp4,soldier,1625,features_cache/53125.pt
WLASL/videos/53126.mp4,soldier,1625,features_cache/53126.pt
WLASL/videos/53179.mp4,solve,1627,features_cache/53179.pt
WLASL/videos/53180.mp4,solve,1627,features_cache/53180.pt
WLASL/videos/53181.mp4,solve,1627,features_cache/53181.pt
WLASL/videos/53182.mp4,solve,1627,features_cache/53182.pt
WLASL/videos/53183.mp4,solve,1627,features_cache/53183.pt
WLASL/videos/53199.mp4,someday,1629,features_cache/53199.pt
WLASL/videos/53200.mp4,someday,1629,features_cache/53200.pt
WLASL/videos/53201.mp4,someday,1629,features_cache/53201.pt
WLASL/videos/53202.mp4,someday,1629,features_cache/53202.pt
WLASL/videos/53203.mp4,someday,1629,features_cache/53203.pt
WLASL/videos/53231.mp4,something,1631,features_cache/53231.pt
WLASL/videos/53232.mp4,something,1631,features_cache/53232.pt
WLASL/videos/53233.mp4,something,1631,features_cache/53233.pt
WLASL/videos/53234.mp4,something,1631,features_cache/53234.pt
WLASL/videos/53235.mp4,something,1631,features_cache/53235.pt
WLASL/videos/53253.mp4,somewhere,1633,features_cache/53253.pt
WLASL/videos/53254.mp4,somewhere,1633,features_cache/53254.pt
WLASL/videos/53255.mp4,somewhere,1633,features_cache/53255.pt
WLASL/videos/53256.mp4,somewhere,1633,features_cache/53256.pt
WLASL/videos/53257.mp4,somewhere,1633,features_cache/53257.pt
WLASL/videos/53404.mp4,soul,1639,features_cache/53404.pt
WLASL/videos/53405.mp4,soul,1639,features_cache/53405.pt
WLASL/videos/53406.mp4,soul,1639,features_cache/53406.pt
WLASL/videos/53407.mp4,soul,1639,features_cache/53407.pt
WLASL/videos/53409.mp4,soul,1639,features_cache/53409.pt
WLASL/videos/53851.mp4,spill,1654,features_cache/53851.pt
WLASL/videos/53853.mp4,spill,1654,features_cache/53853.pt
WLASL/videos/53854.mp4,spill,1654,features_cache/53854.pt
WLASL/videos/53855.mp4,spill,1654,features_cache/53855.pt
WLASL/videos/53856.mp4,spill,1654,features_cache/53856.pt
WLASL/videos/53922.mp4,spit,1657,features_cache/53922.pt
WLASL/videos/53923.mp4,spit,1657,features_cache/53923.pt
WLASL/videos/53924.mp4,spit,1657,features_cache/53924.pt
WLASL/videos/53925.mp4,spit,1657,features_cache/53925.pt
WLASL/videos/53926.mp4,spit,1657,features_cache/53926.pt
WLASL/videos/54091.mp4,spread,1660,features_cache/54091.pt
WLASL/videos/54092.mp4,spread,1660,features_cache/54092.pt
WLASL/videos/54093.mp4,spread,1660,features_cache/54093.pt
WLASL/videos/54094.mp4,spread,1660,features_cache/54094.pt
WLASL/videos/54095.mp4,spread,1660,features_cache/54095.pt
WLASL/videos/54140.mp4,sprint,1662,features_cache/54140.pt
WLASL/videos/54141.mp4,sprint,1662,features_cache/54141.pt
WLASL/videos/54143.mp4,sprint,1662,features_cache/54143.pt
WLASL/videos/54144.mp4,sprint,1662,features_cache/54144.pt
WLASL/videos/54146.mp4,sprint,1662,features_cache/54146.pt
WLASL/videos/54190.mp4,squeeze,1664,features_cache/54190.pt
WLASL/videos/54191.mp4,squeeze,1664,features_cache/54191.pt
WLASL/videos/54192.mp4,squeeze,1664,features_cache/54192.pt
WLASL/videos/54194.mp4,squeeze,1664,features_cache/54194.pt
WLASL/videos/54195.mp4,squeeze,1664,features_cache/54195.pt
WLASL/videos/54250.mp4,stadium,1666,features_cache/54250.pt
WLASL/videos/54251.mp4,stadium,1666,features_cache/54251.pt
WLASL/videos/54252.mp4,stadium,1666,features_cache/54252.pt
WLASL/videos/54253.mp4,stadium,1666,features_cache/54253.pt
WLASL/videos/54254.mp4,stadium,1666,features_cache/54254.pt
WLASL/videos/54672.mp4,stepfather,1679,features_cache/54672.pt
WLASL/videos/54666.mp4,stepfather,1679,features_cache/54666.pt
WLASL/videos/54667.mp4,stepfather,1679,features_cache/54667.pt
WLASL/videos/54668.mp4,stepfather,1679,features_cache/54668.pt
WLASL/videos/54670.mp4,stepfather,1679,features_cache/54670.pt
WLASL/videos/54806.mp4,sting,1682,features_cache/54806.pt
WLASL/videos/54807.mp4,sting,1682,features_cache/54807.pt
WLASL/videos/54808.mp4,sting,1682,features_cache/54808.pt
WLASL/videos/54809.mp4,sting,1682,features_cache/54809.pt
WLASL/videos/54810.mp4,sting,1682,features_cache/54810.pt
WLASL/videos/67247.mp4,stir,1684,features_cache/67247.pt
WLASL/videos/54831.mp4,stir,1684,features_cache/54831.pt
WLASL/videos/54832.mp4,stir,1684,features_cache/54832.pt
WLASL/videos/54833.mp4,stir,1684,features_cache/54833.pt
WLASL/videos/54834.mp4,stir,1684,features_cache/54834.pt
WLASL/videos/54841.mp4,stitch,1685,features_cache/54841.pt
WLASL/videos/54842.mp4,stitch,1685,features_cache/54842.pt
WLASL/videos/54843.mp4,stitch,1685,features_cache/54843.pt
WLASL/videos/54844.mp4,stitch,1685,features_cache/54844.pt
WLASL/videos/54845.mp4,stitch,1685,features_cache/54845.pt
WLASL/videos/55324.mp4,stuck,1702,features_cache/55324.pt
WLASL/videos/55325.mp4,stuck,1702,features_cache/55325.pt
WLASL/videos/55326.mp4,stuck,1702,features_cache/55326.pt
WLASL/videos/55327.mp4,stuck,1702,features_cache/55327.pt
WLASL/videos/55328.mp4,stuck,1702,features_cache/55328.pt
WLASL/videos/55627.mp4,sue,1708,features_cache/55627.pt
WLASL/videos/55628.mp4,sue,1708,features_cache/55628.pt
WLASL/videos/55630.mp4,sue,1708,features_cache/55630.pt
WLASL/videos/55631.mp4,sue,1708,features_cache/55631.pt
WLASL/videos/55632.mp4,sue,1708,features_cache/55632.pt
WLASL/videos/55867.mp4,sunshine,1718,features_cache/55867.pt
WLASL/videos/55868.mp4,sunshine,1718,features_cache/55868.pt
WLASL/videos/55869.mp4,sunshine,1718,features_cache/55869.pt
WLASL/videos/55870.mp4,sunshine,1718,features_cache/55870.pt
WLASL/videos/55871.mp4,sunshine,1718,features_cache/55871.pt
WLASL/videos/55913.mp4,superman,1719,features_cache/55913.pt
WLASL/videos/55914.mp4,superman,1719,features_cache/55914.pt
WLASL/videos/55915.mp4,superman,1719,features_cache/55915.pt
WLASL/videos/55916.mp4,superman,1719,features_cache/55916.pt
WLASL/videos/55917.mp4,superman,1719,features_cache/55917.pt
WLASL/videos/56115.mp4,surrender,1727,features_cache/56115.pt
WLASL/videos/56116.mp4,surrender,1727,features_cache/56116.pt
WLASL/videos/56117.mp4,surrender,1727,features_cache/56117.pt
WLASL/videos/56118.mp4,surrender,1727,features_cache/56118.pt
WLASL/videos/56119.mp4,surrender,1727,features_cache/56119.pt
WLASL/videos/56176.mp4,suspend,1729,features_cache/56176.pt
WLASL/videos/56177.mp4,suspend,1729,features_cache/56177.pt
WLASL/videos/56178.mp4,suspend,1729,features_cache/56178.pt
WLASL/videos/56179.mp4,suspend,1729,features_cache/56179.pt
WLASL/videos/56180.mp4,suspend,1729,features_cache/56180.pt
WLASL/videos/56356.mp4,swimming,1737,features_cache/56356.pt
WLASL/videos/56357.mp4,swimming,1737,features_cache/56357.pt
WLASL/videos/56358.mp4,swimming,1737,features_cache/56358.pt
WLASL/videos/56359.mp4,swimming,1737,features_cache/56359.pt
WLASL/videos/56360.mp4,swimming,1737,features_cache/56360.pt
WLASL/videos/58323.mp4,t,1743,features_cache/58323.pt
WLASL/videos/58324.mp4,t,1743,features_cache/58324.pt
WLASL/videos/58325.mp4,t,1743,features_cache/58325.pt
WLASL/videos/58326.mp4,t,1743,features_cache/58326.pt
WLASL/videos/58327.mp4,t,1743,features_cache/58327.pt
WLASL/videos/56793.mp4,talent,1749,features_cache/56793.pt
WLASL/videos/56794.mp4,talent,1749,features_cache/56794.pt
WLASL/videos/56795.mp4,talent,1749,features_cache/56795.pt
WLASL/videos/56797.mp4,talent,1749,features_cache/56797.pt
WLASL/videos/56798.mp4,talent,1749,features_cache/56798.pt
WLASL/videos/57253.mp4,telescope,1762,features_cache/57253.pt
WLASL/videos/57254.mp4,telescope,1762,features_cache/57254.pt
WLASL/videos/57255.mp4,telescope,1762,features_cache/57255.pt
WLASL/videos/57256.mp4,telescope,1762,features_cache/57256.pt
WLASL/videos/57257.mp4,telescope,1762,features_cache/57257.pt
WLASL/videos/57350.mp4,tempt,1767,features_cache/57350.pt
WLASL/videos/57351.mp4,tempt,1767,features_cache/57351.pt
WLASL/videos/57352.mp4,tempt,1767,features_cache/57352.pt
WLASL/videos/57353.mp4,tempt,1767,features_cache/57353.pt
WLASL/videos/57354.mp4,tempt,1767,features_cache/57354.pt
WLASL/videos/57393.mp4,ten,1768,features_cache/57393.pt
WLASL/videos/57394.mp4,ten,1768,features_cache/57394.pt
WLASL/videos/57395.mp4,ten,1768,features_cache/57395.pt
WLASL/videos/57396.mp4,ten,1768,features_cache/57396.pt
WLASL/videos/57397.mp4,ten,1768,features_cache/57397.pt
WLASL/videos/57379.mp4,tend,1769,features_cache/57379.pt
WLASL/videos/57380.mp4,tend,1769,features_cache/57380.pt
WLASL/videos/57381.mp4,tend,1769,features_cache/57381.pt
WLASL/videos/57382.mp4,tend,1769,features_cache/57382.pt
WLASL/videos/57385.mp4,tend,1769,features_cache/57385.pt
WLASL/videos/57552.mp4,testify,1775,features_cache/57552.pt
WLASL/videos/57543.mp4,testify,1775,features_cache/57543.pt
WLASL/videos/57545.mp4,testify,1775,features_cache/57545.pt
WLASL/videos/57546.mp4,testify,1775,features_cache/57546.pt
WLASL/videos/57548.mp4,testify,1775,features_cache/57548.pt
WLASL/videos/57568.mp4,texas,1776,features_cache/57568.pt
WLASL/videos/57569.mp4,texas,1776,features_cache/57569.pt
WLASL/videos/57570.mp4,texas,1776,features_cache/57570.pt
WLASL/videos/57571.mp4,texas,1776,features_cache/57571.pt
WLASL/videos/57572.mp4,texas,1776,features_cache/57572.pt
WLASL/videos/66596.mp4,text,1777,features_cache/66596.pt
WLASL/videos/67291.mp4,text,1777,features_cache/67291.pt
WLASL/videos/57579.mp4,text,1777,features_cache/57579.pt
WLASL/videos/57580.mp4,text,1777,features_cache/57580.pt
WLASL/videos/57582.mp4,text,1777,features_cache/57582.pt
WLASL/videos/57605.mp4,than,1779,features_cache/57605.pt
WLASL/videos/57606.mp4,than,1779,features_cache/57606.pt
WLASL/videos/57607.mp4,than,1779,features_cache/57607.pt
WLASL/videos/57609.mp4,than,1779,features_cache/57609.pt
WLASL/videos/57610.mp4,than,1779,features_cache/57610.pt
WLASL/videos/57820.mp4,therefore,1793,features_cache/57820.pt
WLASL/videos/57821.mp4,therefore,1793,features_cache/57821.pt
WLASL/videos/57822.mp4,therefore,1793,features_cache/57822.pt
WLASL/videos/57823.mp4,therefore,1793,features_cache/57823.pt
WLASL/videos/57824.mp4,therefore,1793,features_cache/57824.pt
WLASL/videos/58243.mp4,thrill,1805,features_cache/58243.pt
WLASL/videos/58244.mp4,thrill,1805,features_cache/58244.pt
WLASL/videos/58245.mp4,thrill,1805,features_cache/58245.pt
WLASL/videos/58246.mp4,thrill,1805,features_cache/58246.pt
WLASL/videos/58247.mp4,thrill,1805,features_cache/58247.pt
WLASL/videos/58664.mp4,tobacco,1820,features_cache/58664.pt
WLASL/videos/58665.mp4,tobacco,1820,features_cache/58665.pt
WLASL/videos/58666.mp4,tobacco,1820,features_cache/58666.pt
WLASL/videos/58667.mp4,tobacco,1820,features_cache/58667.pt
WLASL/videos/58669.mp4,tobacco,1820,features_cache/58669.pt
WLASL/videos/58746.mp4,toilet paper,1824,features_cache/58746.pt
WLASL/videos/58747.mp4,toilet paper,1824,features_cache/58747.pt
WLASL/videos/58748.mp4,toilet paper,1824,features_cache/58748.pt
WLASL/videos/58749.mp4,toilet paper,1824,features_cache/58749.pt
WLASL/videos/58750.mp4,toilet paper,1824,features_cache/58750.pt
WLASL/videos/58770.mp4,tolerate,1825,features_cache/58770.pt
WLASL/videos/58771.mp4,tolerate,1825,features_cache/58771.pt
WLASL/videos/58772.mp4,tolerate,1825,features_cache/58772.pt
WLASL/videos/58773.mp4,tolerate,1825,features_cache/58773.pt
WLASL/videos/58774.mp4,tolerate,1825,features_cache/58774.pt
WLASL/videos/59002.mp4,torture,1835,features_cache/59002.pt
WLASL/videos/59003.mp4,torture,1835,features_cache/59003.pt
WLASL/videos/59004.mp4,torture,1835,features_cache/59004.pt
WLASL/videos/59005.mp4,torture,1835,features_cache/59005.pt
WLASL/videos/59006.mp4,torture,1835,features_cache/59006.pt
WLASL/videos/59123.mp4,towel,1840,features_cache/59123.pt
WLASL/videos/59124.mp4,towel,1840,features_cache/59124.pt
WLASL/videos/59125.mp4,towel,1840,features_cache/59125.pt
WLASL/videos/59127.mp4,towel,1840,features_cache/59127.pt
WLASL/videos/59129.mp4,towel,1840,features_cache/59129.pt
WLASL/videos/59666.mp4,trip,1854,features_cache/59666.pt
WLASL/videos/59668.mp4,trip,1854,features_cache/59668.pt
WLASL/videos/59669.mp4,trip,1854,features_cache/59669.pt
WLASL/videos/59670.mp4,trip,1854,features_cache/59670.pt
WLASL/videos/59671.mp4,trip,1854,features_cache/59671.pt
WLASL/videos/59841.mp4,truth,1860,features_cache/59841.pt
WLASL/videos/59842.mp4,truth,1860,features_cache/59842.pt
WLASL/videos/59843.mp4,truth,1860,features_cache/59843.pt
WLASL/videos/59845.mp4,truth,1860,features_cache/59845.pt
WLASL/videos/59846.mp4,truth,1860,features_cache/59846.pt
WLASL/videos/59989.mp4,turn,1864,features_cache/59989.pt
WLASL/videos/59991.mp4,turn,1864,features_cache/59991.pt
WLASL/videos/59992.mp4,turn,1864,features_cache/59992.pt
WLASL/videos/59993.mp4,turn,1864,features_cache/59993.pt
WLASL/videos/59996.mp4,turn,1864,features_cache/59996.pt
WLASL/videos/60072.mp4,tv,1867,features_cache/60072.pt
WLASL/videos/67329.mp4,tv,1867,features_cache/67329.pt
WLASL/videos/60073.mp4,tv,1867,features_cache/60073.pt
WLASL/videos/60074.mp4,tv,1867,features_cache/60074.pt
WLASL/videos/60075.mp4,tv,1867,features_cache/60075.pt
WLASL/videos/60358.mp4,u,1871,features_cache/60358.pt
WLASL/videos/60359.mp4,u,1871,features_cache/60359.pt
WLASL/videos/60360.mp4,u,1871,features_cache/60360.pt
WLASL/videos/60361.mp4,u,1871,features_cache/60361.pt
WLASL/videos/60362.mp4,u,1871,features_cache/60362.pt
WLASL/videos/60703.mp4,unique,1878,features_cache/60703.pt
WLASL/videos/60704.mp4,unique,1878,features_cache/60704.pt
WLASL/videos/60705.mp4,unique,1878,features_cache/60705.pt
WLASL/videos/60708.mp4,unique,1878,features_cache/60708.pt
WLASL/videos/60709.mp4,unique,1878,features_cache/60709.pt
WLASL/videos/60968.mp4,upstairs,1884,features_cache/60968.pt
WLASL/videos/60969.mp4,upstairs,1884,features_cache/60969.pt
WLASL/videos/60970.mp4,upstairs,1884,features_cache/60970.pt
WLASL/videos/60972.mp4,upstairs,1884,features_cache/60972.pt
WLASL/videos/60973.mp4,upstairs,1884,features_cache/60973.pt
WLASL/videos/61561.mp4,v,1886,features_cache/61561.pt
WLASL/videos/61562.mp4,v,1886,features_cache/61562.pt
WLASL/videos/61563.mp4,v,1886,features_cache/61563.pt
WLASL/videos/61564.mp4,v,1886,features_cache/61564.pt
WLASL/videos/61565.mp4,v,1886,features_cache/61565.pt
WLASL/videos/61136.mp4,vacant,1887,features_cache/61136.pt
WLASL/videos/61137.mp4,vacant,1887,features_cache/61137.pt
WLASL/videos/61138.mp4,vacant,1887,features_cache/61138.pt
WLASL/videos/61139.mp4,vacant,1887,features_cache/61139.pt
WLASL/videos/61140.mp4,vacant,1887,features_cache/61140.pt
WLASL/videos/61189.mp4,vague,1889,features_cache/61189.pt
WLASL/videos/61190.mp4,vague,1889,features_cache/61190.pt
WLASL/videos/61191.mp4,vague,1889,features_cache/61191.pt
WLASL/videos/61192.mp4,vague,1889,features_cache/61192.pt
WLASL/videos/61193.mp4,vague,1889,features_cache/61193.pt
WLASL/videos/61222.mp4,valley,1890,features_cache/61222.pt
WLASL/videos/61223.mp4,valley,1890,features_cache/61223.pt
WLASL/videos/61224.mp4,valley,1890,features_cache/61224.pt
WLASL/videos/61225.mp4,valley,1890,features_cache/61225.pt
WLASL/videos/61226.mp4,valley,1890,features_cache/61226.pt
WLASL/videos/61247.mp4,vampire,1892,features_cache/61247.pt
WLASL/videos/61248.mp4,vampire,1892,features_cache/61248.pt
WLASL/videos/61249.mp4,vampire,1892,features_cache/61249.pt
WLASL/videos/61250.mp4,vampire,1892,features_cache/61250.pt
WLASL/videos/61251.mp4,vampire,1892,features_cache/61251.pt
WLASL/videos/61509.mp4,very,1895,features_cache/61509.pt
WLASL/videos/61510.mp4,very,1895,features_cache/61510.pt
WLASL/videos/61511.mp4,very,1895,features_cache/61511.pt
WLASL/videos/61512.mp4,very,1895,features_cache/61512.pt
WLASL/videos/61515.mp4,very,1895,features_cache/61515.pt
WLASL/videos/61590.mp4,vice president,1896,features_cache/61590.pt
WLASL/videos/61591.mp4,vice president,1896,features_cache/61591.pt
WLASL/videos/61592.mp4,vice president,1896,features_cache/61592.pt
WLASL/videos/61594.mp4,vice president,1896,features_cache/61594.pt
WLASL/videos/61595.mp4,vice president,1896,features_cache/61595.pt
WLASL/videos/61698.mp4,viewpoint,1897,features_cache/61698.pt
WLASL/videos/61699.mp4,viewpoint,1897,features_cache/61699.pt
WLASL/videos/61700.mp4,viewpoint,1897,features_cache/61700.pt
WLASL/videos/61701.mp4,viewpoint,1897,features_cache/61701.pt
WLASL/videos/61702.mp4,viewpoint,1897,features_cache/61702.pt
WLASL/videos/61846.mp4,visualize,1901,features_cache/61846.pt
WLASL/videos/61848.mp4,visualize,1901,features_cache/61848.pt
WLASL/videos/61849.mp4,visualize,1901,features_cache/61849.pt
WLASL/videos/61850.mp4,visualize,1901,features_cache/61850.pt
WLASL/videos/61851.mp4,visualize,1901,features_cache/61851.pt
WLASL/videos/61870.mp4,vlog,1902,features_cache/61870.pt
WLASL/videos/61871.mp4,vlog,1902,features_cache/61871.pt
WLASL/videos/61872.mp4,vlog,1902,features_cache/61872.pt
WLASL/videos/61874.mp4,vlog,1902,features_cache/61874.pt
WLASL/videos/61875.mp4,vlog,1902,features_cache/61875.pt
WLASL/videos/67030.mp4,volleyball,1905,features_cache/67030.pt
WLASL/videos/61947.mp4,volleyball,1905,features_cache/61947.pt
WLASL/videos/61948.mp4,volleyball,1905,features_cache/61948.pt
WLASL/videos/61950.mp4,volleyball,1905,features_cache/61950.pt
WLASL/videos/61952.mp4,volleyball,1905,features_cache/61952.pt
WLASL/videos/63274.mp4,w,1909,features_cache/63274.pt
WLASL/videos/63275.mp4,w,1909,features_cache/63275.pt
WLASL/videos/63276.mp4,w,1909,features_cache/63276.pt
WLASL/videos/63277.mp4,w,1909,features_cache/63277.pt
WLASL/videos/63278.mp4,w,1909,features_cache/63278.pt
WLASL/videos/62393.mp4,washington,1923,features_cache/62393.pt
WLASL/videos/62394.mp4,washington,1923,features_cache/62394.pt
WLASL/videos/62395.mp4,washington,1923,features_cache/62395.pt
WLASL/videos/62396.mp4,washington,1923,features_cache/62396.pt
WLASL/videos/62398.mp4,washington,1923,features_cache/62398.pt
WLASL/videos/62489.mp4,waterfall,1927,features_cache/62489.pt
WLASL/videos/62490.mp4,waterfall,1927,features_cache/62490.pt
WLASL/videos/62491.mp4,waterfall,1927,features_cache/62491.pt
WLASL/videos/62492.mp4,waterfall,1927,features_cache/62492.pt
WLASL/videos/62493.mp4,waterfall,1927,features_cache/62493.pt
WLASL/videos/67053.mp4,weigh,1939,features_cache/67053.pt
WLASL/videos/62782.mp4,weigh,1939,features_cache/62782.pt
WLASL/videos/62783.mp4,weigh,1939,features_cache/62783.pt
WLASL/videos/62784.mp4,weigh,1939,features_cache/62784.pt
WLASL/videos/62785.mp4,weigh,1939,features_cache/62785.pt
WLASL/videos/63046.mp4,wheelchair,1948,features_cache/63046.pt
WLASL/videos/63047.mp4,wheelchair,1948,features_cache/63047.pt
WLASL/videos/63048.mp4,wheelchair,1948,features_cache/63048.pt
WLASL/videos/63049.mp4,wheelchair,1948,features_cache/63049.pt
WLASL/videos/63050.mp4,wheelchair,1948,features_cache/63050.pt
WLASL/videos/63186.mp4,whistle,1953,features_cache/63186.pt
WLASL/videos/63187.mp4,whistle,1953,features_cache/63187.pt
WLASL/videos/63188.mp4,whistle,1953,features_cache/63188.pt
WLASL/videos/63189.mp4,whistle,1953,features_cache/63189.pt
WLASL/videos/63190.mp4,whistle,1953,features_cache/63190.pt
