video_path,class_gloss,class_id,feature_path,video_names
wlasl/videos/69241.mp4,book,111,features_cache/69241.pt,69241
wlasl/videos/07069.mp4,book,111,features_cache/07069.pt,07069
wlasl/videos/07068.mp4,book,111,features_cache/07068.pt,07068
wlasl/videos/07070.mp4,book,111,features_cache/07070.pt,07070
wlasl/videos/07074.mp4,book,111,features_cache/07074.pt,07074
wlasl/videos/65539.mp4,drink,291,features_cache/65539.pt,65539
wlasl/videos/17710.mp4,drink,291,features_cache/17710.pt,17710
wlasl/videos/17733.mp4,drink,291,features_cache/17733.pt,17733
wlasl/videos/65540.mp4,drink,291,features_cache/65540.pt,65540
wlasl/videos/17711.mp4,drink,291,features_cache/17711.pt,17711
wlasl/videos/17712.mp4,drink,291,features_cache/17712.pt,17712
wlasl/videos/17709.mp4,drink,291,features_cache/17709.pt,17709
wlasl/videos/17720.mp4,drink,291,features_cache/17720.pt,17720
wlasl/videos/17721.mp4,drink,291,features_cache/17721.pt,17721
wlasl/videos/17722.mp4,drink,291,features_cache/17722.pt,17722
wlasl/videos/17723.mp4,drink,291,features_cache/17723.pt,17723
wlasl/videos/12328.mp4,computer,210,features_cache/12328.pt,12328
wlasl/videos/12311.mp4,computer,210,features_cache/12311.pt,12311
wlasl/videos/12338.mp4,computer,210,features_cache/12338.pt,12338
wlasl/videos/12313.mp4,computer,210,features_cache/12313.pt,12313
wlasl/videos/12314.mp4,computer,210,features_cache/12314.pt,12314
wlasl/videos/12316.mp4,computer,210,features_cache/12316.pt,12316
wlasl/videos/12317.mp4,computer,210,features_cache/12317.pt,12317
wlasl/videos/12318.mp4,computer,210,features_cache/12318.pt,12318
wlasl/videos/12319.mp4,computer,210,features_cache/12319.pt,12319
wlasl/videos/12327.mp4,computer,210,features_cache/12327.pt,12327
wlasl/videos/05728.mp4,before,87,features_cache/05728.pt,05728
wlasl/videos/05749.mp4,before,87,features_cache/05749.pt,05749
wlasl/videos/05729.mp4,before,87,features_cache/05729.pt,05729
wlasl/videos/05730.mp4,before,87,features_cache/05730.pt,05730
wlasl/videos/65167.mp4,before,87,features_cache/65167.pt,65167
wlasl/videos/05731.mp4,before,87,features_cache/05731.pt,05731
wlasl/videos/05732.mp4,before,87,features_cache/05732.pt,05732
wlasl/videos/05733.mp4,before,87,features_cache/05733.pt,05733
wlasl/videos/05734.mp4,before,87,features_cache/05734.pt,05734
wlasl/videos/05740.mp4,before,87,features_cache/05740.pt,05740
wlasl/videos/05742.mp4,before,87,features_cache/05742.pt,05742
wlasl/videos/05743.mp4,before,87,features_cache/05743.pt,05743
wlasl/videos/09848.mp4,chair,168,features_cache/09848.pt,09848
wlasl/videos/09869.mp4,chair,168,features_cache/09869.pt,09869
wlasl/videos/09849.mp4,chair,168,features_cache/09849.pt,09849
wlasl/videos/09850.mp4,chair,168,features_cache/09850.pt,09850
wlasl/videos/65328.mp4,chair,168,features_cache/65328.pt,65328
wlasl/videos/24955.mp4,go,407,features_cache/24955.pt,24955
wlasl/videos/24956.mp4,go,407,features_cache/24956.pt,24956
wlasl/videos/24941.mp4,go,407,features_cache/24941.pt,24941
wlasl/videos/24961.mp4,go,407,features_cache/24961.pt,24961
wlasl/videos/24962.mp4,go,407,features_cache/24962.pt,24962
wlasl/videos/65824.mp4,go,407,features_cache/65824.pt,65824
wlasl/videos/24973.mp4,go,407,features_cache/24973.pt,24973
wlasl/videos/24943.mp4,go,407,features_cache/24943.pt,24943
wlasl/videos/24947.mp4,go,407,features_cache/24947.pt,24947
wlasl/videos/24940.mp4,go,407,features_cache/24940.pt,24940
wlasl/videos/24954.mp4,go,407,features_cache/24954.pt,24954
wlasl/videos/11310.mp4,clothes,196,features_cache/11310.pt,11310
wlasl/videos/11330.mp4,clothes,196,features_cache/11330.pt,11330
wlasl/videos/11313.mp4,clothes,196,features_cache/11313.pt,11313
wlasl/videos/11309.mp4,clothes,196,features_cache/11309.pt,11309
wlasl/videos/69534.mp4,who,973,features_cache/69534.pt,69534
wlasl/videos/63242.mp4,who,973,features_cache/63242.pt,63242
wlasl/videos/63227.mp4,who,973,features_cache/63227.pt,63227
wlasl/videos/63228.mp4,who,973,features_cache/63228.pt,63228
wlasl/videos/63231.mp4,who,973,features_cache/63231.pt,63231
wlasl/videos/66778.mp4,who,973,features_cache/66778.pt,66778
wlasl/videos/63232.mp4,who,973,features_cache/63232.pt,63232
wlasl/videos/66779.mp4,who,973,features_cache/66779.pt,66779
wlasl/videos/63225.mp4,who,973,features_cache/63225.pt,63225
wlasl/videos/63236.mp4,who,973,features_cache/63236.pt,63236
wlasl/videos/08916.mp4,candy,152,features_cache/08916.pt,08916
wlasl/videos/08917.mp4,candy,152,features_cache/08917.pt,08917
wlasl/videos/08919.mp4,candy,152,features_cache/08919.pt,08919
wlasl/videos/08920.mp4,candy,152,features_cache/08920.pt,08920
wlasl/videos/08921.mp4,candy,152,features_cache/08921.pt,08921
wlasl/videos/65298.mp4,candy,152,features_cache/65298.pt,65298
wlasl/videos/08924.mp4,candy,152,features_cache/08924.pt,08924
wlasl/videos/65299.mp4,candy,152,features_cache/65299.pt,65299
wlasl/videos/13647.mp4,cousin,228,features_cache/13647.pt,13647
wlasl/videos/13648.mp4,cousin,228,features_cache/13648.pt,13648
wlasl/videos/13631.mp4,cousin,228,features_cache/13631.pt,13631
wlasl/videos/13632.mp4,cousin,228,features_cache/13632.pt,13632
wlasl/videos/13636.mp4,cousin,228,features_cache/13636.pt,13636
wlasl/videos/13630.mp4,cousin,228,features_cache/13630.pt,13630
wlasl/videos/13640.mp4,cousin,228,features_cache/13640.pt,13640
wlasl/videos/13642.mp4,cousin,228,features_cache/13642.pt,13642
wlasl/videos/13646.mp4,cousin,228,features_cache/13646.pt,13646
wlasl/videos/14882.mp4,deaf,247,features_cache/14882.pt,14882
wlasl/videos/14884.mp4,deaf,247,features_cache/14884.pt,14884
wlasl/videos/14885.mp4,deaf,247,features_cache/14885.pt,14885
wlasl/videos/14886.mp4,deaf,247,features_cache/14886.pt,14886
wlasl/videos/65445.mp4,deaf,247,features_cache/65445.pt,65445
wlasl/videos/14893.mp4,deaf,247,features_cache/14893.pt,14893
wlasl/videos/14894.mp4,deaf,247,features_cache/14894.pt,14894
wlasl/videos/21870.mp4,fine,365,features_cache/21870.pt,21870
wlasl/videos/21891.mp4,fine,365,features_cache/21891.pt,21891
wlasl/videos/21871.mp4,fine,365,features_cache/21871.pt,21871
wlasl/videos/21869.mp4,fine,365,features_cache/21869.pt,21869
wlasl/videos/21878.mp4,fine,365,features_cache/21878.pt,21878
wlasl/videos/21883.mp4,fine,365,features_cache/21883.pt,21883
wlasl/videos/27221.mp4,help,450,features_cache/27221.pt,27221
wlasl/videos/27206.mp4,help,450,features_cache/27206.pt,27206
wlasl/videos/27207.mp4,help,450,features_cache/27207.pt,27207
wlasl/videos/27208.mp4,help,450,features_cache/27208.pt,27208
wlasl/videos/65890.mp4,help,450,features_cache/65890.pt,65890
wlasl/videos/27214.mp4,help,450,features_cache/27214.pt,27214
wlasl/videos/65889.mp4,help,450,features_cache/65889.pt,65889
wlasl/videos/27215.mp4,help,450,features_cache/27215.pt,27215
wlasl/videos/27216.mp4,help,450,features_cache/27216.pt,27216
wlasl/videos/27217.mp4,help,450,features_cache/27217.pt,27217
wlasl/videos/38544.mp4,no,617,features_cache/38544.pt,38544
wlasl/videos/38527.mp4,no,617,features_cache/38527.pt,38527
wlasl/videos/38529.mp4,no,617,features_cache/38529.pt,38529
wlasl/videos/38530.mp4,no,617,features_cache/38530.pt,38530
wlasl/videos/38532.mp4,no,617,features_cache/38532.pt,38532
wlasl/videos/66183.mp4,no,617,features_cache/66183.pt,66183
wlasl/videos/38524.mp4,no,617,features_cache/38524.pt,38524
wlasl/videos/38534.mp4,no,617,features_cache/38534.pt,38534
wlasl/videos/57949.mp4,thin,905,features_cache/57949.pt,57949
wlasl/videos/57934.mp4,thin,905,features_cache/57934.pt,57934
wlasl/videos/57953.mp4,thin,905,features_cache/57953.pt,57953
wlasl/videos/57935.mp4,thin,905,features_cache/57935.pt,57935
wlasl/videos/57936.mp4,thin,905,features_cache/57936.pt,57936
wlasl/videos/57937.mp4,thin,905,features_cache/57937.pt,57937
wlasl/videos/66606.mp4,thin,905,features_cache/66606.pt,66606
wlasl/videos/57939.mp4,thin,905,features_cache/57939.pt,57939
wlasl/videos/57940.mp4,thin,905,features_cache/57940.pt,57940
wlasl/videos/57942.mp4,thin,905,features_cache/57942.pt,57942
wlasl/videos/57947.mp4,thin,905,features_cache/57947.pt,57947
wlasl/videos/62175.mp4,walk,952,features_cache/62175.pt,62175
wlasl/videos/62159.mp4,walk,952,features_cache/62159.pt,62159
wlasl/videos/62163.mp4,walk,952,features_cache/62163.pt,62163
wlasl/videos/62164.mp4,walk,952,features_cache/62164.pt,62164
wlasl/videos/66743.mp4,walk,952,features_cache/66743.pt,66743
wlasl/videos/66742.mp4,walk,952,features_cache/66742.pt,66742
wlasl/videos/62168.mp4,walk,952,features_cache/62168.pt,62168
wlasl/videos/62169.mp4,walk,952,features_cache/62169.pt,62169
wlasl/videos/62170.mp4,walk,952,features_cache/62170.pt,62170
wlasl/videos/64224.mp4,year,992,features_cache/64224.pt,64224
wlasl/videos/64212.mp4,year,992,features_cache/64212.pt,64212
wlasl/videos/66818.mp4,year,992,features_cache/66818.pt,66818
wlasl/videos/64213.mp4,year,992,features_cache/64213.pt,64213
wlasl/videos/66816.mp4,year,992,features_cache/66816.pt,66816
wlasl/videos/64219.mp4,year,992,features_cache/64219.pt,64219
wlasl/videos/64218.mp4,year,992,features_cache/64218.pt,64218
wlasl/videos/64284.mp4,yes,994,features_cache/64284.pt,64284
wlasl/videos/64291.mp4,yes,994,features_cache/64291.pt,64291
wlasl/videos/64292.mp4,yes,994,features_cache/64292.pt,64292
wlasl/videos/66820.mp4,yes,994,features_cache/66820.pt,66820
wlasl/videos/64280.mp4,yes,994,features_cache/64280.pt,64280
wlasl/videos/64300.mp4,yes,994,features_cache/64300.pt,64300
wlasl/videos/64281.mp4,yes,994,features_cache/64281.pt,64281
wlasl/videos/64288.mp4,yes,994,features_cache/64288.pt,64288
wlasl/videos/64283.mp4,yes,994,features_cache/64283.pt,64283
wlasl/videos/69206.mp4,all,16,features_cache/69206.pt,69206
wlasl/videos/02003.mp4,all,16,features_cache/02003.pt,02003
wlasl/videos/01987.mp4,all,16,features_cache/01987.pt,01987
wlasl/videos/01988.mp4,all,16,features_cache/01988.pt,01988
wlasl/videos/01991.mp4,all,16,features_cache/01991.pt,01991
wlasl/videos/01992.mp4,all,16,features_cache/01992.pt,01992
wlasl/videos/65043.mp4,all,16,features_cache/65043.pt,65043
wlasl/videos/06472.mp4,black,104,features_cache/06472.pt,06472
wlasl/videos/06473.mp4,black,104,features_cache/06473.pt,06473
wlasl/videos/06474.mp4,black,104,features_cache/06474.pt,06474
wlasl/videos/06477.mp4,black,104,features_cache/06477.pt,06477
wlasl/videos/06478.mp4,black,104,features_cache/06478.pt,06478
wlasl/videos/65200.mp4,black,104,features_cache/65200.pt,65200
wlasl/videos/06471.mp4,black,104,features_cache/06471.pt,06471
wlasl/videos/06486.mp4,black,104,features_cache/06486.pt,06486
wlasl/videos/69281.mp4,cool,218,features_cache/69281.pt,69281
wlasl/videos/65403.mp4,cool,218,features_cache/65403.pt,65403
wlasl/videos/13213.mp4,cool,218,features_cache/13213.pt,13213
wlasl/videos/13216.mp4,cool,218,features_cache/13216.pt,13216
wlasl/videos/13217.mp4,cool,218,features_cache/13217.pt,13217
wlasl/videos/13199.mp4,cool,218,features_cache/13199.pt,13199
wlasl/videos/13200.mp4,cool,218,features_cache/13200.pt,13200
wlasl/videos/13201.mp4,cool,218,features_cache/13201.pt,13201
wlasl/videos/13202.mp4,cool,218,features_cache/13202.pt,13202
wlasl/videos/13208.mp4,cool,218,features_cache/13208.pt,13208
wlasl/videos/13209.mp4,cool,218,features_cache/13209.pt,13209
wlasl/videos/21943.mp4,finish,366,features_cache/21943.pt,21943
wlasl/videos/21945.mp4,finish,366,features_cache/21945.pt,21945
wlasl/videos/21950.mp4,finish,366,features_cache/21950.pt,21950
wlasl/videos/65721.mp4,finish,366,features_cache/65721.pt,65721
wlasl/videos/21941.mp4,finish,366,features_cache/21941.pt,21941
wlasl/videos/21951.mp4,finish,366,features_cache/21951.pt,21951
wlasl/videos/28125.mp4,hot,464,features_cache/28125.pt,28125
wlasl/videos/28108.mp4,hot,464,features_cache/28108.pt,28108
wlasl/videos/28109.mp4,hot,464,features_cache/28109.pt,28109
wlasl/videos/28110.mp4,hot,464,features_cache/28110.pt,28110
wlasl/videos/28111.mp4,hot,464,features_cache/28111.pt,28111
wlasl/videos/28115.mp4,hot,464,features_cache/28115.pt,28115
wlasl/videos/28116.mp4,hot,464,features_cache/28116.pt,28116
wlasl/videos/28107.mp4,hot,464,features_cache/28107.pt,28107
wlasl/videos/33266.mp4,like,535,features_cache/33266.pt,33266
wlasl/videos/33285.mp4,like,535,features_cache/33285.pt,33285
wlasl/videos/33267.mp4,like,535,features_cache/33267.pt,33267
wlasl/videos/33269.mp4,like,535,features_cache/33269.pt,33269
wlasl/videos/33273.mp4,like,535,features_cache/33273.pt,33273
wlasl/videos/33274.mp4,like,535,features_cache/33274.pt,33274
wlasl/videos/34823.mp4,many,555,features_cache/34823.pt,34823
wlasl/videos/34824.mp4,many,555,features_cache/34824.pt,34824
wlasl/videos/34825.mp4,many,555,features_cache/34825.pt,34825
wlasl/videos/34826.mp4,many,555,features_cache/34826.pt,34826
wlasl/videos/34827.mp4,many,555,features_cache/34827.pt,34827
wlasl/videos/34830.mp4,many,555,features_cache/34830.pt,34830
wlasl/videos/34831.mp4,many,555,features_cache/34831.pt,34831
wlasl/videos/34832.mp4,many,555,features_cache/34832.pt,34832
wlasl/videos/34839.mp4,many,555,features_cache/34839.pt,34839
wlasl/videos/36946.mp4,mother,584,features_cache/36946.pt,36946
wlasl/videos/36930.mp4,mother,584,features_cache/36930.pt,36930
wlasl/videos/36931.mp4,mother,584,features_cache/36931.pt,36931
wlasl/videos/36932.mp4,mother,584,features_cache/36932.pt,36932
wlasl/videos/36933.mp4,mother,584,features_cache/36933.pt,36933
wlasl/videos/36936.mp4,mother,584,features_cache/36936.pt,36936
wlasl/videos/36937.mp4,mother,584,features_cache/36937.pt,36937
wlasl/videos/66147.mp4,mother,584,features_cache/66147.pt,66147
wlasl/videos/66146.mp4,mother,584,features_cache/66146.pt,66146
wlasl/videos/36929.mp4,mother,584,features_cache/36929.pt,36929
wlasl/videos/38999.mp4,now,623,features_cache/38999.pt,38999
wlasl/videos/38990.mp4,now,623,features_cache/38990.pt,38990
wlasl/videos/39006.mp4,now,623,features_cache/39006.pt,39006
wlasl/videos/38995.mp4,now,623,features_cache/38995.pt,38995
wlasl/videos/38997.mp4,now,623,features_cache/38997.pt,38997
wlasl/videos/40115.mp4,orange,637,features_cache/40115.pt,40115
wlasl/videos/40116.mp4,orange,637,features_cache/40116.pt,40116
wlasl/videos/40117.mp4,orange,637,features_cache/40117.pt,40117
wlasl/videos/40119.mp4,orange,637,features_cache/40119.pt,40119
wlasl/videos/40121.mp4,orange,637,features_cache/40121.pt,40121
wlasl/videos/66246.mp4,orange,637,features_cache/66246.pt,66246
wlasl/videos/40129.mp4,orange,637,features_cache/40129.pt,40129
wlasl/videos/40130.mp4,orange,637,features_cache/40130.pt,40130
wlasl/videos/56557.mp4,table,885,features_cache/56557.pt,56557
wlasl/videos/56579.mp4,table,885,features_cache/56579.pt,56579
wlasl/videos/56558.mp4,table,885,features_cache/56558.pt,56558
wlasl/videos/56556.mp4,table,885,features_cache/56556.pt,56556
wlasl/videos/56563.mp4,table,885,features_cache/56563.pt,56563
wlasl/videos/57647.mp4,thanksgiving,899,features_cache/57647.pt,57647
wlasl/videos/57630.mp4,thanksgiving,899,features_cache/57630.pt,57630
wlasl/videos/57631.mp4,thanksgiving,899,features_cache/57631.pt,57631
wlasl/videos/57632.mp4,thanksgiving,899,features_cache/57632.pt,57632
wlasl/videos/57633.mp4,thanksgiving,899,features_cache/57633.pt,57633
wlasl/videos/57634.mp4,thanksgiving,899,features_cache/57634.pt,57634
wlasl/videos/57635.mp4,thanksgiving,899,features_cache/57635.pt,57635
wlasl/videos/57638.mp4,thanksgiving,899,features_cache/57638.pt,57638
wlasl/videos/57641.mp4,thanksgiving,899,features_cache/57641.pt,57641
wlasl/videos/62968.mp4,what,968,features_cache/62968.pt,62968
wlasl/videos/62970.mp4,what,968,features_cache/62970.pt,62970
wlasl/videos/66769.mp4,what,968,features_cache/66769.pt,66769
wlasl/videos/62964.mp4,what,968,features_cache/62964.pt,62964
wlasl/videos/62979.mp4,what,968,features_cache/62979.pt,62979
wlasl/videos/62966.mp4,what,968,features_cache/62966.pt,62966
wlasl/videos/63679.mp4,woman,983,features_cache/63679.pt,63679
wlasl/videos/63665.mp4,woman,983,features_cache/63665.pt,63665
wlasl/videos/63666.mp4,woman,983,features_cache/63666.pt,63666
wlasl/videos/63667.mp4,woman,983,features_cache/63667.pt,63667
wlasl/videos/63668.mp4,woman,983,features_cache/63668.pt,63668
wlasl/videos/63672.mp4,woman,983,features_cache/63672.pt,63672
wlasl/videos/63673.mp4,woman,983,features_cache/63673.pt,63673
wlasl/videos/66798.mp4,woman,983,features_cache/66798.pt,66798
wlasl/videos/66799.mp4,woman,983,features_cache/66799.pt,66799
wlasl/videos/05644.mp4,bed,84,features_cache/05644.pt,05644
wlasl/videos/05629.mp4,bed,84,features_cache/05629.pt,05629
wlasl/videos/05630.mp4,bed,84,features_cache/05630.pt,05630
wlasl/videos/05631.mp4,bed,84,features_cache/05631.pt,05631
wlasl/videos/05632.mp4,bed,84,features_cache/05632.pt,05632
wlasl/videos/05633.mp4,bed,84,features_cache/05633.pt,05633
wlasl/videos/05634.mp4,bed,84,features_cache/05634.pt,05634
wlasl/videos/05636.mp4,bed,84,features_cache/05636.pt,05636
wlasl/videos/65162.mp4,bed,84,features_cache/65162.pt,65162
wlasl/videos/05637.mp4,bed,84,features_cache/05637.pt,05637
wlasl/videos/65161.mp4,bed,84,features_cache/65161.pt,65161
wlasl/videos/05638.mp4,bed,84,features_cache/05638.pt,05638
wlasl/videos/06835.mp4,blue,108,features_cache/06835.pt,06835
wlasl/videos/06839.mp4,blue,108,features_cache/06839.pt,06839
wlasl/videos/65216.mp4,blue,108,features_cache/65216.pt,65216
wlasl/videos/06832.mp4,blue,108,features_cache/06832.pt,06832
wlasl/videos/06833.mp4,blue,108,features_cache/06833.pt,06833
wlasl/videos/06834.mp4,blue,108,features_cache/06834.pt,06834
wlasl/videos/07389.mp4,bowling,120,features_cache/07389.pt,07389
wlasl/videos/07390.mp4,bowling,120,features_cache/07390.pt,07390
wlasl/videos/07391.mp4,bowling,120,features_cache/07391.pt,07391
wlasl/videos/07392.mp4,bowling,120,features_cache/07392.pt,07392
wlasl/videos/07393.mp4,bowling,120,features_cache/07393.pt,07393
wlasl/videos/07394.mp4,bowling,120,features_cache/07394.pt,07394
wlasl/videos/07397.mp4,bowling,120,features_cache/07397.pt,07397
wlasl/videos/65242.mp4,bowling,120,features_cache/65242.pt,65242
wlasl/videos/65241.mp4,bowling,120,features_cache/65241.pt,65241
wlasl/videos/07399.mp4,bowling,120,features_cache/07399.pt,07399
wlasl/videos/08955.mp4,can,148,features_cache/08955.pt,08955
wlasl/videos/08935.mp4,can,148,features_cache/08935.pt,08935
wlasl/videos/08936.mp4,can,148,features_cache/08936.pt,08936
wlasl/videos/08937.mp4,can,148,features_cache/08937.pt,08937
wlasl/videos/08938.mp4,can,148,features_cache/08938.pt,08938
wlasl/videos/08942.mp4,can,148,features_cache/08942.pt,08942
wlasl/videos/08944.mp4,can,148,features_cache/08944.pt,08944
wlasl/videos/69298.mp4,dog,279,features_cache/69298.pt,69298
wlasl/videos/17084.mp4,dog,279,features_cache/17084.pt,17084
wlasl/videos/17085.mp4,dog,279,features_cache/17085.pt,17085
wlasl/videos/17086.mp4,dog,279,features_cache/17086.pt,17086
wlasl/videos/17087.mp4,dog,279,features_cache/17087.pt,17087
wlasl/videos/17090.mp4,dog,279,features_cache/17090.pt,17090
wlasl/videos/17091.mp4,dog,279,features_cache/17091.pt,17091
wlasl/videos/65507.mp4,dog,279,features_cache/65507.pt,65507
wlasl/videos/20980.mp4,family,349,features_cache/20980.pt,20980
wlasl/videos/20981.mp4,family,349,features_cache/20981.pt,20981
wlasl/videos/20982.mp4,family,349,features_cache/20982.pt,20982
wlasl/videos/20983.mp4,family,349,features_cache/20983.pt,20983
wlasl/videos/20986.mp4,family,349,features_cache/20986.pt,20986
wlasl/videos/20987.mp4,family,349,features_cache/20987.pt,20987
wlasl/videos/65677.mp4,family,349,features_cache/65677.pt,65677
wlasl/videos/20978.mp4,family,349,features_cache/20978.pt,20978
wlasl/videos/20992.mp4,family,349,features_cache/20992.pt,20992
wlasl/videos/20979.mp4,family,349,features_cache/20979.pt,20979
wlasl/videos/69325.mp4,fish,368,features_cache/69325.pt,69325
wlasl/videos/22130.mp4,fish,368,features_cache/22130.pt,22130
wlasl/videos/22115.mp4,fish,368,features_cache/22115.pt,22115
wlasl/videos/22116.mp4,fish,368,features_cache/22116.pt,22116
wlasl/videos/22120.mp4,fish,368,features_cache/22120.pt,22120
wlasl/videos/22121.mp4,fish,368,features_cache/22121.pt,22121
wlasl/videos/65731.mp4,fish,368,features_cache/65731.pt,65731
wlasl/videos/25339.mp4,graduate,417,features_cache/25339.pt,25339
wlasl/videos/25322.mp4,graduate,417,features_cache/25322.pt,25322
wlasl/videos/25323.mp4,graduate,417,features_cache/25323.pt,25323
wlasl/videos/25324.mp4,graduate,417,features_cache/25324.pt,25324
wlasl/videos/25325.mp4,graduate,417,features_cache/25325.pt,25325
wlasl/videos/25326.mp4,graduate,417,features_cache/25326.pt,25326
wlasl/videos/25329.mp4,graduate,417,features_cache/25329.pt,25329
wlasl/videos/25321.mp4,graduate,417,features_cache/25321.pt,25321
wlasl/videos/26713.mp4,hat,439,features_cache/26713.pt,26713
wlasl/videos/26712.mp4,hat,439,features_cache/26712.pt,26712
wlasl/videos/26739.mp4,hat,439,features_cache/26739.pt,26739
wlasl/videos/26741.mp4,hat,439,features_cache/26741.pt,26741
wlasl/videos/26714.mp4,hat,439,features_cache/26714.pt,26714
wlasl/videos/26715.mp4,hat,439,features_cache/26715.pt,26715
wlasl/videos/26717.mp4,hat,439,features_cache/26717.pt,26717
wlasl/videos/26719.mp4,hat,439,features_cache/26719.pt,26719
wlasl/videos/26972.mp4,hearing,446,features_cache/26972.pt,26972
wlasl/videos/26973.mp4,hearing,446,features_cache/26973.pt,26973
wlasl/videos/26974.mp4,hearing,446,features_cache/26974.pt,26974
wlasl/videos/26975.mp4,hearing,446,features_cache/26975.pt,26975
wlasl/videos/26976.mp4,hearing,446,features_cache/26976.pt,26976
wlasl/videos/26971.mp4,hearing,446,features_cache/26971.pt,26971
wlasl/videos/26980.mp4,hearing,446,features_cache/26980.pt,26980
wlasl/videos/31767.mp4,kiss,508,features_cache/31767.pt,31767
wlasl/videos/31752.mp4,kiss,508,features_cache/31752.pt,31752
wlasl/videos/31753.mp4,kiss,508,features_cache/31753.pt,31753
wlasl/videos/31755.mp4,kiss,508,features_cache/31755.pt,31755
wlasl/videos/31756.mp4,kiss,508,features_cache/31756.pt,31756
wlasl/videos/65996.mp4,kiss,508,features_cache/65996.pt,65996
wlasl/videos/32158.mp4,language,513,features_cache/32158.pt,32158
wlasl/videos/32160.mp4,language,513,features_cache/32160.pt,32160
wlasl/videos/32163.mp4,language,513,features_cache/32163.pt,32163
wlasl/videos/66008.mp4,language,513,features_cache/66008.pt,66008
wlasl/videos/66007.mp4,language,513,features_cache/66007.pt,66007
wlasl/videos/32155.mp4,language,513,features_cache/32155.pt,32155
wlasl/videos/32337.mp4,later,518,features_cache/32337.pt,32337
wlasl/videos/32338.mp4,later,518,features_cache/32338.pt,32338
wlasl/videos/32321.mp4,later,518,features_cache/32321.pt,32321
wlasl/videos/32322.mp4,later,518,features_cache/32322.pt,32322
wlasl/videos/32324.mp4,later,518,features_cache/32324.pt,32324
wlasl/videos/32326.mp4,later,518,features_cache/32326.pt,32326
wlasl/videos/66014.mp4,later,518,features_cache/66014.pt,66014
wlasl/videos/32333.mp4,later,518,features_cache/32333.pt,32333
wlasl/videos/34746.mp4,man,554,features_cache/34746.pt,34746
wlasl/videos/34733.mp4,man,554,features_cache/34733.pt,34733
wlasl/videos/34734.mp4,man,554,features_cache/34734.pt,34734
wlasl/videos/34736.mp4,man,554,features_cache/34736.pt,34736
wlasl/videos/34737.mp4,man,554,features_cache/34737.pt,34737
wlasl/videos/34738.mp4,man,554,features_cache/34738.pt,34738
wlasl/videos/66098.mp4,man,554,features_cache/66098.pt,66098
wlasl/videos/66099.mp4,man,554,features_cache/66099.pt,66099
wlasl/videos/34732.mp4,man,554,features_cache/34732.pt,34732
wlasl/videos/34742.mp4,man,554,features_cache/34742.pt,34742
wlasl/videos/51057.mp4,shirt,792,features_cache/51057.pt,51057
wlasl/videos/51056.mp4,shirt,792,features_cache/51056.pt,51056
wlasl/videos/51058.mp4,shirt,792,features_cache/51058.pt,51058
wlasl/videos/51059.mp4,shirt,792,features_cache/51059.pt,51059
wlasl/videos/51060.mp4,shirt,792,features_cache/51060.pt,51060
wlasl/videos/51061.mp4,shirt,792,features_cache/51061.pt,51061
wlasl/videos/51063.mp4,shirt,792,features_cache/51063.pt,51063
wlasl/videos/51064.mp4,shirt,792,features_cache/51064.pt,51064
wlasl/videos/55364.mp4,study,871,features_cache/55364.pt,55364
wlasl/videos/55365.mp4,study,871,features_cache/55365.pt,55365
wlasl/videos/55366.mp4,study,871,features_cache/55366.pt,55366
wlasl/videos/55368.mp4,study,871,features_cache/55368.pt,55368
wlasl/videos/55369.mp4,study,871,features_cache/55369.pt,55369
wlasl/videos/66575.mp4,study,871,features_cache/66575.pt,66575
wlasl/videos/55361.mp4,study,871,features_cache/55361.pt,55361
wlasl/videos/55362.mp4,study,871,features_cache/55362.pt,55362
wlasl/videos/55363.mp4,study,871,features_cache/55363.pt,55363
wlasl/videos/56852.mp4,tall,888,features_cache/56852.pt,56852
wlasl/videos/56838.mp4,tall,888,features_cache/56838.pt,56838
wlasl/videos/56839.mp4,tall,888,features_cache/56839.pt,56839
wlasl/videos/56841.mp4,tall,888,features_cache/56841.pt,56841
wlasl/videos/56842.mp4,tall,888,features_cache/56842.pt,56842
wlasl/videos/56844.mp4,tall,888,features_cache/56844.pt,56844
wlasl/videos/56846.mp4,tall,888,features_cache/56846.pt,56846
wlasl/videos/66592.mp4,tall,888,features_cache/66592.pt,66592
wlasl/videos/56837.mp4,tall,888,features_cache/56837.pt,56837
wlasl/videos/56848.mp4,tall,888,features_cache/56848.pt,56848
wlasl/videos/63204.mp4,white,972,features_cache/63204.pt,63204
wlasl/videos/63205.mp4,white,972,features_cache/63205.pt,63205
wlasl/videos/63207.mp4,white,972,features_cache/63207.pt,63207
wlasl/videos/63208.mp4,white,972,features_cache/63208.pt,63208
wlasl/videos/63200.mp4,white,972,features_cache/63200.pt,63200
wlasl/videos/63214.mp4,white,972,features_cache/63214.pt,63214
wlasl/videos/63202.mp4,white,972,features_cache/63202.pt,63202
wlasl/videos/63203.mp4,white,972,features_cache/63203.pt,63203
wlasl/videos/64087.mp4,wrong,991,features_cache/64087.pt,64087
wlasl/videos/64088.mp4,wrong,991,features_cache/64088.pt,64088
wlasl/videos/64090.mp4,wrong,991,features_cache/64090.pt,64090
wlasl/videos/64091.mp4,wrong,991,features_cache/64091.pt,64091
wlasl/videos/64084.mp4,wrong,991,features_cache/64084.pt,64084
wlasl/videos/64085.mp4,wrong,991,features_cache/64085.pt,64085
wlasl/videos/64086.mp4,wrong,991,features_cache/64086.pt,64086
wlasl/videos/00639.mp4,accident,2,features_cache/00639.pt,00639
wlasl/videos/00624.mp4,accident,2,features_cache/00624.pt,00624
wlasl/videos/00628.mp4,accident,2,features_cache/00628.pt,00628
wlasl/videos/00629.mp4,accident,2,features_cache/00629.pt,00629
wlasl/videos/00631.mp4,accident,2,features_cache/00631.pt,00631
wlasl/videos/00632.mp4,accident,2,features_cache/00632.pt,00632
wlasl/videos/65009.mp4,accident,2,features_cache/65009.pt,65009
wlasl/videos/00623.mp4,accident,2,features_cache/00623.pt,00623
wlasl/videos/00633.mp4,accident,2,features_cache/00633.pt,00633
wlasl/videos/03005.mp4,apple,35,features_cache/03005.pt,03005
wlasl/videos/03008.mp4,apple,35,features_cache/03008.pt,03008
wlasl/videos/65085.mp4,apple,35,features_cache/65085.pt,65085
wlasl/videos/65084.mp4,apple,35,features_cache/65084.pt,65084
wlasl/videos/03000.mp4,apple,35,features_cache/03000.pt,03000
wlasl/videos/03001.mp4,apple,35,features_cache/03001.pt,03001
wlasl/videos/03002.mp4,apple,35,features_cache/03002.pt,03002
wlasl/videos/03003.mp4,apple,35,features_cache/03003.pt,03003
wlasl/videos/06333.mp4,bird,100,features_cache/06333.pt,06333
wlasl/videos/06334.mp4,bird,100,features_cache/06334.pt,06334
wlasl/videos/06337.mp4,bird,100,features_cache/06337.pt,06337
wlasl/videos/65187.mp4,bird,100,features_cache/65187.pt,65187
wlasl/videos/06343.mp4,bird,100,features_cache/06343.pt,06343
wlasl/videos/06331.mp4,bird,100,features_cache/06331.pt,06331
wlasl/videos/06332.mp4,bird,100,features_cache/06332.pt,06332
wlasl/videos/09966.mp4,change,172,features_cache/09966.pt,09966
wlasl/videos/09967.mp4,change,172,features_cache/09967.pt,09967
wlasl/videos/09970.mp4,change,172,features_cache/09970.pt,09970
wlasl/videos/09953.mp4,change,172,features_cache/09953.pt,09953
wlasl/videos/09954.mp4,change,172,features_cache/09954.pt,09954
wlasl/videos/09956.mp4,change,172,features_cache/09956.pt,09956
wlasl/videos/09949.mp4,change,172,features_cache/09949.pt,09949
wlasl/videos/09960.mp4,change,172,features_cache/09960.pt,09960
wlasl/videos/09963.mp4,change,172,features_cache/09963.pt,09963
wlasl/videos/11773.mp4,color,201,features_cache/11773.pt,11773
wlasl/videos/11767.mp4,color,201,features_cache/11767.pt,11767
wlasl/videos/11780.mp4,color,201,features_cache/11780.pt,11780
wlasl/videos/11768.mp4,color,201,features_cache/11768.pt,11768
wlasl/videos/11769.mp4,color,201,features_cache/11769.pt,11769
wlasl/videos/11770.mp4,color,201,features_cache/11770.pt,11770
wlasl/videos/69282.mp4,corn,221,features_cache/69282.pt,69282
wlasl/videos/13337.mp4,corn,221,features_cache/13337.pt,13337
wlasl/videos/13326.mp4,corn,221,features_cache/13326.pt,13326
wlasl/videos/13327.mp4,corn,221,features_cache/13327.pt,13327
wlasl/videos/13328.mp4,corn,221,features_cache/13328.pt,13328
wlasl/videos/13329.mp4,corn,221,features_cache/13329.pt,13329
wlasl/videos/65408.mp4,corn,221,features_cache/65408.pt,65408
wlasl/videos/65409.mp4,corn,221,features_cache/65409.pt,65409
wlasl/videos/13323.mp4,corn,221,features_cache/13323.pt,13323
wlasl/videos/13333.mp4,corn,221,features_cache/13333.pt,13333
wlasl/videos/69283.mp4,cow,230,features_cache/69283.pt,69283
wlasl/videos/13697.mp4,cow,230,features_cache/13697.pt,13697
wlasl/videos/13699.mp4,cow,230,features_cache/13699.pt,13699
wlasl/videos/13702.mp4,cow,230,features_cache/13702.pt,13702
wlasl/videos/13695.mp4,cow,230,features_cache/13695.pt,13695
wlasl/videos/14627.mp4,dance,242,features_cache/14627.pt,14627
wlasl/videos/65434.mp4,dance,242,features_cache/65434.pt,65434
wlasl/videos/14633.mp4,dance,242,features_cache/14633.pt,14633
wlasl/videos/14622.mp4,dance,242,features_cache/14622.pt,14622
wlasl/videos/14623.mp4,dance,242,features_cache/14623.pt,14623
wlasl/videos/14624.mp4,dance,242,features_cache/14624.pt,14624
wlasl/videos/14625.mp4,dance,242,features_cache/14625.pt,14625
wlasl/videos/69290.mp4,dark,243,features_cache/69290.pt,69290
wlasl/videos/14674.mp4,dark,243,features_cache/14674.pt,14674
wlasl/videos/14675.mp4,dark,243,features_cache/14675.pt,14675
wlasl/videos/14676.mp4,dark,243,features_cache/14676.pt,14676
wlasl/videos/14680.mp4,dark,243,features_cache/14680.pt,14680
wlasl/videos/65439.mp4,dark,243,features_cache/65439.pt,65439
wlasl/videos/65440.mp4,dark,243,features_cache/65440.pt,65440
wlasl/videos/14671.mp4,dark,243,features_cache/14671.pt,14671
wlasl/videos/14681.mp4,dark,243,features_cache/14681.pt,14681
wlasl/videos/17015.mp4,doctor,278,features_cache/17015.pt,17015
wlasl/videos/17017.mp4,doctor,278,features_cache/17017.pt,17017
wlasl/videos/17019.mp4,doctor,278,features_cache/17019.pt,17019
wlasl/videos/65503.mp4,doctor,278,features_cache/65503.pt,65503
wlasl/videos/65504.mp4,doctor,278,features_cache/65504.pt,65504
wlasl/videos/17013.mp4,doctor,278,features_cache/17013.pt,17013
wlasl/videos/17026.mp4,doctor,278,features_cache/17026.pt,17026
wlasl/videos/17014.mp4,doctor,278,features_cache/17014.pt,17014
wlasl/videos/18329.mp4,eat,310,features_cache/18329.pt,18329
wlasl/videos/65601.mp4,eat,310,features_cache/65601.pt,65601
wlasl/videos/18335.mp4,eat,310,features_cache/18335.pt,18335
wlasl/videos/18324.mp4,eat,310,features_cache/18324.pt,18324
wlasl/videos/18325.mp4,eat,310,features_cache/18325.pt,18325
wlasl/videos/19261.mp4,enjoy,323,features_cache/19261.pt,19261
wlasl/videos/19264.mp4,enjoy,323,features_cache/19264.pt,19264
wlasl/videos/65635.mp4,enjoy,323,features_cache/65635.pt,65635
wlasl/videos/19269.mp4,enjoy,323,features_cache/19269.pt,19269
wlasl/videos/19258.mp4,enjoy,323,features_cache/19258.pt,19258
wlasl/videos/19259.mp4,enjoy,323,features_cache/19259.pt,19259
wlasl/videos/19260.mp4,enjoy,323,features_cache/19260.pt,19260
wlasl/videos/22955.mp4,forget,380,features_cache/22955.pt,22955
wlasl/videos/22960.mp4,forget,380,features_cache/22960.pt,22960
wlasl/videos/22967.mp4,forget,380,features_cache/22967.pt,22967
wlasl/videos/22952.mp4,forget,380,features_cache/22952.pt,22952
wlasl/videos/22953.mp4,forget,380,features_cache/22953.pt,22953
wlasl/videos/69343.mp4,give,404,features_cache/69343.pt,69343
wlasl/videos/24660.mp4,give,404,features_cache/24660.pt,24660
wlasl/videos/24638.mp4,give,404,features_cache/24638.pt,24638
wlasl/videos/24640.mp4,give,404,features_cache/24640.pt,24640
wlasl/videos/24648.mp4,give,404,features_cache/24648.pt,24648
wlasl/videos/24651.mp4,give,404,features_cache/24651.pt,24651
wlasl/videos/66010.mp4,last,515,features_cache/66010.pt,66010
wlasl/videos/32248.mp4,last,515,features_cache/32248.pt,32248
wlasl/videos/32249.mp4,last,515,features_cache/32249.pt,32249
wlasl/videos/32250.mp4,last,515,features_cache/32250.pt,32250
wlasl/videos/32254.mp4,last,515,features_cache/32254.pt,32254
wlasl/videos/32257.mp4,last,515,features_cache/32257.pt,32257
wlasl/videos/32260.mp4,last,515,features_cache/32260.pt,32260
wlasl/videos/32261.mp4,last,515,features_cache/32261.pt,32261
wlasl/videos/35511.mp4,meet,566,features_cache/35511.pt,35511
wlasl/videos/35512.mp4,meet,566,features_cache/35512.pt,35512
wlasl/videos/35516.mp4,meet,566,features_cache/35516.pt,35516
wlasl/videos/35517.mp4,meet,566,features_cache/35517.pt,35517
wlasl/videos/35518.mp4,meet,566,features_cache/35518.pt,35518
wlasl/videos/35509.mp4,meet,566,features_cache/35509.pt,35509
wlasl/videos/35523.mp4,meet,566,features_cache/35523.pt,35523
wlasl/videos/69430.mp4,pink,669,features_cache/69430.pt,69430
wlasl/videos/42831.mp4,pink,669,features_cache/42831.pt,42831
wlasl/videos/42832.mp4,pink,669,features_cache/42832.pt,42832
wlasl/videos/42836.mp4,pink,669,features_cache/42836.pt,42836
wlasl/videos/66296.mp4,pink,669,features_cache/66296.pt,66296
wlasl/videos/42829.mp4,pink,669,features_cache/42829.pt,42829
wlasl/videos/42843.mp4,pink,669,features_cache/42843.pt,42843
wlasl/videos/42830.mp4,pink,669,features_cache/42830.pt,42830
wlasl/videos/42958.mp4,pizza,670,features_cache/42958.pt,42958
wlasl/videos/42959.mp4,pizza,670,features_cache/42959.pt,42959
wlasl/videos/42961.mp4,pizza,670,features_cache/42961.pt,42961
wlasl/videos/66297.mp4,pizza,670,features_cache/66297.pt,66297
wlasl/videos/42956.mp4,pizza,670,features_cache/42956.pt,42956
wlasl/videos/42966.mp4,pizza,670,features_cache/42966.pt,42966
wlasl/videos/42967.mp4,pizza,670,features_cache/42967.pt,42967
wlasl/videos/42969.mp4,pizza,670,features_cache/42969.pt,42969
wlasl/videos/43170.mp4,play,673,features_cache/43170.pt,43170
wlasl/videos/43173.mp4,play,673,features_cache/43173.pt,43173
wlasl/videos/43174.mp4,play,673,features_cache/43174.pt,43174
wlasl/videos/43179.mp4,play,673,features_cache/43179.pt,43179
wlasl/videos/43180.mp4,play,673,features_cache/43180.pt,43180
wlasl/videos/43167.mp4,play,673,features_cache/43167.pt,43167
wlasl/videos/43168.mp4,play,673,features_cache/43168.pt,43168
wlasl/videos/43169.mp4,play,673,features_cache/43169.pt,43169
wlasl/videos/49602.mp4,school,768,features_cache/49602.pt,49602
wlasl/videos/49595.mp4,school,768,features_cache/49595.pt,49595
wlasl/videos/49596.mp4,school,768,features_cache/49596.pt,49596
wlasl/videos/49597.mp4,school,768,features_cache/49597.pt,49597
wlasl/videos/49598.mp4,school,768,features_cache/49598.pt,49598
wlasl/videos/49599.mp4,school,768,features_cache/49599.pt,49599
wlasl/videos/49600.mp4,school,768,features_cache/49600.pt,49600
wlasl/videos/50037.mp4,secretary,777,features_cache/50037.pt,50037
wlasl/videos/50038.mp4,secretary,777,features_cache/50038.pt,50038
wlasl/videos/50039.mp4,secretary,777,features_cache/50039.pt,50039
wlasl/videos/50040.mp4,secretary,777,features_cache/50040.pt,50040
wlasl/videos/50044.mp4,secretary,777,features_cache/50044.pt,50044
wlasl/videos/50045.mp4,secretary,777,features_cache/50045.pt,50045
wlasl/videos/66441.mp4,secretary,777,features_cache/66441.pt,66441
wlasl/videos/50046.mp4,secretary,777,features_cache/50046.pt,50046
wlasl/videos/51221.mp4,short,796,features_cache/51221.pt,51221
wlasl/videos/51223.mp4,short,796,features_cache/51223.pt,51223
wlasl/videos/51225.mp4,short,796,features_cache/51225.pt,51225
wlasl/videos/51226.mp4,short,796,features_cache/51226.pt,51226
wlasl/videos/66469.mp4,short,796,features_cache/66469.pt,66469
wlasl/videos/51231.mp4,short,796,features_cache/51231.pt,51231
wlasl/videos/51232.mp4,short,796,features_cache/51232.pt,51232
wlasl/videos/51235.mp4,short,796,features_cache/51235.pt,51235
wlasl/videos/51236.mp4,short,796,features_cache/51236.pt,51236
wlasl/videos/58503.mp4,time,912,features_cache/58503.pt,58503
wlasl/videos/66644.mp4,time,912,features_cache/66644.pt,66644
wlasl/videos/58508.mp4,time,912,features_cache/58508.pt,58508
wlasl/videos/58498.mp4,time,912,features_cache/58498.pt,58498
wlasl/videos/58499.mp4,time,912,features_cache/58499.pt,58499
wlasl/videos/62246.mp4,want,953,features_cache/62246.pt,62246
wlasl/videos/62248.mp4,want,953,features_cache/62248.pt,62248
wlasl/videos/62250.mp4,want,953,features_cache/62250.pt,62250
wlasl/videos/62251.mp4,want,953,features_cache/62251.pt,62251
wlasl/videos/62259.mp4,want,953,features_cache/62259.pt,62259
wlasl/videos/62245.mp4,want,953,features_cache/62245.pt,62245
wlasl/videos/63806.mp4,work,986,features_cache/63806.pt,63806
wlasl/videos/63790.mp4,work,986,features_cache/63790.pt,63790
wlasl/videos/63791.mp4,work,986,features_cache/63791.pt,63791
wlasl/videos/63792.mp4,work,986,features_cache/63792.pt,63792
wlasl/videos/63793.mp4,work,986,features_cache/63793.pt,63793
wlasl/videos/66804.mp4,work,986,features_cache/66804.pt,66804
wlasl/videos/63799.mp4,work,986,features_cache/63799.pt,63799
wlasl/videos/01384.mp4,africa,7,features_cache/01384.pt,01384
wlasl/videos/01385.mp4,africa,7,features_cache/01385.pt,01385
wlasl/videos/01387.mp4,africa,7,features_cache/01387.pt,01387
wlasl/videos/01388.mp4,africa,7,features_cache/01388.pt,01388
wlasl/videos/65029.mp4,africa,7,features_cache/65029.pt,65029
wlasl/videos/05230.mp4,basketball,76,features_cache/05230.pt,05230
wlasl/videos/05231.mp4,basketball,76,features_cache/05231.pt,05231
wlasl/videos/05233.mp4,basketball,76,features_cache/05233.pt,05233
wlasl/videos/05234.mp4,basketball,76,features_cache/05234.pt,05234
wlasl/videos/05238.mp4,basketball,76,features_cache/05238.pt,05238
wlasl/videos/65144.mp4,basketball,76,features_cache/65144.pt,65144
wlasl/videos/65145.mp4,basketball,76,features_cache/65145.pt,65145
wlasl/videos/05229.mp4,basketball,76,features_cache/05229.pt,05229
wlasl/videos/05243.mp4,basketball,76,features_cache/05243.pt,05243
wlasl/videos/65192.mp4,birthday,101,features_cache/65192.pt,65192
wlasl/videos/06365.mp4,birthday,101,features_cache/06365.pt,06365
wlasl/videos/06359.mp4,birthday,101,features_cache/06359.pt,06359
wlasl/videos/06371.mp4,birthday,101,features_cache/06371.pt,06371
wlasl/videos/06363.mp4,birthday,101,features_cache/06363.pt,06363
wlasl/videos/07963.mp4,brown,131,features_cache/07963.pt,07963
wlasl/videos/07966.mp4,brown,131,features_cache/07966.pt,07966
wlasl/videos/65263.mp4,brown,131,features_cache/65263.pt,65263
wlasl/videos/07960.mp4,brown,131,features_cache/07960.pt,07960
wlasl/videos/07961.mp4,brown,131,features_cache/07961.pt,07961
wlasl/videos/07962.mp4,brown,131,features_cache/07962.pt,07962
wlasl/videos/08431.mp4,but,138,features_cache/08431.pt,08431
wlasl/videos/65278.mp4,but,138,features_cache/65278.pt,65278
wlasl/videos/08424.mp4,but,138,features_cache/08424.pt,08424
wlasl/videos/08437.mp4,but,138,features_cache/08437.pt,08437
wlasl/videos/10147.mp4,cheat,177,features_cache/10147.pt,10147
wlasl/videos/10166.mp4,cheat,177,features_cache/10166.pt,10166
wlasl/videos/10148.mp4,cheat,177,features_cache/10148.pt,10148
wlasl/videos/10149.mp4,cheat,177,features_cache/10149.pt,10149
wlasl/videos/10157.mp4,cheat,177,features_cache/10157.pt,10157
wlasl/videos/10158.mp4,cheat,177,features_cache/10158.pt,10158
wlasl/videos/10895.mp4,city,188,features_cache/10895.pt,10895
wlasl/videos/65362.mp4,city,188,features_cache/65362.pt,65362
wlasl/videos/65363.mp4,city,188,features_cache/65363.pt,65363
wlasl/videos/10892.mp4,city,188,features_cache/10892.pt,10892
wlasl/videos/10893.mp4,city,188,features_cache/10893.pt,10893
wlasl/videos/10894.mp4,city,188,features_cache/10894.pt,10894
wlasl/videos/13158.mp4,cook,216,features_cache/13158.pt,13158
wlasl/videos/13160.mp4,cook,216,features_cache/13160.pt,13160
wlasl/videos/13161.mp4,cook,216,features_cache/13161.pt,13161
wlasl/videos/13167.mp4,cook,216,features_cache/13167.pt,13167
wlasl/videos/13168.mp4,cook,216,features_cache/13168.pt,13168
wlasl/videos/13156.mp4,cook,216,features_cache/13156.pt,13156
wlasl/videos/13157.mp4,cook,216,features_cache/13157.pt,13157
wlasl/videos/15034.mp4,decide,248,features_cache/15034.pt,15034
wlasl/videos/15035.mp4,decide,248,features_cache/15035.pt,15035
wlasl/videos/15038.mp4,decide,248,features_cache/15038.pt,15038
wlasl/videos/65449.mp4,decide,248,features_cache/65449.pt,65449
wlasl/videos/65450.mp4,decide,248,features_cache/65450.pt,65450
wlasl/videos/15032.mp4,decide,248,features_cache/15032.pt,15032
wlasl/videos/15033.mp4,decide,248,features_cache/15033.pt,15033
wlasl/videos/23782.mp4,full,393,features_cache/23782.pt,23782
wlasl/videos/23771.mp4,full,393,features_cache/23771.pt,23771
wlasl/videos/23774.mp4,full,393,features_cache/23774.pt,23774
wlasl/videos/23766.mp4,full,393,features_cache/23766.pt,23766
wlasl/videos/23768.mp4,full,393,features_cache/23768.pt,23768
wlasl/videos/23769.mp4,full,393,features_cache/23769.pt,23769
wlasl/videos/28205.mp4,how,467,features_cache/28205.pt,28205
wlasl/videos/28210.mp4,how,467,features_cache/28210.pt,28210
wlasl/videos/28211.mp4,how,467,features_cache/28211.pt,28211
wlasl/videos/28214.mp4,how,467,features_cache/28214.pt,28214
wlasl/videos/28202.mp4,how,467,features_cache/28202.pt,28202
wlasl/videos/28204.mp4,how,467,features_cache/28204.pt,28204
wlasl/videos/30831.mp4,jacket,498,features_cache/30831.pt,30831
wlasl/videos/30832.mp4,jacket,498,features_cache/30832.pt,30832
wlasl/videos/30834.mp4,jacket,498,features_cache/30834.pt,30834
wlasl/videos/30835.mp4,jacket,498,features_cache/30835.pt,30835
wlasl/videos/30840.mp4,jacket,498,features_cache/30840.pt,30840
wlasl/videos/66038.mp4,letter,530,features_cache/66038.pt,66038
wlasl/videos/32949.mp4,letter,530,features_cache/32949.pt,32949
wlasl/videos/32953.mp4,letter,530,features_cache/32953.pt,32953
wlasl/videos/32954.mp4,letter,530,features_cache/32954.pt,32954
wlasl/videos/32945.mp4,letter,530,features_cache/32945.pt,32945
wlasl/videos/32955.mp4,letter,530,features_cache/32955.pt,32955
wlasl/videos/32959.mp4,letter,530,features_cache/32959.pt,32959
wlasl/videos/32946.mp4,letter,530,features_cache/32946.pt,32946
wlasl/videos/32947.mp4,letter,530,features_cache/32947.pt,32947
wlasl/videos/35454.mp4,medicine,565,features_cache/35454.pt,35454
wlasl/videos/35455.mp4,medicine,565,features_cache/35455.pt,35455
wlasl/videos/35456.mp4,medicine,565,features_cache/35456.pt,35456
wlasl/videos/35458.mp4,medicine,565,features_cache/35458.pt,35458
wlasl/videos/35452.mp4,medicine,565,features_cache/35452.pt,35452
wlasl/videos/35467.mp4,medicine,565,features_cache/35467.pt,35467
wlasl/videos/35453.mp4,medicine,565,features_cache/35453.pt,35453
wlasl/videos/37886.mp4,need,604,features_cache/37886.pt,37886
wlasl/videos/37881.mp4,need,604,features_cache/37881.pt,37881
wlasl/videos/37894.mp4,need,604,features_cache/37894.pt,37894
wlasl/videos/37883.mp4,need,604,features_cache/37883.pt,37883
wlasl/videos/37884.mp4,need,604,features_cache/37884.pt,37884
wlasl/videos/40841.mp4,paint,645,features_cache/40841.pt,40841
wlasl/videos/40834.mp4,paint,645,features_cache/40834.pt,40834
wlasl/videos/40847.mp4,paint,645,features_cache/40847.pt,40847
wlasl/videos/40836.mp4,paint,645,features_cache/40836.pt,40836
wlasl/videos/40837.mp4,paint,645,features_cache/40837.pt,40837
wlasl/videos/41030.mp4,paper,647,features_cache/41030.pt,41030
wlasl/videos/41032.mp4,paper,647,features_cache/41032.pt,41032
wlasl/videos/41025.mp4,paper,647,features_cache/41025.pt,41025
wlasl/videos/41037.mp4,paper,647,features_cache/41037.pt,41037
wlasl/videos/41026.mp4,paper,647,features_cache/41026.pt,41026
wlasl/videos/41028.mp4,paper,647,features_cache/41028.pt,41028
wlasl/videos/41029.mp4,paper,647,features_cache/41029.pt,41029
wlasl/videos/45265.mp4,pull,709,features_cache/45265.pt,45265
wlasl/videos/66351.mp4,pull,709,features_cache/66351.pt,66351
wlasl/videos/45261.mp4,pull,709,features_cache/45261.pt,45261
wlasl/videos/45273.mp4,pull,709,features_cache/45273.pt,45273
wlasl/videos/45263.mp4,pull,709,features_cache/45263.pt,45263
wlasl/videos/45264.mp4,pull,709,features_cache/45264.pt,45264
wlasl/videos/66355.mp4,purple,711,features_cache/66355.pt,66355
wlasl/videos/45443.mp4,purple,711,features_cache/45443.pt,45443
wlasl/videos/45433.mp4,purple,711,features_cache/45433.pt,45433
wlasl/videos/45434.mp4,purple,711,features_cache/45434.pt,45434
wlasl/videos/45436.mp4,purple,711,features_cache/45436.pt,45436
wlasl/videos/48105.mp4,right,747,features_cache/48105.pt,48105
wlasl/videos/48106.mp4,right,747,features_cache/48106.pt,48106
wlasl/videos/48107.mp4,right,747,features_cache/48107.pt,48107
wlasl/videos/48109.mp4,right,747,features_cache/48109.pt,48109
wlasl/videos/48114.mp4,right,747,features_cache/48114.pt,48114
wlasl/videos/49175.mp4,same,761,features_cache/49175.pt,49175
wlasl/videos/49178.mp4,same,761,features_cache/49178.pt,49178
wlasl/videos/49181.mp4,same,761,features_cache/49181.pt,49181
wlasl/videos/49183.mp4,same,761,features_cache/49183.pt,49183
wlasl/videos/49188.mp4,same,761,features_cache/49188.pt,49188
wlasl/videos/49174.mp4,same,761,features_cache/49174.pt,49174
wlasl/videos/53273.mp4,son,831,features_cache/53273.pt,53273
wlasl/videos/53275.mp4,son,831,features_cache/53275.pt,53275
wlasl/videos/66531.mp4,son,831,features_cache/66531.pt,66531
wlasl/videos/66532.mp4,son,831,features_cache/66532.pt,66532
wlasl/videos/53268.mp4,son,831,features_cache/53268.pt,53268
wlasl/videos/53279.mp4,son,831,features_cache/53279.pt,53279
wlasl/videos/53270.mp4,son,831,features_cache/53270.pt,53270
wlasl/videos/53271.mp4,son,831,features_cache/53271.pt,53271
wlasl/videos/57283.mp4,tell,894,features_cache/57283.pt,57283
wlasl/videos/57284.mp4,tell,894,features_cache/57284.pt,57284
wlasl/videos/57276.mp4,tell,894,features_cache/57276.pt,57276
wlasl/videos/57286.mp4,tell,894,features_cache/57286.pt,57286
wlasl/videos/57287.mp4,tell,894,features_cache/57287.pt,57287
wlasl/videos/57291.mp4,tell,894,features_cache/57291.pt,57291
wlasl/videos/57277.mp4,tell,894,features_cache/57277.pt,57277
wlasl/videos/58362.mp4,thursday,909,features_cache/58362.pt,58362
wlasl/videos/58363.mp4,thursday,909,features_cache/58363.pt,58363
wlasl/videos/58366.mp4,thursday,909,features_cache/58366.pt,58366
wlasl/videos/66637.mp4,thursday,909,features_cache/66637.pt,66637
wlasl/videos/66638.mp4,thursday,909,features_cache/66638.pt,66638
wlasl/videos/66639.mp4,thursday,909,features_cache/66639.pt,66639
wlasl/videos/66640.mp4,thursday,909,features_cache/66640.pt,66640
wlasl/videos/58360.mp4,thursday,909,features_cache/58360.pt,58360
wlasl/videos/58361.mp4,thursday,909,features_cache/58361.pt,58361
wlasl/videos/61807.mp4,visit,946,features_cache/61807.pt,61807
wlasl/videos/61808.mp4,visit,946,features_cache/61808.pt,61808
wlasl/videos/61809.mp4,visit,946,features_cache/61809.pt,61809
wlasl/videos/61812.mp4,visit,946,features_cache/61812.pt,61812
wlasl/videos/66731.mp4,visit,946,features_cache/66731.pt,66731
wlasl/videos/61805.mp4,visit,946,features_cache/61805.pt,61805
wlasl/videos/61806.mp4,visit,946,features_cache/61806.pt,61806
wlasl/videos/62098.mp4,wait,951,features_cache/62098.pt,62098
wlasl/videos/62100.mp4,wait,951,features_cache/62100.pt,62100
wlasl/videos/62101.mp4,wait,951,features_cache/62101.pt,62101
wlasl/videos/62103.mp4,wait,951,features_cache/62103.pt,62103
wlasl/videos/62106.mp4,wait,951,features_cache/62106.pt,62106
wlasl/videos/66740.mp4,wait,951,features_cache/66740.pt,66740
wlasl/videos/62097.mp4,wait,951,features_cache/62097.pt,62097
wlasl/videos/62107.mp4,wait,951,features_cache/62107.pt,62107
wlasl/videos/62506.mp4,water,959,features_cache/62506.pt,62506
wlasl/videos/66752.mp4,water,959,features_cache/66752.pt,66752
wlasl/videos/62499.mp4,water,959,features_cache/62499.pt,62499
wlasl/videos/62510.mp4,water,959,features_cache/62510.pt,62510
wlasl/videos/62500.mp4,water,959,features_cache/62500.pt,62500
wlasl/videos/62502.mp4,water,959,features_cache/62502.pt,62502
wlasl/videos/62503.mp4,water,959,features_cache/62503.pt,62503
wlasl/videos/63329.mp4,wife,975,features_cache/63329.pt,63329
wlasl/videos/63332.mp4,wife,975,features_cache/63332.pt,63332
wlasl/videos/66784.mp4,wife,975,features_cache/66784.pt,66784
wlasl/videos/66785.mp4,wife,975,features_cache/66785.pt,66785
wlasl/videos/63337.mp4,wife,975,features_cache/63337.pt,63337
wlasl/videos/63327.mp4,wife,975,features_cache/63327.pt,63327
wlasl/videos/63328.mp4,wife,975,features_cache/63328.pt,63328
wlasl/videos/66819.mp4,yellow,993,features_cache/66819.pt,66819
wlasl/videos/64271.mp4,yellow,993,features_cache/64271.pt,64271
wlasl/videos/64261.mp4,yellow,993,features_cache/64261.pt,64261
wlasl/videos/64262.mp4,yellow,993,features_cache/64262.pt,64262
wlasl/videos/64264.mp4,yellow,993,features_cache/64264.pt,64264
wlasl/videos/04618.mp4,backpack,62,features_cache/04618.pt,04618
wlasl/videos/04619.mp4,backpack,62,features_cache/04619.pt,04619
wlasl/videos/04624.mp4,backpack,62,features_cache/04624.pt,04624
wlasl/videos/04616.mp4,backpack,62,features_cache/04616.pt,04616
wlasl/videos/04631.mp4,backpack,62,features_cache/04631.pt,04631
wlasl/videos/05103.mp4,bar,71,features_cache/05103.pt,05103
wlasl/videos/05087.mp4,bar,71,features_cache/05087.pt,05087
wlasl/videos/05090.mp4,bar,71,features_cache/05090.pt,05090
wlasl/videos/05095.mp4,bar,71,features_cache/05095.pt,05095
wlasl/videos/05097.mp4,bar,71,features_cache/05097.pt,05097
wlasl/videos/05098.mp4,bar,71,features_cache/05098.pt,05098
wlasl/videos/07937.mp4,brother,130,features_cache/07937.pt,07937
wlasl/videos/07940.mp4,brother,130,features_cache/07940.pt,07940
wlasl/videos/65262.mp4,brother,130,features_cache/65262.pt,65262
wlasl/videos/07932.mp4,brother,130,features_cache/07932.pt,07932
wlasl/videos/07943.mp4,brother,130,features_cache/07943.pt,07943
wlasl/videos/07933.mp4,brother,130,features_cache/07933.pt,07933
wlasl/videos/07934.mp4,brother,130,features_cache/07934.pt,07934
wlasl/videos/07935.mp4,brother,130,features_cache/07935.pt,07935
wlasl/videos/07936.mp4,brother,130,features_cache/07936.pt,07936
wlasl/videos/09528.mp4,cat,160,features_cache/09528.pt,09528
wlasl/videos/09533.mp4,cat,160,features_cache/09533.pt,09533
wlasl/videos/65312.mp4,cat,160,features_cache/65312.pt,65312
wlasl/videos/65313.mp4,cat,160,features_cache/65313.pt,65313
wlasl/videos/09538.mp4,cat,160,features_cache/09538.pt,09538
wlasl/videos/09526.mp4,cat,160,features_cache/09526.pt,09526
wlasl/videos/65343.mp4,check,178,features_cache/65343.pt,65343
wlasl/videos/10184.mp4,check,178,features_cache/10184.pt,10184
wlasl/videos/10185.mp4,check,178,features_cache/10185.pt,10185
wlasl/videos/10187.mp4,check,178,features_cache/10187.pt,10187
wlasl/videos/10190.mp4,check,178,features_cache/10190.pt,10190
wlasl/videos/10183.mp4,check,178,features_cache/10183.pt,10183
wlasl/videos/10197.mp4,check,178,features_cache/10197.pt,10197
wlasl/videos/10199.mp4,check,178,features_cache/10199.pt,10199
wlasl/videos/10976.mp4,class,189,features_cache/10976.pt,10976
wlasl/videos/65364.mp4,class,189,features_cache/65364.pt,65364
wlasl/videos/10967.mp4,class,189,features_cache/10967.pt,10967
wlasl/videos/10968.mp4,class,189,features_cache/10968.pt,10968
wlasl/videos/10969.mp4,class,189,features_cache/10969.pt,10969
wlasl/videos/10970.mp4,class,189,features_cache/10970.pt,10970
wlasl/videos/10972.mp4,class,189,features_cache/10972.pt,10972
wlasl/videos/10973.mp4,class,189,features_cache/10973.pt,10973
wlasl/videos/14175.mp4,cry,234,features_cache/14175.pt,14175
wlasl/videos/14176.mp4,cry,234,features_cache/14176.pt,14176
wlasl/videos/14180.mp4,cry,234,features_cache/14180.pt,14180
wlasl/videos/14182.mp4,cry,234,features_cache/14182.pt,14182
wlasl/videos/14183.mp4,cry,234,features_cache/14183.pt,14183
wlasl/videos/14174.mp4,cry,234,features_cache/14174.pt,14174
wlasl/videos/14188.mp4,cry,234,features_cache/14188.pt,14188
wlasl/videos/16195.mp4,different,269,features_cache/16195.pt,16195
wlasl/videos/16198.mp4,different,269,features_cache/16198.pt,16198
wlasl/videos/65480.mp4,different,269,features_cache/65480.pt,65480
wlasl/videos/16203.mp4,different,269,features_cache/16203.pt,16203
wlasl/videos/16191.mp4,different,269,features_cache/16191.pt,16191
wlasl/videos/16192.mp4,different,269,features_cache/16192.pt,16192
wlasl/videos/16193.mp4,different,269,features_cache/16193.pt,16193
wlasl/videos/16194.mp4,different,269,features_cache/16194.pt,16194
wlasl/videos/17327.mp4,door,283,features_cache/17327.pt,17327
wlasl/videos/65520.mp4,door,283,features_cache/65520.pt,65520
wlasl/videos/17336.mp4,door,283,features_cache/17336.pt,17336
wlasl/videos/17325.mp4,door,283,features_cache/17325.pt,17325
wlasl/videos/17326.mp4,door,283,features_cache/17326.pt,17326
wlasl/videos/65854.mp4,green,424,features_cache/65854.pt,65854
wlasl/videos/25685.mp4,green,424,features_cache/25685.pt,25685
wlasl/videos/25695.mp4,green,424,features_cache/25695.pt,25695
wlasl/videos/25686.mp4,green,424,features_cache/25686.pt,25686
wlasl/videos/25687.mp4,green,424,features_cache/25687.pt,25687
wlasl/videos/25689.mp4,green,424,features_cache/25689.pt,25689
wlasl/videos/26173.mp4,hair,431,features_cache/26173.pt,26173
wlasl/videos/26159.mp4,hair,431,features_cache/26159.pt,26159
wlasl/videos/26162.mp4,hair,431,features_cache/26162.pt,26162
wlasl/videos/26163.mp4,hair,431,features_cache/26163.pt,26163
wlasl/videos/65870.mp4,hair,431,features_cache/65870.pt,65870
wlasl/videos/26157.mp4,hair,431,features_cache/26157.pt,26157
wlasl/videos/26773.mp4,have,441,features_cache/26773.pt,26773
wlasl/videos/26766.mp4,have,441,features_cache/26766.pt,26766
wlasl/videos/26779.mp4,have,441,features_cache/26779.pt,26779
wlasl/videos/26767.mp4,have,441,features_cache/26767.pt,26767
wlasl/videos/26768.mp4,have,441,features_cache/26768.pt,26768
wlasl/videos/26836.mp4,headache,444,features_cache/26836.pt,26836
wlasl/videos/26837.mp4,headache,444,features_cache/26837.pt,26837
wlasl/videos/26840.mp4,headache,444,features_cache/26840.pt,26840
wlasl/videos/65881.mp4,headache,444,features_cache/65881.pt,65881
wlasl/videos/26846.mp4,headache,444,features_cache/26846.pt,26846
wlasl/videos/26833.mp4,headache,444,features_cache/26833.pt,26833
wlasl/videos/26834.mp4,headache,444,features_cache/26834.pt,26834
wlasl/videos/29648.mp4,inform,484,features_cache/29648.pt,29648
wlasl/videos/29649.mp4,inform,484,features_cache/29649.pt,29649
wlasl/videos/29655.mp4,inform,484,features_cache/29655.pt,29655
wlasl/videos/65940.mp4,inform,484,features_cache/65940.pt,65940
wlasl/videos/29661.mp4,inform,484,features_cache/29661.pt,29661
wlasl/videos/29647.mp4,inform,484,features_cache/29647.pt,29647
wlasl/videos/31843.mp4,knife,510,features_cache/31843.pt,31843
wlasl/videos/31844.mp4,knife,510,features_cache/31844.pt,31844
wlasl/videos/66000.mp4,knife,510,features_cache/66000.pt,66000
wlasl/videos/31856.mp4,knife,510,features_cache/31856.pt,31856
wlasl/videos/31842.mp4,knife,510,features_cache/31842.pt,31842
wlasl/videos/32381.mp4,laugh,519,features_cache/32381.pt,32381
wlasl/videos/66016.mp4,laugh,519,features_cache/66016.pt,66016
wlasl/videos/32382.mp4,laugh,519,features_cache/32382.pt,32382
wlasl/videos/32383.mp4,laugh,519,features_cache/32383.pt,32383
wlasl/videos/32377.mp4,laugh,519,features_cache/32377.pt,32377
wlasl/videos/32388.mp4,laugh,519,features_cache/32388.pt,32388
wlasl/videos/32608.mp4,learn,524,features_cache/32608.pt,32608
wlasl/videos/32612.mp4,learn,524,features_cache/32612.pt,32612
wlasl/videos/66024.mp4,learn,524,features_cache/66024.pt,66024
wlasl/videos/32604.mp4,learn,524,features_cache/32604.pt,32604
wlasl/videos/32616.mp4,learn,524,features_cache/32616.pt,32616
wlasl/videos/32605.mp4,learn,524,features_cache/32605.pt,32605
wlasl/videos/32606.mp4,learn,524,features_cache/32606.pt,32606
wlasl/videos/32607.mp4,learn,524,features_cache/32607.pt,32607
wlasl/videos/37126.mp4,movie,590,features_cache/37126.pt,37126
wlasl/videos/37125.mp4,movie,590,features_cache/37125.pt,37125
wlasl/videos/37152.mp4,movie,590,features_cache/37152.pt,37152
wlasl/videos/37129.mp4,movie,590,features_cache/37129.pt,37129
wlasl/videos/45838.mp4,rabbit,720,features_cache/45838.pt,45838
wlasl/videos/45839.mp4,rabbit,720,features_cache/45839.pt,45839
wlasl/videos/45840.mp4,rabbit,720,features_cache/45840.pt,45840
wlasl/videos/45842.mp4,rabbit,720,features_cache/45842.pt,45842
wlasl/videos/45843.mp4,rabbit,720,features_cache/45843.pt,45843
wlasl/videos/45851.mp4,rabbit,720,features_cache/45851.pt,45851
wlasl/videos/46266.mp4,read,727,features_cache/46266.pt,46266
wlasl/videos/46267.mp4,read,727,features_cache/46267.pt,46267
wlasl/videos/46268.mp4,read,727,features_cache/46268.pt,46268
wlasl/videos/46269.mp4,read,727,features_cache/46269.pt,46269
wlasl/videos/46272.mp4,read,727,features_cache/46272.pt,46272
wlasl/videos/46731.mp4,red,731,features_cache/46731.pt,46731
wlasl/videos/46742.mp4,red,731,features_cache/46742.pt,46742
wlasl/videos/46732.mp4,red,731,features_cache/46732.pt,46732
wlasl/videos/46733.mp4,red,731,features_cache/46733.pt,46733
wlasl/videos/46734.mp4,red,731,features_cache/46734.pt,46734
wlasl/videos/48509.mp4,room,751,features_cache/48509.pt,48509
wlasl/videos/48511.mp4,room,751,features_cache/48511.pt,48511
wlasl/videos/48513.mp4,room,751,features_cache/48513.pt,48513
wlasl/videos/48516.mp4,room,751,features_cache/48516.pt,48516
wlasl/videos/66415.mp4,room,751,features_cache/66415.pt,66415
wlasl/videos/66416.mp4,room,751,features_cache/66416.pt,66416
wlasl/videos/48517.mp4,room,751,features_cache/48517.pt,48517
wlasl/videos/48798.mp4,run,756,features_cache/48798.pt,48798
wlasl/videos/48827.mp4,run,756,features_cache/48827.pt,48827
wlasl/videos/48801.mp4,run,756,features_cache/48801.pt,48801
wlasl/videos/48809.mp4,run,756,features_cache/48809.pt,48809
wlasl/videos/48810.mp4,run,756,features_cache/48810.pt,48810
wlasl/videos/51347.mp4,show,798,features_cache/51347.pt,51347
wlasl/videos/51348.mp4,show,798,features_cache/51348.pt,51348
wlasl/videos/51353.mp4,show,798,features_cache/51353.pt,51353
wlasl/videos/51345.mp4,show,798,features_cache/51345.pt,51345
wlasl/videos/51355.mp4,show,798,features_cache/51355.pt,51355
wlasl/videos/51356.mp4,show,798,features_cache/51356.pt,51356
wlasl/videos/51360.mp4,show,798,features_cache/51360.pt,51360
wlasl/videos/51346.mp4,show,798,features_cache/51346.pt,51346
wlasl/videos/51502.mp4,sick,802,features_cache/51502.pt,51502
wlasl/videos/51503.mp4,sick,802,features_cache/51503.pt,51503
wlasl/videos/51504.mp4,sick,802,features_cache/51504.pt,51504
wlasl/videos/51507.mp4,sick,802,features_cache/51507.pt,51507
wlasl/videos/66475.mp4,sick,802,features_cache/66475.pt,66475
wlasl/videos/51501.mp4,sick,802,features_cache/51501.pt,51501
wlasl/videos/52862.mp4,snow,822,features_cache/52862.pt,52862
wlasl/videos/66519.mp4,snow,822,features_cache/66519.pt,66519
wlasl/videos/66518.mp4,snow,822,features_cache/66518.pt,66518
wlasl/videos/52867.mp4,snow,822,features_cache/52867.pt,52867
wlasl/videos/52858.mp4,snow,822,features_cache/52858.pt,52858
wlasl/videos/52859.mp4,snow,822,features_cache/52859.pt,52859
wlasl/videos/52860.mp4,snow,822,features_cache/52860.pt,52860
wlasl/videos/69500.mp4,take,886,features_cache/69500.pt,69500
wlasl/videos/56698.mp4,take,886,features_cache/56698.pt,56698
wlasl/videos/56699.mp4,take,886,features_cache/56699.pt,56699
wlasl/videos/56700.mp4,take,886,features_cache/56700.pt,56700
wlasl/videos/56692.mp4,take,886,features_cache/56692.pt,56692
wlasl/videos/56704.mp4,take,886,features_cache/56704.pt,56704
wlasl/videos/56694.mp4,take,886,features_cache/56694.pt,56694
wlasl/videos/57076.mp4,tea,889,features_cache/57076.pt,57076
wlasl/videos/57087.mp4,tea,889,features_cache/57087.pt,57087
wlasl/videos/57077.mp4,tea,889,features_cache/57077.pt,57077
wlasl/videos/57078.mp4,tea,889,features_cache/57078.pt,57078
wlasl/videos/57079.mp4,tea,889,features_cache/57079.pt,57079
wlasl/videos/57080.mp4,tea,889,features_cache/57080.pt,57080
wlasl/videos/57044.mp4,teacher,891,features_cache/57044.pt,57044
wlasl/videos/66593.mp4,teacher,891,features_cache/66593.pt,66593
wlasl/videos/57039.mp4,teacher,891,features_cache/57039.pt,57039
wlasl/videos/57051.mp4,teacher,891,features_cache/57051.pt,57051
wlasl/videos/57040.mp4,teacher,891,features_cache/57040.pt,57040
wlasl/videos/57041.mp4,teacher,891,features_cache/57041.pt,57041
wlasl/videos/57042.mp4,teacher,891,features_cache/57042.pt,57042
wlasl/videos/62748.mp4,week,964,features_cache/62748.pt,62748
wlasl/videos/66759.mp4,week,964,features_cache/66759.pt,66759
wlasl/videos/62740.mp4,week,964,features_cache/62740.pt,62740
wlasl/videos/62752.mp4,week,964,features_cache/62752.pt,62752
wlasl/videos/62741.mp4,week,964,features_cache/62741.pt,62741
wlasl/videos/62742.mp4,week,964,features_cache/62742.pt,62742
wlasl/videos/62743.mp4,week,964,features_cache/62743.pt,62743
wlasl/videos/63283.mp4,why,974,features_cache/63283.pt,63283
wlasl/videos/63284.mp4,why,974,features_cache/63284.pt,63284
wlasl/videos/63287.mp4,why,974,features_cache/63287.pt,63287
wlasl/videos/63288.mp4,why,974,features_cache/63288.pt,63288
wlasl/videos/66781.mp4,why,974,features_cache/66781.pt,66781
wlasl/videos/63292.mp4,why,974,features_cache/63292.pt,63292
wlasl/videos/63280.mp4,why,974,features_cache/63280.pt,63280
wlasl/videos/63281.mp4,why,974,features_cache/63281.pt,63281
wlasl/videos/63282.mp4,why,974,features_cache/63282.pt,63282
wlasl/videos/63596.mp4,with,981,features_cache/63596.pt,63596
wlasl/videos/66795.mp4,with,981,features_cache/66795.pt,66795
wlasl/videos/63587.mp4,with,981,features_cache/63587.pt,63587
wlasl/videos/63588.mp4,with,981,features_cache/63588.pt,63588
wlasl/videos/63589.mp4,with,981,features_cache/63589.pt,63589
wlasl/videos/63590.mp4,with,981,features_cache/63590.pt,63590
wlasl/videos/63592.mp4,with,981,features_cache/63592.pt,63592
wlasl/videos/64060.mp4,write,990,features_cache/64060.pt,64060
wlasl/videos/64065.mp4,write,990,features_cache/64065.pt,64065
wlasl/videos/66815.mp4,write,990,features_cache/66815.pt,66815
wlasl/videos/64056.mp4,write,990,features_cache/64056.pt,64056
wlasl/videos/64068.mp4,write,990,features_cache/64068.pt,64068
wlasl/videos/64057.mp4,write,990,features_cache/64057.pt,64057
wlasl/videos/64058.mp4,write,990,features_cache/64058.pt,64058
wlasl/videos/64059.mp4,write,990,features_cache/64059.pt,64059
wlasl/videos/64307.mp4,yesterday,995,features_cache/64307.pt,64307
wlasl/videos/64309.mp4,yesterday,995,features_cache/64309.pt,64309
wlasl/videos/64311.mp4,yesterday,995,features_cache/64311.pt,64311
wlasl/videos/66821.mp4,yesterday,995,features_cache/66821.pt,66821
wlasl/videos/66822.mp4,yesterday,995,features_cache/66822.pt,66822
wlasl/videos/64315.mp4,yesterday,995,features_cache/64315.pt,64315
wlasl/videos/64305.mp4,yesterday,995,features_cache/64305.pt,64305
wlasl/videos/64306.mp4,yesterday,995,features_cache/64306.pt,64306
wlasl/videos/01466.mp4,again,10,features_cache/01466.pt,01466
wlasl/videos/01460.mp4,again,10,features_cache/01460.pt,01460
wlasl/videos/01471.mp4,again,10,features_cache/01471.pt,01471
wlasl/videos/01461.mp4,again,10,features_cache/01461.pt,01461
wlasl/videos/01463.mp4,again,10,features_cache/01463.pt,01463
wlasl/videos/01464.mp4,again,10,features_cache/01464.pt,01464
wlasl/videos/04709.mp4,bad,64,features_cache/04709.pt,04709
wlasl/videos/04712.mp4,bad,64,features_cache/04712.pt,04712
wlasl/videos/04713.mp4,bad,64,features_cache/04713.pt,04713
wlasl/videos/65125.mp4,bad,64,features_cache/65125.pt,65125
wlasl/videos/04708.mp4,bad,64,features_cache/04708.pt,04708
wlasl/videos/04718.mp4,bad,64,features_cache/04718.pt,04718
wlasl/videos/04723.mp4,bad,64,features_cache/04723.pt,04723
wlasl/videos/04850.mp4,ball,68,features_cache/04850.pt,04850
wlasl/videos/04851.mp4,ball,68,features_cache/04851.pt,04851
wlasl/videos/04852.mp4,ball,68,features_cache/04852.pt,04852
wlasl/videos/04854.mp4,ball,68,features_cache/04854.pt,04854
wlasl/videos/65131.mp4,ball,68,features_cache/65131.pt,65131
wlasl/videos/04849.mp4,ball,68,features_cache/04849.pt,04849
wlasl/videos/04864.mp4,ball,68,features_cache/04864.pt,04864
wlasl/videos/05300.mp4,bathroom,78,features_cache/05300.pt,05300
wlasl/videos/65148.mp4,bathroom,78,features_cache/65148.pt,65148
wlasl/videos/05310.mp4,bathroom,78,features_cache/05310.pt,05310
wlasl/videos/05297.mp4,bathroom,78,features_cache/05297.pt,05297
wlasl/videos/05298.mp4,bathroom,78,features_cache/05298.pt,05298
wlasl/videos/06554.mp4,blanket,106,features_cache/06554.pt,06554
wlasl/videos/06555.mp4,blanket,106,features_cache/06555.pt,06555
wlasl/videos/06559.mp4,blanket,106,features_cache/06559.pt,06559
wlasl/videos/65205.mp4,blanket,106,features_cache/65205.pt,65205
wlasl/videos/06563.mp4,blanket,106,features_cache/06563.pt,06563
wlasl/videos/06551.mp4,blanket,106,features_cache/06551.pt,06551
wlasl/videos/06552.mp4,blanket,106,features_cache/06552.pt,06552
wlasl/videos/08488.mp4,buy,140,features_cache/08488.pt,08488
wlasl/videos/08482.mp4,buy,140,features_cache/08482.pt,08482
wlasl/videos/08492.mp4,buy,140,features_cache/08492.pt,08492
wlasl/videos/08483.mp4,buy,140,features_cache/08483.pt,08483
wlasl/videos/08485.mp4,buy,140,features_cache/08485.pt,08485
wlasl/videos/08486.mp4,buy,140,features_cache/08486.pt,08486
wlasl/videos/65290.mp4,call,144,features_cache/65290.pt,65290
wlasl/videos/65556.mp4,call,144,features_cache/65556.pt,65556
wlasl/videos/08713.mp4,call,144,features_cache/08713.pt,08713
wlasl/videos/08689.mp4,call,144,features_cache/08689.pt,08689
wlasl/videos/08690.mp4,call,144,features_cache/08690.pt,08690
wlasl/videos/08691.mp4,call,144,features_cache/08691.pt,08691
wlasl/videos/08692.mp4,call,144,features_cache/08692.pt,08692
wlasl/videos/08702.mp4,call,144,features_cache/08702.pt,08702
wlasl/videos/11566.mp4,coffee,198,features_cache/11566.pt,11566
wlasl/videos/11558.mp4,coffee,198,features_cache/11558.pt,11558
wlasl/videos/11559.mp4,coffee,198,features_cache/11559.pt,11559
wlasl/videos/11560.mp4,coffee,198,features_cache/11560.pt,11560
wlasl/videos/11563.mp4,coffee,198,features_cache/11563.pt,11563
wlasl/videos/11622.mp4,cold,199,features_cache/11622.pt,11622
wlasl/videos/11623.mp4,cold,199,features_cache/11623.pt,11623
wlasl/videos/11624.mp4,cold,199,features_cache/11624.pt,11624
wlasl/videos/11627.mp4,cold,199,features_cache/11627.pt,11627
wlasl/videos/11621.mp4,cold,199,features_cache/11621.pt,11621
wlasl/videos/11633.mp4,cold,199,features_cache/11633.pt,11633
wlasl/videos/11635.mp4,cold,199,features_cache/11635.pt,11635
wlasl/videos/11708.mp4,college,200,features_cache/11708.pt,11708
wlasl/videos/11718.mp4,college,200,features_cache/11718.pt,11718
wlasl/videos/11709.mp4,college,200,features_cache/11709.pt,11709
wlasl/videos/11711.mp4,college,200,features_cache/11711.pt,11711
wlasl/videos/11713.mp4,college,200,features_cache/11713.pt,11713
wlasl/videos/13269.mp4,copy,220,features_cache/13269.pt,13269
wlasl/videos/13273.mp4,copy,220,features_cache/13273.pt,13273
wlasl/videos/65405.mp4,copy,220,features_cache/65405.pt,65405
wlasl/videos/13279.mp4,copy,220,features_cache/13279.pt,13279
wlasl/videos/13267.mp4,copy,220,features_cache/13267.pt,13267
wlasl/videos/13268.mp4,copy,220,features_cache/13268.pt,13268
wlasl/videos/14457.mp4,cute,240,features_cache/14457.pt,14457
wlasl/videos/14461.mp4,cute,240,features_cache/14461.pt,14461
wlasl/videos/14452.mp4,cute,240,features_cache/14452.pt,14452
wlasl/videos/14453.mp4,cute,240,features_cache/14453.pt,14453
wlasl/videos/14454.mp4,cute,240,features_cache/14454.pt,14454
wlasl/videos/14755.mp4,daughter,244,features_cache/14755.pt,14755
wlasl/videos/14757.mp4,daughter,244,features_cache/14757.pt,14757
wlasl/videos/14760.mp4,daughter,244,features_cache/14760.pt,14760
wlasl/videos/14749.mp4,daughter,244,features_cache/14749.pt,14749
wlasl/videos/14751.mp4,daughter,244,features_cache/14751.pt,14751
wlasl/videos/14752.mp4,daughter,244,features_cache/14752.pt,14752
wlasl/videos/14753.mp4,daughter,244,features_cache/14753.pt,14753
wlasl/videos/20068.mp4,example,336,features_cache/20068.pt,20068
wlasl/videos/20070.mp4,example,336,features_cache/20070.pt,20070
wlasl/videos/20071.mp4,example,336,features_cache/20071.pt,20071
wlasl/videos/20072.mp4,example,336,features_cache/20072.pt,20072
wlasl/videos/65652.mp4,example,336,features_cache/65652.pt,65652
wlasl/videos/65654.mp4,example,336,features_cache/65654.pt,65654
wlasl/videos/20074.mp4,example,336,features_cache/20074.pt,20074
wlasl/videos/20066.mp4,example,336,features_cache/20066.pt,20066
wlasl/videos/21073.mp4,far,351,features_cache/21073.pt,21073
wlasl/videos/21074.mp4,far,351,features_cache/21074.pt,21074
wlasl/videos/21075.mp4,far,351,features_cache/21075.pt,21075
wlasl/videos/21077.mp4,far,351,features_cache/21077.pt,21077
wlasl/videos/21069.mp4,far,351,features_cache/21069.pt,21069
wlasl/videos/21071.mp4,far,351,features_cache/21071.pt,21071
wlasl/videos/21072.mp4,far,351,features_cache/21072.pt,21072
wlasl/videos/22086.mp4,first,367,features_cache/22086.pt,22086
wlasl/videos/22087.mp4,first,367,features_cache/22087.pt,22087
wlasl/videos/65730.mp4,first,367,features_cache/65730.pt,65730
wlasl/videos/65728.mp4,first,367,features_cache/65728.pt,65728
wlasl/videos/22085.mp4,first,367,features_cache/22085.pt,22085
wlasl/videos/22095.mp4,first,367,features_cache/22095.pt,22095
wlasl/videos/22098.mp4,first,367,features_cache/22098.pt,22098
wlasl/videos/23574.mp4,friend,387,features_cache/23574.pt,23574
wlasl/videos/23578.mp4,friend,387,features_cache/23578.pt,23578
wlasl/videos/23568.mp4,friend,387,features_cache/23568.pt,23568
wlasl/videos/23570.mp4,friend,387,features_cache/23570.pt,23570
wlasl/videos/23572.mp4,friend,387,features_cache/23572.pt,23572
wlasl/videos/69347.mp4,good,413,features_cache/69347.pt,69347
wlasl/videos/25073.mp4,good,413,features_cache/25073.pt,25073
wlasl/videos/25066.mp4,good,413,features_cache/25066.pt,25066
wlasl/videos/25076.mp4,good,413,features_cache/25076.pt,25076
wlasl/videos/25067.mp4,good,413,features_cache/25067.pt,25067
wlasl/videos/25068.mp4,good,413,features_cache/25068.pt,25068
wlasl/videos/25069.mp4,good,413,features_cache/25069.pt,25069
wlasl/videos/26530.mp4,happy,437,features_cache/26530.pt,26530
wlasl/videos/26532.mp4,happy,437,features_cache/26532.pt,26532
wlasl/videos/26524.mp4,happy,437,features_cache/26524.pt,26524
wlasl/videos/26537.mp4,happy,437,features_cache/26537.pt,26537
wlasl/videos/26526.mp4,happy,437,features_cache/26526.pt,26526
wlasl/videos/26527.mp4,happy,437,features_cache/26527.pt,26527
wlasl/videos/27775.mp4,home,458,features_cache/27775.pt,27775
wlasl/videos/27766.mp4,home,458,features_cache/27766.pt,27766
wlasl/videos/27767.mp4,home,458,features_cache/27767.pt,27767
wlasl/videos/27770.mp4,home,458,features_cache/27770.pt,27770
wlasl/videos/31901.mp4,know,511,features_cache/31901.pt,31901
wlasl/videos/31903.mp4,know,511,features_cache/31903.pt,31903
wlasl/videos/31897.mp4,know,511,features_cache/31897.pt,31897
wlasl/videos/31898.mp4,know,511,features_cache/31898.pt,31898
wlasl/videos/31899.mp4,know,511,features_cache/31899.pt,31899
wlasl/videos/32304.mp4,late,517,features_cache/32304.pt,32304
wlasl/videos/32306.mp4,late,517,features_cache/32306.pt,32306
wlasl/videos/66013.mp4,late,517,features_cache/66013.pt,66013
wlasl/videos/32300.mp4,late,517,features_cache/32300.pt,32300
wlasl/videos/32312.mp4,late,517,features_cache/32312.pt,32312
wlasl/videos/32302.mp4,late,517,features_cache/32302.pt,32302
wlasl/videos/32303.mp4,late,517,features_cache/32303.pt,32303
wlasl/videos/32677.mp4,leave,525,features_cache/32677.pt,32677
wlasl/videos/32657.mp4,leave,525,features_cache/32657.pt,32657
wlasl/videos/32658.mp4,leave,525,features_cache/32658.pt,32658
wlasl/videos/32659.mp4,leave,525,features_cache/32659.pt,32659
wlasl/videos/32661.mp4,leave,525,features_cache/32661.pt,32661
wlasl/videos/32667.mp4,leave,525,features_cache/32667.pt,32667
wlasl/videos/32669.mp4,leave,525,features_cache/32669.pt,32669
wlasl/videos/33477.mp4,list,539,features_cache/33477.pt,33477
wlasl/videos/33479.mp4,list,539,features_cache/33479.pt,33479
wlasl/videos/33472.mp4,list,539,features_cache/33472.pt,33472
wlasl/videos/33486.mp4,list,539,features_cache/33486.pt,33486
wlasl/videos/33473.mp4,list,539,features_cache/33473.pt,33473
wlasl/videos/33474.mp4,list,539,features_cache/33474.pt,33474
wlasl/videos/34002.mp4,lose,544,features_cache/34002.pt,34002
wlasl/videos/34005.mp4,lose,544,features_cache/34005.pt,34005
wlasl/videos/34007.mp4,lose,544,features_cache/34007.pt,34007
wlasl/videos/34008.mp4,lose,544,features_cache/34008.pt,34008
wlasl/videos/34012.mp4,lose,544,features_cache/34012.pt,34012
wlasl/videos/34017.mp4,lose,544,features_cache/34017.pt,34017
wlasl/videos/34018.mp4,lose,544,features_cache/34018.pt,34018
wlasl/videos/37590.mp4,name,599,features_cache/37590.pt,37590
wlasl/videos/37581.mp4,name,599,features_cache/37581.pt,37581
wlasl/videos/37582.mp4,name,599,features_cache/37582.pt,37582
wlasl/videos/37585.mp4,name,599,features_cache/37585.pt,37585
wlasl/videos/39632.mp4,old,631,features_cache/39632.pt,39632
wlasl/videos/39635.mp4,old,631,features_cache/39635.pt,39635
wlasl/videos/39626.mp4,old,631,features_cache/39626.pt,39626
wlasl/videos/39627.mp4,old,631,features_cache/39627.pt,39627
wlasl/videos/42227.mp4,person,661,features_cache/42227.pt,42227
wlasl/videos/42232.mp4,person,661,features_cache/42232.pt,42232
wlasl/videos/66280.mp4,person,661,features_cache/66280.pt,66280
wlasl/videos/42225.mp4,person,661,features_cache/42225.pt,42225
wlasl/videos/42239.mp4,person,661,features_cache/42239.pt,42239
wlasl/videos/42226.mp4,person,661,features_cache/42226.pt,42226
wlasl/videos/43528.mp4,police,677,features_cache/43528.pt,43528
wlasl/videos/43522.mp4,police,677,features_cache/43522.pt,43522
wlasl/videos/43523.mp4,police,677,features_cache/43523.pt,43523
wlasl/videos/43524.mp4,police,677,features_cache/43524.pt,43524
wlasl/videos/43525.mp4,police,677,features_cache/43525.pt,43525
wlasl/videos/44686.mp4,problem,700,features_cache/44686.pt,44686
wlasl/videos/44687.mp4,problem,700,features_cache/44687.pt,44687
wlasl/videos/44680.mp4,problem,700,features_cache/44680.pt,44680
wlasl/videos/44681.mp4,problem,700,features_cache/44681.pt,44681
wlasl/videos/44682.mp4,problem,700,features_cache/44682.pt,44682
wlasl/videos/44683.mp4,problem,700,features_cache/44683.pt,44683
wlasl/videos/47178.mp4,remember,735,features_cache/47178.pt,47178
wlasl/videos/47183.mp4,remember,735,features_cache/47183.pt,47183
wlasl/videos/47175.mp4,remember,735,features_cache/47175.pt,47175
wlasl/videos/47176.mp4,remember,735,features_cache/47176.pt,47176
wlasl/videos/47177.mp4,remember,735,features_cache/47177.pt,47177
wlasl/videos/50855.mp4,share,789,features_cache/50855.pt,50855
wlasl/videos/50856.mp4,share,789,features_cache/50856.pt,50856
wlasl/videos/50849.mp4,share,789,features_cache/50849.pt,50849
wlasl/videos/50850.mp4,share,789,features_cache/50850.pt,50850
wlasl/videos/50851.mp4,share,789,features_cache/50851.pt,50851
wlasl/videos/53295.mp4,soon,832,features_cache/53295.pt,53295
wlasl/videos/53300.mp4,soon,832,features_cache/53300.pt,53300
wlasl/videos/53301.mp4,soon,832,features_cache/53301.pt,53301
wlasl/videos/66534.mp4,soon,832,features_cache/66534.pt,66534
wlasl/videos/53304.mp4,soon,832,features_cache/53304.pt,53304
wlasl/videos/53305.mp4,soon,832,features_cache/53305.pt,53305
wlasl/videos/53293.mp4,soon,832,features_cache/53293.pt,53293
wlasl/videos/54561.mp4,stay,853,features_cache/54561.pt,54561
wlasl/videos/54563.mp4,stay,853,features_cache/54563.pt,54563
wlasl/videos/54554.mp4,stay,853,features_cache/54554.pt,54554
wlasl/videos/54567.mp4,stay,853,features_cache/54567.pt,54567
wlasl/videos/54556.mp4,stay,853,features_cache/54556.pt,54556
wlasl/videos/54557.mp4,stay,853,features_cache/54557.pt,54557
wlasl/videos/55773.mp4,sunday,877,features_cache/55773.pt,55773
wlasl/videos/55777.mp4,sunday,877,features_cache/55777.pt,55777
wlasl/videos/55782.mp4,sunday,877,features_cache/55782.pt,55782
wlasl/videos/55770.mp4,sunday,877,features_cache/55770.pt,55770
wlasl/videos/55771.mp4,sunday,877,features_cache/55771.pt,55771
wlasl/videos/55772.mp4,sunday,877,features_cache/55772.pt,55772
wlasl/videos/57531.mp4,test,897,features_cache/57531.pt,57531
wlasl/videos/57535.mp4,test,897,features_cache/57535.pt,57535
wlasl/videos/57527.mp4,test,897,features_cache/57527.pt,57527
wlasl/videos/57541.mp4,test,897,features_cache/57541.pt,57541
wlasl/videos/57528.mp4,test,897,features_cache/57528.pt,57528
wlasl/videos/57529.mp4,test,897,features_cache/57529.pt,57529
wlasl/videos/58594.mp4,tired,913,features_cache/58594.pt,58594
wlasl/videos/58600.mp4,tired,913,features_cache/58600.pt,58600
wlasl/videos/58589.mp4,tired,913,features_cache/58589.pt,58589
wlasl/videos/58591.mp4,tired,913,features_cache/58591.pt,58591
wlasl/videos/58592.mp4,tired,913,features_cache/58592.pt,58592
wlasl/videos/58593.mp4,tired,913,features_cache/58593.pt,58593
wlasl/videos/59207.mp4,trade,923,features_cache/59207.pt,59207
wlasl/videos/59208.mp4,trade,923,features_cache/59208.pt,59208
wlasl/videos/59209.mp4,trade,923,features_cache/59209.pt,59209
wlasl/videos/59211.mp4,trade,923,features_cache/59211.pt,59211
wlasl/videos/59214.mp4,trade,923,features_cache/59214.pt,59214
wlasl/videos/59215.mp4,trade,923,features_cache/59215.pt,59215
wlasl/videos/59216.mp4,trade,923,features_cache/59216.pt,59216
wlasl/videos/59219.mp4,trade,923,features_cache/59219.pt,59219
wlasl/videos/59204.mp4,trade,923,features_cache/59204.pt,59204
wlasl/videos/59205.mp4,trade,923,features_cache/59205.pt,59205
wlasl/videos/59500.mp4,travel,928,features_cache/59500.pt,59500
wlasl/videos/59503.mp4,travel,928,features_cache/59503.pt,59503
wlasl/videos/66672.mp4,travel,928,features_cache/66672.pt,66672
wlasl/videos/59495.mp4,travel,928,features_cache/59495.pt,59495
wlasl/videos/59496.mp4,travel,928,features_cache/59496.pt,59496
wlasl/videos/59497.mp4,travel,928,features_cache/59497.pt,59497
wlasl/videos/59499.mp4,travel,928,features_cache/59499.pt,59499
wlasl/videos/63417.mp4,window,979,features_cache/63417.pt,63417
wlasl/videos/63427.mp4,window,979,features_cache/63427.pt,63427
wlasl/videos/63418.mp4,window,979,features_cache/63418.pt,63418
wlasl/videos/63422.mp4,window,979,features_cache/63422.pt,63422
wlasl/videos/64385.mp4,you,996,features_cache/64385.pt,64385
wlasl/videos/64391.mp4,you,996,features_cache/64391.pt,64391
wlasl/videos/64381.mp4,you,996,features_cache/64381.pt,64381
wlasl/videos/64382.mp4,you,996,features_cache/64382.pt,64382
wlasl/videos/64383.mp4,you,996,features_cache/64383.pt,64383
wlasl/videos/00416.mp4,about,0,features_cache/00416.pt,00416
wlasl/videos/65002.mp4,about,0,features_cache/65002.pt,65002
wlasl/videos/65003.mp4,about,0,features_cache/65003.pt,65003
wlasl/videos/00414.mp4,about,0,features_cache/00414.pt,00414
wlasl/videos/00426.mp4,about,0,features_cache/00426.pt,00426
wlasl/videos/00415.mp4,about,0,features_cache/00415.pt,00415
wlasl/videos/03122.mp4,approve,37,features_cache/03122.pt,03122
wlasl/videos/03124.mp4,approve,37,features_cache/03124.pt,03124
wlasl/videos/03131.mp4,approve,37,features_cache/03131.pt,03131
wlasl/videos/03118.mp4,approve,37,features_cache/03118.pt,03118
wlasl/videos/03119.mp4,approve,37,features_cache/03119.pt,03119
wlasl/videos/03121.mp4,approve,37,features_cache/03121.pt,03121
wlasl/videos/65096.mp4,arrive,43,features_cache/65096.pt,65096
wlasl/videos/03437.mp4,arrive,43,features_cache/03437.pt,03437
wlasl/videos/03438.mp4,arrive,43,features_cache/03438.pt,03438
wlasl/videos/03439.mp4,arrive,43,features_cache/03439.pt,03439
wlasl/videos/04801.mp4,balance,66,features_cache/04801.pt,04801
wlasl/videos/04803.mp4,balance,66,features_cache/04803.pt,04803
wlasl/videos/65129.mp4,balance,66,features_cache/65129.pt,65129
wlasl/videos/04795.mp4,balance,66,features_cache/04795.pt,04795
wlasl/videos/04797.mp4,balance,66,features_cache/04797.pt,04797
wlasl/videos/04798.mp4,balance,66,features_cache/04798.pt,04798
wlasl/videos/04799.mp4,balance,66,features_cache/04799.pt,04799
wlasl/videos/04900.mp4,banana,70,features_cache/04900.pt,04900
wlasl/videos/04903.mp4,banana,70,features_cache/04903.pt,04903
wlasl/videos/65135.mp4,banana,70,features_cache/65135.pt,65135
wlasl/videos/65134.mp4,banana,70,features_cache/65134.pt,65134
wlasl/videos/04897.mp4,banana,70,features_cache/04897.pt,04897
wlasl/videos/04898.mp4,banana,70,features_cache/04898.pt,04898
wlasl/videos/04899.mp4,banana,70,features_cache/04899.pt,04899
wlasl/videos/05470.mp4,beard,80,features_cache/05470.pt,05470
wlasl/videos/05472.mp4,beard,80,features_cache/05472.pt,05472
wlasl/videos/05473.mp4,beard,80,features_cache/05473.pt,05473
wlasl/videos/65156.mp4,beard,80,features_cache/65156.pt,65156
wlasl/videos/05479.mp4,beard,80,features_cache/05479.pt,05479
wlasl/videos/05467.mp4,beard,80,features_cache/05467.pt,05467
wlasl/videos/05468.mp4,beard,80,features_cache/05468.pt,05468
wlasl/videos/05598.mp4,because,82,features_cache/05598.pt,05598
wlasl/videos/05599.mp4,because,82,features_cache/05599.pt,05599
wlasl/videos/05601.mp4,because,82,features_cache/05601.pt,05601
wlasl/videos/65158.mp4,because,82,features_cache/65158.pt,65158
wlasl/videos/65159.mp4,because,82,features_cache/65159.pt,65159
wlasl/videos/05609.mp4,because,82,features_cache/05609.pt,05609
wlasl/videos/05596.mp4,because,82,features_cache/05596.pt,05596
wlasl/videos/69245.mp4,boy,122,features_cache/69245.pt,69245
wlasl/videos/65245.mp4,boy,122,features_cache/65245.pt,65245
wlasl/videos/07452.mp4,boy,122,features_cache/07452.pt,07452
wlasl/videos/07455.mp4,boy,122,features_cache/07455.pt,07455
wlasl/videos/07458.mp4,boy,122,features_cache/07458.pt,07458
wlasl/videos/08372.mp4,business,136,features_cache/08372.pt,08372
wlasl/videos/65275.mp4,business,136,features_cache/65275.pt,65275
wlasl/videos/08368.mp4,business,136,features_cache/08368.pt,08368
wlasl/videos/08369.mp4,business,136,features_cache/08369.pt,08369
wlasl/videos/08370.mp4,business,136,features_cache/08370.pt,08370
wlasl/videos/09186.mp4,careful,157,features_cache/09186.pt,09186
wlasl/videos/65307.mp4,careful,157,features_cache/65307.pt,65307
wlasl/videos/65306.mp4,careful,157,features_cache/65306.pt,65306
wlasl/videos/09181.mp4,careful,157,features_cache/09181.pt,09181
wlasl/videos/09182.mp4,careful,157,features_cache/09182.pt,09182
wlasl/videos/09723.mp4,center,164,features_cache/09723.pt,09723
wlasl/videos/09726.mp4,center,164,features_cache/09726.pt,09726
wlasl/videos/65324.mp4,center,164,features_cache/65324.pt,65324
wlasl/videos/09732.mp4,center,164,features_cache/09732.pt,09732
wlasl/videos/09721.mp4,center,164,features_cache/09721.pt,09721
wlasl/videos/09722.mp4,center,164,features_cache/09722.pt,09722
wlasl/videos/10105.mp4,chat,175,features_cache/10105.pt,10105
wlasl/videos/10106.mp4,chat,175,features_cache/10106.pt,10106
wlasl/videos/10107.mp4,chat,175,features_cache/10107.pt,10107
wlasl/videos/10109.mp4,chat,175,features_cache/10109.pt,10109
wlasl/videos/10112.mp4,chat,175,features_cache/10112.pt,10112
wlasl/videos/10464.mp4,children,182,features_cache/10464.pt,10464
wlasl/videos/10467.mp4,children,182,features_cache/10467.pt,10467
wlasl/videos/65352.mp4,children,182,features_cache/65352.pt,65352
wlasl/videos/10461.mp4,children,182,features_cache/10461.pt,10461
wlasl/videos/10474.mp4,children,182,features_cache/10474.pt,10474
wlasl/videos/10462.mp4,children,182,features_cache/10462.pt,10462
wlasl/videos/10711.mp4,christmas,186,features_cache/10711.pt,10711
wlasl/videos/65357.mp4,christmas,186,features_cache/65357.pt,65357
wlasl/videos/10703.mp4,christmas,186,features_cache/10703.pt,10703
wlasl/videos/10715.mp4,christmas,186,features_cache/10715.pt,10715
wlasl/videos/10705.mp4,christmas,186,features_cache/10705.pt,10705
wlasl/videos/11198.mp4,clock,194,features_cache/11198.pt,11198
wlasl/videos/11199.mp4,clock,194,features_cache/11199.pt,11199
wlasl/videos/11203.mp4,clock,194,features_cache/11203.pt,11203
wlasl/videos/11214.mp4,clock,194,features_cache/11214.pt,11214
wlasl/videos/11254.mp4,close,195,features_cache/11254.pt,11254
wlasl/videos/11260.mp4,close,195,features_cache/11260.pt,11260
wlasl/videos/11261.mp4,close,195,features_cache/11261.pt,11261
wlasl/videos/11267.mp4,close,195,features_cache/11267.pt,11267
wlasl/videos/11268.mp4,close,195,features_cache/11268.pt,11268
wlasl/videos/11253.mp4,close,195,features_cache/11253.pt,11253
wlasl/videos/13136.mp4,convince,215,features_cache/13136.pt,13136
wlasl/videos/13137.mp4,convince,215,features_cache/13137.pt,13137
wlasl/videos/13138.mp4,convince,215,features_cache/13138.pt,13138
wlasl/videos/13143.mp4,convince,215,features_cache/13143.pt,13143
wlasl/videos/13144.mp4,convince,215,features_cache/13144.pt,13144
wlasl/videos/13134.mp4,convince,215,features_cache/13134.pt,13134
wlasl/videos/13546.mp4,country,227,features_cache/13546.pt,13546
wlasl/videos/13549.mp4,country,227,features_cache/13549.pt,13549
wlasl/videos/13550.mp4,country,227,features_cache/13550.pt,13550
wlasl/videos/65414.mp4,country,227,features_cache/65414.pt,65414
wlasl/videos/13543.mp4,country,227,features_cache/13543.pt,13543
wlasl/videos/13544.mp4,country,227,features_cache/13544.pt,13544
wlasl/videos/13545.mp4,country,227,features_cache/13545.pt,13545
wlasl/videos/13799.mp4,crash,232,features_cache/13799.pt,13799
wlasl/videos/13804.mp4,crash,232,features_cache/13804.pt,13804
wlasl/videos/13805.mp4,crash,232,features_cache/13805.pt,13805
wlasl/videos/13806.mp4,crash,232,features_cache/13806.pt,13806
wlasl/videos/13812.mp4,crash,232,features_cache/13812.pt,13812
wlasl/videos/13800.mp4,crash,232,features_cache/13800.pt,13800
wlasl/videos/13803.mp4,crash,232,features_cache/13803.pt,13803
wlasl/videos/69291.mp4,day,245,features_cache/69291.pt,69291
wlasl/videos/65444.mp4,day,245,features_cache/65444.pt,65444
wlasl/videos/14792.mp4,day,245,features_cache/14792.pt,14792
wlasl/videos/14794.mp4,day,245,features_cache/14794.pt,14794
wlasl/videos/14795.mp4,day,245,features_cache/14795.pt,14795
wlasl/videos/14796.mp4,day,245,features_cache/14796.pt,14796
wlasl/videos/16587.mp4,discuss,273,features_cache/16587.pt,16587
wlasl/videos/16591.mp4,discuss,273,features_cache/16591.pt,16591
wlasl/videos/16592.mp4,discuss,273,features_cache/16592.pt,16592
wlasl/videos/16593.mp4,discuss,273,features_cache/16593.pt,16593
wlasl/videos/65491.mp4,discuss,273,features_cache/65491.pt,65491
wlasl/videos/16598.mp4,discuss,273,features_cache/16598.pt,16598
wlasl/videos/16585.mp4,discuss,273,features_cache/16585.pt,16585
wlasl/videos/16586.mp4,discuss,273,features_cache/16586.pt,16586
wlasl/videos/17660.mp4,dress,290,features_cache/17660.pt,17660
wlasl/videos/17654.mp4,dress,290,features_cache/17654.pt,17654
wlasl/videos/17657.mp4,dress,290,features_cache/17657.pt,17657
wlasl/videos/17659.mp4,dress,290,features_cache/17659.pt,17659
wlasl/videos/17761.mp4,drive,292,features_cache/17761.pt,17761
wlasl/videos/17762.mp4,drive,292,features_cache/17762.pt,17762
wlasl/videos/17758.mp4,drive,292,features_cache/17758.pt,17758
wlasl/videos/17773.mp4,drive,292,features_cache/17773.pt,17773
wlasl/videos/17827.mp4,drop,293,features_cache/17827.pt,17827
wlasl/videos/17828.mp4,drop,293,features_cache/17828.pt,17828
wlasl/videos/17820.mp4,drop,293,features_cache/17820.pt,17820
wlasl/videos/17821.mp4,drop,293,features_cache/17821.pt,17821
wlasl/videos/17823.mp4,drop,293,features_cache/17823.pt,17823
wlasl/videos/21233.mp4,fat,353,features_cache/21233.pt,21233
wlasl/videos/21234.mp4,fat,353,features_cache/21234.pt,21234
wlasl/videos/21236.mp4,fat,353,features_cache/21236.pt,21236
wlasl/videos/21231.mp4,fat,353,features_cache/21231.pt,21231
wlasl/videos/21237.mp4,fat,353,features_cache/21237.pt,21237
wlasl/videos/21242.mp4,fat,353,features_cache/21242.pt,21242
wlasl/videos/21243.mp4,fat,353,features_cache/21243.pt,21243
wlasl/videos/69319.mp4,feel,360,features_cache/69319.pt,69319
wlasl/videos/65696.mp4,feel,360,features_cache/65696.pt,65696
wlasl/videos/21432.mp4,feel,360,features_cache/21432.pt,21432
wlasl/videos/21436.mp4,feel,360,features_cache/21436.pt,21436
wlasl/videos/69331.mp4,football,377,features_cache/69331.pt,69331
wlasl/videos/22803.mp4,football,377,features_cache/22803.pt,22803
wlasl/videos/22804.mp4,football,377,features_cache/22804.pt,22804
wlasl/videos/22805.mp4,football,377,features_cache/22805.pt,22805
wlasl/videos/22806.mp4,football,377,features_cache/22806.pt,22806
wlasl/videos/23951.mp4,future,396,features_cache/23951.pt,23951
wlasl/videos/23953.mp4,future,396,features_cache/23953.pt,23953
wlasl/videos/65798.mp4,future,396,features_cache/65798.pt,65798
wlasl/videos/65797.mp4,future,396,features_cache/65797.pt,65797
wlasl/videos/23947.mp4,future,396,features_cache/23947.pt,23947
wlasl/videos/23948.mp4,future,396,features_cache/23948.pt,23948
wlasl/videos/24033.mp4,game,397,features_cache/24033.pt,24033
wlasl/videos/65800.mp4,game,397,features_cache/65800.pt,65800
wlasl/videos/24025.mp4,game,397,features_cache/24025.pt,24025
wlasl/videos/24029.mp4,game,397,features_cache/24029.pt,24029
wlasl/videos/69342.mp4,girl,403,features_cache/69342.pt,69342
wlasl/videos/24614.mp4,girl,403,features_cache/24614.pt,24614
wlasl/videos/65817.mp4,girl,403,features_cache/65817.pt,65817
wlasl/videos/24605.mp4,girl,403,features_cache/24605.pt,24605
wlasl/videos/24609.mp4,girl,403,features_cache/24609.pt,24609
wlasl/videos/24611.mp4,girl,403,features_cache/24611.pt,24611
wlasl/videos/25244.mp4,government,416,features_cache/25244.pt,25244
wlasl/videos/25245.mp4,government,416,features_cache/25245.pt,25245
wlasl/videos/25247.mp4,government,416,features_cache/25247.pt,25247
wlasl/videos/65840.mp4,government,416,features_cache/65840.pt,65840
wlasl/videos/25250.mp4,government,416,features_cache/25250.pt,25250
wlasl/videos/25241.mp4,government,416,features_cache/25241.pt,25241
wlasl/videos/25242.mp4,government,416,features_cache/25242.pt,25242
wlasl/videos/25243.mp4,government,416,features_cache/25243.pt,25243
wlasl/videos/26950.mp4,hear,445,features_cache/26950.pt,26950
wlasl/videos/26951.mp4,hear,445,features_cache/26951.pt,26951
wlasl/videos/26956.mp4,hear,445,features_cache/26956.pt,26956
wlasl/videos/26943.mp4,hear,445,features_cache/26943.pt,26943
wlasl/videos/26944.mp4,hear,445,features_cache/26944.pt,26944
wlasl/videos/69365.mp4,here,452,features_cache/69365.pt,69365
wlasl/videos/27268.mp4,here,452,features_cache/27268.pt,27268
wlasl/videos/65892.mp4,here,452,features_cache/65892.pt,65892
wlasl/videos/27264.mp4,here,452,features_cache/27264.pt,27264
wlasl/videos/27265.mp4,here,452,features_cache/27265.pt,27265
wlasl/videos/27923.mp4,hope,461,features_cache/27923.pt,27923
wlasl/videos/27925.mp4,hope,461,features_cache/27925.pt,27925
wlasl/videos/27926.mp4,hope,461,features_cache/27926.pt,27926
wlasl/videos/27929.mp4,hope,461,features_cache/27929.pt,27929
wlasl/videos/27920.mp4,hope,461,features_cache/27920.pt,27920
wlasl/videos/27934.mp4,hope,461,features_cache/27934.pt,27934
wlasl/videos/27921.mp4,hope,461,features_cache/27921.pt,27921
wlasl/videos/69369.mp4,house,466,features_cache/69369.pt,69369
wlasl/videos/28159.mp4,house,466,features_cache/28159.pt,28159
wlasl/videos/28169.mp4,house,466,features_cache/28169.pt,28169
wlasl/videos/28164.mp4,house,466,features_cache/28164.pt,28164
wlasl/videos/28469.mp4,husband,472,features_cache/28469.pt,28469
wlasl/videos/65913.mp4,husband,472,features_cache/65913.pt,65913
wlasl/videos/28463.mp4,husband,472,features_cache/28463.pt,28463
wlasl/videos/28466.mp4,husband,472,features_cache/28466.pt,28466
wlasl/videos/30154.mp4,interest,488,features_cache/30154.pt,30154
wlasl/videos/30160.mp4,interest,488,features_cache/30160.pt,30160
wlasl/videos/30152.mp4,interest,488,features_cache/30152.pt,30152
wlasl/videos/30162.mp4,interest,488,features_cache/30162.pt,30162
wlasl/videos/30166.mp4,interest,488,features_cache/30166.pt,30166
wlasl/videos/30168.mp4,interest,488,features_cache/30168.pt,30168
wlasl/videos/31151.mp4,join,502,features_cache/31151.pt,31151
wlasl/videos/31155.mp4,join,502,features_cache/31155.pt,31155
wlasl/videos/31157.mp4,join,502,features_cache/31157.pt,31157
wlasl/videos/31158.mp4,join,502,features_cache/31158.pt,31158
wlasl/videos/31165.mp4,join,502,features_cache/31165.pt,31165
wlasl/videos/33231.mp4,light,534,features_cache/33231.pt,33231
wlasl/videos/33205.mp4,light,534,features_cache/33205.pt,33205
wlasl/videos/33214.mp4,light,534,features_cache/33214.pt,33214
wlasl/videos/33217.mp4,light,534,features_cache/33217.pt,33217
wlasl/videos/33218.mp4,light,534,features_cache/33218.pt,33218
wlasl/videos/66078.mp4,live,541,features_cache/66078.pt,66078
wlasl/videos/66079.mp4,live,541,features_cache/66079.pt,66079
wlasl/videos/33538.mp4,live,541,features_cache/33538.pt,33538
wlasl/videos/33542.mp4,live,541,features_cache/33542.pt,33542
wlasl/videos/34583.mp4,make,553,features_cache/34583.pt,34583
wlasl/videos/34584.mp4,make,553,features_cache/34584.pt,34584
wlasl/videos/34575.mp4,make,553,features_cache/34575.pt,34575
wlasl/videos/34578.mp4,make,553,features_cache/34578.pt,34578
wlasl/videos/34579.mp4,make,553,features_cache/34579.pt,34579
wlasl/videos/34580.mp4,make,553,features_cache/34580.pt,34580
wlasl/videos/35292.mp4,mean,561,features_cache/35292.pt,35292
wlasl/videos/35293.mp4,mean,561,features_cache/35293.pt,35293
wlasl/videos/35295.mp4,mean,561,features_cache/35295.pt,35295
wlasl/videos/35298.mp4,mean,561,features_cache/35298.pt,35298
wlasl/videos/35299.mp4,mean,561,features_cache/35299.pt,35299
wlasl/videos/69401.mp4,more,581,features_cache/69401.pt,69401
wlasl/videos/36834.mp4,more,581,features_cache/36834.pt,36834
wlasl/videos/36836.mp4,more,581,features_cache/36836.pt,36836
wlasl/videos/36827.mp4,more,581,features_cache/36827.pt,36827
wlasl/videos/36828.mp4,more,581,features_cache/36828.pt,36828
wlasl/videos/36829.mp4,more,581,features_cache/36829.pt,36829
wlasl/videos/66145.mp4,most,583,features_cache/66145.pt,66145
wlasl/videos/36922.mp4,most,583,features_cache/36922.pt,36922
wlasl/videos/36913.mp4,most,583,features_cache/36913.pt,36913
wlasl/videos/36918.mp4,most,583,features_cache/36918.pt,36918
wlasl/videos/66156.mp4,music,595,features_cache/66156.pt,66156
wlasl/videos/37363.mp4,music,595,features_cache/37363.pt,37363
wlasl/videos/37367.mp4,music,595,features_cache/37367.pt,37367
wlasl/videos/37369.mp4,music,595,features_cache/37369.pt,37369
wlasl/videos/69407.mp4,new,611,features_cache/69407.pt,69407
wlasl/videos/38130.mp4,new,611,features_cache/38130.pt,38130
wlasl/videos/38122.mp4,new,611,features_cache/38122.pt,38122
wlasl/videos/38125.mp4,new,611,features_cache/38125.pt,38125
wlasl/videos/38126.mp4,new,611,features_cache/38126.pt,38126
wlasl/videos/38127.mp4,new,611,features_cache/38127.pt,38127
wlasl/videos/69412.mp4,none,618,features_cache/69412.pt,69412
wlasl/videos/38594.mp4,none,618,features_cache/38594.pt,38594
wlasl/videos/66186.mp4,none,618,features_cache/66186.pt,66186
wlasl/videos/38586.mp4,none,618,features_cache/38586.pt,38586
wlasl/videos/38590.mp4,none,618,features_cache/38590.pt,38590
wlasl/videos/39460.mp4,office,628,features_cache/39460.pt,39460
wlasl/videos/39462.mp4,office,628,features_cache/39462.pt,39462
wlasl/videos/39463.mp4,office,628,features_cache/39463.pt,39463
wlasl/videos/39456.mp4,office,628,features_cache/39456.pt,39456
wlasl/videos/39468.mp4,office,628,features_cache/39468.pt,39468
wlasl/videos/39459.mp4,office,628,features_cache/39459.pt,39459
wlasl/videos/40171.mp4,order,638,features_cache/40171.pt,40171
wlasl/videos/40172.mp4,order,638,features_cache/40172.pt,40172
wlasl/videos/40177.mp4,order,638,features_cache/40177.pt,40177
wlasl/videos/40178.mp4,order,638,features_cache/40178.pt,40178
wlasl/videos/40169.mp4,order,638,features_cache/40169.pt,40169
wlasl/videos/40179.mp4,order,638,features_cache/40179.pt,40179
wlasl/videos/40991.mp4,pants,646,features_cache/40991.pt,40991
wlasl/videos/40985.mp4,pants,646,features_cache/40985.pt,40985
wlasl/videos/40996.mp4,pants,646,features_cache/40996.pt,40996
wlasl/videos/40986.mp4,pants,646,features_cache/40986.pt,40986
wlasl/videos/40988.mp4,pants,646,features_cache/40988.pt,40988
wlasl/videos/41315.mp4,party,650,features_cache/41315.pt,41315
wlasl/videos/41317.mp4,party,650,features_cache/41317.pt,41317
wlasl/videos/66265.mp4,party,650,features_cache/66265.pt,66265
wlasl/videos/41311.mp4,party,650,features_cache/41311.pt,41311
wlasl/videos/41312.mp4,party,650,features_cache/41312.pt,41312
wlasl/videos/41452.mp4,past,652,features_cache/41452.pt,41452
wlasl/videos/41454.mp4,past,652,features_cache/41454.pt,41454
wlasl/videos/41446.mp4,past,652,features_cache/41446.pt,41446
wlasl/videos/41449.mp4,past,652,features_cache/41449.pt,41449
wlasl/videos/41450.mp4,past,652,features_cache/41450.pt,41450
wlasl/videos/41822.mp4,pencil,656,features_cache/41822.pt,41822
wlasl/videos/41824.mp4,pencil,656,features_cache/41824.pt,41824
wlasl/videos/41826.mp4,pencil,656,features_cache/41826.pt,41826
wlasl/videos/43062.mp4,plan,672,features_cache/43062.pt,43062
wlasl/videos/66298.mp4,plan,672,features_cache/66298.pt,66298
wlasl/videos/43056.mp4,plan,672,features_cache/43056.pt,43056
wlasl/videos/43061.mp4,plan,672,features_cache/43061.pt,43061
wlasl/videos/69434.mp4,please,674,features_cache/69434.pt,69434
wlasl/videos/43226.mp4,please,674,features_cache/43226.pt,43226
wlasl/videos/43217.mp4,please,674,features_cache/43217.pt,43217
wlasl/videos/43218.mp4,please,674,features_cache/43218.pt,43218
wlasl/videos/43222.mp4,please,674,features_cache/43222.pt,43222
wlasl/videos/44088.mp4,practice,686,features_cache/44088.pt,44088
wlasl/videos/66320.mp4,practice,686,features_cache/66320.pt,66320
wlasl/videos/44091.mp4,practice,686,features_cache/44091.pt,44091
wlasl/videos/44085.mp4,practice,686,features_cache/44085.pt,44085
wlasl/videos/44086.mp4,practice,686,features_cache/44086.pt,44086
wlasl/videos/44373.mp4,president,692,features_cache/44373.pt,44373
wlasl/videos/66326.mp4,president,692,features_cache/66326.pt,66326
wlasl/videos/44367.mp4,president,692,features_cache/44367.pt,44367
wlasl/videos/44369.mp4,president,692,features_cache/44369.pt,44369
wlasl/videos/44370.mp4,president,692,features_cache/44370.pt,44370
wlasl/videos/44371.mp4,president,692,features_cache/44371.pt,44371
wlasl/videos/66398.mp4,restaurant,741,features_cache/66398.pt,66398
wlasl/videos/47658.mp4,restaurant,741,features_cache/47658.pt,47658
wlasl/videos/47659.mp4,restaurant,741,features_cache/47659.pt,47659
wlasl/videos/48050.mp4,ride,746,features_cache/48050.pt,48050
wlasl/videos/48051.mp4,ride,746,features_cache/48051.pt,48051
wlasl/videos/66405.mp4,ride,746,features_cache/66405.pt,66405
wlasl/videos/48042.mp4,ride,746,features_cache/48042.pt,48042
wlasl/videos/48043.mp4,ride,746,features_cache/48043.pt,48043
wlasl/videos/48044.mp4,ride,746,features_cache/48044.pt,48044
wlasl/videos/48901.mp4,russia,757,features_cache/48901.pt,48901
wlasl/videos/48902.mp4,russia,757,features_cache/48902.pt,48902
wlasl/videos/48903.mp4,russia,757,features_cache/48903.pt,48903
wlasl/videos/48899.mp4,russia,757,features_cache/48899.pt,48899
wlasl/videos/69451.mp4,salt,760,features_cache/69451.pt,69451
wlasl/videos/49134.mp4,salt,760,features_cache/49134.pt,49134
wlasl/videos/66422.mp4,salt,760,features_cache/66422.pt,66422
wlasl/videos/49129.mp4,salt,760,features_cache/49129.pt,49129
wlasl/videos/49131.mp4,salt,760,features_cache/49131.pt,49131
wlasl/videos/49132.mp4,salt,760,features_cache/49132.pt,49132
wlasl/videos/49250.mp4,sandwich,762,features_cache/49250.pt,49250
wlasl/videos/49252.mp4,sandwich,762,features_cache/49252.pt,49252
wlasl/videos/66423.mp4,sandwich,762,features_cache/66423.pt,66423
wlasl/videos/66424.mp4,sandwich,762,features_cache/66424.pt,66424
wlasl/videos/49246.mp4,sandwich,762,features_cache/49246.pt,49246
wlasl/videos/49247.mp4,sandwich,762,features_cache/49247.pt,49247
wlasl/videos/49248.mp4,sandwich,762,features_cache/49248.pt,49248
wlasl/videos/51621.mp4,sign,804,features_cache/51621.pt,51621
wlasl/videos/51616.mp4,sign,804,features_cache/51616.pt,51616
wlasl/videos/51617.mp4,sign,804,features_cache/51617.pt,51617
wlasl/videos/51628.mp4,sign,804,features_cache/51628.pt,51628
wlasl/videos/51637.mp4,sign,804,features_cache/51637.pt,51637
wlasl/videos/51615.mp4,sign,804,features_cache/51615.pt,51615
wlasl/videos/51622.mp4,sign,804,features_cache/51622.pt,51622
wlasl/videos/69472.mp4,since,807,features_cache/69472.pt,69472
wlasl/videos/51781.mp4,since,807,features_cache/51781.pt,51781
wlasl/videos/66482.mp4,since,807,features_cache/66482.pt,66482
wlasl/videos/66483.mp4,since,807,features_cache/66483.pt,66483
wlasl/videos/51775.mp4,since,807,features_cache/51775.pt,51775
wlasl/videos/51778.mp4,since,807,features_cache/51778.pt,51778
wlasl/videos/52552.mp4,small,818,features_cache/52552.pt,52552
wlasl/videos/52554.mp4,small,818,features_cache/52554.pt,52554
wlasl/videos/52556.mp4,small,818,features_cache/52556.pt,52556
wlasl/videos/52557.mp4,small,818,features_cache/52557.pt,52557
wlasl/videos/52566.mp4,small,818,features_cache/52566.pt,52566
wlasl/videos/52551.mp4,small,818,features_cache/52551.pt,52551
wlasl/videos/69484.mp4,some,829,features_cache/69484.pt,69484
wlasl/videos/53216.mp4,some,829,features_cache/53216.pt,53216
wlasl/videos/53207.mp4,some,829,features_cache/53207.pt,53207
wlasl/videos/53208.mp4,some,829,features_cache/53208.pt,53208
wlasl/videos/53212.mp4,some,829,features_cache/53212.pt,53212
wlasl/videos/53488.mp4,south,837,features_cache/53488.pt,53488
wlasl/videos/53482.mp4,south,837,features_cache/53482.pt,53482
wlasl/videos/53485.mp4,south,837,features_cache/53485.pt,53485
wlasl/videos/53486.mp4,south,837,features_cache/53486.pt,53486
wlasl/videos/55343.mp4,student,870,features_cache/55343.pt,55343
wlasl/videos/55337.mp4,student,870,features_cache/55337.pt,55337
wlasl/videos/55338.mp4,student,870,features_cache/55338.pt,55338
wlasl/videos/55339.mp4,student,870,features_cache/55339.pt,55339
wlasl/videos/55340.mp4,student,870,features_cache/55340.pt,55340
wlasl/videos/55341.mp4,student,870,features_cache/55341.pt,55341
wlasl/videos/57058.mp4,teach,890,features_cache/57058.pt,57058
wlasl/videos/57068.mp4,teach,890,features_cache/57068.pt,57068
wlasl/videos/57063.mp4,teach,890,features_cache/57063.pt,57063
wlasl/videos/57064.mp4,teach,890,features_cache/57064.pt,57064
wlasl/videos/57785.mp4,theory,902,features_cache/57785.pt,57785
wlasl/videos/57788.mp4,theory,902,features_cache/57788.pt,57788
wlasl/videos/57789.mp4,theory,902,features_cache/57789.pt,57789
wlasl/videos/66603.mp4,theory,902,features_cache/66603.pt,66603
wlasl/videos/66604.mp4,theory,902,features_cache/66604.pt,66604
wlasl/videos/57791.mp4,theory,902,features_cache/57791.pt,57791
wlasl/videos/57782.mp4,theory,902,features_cache/57782.pt,57782
wlasl/videos/57783.mp4,theory,902,features_cache/57783.pt,57783
wlasl/videos/57784.mp4,theory,902,features_cache/57784.pt,57784
wlasl/videos/66654.mp4,tomato,919,features_cache/66654.pt,66654
wlasl/videos/58784.mp4,tomato,919,features_cache/58784.pt,58784
wlasl/videos/58786.mp4,tomato,919,features_cache/58786.pt,58786
wlasl/videos/58787.mp4,tomato,919,features_cache/58787.pt,58787
wlasl/videos/58788.mp4,tomato,919,features_cache/58788.pt,58788
wlasl/videos/59310.mp4,train,925,features_cache/59310.pt,59310
wlasl/videos/59314.mp4,train,925,features_cache/59314.pt,59314
wlasl/videos/59316.mp4,train,925,features_cache/59316.pt,59316
wlasl/videos/66665.mp4,train,925,features_cache/66665.pt,66665
wlasl/videos/59307.mp4,train,925,features_cache/59307.pt,59307
wlasl/videos/59320.mp4,train,925,features_cache/59320.pt,59320
wlasl/videos/59308.mp4,train,925,features_cache/59308.pt,59308
wlasl/videos/59309.mp4,train,925,features_cache/59309.pt,59309
wlasl/videos/60354.mp4,ugly,935,features_cache/60354.pt,60354
wlasl/videos/60357.mp4,ugly,935,features_cache/60357.pt,60357
wlasl/videos/60346.mp4,ugly,935,features_cache/60346.pt,60346
wlasl/videos/60347.mp4,ugly,935,features_cache/60347.pt,60347
wlasl/videos/60349.mp4,ugly,935,features_cache/60349.pt,60349
wlasl/videos/60350.mp4,ugly,935,features_cache/60350.pt,60350
wlasl/videos/62279.mp4,war,954,features_cache/62279.pt,62279
wlasl/videos/66746.mp4,war,954,features_cache/66746.pt,66746
wlasl/videos/62273.mp4,war,954,features_cache/62273.pt,62273
wlasl/videos/62275.mp4,war,954,features_cache/62275.pt,62275
wlasl/videos/62276.mp4,war,954,features_cache/62276.pt,62276
wlasl/videos/66774.mp4,where,970,features_cache/66774.pt,66774
wlasl/videos/63081.mp4,where,970,features_cache/63081.pt,63081
wlasl/videos/63083.mp4,where,970,features_cache/63083.pt,63083
wlasl/videos/63084.mp4,where,970,features_cache/63084.pt,63084
wlasl/videos/64433.mp4,your,998,features_cache/64433.pt,64433
wlasl/videos/64427.mp4,your,998,features_cache/64427.pt,64427
wlasl/videos/64429.mp4,your,998,features_cache/64429.pt,64429
wlasl/videos/64430.mp4,your,998,features_cache/64430.pt,64430
wlasl/videos/65061.mp4,always,23,features_cache/65061.pt,65061
wlasl/videos/02238.mp4,always,23,features_cache/02238.pt,02238
wlasl/videos/02228.mp4,always,23,features_cache/02228.pt,02228
wlasl/videos/02233.mp4,always,23,features_cache/02233.pt,02233
wlasl/videos/69211.mp4,animal,29,features_cache/69211.pt,69211
wlasl/videos/02592.mp4,animal,29,features_cache/02592.pt,02592
wlasl/videos/65073.mp4,animal,29,features_cache/65073.pt,65073
wlasl/videos/02583.mp4,animal,29,features_cache/02583.pt,02583
wlasl/videos/02584.mp4,animal,29,features_cache/02584.pt,02584
wlasl/videos/02589.mp4,animal,29,features_cache/02589.pt,02589
wlasl/videos/03268.mp4,argue,39,features_cache/03268.pt,03268
wlasl/videos/03270.mp4,argue,39,features_cache/03270.pt,03270
wlasl/videos/03273.mp4,argue,39,features_cache/03273.pt,03273
wlasl/videos/03274.mp4,argue,39,features_cache/03274.pt,03274
wlasl/videos/65092.mp4,argue,39,features_cache/65092.pt,65092
wlasl/videos/03277.mp4,argue,39,features_cache/03277.pt,03277
wlasl/videos/03282.mp4,argue,39,features_cache/03282.pt,03282
wlasl/videos/03267.mp4,argue,39,features_cache/03267.pt,03267
wlasl/videos/69217.mp4,baby,60,features_cache/69217.pt,69217
wlasl/videos/04514.mp4,baby,60,features_cache/04514.pt,04514
wlasl/videos/65119.mp4,baby,60,features_cache/65119.pt,65119
wlasl/videos/04505.mp4,baby,60,features_cache/04505.pt,04505
wlasl/videos/04506.mp4,baby,60,features_cache/04506.pt,04506
wlasl/videos/04511.mp4,baby,60,features_cache/04511.pt,04511
wlasl/videos/69218.mp4,back,61,features_cache/69218.pt,69218
wlasl/videos/65120.mp4,back,61,features_cache/65120.pt,65120
wlasl/videos/04592.mp4,back,61,features_cache/04592.pt,04592
wlasl/videos/04604.mp4,back,61,features_cache/04604.pt,04604
wlasl/videos/04775.mp4,bake,65,features_cache/04775.pt,04775
wlasl/videos/65127.mp4,bake,65,features_cache/65127.pt,65127
wlasl/videos/65128.mp4,bake,65,features_cache/65128.pt,65128
wlasl/videos/04768.mp4,bake,65,features_cache/04768.pt,04768
wlasl/videos/04772.mp4,bake,65,features_cache/04772.pt,04772
wlasl/videos/65147.mp4,bath,77,features_cache/65147.pt,65147
wlasl/videos/05275.mp4,bath,77,features_cache/05275.pt,05275
wlasl/videos/05285.mp4,bath,77,features_cache/05285.pt,05285
wlasl/videos/05280.mp4,bath,77,features_cache/05280.pt,05280
wlasl/videos/65169.mp4,behind,89,features_cache/65169.pt,65169
wlasl/videos/05803.mp4,behind,89,features_cache/05803.pt,05803
wlasl/videos/05816.mp4,behind,89,features_cache/05816.pt,05816
wlasl/videos/05804.mp4,behind,89,features_cache/05804.pt,05804
wlasl/videos/69250.mp4,bring,129,features_cache/69250.pt,69250
wlasl/videos/07815.mp4,bring,129,features_cache/07815.pt,07815
wlasl/videos/65260.mp4,bring,129,features_cache/65260.pt,65260
wlasl/videos/07806.mp4,bring,129,features_cache/07806.pt,07806
wlasl/videos/07807.mp4,bring,129,features_cache/07807.pt,07807
wlasl/videos/07808.mp4,bring,129,features_cache/07808.pt,07808
wlasl/videos/69262.mp4,catch,161,features_cache/69262.pt,69262
wlasl/videos/09459.mp4,catch,161,features_cache/09459.pt,09459
wlasl/videos/09458.mp4,catch,161,features_cache/09458.pt,09458
wlasl/videos/09457.mp4,catch,161,features_cache/09457.pt,09457
wlasl/videos/09461.mp4,catch,161,features_cache/09461.pt,09461
wlasl/videos/09467.mp4,catch,161,features_cache/09467.pt,09467
wlasl/videos/09473.mp4,catch,161,features_cache/09473.pt,09473
wlasl/videos/09781.mp4,cereal,165,features_cache/09781.pt,09781
wlasl/videos/65325.mp4,cereal,165,features_cache/65325.pt,65325
wlasl/videos/09786.mp4,cereal,165,features_cache/09786.pt,09786
wlasl/videos/09775.mp4,cereal,165,features_cache/09775.pt,09775
wlasl/videos/09776.mp4,cereal,165,features_cache/09776.pt,09776
wlasl/videos/09920.mp4,champion,170,features_cache/09920.pt,09920
wlasl/videos/09921.mp4,champion,170,features_cache/09921.pt,09921
wlasl/videos/65330.mp4,champion,170,features_cache/65330.pt,65330
wlasl/videos/09924.mp4,champion,170,features_cache/09924.pt,09924
wlasl/videos/09926.mp4,champion,170,features_cache/09926.pt,09926
wlasl/videos/09918.mp4,champion,170,features_cache/09918.pt,09918
wlasl/videos/09919.mp4,champion,170,features_cache/09919.pt,09919
wlasl/videos/10275.mp4,cheese,179,features_cache/10275.pt,10275
wlasl/videos/65345.mp4,cheese,179,features_cache/65345.pt,65345
wlasl/videos/10266.mp4,cheese,179,features_cache/10266.pt,10266
wlasl/videos/10267.mp4,cheese,179,features_cache/10267.pt,10267
wlasl/videos/10271.mp4,cheese,179,features_cache/10271.pt,10271
wlasl/videos/13473.mp4,cough,226,features_cache/13473.pt,13473
wlasl/videos/65411.mp4,cough,226,features_cache/65411.pt,65411
wlasl/videos/13478.mp4,cough,226,features_cache/13478.pt,13478
wlasl/videos/13863.mp4,crazy,233,features_cache/13863.pt,13863
wlasl/videos/65421.mp4,crazy,233,features_cache/65421.pt,65421
wlasl/videos/65422.mp4,crazy,233,features_cache/65422.pt,65422
wlasl/videos/13854.mp4,crazy,233,features_cache/13854.pt,13854
wlasl/videos/13858.mp4,crazy,233,features_cache/13858.pt,13858
wlasl/videos/13859.mp4,crazy,233,features_cache/13859.pt,13859
wlasl/videos/15325.mp4,delay,252,features_cache/15325.pt,15325
wlasl/videos/15327.mp4,delay,252,features_cache/15327.pt,15327
wlasl/videos/15328.mp4,delay,252,features_cache/15328.pt,15328
wlasl/videos/15319.mp4,delay,252,features_cache/15319.pt,15319
wlasl/videos/15330.mp4,delay,252,features_cache/15330.pt,15330
wlasl/videos/15322.mp4,delay,252,features_cache/15322.pt,15322
wlasl/videos/15323.mp4,delay,252,features_cache/15323.pt,15323
wlasl/videos/15363.mp4,delicious,253,features_cache/15363.pt,15363
wlasl/videos/15364.mp4,delicious,253,features_cache/15364.pt,15364
wlasl/videos/15365.mp4,delicious,253,features_cache/15365.pt,15365
wlasl/videos/15369.mp4,delicious,253,features_cache/15369.pt,15369
wlasl/videos/65457.mp4,delicious,253,features_cache/65457.pt,65457
wlasl/videos/15370.mp4,delicious,253,features_cache/15370.pt,15370
wlasl/videos/15361.mp4,delicious,253,features_cache/15361.pt,15361
wlasl/videos/15362.mp4,delicious,253,features_cache/15362.pt,15362
wlasl/videos/16441.mp4,disappear,272,features_cache/16441.pt,16441
wlasl/videos/16443.mp4,disappear,272,features_cache/16443.pt,16443
wlasl/videos/16444.mp4,disappear,272,features_cache/16444.pt,16444
wlasl/videos/16439.mp4,disappear,272,features_cache/16439.pt,16439
wlasl/videos/16440.mp4,disappear,272,features_cache/16440.pt,16440
wlasl/videos/16968.mp4,divorce,277,features_cache/16968.pt,16968
wlasl/videos/16972.mp4,divorce,277,features_cache/16972.pt,16972
wlasl/videos/16963.mp4,divorce,277,features_cache/16963.pt,16963
wlasl/videos/16976.mp4,divorce,277,features_cache/16976.pt,16976
wlasl/videos/16965.mp4,divorce,277,features_cache/16965.pt,16965
wlasl/videos/65531.mp4,draw,287,features_cache/65531.pt,65531
wlasl/videos/17594.mp4,draw,287,features_cache/17594.pt,17594
wlasl/videos/17596.mp4,draw,287,features_cache/17596.pt,17596
wlasl/videos/18294.mp4,east,307,features_cache/18294.pt,18294
wlasl/videos/65597.mp4,east,307,features_cache/65597.pt,65597
wlasl/videos/18288.mp4,east,307,features_cache/18288.pt,18288
wlasl/videos/18298.mp4,east,307,features_cache/18298.pt,18298
wlasl/videos/18292.mp4,east,307,features_cache/18292.pt,18292
wlasl/videos/18315.mp4,easy,309,features_cache/18315.pt,18315
wlasl/videos/65600.mp4,easy,309,features_cache/65600.pt,65600
wlasl/videos/18306.mp4,easy,309,features_cache/18306.pt,18306
wlasl/videos/18311.mp4,easy,309,features_cache/18311.pt,18311
wlasl/videos/18494.mp4,egg,311,features_cache/18494.pt,18494
wlasl/videos/65607.mp4,egg,311,features_cache/65607.pt,65607
wlasl/videos/18495.mp4,egg,311,features_cache/18495.pt,18495
wlasl/videos/18487.mp4,egg,311,features_cache/18487.pt,18487
wlasl/videos/18488.mp4,egg,311,features_cache/18488.pt,18488
wlasl/videos/19411.mp4,environment,326,features_cache/19411.pt,19411
wlasl/videos/19412.mp4,environment,326,features_cache/19412.pt,19412
wlasl/videos/19414.mp4,environment,326,features_cache/19414.pt,19414
wlasl/videos/65638.mp4,environment,326,features_cache/65638.pt,65638
wlasl/videos/65639.mp4,environment,326,features_cache/65639.pt,65639
wlasl/videos/19406.mp4,environment,326,features_cache/19406.pt,19406
wlasl/videos/19418.mp4,environment,326,features_cache/19418.pt,19418
wlasl/videos/19407.mp4,environment,326,features_cache/19407.pt,19407
wlasl/videos/19408.mp4,environment,326,features_cache/19408.pt,19408
wlasl/videos/69318.mp4,father,354,features_cache/69318.pt,69318
wlasl/videos/21205.mp4,father,354,features_cache/21205.pt,21205
wlasl/videos/21207.mp4,father,354,features_cache/21207.pt,21207
wlasl/videos/21209.mp4,father,354,features_cache/21209.pt,21209
wlasl/videos/21212.mp4,father,354,features_cache/21212.pt,21212
wlasl/videos/21275.mp4,fault,355,features_cache/21275.pt,21275
wlasl/videos/21276.mp4,fault,355,features_cache/21276.pt,21276
wlasl/videos/21280.mp4,fault,355,features_cache/21280.pt,21280
wlasl/videos/21273.mp4,fault,355,features_cache/21273.pt,21273
wlasl/videos/21274.mp4,fault,355,features_cache/21274.pt,21274
wlasl/videos/65746.mp4,flower,372,features_cache/65746.pt,65746
wlasl/videos/22548.mp4,flower,372,features_cache/22548.pt,22548
wlasl/videos/22558.mp4,flower,372,features_cache/22558.pt,22558
wlasl/videos/22553.mp4,flower,372,features_cache/22553.pt,22553
wlasl/videos/65783.mp4,friendly,388,features_cache/65783.pt,65783
wlasl/videos/23589.mp4,friendly,388,features_cache/23589.pt,23589
wlasl/videos/23580.mp4,friendly,388,features_cache/23580.pt,23580
wlasl/videos/23585.mp4,friendly,388,features_cache/23585.pt,23585
wlasl/videos/24724.mp4,glasses,405,features_cache/24724.pt,24724
wlasl/videos/24726.mp4,glasses,405,features_cache/24726.pt,24726
wlasl/videos/24728.mp4,glasses,405,features_cache/24728.pt,24728
wlasl/videos/65822.mp4,glasses,405,features_cache/65822.pt,65822
wlasl/videos/24720.mp4,glasses,405,features_cache/24720.pt,24720
wlasl/videos/24721.mp4,glasses,405,features_cache/24721.pt,24721
wlasl/videos/24722.mp4,glasses,405,features_cache/24722.pt,24722
wlasl/videos/26259.mp4,halloween,433,features_cache/26259.pt,26259
wlasl/videos/65873.mp4,halloween,433,features_cache/65873.pt,65873
wlasl/videos/65874.mp4,halloween,433,features_cache/65874.pt,65874
wlasl/videos/26251.mp4,halloween,433,features_cache/26251.pt,26251
wlasl/videos/26252.mp4,halloween,433,features_cache/26252.pt,26252
wlasl/videos/26254.mp4,halloween,433,features_cache/26254.pt,26254
wlasl/videos/69358.mp4,hard,438,features_cache/69358.pt,69358
wlasl/videos/26573.mp4,hard,438,features_cache/26573.pt,26573
wlasl/videos/26574.mp4,hard,438,features_cache/26574.pt,26574
wlasl/videos/27046.mp4,heart,447,features_cache/27046.pt,27046
wlasl/videos/27050.mp4,heart,447,features_cache/27050.pt,27050
wlasl/videos/27042.mp4,heart,447,features_cache/27042.pt,27042
wlasl/videos/27056.mp4,heart,447,features_cache/27056.pt,27056
wlasl/videos/27057.mp4,heart,447,features_cache/27057.pt,27057
wlasl/videos/27043.mp4,heart,447,features_cache/27043.pt,27043
wlasl/videos/28140.mp4,hour,465,features_cache/28140.pt,28140
wlasl/videos/28143.mp4,hour,465,features_cache/28143.pt,28143
wlasl/videos/28144.mp4,hour,465,features_cache/28144.pt,28144
wlasl/videos/28145.mp4,hour,465,features_cache/28145.pt,28145
wlasl/videos/28138.mp4,hour,465,features_cache/28138.pt,28138
wlasl/videos/28139.mp4,hour,465,features_cache/28139.pt,28139
wlasl/videos/28311.mp4,humble,468,features_cache/28311.pt,28311
wlasl/videos/28312.mp4,humble,468,features_cache/28312.pt,28312
wlasl/videos/28314.mp4,humble,468,features_cache/28314.pt,28314
wlasl/videos/28315.mp4,humble,468,features_cache/28315.pt,28315
wlasl/videos/28309.mp4,humble,468,features_cache/28309.pt,28309
wlasl/videos/28310.mp4,humble,468,features_cache/28310.pt,28310
wlasl/videos/28423.mp4,hurry,470,features_cache/28423.pt,28423
wlasl/videos/28424.mp4,hurry,470,features_cache/28424.pt,28424
wlasl/videos/28425.mp4,hurry,470,features_cache/28425.pt,28425
wlasl/videos/28426.mp4,hurry,470,features_cache/28426.pt,28426
wlasl/videos/28430.mp4,hurry,470,features_cache/28430.pt,28430
wlasl/videos/29143.mp4,improve,479,features_cache/29143.pt,29143
wlasl/videos/29145.mp4,improve,479,features_cache/29145.pt,29145
wlasl/videos/65929.mp4,improve,479,features_cache/65929.pt,65929
wlasl/videos/29136.mp4,improve,479,features_cache/29136.pt,29136
wlasl/videos/29147.mp4,improve,479,features_cache/29147.pt,29147
wlasl/videos/30235.mp4,internet,489,features_cache/30235.pt,30235
wlasl/videos/30239.mp4,internet,489,features_cache/30239.pt,30239
wlasl/videos/30230.mp4,internet,489,features_cache/30230.pt,30230
wlasl/videos/30233.mp4,internet,489,features_cache/30233.pt,30233
wlasl/videos/30234.mp4,internet,489,features_cache/30234.pt,30234
wlasl/videos/69380.mp4,jump,503,features_cache/69380.pt,69380
wlasl/videos/65983.mp4,jump,503,features_cache/65983.pt,65983
wlasl/videos/31324.mp4,jump,503,features_cache/31324.pt,31324
wlasl/videos/31315.mp4,jump,503,features_cache/31315.pt,31315
wlasl/videos/31316.mp4,jump,503,features_cache/31316.pt,31316
wlasl/videos/31655.mp4,kill,506,features_cache/31655.pt,31655
wlasl/videos/65992.mp4,kill,506,features_cache/65992.pt,65992
wlasl/videos/31649.mp4,kill,506,features_cache/31649.pt,31649
wlasl/videos/31651.mp4,kill,506,features_cache/31651.pt,31651
wlasl/videos/31652.mp4,kill,506,features_cache/31652.pt,31652
wlasl/videos/66017.mp4,law,520,features_cache/66017.pt,66017
wlasl/videos/32447.mp4,law,520,features_cache/32447.pt,32447
wlasl/videos/32458.mp4,law,520,features_cache/32458.pt,32458
wlasl/videos/32448.mp4,law,520,features_cache/32448.pt,32448
wlasl/videos/32452.mp4,law,520,features_cache/32452.pt,32452
wlasl/videos/66106.mp4,match,558,features_cache/66106.pt,66106
wlasl/videos/35119.mp4,match,558,features_cache/35119.pt,35119
wlasl/videos/35120.mp4,match,558,features_cache/35120.pt,35120
wlasl/videos/35126.mp4,match,558,features_cache/35126.pt,35126
wlasl/videos/35115.mp4,match,558,features_cache/35115.pt,35115
wlasl/videos/35116.mp4,match,558,features_cache/35116.pt,35116
wlasl/videos/35369.mp4,meat,563,features_cache/35369.pt,35369
wlasl/videos/66109.mp4,meat,563,features_cache/66109.pt,66109
wlasl/videos/35360.mp4,meat,563,features_cache/35360.pt,35360
wlasl/videos/35361.mp4,meat,563,features_cache/35361.pt,35361
wlasl/videos/35366.mp4,meat,563,features_cache/35366.pt,35366
wlasl/videos/36048.mp4,milk,570,features_cache/36048.pt,36048
wlasl/videos/36652.mp4,money,577,features_cache/36652.pt,36652
wlasl/videos/36654.mp4,money,577,features_cache/36654.pt,36654
wlasl/videos/66138.mp4,money,577,features_cache/66138.pt,66138
wlasl/videos/36660.mp4,money,577,features_cache/36660.pt,36660
wlasl/videos/36741.mp4,month,579,features_cache/36741.pt,36741
wlasl/videos/66141.mp4,month,579,features_cache/66141.pt,66141
wlasl/videos/36733.mp4,month,579,features_cache/36733.pt,36733
wlasl/videos/36734.mp4,month,579,features_cache/36734.pt,36734
wlasl/videos/36738.mp4,month,579,features_cache/36738.pt,36738
wlasl/videos/36783.mp4,moon,580,features_cache/36783.pt,36783
wlasl/videos/66142.mp4,moon,580,features_cache/66142.pt,66142
wlasl/videos/36779.mp4,moon,580,features_cache/36779.pt,36779
wlasl/videos/36781.mp4,moon,580,features_cache/36781.pt,36781
wlasl/videos/36782.mp4,moon,580,features_cache/36782.pt,36782
wlasl/videos/66151.mp4,move,589,features_cache/66151.pt,66151
wlasl/videos/37102.mp4,move,589,features_cache/37102.pt,37102
wlasl/videos/37087.mp4,move,589,features_cache/37087.pt,37087
wlasl/videos/37089.mp4,move,589,features_cache/37089.pt,37089
wlasl/videos/37093.mp4,move,589,features_cache/37093.pt,37093
wlasl/videos/37094.mp4,move,589,features_cache/37094.pt,37094
wlasl/videos/37098.mp4,move,589,features_cache/37098.pt,37098
wlasl/videos/37790.mp4,near,601,features_cache/37790.pt,37790
wlasl/videos/37784.mp4,near,601,features_cache/37784.pt,37784
wlasl/videos/37794.mp4,near,601,features_cache/37794.pt,37794
wlasl/videos/37796.mp4,near,601,features_cache/37796.pt,37796
wlasl/videos/37788.mp4,near,601,features_cache/37788.pt,37788
wlasl/videos/37789.mp4,near,601,features_cache/37789.pt,37789
wlasl/videos/37993.mp4,nephew,607,features_cache/37993.pt,37993
wlasl/videos/37984.mp4,nephew,607,features_cache/37984.pt,37984
wlasl/videos/37985.mp4,nephew,607,features_cache/37985.pt,37985
wlasl/videos/37989.mp4,nephew,607,features_cache/37989.pt,37989
wlasl/videos/38293.mp4,nice,614,features_cache/38293.pt,38293
wlasl/videos/38282.mp4,nice,614,features_cache/38282.pt,38282
wlasl/videos/38287.mp4,nice,614,features_cache/38287.pt,38287
wlasl/videos/66171.mp4,niece,615,features_cache/66171.pt,66171
wlasl/videos/38324.mp4,niece,615,features_cache/38324.pt,38324
wlasl/videos/38315.mp4,niece,615,features_cache/38315.pt,38315
wlasl/videos/38316.mp4,niece,615,features_cache/38316.pt,38316
wlasl/videos/38320.mp4,niece,615,features_cache/38320.pt,38320
wlasl/videos/38621.mp4,noon,619,features_cache/38621.pt,38621
wlasl/videos/38632.mp4,noon,619,features_cache/38632.pt,38632
wlasl/videos/38626.mp4,noon,619,features_cache/38626.pt,38626
wlasl/videos/38681.mp4,north,620,features_cache/38681.pt,38681
wlasl/videos/38691.mp4,north,620,features_cache/38691.pt,38691
wlasl/videos/38682.mp4,north,620,features_cache/38682.pt,38682
wlasl/videos/38687.mp4,north,620,features_cache/38687.pt,38687
wlasl/videos/38857.mp4,not,622,features_cache/38857.pt,38857
wlasl/videos/38868.mp4,not,622,features_cache/38868.pt,38868
wlasl/videos/38858.mp4,not,622,features_cache/38858.pt,38858
wlasl/videos/38863.mp4,not,622,features_cache/38863.pt,38863
wlasl/videos/39093.mp4,nurse,625,features_cache/39093.pt,39093
wlasl/videos/39099.mp4,nurse,625,features_cache/39099.pt,39099
wlasl/videos/39091.mp4,nurse,625,features_cache/39091.pt,39091
wlasl/videos/69418.mp4,off,627,features_cache/69418.pt,69418
wlasl/videos/39442.mp4,off,627,features_cache/39442.pt,39442
wlasl/videos/39443.mp4,off,627,features_cache/39443.pt,39443
wlasl/videos/39589.mp4,ok,630,features_cache/39589.pt,39589
wlasl/videos/39596.mp4,ok,630,features_cache/39596.pt,39596
wlasl/videos/39583.mp4,ok,630,features_cache/39583.pt,39583
wlasl/videos/39586.mp4,ok,630,features_cache/39586.pt,39586
wlasl/videos/66270.mp4,patient,653,features_cache/66270.pt,66270
wlasl/videos/41509.mp4,patient,653,features_cache/41509.pt,41509
wlasl/videos/41506.mp4,patient,653,features_cache/41506.pt,41506
wlasl/videos/41508.mp4,patient,653,features_cache/41508.pt,41508
wlasl/videos/41608.mp4,pay,654,features_cache/41608.pt,41608
wlasl/videos/41595.mp4,pay,654,features_cache/41595.pt,41595
wlasl/videos/41596.mp4,pay,654,features_cache/41596.pt,41596
wlasl/videos/41598.mp4,pay,654,features_cache/41598.pt,41598
wlasl/videos/66271.mp4,pay,654,features_cache/66271.pt,66271
wlasl/videos/42246.mp4,perspective,662,features_cache/42246.pt,42246
wlasl/videos/42247.mp4,perspective,662,features_cache/42247.pt,42247
wlasl/videos/42251.mp4,perspective,662,features_cache/42251.pt,42251
wlasl/videos/66281.mp4,perspective,662,features_cache/66281.pt,66281
wlasl/videos/42252.mp4,perspective,662,features_cache/42252.pt,42252
wlasl/videos/42253.mp4,perspective,662,features_cache/42253.pt,42253
wlasl/videos/42243.mp4,perspective,662,features_cache/42243.pt,42243
wlasl/videos/42245.mp4,perspective,662,features_cache/42245.pt,42245
wlasl/videos/43938.mp4,potato,684,features_cache/43938.pt,43938
wlasl/videos/66318.mp4,potato,684,features_cache/66318.pt,66318
wlasl/videos/43929.mp4,potato,684,features_cache/43929.pt,43929
wlasl/videos/43930.mp4,potato,684,features_cache/43930.pt,43930
wlasl/videos/43935.mp4,potato,684,features_cache/43935.pt,43935
wlasl/videos/69450.mp4,sad,758,features_cache/69450.pt,69450
wlasl/videos/48976.mp4,sad,758,features_cache/48976.pt,48976
wlasl/videos/48978.mp4,sad,758,features_cache/48978.pt,48978
wlasl/videos/48971.mp4,sad,758,features_cache/48971.pt,48971
wlasl/videos/48973.mp4,sad,758,features_cache/48973.pt,48973
wlasl/videos/48974.mp4,sad,758,features_cache/48974.pt,48974
wlasl/videos/49334.mp4,saturday,763,features_cache/49334.pt,49334
wlasl/videos/66428.mp4,saturday,763,features_cache/66428.pt,66428
wlasl/videos/49338.mp4,saturday,763,features_cache/49338.pt,49338
wlasl/videos/49378.mp4,save,764,features_cache/49378.pt,49378
wlasl/videos/49379.mp4,save,764,features_cache/49379.pt,49379
wlasl/videos/49383.mp4,save,764,features_cache/49383.pt,49383
wlasl/videos/49384.mp4,save,764,features_cache/49384.pt,49384
wlasl/videos/49374.mp4,save,764,features_cache/49374.pt,49374
wlasl/videos/49658.mp4,scissors,771,features_cache/49658.pt,49658
wlasl/videos/49659.mp4,scissors,771,features_cache/49659.pt,49659
wlasl/videos/66433.mp4,scissors,771,features_cache/66433.pt,66433
wlasl/videos/49663.mp4,scissors,771,features_cache/49663.pt,49663
wlasl/videos/49656.mp4,scissors,771,features_cache/49656.pt,49656
wlasl/videos/50058.mp4,secret,776,features_cache/50058.pt,50058
wlasl/videos/50061.mp4,secret,776,features_cache/50061.pt,50061
wlasl/videos/66440.mp4,secret,776,features_cache/66440.pt,66440
wlasl/videos/50053.mp4,secret,776,features_cache/50053.pt,50053
wlasl/videos/50054.mp4,secret,776,features_cache/50054.pt,50054
wlasl/videos/50055.mp4,secret,776,features_cache/50055.pt,50055
wlasl/videos/51128.mp4,shoes,794,features_cache/51128.pt,51128
wlasl/videos/51140.mp4,shoes,794,features_cache/51140.pt,51140
wlasl/videos/51133.mp4,shoes,794,features_cache/51133.pt,51133
wlasl/videos/66468.mp4,shop,795,features_cache/66468.pt,66468
wlasl/videos/51185.mp4,shop,795,features_cache/51185.pt,51185
wlasl/videos/51177.mp4,shop,795,features_cache/51177.pt,51177
wlasl/videos/51180.mp4,shop,795,features_cache/51180.pt,51180
wlasl/videos/51708.mp4,silly,806,features_cache/51708.pt,51708
wlasl/videos/51709.mp4,silly,806,features_cache/51709.pt,51709
wlasl/videos/66481.mp4,silly,806,features_cache/66481.pt,66481
wlasl/videos/51712.mp4,silly,806,features_cache/51712.pt,51712
wlasl/videos/51713.mp4,silly,806,features_cache/51713.pt,51713
wlasl/videos/51706.mp4,silly,806,features_cache/51706.pt,51706
wlasl/videos/51886.mp4,sister,809,features_cache/51886.pt,51886
wlasl/videos/51889.mp4,sister,809,features_cache/51889.pt,51889
wlasl/videos/66488.mp4,sister,809,features_cache/66488.pt,66488
wlasl/videos/51884.mp4,sister,809,features_cache/51884.pt,51884
wlasl/videos/51885.mp4,sister,809,features_cache/51885.pt,51885
wlasl/videos/69479.mp4,sleep,816,features_cache/69479.pt,69479
wlasl/videos/52324.mp4,sleep,816,features_cache/52324.pt,52324
wlasl/videos/52316.mp4,sleep,816,features_cache/52316.pt,52316
wlasl/videos/52317.mp4,sleep,816,features_cache/52317.pt,52317
wlasl/videos/52318.mp4,sleep,816,features_cache/52318.pt,52318
wlasl/videos/53371.mp4,sorry,833,features_cache/53371.pt,53371
wlasl/videos/66536.mp4,sorry,833,features_cache/66536.pt,66536
wlasl/videos/53365.mp4,sorry,833,features_cache/53365.pt,53365
wlasl/videos/53370.mp4,sorry,833,features_cache/53370.pt,53370
wlasl/videos/55050.mp4,straight,860,features_cache/55050.pt,55050
wlasl/videos/66563.mp4,straight,860,features_cache/66563.pt,66563
wlasl/videos/55043.mp4,straight,860,features_cache/55043.pt,55043
wlasl/videos/55045.mp4,straight,860,features_cache/55045.pt,55045
wlasl/videos/69499.mp4,sweet,883,features_cache/69499.pt,69499
wlasl/videos/56312.mp4,sweet,883,features_cache/56312.pt,56312
wlasl/videos/56313.mp4,sweet,883,features_cache/56313.pt,56313
wlasl/videos/66585.mp4,sweet,883,features_cache/66585.pt,66585
wlasl/videos/56306.mp4,sweet,883,features_cache/56306.pt,56306
wlasl/videos/56317.mp4,sweet,883,features_cache/56317.pt,56317
wlasl/videos/56830.mp4,talk,887,features_cache/56830.pt,56830
wlasl/videos/56813.mp4,talk,887,features_cache/56813.pt,56813
wlasl/videos/56816.mp4,talk,887,features_cache/56816.pt,56816
wlasl/videos/56811.mp4,talk,887,features_cache/56811.pt,56811
wlasl/videos/56821.mp4,talk,887,features_cache/56821.pt,56821
wlasl/videos/57306.mp4,temperature,895,features_cache/57306.pt,57306
wlasl/videos/57300.mp4,temperature,895,features_cache/57300.pt,57300
wlasl/videos/57303.mp4,temperature,895,features_cache/57303.pt,57303
wlasl/videos/57304.mp4,temperature,895,features_cache/57304.pt,57304
wlasl/videos/69501.mp4,tent,896,features_cache/69501.pt,69501
wlasl/videos/57436.mp4,tent,896,features_cache/57436.pt,57436
wlasl/videos/57447.mp4,tent,896,features_cache/57447.pt,57447
wlasl/videos/57437.mp4,tent,896,features_cache/57437.pt,57437
wlasl/videos/57441.mp4,tent,896,features_cache/57441.pt,57441
wlasl/videos/57442.mp4,tent,896,features_cache/57442.pt,57442
wlasl/videos/69502.mp4,thank you,898,features_cache/69502.pt,69502
wlasl/videos/66598.mp4,thank you,898,features_cache/66598.pt,66598
wlasl/videos/57655.mp4,thank you,898,features_cache/57655.pt,57655
wlasl/videos/57659.mp4,thank you,898,features_cache/57659.pt,57659
wlasl/videos/69505.mp4,think,906,features_cache/69505.pt,69505
wlasl/videos/57982.mp4,think,906,features_cache/57982.pt,57982
wlasl/videos/66609.mp4,think,906,features_cache/66609.pt,66609
wlasl/videos/57973.mp4,think,906,features_cache/57973.pt,57973
wlasl/videos/57974.mp4,think,906,features_cache/57974.pt,57974
wlasl/videos/58300.mp4,throw,908,features_cache/58300.pt,58300
wlasl/videos/66636.mp4,throw,908,features_cache/66636.pt,66636
wlasl/videos/58293.mp4,throw,908,features_cache/58293.pt,58293
wlasl/videos/58294.mp4,throw,908,features_cache/58294.pt,58294
wlasl/videos/58296.mp4,throw,908,features_cache/58296.pt,58296
wlasl/videos/69512.mp4,today,916,features_cache/69512.pt,69512
wlasl/videos/58687.mp4,today,916,features_cache/58687.pt,58687
wlasl/videos/58677.mp4,today,916,features_cache/58677.pt,58677
wlasl/videos/58678.mp4,today,916,features_cache/58678.pt,58678
wlasl/videos/58682.mp4,today,916,features_cache/58682.pt,58682
wlasl/videos/58683.mp4,today,916,features_cache/58683.pt,58683
wlasl/videos/59248.mp4,traffic,924,features_cache/59248.pt,59248
wlasl/videos/59249.mp4,traffic,924,features_cache/59249.pt,59249
wlasl/videos/59252.mp4,traffic,924,features_cache/59252.pt,59252
wlasl/videos/66664.mp4,traffic,924,features_cache/66664.pt,66664
wlasl/videos/66704.mp4,understand,937,features_cache/66704.pt,66704
wlasl/videos/60545.mp4,understand,937,features_cache/60545.pt,60545
wlasl/videos/60546.mp4,understand,937,features_cache/60546.pt,60546
wlasl/videos/60556.mp4,understand,937,features_cache/60556.pt,60556
wlasl/videos/61056.mp4,use,943,features_cache/61056.pt,61056
wlasl/videos/61057.mp4,use,943,features_cache/61057.pt,61057
wlasl/videos/61058.mp4,use,943,features_cache/61058.pt,61058
wlasl/videos/61920.mp4,voice,947,features_cache/61920.pt,61920
wlasl/videos/66736.mp4,voice,947,features_cache/66736.pt,66736
wlasl/videos/61924.mp4,voice,947,features_cache/61924.pt,61924
wlasl/videos/61917.mp4,voice,947,features_cache/61917.pt,61917
wlasl/videos/61918.mp4,voice,947,features_cache/61918.pt,61918
wlasl/videos/61982.mp4,vomit,949,features_cache/61982.pt,61982
wlasl/videos/61983.mp4,vomit,949,features_cache/61983.pt,61983
wlasl/videos/61986.mp4,vomit,949,features_cache/61986.pt,61986
wlasl/videos/61987.mp4,vomit,949,features_cache/61987.pt,61987
wlasl/videos/61979.mp4,vomit,949,features_cache/61979.pt,61979
wlasl/videos/61980.mp4,vomit,949,features_cache/61980.pt,61980
wlasl/videos/61997.mp4,vote,950,features_cache/61997.pt,61997
wlasl/videos/62000.mp4,vote,950,features_cache/62000.pt,62000
wlasl/videos/62003.mp4,vote,950,features_cache/62003.pt,62003
wlasl/videos/61995.mp4,vote,950,features_cache/61995.pt,61995
wlasl/videos/61996.mp4,vote,950,features_cache/61996.pt,61996
wlasl/videos/62712.mp4,wednesday,963,features_cache/62712.pt,62712
wlasl/videos/62713.mp4,wednesday,963,features_cache/62713.pt,62713
wlasl/videos/66758.mp4,wednesday,963,features_cache/66758.pt,66758
wlasl/videos/62717.mp4,wednesday,963,features_cache/62717.pt,62717
wlasl/videos/62710.mp4,wednesday,963,features_cache/62710.pt,62710
wlasl/videos/62915.mp4,west,966,features_cache/62915.pt,62915
wlasl/videos/66765.mp4,west,966,features_cache/66765.pt,66765
wlasl/videos/62906.mp4,west,966,features_cache/62906.pt,62906
wlasl/videos/62907.mp4,west,966,features_cache/62907.pt,62907
wlasl/videos/62912.mp4,west,966,features_cache/62912.pt,62912
wlasl/videos/69529.mp4,wet,967,features_cache/69529.pt,69529
wlasl/videos/62930.mp4,wet,967,features_cache/62930.pt,62930
wlasl/videos/66767.mp4,wet,967,features_cache/66767.pt,66767
wlasl/videos/66766.mp4,wet,967,features_cache/66766.pt,66766
wlasl/videos/62922.mp4,wet,967,features_cache/62922.pt,62922
wlasl/videos/62927.mp4,wet,967,features_cache/62927.pt,62927
wlasl/videos/69532.mp4,when,969,features_cache/69532.pt,69532
wlasl/videos/63072.mp4,when,969,features_cache/63072.pt,63072
wlasl/videos/66773.mp4,when,969,features_cache/66773.pt,66773
wlasl/videos/63066.mp4,when,969,features_cache/63066.pt,63066
wlasl/videos/63069.mp4,when,969,features_cache/63069.pt,63069
wlasl/videos/63070.mp4,when,969,features_cache/63070.pt,63070
wlasl/videos/63113.mp4,which,971,features_cache/63113.pt,63113
wlasl/videos/66775.mp4,which,971,features_cache/66775.pt,66775
wlasl/videos/63104.mp4,which,971,features_cache/63104.pt,63104
wlasl/videos/63105.mp4,which,971,features_cache/63105.pt,63105
wlasl/videos/66789.mp4,win,977,features_cache/66789.pt,66789
wlasl/videos/63468.mp4,win,977,features_cache/63468.pt,63468
wlasl/videos/63478.mp4,win,977,features_cache/63478.pt,63478
wlasl/videos/63469.mp4,win,977,features_cache/63469.pt,63469
wlasl/videos/63473.mp4,win,977,features_cache/63473.pt,63473
wlasl/videos/66803.mp4,word,985,features_cache/66803.pt,66803
wlasl/videos/63752.mp4,word,985,features_cache/63752.pt,63752
wlasl/videos/63763.mp4,word,985,features_cache/63763.pt,63763
wlasl/videos/63756.mp4,word,985,features_cache/63756.pt,63756
wlasl/videos/01442.mp4,afternoon,9,features_cache/01442.pt,01442
wlasl/videos/65031.mp4,afternoon,9,features_cache/65031.pt,65031
wlasl/videos/01433.mp4,afternoon,9,features_cache/01433.pt,01433
wlasl/videos/01434.mp4,afternoon,9,features_cache/01434.pt,01434
wlasl/videos/01435.mp4,afternoon,9,features_cache/01435.pt,01435
wlasl/videos/65034.mp4,age,11,features_cache/65034.pt,65034
wlasl/videos/01485.mp4,age,11,features_cache/01485.pt,01485
wlasl/videos/01495.mp4,age,11,features_cache/01495.pt,01495
wlasl/videos/01486.mp4,age,11,features_cache/01486.pt,01486
wlasl/videos/02109.mp4,alone,20,features_cache/02109.pt,02109
wlasl/videos/02110.mp4,alone,20,features_cache/02110.pt,02110
wlasl/videos/65057.mp4,alone,20,features_cache/65057.pt,65057
wlasl/videos/02112.mp4,alone,20,features_cache/02112.pt,02112
wlasl/videos/02103.mp4,alone,20,features_cache/02103.pt,02103
wlasl/videos/02104.mp4,alone,20,features_cache/02104.pt,02104
wlasl/videos/02106.mp4,alone,20,features_cache/02106.pt,02106
wlasl/videos/03062.mp4,appointment,36,features_cache/03062.pt,03062
wlasl/videos/03063.mp4,appointment,36,features_cache/03063.pt,03063
wlasl/videos/65087.mp4,appointment,36,features_cache/65087.pt,65087
wlasl/videos/03055.mp4,appointment,36,features_cache/03055.pt,03055
wlasl/videos/03056.mp4,appointment,36,features_cache/03056.pt,03056
wlasl/videos/03057.mp4,appointment,36,features_cache/03057.pt,03057
wlasl/videos/03059.mp4,appointment,36,features_cache/03059.pt,03059
wlasl/videos/04186.mp4,australia,54,features_cache/04186.pt,04186
wlasl/videos/04187.mp4,australia,54,features_cache/04187.pt,04187
wlasl/videos/04188.mp4,australia,54,features_cache/04188.pt,04188
wlasl/videos/04189.mp4,australia,54,features_cache/04189.pt,04189
wlasl/videos/04190.mp4,australia,54,features_cache/04190.pt,04190
wlasl/videos/65111.mp4,australia,54,features_cache/65111.pt,65111
wlasl/videos/04193.mp4,australia,54,features_cache/04193.pt,04193
wlasl/videos/04352.mp4,avoid,56,features_cache/04352.pt,04352
wlasl/videos/65114.mp4,avoid,56,features_cache/65114.pt,65114
wlasl/videos/04343.mp4,avoid,56,features_cache/04343.pt,04343
wlasl/videos/04344.mp4,avoid,56,features_cache/04344.pt,04344
wlasl/videos/04345.mp4,avoid,56,features_cache/04345.pt,04345
wlasl/videos/04347.mp4,avoid,56,features_cache/04347.pt,04347
wlasl/videos/04873.mp4,balloon,69,features_cache/04873.pt,04873
wlasl/videos/04875.mp4,balloon,69,features_cache/04875.pt,04875
wlasl/videos/65132.mp4,balloon,69,features_cache/65132.pt,65132
wlasl/videos/65133.mp4,balloon,69,features_cache/65133.pt,65133
wlasl/videos/04867.mp4,balloon,69,features_cache/04867.pt,04867
wlasl/videos/04868.mp4,balloon,69,features_cache/04868.pt,04868
wlasl/videos/04870.mp4,balloon,69,features_cache/04870.pt,04870
wlasl/videos/65142.mp4,basement,75,features_cache/65142.pt,65142
wlasl/videos/05204.mp4,basement,75,features_cache/05204.pt,05204
wlasl/videos/05194.mp4,basement,75,features_cache/05194.pt,05194
wlasl/videos/05196.mp4,basement,75,features_cache/05196.pt,05196
wlasl/videos/65155.mp4,bear,79,features_cache/65155.pt,65155
wlasl/videos/05486.mp4,bear,79,features_cache/05486.pt,05486
wlasl/videos/05487.mp4,bear,79,features_cache/05487.pt,05487
wlasl/videos/05489.mp4,bear,79,features_cache/05489.pt,05489
wlasl/videos/05484.mp4,bear,79,features_cache/05484.pt,05484
wlasl/videos/65171.mp4,believe,90,features_cache/65171.pt,65171
wlasl/videos/65170.mp4,believe,90,features_cache/65170.pt,65170
wlasl/videos/05853.mp4,believe,90,features_cache/05853.pt,05853
wlasl/videos/05854.mp4,believe,90,features_cache/05854.pt,05854
wlasl/videos/05856.mp4,believe,90,features_cache/05856.pt,05856
wlasl/videos/06075.mp4,better,96,features_cache/06075.pt,06075
wlasl/videos/65179.mp4,better,96,features_cache/65179.pt,65179
wlasl/videos/06066.mp4,better,96,features_cache/06066.pt,06066
wlasl/videos/06067.mp4,better,96,features_cache/06067.pt,06067
wlasl/videos/06069.mp4,better,96,features_cache/06069.pt,06069
wlasl/videos/06658.mp4,blind,107,features_cache/06658.pt,06658
wlasl/videos/65209.mp4,blind,107,features_cache/65209.pt,65209
wlasl/videos/06649.mp4,blind,107,features_cache/06649.pt,06649
wlasl/videos/06650.mp4,blind,107,features_cache/06650.pt,06650
wlasl/videos/06651.mp4,blind,107,features_cache/06651.pt,06651
wlasl/videos/07196.mp4,bored,112,features_cache/07196.pt,07196
wlasl/videos/07197.mp4,bored,112,features_cache/07197.pt,07197
wlasl/videos/07198.mp4,bored,112,features_cache/07198.pt,07198
wlasl/videos/07191.mp4,bored,112,features_cache/07191.pt,07191
wlasl/videos/07203.mp4,bored,112,features_cache/07203.pt,07203
wlasl/videos/65240.mp4,bowl,119,features_cache/65240.pt,65240
wlasl/videos/07371.mp4,bowl,119,features_cache/07371.pt,07371
wlasl/videos/07382.mp4,bowl,119,features_cache/07382.pt,07382
wlasl/videos/07373.mp4,bowl,119,features_cache/07373.pt,07373
wlasl/videos/69244.mp4,box,121,features_cache/69244.pt,69244
wlasl/videos/07424.mp4,box,121,features_cache/07424.pt,07424
wlasl/videos/65244.mp4,box,121,features_cache/65244.pt,65244
wlasl/videos/07417.mp4,box,121,features_cache/07417.pt,07417
wlasl/videos/07418.mp4,box,121,features_cache/07418.pt,07418
wlasl/videos/07421.mp4,box,121,features_cache/07421.pt,07421
wlasl/videos/65247.mp4,bracelet,124,features_cache/65247.pt,65247
wlasl/videos/07479.mp4,bracelet,124,features_cache/07479.pt,07479
wlasl/videos/07470.mp4,bracelet,124,features_cache/07470.pt,07470
wlasl/videos/07471.mp4,bracelet,124,features_cache/07471.pt,07471
wlasl/videos/07473.mp4,bracelet,124,features_cache/07473.pt,07473
wlasl/videos/07604.mp4,bread,126,features_cache/07604.pt,07604
wlasl/videos/07595.mp4,bread,126,features_cache/07595.pt,07595
wlasl/videos/07596.mp4,bread,126,features_cache/07596.pt,07596
wlasl/videos/07597.mp4,bread,126,features_cache/07597.pt,07597
wlasl/videos/07598.mp4,bread,126,features_cache/07598.pt,07598
wlasl/videos/07600.mp4,bread,126,features_cache/07600.pt,07600
wlasl/videos/08595.mp4,cafeteria,141,features_cache/08595.pt,08595
wlasl/videos/65284.mp4,cafeteria,141,features_cache/65284.pt,65284
wlasl/videos/08587.mp4,cafeteria,141,features_cache/08587.pt,08587
wlasl/videos/08588.mp4,cafeteria,141,features_cache/08588.pt,08588
wlasl/videos/08589.mp4,cafeteria,141,features_cache/08589.pt,08589
wlasl/videos/09234.mp4,car,154,features_cache/09234.pt,09234
wlasl/videos/09237.mp4,car,154,features_cache/09237.pt,09237
wlasl/videos/09238.mp4,car,154,features_cache/09238.pt,09238
wlasl/videos/09244.mp4,car,154,features_cache/09244.pt,09244
wlasl/videos/10400.mp4,chicken,180,features_cache/10400.pt,10400
wlasl/videos/10405.mp4,chicken,180,features_cache/10405.pt,10405
wlasl/videos/65349.mp4,chicken,180,features_cache/65349.pt,65349
wlasl/videos/10397.mp4,chicken,180,features_cache/10397.pt,10397
wlasl/videos/10450.mp4,child,181,features_cache/10450.pt,10450
wlasl/videos/65351.mp4,child,181,features_cache/65351.pt,65351
wlasl/videos/10443.mp4,child,181,features_cache/10443.pt,10443
wlasl/videos/10453.mp4,child,181,features_cache/10453.pt,10453
wlasl/videos/10444.mp4,child,181,features_cache/10444.pt,10444
wlasl/videos/10445.mp4,child,181,features_cache/10445.pt,10445
wlasl/videos/10447.mp4,child,181,features_cache/10447.pt,10447
wlasl/videos/10631.mp4,choose,185,features_cache/10631.pt,10631
wlasl/videos/10632.mp4,choose,185,features_cache/10632.pt,10632
wlasl/videos/10634.mp4,choose,185,features_cache/10634.pt,10634
wlasl/videos/10635.mp4,choose,185,features_cache/10635.pt,10635
wlasl/videos/10636.mp4,choose,185,features_cache/10636.pt,10636
wlasl/videos/10637.mp4,choose,185,features_cache/10637.pt,10637
wlasl/videos/10777.mp4,church,187,features_cache/10777.pt,10777
wlasl/videos/10769.mp4,church,187,features_cache/10769.pt,10769
wlasl/videos/10770.mp4,church,187,features_cache/10770.pt,10770
wlasl/videos/10771.mp4,church,187,features_cache/10771.pt,10771
wlasl/videos/69280.mp4,cookie,217,features_cache/69280.pt,69280
wlasl/videos/13179.mp4,cookie,217,features_cache/13179.pt,13179
wlasl/videos/13172.mp4,cookie,217,features_cache/13172.pt,13172
wlasl/videos/13182.mp4,cookie,217,features_cache/13182.pt,13182
wlasl/videos/13173.mp4,cookie,217,features_cache/13173.pt,13173
wlasl/videos/13175.mp4,cookie,217,features_cache/13175.pt,13175
wlasl/videos/14287.mp4,cup,235,features_cache/14287.pt,14287
wlasl/videos/14298.mp4,cup,235,features_cache/14298.pt,14298
wlasl/videos/14288.mp4,cup,235,features_cache/14288.pt,14288
wlasl/videos/14467.mp4,cut,239,features_cache/14467.pt,14467
wlasl/videos/14478.mp4,cut,239,features_cache/14478.pt,14478
wlasl/videos/14479.mp4,cut,239,features_cache/14479.pt,14479
wlasl/videos/14482.mp4,cut,239,features_cache/14482.pt,14482
wlasl/videos/15099.mp4,decorate,249,features_cache/15099.pt,15099
wlasl/videos/15103.mp4,decorate,249,features_cache/15103.pt,15103
wlasl/videos/15093.mp4,decorate,249,features_cache/15093.pt,15093
wlasl/videos/15094.mp4,decorate,249,features_cache/15094.pt,15094
wlasl/videos/15095.mp4,decorate,249,features_cache/15095.pt,15095
wlasl/videos/15166.mp4,deep,250,features_cache/15166.pt,15166
wlasl/videos/65453.mp4,deep,250,features_cache/65453.pt,65453
wlasl/videos/15157.mp4,deep,250,features_cache/15157.pt,15157
wlasl/videos/15158.mp4,deep,250,features_cache/15158.pt,15158
wlasl/videos/15159.mp4,deep,250,features_cache/15159.pt,15159
wlasl/videos/69292.mp4,deer,251,features_cache/69292.pt,69292
wlasl/videos/15180.mp4,deer,251,features_cache/15180.pt,15180
wlasl/videos/15171.mp4,deer,251,features_cache/15171.pt,15171
wlasl/videos/15172.mp4,deer,251,features_cache/15172.pt,15172
wlasl/videos/15173.mp4,deer,251,features_cache/15173.pt,15173
wlasl/videos/15176.mp4,deer,251,features_cache/15176.pt,15176
wlasl/videos/65460.mp4,dentist,255,features_cache/65460.pt,65460
wlasl/videos/15528.mp4,dentist,255,features_cache/15528.pt,15528
wlasl/videos/15529.mp4,dentist,255,features_cache/15529.pt,15529
wlasl/videos/15530.mp4,dentist,255,features_cache/15530.pt,15530
wlasl/videos/15533.mp4,dentist,255,features_cache/15533.pt,15533
wlasl/videos/69296.mp4,dirty,270,features_cache/69296.pt,69296
wlasl/videos/16411.mp4,dirty,270,features_cache/16411.pt,16411
wlasl/videos/16412.mp4,dirty,270,features_cache/16412.pt,16412
wlasl/videos/65485.mp4,dirty,270,features_cache/65485.pt,65485
wlasl/videos/16404.mp4,dirty,270,features_cache/16404.pt,16404
wlasl/videos/16405.mp4,dirty,270,features_cache/16405.pt,16405
wlasl/videos/16406.mp4,dirty,270,features_cache/16406.pt,16406
wlasl/videos/16897.mp4,dive,275,features_cache/16897.pt,16897
wlasl/videos/65495.mp4,dive,275,features_cache/65495.pt,65495
wlasl/videos/16892.mp4,dive,275,features_cache/16892.pt,16892
wlasl/videos/16893.mp4,dive,275,features_cache/16893.pt,16893
wlasl/videos/16894.mp4,dive,275,features_cache/16894.pt,16894
wlasl/videos/16895.mp4,dive,275,features_cache/16895.pt,16895
wlasl/videos/69301.mp4,down,286,features_cache/69301.pt,69301
wlasl/videos/17436.mp4,down,286,features_cache/17436.pt,17436
wlasl/videos/65526.mp4,down,286,features_cache/65526.pt,65526
wlasl/videos/17428.mp4,down,286,features_cache/17428.pt,17428
wlasl/videos/17429.mp4,down,286,features_cache/17429.pt,17429
wlasl/videos/17430.mp4,down,286,features_cache/17430.pt,17430
wlasl/videos/17431.mp4,down,286,features_cache/17431.pt,17431
wlasl/videos/17433.mp4,down,286,features_cache/17433.pt,17433
wlasl/videos/69304.mp4,dry,295,features_cache/69304.pt,69304
wlasl/videos/17939.mp4,dry,295,features_cache/17939.pt,17939
wlasl/videos/65549.mp4,dry,295,features_cache/65549.pt,65549
wlasl/videos/17930.mp4,dry,295,features_cache/17930.pt,17930
wlasl/videos/17931.mp4,dry,295,features_cache/17931.pt,17931
wlasl/videos/17932.mp4,dry,295,features_cache/17932.pt,17932
wlasl/videos/17933.mp4,dry,295,features_cache/17933.pt,17933
wlasl/videos/17935.mp4,dry,295,features_cache/17935.pt,17935
wlasl/videos/69306.mp4,ear,301,features_cache/69306.pt,69306
wlasl/videos/18161.mp4,ear,301,features_cache/18161.pt,18161
wlasl/videos/65591.mp4,ear,301,features_cache/65591.pt,65591
wlasl/videos/65590.mp4,ear,301,features_cache/65590.pt,65590
wlasl/videos/18154.mp4,ear,301,features_cache/18154.pt,18154
wlasl/videos/18155.mp4,ear,301,features_cache/18155.pt,18155
wlasl/videos/18204.mp4,earn,303,features_cache/18204.pt,18204
wlasl/videos/65594.mp4,earn,303,features_cache/65594.pt,65594
wlasl/videos/18195.mp4,earn,303,features_cache/18195.pt,18195
wlasl/videos/18196.mp4,earn,303,features_cache/18196.pt,18196
wlasl/videos/18197.mp4,earn,303,features_cache/18197.pt,18197
wlasl/videos/18199.mp4,earn,303,features_cache/18199.pt,18199
wlasl/videos/65595.mp4,earring,304,features_cache/65595.pt,65595
wlasl/videos/18228.mp4,earring,304,features_cache/18228.pt,18228
wlasl/videos/18221.mp4,earring,304,features_cache/18221.pt,18221
wlasl/videos/65620.mp4,elephant,314,features_cache/65620.pt,65620
wlasl/videos/18779.mp4,elephant,314,features_cache/18779.pt,18779
wlasl/videos/18770.mp4,elephant,314,features_cache/18770.pt,18770
wlasl/videos/18771.mp4,elephant,314,features_cache/18771.pt,18771
wlasl/videos/18773.mp4,elephant,314,features_cache/18773.pt,18773
wlasl/videos/19239.mp4,english,322,features_cache/19239.pt,19239
wlasl/videos/65634.mp4,english,322,features_cache/65634.pt,65634
wlasl/videos/19232.mp4,english,322,features_cache/19232.pt,19232
wlasl/videos/19233.mp4,english,322,features_cache/19233.pt,19233
wlasl/videos/19236.mp4,english,322,features_cache/19236.pt,19236
wlasl/videos/19563.mp4,escape,328,features_cache/19563.pt,19563
wlasl/videos/65644.mp4,escape,328,features_cache/65644.pt,65644
wlasl/videos/19567.mp4,escape,328,features_cache/19567.pt,19567
wlasl/videos/19557.mp4,escape,328,features_cache/19557.pt,19557
wlasl/videos/19558.mp4,escape,328,features_cache/19558.pt,19558
wlasl/videos/19560.mp4,escape,328,features_cache/19560.pt,19560
wlasl/videos/20369.mp4,expensive,341,features_cache/20369.pt,20369
wlasl/videos/20370.mp4,expensive,341,features_cache/20370.pt,20370
wlasl/videos/20373.mp4,expensive,341,features_cache/20373.pt,20373
wlasl/videos/20363.mp4,expensive,341,features_cache/20363.pt,20363
wlasl/videos/20364.mp4,expensive,341,features_cache/20364.pt,20364
wlasl/videos/20366.mp4,expensive,341,features_cache/20366.pt,20366
wlasl/videos/20445.mp4,explain,345,features_cache/20445.pt,20445
wlasl/videos/20435.mp4,explain,345,features_cache/20435.pt,20435
wlasl/videos/20436.mp4,explain,345,features_cache/20436.pt,20436
wlasl/videos/20437.mp4,explain,345,features_cache/20437.pt,20437
wlasl/videos/21168.mp4,fast,352,features_cache/21168.pt,21168
wlasl/videos/21187.mp4,fast,352,features_cache/21187.pt,21187
wlasl/videos/21169.mp4,fast,352,features_cache/21169.pt,21169
wlasl/videos/21172.mp4,fast,352,features_cache/21172.pt,21172
wlasl/videos/65690.mp4,fast,352,features_cache/65690.pt,65690
wlasl/videos/21175.mp4,fast,352,features_cache/21175.pt,21175
wlasl/videos/21710.mp4,fight,362,features_cache/21710.pt,21710
wlasl/videos/21695.mp4,fight,362,features_cache/21695.pt,21695
wlasl/videos/21697.mp4,fight,362,features_cache/21697.pt,21697
wlasl/videos/65711.mp4,fight,362,features_cache/65711.pt,65711
wlasl/videos/21694.mp4,fight,362,features_cache/21694.pt,21694
wlasl/videos/21706.mp4,fight,362,features_cache/21706.pt,21706
wlasl/videos/21858.mp4,find,364,features_cache/21858.pt,21858
wlasl/videos/21859.mp4,find,364,features_cache/21859.pt,21859
wlasl/videos/21863.mp4,find,364,features_cache/21863.pt,21863
wlasl/videos/21852.mp4,find,364,features_cache/21852.pt,21852
wlasl/videos/21854.mp4,find,364,features_cache/21854.pt,21854
wlasl/videos/65732.mp4,fishing,369,features_cache/65732.pt,65732
wlasl/videos/22141.mp4,fishing,369,features_cache/22141.pt,22141
wlasl/videos/22132.mp4,fishing,369,features_cache/22132.pt,22132
wlasl/videos/22133.mp4,fishing,369,features_cache/22133.pt,22133
wlasl/videos/22135.mp4,fishing,369,features_cache/22135.pt,22135
wlasl/videos/22499.mp4,floor,371,features_cache/22499.pt,22499
wlasl/videos/22502.mp4,floor,371,features_cache/22502.pt,22502
wlasl/videos/22493.mp4,floor,371,features_cache/22493.pt,22493
wlasl/videos/22643.mp4,fly,373,features_cache/22643.pt,22643
wlasl/videos/22645.mp4,fly,373,features_cache/22645.pt,22645
wlasl/videos/22646.mp4,fly,373,features_cache/22646.pt,22646
wlasl/videos/22627.mp4,fly,373,features_cache/22627.pt,22627
wlasl/videos/22635.mp4,fly,373,features_cache/22635.pt,22635
wlasl/videos/22636.mp4,fly,373,features_cache/22636.pt,22636
wlasl/videos/22640.mp4,fly,373,features_cache/22640.pt,22640
wlasl/videos/22723.mp4,follow,375,features_cache/22723.pt,22723
wlasl/videos/65752.mp4,follow,375,features_cache/65752.pt,65752
wlasl/videos/65751.mp4,follow,375,features_cache/65751.pt,65751
wlasl/videos/22715.mp4,follow,375,features_cache/22715.pt,22715
wlasl/videos/22716.mp4,follow,375,features_cache/22716.pt,22716
wlasl/videos/22717.mp4,follow,375,features_cache/22717.pt,22717
wlasl/videos/69337.mp4,from,390,features_cache/69337.pt,69337
wlasl/videos/23645.mp4,from,390,features_cache/23645.pt,23645
wlasl/videos/65785.mp4,from,390,features_cache/65785.pt,65785
wlasl/videos/23638.mp4,from,390,features_cache/23638.pt,23638
wlasl/videos/23639.mp4,from,390,features_cache/23639.pt,23639
wlasl/videos/23640.mp4,from,390,features_cache/23640.pt,23640
wlasl/videos/23642.mp4,from,390,features_cache/23642.pt,23642
wlasl/videos/69341.mp4,get,401,features_cache/69341.pt,69341
wlasl/videos/24447.mp4,get,401,features_cache/24447.pt,24447
wlasl/videos/65808.mp4,get,401,features_cache/65808.pt,65808
wlasl/videos/24438.mp4,get,401,features_cache/24438.pt,24438
wlasl/videos/24439.mp4,get,401,features_cache/24439.pt,24439
wlasl/videos/26503.mp4,happen,436,features_cache/26503.pt,26503
wlasl/videos/26494.mp4,happen,436,features_cache/26494.pt,26494
wlasl/videos/26495.mp4,happen,436,features_cache/26495.pt,26495
wlasl/videos/26496.mp4,happen,436,features_cache/26496.pt,26496
wlasl/videos/26497.mp4,happen,436,features_cache/26497.pt,26497
wlasl/videos/26499.mp4,happen,436,features_cache/26499.pt,26499
wlasl/videos/27184.mp4,hello,449,features_cache/27184.pt,27184
wlasl/videos/27173.mp4,hello,449,features_cache/27173.pt,27173
wlasl/videos/27596.mp4,hit,457,features_cache/27596.pt,27596
wlasl/videos/27591.mp4,hit,457,features_cache/27591.pt,27591
wlasl/videos/27604.mp4,hit,457,features_cache/27604.pt,27604
wlasl/videos/27593.mp4,hit,457,features_cache/27593.pt,27593
wlasl/videos/28041.mp4,hospital,463,features_cache/28041.pt,28041
wlasl/videos/28033.mp4,hospital,463,features_cache/28033.pt,28033
wlasl/videos/28044.mp4,hospital,463,features_cache/28044.pt,28044
wlasl/videos/28035.mp4,hospital,463,features_cache/28035.pt,28035
wlasl/videos/28655.mp4,idea,474,features_cache/28655.pt,28655
wlasl/videos/65918.mp4,idea,474,features_cache/65918.pt,65918
wlasl/videos/28658.mp4,idea,474,features_cache/28658.pt,28658
wlasl/videos/28648.mp4,idea,474,features_cache/28648.pt,28648
wlasl/videos/28650.mp4,idea,474,features_cache/28650.pt,28650
wlasl/videos/69376.mp4,important,477,features_cache/69376.pt,69376
wlasl/videos/29068.mp4,important,477,features_cache/29068.pt,29068
wlasl/videos/65926.mp4,important,477,features_cache/65926.pt,65926
wlasl/videos/29065.mp4,important,477,features_cache/29065.pt,29065
wlasl/videos/29069.mp4,important,477,features_cache/29069.pt,29069
wlasl/videos/29066.mp4,important,477,features_cache/29066.pt,29066
wlasl/videos/30474.mp4,investigate,494,features_cache/30474.pt,30474
wlasl/videos/30468.mp4,investigate,494,features_cache/30468.pt,30468
wlasl/videos/30470.mp4,investigate,494,features_cache/30470.pt,30470
wlasl/videos/30941.mp4,japan,499,features_cache/30941.pt,30941
wlasl/videos/30946.mp4,japan,499,features_cache/30946.pt,30946
wlasl/videos/30935.mp4,japan,499,features_cache/30935.pt,30935
wlasl/videos/30936.mp4,japan,499,features_cache/30936.pt,30936
wlasl/videos/30978.mp4,jealous,500,features_cache/30978.pt,30978
wlasl/videos/30979.mp4,jealous,500,features_cache/30979.pt,30979
wlasl/videos/30983.mp4,jealous,500,features_cache/30983.pt,30983
wlasl/videos/30984.mp4,jealous,500,features_cache/30984.pt,30984
wlasl/videos/30985.mp4,jealous,500,features_cache/30985.pt,30985
wlasl/videos/30988.mp4,jealous,500,features_cache/30988.pt,30988
wlasl/videos/65994.mp4,king,507,features_cache/65994.pt,65994
wlasl/videos/31730.mp4,king,507,features_cache/31730.pt,31730
wlasl/videos/31740.mp4,king,507,features_cache/31740.pt,31740
wlasl/videos/31731.mp4,king,507,features_cache/31731.pt,31731
wlasl/videos/31733.mp4,king,507,features_cache/31733.pt,31733
wlasl/videos/31775.mp4,kitchen,509,features_cache/31775.pt,31775
wlasl/videos/31778.mp4,kitchen,509,features_cache/31778.pt,31778
wlasl/videos/65997.mp4,kitchen,509,features_cache/65997.pt,65997
wlasl/videos/31773.mp4,kitchen,509,features_cache/31773.pt,31773
wlasl/videos/31774.mp4,kitchen,509,features_cache/31774.pt,31774
wlasl/videos/32203.mp4,large,514,features_cache/32203.pt,32203
wlasl/videos/32214.mp4,large,514,features_cache/32214.pt,32214
wlasl/videos/32204.mp4,large,514,features_cache/32204.pt,32204
wlasl/videos/32205.mp4,large,514,features_cache/32205.pt,32205
wlasl/videos/32207.mp4,large,514,features_cache/32207.pt,32207
wlasl/videos/66012.mp4,last year,516,features_cache/66012.pt,66012
wlasl/videos/32293.mp4,last year,516,features_cache/32293.pt,32293
wlasl/videos/32282.mp4,last year,516,features_cache/32282.pt,32282
wlasl/videos/32284.mp4,last year,516,features_cache/32284.pt,32284
wlasl/videos/32820.mp4,lemon,527,features_cache/32820.pt,32820
wlasl/videos/66030.mp4,lemon,527,features_cache/66030.pt,66030
wlasl/videos/66031.mp4,lemon,527,features_cache/66031.pt,66031
wlasl/videos/66032.mp4,lemon,527,features_cache/66032.pt,66032
wlasl/videos/66033.mp4,lemon,527,features_cache/66033.pt,66033
wlasl/videos/66065.mp4,lettuce,531,features_cache/66065.pt,66065
wlasl/videos/32972.mp4,lettuce,531,features_cache/32972.pt,32972
wlasl/videos/32963.mp4,lettuce,531,features_cache/32963.pt,32963
wlasl/videos/32964.mp4,lettuce,531,features_cache/32964.pt,32964
wlasl/videos/32966.mp4,lettuce,531,features_cache/32966.pt,32966
wlasl/videos/66104.mp4,marry,557,features_cache/66104.pt,66104
wlasl/videos/34965.mp4,marry,557,features_cache/34965.pt,34965
wlasl/videos/34956.mp4,marry,557,features_cache/34956.pt,34956
wlasl/videos/34957.mp4,marry,557,features_cache/34957.pt,34957
wlasl/videos/34958.mp4,marry,557,features_cache/34958.pt,34958
wlasl/videos/35534.mp4,meeting,567,features_cache/35534.pt,35534
wlasl/videos/35525.mp4,meeting,567,features_cache/35525.pt,35525
wlasl/videos/35526.mp4,meeting,567,features_cache/35526.pt,35526
wlasl/videos/35527.mp4,meeting,567,features_cache/35527.pt,35527
wlasl/videos/36251.mp4,minute,572,features_cache/36251.pt,36251
wlasl/videos/66127.mp4,minute,572,features_cache/66127.pt,66127
wlasl/videos/36242.mp4,minute,572,features_cache/36242.pt,36242
wlasl/videos/36243.mp4,minute,572,features_cache/36243.pt,36243
wlasl/videos/36244.mp4,minute,572,features_cache/36244.pt,36244
wlasl/videos/36248.mp4,minute,572,features_cache/36248.pt,36248
wlasl/videos/36266.mp4,mirror,573,features_cache/36266.pt,36266
wlasl/videos/66129.mp4,mirror,573,features_cache/66129.pt,66129
wlasl/videos/36269.mp4,mirror,573,features_cache/36269.pt,36269
wlasl/videos/36260.mp4,mirror,573,features_cache/36260.pt,36260
wlasl/videos/36261.mp4,mirror,573,features_cache/36261.pt,36261
wlasl/videos/36263.mp4,mirror,573,features_cache/36263.pt,36263
wlasl/videos/36342.mp4,miss,574,features_cache/36342.pt,36342
wlasl/videos/36343.mp4,miss,574,features_cache/36343.pt,36343
wlasl/videos/36335.mp4,miss,574,features_cache/36335.pt,36335
wlasl/videos/36350.mp4,miss,574,features_cache/36350.pt,36350
wlasl/videos/36336.mp4,miss,574,features_cache/36336.pt,36336
wlasl/videos/66140.mp4,monkey,578,features_cache/66140.pt,66140
wlasl/videos/36687.mp4,monkey,578,features_cache/36687.pt,36687
wlasl/videos/36678.mp4,monkey,578,features_cache/36678.pt,36678
wlasl/videos/36679.mp4,monkey,578,features_cache/36679.pt,36679
wlasl/videos/36681.mp4,monkey,578,features_cache/36681.pt,36681
wlasl/videos/36866.mp4,morning,582,features_cache/36866.pt,36866
wlasl/videos/36857.mp4,morning,582,features_cache/36857.pt,36857
wlasl/videos/36858.mp4,morning,582,features_cache/36858.pt,36858
wlasl/videos/36860.mp4,morning,582,features_cache/36860.pt,36860
wlasl/videos/37001.mp4,motorcycle,585,features_cache/37001.pt,37001
wlasl/videos/36992.mp4,motorcycle,585,features_cache/36992.pt,36992
wlasl/videos/36993.mp4,motorcycle,585,features_cache/36993.pt,36993
wlasl/videos/36994.mp4,motorcycle,585,features_cache/36994.pt,36994
wlasl/videos/36996.mp4,motorcycle,585,features_cache/36996.pt,36996
wlasl/videos/37852.mp4,necklace,603,features_cache/37852.pt,37852
wlasl/videos/37853.mp4,necklace,603,features_cache/37853.pt,37853
wlasl/videos/37855.mp4,necklace,603,features_cache/37855.pt,37855
wlasl/videos/37864.mp4,necklace,603,features_cache/37864.pt,37864
wlasl/videos/37850.mp4,necklace,603,features_cache/37850.pt,37850
wlasl/videos/38092.mp4,never,610,features_cache/38092.pt,38092
wlasl/videos/66166.mp4,never,610,features_cache/66166.pt,66166
wlasl/videos/38084.mp4,never,610,features_cache/38084.pt,38084
wlasl/videos/38085.mp4,never,610,features_cache/38085.pt,38085
wlasl/videos/38086.mp4,never,610,features_cache/38086.pt,38086
wlasl/videos/38186.mp4,newspaper,612,features_cache/38186.pt,38186
wlasl/videos/38178.mp4,newspaper,612,features_cache/38178.pt,38178
wlasl/videos/38179.mp4,newspaper,612,features_cache/38179.pt,38179
wlasl/videos/38181.mp4,newspaper,612,features_cache/38181.pt,38181
wlasl/videos/38345.mp4,night,616,features_cache/38345.pt,38345
wlasl/videos/38336.mp4,night,616,features_cache/38336.pt,38336
wlasl/videos/38337.mp4,night,616,features_cache/38337.pt,38337
wlasl/videos/39853.mp4,onion,633,features_cache/39853.pt,39853
wlasl/videos/39854.mp4,onion,633,features_cache/39854.pt,39854
wlasl/videos/39857.mp4,onion,633,features_cache/39857.pt,39857
wlasl/videos/39847.mp4,onion,633,features_cache/39847.pt,39847
wlasl/videos/39848.mp4,onion,633,features_cache/39848.pt,39848
wlasl/videos/39850.mp4,onion,633,features_cache/39850.pt,39850
wlasl/videos/69426.mp4,people,657,features_cache/69426.pt,69426
wlasl/videos/41931.mp4,people,657,features_cache/41931.pt,41931
wlasl/videos/41922.mp4,people,657,features_cache/41922.pt,41922
wlasl/videos/41923.mp4,people,657,features_cache/41923.pt,41923
wlasl/videos/41942.mp4,pepper,658,features_cache/41942.pt,41942
wlasl/videos/41943.mp4,pepper,658,features_cache/41943.pt,41943
wlasl/videos/41945.mp4,pepper,658,features_cache/41945.pt,41945
wlasl/videos/41939.mp4,pepper,658,features_cache/41939.pt,41939
wlasl/videos/42423.mp4,phone,664,features_cache/42423.pt,42423
wlasl/videos/42434.mp4,phone,664,features_cache/42434.pt,42434
wlasl/videos/42424.mp4,phone,664,features_cache/42424.pt,42424
wlasl/videos/42425.mp4,phone,664,features_cache/42425.pt,42425
wlasl/videos/42660.mp4,picture,666,features_cache/42660.pt,42660
wlasl/videos/42651.mp4,picture,666,features_cache/42651.pt,42651
wlasl/videos/42652.mp4,picture,666,features_cache/42652.pt,42652
wlasl/videos/42653.mp4,picture,666,features_cache/42653.pt,42653
wlasl/videos/42654.mp4,picture,666,features_cache/42654.pt,42654
wlasl/videos/42656.mp4,picture,666,features_cache/42656.pt,42656
wlasl/videos/66303.mp4,plus,675,features_cache/66303.pt,66303
wlasl/videos/43339.mp4,plus,675,features_cache/43339.pt,43339
wlasl/videos/43349.mp4,plus,675,features_cache/43349.pt,43349
wlasl/videos/43340.mp4,plus,675,features_cache/43340.pt,43340
wlasl/videos/43342.mp4,plus,675,features_cache/43342.pt,43342
wlasl/videos/43461.mp4,point,676,features_cache/43461.pt,43461
wlasl/videos/43462.mp4,point,676,features_cache/43462.pt,43462
wlasl/videos/43444.mp4,point,676,features_cache/43444.pt,43444
wlasl/videos/43445.mp4,point,676,features_cache/43445.pt,43445
wlasl/videos/43446.mp4,point,676,features_cache/43446.pt,43446
wlasl/videos/43447.mp4,point,676,features_cache/43447.pt,43447
wlasl/videos/43443.mp4,point,676,features_cache/43443.pt,43443
wlasl/videos/43689.mp4,poor,680,features_cache/43689.pt,43689
wlasl/videos/43679.mp4,poor,680,features_cache/43679.pt,43679
wlasl/videos/43680.mp4,poor,680,features_cache/43680.pt,43680
wlasl/videos/43682.mp4,poor,680,features_cache/43682.pt,43682
wlasl/videos/43834.mp4,possible,682,features_cache/43834.pt,43834
wlasl/videos/43835.mp4,possible,682,features_cache/43835.pt,43835
wlasl/videos/43836.mp4,possible,682,features_cache/43836.pt,43836
wlasl/videos/66316.mp4,possible,682,features_cache/66316.pt,66316
wlasl/videos/43839.mp4,possible,682,features_cache/43839.pt,43839
wlasl/videos/43830.mp4,possible,682,features_cache/43830.pt,43830
wlasl/videos/45762.mp4,quiet,718,features_cache/45762.pt,45762
wlasl/videos/66365.mp4,quiet,718,features_cache/66365.pt,66365
wlasl/videos/45757.mp4,quiet,718,features_cache/45757.pt,45757
wlasl/videos/45767.mp4,quiet,718,features_cache/45767.pt,45767
wlasl/videos/45759.mp4,quiet,718,features_cache/45759.pt,45759
wlasl/videos/46001.mp4,rain,723,features_cache/46001.pt,46001
wlasl/videos/66369.mp4,rain,723,features_cache/66369.pt,66369
wlasl/videos/45993.mp4,rain,723,features_cache/45993.pt,45993
wlasl/videos/45994.mp4,rain,723,features_cache/45994.pt,45994
wlasl/videos/45995.mp4,rain,723,features_cache/45995.pt,45995
wlasl/videos/46305.mp4,ready,728,features_cache/46305.pt,46305
wlasl/videos/46288.mp4,ready,728,features_cache/46288.pt,46288
wlasl/videos/46289.mp4,ready,728,features_cache/46289.pt,46289
wlasl/videos/46291.mp4,ready,728,features_cache/46291.pt,46291
wlasl/videos/46292.mp4,ready,728,features_cache/46292.pt,46292
wlasl/videos/46293.mp4,ready,728,features_cache/46293.pt,46293
wlasl/videos/46296.mp4,ready,728,features_cache/46296.pt,46296
wlasl/videos/46299.mp4,ready,728,features_cache/46299.pt,46299
wlasl/videos/47496.mp4,research,738,features_cache/47496.pt,47496
wlasl/videos/66393.mp4,research,738,features_cache/66393.pt,66393
wlasl/videos/47490.mp4,research,738,features_cache/47490.pt,47490
wlasl/videos/47492.mp4,research,738,features_cache/47492.pt,47492
wlasl/videos/49483.mp4,scared,766,features_cache/49483.pt,49483
wlasl/videos/66432.mp4,scared,766,features_cache/66432.pt,66432
wlasl/videos/49477.mp4,scared,766,features_cache/49477.pt,49477
wlasl/videos/49487.mp4,scared,766,features_cache/49487.pt,49487
wlasl/videos/49478.mp4,scared,766,features_cache/49478.pt,49478
wlasl/videos/49480.mp4,scared,766,features_cache/49480.pt,49480
wlasl/videos/49640.mp4,science,769,features_cache/49640.pt,49640
wlasl/videos/49631.mp4,science,769,features_cache/49631.pt,49631
wlasl/videos/49632.mp4,science,769,features_cache/49632.pt,49632
wlasl/videos/49633.mp4,science,769,features_cache/49633.pt,49633
wlasl/videos/49634.mp4,science,769,features_cache/49634.pt,49634
wlasl/videos/49694.mp4,score,772,features_cache/49694.pt,49694
wlasl/videos/49695.mp4,score,772,features_cache/49695.pt,49695
wlasl/videos/49697.mp4,score,772,features_cache/49697.pt,49697
wlasl/videos/66434.mp4,score,772,features_cache/66434.pt,66434
wlasl/videos/49702.mp4,score,772,features_cache/49702.pt,49702
wlasl/videos/49706.mp4,score,772,features_cache/49706.pt,49706
wlasl/videos/49692.mp4,score,772,features_cache/49692.pt,49692
wlasl/videos/50414.mp4,sentence,783,features_cache/50414.pt,50414
wlasl/videos/50415.mp4,sentence,783,features_cache/50415.pt,50415
wlasl/videos/50420.mp4,sentence,783,features_cache/50420.pt,50420
wlasl/videos/50409.mp4,sentence,783,features_cache/50409.pt,50409
wlasl/videos/50410.mp4,sentence,783,features_cache/50410.pt,50410
wlasl/videos/50411.mp4,sentence,783,features_cache/50411.pt,50411
wlasl/videos/69465.mp4,shape,788,features_cache/69465.pt,69465
wlasl/videos/50845.mp4,shape,788,features_cache/50845.pt,50845
wlasl/videos/50835.mp4,shape,788,features_cache/50835.pt,50835
wlasl/videos/50836.mp4,shape,788,features_cache/50836.pt,50836
wlasl/videos/50838.mp4,shape,788,features_cache/50838.pt,50838
wlasl/videos/51916.mp4,sit,810,features_cache/51916.pt,51916
wlasl/videos/51927.mp4,sit,810,features_cache/51927.pt,51927
wlasl/videos/51917.mp4,sit,810,features_cache/51917.pt,51917
wlasl/videos/51919.mp4,sit,810,features_cache/51919.pt,51919
wlasl/videos/52515.mp4,slow,817,features_cache/52515.pt,52515
wlasl/videos/66508.mp4,slow,817,features_cache/66508.pt,66508
wlasl/videos/52506.mp4,slow,817,features_cache/52506.pt,52506
wlasl/videos/52507.mp4,slow,817,features_cache/52507.pt,52507
wlasl/videos/52508.mp4,slow,817,features_cache/52508.pt,52508
wlasl/videos/52510.mp4,slow,817,features_cache/52510.pt,52510
wlasl/videos/52720.mp4,snake,821,features_cache/52720.pt,52720
wlasl/videos/66515.mp4,snake,821,features_cache/66515.pt,66515
wlasl/videos/52711.mp4,snake,821,features_cache/52711.pt,52711
wlasl/videos/52712.mp4,snake,821,features_cache/52712.pt,52712
wlasl/videos/52713.mp4,snake,821,features_cache/52713.pt,52713
wlasl/videos/52926.mp4,soap,823,features_cache/52926.pt,52926
wlasl/videos/66522.mp4,soap,823,features_cache/66522.pt,66522
wlasl/videos/52917.mp4,soap,823,features_cache/52917.pt,52917
wlasl/videos/52918.mp4,soap,823,features_cache/52918.pt,52918
wlasl/videos/52919.mp4,soap,823,features_cache/52919.pt,52919
wlasl/videos/52921.mp4,soap,823,features_cache/52921.pt,52921
wlasl/videos/69482.mp4,soda,826,features_cache/69482.pt,69482
wlasl/videos/53024.mp4,soda,826,features_cache/53024.pt,53024
wlasl/videos/53025.mp4,soda,826,features_cache/53025.pt,53025
wlasl/videos/53026.mp4,soda,826,features_cache/53026.pt,53026
wlasl/videos/53028.mp4,soda,826,features_cache/53028.pt,53028
wlasl/videos/53706.mp4,speech,840,features_cache/53706.pt,53706
wlasl/videos/53707.mp4,speech,840,features_cache/53707.pt,53707
wlasl/videos/53709.mp4,speech,840,features_cache/53709.pt,53709
wlasl/videos/53710.mp4,speech,840,features_cache/53710.pt,53710
wlasl/videos/53698.mp4,speech,840,features_cache/53698.pt,53698
wlasl/videos/53699.mp4,speech,840,features_cache/53699.pt,53699
wlasl/videos/54444.mp4,star,850,features_cache/54444.pt,54444
wlasl/videos/54437.mp4,star,850,features_cache/54437.pt,54437
wlasl/videos/54447.mp4,star,850,features_cache/54447.pt,54447
wlasl/videos/54438.mp4,star,850,features_cache/54438.pt,54438
wlasl/videos/54439.mp4,star,850,features_cache/54439.pt,54439
wlasl/videos/54828.mp4,stink,855,features_cache/54828.pt,54828
wlasl/videos/66557.mp4,stink,855,features_cache/66557.pt,66557
wlasl/videos/66558.mp4,stink,855,features_cache/66558.pt,66558
wlasl/videos/54820.mp4,stink,855,features_cache/54820.pt,54820
wlasl/videos/54821.mp4,stink,855,features_cache/54821.pt,54821
wlasl/videos/54822.mp4,stink,855,features_cache/54822.pt,54822
wlasl/videos/66573.mp4,struggle,868,features_cache/66573.pt,66573
wlasl/videos/55308.mp4,struggle,868,features_cache/55308.pt,55308
wlasl/videos/55299.mp4,struggle,868,features_cache/55299.pt,55299
wlasl/videos/55300.mp4,struggle,868,features_cache/55300.pt,55300
wlasl/videos/55301.mp4,struggle,868,features_cache/55301.pt,55301
wlasl/videos/55321.mp4,stubborn,869,features_cache/55321.pt,55321
wlasl/videos/66574.mp4,stubborn,869,features_cache/66574.pt,66574
wlasl/videos/55313.mp4,stubborn,869,features_cache/55313.pt,55313
wlasl/videos/55314.mp4,stubborn,869,features_cache/55314.pt,55314
wlasl/videos/55315.mp4,stubborn,869,features_cache/55315.pt,55315
wlasl/videos/55854.mp4,sunset,879,features_cache/55854.pt,55854
wlasl/videos/55864.mp4,sunset,879,features_cache/55864.pt,55864
wlasl/videos/55855.mp4,sunset,879,features_cache/55855.pt,55855
wlasl/videos/55856.mp4,sunset,879,features_cache/55856.pt,55856
wlasl/videos/56089.mp4,surgery,880,features_cache/56089.pt,56089
wlasl/videos/56081.mp4,surgery,880,features_cache/56081.pt,56081
wlasl/videos/56082.mp4,surgery,880,features_cache/56082.pt,56082
wlasl/videos/56084.mp4,surgery,880,features_cache/56084.pt,56084
wlasl/videos/57832.mp4,there,904,features_cache/57832.pt,57832
wlasl/videos/57825.mp4,there,904,features_cache/57825.pt,57825
wlasl/videos/57826.mp4,there,904,features_cache/57826.pt,57826
wlasl/videos/57828.mp4,there,904,features_cache/57828.pt,57828
wlasl/videos/69510.mp4,tiger,911,features_cache/69510.pt,69510
wlasl/videos/58452.mp4,tiger,911,features_cache/58452.pt,58452
wlasl/videos/66643.mp4,tiger,911,features_cache/66643.pt,66643
wlasl/videos/58444.mp4,tiger,911,features_cache/58444.pt,58444
wlasl/videos/58445.mp4,tiger,911,features_cache/58445.pt,58445
wlasl/videos/58446.mp4,tiger,911,features_cache/58446.pt,58446
wlasl/videos/58448.mp4,tiger,911,features_cache/58448.pt,58448
wlasl/videos/58655.mp4,toast,915,features_cache/58655.pt,58655
wlasl/videos/58657.mp4,toast,915,features_cache/58657.pt,58657
wlasl/videos/58651.mp4,toast,915,features_cache/58651.pt,58651
wlasl/videos/58652.mp4,toast,915,features_cache/58652.pt,58652
wlasl/videos/58653.mp4,toast,915,features_cache/58653.pt,58653
wlasl/videos/58742.mp4,toilet,918,features_cache/58742.pt,58742
wlasl/videos/58732.mp4,toilet,918,features_cache/58732.pt,58732
wlasl/videos/58733.mp4,toilet,918,features_cache/58733.pt,58733
wlasl/videos/66655.mp4,tomorrow,920,features_cache/66655.pt,66655
wlasl/videos/58814.mp4,tomorrow,920,features_cache/58814.pt,58814
wlasl/videos/58805.mp4,tomorrow,920,features_cache/58805.pt,58805
wlasl/videos/58806.mp4,tomorrow,920,features_cache/58806.pt,58806
wlasl/videos/58807.mp4,tomorrow,920,features_cache/58807.pt,58807
wlasl/videos/59155.mp4,town,922,features_cache/59155.pt,59155
wlasl/videos/59146.mp4,town,922,features_cache/59146.pt,59146
wlasl/videos/59147.mp4,town,922,features_cache/59147.pt,59147
wlasl/videos/59148.mp4,town,922,features_cache/59148.pt,59148
wlasl/videos/59149.mp4,town,922,features_cache/59149.pt,59149
wlasl/videos/59151.mp4,town,922,features_cache/59151.pt,59151
wlasl/videos/59153.mp4,town,922,features_cache/59153.pt,59153
wlasl/videos/59373.mp4,transfer,926,features_cache/59373.pt,59373
wlasl/videos/66667.mp4,transfer,926,features_cache/66667.pt,66667
wlasl/videos/59378.mp4,transfer,926,features_cache/59378.pt,59378
wlasl/videos/59367.mp4,transfer,926,features_cache/59367.pt,59367
wlasl/videos/59369.mp4,transfer,926,features_cache/59369.pt,59369
wlasl/videos/59555.mp4,tree,929,features_cache/59555.pt,59555
wlasl/videos/66673.mp4,tree,929,features_cache/66673.pt,66673
wlasl/videos/59546.mp4,tree,929,features_cache/59546.pt,59546
wlasl/videos/59547.mp4,tree,929,features_cache/59547.pt,59547
wlasl/videos/59548.mp4,tree,929,features_cache/59548.pt,59548
wlasl/videos/66677.mp4,truck,931,features_cache/66677.pt,66677
wlasl/videos/66678.mp4,truck,931,features_cache/66678.pt,66678
wlasl/videos/59764.mp4,truck,931,features_cache/59764.pt,59764
wlasl/videos/59774.mp4,truck,931,features_cache/59774.pt,59774
wlasl/videos/59765.mp4,truck,931,features_cache/59765.pt,59765
wlasl/videos/60465.mp4,uncle,936,features_cache/60465.pt,60465
wlasl/videos/60457.mp4,uncle,936,features_cache/60457.pt,60457
wlasl/videos/60458.mp4,uncle,936,features_cache/60458.pt,60458
wlasl/videos/60459.mp4,uncle,936,features_cache/60459.pt,60459
wlasl/videos/60460.mp4,uncle,936,features_cache/60460.pt,60460
wlasl/videos/60462.mp4,uncle,936,features_cache/60462.pt,60462
wlasl/videos/61150.mp4,vacation,944,features_cache/61150.pt,61150
wlasl/videos/66715.mp4,vacation,944,features_cache/66715.pt,66715
wlasl/videos/61142.mp4,vacation,944,features_cache/61142.pt,61142
wlasl/videos/61143.mp4,vacation,944,features_cache/61143.pt,61143
wlasl/videos/61144.mp4,vacation,944,features_cache/61144.pt,61144
wlasl/videos/61146.mp4,vacation,944,features_cache/61146.pt,61146
wlasl/videos/62643.mp4,weather,961,features_cache/62643.pt,62643
wlasl/videos/62645.mp4,weather,961,features_cache/62645.pt,62645
wlasl/videos/62646.mp4,weather,961,features_cache/62646.pt,62646
wlasl/videos/62650.mp4,weather,961,features_cache/62650.pt,62650
wlasl/videos/62639.mp4,weather,961,features_cache/62639.pt,62639
wlasl/videos/62641.mp4,weather,961,features_cache/62641.pt,62641
wlasl/videos/62738.mp4,weekend,965,features_cache/62738.pt,62738
wlasl/videos/66761.mp4,weekend,965,features_cache/66761.pt,66761
wlasl/videos/66760.mp4,weekend,965,features_cache/66760.pt,66760
wlasl/videos/62730.mp4,weekend,965,features_cache/62730.pt,62730
wlasl/videos/62731.mp4,weekend,965,features_cache/62731.pt,62731
wlasl/videos/62732.mp4,weekend,965,features_cache/62732.pt,62732
wlasl/videos/62734.mp4,weekend,965,features_cache/62734.pt,62734
wlasl/videos/65007.mp4,accept,1,features_cache/65007.pt,65007
wlasl/videos/00593.mp4,accept,1,features_cache/00593.pt,00593
wlasl/videos/00597.mp4,accept,1,features_cache/00597.pt,00597
wlasl/videos/00594.mp4,accept,1,features_cache/00594.pt,00594
wlasl/videos/00599.mp4,accept,1,features_cache/00599.pt,00599
wlasl/videos/00603.mp4,accept,1,features_cache/00603.pt,00603
wlasl/videos/01214.mp4,adult,6,features_cache/01214.pt,01214
wlasl/videos/01206.mp4,adult,6,features_cache/01206.pt,01206
wlasl/videos/01217.mp4,adult,6,features_cache/01217.pt,01217
wlasl/videos/01207.mp4,adult,6,features_cache/01207.pt,01207
wlasl/videos/01208.mp4,adult,6,features_cache/01208.pt,01208
wlasl/videos/01209.mp4,adult,6,features_cache/01209.pt,01209
wlasl/videos/01418.mp4,after,8,features_cache/01418.pt,01418
wlasl/videos/01428.mp4,after,8,features_cache/01428.pt,01428
wlasl/videos/01419.mp4,after,8,features_cache/01419.pt,01419
wlasl/videos/01557.mp4,ago,12,features_cache/01557.pt,01557
wlasl/videos/01558.mp4,ago,12,features_cache/01558.pt,01558
wlasl/videos/01561.mp4,ago,12,features_cache/01561.pt,01561
wlasl/videos/01564.mp4,ago,12,features_cache/01564.pt,01564
wlasl/videos/01552.mp4,ago,12,features_cache/01552.pt,01552
wlasl/videos/01556.mp4,ago,12,features_cache/01556.pt,01556
wlasl/videos/02052.mp4,allow,18,features_cache/02052.pt,02052
wlasl/videos/65053.mp4,allow,18,features_cache/65053.pt,65053
wlasl/videos/65054.mp4,allow,18,features_cache/65054.pt,65054
wlasl/videos/02045.mp4,allow,18,features_cache/02045.pt,02045
wlasl/videos/02046.mp4,allow,18,features_cache/02046.pt,02046
wlasl/videos/02356.mp4,america,24,features_cache/02356.pt,02356
wlasl/videos/02349.mp4,america,24,features_cache/02349.pt,02349
wlasl/videos/02350.mp4,america,24,features_cache/02350.pt,02350
wlasl/videos/02351.mp4,america,24,features_cache/02351.pt,02351
wlasl/videos/02548.mp4,angel,27,features_cache/02548.pt,02548
wlasl/videos/02540.mp4,angel,27,features_cache/02540.pt,02540
wlasl/videos/02541.mp4,angel,27,features_cache/02541.pt,02541
wlasl/videos/02542.mp4,angel,27,features_cache/02542.pt,02542
wlasl/videos/02718.mp4,answer,31,features_cache/02718.pt,02718
wlasl/videos/02710.mp4,answer,31,features_cache/02710.pt,02710
wlasl/videos/02711.mp4,answer,31,features_cache/02711.pt,02711
wlasl/videos/02712.mp4,answer,31,features_cache/02712.pt,02712
wlasl/videos/02713.mp4,answer,31,features_cache/02713.pt,02713
wlasl/videos/69212.mp4,any,32,features_cache/69212.pt,69212
wlasl/videos/02826.mp4,any,32,features_cache/02826.pt,02826
wlasl/videos/02828.mp4,any,32,features_cache/02828.pt,02828
wlasl/videos/02833.mp4,any,32,features_cache/02833.pt,02833
wlasl/videos/03240.mp4,area,38,features_cache/03240.pt,03240
wlasl/videos/03234.mp4,area,38,features_cache/03234.pt,03234
wlasl/videos/03246.mp4,area,38,features_cache/03246.pt,03246
wlasl/videos/03235.mp4,area,38,features_cache/03235.pt,03235
wlasl/videos/03238.mp4,area,38,features_cache/03238.pt,03238
wlasl/videos/65097.mp4,art,44,features_cache/65097.pt,65097
wlasl/videos/03478.mp4,art,44,features_cache/03478.pt,03478
wlasl/videos/03479.mp4,art,44,features_cache/03479.pt,03479
wlasl/videos/03484.mp4,art,44,features_cache/03484.pt,03484
wlasl/videos/03634.mp4,asl,47,features_cache/03634.pt,03634
wlasl/videos/03635.mp4,asl,47,features_cache/03635.pt,03635
wlasl/videos/03642.mp4,asl,47,features_cache/03642.pt,03642
wlasl/videos/04176.mp4,aunt,53,features_cache/04176.pt,04176
wlasl/videos/04168.mp4,aunt,53,features_cache/04168.pt,04168
wlasl/videos/04169.mp4,aunt,53,features_cache/04169.pt,04169
wlasl/videos/04170.mp4,aunt,53,features_cache/04170.pt,04170
wlasl/videos/04171.mp4,aunt,53,features_cache/04171.pt,04171
wlasl/videos/04424.mp4,awful,58,features_cache/04424.pt,04424
wlasl/videos/04434.mp4,awful,58,features_cache/04434.pt,04434
wlasl/videos/04425.mp4,awful,58,features_cache/04425.pt,04425
wlasl/videos/04426.mp4,awful,58,features_cache/04426.pt,04426
wlasl/videos/04430.mp4,awful,58,features_cache/04430.pt,04430
wlasl/videos/04446.mp4,awkward,59,features_cache/04446.pt,04446
wlasl/videos/04437.mp4,awkward,59,features_cache/04437.pt,04437
wlasl/videos/04438.mp4,awkward,59,features_cache/04438.pt,04438
wlasl/videos/04439.mp4,awkward,59,features_cache/04439.pt,04439
wlasl/videos/04443.mp4,awkward,59,features_cache/04443.pt,04443
wlasl/videos/04687.mp4,bacon,63,features_cache/04687.pt,04687
wlasl/videos/04679.mp4,bacon,63,features_cache/04679.pt,04679
wlasl/videos/04680.mp4,bacon,63,features_cache/04680.pt,04680
wlasl/videos/04681.mp4,bacon,63,features_cache/04681.pt,04681
wlasl/videos/65139.mp4,bark,73,features_cache/65139.pt,65139
wlasl/videos/05113.mp4,bark,73,features_cache/05113.pt,05113
wlasl/videos/05118.mp4,bark,73,features_cache/05118.pt,05118
wlasl/videos/05110.mp4,bark,73,features_cache/05110.pt,05110
wlasl/videos/65164.mp4,bedroom,85,features_cache/65164.pt,65164
wlasl/videos/05661.mp4,bedroom,85,features_cache/05661.pt,05661
wlasl/videos/05652.mp4,bedroom,85,features_cache/05652.pt,05652
wlasl/videos/05656.mp4,bedroom,85,features_cache/05656.pt,05656
wlasl/videos/05712.mp4,beer,86,features_cache/05712.pt,05712
wlasl/videos/05705.mp4,beer,86,features_cache/05705.pt,05705
wlasl/videos/05715.mp4,beer,86,features_cache/05715.pt,05715
wlasl/videos/05706.mp4,beer,86,features_cache/05706.pt,05706
wlasl/videos/05931.mp4,belt,92,features_cache/05931.pt,05931
wlasl/videos/05923.mp4,belt,92,features_cache/05923.pt,05923
wlasl/videos/05924.mp4,belt,92,features_cache/05924.pt,05924
wlasl/videos/05925.mp4,belt,92,features_cache/05925.pt,05925
wlasl/videos/69231.mp4,big,98,features_cache/69231.pt,69231
wlasl/videos/06199.mp4,big,98,features_cache/06199.pt,06199
wlasl/videos/65182.mp4,big,98,features_cache/65182.pt,65182
wlasl/videos/65183.mp4,big,98,features_cache/65183.pt,65183
wlasl/videos/06192.mp4,big,98,features_cache/06192.pt,06192
wlasl/videos/06202.mp4,big,98,features_cache/06202.pt,06202
wlasl/videos/06435.mp4,bitter,103,features_cache/06435.pt,06435
wlasl/videos/06436.mp4,bitter,103,features_cache/06436.pt,06436
wlasl/videos/06428.mp4,bitter,103,features_cache/06428.pt,06428
wlasl/videos/06439.mp4,bitter,103,features_cache/06439.pt,06439
wlasl/videos/06429.mp4,bitter,103,features_cache/06429.pt,06429
wlasl/videos/69242.mp4,both,115,features_cache/69242.pt,69242
wlasl/videos/65233.mp4,both,115,features_cache/65233.pt,65233
wlasl/videos/07271.mp4,both,115,features_cache/07271.pt,07271
wlasl/videos/07272.mp4,both,115,features_cache/07272.pt,07272
wlasl/videos/07277.mp4,both,115,features_cache/07277.pt,07277
wlasl/videos/65286.mp4,cake,142,features_cache/65286.pt,65286
wlasl/videos/08612.mp4,cake,142,features_cache/08612.pt,08612
wlasl/videos/08613.mp4,cake,142,features_cache/08613.pt,08613
wlasl/videos/08614.mp4,cake,142,features_cache/08614.pt,08614
wlasl/videos/08618.mp4,cake,142,features_cache/08618.pt,08618
wlasl/videos/08676.mp4,california,143,features_cache/08676.pt,08676
wlasl/videos/08677.mp4,california,143,features_cache/08677.pt,08677
wlasl/videos/08680.mp4,california,143,features_cache/08680.pt,08680
wlasl/videos/08670.mp4,california,143,features_cache/08670.pt,08670
wlasl/videos/08671.mp4,california,143,features_cache/08671.pt,08671
wlasl/videos/08849.mp4,canada,149,features_cache/08849.pt,08849
wlasl/videos/08841.mp4,canada,149,features_cache/08841.pt,08841
wlasl/videos/08842.mp4,canada,149,features_cache/08842.pt,08842
wlasl/videos/08843.mp4,canada,149,features_cache/08843.pt,08843
wlasl/videos/69259.mp4,carrot,158,features_cache/69259.pt,69259
wlasl/videos/65308.mp4,carrot,158,features_cache/65308.pt,65308
wlasl/videos/09311.mp4,carrot,158,features_cache/09311.pt,09311
wlasl/videos/09305.mp4,carrot,158,features_cache/09305.pt,09305
wlasl/videos/09306.mp4,carrot,158,features_cache/09306.pt,09306
wlasl/videos/09310.mp4,carrot,158,features_cache/09310.pt,09310
wlasl/videos/09580.mp4,cause,162,features_cache/09580.pt,09580
wlasl/videos/09572.mp4,cause,162,features_cache/09572.pt,09572
wlasl/videos/09573.mp4,cause,162,features_cache/09573.pt,09573
wlasl/videos/09574.mp4,cause,162,features_cache/09574.pt,09574
wlasl/videos/09900.mp4,challenge,169,features_cache/09900.pt,09900
wlasl/videos/09892.mp4,challenge,169,features_cache/09892.pt,09892
wlasl/videos/09893.mp4,challenge,169,features_cache/09893.pt,09893
wlasl/videos/09894.mp4,challenge,169,features_cache/09894.pt,09894
wlasl/videos/10144.mp4,cheap,176,features_cache/10144.pt,10144
wlasl/videos/10135.mp4,cheap,176,features_cache/10135.pt,10135
wlasl/videos/10136.mp4,cheap,176,features_cache/10136.pt,10136
wlasl/videos/10137.mp4,cheap,176,features_cache/10137.pt,10137
wlasl/videos/10141.mp4,cheap,176,features_cache/10141.pt,10141
wlasl/videos/10587.mp4,chocolate,183,features_cache/10587.pt,10587
wlasl/videos/10579.mp4,chocolate,183,features_cache/10579.pt,10579
wlasl/videos/10580.mp4,chocolate,183,features_cache/10580.pt,10580
wlasl/videos/10581.mp4,chocolate,183,features_cache/10581.pt,10581
wlasl/videos/11042.mp4,clean,191,features_cache/11042.pt,11042
wlasl/videos/11034.mp4,clean,191,features_cache/11034.pt,11034
wlasl/videos/11035.mp4,clean,191,features_cache/11035.pt,11035
wlasl/videos/11036.mp4,clean,191,features_cache/11036.pt,11036
wlasl/videos/11037.mp4,clean,191,features_cache/11037.pt,11037
wlasl/videos/11357.mp4,cloud,197,features_cache/11357.pt,11357
wlasl/videos/11358.mp4,cloud,197,features_cache/11358.pt,11358
wlasl/videos/11359.mp4,cloud,197,features_cache/11359.pt,11359
wlasl/videos/11360.mp4,cloud,197,features_cache/11360.pt,11360
wlasl/videos/11361.mp4,cloud,197,features_cache/11361.pt,11361
wlasl/videos/11362.mp4,cloud,197,features_cache/11362.pt,11362
wlasl/videos/12122.mp4,compare,206,features_cache/12122.pt,12122
wlasl/videos/12113.mp4,compare,206,features_cache/12113.pt,12113
wlasl/videos/12114.mp4,compare,206,features_cache/12114.pt,12114
wlasl/videos/12115.mp4,compare,206,features_cache/12115.pt,12115
wlasl/videos/12116.mp4,compare,206,features_cache/12116.pt,12116
wlasl/videos/65388.mp4,complex,208,features_cache/65388.pt,65388
wlasl/videos/65389.mp4,complex,208,features_cache/65389.pt,65389
wlasl/videos/12223.mp4,complex,208,features_cache/12223.pt,12223
wlasl/videos/12228.mp4,complex,208,features_cache/12228.pt,12228
wlasl/videos/12879.mp4,contact,212,features_cache/12879.pt,12879
wlasl/videos/12871.mp4,contact,212,features_cache/12871.pt,12871
wlasl/videos/12872.mp4,contact,212,features_cache/12872.pt,12872
wlasl/videos/12873.mp4,contact,212,features_cache/12873.pt,12873
wlasl/videos/12877.mp4,contact,212,features_cache/12877.pt,12877
wlasl/videos/12977.mp4,continue,213,features_cache/12977.pt,12977
wlasl/videos/12968.mp4,continue,213,features_cache/12968.pt,12968
wlasl/videos/12969.mp4,continue,213,features_cache/12969.pt,12969
wlasl/videos/12970.mp4,continue,213,features_cache/12970.pt,12970
wlasl/videos/13320.mp4,corner,222,features_cache/13320.pt,13320
wlasl/videos/13312.mp4,corner,222,features_cache/13312.pt,13312
wlasl/videos/13313.mp4,corner,222,features_cache/13313.pt,13313
wlasl/videos/13350.mp4,correct,223,features_cache/13350.pt,13350
wlasl/videos/13351.mp4,correct,223,features_cache/13351.pt,13351
wlasl/videos/13352.mp4,correct,223,features_cache/13352.pt,13352
wlasl/videos/13354.mp4,correct,223,features_cache/13354.pt,13354
wlasl/videos/13355.mp4,correct,223,features_cache/13355.pt,13355
wlasl/videos/13356.mp4,correct,223,features_cache/13356.pt,13356
wlasl/videos/14385.mp4,curse,238,features_cache/14385.pt,14385
wlasl/videos/14376.mp4,curse,238,features_cache/14376.pt,14376
wlasl/videos/14378.mp4,curse,238,features_cache/14378.pt,14378
wlasl/videos/14379.mp4,curse,238,features_cache/14379.pt,14379
wlasl/videos/14380.mp4,curse,238,features_cache/14380.pt,14380
wlasl/videos/14835.mp4,dead,246,features_cache/14835.pt,14835
wlasl/videos/14845.mp4,dead,246,features_cache/14845.pt,14845
wlasl/videos/14836.mp4,dead,246,features_cache/14836.pt,14836
wlasl/videos/14837.mp4,dead,246,features_cache/14837.pt,14837
wlasl/videos/15430.mp4,demand,254,features_cache/15430.pt,15430
wlasl/videos/15422.mp4,demand,254,features_cache/15422.pt,15422
wlasl/videos/15423.mp4,demand,254,features_cache/15423.pt,15423
wlasl/videos/15424.mp4,demand,254,features_cache/15424.pt,15424
wlasl/videos/15428.mp4,demand,254,features_cache/15428.pt,15428
wlasl/videos/15610.mp4,depend,258,features_cache/15610.pt,15610
wlasl/videos/15601.mp4,depend,258,features_cache/15601.pt,15601
wlasl/videos/15602.mp4,depend,258,features_cache/15602.pt,15602
wlasl/videos/15603.mp4,depend,258,features_cache/15603.pt,15603
wlasl/videos/15728.mp4,desert,260,features_cache/15728.pt,15728
wlasl/videos/15732.mp4,desert,260,features_cache/15732.pt,15732
wlasl/videos/15723.mp4,desert,260,features_cache/15723.pt,15723
wlasl/videos/15724.mp4,desert,260,features_cache/15724.pt,15724
wlasl/videos/15725.mp4,desert,260,features_cache/15725.pt,15725
wlasl/videos/15781.mp4,desk,261,features_cache/15781.pt,15781
wlasl/videos/15773.mp4,desk,261,features_cache/15773.pt,15773
wlasl/videos/15774.mp4,desk,261,features_cache/15774.pt,15774
wlasl/videos/15775.mp4,desk,261,features_cache/15775.pt,15775
wlasl/videos/15776.mp4,desk,261,features_cache/15776.pt,15776
wlasl/videos/15941.mp4,develop,264,features_cache/15941.pt,15941
wlasl/videos/65473.mp4,develop,264,features_cache/65473.pt,65473
wlasl/videos/15933.mp4,develop,264,features_cache/15933.pt,15933
wlasl/videos/15934.mp4,develop,264,features_cache/15934.pt,15934
wlasl/videos/15935.mp4,develop,264,features_cache/15935.pt,15935
wlasl/videos/16131.mp4,dictionary,268,features_cache/16131.pt,16131
wlasl/videos/16134.mp4,dictionary,268,features_cache/16134.pt,16134
wlasl/videos/16124.mp4,dictionary,268,features_cache/16124.pt,16124
wlasl/videos/16125.mp4,dictionary,268,features_cache/16125.pt,16125
wlasl/videos/16126.mp4,dictionary,268,features_cache/16126.pt,16126
wlasl/videos/69299.mp4,doll,280,features_cache/69299.pt,69299
wlasl/videos/17153.mp4,doll,280,features_cache/17153.pt,17153
wlasl/videos/65510.mp4,doll,280,features_cache/65510.pt,65510
wlasl/videos/17144.mp4,doll,280,features_cache/17144.pt,17144
wlasl/videos/65554.mp4,duty,299,features_cache/65554.pt,65554
wlasl/videos/18068.mp4,duty,299,features_cache/18068.pt,18068
wlasl/videos/18059.mp4,duty,299,features_cache/18059.pt,18059
wlasl/videos/18061.mp4,duty,299,features_cache/18061.pt,18061
wlasl/videos/18275.mp4,easter,308,features_cache/18275.pt,18275
wlasl/videos/18276.mp4,easter,308,features_cache/18276.pt,18276
wlasl/videos/18279.mp4,easter,308,features_cache/18279.pt,18279
wlasl/videos/18280.mp4,easter,308,features_cache/18280.pt,18280
wlasl/videos/65599.mp4,easter,308,features_cache/65599.pt,65599
wlasl/videos/18273.mp4,easter,308,features_cache/18273.pt,18273
wlasl/videos/18528.mp4,egypt,312,features_cache/18528.pt,18528
wlasl/videos/65609.mp4,egypt,312,features_cache/65609.pt,65609
wlasl/videos/18532.mp4,egypt,312,features_cache/18532.pt,18532
wlasl/videos/18526.mp4,egypt,312,features_cache/18526.pt,18526
wlasl/videos/18796.mp4,elevator,315,features_cache/18796.pt,18796
wlasl/videos/65621.mp4,elevator,315,features_cache/65621.pt,65621
wlasl/videos/18788.mp4,elevator,315,features_cache/18788.pt,18788
wlasl/videos/18791.mp4,elevator,315,features_cache/18791.pt,18791
wlasl/videos/18873.mp4,email,316,features_cache/18873.pt,18873
wlasl/videos/18875.mp4,email,316,features_cache/18875.pt,18875
wlasl/videos/18871.mp4,email,316,features_cache/18871.pt,18871
wlasl/videos/19119.mp4,end,320,features_cache/19119.pt,19119
wlasl/videos/19110.mp4,end,320,features_cache/19110.pt,19110
wlasl/videos/19111.mp4,end,320,features_cache/19111.pt,19111
wlasl/videos/19326.mp4,enter,325,features_cache/19326.pt,19326
wlasl/videos/19327.mp4,enter,325,features_cache/19327.pt,19327
wlasl/videos/19328.mp4,enter,325,features_cache/19328.pt,19328
wlasl/videos/19692.mp4,europe,329,features_cache/19692.pt,19692
wlasl/videos/19685.mp4,europe,329,features_cache/19685.pt,19685
wlasl/videos/19695.mp4,europe,329,features_cache/19695.pt,19695
wlasl/videos/19686.mp4,europe,329,features_cache/19686.pt,19686
wlasl/videos/65647.mp4,event,331,features_cache/65647.pt,65647
wlasl/videos/19770.mp4,event,331,features_cache/19770.pt,19770
wlasl/videos/19761.mp4,event,331,features_cache/19761.pt,19761
wlasl/videos/19762.mp4,event,331,features_cache/19762.pt,19762
wlasl/videos/19765.mp4,event,331,features_cache/19765.pt,19765
wlasl/videos/19766.mp4,event,331,features_cache/19766.pt,19766
wlasl/videos/20145.mp4,exchange,337,features_cache/20145.pt,20145
wlasl/videos/20147.mp4,exchange,337,features_cache/20147.pt,20147
wlasl/videos/20149.mp4,exchange,337,features_cache/20149.pt,20149
wlasl/videos/20143.mp4,exchange,337,features_cache/20143.pt,20143
wlasl/videos/20386.mp4,experience,342,features_cache/20386.pt,20386
wlasl/videos/20378.mp4,experience,342,features_cache/20378.pt,20378
wlasl/videos/20379.mp4,experience,342,features_cache/20379.pt,20379
wlasl/videos/20380.mp4,experience,342,features_cache/20380.pt,20380
wlasl/videos/20706.mp4,face,346,features_cache/20706.pt,20706
wlasl/videos/65668.mp4,face,346,features_cache/65668.pt,65668
wlasl/videos/65669.mp4,face,346,features_cache/65669.pt,65669
wlasl/videos/20699.mp4,face,346,features_cache/20699.pt,20699
wlasl/videos/20702.mp4,face,346,features_cache/20702.pt,20702
wlasl/videos/20801.mp4,fail,348,features_cache/20801.pt,20801
wlasl/videos/20793.mp4,fail,348,features_cache/20793.pt,20793
wlasl/videos/20794.mp4,fail,348,features_cache/20794.pt,20794
wlasl/videos/20795.mp4,fail,348,features_cache/20795.pt,20795
wlasl/videos/21417.mp4,feed,358,features_cache/21417.pt,21417
wlasl/videos/21409.mp4,feed,358,features_cache/21409.pt,21409
wlasl/videos/21411.mp4,feed,358,features_cache/21411.pt,21411
wlasl/videos/21412.mp4,feed,358,features_cache/21412.pt,21412
wlasl/videos/21557.mp4,few,361,features_cache/21557.pt,21557
wlasl/videos/21551.mp4,few,361,features_cache/21551.pt,21551
wlasl/videos/22280.mp4,flag,370,features_cache/22280.pt,22280
wlasl/videos/22272.mp4,flag,370,features_cache/22272.pt,22272
wlasl/videos/22273.mp4,flag,370,features_cache/22273.pt,22273
wlasl/videos/22274.mp4,flag,370,features_cache/22274.pt,22274
wlasl/videos/69330.mp4,food,376,features_cache/69330.pt,69330
wlasl/videos/22743.mp4,food,376,features_cache/22743.pt,22743
wlasl/videos/22744.mp4,food,376,features_cache/22744.pt,22744
wlasl/videos/22745.mp4,food,376,features_cache/22745.pt,22745
wlasl/videos/22746.mp4,food,376,features_cache/22746.pt,22746
wlasl/videos/22750.mp4,food,376,features_cache/22750.pt,22750
wlasl/videos/23000.mp4,for,378,features_cache/23000.pt,23000
wlasl/videos/22993.mp4,for,378,features_cache/22993.pt,22993
wlasl/videos/22994.mp4,for,378,features_cache/22994.pt,22994
wlasl/videos/23049.mp4,form,381,features_cache/23049.pt,23049
wlasl/videos/23051.mp4,form,381,features_cache/23051.pt,23051
wlasl/videos/23055.mp4,form,381,features_cache/23055.pt,23055
wlasl/videos/23056.mp4,form,381,features_cache/23056.pt,23056
wlasl/videos/23043.mp4,form,381,features_cache/23043.pt,23043
wlasl/videos/23451.mp4,freeze,384,features_cache/23451.pt,23451
wlasl/videos/23442.mp4,freeze,384,features_cache/23442.pt,23442
wlasl/videos/23443.mp4,freeze,384,features_cache/23443.pt,23443
wlasl/videos/23444.mp4,freeze,384,features_cache/23444.pt,23444
wlasl/videos/23445.mp4,freeze,384,features_cache/23445.pt,23445
wlasl/videos/65781.mp4,friday,386,features_cache/65781.pt,65781
wlasl/videos/23545.mp4,friday,386,features_cache/23545.pt,23545
wlasl/videos/23673.mp4,front,391,features_cache/23673.pt,23673
wlasl/videos/23664.mp4,front,391,features_cache/23664.pt,23664
wlasl/videos/23665.mp4,front,391,features_cache/23665.pt,23665
wlasl/videos/23666.mp4,front,391,features_cache/23666.pt,23666
wlasl/videos/23670.mp4,front,391,features_cache/23670.pt,23670
wlasl/videos/24589.mp4,giraffe,402,features_cache/24589.pt,24589
wlasl/videos/24581.mp4,giraffe,402,features_cache/24581.pt,24581
wlasl/videos/24582.mp4,giraffe,402,features_cache/24582.pt,24582
wlasl/videos/24583.mp4,giraffe,402,features_cache/24583.pt,24583
wlasl/videos/24922.mp4,god,410,features_cache/24922.pt,24922
wlasl/videos/24914.mp4,god,410,features_cache/24914.pt,24914
wlasl/videos/24915.mp4,god,410,features_cache/24915.pt,24915
wlasl/videos/24916.mp4,god,410,features_cache/24916.pt,24916
wlasl/videos/25378.mp4,grammar,418,features_cache/25378.pt,25378
wlasl/videos/25380.mp4,grammar,418,features_cache/25380.pt,25380
wlasl/videos/25371.mp4,grammar,418,features_cache/25371.pt,25371
wlasl/videos/25372.mp4,grammar,418,features_cache/25372.pt,25372
wlasl/videos/25373.mp4,grammar,418,features_cache/25373.pt,25373
wlasl/videos/25377.mp4,grammar,418,features_cache/25377.pt,25377
wlasl/videos/25413.mp4,grandfather,419,features_cache/25413.pt,25413
wlasl/videos/25406.mp4,grandfather,419,features_cache/25406.pt,25406
wlasl/videos/25407.mp4,grandfather,419,features_cache/25407.pt,25407
wlasl/videos/25408.mp4,grandfather,419,features_cache/25408.pt,25408
wlasl/videos/69352.mp4,great,422,features_cache/69352.pt,69352
wlasl/videos/25621.mp4,great,422,features_cache/25621.pt,25621
wlasl/videos/25624.mp4,great,422,features_cache/25624.pt,25624
wlasl/videos/25627.mp4,great,422,features_cache/25627.pt,25627
wlasl/videos/25631.mp4,great,422,features_cache/25631.pt,25631
wlasl/videos/25623.mp4,great,422,features_cache/25623.pt,25623
wlasl/videos/65853.mp4,greece,423,features_cache/65853.pt,65853
wlasl/videos/25642.mp4,greece,423,features_cache/25642.pt,25642
wlasl/videos/25644.mp4,greece,423,features_cache/25644.pt,25644
wlasl/videos/25648.mp4,greece,423,features_cache/25648.pt,25648
wlasl/videos/65864.mp4,guess,427,features_cache/65864.pt,65864
wlasl/videos/25920.mp4,guess,427,features_cache/25920.pt,25920
wlasl/videos/25917.mp4,guess,427,features_cache/25917.pt,25917
wlasl/videos/25918.mp4,guess,427,features_cache/25918.pt,25918
wlasl/videos/25922.mp4,guess,427,features_cache/25922.pt,25922
wlasl/videos/25926.mp4,guess,427,features_cache/25926.pt,25926
wlasl/videos/25984.mp4,guitar,429,features_cache/25984.pt,25984
wlasl/videos/25976.mp4,guitar,429,features_cache/25976.pt,25976
wlasl/videos/25977.mp4,guitar,429,features_cache/25977.pt,25977
wlasl/videos/25978.mp4,guitar,429,features_cache/25978.pt,25978
wlasl/videos/25982.mp4,guitar,429,features_cache/25982.pt,25982
wlasl/videos/26315.mp4,hammer,435,features_cache/26315.pt,26315
wlasl/videos/65875.mp4,hammer,435,features_cache/65875.pt,65875
wlasl/videos/26314.mp4,hammer,435,features_cache/26314.pt,26314
wlasl/videos/27159.mp4,helicopter,448,features_cache/27159.pt,27159
wlasl/videos/27151.mp4,helicopter,448,features_cache/27151.pt,27151
wlasl/videos/27152.mp4,helicopter,448,features_cache/27152.pt,27152
wlasl/videos/27153.mp4,helicopter,448,features_cache/27153.pt,27153
wlasl/videos/27157.mp4,helicopter,448,features_cache/27157.pt,27157
wlasl/videos/27417.mp4,high,454,features_cache/27417.pt,27417
wlasl/videos/65893.mp4,high,454,features_cache/65893.pt,65893
wlasl/videos/27406.mp4,high,454,features_cache/27406.pt,27406
wlasl/videos/27408.mp4,high,454,features_cache/27408.pt,27408
wlasl/videos/27575.mp4,history,456,features_cache/27575.pt,27575
wlasl/videos/65894.mp4,history,456,features_cache/65894.pt,65894
wlasl/videos/27579.mp4,history,456,features_cache/27579.pt,27579
wlasl/videos/27569.mp4,history,456,features_cache/27569.pt,27569
wlasl/videos/27573.mp4,history,456,features_cache/27573.pt,27573
wlasl/videos/28385.mp4,hungry,469,features_cache/28385.pt,28385
wlasl/videos/28376.mp4,hungry,469,features_cache/28376.pt,28376
wlasl/videos/28377.mp4,hungry,469,features_cache/28377.pt,28377
wlasl/videos/28378.mp4,hungry,469,features_cache/28378.pt,28378
wlasl/videos/28441.mp4,hurt,471,features_cache/28441.pt,28441
wlasl/videos/28445.mp4,hurt,471,features_cache/28445.pt,28445
wlasl/videos/28446.mp4,hurt,471,features_cache/28446.pt,28446
wlasl/videos/28440.mp4,hurt,471,features_cache/28440.pt,28440
wlasl/videos/30392.mp4,introduce,492,features_cache/30392.pt,30392
wlasl/videos/30384.mp4,introduce,492,features_cache/30384.pt,30384
wlasl/videos/30385.mp4,introduce,492,features_cache/30385.pt,30385
wlasl/videos/30386.mp4,introduce,492,features_cache/30386.pt,30386
wlasl/videos/30453.mp4,invest,493,features_cache/30453.pt,30453
wlasl/videos/65959.mp4,invest,493,features_cache/65959.pt,65959
wlasl/videos/30451.mp4,invest,493,features_cache/30451.pt,30451
wlasl/videos/30452.mp4,invest,493,features_cache/30452.pt,30452
wlasl/videos/32518.mp4,lazy,522,features_cache/32518.pt,32518
wlasl/videos/32510.mp4,lazy,522,features_cache/32510.pt,32510
wlasl/videos/32511.mp4,lazy,522,features_cache/32511.pt,32511
wlasl/videos/32512.mp4,lazy,522,features_cache/32512.pt,32512
wlasl/videos/33052.mp4,library,532,features_cache/33052.pt,33052
wlasl/videos/33053.mp4,library,532,features_cache/33053.pt,33053
wlasl/videos/33058.mp4,library,532,features_cache/33058.pt,33058
wlasl/videos/66067.mp4,lie,533,features_cache/66067.pt,66067
wlasl/videos/33114.mp4,lie,533,features_cache/33114.pt,33114
wlasl/videos/33115.mp4,lie,533,features_cache/33115.pt,33115
wlasl/videos/33120.mp4,lie,533,features_cache/33120.pt,33120
wlasl/videos/33121.mp4,lie,533,features_cache/33121.pt,33121
wlasl/videos/33128.mp4,lie,533,features_cache/33128.pt,33128
wlasl/videos/33646.mp4,lobster,542,features_cache/33646.pt,33646
wlasl/videos/33648.mp4,lobster,542,features_cache/33648.pt,33648
wlasl/videos/33639.mp4,lobster,542,features_cache/33639.pt,33639
wlasl/videos/33640.mp4,lobster,542,features_cache/33640.pt,33640
wlasl/videos/33641.mp4,lobster,542,features_cache/33641.pt,33641
wlasl/videos/34123.mp4,love,547,features_cache/34123.pt,34123
wlasl/videos/34124.mp4,love,547,features_cache/34124.pt,34124
wlasl/videos/34127.mp4,love,547,features_cache/34127.pt,34127
wlasl/videos/34128.mp4,love,547,features_cache/34128.pt,34128
wlasl/videos/34129.mp4,love,547,features_cache/34129.pt,34129
wlasl/videos/34121.mp4,love,547,features_cache/34121.pt,34121
wlasl/videos/34137.mp4,love,547,features_cache/34137.pt,34137
wlasl/videos/66090.mp4,lucky,548,features_cache/66090.pt,66090
wlasl/videos/34211.mp4,lucky,548,features_cache/34211.pt,34211
wlasl/videos/34204.mp4,lucky,548,features_cache/34204.pt,34204
wlasl/videos/34208.mp4,lucky,548,features_cache/34208.pt,34208
wlasl/videos/34395.mp4,magazine,552,features_cache/34395.pt,34395
wlasl/videos/34386.mp4,magazine,552,features_cache/34386.pt,34386
wlasl/videos/34387.mp4,magazine,552,features_cache/34387.pt,34387
wlasl/videos/34388.mp4,magazine,552,features_cache/34388.pt,34388
wlasl/videos/66108.mp4,measure,562,features_cache/66108.pt,66108
wlasl/videos/35346.mp4,measure,562,features_cache/35346.pt,35346
wlasl/videos/35339.mp4,measure,562,features_cache/35339.pt,35339
wlasl/videos/35340.mp4,measure,562,features_cache/35340.pt,35340
wlasl/videos/35341.mp4,measure,562,features_cache/35341.pt,35341
wlasl/videos/35950.mp4,microwave,569,features_cache/35950.pt,35950
wlasl/videos/66121.mp4,microwave,569,features_cache/66121.pt,66121
wlasl/videos/35956.mp4,microwave,569,features_cache/35956.pt,35956
wlasl/videos/35948.mp4,microwave,569,features_cache/35948.pt,35948
wlasl/videos/69404.mp4,my,598,features_cache/69404.pt,69404
wlasl/videos/37477.mp4,my,598,features_cache/37477.pt,37477
wlasl/videos/37470.mp4,my,598,features_cache/37470.pt,37470
wlasl/videos/37471.mp4,my,598,features_cache/37471.pt,37471
wlasl/videos/37956.mp4,neighbor,606,features_cache/37956.pt,37956
wlasl/videos/37967.mp4,neighbor,606,features_cache/37967.pt,37967
wlasl/videos/37957.mp4,neighbor,606,features_cache/37957.pt,37957
wlasl/videos/37958.mp4,neighbor,606,features_cache/37958.pt,37958
wlasl/videos/37962.mp4,neighbor,606,features_cache/37962.pt,37962
wlasl/videos/39033.mp4,number,624,features_cache/39033.pt,39033
wlasl/videos/39034.mp4,number,624,features_cache/39034.pt,39034
wlasl/videos/39036.mp4,number,624,features_cache/39036.pt,39036
wlasl/videos/39040.mp4,number,624,features_cache/39040.pt,39040
wlasl/videos/69421.mp4,one,632,features_cache/69421.pt,69421
wlasl/videos/66228.mp4,one,632,features_cache/66228.pt,66228
wlasl/videos/39743.mp4,one,632,features_cache/39743.pt,39743
wlasl/videos/39744.mp4,one,632,features_cache/39744.pt,39744
wlasl/videos/39750.mp4,one,632,features_cache/39750.pt,39750
wlasl/videos/40469.mp4,outside,640,features_cache/40469.pt,40469
wlasl/videos/40470.mp4,outside,640,features_cache/40470.pt,40470
wlasl/videos/40474.mp4,outside,640,features_cache/40474.pt,40474
wlasl/videos/40476.mp4,outside,640,features_cache/40476.pt,40476
wlasl/videos/40477.mp4,outside,640,features_cache/40477.pt,40477
wlasl/videos/40464.mp4,outside,640,features_cache/40464.pt,40464
wlasl/videos/41670.mp4,peach,655,features_cache/41670.pt,41670
wlasl/videos/41662.mp4,peach,655,features_cache/41662.pt,41662
wlasl/videos/41663.mp4,peach,655,features_cache/41663.pt,41663
wlasl/videos/41664.mp4,peach,655,features_cache/41664.pt,41664
wlasl/videos/41669.mp4,peach,655,features_cache/41669.pt,41669
wlasl/videos/69429.mp4,pig,667,features_cache/69429.pt,69429
wlasl/videos/42709.mp4,pig,667,features_cache/42709.pt,42709
wlasl/videos/42702.mp4,pig,667,features_cache/42702.pt,42702
wlasl/videos/42703.mp4,pig,667,features_cache/42703.pt,42703
wlasl/videos/42704.mp4,pig,667,features_cache/42704.pt,42704
wlasl/videos/43580.mp4,polite,679,features_cache/43580.pt,43580
wlasl/videos/43571.mp4,polite,679,features_cache/43571.pt,43571
wlasl/videos/43572.mp4,polite,679,features_cache/43572.pt,43572
wlasl/videos/43573.mp4,polite,679,features_cache/43573.pt,43573
wlasl/videos/43901.mp4,postpone,683,features_cache/43901.pt,43901
wlasl/videos/43902.mp4,postpone,683,features_cache/43902.pt,43902
wlasl/videos/43903.mp4,postpone,683,features_cache/43903.pt,43903
wlasl/videos/43904.mp4,postpone,683,features_cache/43904.pt,43904
wlasl/videos/43907.mp4,postpone,683,features_cache/43907.pt,43907
wlasl/videos/44046.mp4,power,685,features_cache/44046.pt,44046
wlasl/videos/44050.mp4,power,685,features_cache/44050.pt,44050
wlasl/videos/44051.mp4,power,685,features_cache/44051.pt,44051
wlasl/videos/44058.mp4,power,685,features_cache/44058.pt,44058
wlasl/videos/44045.mp4,power,685,features_cache/44045.pt,44045
wlasl/videos/44333.mp4,present,690,features_cache/44333.pt,44333
wlasl/videos/44344.mp4,present,690,features_cache/44344.pt,44344
wlasl/videos/44347.mp4,present,690,features_cache/44347.pt,44347
wlasl/videos/44349.mp4,present,690,features_cache/44349.pt,44349
wlasl/videos/44350.mp4,present,690,features_cache/44350.pt,44350
wlasl/videos/44471.mp4,price,694,features_cache/44471.pt,44471
wlasl/videos/44473.mp4,price,694,features_cache/44473.pt,44473
wlasl/videos/44474.mp4,price,694,features_cache/44474.pt,44474
wlasl/videos/66334.mp4,prison,698,features_cache/66334.pt,66334
wlasl/videos/44602.mp4,prison,698,features_cache/44602.pt,44602
wlasl/videos/44604.mp4,prison,698,features_cache/44604.pt,44604
wlasl/videos/45487.mp4,push,712,features_cache/45487.pt,45487
wlasl/videos/45479.mp4,push,712,features_cache/45479.pt,45479
wlasl/videos/45480.mp4,push,712,features_cache/45480.pt,45480
wlasl/videos/45481.mp4,push,712,features_cache/45481.pt,45481
wlasl/videos/45861.mp4,raccoon,721,features_cache/45861.pt,45861
wlasl/videos/66368.mp4,raccoon,721,features_cache/66368.pt,66368
wlasl/videos/45853.mp4,raccoon,721,features_cache/45853.pt,45853
wlasl/videos/45854.mp4,raccoon,721,features_cache/45854.pt,45854
wlasl/videos/45855.mp4,raccoon,721,features_cache/45855.pt,45855
wlasl/videos/69445.mp4,really,729,features_cache/69445.pt,69445
wlasl/videos/46369.mp4,really,729,features_cache/46369.pt,46369
wlasl/videos/46375.mp4,really,729,features_cache/46375.pt,46375
wlasl/videos/46436.mp4,reason,730,features_cache/46436.pt,46436
wlasl/videos/46428.mp4,reason,730,features_cache/46428.pt,46428
wlasl/videos/46429.mp4,reason,730,features_cache/46429.pt,46429
wlasl/videos/46430.mp4,reason,730,features_cache/46430.pt,46430
wlasl/videos/47112.mp4,religion,734,features_cache/47112.pt,47112
wlasl/videos/47104.mp4,religion,734,features_cache/47104.pt,47104
wlasl/videos/47105.mp4,religion,734,features_cache/47105.pt,47105
wlasl/videos/47106.mp4,religion,734,features_cache/47106.pt,47106
wlasl/videos/47611.mp4,respect,739,features_cache/47611.pt,47611
wlasl/videos/47612.mp4,respect,739,features_cache/47612.pt,47612
wlasl/videos/66396.mp4,respect,739,features_cache/66396.pt,66396
wlasl/videos/47604.mp4,respect,739,features_cache/47604.pt,47604
wlasl/videos/47615.mp4,respect,739,features_cache/47615.pt,47615
wlasl/videos/48743.mp4,rule,755,features_cache/48743.pt,48743
wlasl/videos/48747.mp4,rule,755,features_cache/48747.pt,48747
wlasl/videos/66419.mp4,rule,755,features_cache/66419.pt,66419
wlasl/videos/48741.mp4,rule,755,features_cache/48741.pt,48741
wlasl/videos/49084.mp4,salad,759,features_cache/49084.pt,49084
wlasl/videos/49077.mp4,salad,759,features_cache/49077.pt,49077
wlasl/videos/49078.mp4,salad,759,features_cache/49078.pt,49078
wlasl/videos/49079.mp4,salad,759,features_cache/49079.pt,49079
wlasl/videos/49547.mp4,schedule,767,features_cache/49547.pt,49547
wlasl/videos/49538.mp4,schedule,767,features_cache/49538.pt,49538
wlasl/videos/49539.mp4,schedule,767,features_cache/49539.pt,49539
wlasl/videos/49540.mp4,schedule,767,features_cache/49540.pt,49540
wlasl/videos/69461.mp4,sell,780,features_cache/69461.pt,69461
wlasl/videos/50267.mp4,sell,780,features_cache/50267.pt,50267
wlasl/videos/50268.mp4,sell,780,features_cache/50268.pt,50268
wlasl/videos/50269.mp4,sell,780,features_cache/50269.pt,50269
wlasl/videos/50274.mp4,sell,780,features_cache/50274.pt,50274
wlasl/videos/66448.mp4,serious,785,features_cache/66448.pt,66448
wlasl/videos/50512.mp4,serious,785,features_cache/50512.pt,50512
wlasl/videos/50503.mp4,serious,785,features_cache/50503.pt,50503
wlasl/videos/50508.mp4,serious,785,features_cache/50508.pt,50508
wlasl/videos/51335.mp4,shower,799,features_cache/51335.pt,51335
wlasl/videos/51329.mp4,shower,799,features_cache/51329.pt,51329
wlasl/videos/66484.mp4,single,808,features_cache/66484.pt,66484
wlasl/videos/51824.mp4,single,808,features_cache/51824.pt,51824
wlasl/videos/51814.mp4,single,808,features_cache/51814.pt,51814
wlasl/videos/51818.mp4,single,808,features_cache/51818.pt,51818
wlasl/videos/52578.mp4,smart,819,features_cache/52578.pt,52578
wlasl/videos/52579.mp4,smart,819,features_cache/52579.pt,52579
wlasl/videos/52581.mp4,smart,819,features_cache/52581.pt,52581
wlasl/videos/52584.mp4,smart,819,features_cache/52584.pt,52584
wlasl/videos/52575.mp4,smart,819,features_cache/52575.pt,52575
wlasl/videos/52576.mp4,smart,819,features_cache/52576.pt,52576
wlasl/videos/52621.mp4,smile,820,features_cache/52621.pt,52621
wlasl/videos/66511.mp4,smile,820,features_cache/66511.pt,66511
wlasl/videos/66512.mp4,smile,820,features_cache/66512.pt,66512
wlasl/videos/52615.mp4,smile,820,features_cache/52615.pt,52615
wlasl/videos/69483.mp4,soft,827,features_cache/69483.pt,69483
wlasl/videos/53073.mp4,soft,827,features_cache/53073.pt,53073
wlasl/videos/53065.mp4,soft,827,features_cache/53065.pt,53065
wlasl/videos/53066.mp4,soft,827,features_cache/53066.pt,53066
wlasl/videos/53067.mp4,soft,827,features_cache/53067.pt,53067
wlasl/videos/53068.mp4,soft,827,features_cache/53068.pt,53068
wlasl/videos/53423.mp4,sound,834,features_cache/53423.pt,53423
wlasl/videos/53414.mp4,sound,834,features_cache/53414.pt,53414
wlasl/videos/53415.mp4,sound,834,features_cache/53415.pt,53415
wlasl/videos/53416.mp4,sound,834,features_cache/53416.pt,53416
wlasl/videos/53420.mp4,sound,834,features_cache/53420.pt,53420
wlasl/videos/69485.mp4,soup,835,features_cache/69485.pt,69485
wlasl/videos/53428.mp4,soup,835,features_cache/53428.pt,53428
wlasl/videos/53429.mp4,soup,835,features_cache/53429.pt,53429
wlasl/videos/53434.mp4,soup,835,features_cache/53434.pt,53434
wlasl/videos/53544.mp4,spain,838,features_cache/53544.pt,53544
wlasl/videos/53545.mp4,spain,838,features_cache/53545.pt,53545
wlasl/videos/53546.mp4,spain,838,features_cache/53546.pt,53546
wlasl/videos/53547.mp4,spain,838,features_cache/53547.pt,53547
wlasl/videos/53548.mp4,spain,838,features_cache/53548.pt,53548
wlasl/videos/54080.mp4,spray,844,features_cache/54080.pt,54080
wlasl/videos/54082.mp4,spray,844,features_cache/54082.pt,54082
wlasl/videos/54083.mp4,spray,844,features_cache/54083.pt,54083
wlasl/videos/54074.mp4,spray,844,features_cache/54074.pt,54074
wlasl/videos/54213.mp4,squirrel,846,features_cache/54213.pt,54213
wlasl/videos/54205.mp4,squirrel,846,features_cache/54205.pt,54205
wlasl/videos/54206.mp4,squirrel,846,features_cache/54206.pt,54206
wlasl/videos/54207.mp4,squirrel,846,features_cache/54207.pt,54207
wlasl/videos/54886.mp4,stomach,856,features_cache/54886.pt,54886
wlasl/videos/54878.mp4,stomach,856,features_cache/54878.pt,54878
wlasl/videos/54879.mp4,stomach,856,features_cache/54879.pt,54879
wlasl/videos/54880.mp4,stomach,856,features_cache/54880.pt,54880
wlasl/videos/55003.mp4,story,859,features_cache/55003.pt,55003
wlasl/videos/66562.mp4,story,859,features_cache/66562.pt,66562
wlasl/videos/54995.mp4,story,859,features_cache/54995.pt,54995
wlasl/videos/69491.mp4,strange,861,features_cache/69491.pt,69491
wlasl/videos/55077.mp4,strange,861,features_cache/55077.pt,55077
wlasl/videos/55070.mp4,strange,861,features_cache/55070.pt,55070
wlasl/videos/55071.mp4,strange,861,features_cache/55071.pt,55071
wlasl/videos/55072.mp4,strange,861,features_cache/55072.pt,55072
wlasl/videos/55157.mp4,street,863,features_cache/55157.pt,55157
wlasl/videos/55150.mp4,street,863,features_cache/55150.pt,55150
wlasl/videos/55151.mp4,street,863,features_cache/55151.pt,55151
wlasl/videos/55152.mp4,street,863,features_cache/55152.pt,55152
wlasl/videos/55184.mp4,stress,864,features_cache/55184.pt,55184
wlasl/videos/55176.mp4,stress,864,features_cache/55176.pt,55176
wlasl/videos/55177.mp4,stress,864,features_cache/55177.pt,55177
wlasl/videos/55178.mp4,stress,864,features_cache/55178.pt,55178
wlasl/videos/55182.mp4,stress,864,features_cache/55182.pt,55182
wlasl/videos/55206.mp4,strict,865,features_cache/55206.pt,55206
wlasl/videos/55198.mp4,strict,865,features_cache/55198.pt,55198
wlasl/videos/55199.mp4,strict,865,features_cache/55199.pt,55199
wlasl/videos/55200.mp4,strict,865,features_cache/55200.pt,55200
wlasl/videos/69493.mp4,strong,866,features_cache/69493.pt,69493
wlasl/videos/66572.mp4,strong,866,features_cache/66572.pt,66572
wlasl/videos/55276.mp4,strong,866,features_cache/55276.pt,55276
wlasl/videos/55286.mp4,strong,866,features_cache/55286.pt,55286
wlasl/videos/55277.mp4,strong,866,features_cache/55277.pt,55277
wlasl/videos/55283.mp4,strong,866,features_cache/55283.pt,55283
wlasl/videos/55668.mp4,sugar,873,features_cache/55668.pt,55668
wlasl/videos/55659.mp4,sugar,873,features_cache/55659.pt,55659
wlasl/videos/55660.mp4,sugar,873,features_cache/55660.pt,55660
wlasl/videos/55661.mp4,sugar,873,features_cache/55661.pt,55661
wlasl/videos/69495.mp4,summer,875,features_cache/69495.pt,69495
wlasl/videos/55738.mp4,summer,875,features_cache/55738.pt,55738
wlasl/videos/55731.mp4,summer,875,features_cache/55731.pt,55731
wlasl/videos/55732.mp4,summer,875,features_cache/55732.pt,55732
wlasl/videos/55733.mp4,summer,875,features_cache/55733.pt,55733
wlasl/videos/56167.mp4,suspect,881,features_cache/56167.pt,56167
wlasl/videos/56158.mp4,suspect,881,features_cache/56158.pt,56158
wlasl/videos/56159.mp4,suspect,881,features_cache/56159.pt,56159
wlasl/videos/56160.mp4,suspect,881,features_cache/56160.pt,56160
wlasl/videos/56305.mp4,sweetheart,884,features_cache/56305.pt,56305
wlasl/videos/56295.mp4,sweetheart,884,features_cache/56295.pt,56295
wlasl/videos/56296.mp4,sweetheart,884,features_cache/56296.pt,56296
wlasl/videos/56297.mp4,sweetheart,884,features_cache/56297.pt,56297
wlasl/videos/57139.mp4,tease,892,features_cache/57139.pt,57139
wlasl/videos/57141.mp4,tease,892,features_cache/57141.pt,57141
wlasl/videos/57132.mp4,tease,892,features_cache/57132.pt,57132
wlasl/videos/57133.mp4,tease,892,features_cache/57133.pt,57133
wlasl/videos/57134.mp4,tease,892,features_cache/57134.pt,57134
wlasl/videos/57138.mp4,tease,892,features_cache/57138.pt,57138
wlasl/videos/57677.mp4,that,900,features_cache/57677.pt,57677
wlasl/videos/66599.mp4,that,900,features_cache/66599.pt,66599
wlasl/videos/57670.mp4,that,900,features_cache/57670.pt,57670
wlasl/videos/57765.mp4,themselves,901,features_cache/57765.pt,57765
wlasl/videos/57768.mp4,themselves,901,features_cache/57768.pt,57768
wlasl/videos/57758.mp4,themselves,901,features_cache/57758.pt,57758
wlasl/videos/57759.mp4,themselves,901,features_cache/57759.pt,57759
wlasl/videos/57764.mp4,themselves,901,features_cache/57764.pt,57764
wlasl/videos/57807.mp4,therapy,903,features_cache/57807.pt,57807
wlasl/videos/66605.mp4,therapy,903,features_cache/66605.pt,66605
wlasl/videos/57802.mp4,therapy,903,features_cache/57802.pt,57802
wlasl/videos/57806.mp4,therapy,903,features_cache/57806.pt,57806
wlasl/videos/69506.mp4,thirsty,907,features_cache/69506.pt,69506
wlasl/videos/58031.mp4,thirsty,907,features_cache/58031.pt,58031
wlasl/videos/58024.mp4,thirsty,907,features_cache/58024.pt,58024
wlasl/videos/58025.mp4,thirsty,907,features_cache/58025.pt,58025
wlasl/videos/58026.mp4,thirsty,907,features_cache/58026.pt,58026
wlasl/videos/58397.mp4,ticket,910,features_cache/58397.pt,58397
wlasl/videos/58388.mp4,ticket,910,features_cache/58388.pt,58388
wlasl/videos/58389.mp4,ticket,910,features_cache/58389.pt,58389
wlasl/videos/66658.mp4,top,921,features_cache/66658.pt,66658
wlasl/videos/58935.mp4,top,921,features_cache/58935.pt,58935
wlasl/videos/58936.mp4,top,921,features_cache/58936.pt,58936
wlasl/videos/58937.mp4,top,921,features_cache/58937.pt,58937
wlasl/videos/59909.mp4,tuesday,932,features_cache/59909.pt,59909
wlasl/videos/59913.mp4,tuesday,932,features_cache/59913.pt,59913
wlasl/videos/59903.mp4,tuesday,932,features_cache/59903.pt,59903
wlasl/videos/59953.mp4,turkey,933,features_cache/59953.pt,59953
wlasl/videos/59954.mp4,turkey,933,features_cache/59954.pt,59954
wlasl/videos/59956.mp4,turkey,933,features_cache/59956.pt,59956
wlasl/videos/59959.mp4,turkey,933,features_cache/59959.pt,59959
wlasl/videos/66683.mp4,turkey,933,features_cache/66683.pt,66683
wlasl/videos/59952.mp4,turkey,933,features_cache/59952.pt,59952
wlasl/videos/60768.mp4,university,939,features_cache/60768.pt,60768
wlasl/videos/60760.mp4,university,939,features_cache/60760.pt,60760
wlasl/videos/60761.mp4,university,939,features_cache/60761.pt,60761
wlasl/videos/60762.mp4,university,939,features_cache/60762.pt,60762
wlasl/videos/60860.mp4,until,940,features_cache/60860.pt,60860
wlasl/videos/60851.mp4,until,940,features_cache/60851.pt,60851
wlasl/videos/60852.mp4,until,940,features_cache/60852.pt,60852
wlasl/videos/60853.mp4,until,940,features_cache/60853.pt,60853
wlasl/videos/62443.mp4,watch,958,features_cache/62443.pt,62443
wlasl/videos/62444.mp4,watch,958,features_cache/62444.pt,62444
wlasl/videos/62445.mp4,watch,958,features_cache/62445.pt,62445
wlasl/videos/62439.mp4,watch,958,features_cache/62439.pt,62439
wlasl/videos/62452.mp4,watch,958,features_cache/62452.pt,62452
wlasl/videos/62453.mp4,watch,958,features_cache/62453.pt,62453
wlasl/videos/62593.mp4,weak,960,features_cache/62593.pt,62593
wlasl/videos/62585.mp4,weak,960,features_cache/62585.pt,62585
wlasl/videos/62586.mp4,weak,960,features_cache/62586.pt,62586
wlasl/videos/62587.mp4,weak,960,features_cache/62587.pt,62587
wlasl/videos/62588.mp4,weak,960,features_cache/62588.pt,62588
wlasl/videos/62697.mp4,wedding,962,features_cache/62697.pt,62697
wlasl/videos/62689.mp4,wedding,962,features_cache/62689.pt,62689
wlasl/videos/62690.mp4,wedding,962,features_cache/62690.pt,62690
wlasl/videos/62691.mp4,wedding,962,features_cache/62691.pt,62691
wlasl/videos/69536.mp4,will,976,features_cache/69536.pt,69536
wlasl/videos/63364.mp4,will,976,features_cache/63364.pt,63364
wlasl/videos/63360.mp4,will,976,features_cache/63360.pt,63360
wlasl/videos/63410.mp4,wind,978,features_cache/63410.pt,63410
wlasl/videos/63402.mp4,wind,978,features_cache/63402.pt,63402
wlasl/videos/63403.mp4,wind,978,features_cache/63403.pt,63403
wlasl/videos/63404.mp4,wind,978,features_cache/63404.pt,63404
wlasl/videos/63405.mp4,wind,978,features_cache/63405.pt,63405
wlasl/videos/63836.mp4,world,987,features_cache/63836.pt,63836
wlasl/videos/63837.mp4,world,987,features_cache/63837.pt,63837
wlasl/videos/66807.mp4,world,987,features_cache/66807.pt,66807
wlasl/videos/66810.mp4,worry,988,features_cache/66810.pt,66810
wlasl/videos/63948.mp4,wow,989,features_cache/63948.pt,63948
wlasl/videos/63949.mp4,wow,989,features_cache/63949.pt,63949
wlasl/videos/63951.mp4,wow,989,features_cache/63951.pt,63951
wlasl/videos/63953.mp4,wow,989,features_cache/63953.pt,63953
wlasl/videos/63955.mp4,wow,989,features_cache/63955.pt,63955
wlasl/videos/63964.mp4,wow,989,features_cache/63964.pt,63964
wlasl/videos/64411.mp4,young,997,features_cache/64411.pt,64411
wlasl/videos/64413.mp4,young,997,features_cache/64413.pt,64413
wlasl/videos/64414.mp4,young,997,features_cache/64414.pt,64414
wlasl/videos/65018.mp4,add,5,features_cache/65018.pt,65018
wlasl/videos/00967.mp4,add,5,features_cache/00967.pt,00967
wlasl/videos/00962.mp4,add,5,features_cache/00962.pt,00962
wlasl/videos/00963.mp4,add,5,features_cache/00963.pt,00963
wlasl/videos/00964.mp4,add,5,features_cache/00964.pt,00964
wlasl/videos/00965.mp4,add,5,features_cache/00965.pt,00965
wlasl/videos/01730.mp4,airplane,14,features_cache/01730.pt,01730
wlasl/videos/01724.mp4,airplane,14,features_cache/01724.pt,01724
wlasl/videos/01734.mp4,airplane,14,features_cache/01734.pt,01734
wlasl/videos/01726.mp4,airplane,14,features_cache/01726.pt,01726
wlasl/videos/01727.mp4,airplane,14,features_cache/01727.pt,01727
wlasl/videos/02168.mp4,already,21,features_cache/02168.pt,02168
wlasl/videos/02160.mp4,already,21,features_cache/02160.pt,02160
wlasl/videos/02162.mp4,already,21,features_cache/02162.pt,02162
wlasl/videos/02163.mp4,already,21,features_cache/02163.pt,02163
wlasl/videos/02165.mp4,already,21,features_cache/02165.pt,02165
wlasl/videos/69207.mp4,also,22,features_cache/69207.pt,69207
wlasl/videos/65059.mp4,also,22,features_cache/65059.pt,65059
wlasl/videos/02177.mp4,also,22,features_cache/02177.pt,02177
wlasl/videos/02178.mp4,also,22,features_cache/02178.pt,02178
wlasl/videos/65066.mp4,analyze,25,features_cache/65066.pt,65066
wlasl/videos/02474.mp4,analyze,25,features_cache/02474.pt,02474
wlasl/videos/02476.mp4,analyze,25,features_cache/02476.pt,02476
wlasl/videos/02477.mp4,analyze,25,features_cache/02477.pt,02477
wlasl/videos/02478.mp4,analyze,25,features_cache/02478.pt,02478
wlasl/videos/02525.mp4,and,26,features_cache/02525.pt,02525
wlasl/videos/02519.mp4,and,26,features_cache/02519.pt,02519
wlasl/videos/02521.mp4,and,26,features_cache/02521.pt,02521
wlasl/videos/02569.mp4,angry,28,features_cache/02569.pt,02569
wlasl/videos/65072.mp4,angry,28,features_cache/65072.pt,65072
wlasl/videos/02565.mp4,angry,28,features_cache/02565.pt,02565
wlasl/videos/02566.mp4,angry,28,features_cache/02566.pt,02566
wlasl/videos/02567.mp4,angry,28,features_cache/02567.pt,02567
wlasl/videos/65083.mp4,appear,34,features_cache/65083.pt,65083
wlasl/videos/02952.mp4,appear,34,features_cache/02952.pt,02952
wlasl/videos/02953.mp4,appear,34,features_cache/02953.pt,02953
wlasl/videos/02954.mp4,appear,34,features_cache/02954.pt,02954
wlasl/videos/69215.mp4,arm,40,features_cache/69215.pt,69215
wlasl/videos/03344.mp4,arm,40,features_cache/03344.pt,03344
wlasl/videos/03337.mp4,arm,40,features_cache/03337.pt,03337
wlasl/videos/03338.mp4,arm,40,features_cache/03338.pt,03338
wlasl/videos/03339.mp4,arm,40,features_cache/03339.pt,03339
wlasl/videos/03342.mp4,arm,40,features_cache/03342.pt,03342
wlasl/videos/03368.mp4,army,41,features_cache/03368.pt,03368
wlasl/videos/65095.mp4,army,41,features_cache/65095.pt,65095
wlasl/videos/03361.mp4,army,41,features_cache/03361.pt,03361
wlasl/videos/03364.mp4,army,41,features_cache/03364.pt,03364
wlasl/videos/03430.mp4,arrest,42,features_cache/03430.pt,03430
wlasl/videos/03417.mp4,arrest,42,features_cache/03417.pt,03417
wlasl/videos/03418.mp4,arrest,42,features_cache/03418.pt,03418
wlasl/videos/03571.mp4,asia,45,features_cache/03571.pt,03571
wlasl/videos/03564.mp4,asia,45,features_cache/03564.pt,03564
wlasl/videos/03565.mp4,asia,45,features_cache/03565.pt,03565
wlasl/videos/03568.mp4,asia,45,features_cache/03568.pt,03568
wlasl/videos/03597.mp4,ask,46,features_cache/03597.pt,03597
wlasl/videos/03598.mp4,ask,46,features_cache/03598.pt,03598
wlasl/videos/65101.mp4,ask,46,features_cache/65101.pt,65101
wlasl/videos/03595.mp4,ask,46,features_cache/03595.pt,03595
wlasl/videos/03605.mp4,ask,46,features_cache/03605.pt,03605
wlasl/videos/04048.mp4,attitude,49,features_cache/04048.pt,04048
wlasl/videos/65108.mp4,attitude,49,features_cache/65108.pt,65108
wlasl/videos/04041.mp4,attitude,49,features_cache/04041.pt,04041
wlasl/videos/04044.mp4,attitude,49,features_cache/04044.pt,04044
wlasl/videos/04045.mp4,attitude,49,features_cache/04045.pt,04045
wlasl/videos/04062.mp4,attract,50,features_cache/04062.pt,04062
wlasl/videos/04072.mp4,attract,50,features_cache/04072.pt,04072
wlasl/videos/04073.mp4,attract,50,features_cache/04073.pt,04073
wlasl/videos/04076.mp4,attract,50,features_cache/04076.pt,04076
wlasl/videos/04063.mp4,attract,50,features_cache/04063.pt,04063
wlasl/videos/04824.mp4,bald,67,features_cache/04824.pt,04824
wlasl/videos/65130.mp4,bald,67,features_cache/65130.pt,65130
wlasl/videos/04831.mp4,bald,67,features_cache/04831.pt,04831
wlasl/videos/04821.mp4,bald,67,features_cache/04821.pt,04821
wlasl/videos/05069.mp4,barely,72,features_cache/05069.pt,05069
wlasl/videos/05062.mp4,barely,72,features_cache/05062.pt,05062
wlasl/videos/05063.mp4,barely,72,features_cache/05063.pt,05063
wlasl/videos/05064.mp4,barely,72,features_cache/05064.pt,05064
wlasl/videos/05065.mp4,barely,72,features_cache/05065.pt,05065
wlasl/videos/05066.mp4,barely,72,features_cache/05066.pt,05066
wlasl/videos/05178.mp4,baseball,74,features_cache/05178.pt,05178
wlasl/videos/65140.mp4,baseball,74,features_cache/65140.pt,65140
wlasl/videos/05172.mp4,baseball,74,features_cache/05172.pt,05172
wlasl/videos/05175.mp4,baseball,74,features_cache/05175.pt,05175
wlasl/videos/05767.mp4,beg,88,features_cache/05767.pt,05767
wlasl/videos/65168.mp4,beg,88,features_cache/65168.pt,65168
wlasl/videos/05762.mp4,beg,88,features_cache/05762.pt,05762
wlasl/videos/05763.mp4,beg,88,features_cache/05763.pt,05763
wlasl/videos/05967.mp4,benefit,93,features_cache/05967.pt,05967
wlasl/videos/65175.mp4,benefit,93,features_cache/65175.pt,65175
wlasl/videos/05960.mp4,benefit,93,features_cache/05960.pt,05960
wlasl/videos/05962.mp4,benefit,93,features_cache/05962.pt,05962
wlasl/videos/05964.mp4,benefit,93,features_cache/05964.pt,05964
wlasl/videos/05965.mp4,benefit,93,features_cache/05965.pt,05965
wlasl/videos/06409.mp4,bite,102,features_cache/06409.pt,06409
wlasl/videos/06410.mp4,bite,102,features_cache/06410.pt,06410
wlasl/videos/06411.mp4,bite,102,features_cache/06411.pt,06411
wlasl/videos/06536.mp4,blame,105,features_cache/06536.pt,06536
wlasl/videos/65202.mp4,blame,105,features_cache/65202.pt,65202
wlasl/videos/06529.mp4,blame,105,features_cache/06529.pt,06529
wlasl/videos/06532.mp4,blame,105,features_cache/06532.pt,06532
wlasl/videos/06533.mp4,blame,105,features_cache/06533.pt,06533
wlasl/videos/69239.mp4,boat,109,features_cache/69239.pt,69239
wlasl/videos/06937.mp4,boat,109,features_cache/06937.pt,06937
wlasl/videos/06931.mp4,boat,109,features_cache/06931.pt,06931
wlasl/videos/06932.mp4,boat,109,features_cache/06932.pt,06932
wlasl/videos/06933.mp4,boat,109,features_cache/06933.pt,06933
wlasl/videos/69240.mp4,body,110,features_cache/69240.pt,69240
wlasl/videos/65222.mp4,body,110,features_cache/65222.pt,65222
wlasl/videos/06951.mp4,body,110,features_cache/06951.pt,06951
wlasl/videos/07234.mp4,borrow,113,features_cache/07234.pt,07234
wlasl/videos/65230.mp4,borrow,113,features_cache/65230.pt,65230
wlasl/videos/07227.mp4,borrow,113,features_cache/07227.pt,07227
wlasl/videos/07230.mp4,borrow,113,features_cache/07230.pt,07230
wlasl/videos/07231.mp4,borrow,113,features_cache/07231.pt,07231
wlasl/videos/07243.mp4,boss,114,features_cache/07243.pt,07243
wlasl/videos/07245.mp4,boss,114,features_cache/07245.pt,07245
wlasl/videos/07247.mp4,boss,114,features_cache/07247.pt,07247
wlasl/videos/07237.mp4,boss,114,features_cache/07237.pt,07237
wlasl/videos/07238.mp4,boss,114,features_cache/07238.pt,07238
wlasl/videos/07239.mp4,boss,114,features_cache/07239.pt,07239
wlasl/videos/65234.mp4,bother,116,features_cache/65234.pt,65234
wlasl/videos/07260.mp4,bother,116,features_cache/07260.pt,07260
wlasl/videos/07262.mp4,bother,116,features_cache/07262.pt,07262
wlasl/videos/07264.mp4,bother,116,features_cache/07264.pt,07264
wlasl/videos/07265.mp4,bother,116,features_cache/07265.pt,07265
wlasl/videos/69243.mp4,bottle,117,features_cache/69243.pt,69243
wlasl/videos/65235.mp4,bottle,117,features_cache/65235.pt,65235
wlasl/videos/07288.mp4,bottle,117,features_cache/07288.pt,07288
wlasl/videos/07290.mp4,bottle,117,features_cache/07290.pt,07290
wlasl/videos/07301.mp4,bottom,118,features_cache/07301.pt,07301
wlasl/videos/07304.mp4,bottom,118,features_cache/07304.pt,07304
wlasl/videos/07309.mp4,bottom,118,features_cache/07309.pt,07309
wlasl/videos/07297.mp4,bottom,118,features_cache/07297.pt,07297
wlasl/videos/07298.mp4,bottom,118,features_cache/07298.pt,07298
wlasl/videos/07299.mp4,bottom,118,features_cache/07299.pt,07299
wlasl/videos/07498.mp4,brag,125,features_cache/07498.pt,07498
wlasl/videos/65249.mp4,brag,125,features_cache/65249.pt,65249
wlasl/videos/07492.mp4,brag,125,features_cache/07492.pt,07492
wlasl/videos/07493.mp4,brag,125,features_cache/07493.pt,07493
wlasl/videos/07495.mp4,brag,125,features_cache/07495.pt,07495
wlasl/videos/08127.mp4,build,133,features_cache/08127.pt,08127
wlasl/videos/65268.mp4,build,133,features_cache/65268.pt,65268
wlasl/videos/08120.mp4,build,133,features_cache/08120.pt,08120
wlasl/videos/08123.mp4,build,133,features_cache/08123.pt,08123
wlasl/videos/08349.mp4,bus,135,features_cache/08349.pt,08349
wlasl/videos/08346.mp4,bus,135,features_cache/08346.pt,08346
wlasl/videos/08455.mp4,butter,139,features_cache/08455.pt,08455
wlasl/videos/65279.mp4,butter,139,features_cache/65279.pt,65279
wlasl/videos/08450.mp4,butter,139,features_cache/08450.pt,08450
wlasl/videos/08452.mp4,butter,139,features_cache/08452.pt,08452
wlasl/videos/08745.mp4,calm,145,features_cache/08745.pt,08745
wlasl/videos/08746.mp4,calm,145,features_cache/08746.pt,08746
wlasl/videos/08748.mp4,calm,145,features_cache/08748.pt,08748
wlasl/videos/08749.mp4,calm,145,features_cache/08749.pt,08749
wlasl/videos/08868.mp4,cancel,150,features_cache/08868.pt,08868
wlasl/videos/08860.mp4,cancel,150,features_cache/08860.pt,08860
wlasl/videos/08862.mp4,cancel,150,features_cache/08862.pt,08862
wlasl/videos/08863.mp4,cancel,150,features_cache/08863.pt,08863
wlasl/videos/08865.mp4,cancel,150,features_cache/08865.pt,08865
wlasl/videos/08905.mp4,candle,151,features_cache/08905.pt,08905
wlasl/videos/65297.mp4,candle,151,features_cache/65297.pt,65297
wlasl/videos/08898.mp4,candle,151,features_cache/08898.pt,08898
wlasl/videos/08900.mp4,candle,151,features_cache/08900.pt,08900
wlasl/videos/08902.mp4,candle,151,features_cache/08902.pt,08902
wlasl/videos/09155.mp4,cards,155,features_cache/09155.pt,09155
wlasl/videos/09151.mp4,cards,155,features_cache/09151.pt,09151
wlasl/videos/10598.mp4,choice,184,features_cache/10598.pt,10598
wlasl/videos/10590.mp4,choice,184,features_cache/10590.pt,10590
wlasl/videos/10592.mp4,choice,184,features_cache/10592.pt,10592
wlasl/videos/10594.mp4,choice,184,features_cache/10594.pt,10594
wlasl/videos/10595.mp4,choice,184,features_cache/10595.pt,10595
wlasl/videos/11828.mp4,comb,202,features_cache/11828.pt,11828
wlasl/videos/11821.mp4,comb,202,features_cache/11821.pt,11821
wlasl/videos/11823.mp4,comb,202,features_cache/11823.pt,11823
wlasl/videos/11824.mp4,comb,202,features_cache/11824.pt,11824
wlasl/videos/11911.mp4,comfortable,203,features_cache/11911.pt,11911
wlasl/videos/65381.mp4,comfortable,203,features_cache/65381.pt,65381
wlasl/videos/11904.mp4,comfortable,203,features_cache/11904.pt,11904
wlasl/videos/11906.mp4,comfortable,203,features_cache/11906.pt,11906
wlasl/videos/11908.mp4,comfortable,203,features_cache/11908.pt,11908
wlasl/videos/12593.mp4,conflict,211,features_cache/12593.pt,12593
wlasl/videos/12586.mp4,conflict,211,features_cache/12586.pt,12586
wlasl/videos/12588.mp4,conflict,211,features_cache/12588.pt,12588
wlasl/videos/12590.mp4,conflict,211,features_cache/12590.pt,12590
wlasl/videos/13664.mp4,cover,229,features_cache/13664.pt,13664
wlasl/videos/65416.mp4,cover,229,features_cache/65416.pt,65416
wlasl/videos/13657.mp4,cover,229,features_cache/13657.pt,13657
wlasl/videos/13659.mp4,cover,229,features_cache/13659.pt,13659
wlasl/videos/15564.mp4,deodorant,257,features_cache/15564.pt,15564
wlasl/videos/65462.mp4,deodorant,257,features_cache/65462.pt,65462
wlasl/videos/15557.mp4,deodorant,257,features_cache/15557.pt,15557
wlasl/videos/15559.mp4,deodorant,257,features_cache/15559.pt,15559
wlasl/videos/15561.mp4,deodorant,257,features_cache/15561.pt,15561
wlasl/videos/15815.mp4,dessert,262,features_cache/15815.pt,15815
wlasl/videos/15817.mp4,dessert,262,features_cache/15817.pt,15817
wlasl/videos/15809.mp4,dessert,262,features_cache/15809.pt,15809
wlasl/videos/15810.mp4,dessert,262,features_cache/15810.pt,15810
wlasl/videos/15811.mp4,dessert,262,features_cache/15811.pt,15811
wlasl/videos/65471.mp4,destroy,263,features_cache/65471.pt,65471
wlasl/videos/15826.mp4,destroy,263,features_cache/15826.pt,15826
wlasl/videos/15828.mp4,destroy,263,features_cache/15828.pt,15828
wlasl/videos/15829.mp4,destroy,263,features_cache/15829.pt,15829
wlasl/videos/15831.mp4,destroy,263,features_cache/15831.pt,15831
wlasl/videos/16063.mp4,diamond,265,features_cache/16063.pt,16063
wlasl/videos/16065.mp4,diamond,265,features_cache/16065.pt,16065
wlasl/videos/65476.mp4,diamond,265,features_cache/65476.pt,65476
wlasl/videos/16073.mp4,diamond,265,features_cache/16073.pt,16073
wlasl/videos/17132.mp4,dollar,281,features_cache/17132.pt,17132
wlasl/videos/17124.mp4,dollar,281,features_cache/17124.pt,17124
wlasl/videos/17125.mp4,dollar,281,features_cache/17125.pt,17125
wlasl/videos/17126.mp4,dollar,281,features_cache/17126.pt,17126
wlasl/videos/17127.mp4,dollar,281,features_cache/17127.pt,17127
wlasl/videos/17589.mp4,drawer,288,features_cache/17589.pt,17589
wlasl/videos/65532.mp4,drawer,288,features_cache/65532.pt,65532
wlasl/videos/17581.mp4,drawer,288,features_cache/17581.pt,17581
wlasl/videos/17583.mp4,drawer,288,features_cache/17583.pt,17583
wlasl/videos/17585.mp4,drawer,288,features_cache/17585.pt,17585
wlasl/videos/17586.mp4,drawer,288,features_cache/17586.pt,17586
wlasl/videos/17633.mp4,dream,289,features_cache/17633.pt,17633
wlasl/videos/17636.mp4,dream,289,features_cache/17636.pt,17636
wlasl/videos/65533.mp4,dream,289,features_cache/65533.pt,65533
wlasl/videos/17627.mp4,dream,289,features_cache/17627.pt,17627
wlasl/videos/17628.mp4,dream,289,features_cache/17628.pt,17628
wlasl/videos/17918.mp4,drunk,294,features_cache/17918.pt,17918
wlasl/videos/65548.mp4,drunk,294,features_cache/65548.pt,65548
wlasl/videos/17912.mp4,drunk,294,features_cache/17912.pt,17912
wlasl/videos/17914.mp4,drunk,294,features_cache/17914.pt,17914
wlasl/videos/17915.mp4,drunk,294,features_cache/17915.pt,17915
wlasl/videos/69305.mp4,duck,296,features_cache/69305.pt,69305
wlasl/videos/17955.mp4,duck,296,features_cache/17955.pt,17955
wlasl/videos/17948.mp4,duck,296,features_cache/17948.pt,17948
wlasl/videos/17949.mp4,duck,296,features_cache/17949.pt,17949
wlasl/videos/17951.mp4,duck,296,features_cache/17951.pt,17951
wlasl/videos/18028.mp4,during,298,features_cache/18028.pt,18028
wlasl/videos/18030.mp4,during,298,features_cache/18030.pt,18030
wlasl/videos/18032.mp4,during,298,features_cache/18032.pt,18032
wlasl/videos/18144.mp4,eagle,300,features_cache/18144.pt,18144
wlasl/videos/65588.mp4,eagle,300,features_cache/65588.pt,65588
wlasl/videos/18139.mp4,eagle,300,features_cache/18139.pt,18139
wlasl/videos/18140.mp4,eagle,300,features_cache/18140.pt,18140
wlasl/videos/18142.mp4,eagle,300,features_cache/18142.pt,18142
wlasl/videos/18184.mp4,early,302,features_cache/18184.pt,18184
wlasl/videos/18168.mp4,early,302,features_cache/18168.pt,18168
wlasl/videos/18166.mp4,early,302,features_cache/18166.pt,18166
wlasl/videos/18178.mp4,early,302,features_cache/18178.pt,18178
wlasl/videos/19464.mp4,equal,327,features_cache/19464.pt,19464
wlasl/videos/65640.mp4,equal,327,features_cache/65640.pt,65640
wlasl/videos/19457.mp4,equal,327,features_cache/19457.pt,19457
wlasl/videos/19459.mp4,equal,327,features_cache/19459.pt,19459
wlasl/videos/19462.mp4,equal,327,features_cache/19462.pt,19462
wlasl/videos/69311.mp4,every,332,features_cache/69311.pt,69311
wlasl/videos/19843.mp4,every,332,features_cache/19843.pt,19843
wlasl/videos/19845.mp4,every,332,features_cache/19845.pt,19845
wlasl/videos/65655.mp4,excited,338,features_cache/65655.pt,65655
wlasl/videos/20153.mp4,excited,338,features_cache/20153.pt,20153
wlasl/videos/20154.mp4,excited,338,features_cache/20154.pt,20154
wlasl/videos/20157.mp4,excited,338,features_cache/20157.pt,20157
wlasl/videos/20158.mp4,excited,338,features_cache/20158.pt,20158
wlasl/videos/20226.mp4,exercise,339,features_cache/20226.pt,20226
wlasl/videos/20227.mp4,exercise,339,features_cache/20227.pt,20227
wlasl/videos/20229.mp4,exercise,339,features_cache/20229.pt,20229
wlasl/videos/20396.mp4,experiment,343,features_cache/20396.pt,20396
wlasl/videos/65660.mp4,experiment,343,features_cache/65660.pt,65660
wlasl/videos/20401.mp4,experiment,343,features_cache/20401.pt,20401
wlasl/videos/20392.mp4,experiment,343,features_cache/20392.pt,20392
wlasl/videos/20393.mp4,experiment,343,features_cache/20393.pt,20393
wlasl/videos/20411.mp4,expert,344,features_cache/20411.pt,20411
wlasl/videos/20403.mp4,expert,344,features_cache/20403.pt,20403
wlasl/videos/20404.mp4,expert,344,features_cache/20404.pt,20404
wlasl/videos/20406.mp4,expert,344,features_cache/20406.pt,20406
wlasl/videos/20407.mp4,expert,344,features_cache/20407.pt,20407
wlasl/videos/69315.mp4,fact,347,features_cache/69315.pt,69315
wlasl/videos/20746.mp4,fact,347,features_cache/20746.pt,20746
wlasl/videos/20737.mp4,fact,347,features_cache/20737.pt,20737
wlasl/videos/20739.mp4,fact,347,features_cache/20739.pt,20739
wlasl/videos/20740.mp4,fact,347,features_cache/20740.pt,20740
wlasl/videos/21334.mp4,fear,357,features_cache/21334.pt,21334
wlasl/videos/21327.mp4,fear,357,features_cache/21327.pt,21327
wlasl/videos/21328.mp4,fear,357,features_cache/21328.pt,21328
wlasl/videos/21395.mp4,feedback,359,features_cache/21395.pt,21395
wlasl/videos/21397.mp4,feedback,359,features_cache/21397.pt,21397
wlasl/videos/21398.mp4,feedback,359,features_cache/21398.pt,21398
wlasl/videos/21399.mp4,feedback,359,features_cache/21399.pt,21399
wlasl/videos/22694.mp4,fold,374,features_cache/22694.pt,22694
wlasl/videos/22696.mp4,fold,374,features_cache/22696.pt,22696
wlasl/videos/22920.mp4,forest,379,features_cache/22920.pt,22920
wlasl/videos/22911.mp4,forest,379,features_cache/22911.pt,22911
wlasl/videos/22913.mp4,forest,379,features_cache/22913.pt,22913
wlasl/videos/22914.mp4,forest,379,features_cache/22914.pt,22914
wlasl/videos/22917.mp4,forest,379,features_cache/22917.pt,22917
wlasl/videos/23335.mp4,france,383,features_cache/23335.pt,23335
wlasl/videos/65777.mp4,france,383,features_cache/65777.pt,65777
wlasl/videos/23338.mp4,france,383,features_cache/23338.pt,23338
wlasl/videos/23330.mp4,france,383,features_cache/23330.pt,23330
wlasl/videos/23331.mp4,france,383,features_cache/23331.pt,23331
wlasl/videos/23634.mp4,frog,389,features_cache/23634.pt,23634
wlasl/videos/65784.mp4,frog,389,features_cache/65784.pt,65784
wlasl/videos/23627.mp4,frog,389,features_cache/23627.pt,23627
wlasl/videos/23629.mp4,frog,389,features_cache/23629.pt,23629
wlasl/videos/23630.mp4,frog,389,features_cache/23630.pt,23630
wlasl/videos/23632.mp4,frog,389,features_cache/23632.pt,23632
wlasl/videos/23878.mp4,funny,395,features_cache/23878.pt,23878
wlasl/videos/23870.mp4,funny,395,features_cache/23870.pt,23870
wlasl/videos/23873.mp4,funny,395,features_cache/23873.pt,23873
wlasl/videos/24057.mp4,garage,398,features_cache/24057.pt,24057
wlasl/videos/24059.mp4,garage,398,features_cache/24059.pt,24059
wlasl/videos/24872.mp4,goal,408,features_cache/24872.pt,24872
wlasl/videos/65829.mp4,goal,408,features_cache/65829.pt,65829
wlasl/videos/24881.mp4,goal,408,features_cache/24881.pt,24881
wlasl/videos/24868.mp4,goal,408,features_cache/24868.pt,24868
wlasl/videos/24869.mp4,goal,408,features_cache/24869.pt,24869
wlasl/videos/65833.mp4,golf,411,features_cache/65833.pt,65833
wlasl/videos/25013.mp4,golf,411,features_cache/25013.pt,25013
wlasl/videos/25014.mp4,golf,411,features_cache/25014.pt,25014
wlasl/videos/25015.mp4,golf,411,features_cache/25015.pt,25015
wlasl/videos/65834.mp4,gone,412,features_cache/65834.pt,65834
wlasl/videos/25025.mp4,gone,412,features_cache/25025.pt,25025
wlasl/videos/25026.mp4,gone,412,features_cache/25026.pt,25026
wlasl/videos/25191.mp4,gossip,415,features_cache/25191.pt,25191
wlasl/videos/25184.mp4,gossip,415,features_cache/25184.pt,25184
wlasl/videos/25186.mp4,gossip,415,features_cache/25186.pt,25186
wlasl/videos/25188.mp4,gossip,415,features_cache/25188.pt,25188
wlasl/videos/25436.mp4,grandmother,420,features_cache/25436.pt,25436
wlasl/videos/25430.mp4,grandmother,420,features_cache/25430.pt,25430
wlasl/videos/25431.mp4,grandmother,420,features_cache/25431.pt,25431
wlasl/videos/25432.mp4,grandmother,420,features_cache/25432.pt,25432
wlasl/videos/65849.mp4,grapes,421,features_cache/65849.pt,65849
wlasl/videos/25482.mp4,grapes,421,features_cache/25482.pt,25482
wlasl/videos/25484.mp4,grapes,421,features_cache/25484.pt,25484
wlasl/videos/25485.mp4,grapes,421,features_cache/25485.pt,25485
wlasl/videos/25486.mp4,grapes,421,features_cache/25486.pt,25486
wlasl/videos/65859.mp4,group,425,features_cache/65859.pt,65859
wlasl/videos/65860.mp4,group,425,features_cache/65860.pt,65860
wlasl/videos/25823.mp4,group,425,features_cache/25823.pt,25823
wlasl/videos/25824.mp4,group,425,features_cache/25824.pt,25824
wlasl/videos/25825.mp4,group,425,features_cache/25825.pt,25825
wlasl/videos/25826.mp4,group,425,features_cache/25826.pt,25826
wlasl/videos/25967.mp4,guilty,428,features_cache/25967.pt,25967
wlasl/videos/25960.mp4,guilty,428,features_cache/25960.pt,25960
wlasl/videos/25961.mp4,guilty,428,features_cache/25961.pt,25961
wlasl/videos/25962.mp4,guilty,428,features_cache/25962.pt,25962
wlasl/videos/26303.mp4,hamburger,434,features_cache/26303.pt,26303
wlasl/videos/26296.mp4,hamburger,434,features_cache/26296.pt,26296
wlasl/videos/26298.mp4,hamburger,434,features_cache/26298.pt,26298
wlasl/videos/26300.mp4,hamburger,434,features_cache/26300.pt,26300
wlasl/videos/26706.mp4,hate,440,features_cache/26706.pt,26706
wlasl/videos/26710.mp4,hate,440,features_cache/26710.pt,26710
wlasl/videos/26698.mp4,hate,440,features_cache/26698.pt,26698
wlasl/videos/26701.mp4,hate,440,features_cache/26701.pt,26701
wlasl/videos/69362.mp4,head,443,features_cache/69362.pt,69362
wlasl/videos/26852.mp4,head,443,features_cache/26852.pt,26852
wlasl/videos/26854.mp4,head,443,features_cache/26854.pt,26854
wlasl/videos/26856.mp4,head,443,features_cache/26856.pt,26856
wlasl/videos/27282.mp4,her,451,features_cache/27282.pt,27282
wlasl/videos/27284.mp4,her,451,features_cache/27284.pt,27284
wlasl/videos/27285.mp4,her,451,features_cache/27285.pt,27285
wlasl/videos/27275.mp4,her,451,features_cache/27275.pt,27275
wlasl/videos/27279.mp4,her,451,features_cache/27279.pt,27279
wlasl/videos/27280.mp4,her,451,features_cache/27280.pt,27280
wlasl/videos/27994.mp4,horse,462,features_cache/27994.pt,27994
wlasl/videos/27995.mp4,horse,462,features_cache/27995.pt,27995
wlasl/videos/27999.mp4,horse,462,features_cache/27999.pt,27999
wlasl/videos/28783.mp4,ignore,476,features_cache/28783.pt,28783
wlasl/videos/28776.mp4,ignore,476,features_cache/28776.pt,28776
wlasl/videos/29096.mp4,impossible,478,features_cache/29096.pt,29096
wlasl/videos/29089.mp4,impossible,478,features_cache/29089.pt,29089
wlasl/videos/29090.mp4,impossible,478,features_cache/29090.pt,29090
wlasl/videos/29092.mp4,impossible,478,features_cache/29092.pt,29092
wlasl/videos/69377.mp4,in,480,features_cache/69377.pt,69377
wlasl/videos/29718.mp4,in,480,features_cache/29718.pt,29718
wlasl/videos/29720.mp4,in,480,features_cache/29720.pt,29720
wlasl/videos/29723.mp4,in,480,features_cache/29723.pt,29723
wlasl/videos/29391.mp4,independent,482,features_cache/29391.pt,29391
wlasl/videos/65932.mp4,independent,482,features_cache/65932.pt,65932
wlasl/videos/29384.mp4,independent,482,features_cache/29384.pt,29384
wlasl/videos/29386.mp4,independent,482,features_cache/29386.pt,29386
wlasl/videos/29388.mp4,independent,482,features_cache/29388.pt,29388
wlasl/videos/65942.mp4,inside,486,features_cache/65942.pt,65942
wlasl/videos/29867.mp4,inside,486,features_cache/29867.pt,29867
wlasl/videos/29870.mp4,inside,486,features_cache/29870.pt,29870
wlasl/videos/30060.mp4,insurance,487,features_cache/30060.pt,30060
wlasl/videos/30053.mp4,insurance,487,features_cache/30053.pt,30053
wlasl/videos/30055.mp4,insurance,487,features_cache/30055.pt,30055
wlasl/videos/30057.mp4,insurance,487,features_cache/30057.pt,30057
wlasl/videos/30682.mp4,island,496,features_cache/30682.pt,30682
wlasl/videos/65966.mp4,island,496,features_cache/65966.pt,65966
wlasl/videos/30675.mp4,island,496,features_cache/30675.pt,30675
wlasl/videos/30677.mp4,island,496,features_cache/30677.pt,30677
wlasl/videos/30679.mp4,island,496,features_cache/30679.pt,30679
wlasl/videos/32701.mp4,lecture,526,features_cache/32701.pt,32701
wlasl/videos/32694.mp4,lecture,526,features_cache/32694.pt,32694
wlasl/videos/32696.mp4,lecture,526,features_cache/32696.pt,32696
wlasl/videos/32697.mp4,lecture,526,features_cache/32697.pt,32697
wlasl/videos/32699.mp4,lecture,526,features_cache/32699.pt,32699
wlasl/videos/32894.mp4,lesson,529,features_cache/32894.pt,32894
wlasl/videos/32888.mp4,lesson,529,features_cache/32888.pt,32888
wlasl/videos/32889.mp4,lesson,529,features_cache/32889.pt,32889
wlasl/videos/32891.mp4,lesson,529,features_cache/32891.pt,32891
wlasl/videos/33319.mp4,limit,536,features_cache/33319.pt,33319
wlasl/videos/66072.mp4,limit,536,features_cache/66072.pt,66072
wlasl/videos/33312.mp4,limit,536,features_cache/33312.pt,33312
wlasl/videos/33314.mp4,limit,536,features_cache/33314.pt,33314
wlasl/videos/33316.mp4,limit,536,features_cache/33316.pt,33316
wlasl/videos/33392.mp4,lion,538,features_cache/33392.pt,33392
wlasl/videos/33395.mp4,lion,538,features_cache/33395.pt,33395
wlasl/videos/33454.mp4,listen,540,features_cache/33454.pt,33454
wlasl/videos/33466.mp4,listen,540,features_cache/33466.pt,33466
wlasl/videos/33455.mp4,listen,540,features_cache/33455.pt,33455
wlasl/videos/33456.mp4,listen,540,features_cache/33456.pt,33456
wlasl/videos/33457.mp4,listen,540,features_cache/33457.pt,33457
wlasl/videos/34861.mp4,march,556,features_cache/34861.pt,34861
wlasl/videos/34872.mp4,march,556,features_cache/34872.pt,34872
wlasl/videos/34862.mp4,march,556,features_cache/34862.pt,34862
wlasl/videos/34864.mp4,march,556,features_cache/34864.pt,34864
wlasl/videos/34867.mp4,march,556,features_cache/34867.pt,34867
wlasl/videos/66107.mp4,math,559,features_cache/66107.pt,66107
wlasl/videos/35155.mp4,math,559,features_cache/35155.pt,35155
wlasl/videos/35156.mp4,math,559,features_cache/35156.pt,35156
wlasl/videos/35158.mp4,math,559,features_cache/35158.pt,35158
wlasl/videos/35159.mp4,math,559,features_cache/35159.pt,35159
wlasl/videos/35218.mp4,maybe,560,features_cache/35218.pt,35218
wlasl/videos/35220.mp4,maybe,560,features_cache/35220.pt,35220
wlasl/videos/35222.mp4,maybe,560,features_cache/35222.pt,35222
wlasl/videos/35383.mp4,mechanic,564,features_cache/35383.pt,35383
wlasl/videos/66110.mp4,mechanic,564,features_cache/66110.pt,66110
wlasl/videos/35377.mp4,mechanic,564,features_cache/35377.pt,35377
wlasl/videos/35381.mp4,mechanic,564,features_cache/35381.pt,35381
wlasl/videos/36603.mp4,mom,575,features_cache/36603.pt,36603
wlasl/videos/36605.mp4,mom,575,features_cache/36605.pt,36605
wlasl/videos/36607.mp4,mom,575,features_cache/36607.pt,36607
wlasl/videos/37046.mp4,mouse,587,features_cache/37046.pt,37046
wlasl/videos/37053.mp4,mouse,587,features_cache/37053.pt,37053
wlasl/videos/37042.mp4,mouse,587,features_cache/37042.pt,37042
wlasl/videos/37043.mp4,mouse,587,features_cache/37043.pt,37043
wlasl/videos/37202.mp4,much,591,features_cache/37202.pt,37202
wlasl/videos/66154.mp4,much,591,features_cache/66154.pt,66154
wlasl/videos/37194.mp4,much,591,features_cache/37194.pt,37194
wlasl/videos/37196.mp4,much,591,features_cache/37196.pt,37196
wlasl/videos/37198.mp4,much,591,features_cache/37198.pt,37198
wlasl/videos/37314.mp4,muscle,592,features_cache/37314.pt,37314
wlasl/videos/37316.mp4,muscle,592,features_cache/37316.pt,37316
wlasl/videos/37318.mp4,muscle,592,features_cache/37318.pt,37318
wlasl/videos/37341.mp4,museum,593,features_cache/37341.pt,37341
wlasl/videos/37334.mp4,museum,593,features_cache/37334.pt,37334
wlasl/videos/37335.mp4,museum,593,features_cache/37335.pt,37335
wlasl/videos/37425.mp4,must,596,features_cache/37425.pt,37425
wlasl/videos/37418.mp4,must,596,features_cache/37418.pt,37418
wlasl/videos/37430.mp4,must,596,features_cache/37430.pt,37430
wlasl/videos/37432.mp4,must,596,features_cache/37432.pt,37432
wlasl/videos/37419.mp4,must,596,features_cache/37419.pt,37419
wlasl/videos/37397.mp4,mustache,597,features_cache/37397.pt,37397
wlasl/videos/37398.mp4,mustache,597,features_cache/37398.pt,37398
wlasl/videos/37399.mp4,mustache,597,features_cache/37399.pt,37399
wlasl/videos/37400.mp4,mustache,597,features_cache/37400.pt,37400
wlasl/videos/69406.mp4,negative,605,features_cache/69406.pt,69406
wlasl/videos/66164.mp4,negative,605,features_cache/66164.pt,66164
wlasl/videos/37911.mp4,negative,605,features_cache/37911.pt,37911
wlasl/videos/37914.mp4,negative,605,features_cache/37914.pt,37914
wlasl/videos/37915.mp4,negative,605,features_cache/37915.pt,37915
wlasl/videos/38019.mp4,nervous,608,features_cache/38019.pt,38019
wlasl/videos/38011.mp4,nervous,608,features_cache/38011.pt,38011
wlasl/videos/38012.mp4,nervous,608,features_cache/38012.pt,38012
wlasl/videos/38014.mp4,nervous,608,features_cache/38014.pt,38014
wlasl/videos/38015.mp4,nervous,608,features_cache/38015.pt,38015
wlasl/videos/38071.mp4,neutral,609,features_cache/38071.pt,38071
wlasl/videos/38063.mp4,neutral,609,features_cache/38063.pt,38063
wlasl/videos/38065.mp4,neutral,609,features_cache/38065.pt,38065
wlasl/videos/38737.mp4,nose,621,features_cache/38737.pt,38737
wlasl/videos/38729.mp4,nose,621,features_cache/38729.pt,38729
wlasl/videos/38731.mp4,nose,621,features_cache/38731.pt,38731
wlasl/videos/38733.mp4,nose,621,features_cache/38733.pt,38733
wlasl/videos/39511.mp4,often,629,features_cache/39511.pt,39511
wlasl/videos/39504.mp4,often,629,features_cache/39504.pt,39504
wlasl/videos/39505.mp4,often,629,features_cache/39505.pt,39505
wlasl/videos/39507.mp4,often,629,features_cache/39507.pt,39507
wlasl/videos/39996.mp4,operate,635,features_cache/39996.pt,39996
wlasl/videos/39986.mp4,operate,635,features_cache/39986.pt,39986
wlasl/videos/66240.mp4,opinion,636,features_cache/66240.pt,66240
wlasl/videos/40011.mp4,opinion,636,features_cache/40011.pt,40011
wlasl/videos/40012.mp4,opinion,636,features_cache/40012.pt,40012
wlasl/videos/40013.mp4,opinion,636,features_cache/40013.pt,40013
wlasl/videos/40014.mp4,opinion,636,features_cache/40014.pt,40014
wlasl/videos/40321.mp4,other,639,features_cache/40321.pt,40321
wlasl/videos/40313.mp4,other,639,features_cache/40313.pt,40313
wlasl/videos/40314.mp4,other,639,features_cache/40314.pt,40314
wlasl/videos/40317.mp4,other,639,features_cache/40317.pt,40317
wlasl/videos/41356.mp4,pass,651,features_cache/41356.pt,41356
wlasl/videos/41350.mp4,pass,651,features_cache/41350.pt,41350
wlasl/videos/41364.mp4,pass,651,features_cache/41364.pt,41364
wlasl/videos/41365.mp4,pass,651,features_cache/41365.pt,41365
wlasl/videos/42753.mp4,pillow,668,features_cache/42753.pt,42753
wlasl/videos/42754.mp4,pillow,668,features_cache/42754.pt,42754
wlasl/videos/42758.mp4,pillow,668,features_cache/42758.pt,42758
wlasl/videos/42747.mp4,pillow,668,features_cache/42747.pt,42747
wlasl/videos/42749.mp4,pillow,668,features_cache/42749.pt,42749
wlasl/videos/44281.mp4,prepare,689,features_cache/44281.pt,44281
wlasl/videos/66324.mp4,prepare,689,features_cache/66324.pt,66324
wlasl/videos/44274.mp4,prepare,689,features_cache/44274.pt,44274
wlasl/videos/44276.mp4,prepare,689,features_cache/44276.pt,44276
wlasl/videos/44278.mp4,prepare,689,features_cache/44278.pt,44278
wlasl/videos/69437.mp4,pretty,693,features_cache/69437.pt,69437
wlasl/videos/44426.mp4,pretty,693,features_cache/44426.pt,44426
wlasl/videos/44500.mp4,priest,695,features_cache/44500.pt,44500
wlasl/videos/44493.mp4,priest,695,features_cache/44493.pt,44493
wlasl/videos/44495.mp4,priest,695,features_cache/44495.pt,44495
wlasl/videos/44496.mp4,priest,695,features_cache/44496.pt,44496
wlasl/videos/44837.mp4,program,702,features_cache/44837.pt,44837
wlasl/videos/66337.mp4,program,702,features_cache/66337.pt,66337
wlasl/videos/44830.mp4,program,702,features_cache/44830.pt,44830
wlasl/videos/44833.mp4,program,702,features_cache/44833.pt,44833
wlasl/videos/66339.mp4,promise,704,features_cache/66339.pt,66339
wlasl/videos/44897.mp4,promise,704,features_cache/44897.pt,44897
wlasl/videos/44900.mp4,promise,704,features_cache/44900.pt,44900
wlasl/videos/69441.mp4,put,713,features_cache/69441.pt,69441
wlasl/videos/45511.mp4,put,713,features_cache/45511.pt,45511
wlasl/videos/45513.mp4,put,713,features_cache/45513.pt,45513
wlasl/videos/45515.mp4,put,713,features_cache/45515.pt,45515
wlasl/videos/45692.mp4,queen,715,features_cache/45692.pt,45692
wlasl/videos/66362.mp4,queen,715,features_cache/66362.pt,66362
wlasl/videos/45685.mp4,queen,715,features_cache/45685.pt,45685
wlasl/videos/45687.mp4,queen,715,features_cache/45687.pt,45687
wlasl/videos/45689.mp4,queen,715,features_cache/45689.pt,45689
wlasl/videos/45789.mp4,quit,719,features_cache/45789.pt,45789
wlasl/videos/45780.mp4,quit,719,features_cache/45780.pt,45780
wlasl/videos/45782.mp4,quit,719,features_cache/45782.pt,45782
wlasl/videos/45785.mp4,quit,719,features_cache/45785.pt,45785
wlasl/videos/45786.mp4,quit,719,features_cache/45786.pt,45786
wlasl/videos/45916.mp4,radio,722,features_cache/45916.pt,45916
wlasl/videos/45907.mp4,radio,722,features_cache/45907.pt,45907
wlasl/videos/45908.mp4,radio,722,features_cache/45908.pt,45908
wlasl/videos/45910.mp4,radio,722,features_cache/45910.pt,45910
wlasl/videos/45912.mp4,radio,722,features_cache/45912.pt,45912
wlasl/videos/46182.mp4,rat,726,features_cache/46182.pt,46182
wlasl/videos/46174.mp4,rat,726,features_cache/46174.pt,46174
wlasl/videos/46175.mp4,rat,726,features_cache/46175.pt,46175
wlasl/videos/46178.mp4,rat,726,features_cache/46178.pt,46178
wlasl/videos/46179.mp4,rat,726,features_cache/46179.pt,46179
wlasl/videos/47001.mp4,reject,733,features_cache/47001.pt,47001
wlasl/videos/47003.mp4,reject,733,features_cache/47003.pt,47003
wlasl/videos/47005.mp4,reject,733,features_cache/47005.pt,47005
wlasl/videos/47469.mp4,require,737,features_cache/47469.pt,47469
wlasl/videos/47460.mp4,require,737,features_cache/47460.pt,47460
wlasl/videos/47462.mp4,require,737,features_cache/47462.pt,47462
wlasl/videos/47466.mp4,require,737,features_cache/47466.pt,47466
wlasl/videos/47672.mp4,rest,740,features_cache/47672.pt,47672
wlasl/videos/47675.mp4,rest,740,features_cache/47675.pt,47675
wlasl/videos/47794.mp4,retire,742,features_cache/47794.pt,47794
wlasl/videos/66400.mp4,retire,742,features_cache/66400.pt,66400
wlasl/videos/47787.mp4,retire,742,features_cache/47787.pt,47787
wlasl/videos/47789.mp4,retire,742,features_cache/47789.pt,47789
wlasl/videos/47790.mp4,retire,742,features_cache/47790.pt,47790
wlasl/videos/48212.mp4,rise,748,features_cache/48212.pt,48212
wlasl/videos/48216.mp4,rise,748,features_cache/48216.pt,48216
wlasl/videos/48218.mp4,rise,748,features_cache/48218.pt,48218
wlasl/videos/48219.mp4,rise,748,features_cache/48219.pt,48219
wlasl/videos/48210.mp4,rise,748,features_cache/48210.pt,48210
wlasl/videos/48258.mp4,river,749,features_cache/48258.pt,48258
wlasl/videos/66410.mp4,river,749,features_cache/66410.pt,66410
wlasl/videos/48253.mp4,river,749,features_cache/48253.pt,48253
wlasl/videos/48255.mp4,river,749,features_cache/48255.pt,48255
wlasl/videos/48614.mp4,rough,753,features_cache/48614.pt,48614
wlasl/videos/66418.mp4,rough,753,features_cache/66418.pt,66418
wlasl/videos/48607.mp4,rough,753,features_cache/48607.pt,48607
wlasl/videos/48610.mp4,rough,753,features_cache/48610.pt,48610
wlasl/videos/48611.mp4,rough,753,features_cache/48611.pt,48611
wlasl/videos/69460.mp4,see,778,features_cache/69460.pt,69460
wlasl/videos/50125.mp4,see,778,features_cache/50125.pt,50125
wlasl/videos/66442.mp4,seem,779,features_cache/66442.pt,66442
wlasl/videos/50140.mp4,seem,779,features_cache/50140.pt,50140
wlasl/videos/50143.mp4,seem,779,features_cache/50143.pt,50143
wlasl/videos/50144.mp4,seem,779,features_cache/50144.pt,50144
wlasl/videos/50331.mp4,send,782,features_cache/50331.pt,50331
wlasl/videos/50332.mp4,send,782,features_cache/50332.pt,50332
wlasl/videos/50721.mp4,sew,787,features_cache/50721.pt,50721
wlasl/videos/50723.mp4,sew,787,features_cache/50723.pt,50723
wlasl/videos/50942.mp4,sheep,790,features_cache/50942.pt,50942
wlasl/videos/50934.mp4,sheep,790,features_cache/50934.pt,50934
wlasl/videos/50935.mp4,sheep,790,features_cache/50935.pt,50935
wlasl/videos/50938.mp4,sheep,790,features_cache/50938.pt,50938
wlasl/videos/51020.mp4,shine,791,features_cache/51020.pt,51020
wlasl/videos/51022.mp4,shine,791,features_cache/51022.pt,51022
wlasl/videos/51023.mp4,shine,791,features_cache/51023.pt,51023
wlasl/videos/51024.mp4,shine,791,features_cache/51024.pt,51024
wlasl/videos/51025.mp4,shine,791,features_cache/51025.pt,51025
wlasl/videos/51107.mp4,shock,793,features_cache/51107.pt,51107
wlasl/videos/51108.mp4,shock,793,features_cache/51108.pt,51108
wlasl/videos/51102.mp4,shock,793,features_cache/51102.pt,51102
wlasl/videos/51114.mp4,shock,793,features_cache/51114.pt,51114
wlasl/videos/51103.mp4,shock,793,features_cache/51103.pt,51103
wlasl/videos/51104.mp4,shock,793,features_cache/51104.pt,51104
wlasl/videos/51105.mp4,shock,793,features_cache/51105.pt,51105
wlasl/videos/51287.mp4,should,797,features_cache/51287.pt,51287
wlasl/videos/51289.mp4,should,797,features_cache/51289.pt,51289
wlasl/videos/51292.mp4,should,797,features_cache/51292.pt,51292
wlasl/videos/51696.mp4,silent,805,features_cache/51696.pt,51696
wlasl/videos/51688.mp4,silent,805,features_cache/51688.pt,51688
wlasl/videos/51690.mp4,silent,805,features_cache/51690.pt,51690
wlasl/videos/52175.mp4,skinny,812,features_cache/52175.pt,52175
wlasl/videos/52169.mp4,skinny,812,features_cache/52169.pt,52169
wlasl/videos/52170.mp4,skinny,812,features_cache/52170.pt,52170
wlasl/videos/52171.mp4,skinny,812,features_cache/52171.pt,52171
wlasl/videos/52208.mp4,skirt,813,features_cache/52208.pt,52208
wlasl/videos/52199.mp4,skirt,813,features_cache/52199.pt,52199
wlasl/videos/52200.mp4,skirt,813,features_cache/52200.pt,52200
wlasl/videos/52201.mp4,skirt,813,features_cache/52201.pt,52201
wlasl/videos/69477.mp4,sky,814,features_cache/69477.pt,69477
wlasl/videos/52238.mp4,sky,814,features_cache/52238.pt,52238
wlasl/videos/52229.mp4,sky,814,features_cache/52229.pt,52229
wlasl/videos/52231.mp4,sky,814,features_cache/52231.pt,52231
wlasl/videos/52232.mp4,sky,814,features_cache/52232.pt,52232
wlasl/videos/53452.mp4,sour,836,features_cache/53452.pt,53452
wlasl/videos/53443.mp4,sour,836,features_cache/53443.pt,53443
wlasl/videos/53445.mp4,sour,836,features_cache/53445.pt,53445
wlasl/videos/53447.mp4,sour,836,features_cache/53447.pt,53447
wlasl/videos/53448.mp4,sour,836,features_cache/53448.pt,53448
wlasl/videos/53449.mp4,sour,836,features_cache/53449.pt,53449
wlasl/videos/69486.mp4,special,839,features_cache/69486.pt,69486
wlasl/videos/66542.mp4,special,839,features_cache/66542.pt,66542
wlasl/videos/53642.mp4,special,839,features_cache/53642.pt,53642
wlasl/videos/53644.mp4,special,839,features_cache/53644.pt,53644
wlasl/videos/53646.mp4,special,839,features_cache/53646.pt,53646
wlasl/videos/53910.mp4,spirit,843,features_cache/53910.pt,53910
wlasl/videos/53901.mp4,spirit,843,features_cache/53901.pt,53901
wlasl/videos/53903.mp4,spirit,843,features_cache/53903.pt,53903
wlasl/videos/53906.mp4,spirit,843,features_cache/53906.pt,53906
wlasl/videos/53907.mp4,spirit,843,features_cache/53907.pt,53907
wlasl/videos/53908.mp4,spirit,843,features_cache/53908.pt,53908
wlasl/videos/54264.mp4,staff,847,features_cache/54264.pt,54264
wlasl/videos/54257.mp4,staff,847,features_cache/54257.pt,54257
wlasl/videos/54260.mp4,staff,847,features_cache/54260.pt,54260
wlasl/videos/66553.mp4,stand,849,features_cache/66553.pt,66553
wlasl/videos/54378.mp4,stand,849,features_cache/54378.pt,54378
wlasl/videos/54381.mp4,stand,849,features_cache/54381.pt,54381
wlasl/videos/54593.mp4,steal,854,features_cache/54593.pt,54593
wlasl/videos/54597.mp4,steal,854,features_cache/54597.pt,54597
wlasl/videos/54600.mp4,steal,854,features_cache/54600.pt,54600
wlasl/videos/54589.mp4,steal,854,features_cache/54589.pt,54589
wlasl/videos/54591.mp4,steal,854,features_cache/54591.pt,54591
wlasl/videos/54925.mp4,stop,857,features_cache/54925.pt,54925
wlasl/videos/54922.mp4,stop,857,features_cache/54922.pt,54922
wlasl/videos/54923.mp4,stop,857,features_cache/54923.pt,54923
wlasl/videos/54928.mp4,stop,857,features_cache/54928.pt,54928
wlasl/videos/55423.mp4,stupid,872,features_cache/55423.pt,55423
wlasl/videos/55431.mp4,stupid,872,features_cache/55431.pt,55431
wlasl/videos/55419.mp4,stupid,872,features_cache/55419.pt,55419
wlasl/videos/55755.mp4,summon,876,features_cache/55755.pt,55755
wlasl/videos/55747.mp4,summon,876,features_cache/55747.pt,55747
wlasl/videos/55750.mp4,summon,876,features_cache/55750.pt,55750
wlasl/videos/55751.mp4,summon,876,features_cache/55751.pt,55751
wlasl/videos/66580.mp4,sunrise,878,features_cache/66580.pt,66580
wlasl/videos/55849.mp4,sunrise,878,features_cache/55849.pt,55849
wlasl/videos/55841.mp4,sunrise,878,features_cache/55841.pt,55841
wlasl/videos/56202.mp4,swallow,882,features_cache/56202.pt,56202
wlasl/videos/56195.mp4,swallow,882,features_cache/56195.pt,56195
wlasl/videos/56196.mp4,swallow,882,features_cache/56196.pt,56196
wlasl/videos/56198.mp4,swallow,882,features_cache/56198.pt,56198
wlasl/videos/57261.mp4,television,893,features_cache/57261.pt,57261
wlasl/videos/57263.mp4,television,893,features_cache/57263.pt,57263
wlasl/videos/57265.mp4,television,893,features_cache/57265.pt,57265
wlasl/videos/57266.mp4,television,893,features_cache/57266.pt,57266
wlasl/videos/58730.mp4,to,914,features_cache/58730.pt,58730
wlasl/videos/58721.mp4,to,914,features_cache/58721.pt,58721
wlasl/videos/58723.mp4,to,914,features_cache/58723.pt,58723
wlasl/videos/58725.mp4,to,914,features_cache/58725.pt,58725
wlasl/videos/58727.mp4,to,914,features_cache/58727.pt,58727
wlasl/videos/58714.mp4,together,917,features_cache/58714.pt,58714
wlasl/videos/66653.mp4,together,917,features_cache/66653.pt,66653
wlasl/videos/58707.mp4,together,917,features_cache/58707.pt,58707
wlasl/videos/58709.mp4,together,917,features_cache/58709.pt,58709
wlasl/videos/58710.mp4,together,917,features_cache/58710.pt,58710
wlasl/videos/59411.mp4,translate,927,features_cache/59411.pt,59411
wlasl/videos/66669.mp4,translate,927,features_cache/66669.pt,66669
wlasl/videos/59406.mp4,translate,927,features_cache/59406.pt,59406
wlasl/videos/59407.mp4,translate,927,features_cache/59407.pt,59407
wlasl/videos/59409.mp4,translate,927,features_cache/59409.pt,59409
wlasl/videos/59602.mp4,triangle,930,features_cache/59602.pt,59602
wlasl/videos/59603.mp4,triangle,930,features_cache/59603.pt,59603
wlasl/videos/59609.mp4,triangle,930,features_cache/59609.pt,59609
wlasl/videos/59597.mp4,triangle,930,features_cache/59597.pt,59597
wlasl/videos/59598.mp4,triangle,930,features_cache/59598.pt,59598
wlasl/videos/60052.mp4,turtle,934,features_cache/60052.pt,60052
wlasl/videos/60045.mp4,turtle,934,features_cache/60045.pt,60045
wlasl/videos/60048.mp4,turtle,934,features_cache/60048.pt,60048
wlasl/videos/60572.mp4,underwear,938,features_cache/60572.pt,60572
wlasl/videos/60571.mp4,underwear,938,features_cache/60571.pt,60571
wlasl/videos/60575.mp4,underwear,938,features_cache/60575.pt,60575
wlasl/videos/60576.mp4,underwear,938,features_cache/60576.pt,60576
wlasl/videos/60579.mp4,underwear,938,features_cache/60579.pt,60579
wlasl/videos/60583.mp4,underwear,938,features_cache/60583.pt,60583
wlasl/videos/69522.mp4,up,941,features_cache/69522.pt,69522
wlasl/videos/60915.mp4,up,941,features_cache/60915.pt,60915
wlasl/videos/60907.mp4,up,941,features_cache/60907.pt,60907
wlasl/videos/60910.mp4,up,941,features_cache/60910.pt,60910
wlasl/videos/60912.mp4,up,941,features_cache/60912.pt,60912
wlasl/videos/60956.mp4,upset,942,features_cache/60956.pt,60956
wlasl/videos/66712.mp4,upset,942,features_cache/66712.pt,66712
wlasl/videos/60948.mp4,upset,942,features_cache/60948.pt,60948
wlasl/videos/60950.mp4,upset,942,features_cache/60950.pt,60950
wlasl/videos/60951.mp4,upset,942,features_cache/60951.pt,60951
wlasl/videos/60952.mp4,upset,942,features_cache/60952.pt,60952
wlasl/videos/61745.mp4,violin,945,features_cache/61745.pt,61745
wlasl/videos/66729.mp4,violin,945,features_cache/66729.pt,66729
wlasl/videos/61738.mp4,violin,945,features_cache/61738.pt,61738
wlasl/videos/61740.mp4,violin,945,features_cache/61740.pt,61740
wlasl/videos/61742.mp4,violin,945,features_cache/61742.pt,61742
wlasl/videos/61743.mp4,violin,945,features_cache/61743.pt,61743
wlasl/videos/66739.mp4,volunteer,948,features_cache/66739.pt,66739
wlasl/videos/61967.mp4,volunteer,948,features_cache/61967.pt,61967
wlasl/videos/61969.mp4,volunteer,948,features_cache/61969.pt,61969
wlasl/videos/61971.mp4,volunteer,948,features_cache/61971.pt,61971
wlasl/videos/62297.mp4,warm,955,features_cache/62297.pt,62297
wlasl/videos/62289.mp4,warm,955,features_cache/62289.pt,62289
wlasl/videos/62290.mp4,warm,955,features_cache/62290.pt,62290
wlasl/videos/62294.mp4,warm,955,features_cache/62294.pt,62294
wlasl/videos/62309.mp4,warn,956,features_cache/62309.pt,62309
wlasl/videos/66747.mp4,warn,956,features_cache/66747.pt,66747
wlasl/videos/62302.mp4,warn,956,features_cache/62302.pt,62302
wlasl/videos/62305.mp4,warn,956,features_cache/62305.pt,62305
wlasl/videos/62358.mp4,wash,957,features_cache/62358.pt,62358
wlasl/videos/62365.mp4,wash,957,features_cache/62365.pt,62365
wlasl/videos/62367.mp4,wash,957,features_cache/62367.pt,62367
wlasl/videos/62372.mp4,wash,957,features_cache/62372.pt,62372
wlasl/videos/63449.mp4,wine,980,features_cache/63449.pt,63449
wlasl/videos/63452.mp4,wine,980,features_cache/63452.pt,63452
wlasl/videos/63640.mp4,witness,982,features_cache/63640.pt,63640
wlasl/videos/63622.mp4,witness,982,features_cache/63622.pt,63622
wlasl/videos/63623.mp4,witness,982,features_cache/63623.pt,63623
wlasl/videos/63629.mp4,witness,982,features_cache/63629.pt,63629
wlasl/videos/63630.mp4,witness,982,features_cache/63630.pt,63630
wlasl/videos/63729.mp4,wood,984,features_cache/63729.pt,63729
wlasl/videos/66802.mp4,wood,984,features_cache/66802.pt,66802
wlasl/videos/63724.mp4,wood,984,features_cache/63724.pt,63724
wlasl/videos/63726.mp4,wood,984,features_cache/63726.pt,63726
wlasl/videos/66825.mp4,zero,999,features_cache/66825.pt,66825
wlasl/videos/64544.mp4,zero,999,features_cache/64544.pt,64544
wlasl/videos/64547.mp4,zero,999,features_cache/64547.pt,64547
wlasl/videos/00842.mp4,across,3,features_cache/00842.pt,00842
wlasl/videos/00835.mp4,across,3,features_cache/00835.pt,00835
wlasl/videos/00836.mp4,across,3,features_cache/00836.pt,00836
wlasl/videos/00839.mp4,across,3,features_cache/00839.pt,00839
wlasl/videos/65017.mp4,actor,4,features_cache/65017.pt,65017
wlasl/videos/00899.mp4,actor,4,features_cache/00899.pt,00899
wlasl/videos/00901.mp4,actor,4,features_cache/00901.pt,00901
wlasl/videos/00904.mp4,actor,4,features_cache/00904.pt,00904
wlasl/videos/01575.mp4,agree,13,features_cache/01575.pt,01575
wlasl/videos/01577.mp4,agree,13,features_cache/01577.pt,01577
wlasl/videos/01579.mp4,agree,13,features_cache/01579.pt,01579
wlasl/videos/01582.mp4,agree,13,features_cache/01582.pt,01582
wlasl/videos/01808.mp4,alarm,15,features_cache/01808.pt,01808
wlasl/videos/65040.mp4,alarm,15,features_cache/65040.pt,65040
wlasl/videos/01804.mp4,alarm,15,features_cache/01804.pt,01804
wlasl/videos/65050.mp4,allergy,17,features_cache/65050.pt,65050
wlasl/videos/01962.mp4,allergy,17,features_cache/01962.pt,01962
wlasl/videos/01955.mp4,allergy,17,features_cache/01955.pt,01955
wlasl/videos/01956.mp4,allergy,17,features_cache/01956.pt,01956
wlasl/videos/01957.mp4,allergy,17,features_cache/01957.pt,01957
wlasl/videos/01960.mp4,allergy,17,features_cache/01960.pt,01960
wlasl/videos/65056.mp4,almost,19,features_cache/65056.pt,65056
wlasl/videos/02091.mp4,almost,19,features_cache/02091.pt,02091
wlasl/videos/02093.mp4,almost,19,features_cache/02093.pt,02093
wlasl/videos/02095.mp4,almost,19,features_cache/02095.pt,02095
wlasl/videos/65074.mp4,announce,30,features_cache/65074.pt,65074
wlasl/videos/02620.mp4,announce,30,features_cache/02620.pt,02620
wlasl/videos/02622.mp4,announce,30,features_cache/02622.pt,02622
wlasl/videos/02625.mp4,announce,30,features_cache/02625.pt,02625
wlasl/videos/02872.mp4,apartment,33,features_cache/02872.pt,02872
wlasl/videos/02873.mp4,apartment,33,features_cache/02873.pt,02873
wlasl/videos/02875.mp4,apartment,33,features_cache/02875.pt,02875
wlasl/videos/02877.mp4,apartment,33,features_cache/02877.pt,02877
wlasl/videos/02880.mp4,apartment,33,features_cache/02880.pt,02880
wlasl/videos/65107.mp4,attention,48,features_cache/65107.pt,65107
wlasl/videos/04011.mp4,attention,48,features_cache/04011.pt,04011
wlasl/videos/04012.mp4,attention,48,features_cache/04012.pt,04012
wlasl/videos/04015.mp4,attention,48,features_cache/04015.pt,04015
wlasl/videos/04017.mp4,attention,48,features_cache/04017.pt,04017
wlasl/videos/04118.mp4,audience,51,features_cache/04118.pt,04118
wlasl/videos/04119.mp4,audience,51,features_cache/04119.pt,04119
wlasl/videos/04123.mp4,audience,51,features_cache/04123.pt,04123
wlasl/videos/04115.mp4,audience,51,features_cache/04115.pt,04115
wlasl/videos/04163.mp4,august,52,features_cache/04163.pt,04163
wlasl/videos/04164.mp4,august,52,features_cache/04164.pt,04164
wlasl/videos/04156.mp4,august,52,features_cache/04156.pt,04156
wlasl/videos/04159.mp4,august,52,features_cache/04159.pt,04159
wlasl/videos/65113.mp4,autumn,55,features_cache/65113.pt,65113
wlasl/videos/04289.mp4,autumn,55,features_cache/04289.pt,04289
wlasl/videos/04291.mp4,autumn,55,features_cache/04291.pt,04291
wlasl/videos/04294.mp4,autumn,55,features_cache/04294.pt,04294
wlasl/videos/04296.mp4,autumn,55,features_cache/04296.pt,04296
wlasl/videos/69216.mp4,away,57,features_cache/69216.pt,69216
wlasl/videos/65117.mp4,away,57,features_cache/65117.pt,65117
wlasl/videos/04389.mp4,away,57,features_cache/04389.pt,04389
wlasl/videos/05556.mp4,beautiful,81,features_cache/05556.pt,05556
wlasl/videos/05557.mp4,beautiful,81,features_cache/05557.pt,05557
wlasl/videos/05559.mp4,beautiful,81,features_cache/05559.pt,05559
wlasl/videos/05562.mp4,beautiful,81,features_cache/05562.pt,05562
wlasl/videos/05565.mp4,beautiful,81,features_cache/05565.pt,05565
wlasl/videos/65160.mp4,become,83,features_cache/65160.pt,65160
wlasl/videos/05617.mp4,become,83,features_cache/05617.pt,05617
wlasl/videos/05619.mp4,become,83,features_cache/05619.pt,05619
wlasl/videos/05622.mp4,become,83,features_cache/05622.pt,05622
wlasl/videos/05920.mp4,below,91,features_cache/05920.pt,05920
wlasl/videos/05912.mp4,below,91,features_cache/05912.pt,05912
wlasl/videos/05915.mp4,below,91,features_cache/05915.pt,05915
wlasl/videos/06021.mp4,best,94,features_cache/06021.pt,06021
wlasl/videos/06022.mp4,best,94,features_cache/06022.pt,06022
wlasl/videos/06029.mp4,best,94,features_cache/06029.pt,06029
wlasl/videos/69230.mp4,bet,95,features_cache/69230.pt,69230
wlasl/videos/06045.mp4,bet,95,features_cache/06045.pt,06045
wlasl/videos/06047.mp4,bet,95,features_cache/06047.pt,06047
wlasl/videos/06049.mp4,bet,95,features_cache/06049.pt,06049
wlasl/videos/06052.mp4,bet,95,features_cache/06052.pt,06052
wlasl/videos/65181.mp4,bicycle,97,features_cache/65181.pt,65181
wlasl/videos/06159.mp4,bicycle,97,features_cache/06159.pt,06159
wlasl/videos/06160.mp4,bicycle,97,features_cache/06160.pt,06160
wlasl/videos/06163.mp4,bicycle,97,features_cache/06163.pt,06163
wlasl/videos/06165.mp4,bicycle,97,features_cache/06165.pt,06165
wlasl/videos/65186.mp4,biology,99,features_cache/65186.pt,65186
wlasl/videos/06314.mp4,biology,99,features_cache/06314.pt,06314
wlasl/videos/06317.mp4,biology,99,features_cache/06317.pt,06317
wlasl/videos/06319.mp4,biology,99,features_cache/06319.pt,06319
wlasl/videos/07440.mp4,boyfriend,123,features_cache/07440.pt,07440
wlasl/videos/07443.mp4,boyfriend,123,features_cache/07443.pt,07443
wlasl/videos/07451.mp4,boyfriend,123,features_cache/07451.pt,07451
wlasl/videos/07632.mp4,break,127,features_cache/07632.pt,07632
wlasl/videos/07642.mp4,break,127,features_cache/07642.pt,07642
wlasl/videos/07634.mp4,break,127,features_cache/07634.pt,07634
wlasl/videos/07637.mp4,break,127,features_cache/07637.pt,07637
wlasl/videos/65259.mp4,bridge,128,features_cache/65259.pt,65259
wlasl/videos/07751.mp4,bridge,128,features_cache/07751.pt,07751
wlasl/videos/07757.mp4,bridge,128,features_cache/07757.pt,07757
wlasl/videos/65264.mp4,brush,132,features_cache/65264.pt,65264
wlasl/videos/08005.mp4,brush,132,features_cache/08005.pt,08005
wlasl/videos/08012.mp4,brush,132,features_cache/08012.pt,08012
wlasl/videos/08001.mp4,brush,132,features_cache/08001.pt,08001
wlasl/videos/65269.mp4,building,134,features_cache/65269.pt,65269
wlasl/videos/08132.mp4,building,134,features_cache/08132.pt,08132
wlasl/videos/08135.mp4,building,134,features_cache/08135.pt,08135
wlasl/videos/65277.mp4,busy,137,features_cache/65277.pt,65277
wlasl/videos/08411.mp4,busy,137,features_cache/08411.pt,08411
wlasl/videos/08412.mp4,busy,137,features_cache/08412.pt,08412
wlasl/videos/08417.mp4,busy,137,features_cache/08417.pt,08417
wlasl/videos/08791.mp4,camera,146,features_cache/08791.pt,08791
wlasl/videos/08784.mp4,camera,146,features_cache/08784.pt,08784
wlasl/videos/08818.mp4,camp,147,features_cache/08818.pt,08818
wlasl/videos/08820.mp4,camp,147,features_cache/08820.pt,08820
wlasl/videos/08823.mp4,camp,147,features_cache/08823.pt,08823
wlasl/videos/65303.mp4,caption,153,features_cache/65303.pt,65303
wlasl/videos/09095.mp4,caption,153,features_cache/09095.pt,09095
wlasl/videos/09087.mp4,caption,153,features_cache/09087.pt,09087
wlasl/videos/09088.mp4,caption,153,features_cache/09088.pt,09088
wlasl/videos/09091.mp4,caption,153,features_cache/09091.pt,09091
wlasl/videos/09092.mp4,caption,153,features_cache/09092.pt,09092
wlasl/videos/09197.mp4,care,156,features_cache/09197.pt,09197
wlasl/videos/09199.mp4,care,156,features_cache/09199.pt,09199
wlasl/videos/09200.mp4,care,156,features_cache/09200.pt,09200
wlasl/videos/09209.mp4,care,156,features_cache/09209.pt,09209
wlasl/videos/09198.mp4,care,156,features_cache/09198.pt,09198
wlasl/videos/69260.mp4,carry,159,features_cache/69260.pt,69260
wlasl/videos/65309.mp4,carry,159,features_cache/65309.pt,65309
wlasl/videos/09320.mp4,carry,159,features_cache/09320.pt,09320
wlasl/videos/09321.mp4,carry,159,features_cache/09321.pt,09321
wlasl/videos/09326.mp4,carry,159,features_cache/09326.pt,09326
wlasl/videos/65321.mp4,celebrate,163,features_cache/65321.pt,65321
wlasl/videos/09633.mp4,celebrate,163,features_cache/09633.pt,09633
wlasl/videos/09637.mp4,celebrate,163,features_cache/09637.pt,09637
wlasl/videos/09640.mp4,celebrate,163,features_cache/09640.pt,09640
wlasl/videos/65326.mp4,certificate,166,features_cache/65326.pt,65326
wlasl/videos/09807.mp4,certificate,166,features_cache/09807.pt,09807
wlasl/videos/09810.mp4,certificate,166,features_cache/09810.pt,09810
wlasl/videos/09812.mp4,certificate,166,features_cache/09812.pt,09812
wlasl/videos/65327.mp4,chain,167,features_cache/65327.pt,65327
wlasl/videos/09835.mp4,chain,167,features_cache/09835.pt,09835
wlasl/videos/09837.mp4,chain,167,features_cache/09837.pt,09837
wlasl/videos/09840.mp4,chain,167,features_cache/09840.pt,09840
wlasl/videos/09842.mp4,chain,167,features_cache/09842.pt,09842
wlasl/videos/09934.mp4,chance,171,features_cache/09934.pt,09934
wlasl/videos/09935.mp4,chance,171,features_cache/09935.pt,09935
wlasl/videos/10021.mp4,character,173,features_cache/10021.pt,10021
wlasl/videos/65334.mp4,character,173,features_cache/65334.pt,65334
wlasl/videos/10015.mp4,character,173,features_cache/10015.pt,10015
wlasl/videos/10016.mp4,character,173,features_cache/10016.pt,10016
wlasl/videos/10019.mp4,character,173,features_cache/10019.pt,10019
wlasl/videos/65337.mp4,chase,174,features_cache/65337.pt,65337
wlasl/videos/10089.mp4,chase,174,features_cache/10089.pt,10089
wlasl/videos/10091.mp4,chase,174,features_cache/10091.pt,10091
wlasl/videos/10093.mp4,chase,174,features_cache/10093.pt,10093
wlasl/videos/10096.mp4,chase,174,features_cache/10096.pt,10096
wlasl/videos/11007.mp4,classroom,190,features_cache/11007.pt,11007
wlasl/videos/11008.mp4,classroom,190,features_cache/11008.pt,11008
wlasl/videos/11015.mp4,classroom,190,features_cache/11015.pt,11015
wlasl/videos/11067.mp4,clear,192,features_cache/11067.pt,11067
wlasl/videos/65366.mp4,clear,192,features_cache/65366.pt,65366
wlasl/videos/11061.mp4,clear,192,features_cache/11061.pt,11061
wlasl/videos/11064.mp4,clear,192,features_cache/11064.pt,11064
wlasl/videos/11148.mp4,climb,193,features_cache/11148.pt,11148
wlasl/videos/11143.mp4,climb,193,features_cache/11143.pt,11143
wlasl/videos/11144.mp4,climb,193,features_cache/11144.pt,11144
wlasl/videos/11952.mp4,command,204,features_cache/11952.pt,11952
wlasl/videos/11944.mp4,command,204,features_cache/11944.pt,11944
wlasl/videos/11948.mp4,command,204,features_cache/11948.pt,11948
wlasl/videos/12069.mp4,community,205,features_cache/12069.pt,12069
wlasl/videos/12060.mp4,community,205,features_cache/12060.pt,12060
wlasl/videos/12063.mp4,community,205,features_cache/12063.pt,12063
wlasl/videos/12066.mp4,community,205,features_cache/12066.pt,12066
wlasl/videos/12190.mp4,complain,207,features_cache/12190.pt,12190
wlasl/videos/12191.mp4,complain,207,features_cache/12191.pt,12191
wlasl/videos/12193.mp4,complain,207,features_cache/12193.pt,12193
wlasl/videos/12195.mp4,complain,207,features_cache/12195.pt,12195
wlasl/videos/12198.mp4,complain,207,features_cache/12198.pt,12198
wlasl/videos/12300.mp4,compromise,209,features_cache/12300.pt,12300
wlasl/videos/12292.mp4,compromise,209,features_cache/12292.pt,12292
wlasl/videos/12294.mp4,compromise,209,features_cache/12294.pt,12294
wlasl/videos/13023.mp4,contribute,214,features_cache/13023.pt,13023
wlasl/videos/13026.mp4,contribute,214,features_cache/13026.pt,13026
wlasl/videos/13017.mp4,contribute,214,features_cache/13017.pt,13017
wlasl/videos/13018.mp4,contribute,214,features_cache/13018.pt,13018
wlasl/videos/13020.mp4,contribute,214,features_cache/13020.pt,13020
wlasl/videos/13244.mp4,cop,219,features_cache/13244.pt,13244
wlasl/videos/13245.mp4,cop,219,features_cache/13245.pt,13245
wlasl/videos/13246.mp4,cop,219,features_cache/13246.pt,13246
wlasl/videos/13250.mp4,cop,219,features_cache/13250.pt,13250
wlasl/videos/13251.mp4,cop,219,features_cache/13251.pt,13251
wlasl/videos/13253.mp4,cop,219,features_cache/13253.pt,13253
wlasl/videos/13424.mp4,cost,224,features_cache/13424.pt,13424
wlasl/videos/13416.mp4,cost,224,features_cache/13416.pt,13416
wlasl/videos/13417.mp4,cost,224,features_cache/13417.pt,13417
wlasl/videos/13420.mp4,cost,224,features_cache/13420.pt,13420
wlasl/videos/13456.mp4,couch,225,features_cache/13456.pt,13456
wlasl/videos/13457.mp4,couch,225,features_cache/13457.pt,13457
wlasl/videos/13464.mp4,couch,225,features_cache/13464.pt,13464
wlasl/videos/13744.mp4,cracker,231,features_cache/13744.pt,13744
wlasl/videos/13746.mp4,cracker,231,features_cache/13746.pt,13746
wlasl/videos/13748.mp4,cracker,231,features_cache/13748.pt,13748
wlasl/videos/13749.mp4,cracker,231,features_cache/13749.pt,13749
wlasl/videos/13751.mp4,cracker,231,features_cache/13751.pt,13751
wlasl/videos/65429.mp4,curious,236,features_cache/65429.pt,65429
wlasl/videos/14312.mp4,curious,236,features_cache/14312.pt,14312
wlasl/videos/14314.mp4,curious,236,features_cache/14314.pt,14314
wlasl/videos/14316.mp4,curious,236,features_cache/14316.pt,14316
wlasl/videos/14319.mp4,curious,236,features_cache/14319.pt,14319
wlasl/videos/65431.mp4,curriculum,237,features_cache/65431.pt,65431
wlasl/videos/14366.mp4,curriculum,237,features_cache/14366.pt,14366
wlasl/videos/14368.mp4,curriculum,237,features_cache/14368.pt,14368
wlasl/videos/14370.mp4,curriculum,237,features_cache/14370.pt,14370
wlasl/videos/14373.mp4,curriculum,237,features_cache/14373.pt,14373
wlasl/videos/69289.mp4,dad,241,features_cache/69289.pt,69289
wlasl/videos/14565.mp4,dad,241,features_cache/14565.pt,14565
wlasl/videos/14567.mp4,dad,241,features_cache/14567.pt,14567
wlasl/videos/14569.mp4,dad,241,features_cache/14569.pt,14569
wlasl/videos/14572.mp4,dad,241,features_cache/14572.pt,14572
wlasl/videos/15548.mp4,deny,256,features_cache/15548.pt,15548
wlasl/videos/15549.mp4,deny,256,features_cache/15549.pt,15549
wlasl/videos/15551.mp4,deny,256,features_cache/15551.pt,15551
wlasl/videos/69294.mp4,describe,259,features_cache/69294.pt,69294
wlasl/videos/15706.mp4,describe,259,features_cache/15706.pt,15706
wlasl/videos/15708.mp4,describe,259,features_cache/15708.pt,15708
wlasl/videos/15711.mp4,describe,259,features_cache/15711.pt,15711
wlasl/videos/15713.mp4,describe,259,features_cache/15713.pt,15713
wlasl/videos/65477.mp4,diaper,266,features_cache/65477.pt,65477
wlasl/videos/16081.mp4,diaper,266,features_cache/16081.pt,16081
wlasl/videos/16082.mp4,diaper,266,features_cache/16082.pt,16082
wlasl/videos/16085.mp4,diaper,266,features_cache/16085.pt,16085
wlasl/videos/16087.mp4,diaper,266,features_cache/16087.pt,16087
wlasl/videos/16097.mp4,diarrhea,267,features_cache/16097.pt,16097
wlasl/videos/16099.mp4,diarrhea,267,features_cache/16099.pt,16099
wlasl/videos/16102.mp4,diarrhea,267,features_cache/16102.pt,16102
wlasl/videos/16104.mp4,diarrhea,267,features_cache/16104.pt,16104
wlasl/videos/16428.mp4,disagree,271,features_cache/16428.pt,16428
wlasl/videos/16430.mp4,disagree,271,features_cache/16430.pt,16430
wlasl/videos/16436.mp4,disagree,271,features_cache/16436.pt,16436
wlasl/videos/65494.mp4,dissolve,274,features_cache/65494.pt,65494
wlasl/videos/16804.mp4,dissolve,274,features_cache/16804.pt,16804
wlasl/videos/16806.mp4,dissolve,274,features_cache/16806.pt,16806
wlasl/videos/16808.mp4,dissolve,274,features_cache/16808.pt,16808
wlasl/videos/16809.mp4,dissolve,274,features_cache/16809.pt,16809
wlasl/videos/16811.mp4,dissolve,274,features_cache/16811.pt,16811
wlasl/videos/65499.mp4,divide,276,features_cache/65499.pt,65499
wlasl/videos/16926.mp4,divide,276,features_cache/16926.pt,16926
wlasl/videos/16927.mp4,divide,276,features_cache/16927.pt,16927
wlasl/videos/16930.mp4,divide,276,features_cache/16930.pt,16930
wlasl/videos/17159.mp4,dolphin,282,features_cache/17159.pt,17159
wlasl/videos/17160.mp4,dolphin,282,features_cache/17160.pt,17160
wlasl/videos/17166.mp4,dolphin,282,features_cache/17166.pt,17166
wlasl/videos/17158.mp4,dolphin,282,features_cache/17158.pt,17158
wlasl/videos/65523.mp4,double,284,features_cache/65523.pt,65523
wlasl/videos/17377.mp4,double,284,features_cache/17377.pt,17377
wlasl/videos/17379.mp4,double,284,features_cache/17379.pt,17379
wlasl/videos/17381.mp4,double,284,features_cache/17381.pt,17381
wlasl/videos/17384.mp4,double,284,features_cache/17384.pt,17384
wlasl/videos/65524.mp4,doubt,285,features_cache/65524.pt,65524
wlasl/videos/17391.mp4,doubt,285,features_cache/17391.pt,17391
wlasl/videos/17395.mp4,doubt,285,features_cache/17395.pt,17395
wlasl/videos/17995.mp4,dumb,297,features_cache/17995.pt,17995
wlasl/videos/17988.mp4,dumb,297,features_cache/17988.pt,17988
wlasl/videos/17992.mp4,dumb,297,features_cache/17992.pt,17992
wlasl/videos/18241.mp4,earth,305,features_cache/18241.pt,18241
wlasl/videos/18243.mp4,earth,305,features_cache/18243.pt,18243
wlasl/videos/18245.mp4,earth,305,features_cache/18245.pt,18245
wlasl/videos/18246.mp4,earth,305,features_cache/18246.pt,18246
wlasl/videos/18248.mp4,earth,305,features_cache/18248.pt,18248
wlasl/videos/65596.mp4,earthquake,306,features_cache/65596.pt,65596
wlasl/videos/18254.mp4,earthquake,306,features_cache/18254.pt,18254
wlasl/videos/18256.mp4,earthquake,306,features_cache/18256.pt,18256
wlasl/videos/69309.mp4,eight,313,features_cache/69309.pt,69309
wlasl/videos/18569.mp4,eight,313,features_cache/18569.pt,18569
wlasl/videos/18570.mp4,eight,313,features_cache/18570.pt,18570
wlasl/videos/18575.mp4,eight,313,features_cache/18575.pt,18575
wlasl/videos/18578.mp4,eight,313,features_cache/18578.pt,18578
wlasl/videos/18903.mp4,embarrass,317,features_cache/18903.pt,18903
wlasl/videos/65626.mp4,embarrass,317,features_cache/65626.pt,65626
wlasl/videos/18897.mp4,embarrass,317,features_cache/18897.pt,18897
wlasl/videos/18899.mp4,embarrass,317,features_cache/18899.pt,18899
wlasl/videos/18900.mp4,embarrass,317,features_cache/18900.pt,18900
wlasl/videos/18986.mp4,emotion,318,features_cache/18986.pt,18986
wlasl/videos/18978.mp4,emotion,318,features_cache/18978.pt,18978
wlasl/videos/18979.mp4,emotion,318,features_cache/18979.pt,18979
wlasl/videos/18981.mp4,emotion,318,features_cache/18981.pt,18981
wlasl/videos/65628.mp4,encourage,319,features_cache/65628.pt,65628
wlasl/videos/19087.mp4,encourage,319,features_cache/19087.pt,19087
wlasl/videos/19089.mp4,encourage,319,features_cache/19089.pt,19089
wlasl/videos/19092.mp4,encourage,319,features_cache/19092.pt,19092
wlasl/videos/19094.mp4,encourage,319,features_cache/19094.pt,19094
wlasl/videos/65630.mp4,energy,321,features_cache/65630.pt,65630
wlasl/videos/19165.mp4,energy,321,features_cache/19165.pt,19165
wlasl/videos/19167.mp4,energy,321,features_cache/19167.pt,19167
wlasl/videos/19169.mp4,energy,321,features_cache/19169.pt,19169
wlasl/videos/19172.mp4,energy,321,features_cache/19172.pt,19172
wlasl/videos/19312.mp4,enough,324,features_cache/19312.pt,19312
wlasl/videos/65637.mp4,enough,324,features_cache/65637.pt,65637
wlasl/videos/19305.mp4,enough,324,features_cache/19305.pt,19305
wlasl/videos/19309.mp4,enough,324,features_cache/19309.pt,19309
wlasl/videos/19704.mp4,evaluate,330,features_cache/19704.pt,19704
wlasl/videos/19706.mp4,evaluate,330,features_cache/19706.pt,19706
wlasl/videos/19707.mp4,evaluate,330,features_cache/19707.pt,19707
wlasl/videos/19967.mp4,evidence,333,features_cache/19967.pt,19967
wlasl/videos/19968.mp4,evidence,333,features_cache/19968.pt,19968
wlasl/videos/19970.mp4,evidence,333,features_cache/19970.pt,19970
wlasl/videos/19975.mp4,evidence,333,features_cache/19975.pt,19975
wlasl/videos/65650.mp4,exact,334,features_cache/65650.pt,65650
wlasl/videos/20009.mp4,exact,334,features_cache/20009.pt,20009
wlasl/videos/20012.mp4,exact,334,features_cache/20012.pt,20012
wlasl/videos/20014.mp4,exact,334,features_cache/20014.pt,20014
wlasl/videos/20022.mp4,exaggerate,335,features_cache/20022.pt,20022
wlasl/videos/20023.mp4,exaggerate,335,features_cache/20023.pt,20023
wlasl/videos/20027.mp4,exaggerate,335,features_cache/20027.pt,20027
wlasl/videos/20030.mp4,exaggerate,335,features_cache/20030.pt,20030
wlasl/videos/20334.mp4,expect,340,features_cache/20334.pt,20334
wlasl/videos/20335.mp4,expect,340,features_cache/20335.pt,20335
wlasl/videos/20337.mp4,expect,340,features_cache/20337.pt,20337
wlasl/videos/20339.mp4,expect,340,features_cache/20339.pt,20339
wlasl/videos/20342.mp4,expect,340,features_cache/20342.pt,20342
wlasl/videos/21030.mp4,fancy,350,features_cache/21030.pt,21030
wlasl/videos/21033.mp4,fancy,350,features_cache/21033.pt,21033
wlasl/videos/21024.mp4,fancy,350,features_cache/21024.pt,21024
wlasl/videos/21026.mp4,fancy,350,features_cache/21026.pt,21026
wlasl/videos/21309.mp4,favorite,356,features_cache/21309.pt,21309
wlasl/videos/65694.mp4,favorite,356,features_cache/65694.pt,65694
wlasl/videos/21312.mp4,favorite,356,features_cache/21312.pt,21312
wlasl/videos/21303.mp4,favorite,356,features_cache/21303.pt,21303
wlasl/videos/21829.mp4,finally,363,features_cache/21829.pt,21829
wlasl/videos/21831.mp4,finally,363,features_cache/21831.pt,21831
wlasl/videos/21833.mp4,finally,363,features_cache/21833.pt,21833
wlasl/videos/21836.mp4,finally,363,features_cache/21836.pt,21836
wlasl/videos/23281.mp4,fox,382,features_cache/23281.pt,23281
wlasl/videos/65775.mp4,fox,382,features_cache/65775.pt,65775
wlasl/videos/23274.mp4,fox,382,features_cache/23274.pt,23274
wlasl/videos/23276.mp4,fox,382,features_cache/23276.pt,23276
wlasl/videos/23277.mp4,fox,382,features_cache/23277.pt,23277
wlasl/videos/23279.mp4,fox,382,features_cache/23279.pt,23279
wlasl/videos/23479.mp4,french,385,features_cache/23479.pt,23479
wlasl/videos/23489.mp4,french,385,features_cache/23489.pt,23489
wlasl/videos/23482.mp4,french,385,features_cache/23482.pt,23482
wlasl/videos/23709.mp4,fruit,392,features_cache/23709.pt,23709
wlasl/videos/65789.mp4,fruit,392,features_cache/65789.pt,65789
wlasl/videos/23703.mp4,fruit,392,features_cache/23703.pt,23703
wlasl/videos/23704.mp4,fruit,392,features_cache/23704.pt,23704
wlasl/videos/65796.mp4,function,394,features_cache/65796.pt,65796
wlasl/videos/23811.mp4,function,394,features_cache/23811.pt,23811
wlasl/videos/23802.mp4,function,394,features_cache/23802.pt,23802
wlasl/videos/23805.mp4,function,394,features_cache/23805.pt,23805
wlasl/videos/23808.mp4,function,394,features_cache/23808.pt,23808
wlasl/videos/24174.mp4,gather,399,features_cache/24174.pt,24174
wlasl/videos/24166.mp4,gather,399,features_cache/24166.pt,24166
wlasl/videos/24171.mp4,gather,399,features_cache/24171.pt,24171
wlasl/videos/24385.mp4,germany,400,features_cache/24385.pt,24385
wlasl/videos/24378.mp4,germany,400,features_cache/24378.pt,24378
wlasl/videos/24379.mp4,germany,400,features_cache/24379.pt,24379
wlasl/videos/24381.mp4,germany,400,features_cache/24381.pt,24381
wlasl/videos/24822.mp4,gloves,406,features_cache/24822.pt,24822
wlasl/videos/24824.mp4,gloves,406,features_cache/24824.pt,24824
wlasl/videos/24895.mp4,goat,409,features_cache/24895.pt,24895
wlasl/videos/65830.mp4,goat,409,features_cache/65830.pt,65830
wlasl/videos/24890.mp4,goat,409,features_cache/24890.pt,24890
wlasl/videos/25044.mp4,goodbye,414,features_cache/25044.pt,25044
wlasl/videos/25052.mp4,goodbye,414,features_cache/25052.pt,25052
wlasl/videos/25051.mp4,goodbye,414,features_cache/25051.pt,25051
wlasl/videos/69354.mp4,grow,426,features_cache/69354.pt,69354
wlasl/videos/25852.mp4,grow,426,features_cache/25852.pt,25852
wlasl/videos/25847.mp4,grow,426,features_cache/25847.pt,25847
wlasl/videos/65868.mp4,gum,430,features_cache/65868.pt,65868
wlasl/videos/26002.mp4,gum,430,features_cache/26002.pt,26002
wlasl/videos/26004.mp4,gum,430,features_cache/26004.pt,26004
wlasl/videos/26006.mp4,gum,430,features_cache/26006.pt,26006
wlasl/videos/26009.mp4,gum,430,features_cache/26009.pt,26009
wlasl/videos/26224.mp4,half,432,features_cache/26224.pt,26224
wlasl/videos/26216.mp4,half,432,features_cache/26216.pt,26216
wlasl/videos/26807.mp4,hawaii,442,features_cache/26807.pt,26807
wlasl/videos/26800.mp4,hawaii,442,features_cache/26800.pt,26800
wlasl/videos/26806.mp4,hawaii,442,features_cache/26806.pt,26806
wlasl/videos/27313.mp4,herself,453,features_cache/27313.pt,27313
wlasl/videos/27315.mp4,herself,453,features_cache/27315.pt,27315
wlasl/videos/27319.mp4,herself,453,features_cache/27319.pt,27319
wlasl/videos/27451.mp4,highway,455,features_cache/27451.pt,27451
wlasl/videos/27452.mp4,highway,455,features_cache/27452.pt,27452
wlasl/videos/27456.mp4,highway,455,features_cache/27456.pt,27456
wlasl/videos/27446.mp4,highway,455,features_cache/27446.pt,27446
wlasl/videos/27450.mp4,highway,455,features_cache/27450.pt,27450
wlasl/videos/27793.mp4,homework,459,features_cache/27793.pt,27793
wlasl/videos/27789.mp4,homework,459,features_cache/27789.pt,27789
wlasl/videos/27796.mp4,homework,459,features_cache/27796.pt,27796
wlasl/videos/27874.mp4,honor,460,features_cache/27874.pt,27874
wlasl/videos/27876.mp4,honor,460,features_cache/27876.pt,27876
wlasl/videos/27880.mp4,honor,460,features_cache/27880.pt,27880
wlasl/videos/28582.mp4,ice cream,473,features_cache/28582.pt,28582
wlasl/videos/28583.mp4,ice cream,473,features_cache/28583.pt,28583
wlasl/videos/28585.mp4,ice cream,473,features_cache/28585.pt,28585
wlasl/videos/28588.mp4,ice cream,473,features_cache/28588.pt,28588
wlasl/videos/28590.mp4,ice cream,473,features_cache/28590.pt,28590
wlasl/videos/69375.mp4,if,475,features_cache/69375.pt,69375
wlasl/videos/28736.mp4,if,475,features_cache/28736.pt,28736
wlasl/videos/28749.mp4,if,475,features_cache/28749.pt,28749
wlasl/videos/28739.mp4,if,475,features_cache/28739.pt,28739
wlasl/videos/29327.mp4,increase,481,features_cache/29327.pt,29327
wlasl/videos/29329.mp4,increase,481,features_cache/29329.pt,29329
wlasl/videos/29407.mp4,india,483,features_cache/29407.pt,29407
wlasl/videos/29402.mp4,india,483,features_cache/29402.pt,29402
wlasl/videos/29404.mp4,india,483,features_cache/29404.pt,29404
wlasl/videos/29641.mp4,information,485,features_cache/29641.pt,29641
wlasl/videos/29632.mp4,information,485,features_cache/29632.pt,29632
wlasl/videos/29634.mp4,information,485,features_cache/29634.pt,29634
wlasl/videos/29636.mp4,information,485,features_cache/29636.pt,29636
wlasl/videos/29637.mp4,information,485,features_cache/29637.pt,29637
wlasl/videos/30264.mp4,interpret,490,features_cache/30264.pt,30264
wlasl/videos/30268.mp4,interpret,490,features_cache/30268.pt,30268
wlasl/videos/30327.mp4,interview,491,features_cache/30327.pt,30327
wlasl/videos/30316.mp4,interview,491,features_cache/30316.pt,30316
wlasl/videos/30319.mp4,interview,491,features_cache/30319.pt,30319
wlasl/videos/65961.mp4,invite,495,features_cache/65961.pt,65961
wlasl/videos/30511.mp4,invite,495,features_cache/30511.pt,30511
wlasl/videos/30514.mp4,invite,495,features_cache/30514.pt,30514
wlasl/videos/30516.mp4,invite,495,features_cache/30516.pt,30516
wlasl/videos/30713.mp4,israel,497,features_cache/30713.pt,30713
wlasl/videos/30719.mp4,israel,497,features_cache/30719.pt,30719
wlasl/videos/30707.mp4,israel,497,features_cache/30707.pt,30707
wlasl/videos/30710.mp4,israel,497,features_cache/30710.pt,30710
wlasl/videos/31049.mp4,jesus,501,features_cache/31049.pt,31049
wlasl/videos/31050.mp4,jesus,501,features_cache/31050.pt,31050
wlasl/videos/31052.mp4,jesus,501,features_cache/31052.pt,31052
wlasl/videos/31054.mp4,jesus,501,features_cache/31054.pt,31054
wlasl/videos/31057.mp4,jesus,501,features_cache/31057.pt,31057
wlasl/videos/31491.mp4,keep,504,features_cache/31491.pt,31491
wlasl/videos/31485.mp4,keep,504,features_cache/31485.pt,31485
wlasl/videos/31496.mp4,keep,504,features_cache/31496.pt,31496
wlasl/videos/31486.mp4,keep,504,features_cache/31486.pt,31486
wlasl/videos/31554.mp4,keyboard,505,features_cache/31554.pt,31554
wlasl/videos/31556.mp4,keyboard,505,features_cache/31556.pt,31556
wlasl/videos/31559.mp4,keyboard,505,features_cache/31559.pt,31559
wlasl/videos/31561.mp4,keyboard,505,features_cache/31561.pt,31561
wlasl/videos/69382.mp4,land,512,features_cache/69382.pt,69382
wlasl/videos/32113.mp4,land,512,features_cache/32113.pt,32113
wlasl/videos/32117.mp4,land,512,features_cache/32117.pt,32117
wlasl/videos/32118.mp4,land,512,features_cache/32118.pt,32118
wlasl/videos/32120.mp4,land,512,features_cache/32120.pt,32120
wlasl/videos/32474.mp4,lawyer,521,features_cache/32474.pt,32474
wlasl/videos/32476.mp4,lawyer,521,features_cache/32476.pt,32476
wlasl/videos/32478.mp4,lawyer,521,features_cache/32478.pt,32478
wlasl/videos/32481.mp4,lawyer,521,features_cache/32481.pt,32481
wlasl/videos/66020.mp4,lead,523,features_cache/66020.pt,66020
wlasl/videos/32541.mp4,lead,523,features_cache/32541.pt,32541
wlasl/videos/32535.mp4,lead,523,features_cache/32535.pt,32535
wlasl/videos/32547.mp4,lead,523,features_cache/32547.pt,32547
wlasl/videos/32537.mp4,lead,523,features_cache/32537.pt,32537
wlasl/videos/32539.mp4,lead,523,features_cache/32539.pt,32539
wlasl/videos/66035.mp4,lesbian,528,features_cache/66035.pt,66035
wlasl/videos/32860.mp4,lesbian,528,features_cache/32860.pt,32860
wlasl/videos/32864.mp4,lesbian,528,features_cache/32864.pt,32864
wlasl/videos/32867.mp4,lesbian,528,features_cache/32867.pt,32867
wlasl/videos/69390.mp4,line,537,features_cache/69390.pt,69390
wlasl/videos/33335.mp4,line,537,features_cache/33335.pt,33335
wlasl/videos/33337.mp4,line,537,features_cache/33337.pt,33337
wlasl/videos/33339.mp4,line,537,features_cache/33339.pt,33339
wlasl/videos/33341.mp4,line,537,features_cache/33341.pt,33341
wlasl/videos/33704.mp4,lock,543,features_cache/33704.pt,33704
wlasl/videos/33697.mp4,lock,543,features_cache/33697.pt,33697
wlasl/videos/33698.mp4,lock,543,features_cache/33698.pt,33698
wlasl/videos/33701.mp4,lock,543,features_cache/33701.pt,33701
wlasl/videos/34095.mp4,loud,545,features_cache/34095.pt,34095
wlasl/videos/34088.mp4,loud,545,features_cache/34088.pt,34088
wlasl/videos/34089.mp4,loud,545,features_cache/34089.pt,34089
wlasl/videos/66088.mp4,lousy,546,features_cache/66088.pt,66088
wlasl/videos/34110.mp4,lousy,546,features_cache/34110.pt,34110
wlasl/videos/34112.mp4,lousy,546,features_cache/34112.pt,34112
wlasl/videos/34114.mp4,lousy,546,features_cache/34114.pt,34114
wlasl/videos/34117.mp4,lousy,546,features_cache/34117.pt,34117
wlasl/videos/34265.mp4,lunch,549,features_cache/34265.pt,34265
wlasl/videos/34276.mp4,lunch,549,features_cache/34276.pt,34276
wlasl/videos/34268.mp4,lunch,549,features_cache/34268.pt,34268
wlasl/videos/34269.mp4,lunch,549,features_cache/34269.pt,34269
wlasl/videos/34271.mp4,lunch,549,features_cache/34271.pt,34271
wlasl/videos/66091.mp4,machine,550,features_cache/66091.pt,66091
wlasl/videos/34354.mp4,machine,550,features_cache/34354.pt,34354
wlasl/videos/34357.mp4,machine,550,features_cache/34357.pt,34357
wlasl/videos/34359.mp4,machine,550,features_cache/34359.pt,34359
wlasl/videos/34375.mp4,mad,551,features_cache/34375.pt,34375
wlasl/videos/34369.mp4,mad,551,features_cache/34369.pt,34369
wlasl/videos/34382.mp4,mad,551,features_cache/34382.pt,34382
wlasl/videos/34370.mp4,mad,551,features_cache/34370.pt,34370
wlasl/videos/66114.mp4,memorize,568,features_cache/66114.pt,66114
wlasl/videos/35604.mp4,memorize,568,features_cache/35604.pt,35604
wlasl/videos/35606.mp4,memorize,568,features_cache/35606.pt,35606
wlasl/videos/35609.mp4,memorize,568,features_cache/35609.pt,35609
wlasl/videos/35611.mp4,memorize,568,features_cache/35611.pt,35611
wlasl/videos/36241.mp4,minus,571,features_cache/36241.pt,36241
wlasl/videos/36235.mp4,minus,571,features_cache/36235.pt,36235
wlasl/videos/36635.mp4,monday,576,features_cache/36635.pt,36635
wlasl/videos/36631.mp4,monday,576,features_cache/36631.pt,36631
wlasl/videos/36632.mp4,monday,576,features_cache/36632.pt,36632
wlasl/videos/37026.mp4,mountain,586,features_cache/37026.pt,37026
wlasl/videos/37019.mp4,mountain,586,features_cache/37019.pt,37019
wlasl/videos/37022.mp4,mountain,586,features_cache/37022.pt,37022
wlasl/videos/66149.mp4,mouth,588,features_cache/66149.pt,66149
wlasl/videos/37063.mp4,mouth,588,features_cache/37063.pt,37063
wlasl/videos/37065.mp4,mouth,588,features_cache/37065.pt,37065
wlasl/videos/37068.mp4,mouth,588,features_cache/37068.pt,37068
wlasl/videos/37344.mp4,mushroom,594,features_cache/37344.pt,37344
wlasl/videos/37346.mp4,mushroom,594,features_cache/37346.pt,37346
wlasl/videos/37347.mp4,mushroom,594,features_cache/37347.pt,37347
wlasl/videos/37350.mp4,mushroom,594,features_cache/37350.pt,37350
wlasl/videos/66159.mp4,napkin,600,features_cache/66159.pt,66159
wlasl/videos/37612.mp4,napkin,600,features_cache/37612.pt,37612
wlasl/videos/37614.mp4,napkin,600,features_cache/37614.pt,37614
wlasl/videos/37617.mp4,napkin,600,features_cache/37617.pt,37617
wlasl/videos/37845.mp4,neck,602,features_cache/37845.pt,37845
wlasl/videos/66161.mp4,neck,602,features_cache/66161.pt,66161
wlasl/videos/37838.mp4,neck,602,features_cache/37838.pt,37838
wlasl/videos/37841.mp4,neck,602,features_cache/37841.pt,37841
wlasl/videos/38238.mp4,next,613,features_cache/38238.pt,38238
wlasl/videos/38231.mp4,next,613,features_cache/38231.pt,38231
wlasl/videos/38243.mp4,next,613,features_cache/38243.pt,38243
wlasl/videos/38232.mp4,next,613,features_cache/38232.pt,38232
wlasl/videos/69416.mp4,ocean,626,features_cache/69416.pt,69416
wlasl/videos/39349.mp4,ocean,626,features_cache/39349.pt,39349
wlasl/videos/39352.mp4,ocean,626,features_cache/39352.pt,39352
wlasl/videos/39951.mp4,open,634,features_cache/39951.pt,39951
wlasl/videos/39952.mp4,open,634,features_cache/39952.pt,39952
wlasl/videos/39955.mp4,open,634,features_cache/39955.pt,39955
wlasl/videos/39957.mp4,open,634,features_cache/39957.pt,39957
wlasl/videos/66255.mp4,overwhelm,641,features_cache/66255.pt,66255
wlasl/videos/40635.mp4,overwhelm,641,features_cache/40635.pt,40635
wlasl/videos/40637.mp4,overwhelm,641,features_cache/40637.pt,40637
wlasl/videos/40639.mp4,overwhelm,641,features_cache/40639.pt,40639
wlasl/videos/40640.mp4,overwhelm,641,features_cache/40640.pt,40640
wlasl/videos/40642.mp4,overwhelm,641,features_cache/40642.pt,40642
wlasl/videos/40650.mp4,owe,642,features_cache/40650.pt,40650
wlasl/videos/40652.mp4,owe,642,features_cache/40652.pt,40652
wlasl/videos/40654.mp4,owe,642,features_cache/40654.pt,40654
wlasl/videos/40657.mp4,owe,642,features_cache/40657.pt,40657
wlasl/videos/40759.mp4,page,643,features_cache/40759.pt,40759
wlasl/videos/40760.mp4,page,643,features_cache/40760.pt,40760
wlasl/videos/40810.mp4,pain,644,features_cache/40810.pt,40810
wlasl/videos/40802.mp4,pain,644,features_cache/40802.pt,40802
wlasl/videos/40803.mp4,pain,644,features_cache/40803.pt,40803
wlasl/videos/40806.mp4,pain,644,features_cache/40806.pt,40806
wlasl/videos/40807.mp4,pain,644,features_cache/40807.pt,40807
wlasl/videos/41063.mp4,parade,648,features_cache/41063.pt,41063
wlasl/videos/41065.mp4,parade,648,features_cache/41065.pt,41065
wlasl/videos/41068.mp4,parade,648,features_cache/41068.pt,41068
wlasl/videos/41070.mp4,parade,648,features_cache/41070.pt,41070
wlasl/videos/41164.mp4,parents,649,features_cache/41164.pt,41164
wlasl/videos/41166.mp4,parents,649,features_cache/41166.pt,41166
wlasl/videos/42004.mp4,perfect,659,features_cache/42004.pt,42004
wlasl/videos/42005.mp4,perfect,659,features_cache/42005.pt,42005
wlasl/videos/65575.mp4,perfect,659,features_cache/65575.pt,65575
wlasl/videos/42008.mp4,perfect,659,features_cache/42008.pt,42008
wlasl/videos/41998.mp4,perfect,659,features_cache/41998.pt,41998
wlasl/videos/42002.mp4,perfect,659,features_cache/42002.pt,42002
wlasl/videos/66279.mp4,period,660,features_cache/66279.pt,66279
wlasl/videos/42076.mp4,period,660,features_cache/42076.pt,42076
wlasl/videos/42080.mp4,period,660,features_cache/42080.pt,42080
wlasl/videos/42088.mp4,period,660,features_cache/42088.pt,42088
wlasl/videos/42403.mp4,philosophy,663,features_cache/42403.pt,42403
wlasl/videos/42407.mp4,philosophy,663,features_cache/42407.pt,42407
wlasl/videos/42410.mp4,philosophy,663,features_cache/42410.pt,42410
wlasl/videos/42401.mp4,philosophy,663,features_cache/42401.pt,42401
wlasl/videos/42470.mp4,photographer,665,features_cache/42470.pt,42470
wlasl/videos/42471.mp4,photographer,665,features_cache/42471.pt,42471
wlasl/videos/42475.mp4,photographer,665,features_cache/42475.pt,42475
wlasl/videos/42478.mp4,photographer,665,features_cache/42478.pt,42478
wlasl/videos/69432.mp4,place,671,features_cache/69432.pt,69432
wlasl/videos/42987.mp4,place,671,features_cache/42987.pt,42987
wlasl/videos/42989.mp4,place,671,features_cache/42989.pt,42989
wlasl/videos/43561.mp4,policy,678,features_cache/43561.pt,43561
wlasl/videos/66307.mp4,policy,678,features_cache/66307.pt,66307
wlasl/videos/43554.mp4,policy,678,features_cache/43554.pt,43554
wlasl/videos/43557.mp4,policy,678,features_cache/43557.pt,43557
wlasl/videos/66312.mp4,popular,681,features_cache/66312.pt,66312
wlasl/videos/43726.mp4,popular,681,features_cache/43726.pt,43726
wlasl/videos/43730.mp4,popular,681,features_cache/43730.pt,43730
wlasl/videos/43733.mp4,popular,681,features_cache/43733.pt,43733
wlasl/videos/44136.mp4,pray,687,features_cache/44136.pt,44136
wlasl/videos/44128.mp4,pray,687,features_cache/44128.pt,44128
wlasl/videos/44132.mp4,pray,687,features_cache/44132.pt,44132
wlasl/videos/44208.mp4,predict,688,features_cache/44208.pt,44208
wlasl/videos/44200.mp4,predict,688,features_cache/44200.pt,44200
wlasl/videos/44202.mp4,predict,688,features_cache/44202.pt,44202
wlasl/videos/44329.mp4,presentation,691,features_cache/44329.pt,44329
wlasl/videos/44321.mp4,presentation,691,features_cache/44321.pt,44321
wlasl/videos/44323.mp4,presentation,691,features_cache/44323.pt,44323
wlasl/videos/44324.mp4,presentation,691,features_cache/44324.pt,44324
wlasl/videos/44327.mp4,presentation,691,features_cache/44327.pt,44327
wlasl/videos/69438.mp4,print,696,features_cache/69438.pt,69438
wlasl/videos/66332.mp4,print,696,features_cache/66332.pt,66332
wlasl/videos/44570.mp4,print,696,features_cache/44570.pt,44570
wlasl/videos/44572.mp4,print,696,features_cache/44572.pt,44572
wlasl/videos/44558.mp4,printer,697,features_cache/44558.pt,44558
wlasl/videos/44559.mp4,printer,697,features_cache/44559.pt,44559
wlasl/videos/44561.mp4,printer,697,features_cache/44561.pt,44561
wlasl/videos/44563.mp4,printer,697,features_cache/44563.pt,44563
wlasl/videos/44566.mp4,printer,697,features_cache/44566.pt,44566
wlasl/videos/44633.mp4,private,699,features_cache/44633.pt,44633
wlasl/videos/44624.mp4,private,699,features_cache/44624.pt,44624
wlasl/videos/44626.mp4,private,699,features_cache/44626.pt,44626
wlasl/videos/44628.mp4,private,699,features_cache/44628.pt,44628
wlasl/videos/44629.mp4,private,699,features_cache/44629.pt,44629
wlasl/videos/44733.mp4,procrastinate,701,features_cache/44733.pt,44733
wlasl/videos/44734.mp4,procrastinate,701,features_cache/44734.pt,44734
wlasl/videos/44738.mp4,procrastinate,701,features_cache/44738.pt,44738
wlasl/videos/44739.mp4,procrastinate,701,features_cache/44739.pt,44739
wlasl/videos/44741.mp4,procrastinate,701,features_cache/44741.pt,44741
wlasl/videos/44868.mp4,project,703,features_cache/44868.pt,44868
wlasl/videos/66338.mp4,project,703,features_cache/66338.pt,66338
wlasl/videos/44860.mp4,project,703,features_cache/44860.pt,44860
wlasl/videos/44863.mp4,project,703,features_cache/44863.pt,44863
wlasl/videos/66343.mp4,protect,705,features_cache/66343.pt,66343
wlasl/videos/45060.mp4,protect,705,features_cache/45060.pt,45060
wlasl/videos/45062.mp4,protect,705,features_cache/45062.pt,45062
wlasl/videos/45064.mp4,protect,705,features_cache/45064.pt,45064
wlasl/videos/45067.mp4,protect,705,features_cache/45067.pt,45067
wlasl/videos/45098.mp4,prove,706,features_cache/45098.pt,45098
wlasl/videos/45099.mp4,prove,706,features_cache/45099.pt,45099
wlasl/videos/45101.mp4,prove,706,features_cache/45101.pt,45101
wlasl/videos/45104.mp4,prove,706,features_cache/45104.pt,45104
wlasl/videos/66346.mp4,provide,707,features_cache/66346.pt,66346
wlasl/videos/45110.mp4,provide,707,features_cache/45110.pt,45110
wlasl/videos/45114.mp4,provide,707,features_cache/45114.pt,45114
wlasl/videos/45117.mp4,provide,707,features_cache/45117.pt,45117
wlasl/videos/45180.mp4,psychology,708,features_cache/45180.pt,45180
wlasl/videos/45171.mp4,psychology,708,features_cache/45171.pt,45171
wlasl/videos/45173.mp4,psychology,708,features_cache/45173.pt,45173
wlasl/videos/45177.mp4,psychology,708,features_cache/45177.pt,45177
wlasl/videos/66354.mp4,punish,710,features_cache/66354.pt,66354
wlasl/videos/45364.mp4,punish,710,features_cache/45364.pt,45364
wlasl/videos/45367.mp4,punish,710,features_cache/45367.pt,45367
wlasl/videos/45369.mp4,punish,710,features_cache/45369.pt,45369
wlasl/videos/66359.mp4,puzzled,714,features_cache/66359.pt,66359
wlasl/videos/45572.mp4,puzzled,714,features_cache/45572.pt,45572
wlasl/videos/45574.mp4,puzzled,714,features_cache/45574.pt,45574
wlasl/videos/45575.mp4,puzzled,714,features_cache/45575.pt,45575
wlasl/videos/45577.mp4,puzzled,714,features_cache/45577.pt,45577
wlasl/videos/69442.mp4,question,716,features_cache/69442.pt,69442
wlasl/videos/45723.mp4,question,716,features_cache/45723.pt,45723
wlasl/videos/45715.mp4,question,716,features_cache/45715.pt,45715
wlasl/videos/45719.mp4,question,716,features_cache/45719.pt,45719
wlasl/videos/45749.mp4,quick,717,features_cache/45749.pt,45749
wlasl/videos/66363.mp4,quick,717,features_cache/66363.pt,66363
wlasl/videos/45742.mp4,quick,717,features_cache/45742.pt,45742
wlasl/videos/45746.mp4,quick,717,features_cache/45746.pt,45746
wlasl/videos/45967.mp4,rainbow,724,features_cache/45967.pt,45967
wlasl/videos/45968.mp4,rainbow,724,features_cache/45968.pt,45968
wlasl/videos/45975.mp4,rainbow,724,features_cache/45975.pt,45975
wlasl/videos/66370.mp4,rake,725,features_cache/66370.pt,66370
wlasl/videos/46055.mp4,rake,725,features_cache/46055.pt,46055
wlasl/videos/46058.mp4,rake,725,features_cache/46058.pt,46058
wlasl/videos/46060.mp4,rake,725,features_cache/46060.pt,46060
wlasl/videos/46957.mp4,rehearse,732,features_cache/46957.pt,46957
wlasl/videos/46958.mp4,rehearse,732,features_cache/46958.pt,46958
wlasl/videos/46960.mp4,rehearse,732,features_cache/46960.pt,46960
wlasl/videos/46962.mp4,rehearse,732,features_cache/46962.pt,46962
wlasl/videos/46963.mp4,rehearse,732,features_cache/46963.pt,46963
wlasl/videos/46965.mp4,rehearse,732,features_cache/46965.pt,46965
wlasl/videos/66390.mp4,remove,736,features_cache/66390.pt,66390
wlasl/videos/47237.mp4,remove,736,features_cache/47237.pt,47237
wlasl/videos/47239.mp4,remove,736,features_cache/47239.pt,47239
wlasl/videos/47242.mp4,remove,736,features_cache/47242.pt,47242
wlasl/videos/47244.mp4,remove,736,features_cache/47244.pt,47244
wlasl/videos/47864.mp4,revenge,743,features_cache/47864.pt,47864
wlasl/videos/66403.mp4,revenge,743,features_cache/66403.pt,66403
wlasl/videos/47859.mp4,revenge,743,features_cache/47859.pt,47859
wlasl/videos/47902.mp4,review,744,features_cache/47902.pt,47902
wlasl/videos/47903.mp4,review,744,features_cache/47903.pt,47903
wlasl/videos/47905.mp4,review,744,features_cache/47905.pt,47905
wlasl/videos/47901.mp4,review,744,features_cache/47901.pt,47901
wlasl/videos/48029.mp4,rich,745,features_cache/48029.pt,48029
wlasl/videos/48020.mp4,rich,745,features_cache/48020.pt,48020
wlasl/videos/48021.mp4,rich,745,features_cache/48021.pt,48021
wlasl/videos/48023.mp4,rich,745,features_cache/48023.pt,48023
wlasl/videos/48489.mp4,roof,750,features_cache/48489.pt,48489
wlasl/videos/48490.mp4,roof,750,features_cache/48490.pt,48490
wlasl/videos/48538.mp4,rooster,752,features_cache/48538.pt,48538
wlasl/videos/48540.mp4,rooster,752,features_cache/48540.pt,48540
wlasl/videos/48542.mp4,rooster,752,features_cache/48542.pt,48542
wlasl/videos/48545.mp4,rooster,752,features_cache/48545.pt,48545
wlasl/videos/48705.mp4,rude,754,features_cache/48705.pt,48705
wlasl/videos/48706.mp4,rude,754,features_cache/48706.pt,48706
wlasl/videos/48710.mp4,rude,754,features_cache/48710.pt,48710
wlasl/videos/48704.mp4,rude,754,features_cache/48704.pt,48704
wlasl/videos/69454.mp4,say,765,features_cache/69454.pt,69454
wlasl/videos/66429.mp4,say,765,features_cache/66429.pt,66429
wlasl/videos/49433.mp4,say,765,features_cache/49433.pt,49433
wlasl/videos/49436.mp4,say,765,features_cache/49436.pt,49436
wlasl/videos/49644.mp4,scientist,770,features_cache/49644.pt,49644
wlasl/videos/49646.mp4,scientist,770,features_cache/49646.pt,49646
wlasl/videos/49648.mp4,scientist,770,features_cache/49648.pt,49648
wlasl/videos/49651.mp4,scientist,770,features_cache/49651.pt,49651
wlasl/videos/49737.mp4,scotland,773,features_cache/49737.pt,49737
wlasl/videos/49728.mp4,scotland,773,features_cache/49728.pt,49728
wlasl/videos/49730.mp4,scotland,773,features_cache/49730.pt,49730
wlasl/videos/49804.mp4,screwdriver,774,features_cache/49804.pt,49804
wlasl/videos/49806.mp4,screwdriver,774,features_cache/49806.pt,49806
wlasl/videos/49807.mp4,screwdriver,774,features_cache/49807.pt,49807
wlasl/videos/49809.mp4,screwdriver,774,features_cache/49809.pt,49809
wlasl/videos/66439.mp4,second,775,features_cache/66439.pt,66439
wlasl/videos/50007.mp4,second,775,features_cache/50007.pt,50007
wlasl/videos/50006.mp4,second,775,features_cache/50006.pt,50006
wlasl/videos/50020.mp4,second,775,features_cache/50020.pt,50020
wlasl/videos/50023.mp4,second,775,features_cache/50023.pt,50023
wlasl/videos/66444.mp4,senate,781,features_cache/66444.pt,66444
wlasl/videos/50317.mp4,senate,781,features_cache/50317.pt,50317
wlasl/videos/50319.mp4,senate,781,features_cache/50319.pt,50319
wlasl/videos/50321.mp4,senate,781,features_cache/50321.pt,50321
wlasl/videos/50324.mp4,senate,781,features_cache/50324.pt,50324
wlasl/videos/50439.mp4,separate,784,features_cache/50439.pt,50439
wlasl/videos/50433.mp4,separate,784,features_cache/50433.pt,50433
wlasl/videos/50436.mp4,separate,784,features_cache/50436.pt,50436
wlasl/videos/50547.mp4,service,786,features_cache/50547.pt,50547
wlasl/videos/50548.mp4,service,786,features_cache/50548.pt,50548
wlasl/videos/50550.mp4,service,786,features_cache/50550.pt,50550
wlasl/videos/50553.mp4,service,786,features_cache/50553.pt,50553
wlasl/videos/50555.mp4,service,786,features_cache/50555.pt,50555
wlasl/videos/51398.mp4,shrimp,800,features_cache/51398.pt,51398
wlasl/videos/51403.mp4,shrimp,800,features_cache/51403.pt,51403
wlasl/videos/51404.mp4,shrimp,800,features_cache/51404.pt,51404
wlasl/videos/51408.mp4,shrimp,800,features_cache/51408.pt,51408
wlasl/videos/51397.mp4,shrimp,800,features_cache/51397.pt,51397
wlasl/videos/66474.mp4,shy,801,features_cache/66474.pt,66474
wlasl/videos/51476.mp4,shy,801,features_cache/51476.pt,51476
wlasl/videos/51478.mp4,shy,801,features_cache/51478.pt,51478
wlasl/videos/51552.mp4,side,803,features_cache/51552.pt,51552
wlasl/videos/66477.mp4,side,803,features_cache/66477.pt,66477
wlasl/videos/51545.mp4,side,803,features_cache/51545.pt,51545
wlasl/videos/51548.mp4,side,803,features_cache/51548.pt,51548
wlasl/videos/66489.mp4,situation,811,features_cache/66489.pt,66489
wlasl/videos/51933.mp4,situation,811,features_cache/51933.pt,51933
wlasl/videos/51935.mp4,situation,811,features_cache/51935.pt,51935
wlasl/videos/51937.mp4,situation,811,features_cache/51937.pt,51937
wlasl/videos/51940.mp4,situation,811,features_cache/51940.pt,51940
wlasl/videos/52288.mp4,slave,815,features_cache/52288.pt,52288
wlasl/videos/52289.mp4,slave,815,features_cache/52289.pt,52289
wlasl/videos/52291.mp4,slave,815,features_cache/52291.pt,52291
wlasl/videos/52293.mp4,slave,815,features_cache/52293.pt,52293
wlasl/videos/52296.mp4,slave,815,features_cache/52296.pt,52296
wlasl/videos/52947.mp4,soccer,824,features_cache/52947.pt,52947
wlasl/videos/66523.mp4,soccer,824,features_cache/66523.pt,66523
wlasl/videos/52943.mp4,soccer,824,features_cache/52943.pt,52943
wlasl/videos/66527.mp4,socks,825,features_cache/66527.pt,66527
wlasl/videos/53022.mp4,socks,825,features_cache/53022.pt,53022
wlasl/videos/53015.mp4,socks,825,features_cache/53015.pt,53015
wlasl/videos/53016.mp4,socks,825,features_cache/53016.pt,53016
wlasl/videos/66528.mp4,solid,828,features_cache/66528.pt,66528
wlasl/videos/53153.mp4,solid,828,features_cache/53153.pt,53153
wlasl/videos/53155.mp4,solid,828,features_cache/53155.pt,53155
wlasl/videos/53157.mp4,solid,828,features_cache/53157.pt,53157
wlasl/videos/53160.mp4,solid,828,features_cache/53160.pt,53160
wlasl/videos/53240.mp4,sometimes,830,features_cache/53240.pt,53240
wlasl/videos/53242.mp4,sometimes,830,features_cache/53242.pt,53242
wlasl/videos/53247.mp4,sometimes,830,features_cache/53247.pt,53247
wlasl/videos/66546.mp4,spider,841,features_cache/66546.pt,66546
wlasl/videos/53826.mp4,spider,841,features_cache/53826.pt,53826
wlasl/videos/53829.mp4,spider,841,features_cache/53829.pt,53829
wlasl/videos/53831.mp4,spider,841,features_cache/53831.pt,53831
wlasl/videos/53872.mp4,spin,842,features_cache/53872.pt,53872
wlasl/videos/53873.mp4,spin,842,features_cache/53873.pt,53873
wlasl/videos/53876.mp4,spin,842,features_cache/53876.pt,53876
wlasl/videos/53878.mp4,spin,842,features_cache/53878.pt,53878
wlasl/videos/53879.mp4,spin,842,features_cache/53879.pt,53879
wlasl/videos/54180.mp4,square,845,features_cache/54180.pt,54180
wlasl/videos/54173.mp4,square,845,features_cache/54173.pt,54173
wlasl/videos/66552.mp4,stairs,848,features_cache/66552.pt,66552
wlasl/videos/54302.mp4,stairs,848,features_cache/54302.pt,54302
wlasl/videos/54296.mp4,stairs,848,features_cache/54296.pt,54296
wlasl/videos/54297.mp4,stairs,848,features_cache/54297.pt,54297
wlasl/videos/54298.mp4,stairs,848,features_cache/54298.pt,54298
wlasl/videos/54300.mp4,stairs,848,features_cache/54300.pt,54300
wlasl/videos/54433.mp4,stare,851,features_cache/54433.pt,54433
wlasl/videos/54424.mp4,stare,851,features_cache/54424.pt,54424
wlasl/videos/54426.mp4,stare,851,features_cache/54426.pt,54426
wlasl/videos/54428.mp4,stare,851,features_cache/54428.pt,54428
wlasl/videos/54461.mp4,start,852,features_cache/54461.pt,54461
wlasl/videos/54464.mp4,start,852,features_cache/54464.pt,54464
wlasl/videos/69489.mp4,store,858,features_cache/69489.pt,69489
wlasl/videos/54955.mp4,store,858,features_cache/54955.pt,54955
wlasl/videos/54965.mp4,store,858,features_cache/54965.pt,54965
wlasl/videos/54956.mp4,store,858,features_cache/54956.pt,54956
wlasl/videos/54957.mp4,store,858,features_cache/54957.pt,54957
wlasl/videos/54962.mp4,store,858,features_cache/54962.pt,54962
wlasl/videos/55126.mp4,straw,862,features_cache/55126.pt,55126
wlasl/videos/55117.mp4,straw,862,features_cache/55117.pt,55117
wlasl/videos/55119.mp4,straw,862,features_cache/55119.pt,55119
wlasl/videos/55122.mp4,straw,862,features_cache/55122.pt,55122
wlasl/videos/55288.mp4,structure,867,features_cache/55288.pt,55288
wlasl/videos/55290.mp4,structure,867,features_cache/55290.pt,55290
wlasl/videos/55292.mp4,structure,867,features_cache/55292.pt,55292
wlasl/videos/55295.mp4,structure,867,features_cache/55295.pt,55295
wlasl/videos/55670.mp4,suggest,874,features_cache/55670.pt,55670
wlasl/videos/55671.mp4,suggest,874,features_cache/55671.pt,55671
wlasl/videos/55673.mp4,suggest,874,features_cache/55673.pt,55673
wlasl/videos/55675.mp4,suggest,874,features_cache/55675.pt,55675
wlasl/videos/55678.mp4,suggest,874,features_cache/55678.pt,55678
